symbol,open_time,open,high,low,close,volume,close_time,quote_volume,trades_count
DOGEUSDT,1735689600000,0.316,0.3215,0.3156,0.3212,33872037.0,1735693199999,10804983.00803,39777
DOGEUSDT,1735693200000,0.3212,0.32124,0.31809,0.31841,37910211.0,1735696799999,12112266.45728,32930
DOGEUSDT,1735696800000,0.31842,0.32005,0.31816,0.32005,20748638.0,1735700399999,6622936.36334,27408
DOGEUSDT,1735700400000,0.32005,0.32015,0.31857,0.31893,11257867.0,1735703999999,3593048.63315,15419
DOGEUSDT,1735704000000,0.31892,0.31918,0.31616,0.31623,17323478.0,1735707599999,5497582.94347,23664
DOGEUSDT,1735707600000,0.31623,0.31843,0.31618,0.31775,15227755.0,1735711199999,4836953.32571,20699
DOGEUSDT,1735711200000,0.31774,0.31861,0.31665,0.31837,14699571.0,1735714799999,4669320.58,18868
DOGEUSDT,1735714800000,0.31836,0.31843,0.31619,0.31682,27711282.0,1735718399999,8788243.83552,21472
DOGEUSDT,1735718400000,0.31681,0.31726,0.3138,0.31401,26795366.0,1735721999999,8450171.94605,32377
DOGEUSDT,1735722000000,0.31402,0.31481,0.31195,0.31371,36233870.0,1735725599999,11341016.45877,43874
DOGEUSDT,1735725600000,0.31371,0.3154,0.31371,0.31432,16912602.0,1735729199999,5321034.08555,24144
DOGEUSDT,1735729200000,0.31431,0.31739,0.3137,0.31623,42765622.0,1735732799999,13522515.13695,31696
DOGEUSDT,1735732800000,0.31623,0.31876,0.316,0.31774,48475249.0,1735736399999,15395943.50912,36545
DOGEUSDT,1735736400000,0.31774,0.31847,0.3165,0.31802,26441878.0,1735739999999,8397233.49163,30581
DOGEUSDT,1735740000000,0.31801,0.31988,0.31614,0.31812,37738237.0,1735743599999,12004953.54117,43804
DOGEUSDT,1735743600000,0.31812,0.32076,0.31731,0.32041,21699573.0,1735747199999,6923316.83466,33705
DOGEUSDT,1735747200000,0.32041,0.32089,0.31827,0.31943,26481441.0,1735750799999,8455747.20316,41032
DOGEUSDT,1735750800000,0.31943,0.32048,0.31715,0.32008,19313312.0,1735754399999,6155733.4196,30433
DOGEUSDT,1735754400000,0.32009,0.32527,0.31902,0.32463,39929395.0,1735757999999,12885754.09611,48605
DOGEUSDT,1735758000000,0.32462,0.32595,0.32157,0.32494,43100790.0,1735761599999,13958817.32839,52409
DOGEUSDT,1735761600000,0.32494,0.32599,0.32431,0.32537,26389273.0,1735765199999,8579198.81624,36311
DOGEUSDT,1735765200000,0.32537,0.32749,0.32408,0.32703,47618050.0,1735768799999,15521011.16475,41436
DOGEUSDT,1735768800000,0.32703,0.32712,0.32505,0.32619,32031630.0,1735772399999,10439961.18926,23286
DOGEUSDT,1735772400000,0.32618,0.32659,0.32443,0.32513,34760027.0,1735775999999,11307143.45202,29944
DOGEUSDT,1735776000000,0.32513,0.33888,0.3246,0.33387,227889679.0,1735779599999,76042634.62683,205859
DOGEUSDT,1735779600000,0.33387,0.33521,0.33034,0.3319,68125717.0,1735783199999,22653690.60023,72140
DOGEUSDT,1735783200000,0.3319,0.33338,0.33,0.33336,62277521.0,1735786799999,20636171.1639,46496
DOGEUSDT,1735786800000,0.33335,0.33387,0.33106,0.33143,37035382.0,1735790399999,12287989.26049,30754
DOGEUSDT,1735790400000,0.33144,0.33569,0.3314,0.33393,47733994.0,1735793999999,15921757.07069,48238
DOGEUSDT,1735794000000,0.33393,0.33434,0.33099,0.33168,54412923.0,1735797599999,18087002.49517,40846
DOGEUSDT,1735797600000,0.33168,0.33234,0.32937,0.33141,40598240.0,1735801199999,13430056.6701,40516
DOGEUSDT,1735801200000,0.33142,0.3348,0.33067,0.33436,62078599.0,1735804799999,20684927.76715,39775
DOGEUSDT,1735804800000,0.33436,0.337,0.33354,0.33684,62849610.0,1735808399999,21059551.29983,47769
DOGEUSDT,1735808400000,0.33683,0.34088,0.33579,0.34002,111526392.0,1735811999999,37700546.42558,68675
DOGEUSDT,1735812000000,0.34001,0.345,0.33856,0.3444,124158458.0,1735815599999,42517220.24833,113439
DOGEUSDT,1735815600000,0.34441,0.34461,0.34,0.3422,92482172.0,1735819199999,31590856.65176,66331
DOGEUSDT,1735819200000,0.3422,0.3442,0.34052,0.34172,72884699.0,1735822799999,24974117.29543,53302
DOGEUSDT,1735822800000,0.34173,0.3419,0.33783,0.3383,63821829.0,1735826399999,21677179.31931,58643
DOGEUSDT,1735826400000,0.3383,0.34297,0.33551,0.34086,129748227.0,1735829999999,43967490.8825,127607
DOGEUSDT,1735830000000,0.34086,0.34129,0.33585,0.33695,61752220.0,1735833599999,20854592.37936,95618
DOGEUSDT,1735833600000,0.33696,0.34038,0.33379,0.33914,81160678.0,1735837199999,27383516.83598,76034
DOGEUSDT,1735837200000,0.33914,0.34047,0.33501,0.33749,42126171.0,1735840799999,14225108.98755,59824
DOGEUSDT,1735840800000,0.33748,0.33898,0.33622,0.33881,16503550.0,1735844399999,5577551.14741,40527
DOGEUSDT,1735844400000,0.3388,0.34008,0.33816,0.3388,18749882.0,1735847999999,6359547.549,28208
DOGEUSDT,1735848000000,0.33881,0.3404,0.33727,0.33738,22591593.0,1735851599999,7648247.80663,32034
DOGEUSDT,1735851600000,0.33739,0.33781,0.33628,0.33755,19311470.0,1735855199999,6507242.41709,23811
DOGEUSDT,1735855200000,0.33755,0.33891,0.33476,0.33832,20253812.0,1735858799999,6815616.6124,24502
DOGEUSDT,1735858800000,0.33832,0.33977,0.337,0.33893,24601515.0,1735862399999,8323871.76735,25912
DOGEUSDT,1735862400000,0.33894,0.33975,0.33736,0.33777,22530377.0,1735865999999,7625827.75656,28996
DOGEUSDT,1735866000000,0.33777,0.33948,0.33599,0.33947,22756873.0,1735869599999,7679002.22946,34698
DOGEUSDT,1735869600000,0.33948,0.34288,0.33883,0.34029,43769065.0,1735873199999,14934897.44046,47794
DOGEUSDT,1735873200000,0.3403,0.342,0.33923,0.34183,29845861.0,1735876799999,10164340.04007,39254
DOGEUSDT,1735876800000,0.34183,0.34186,0.33858,0.33899,18274630.0,1735880399999,6216064.95974,32121
DOGEUSDT,1735880400000,0.339,0.3396,0.33752,0.33936,30387664.0,1735883999999,10283175.47827,30918
DOGEUSDT,1735884000000,0.33937,0.34208,0.3385,0.3386,44459108.0,1735887599999,15137594.73036,41724
DOGEUSDT,1735887600000,0.33861,0.33887,0.33599,0.33684,41912194.0,1735891199999,14139155.2007,42504
DOGEUSDT,1735891200000,0.33685,0.33886,0.33599,0.33742,29356461.0,1735894799999,9909596.67287,36393
DOGEUSDT,1735894800000,0.33742,0.34107,0.33737,0.34001,33473873.0,1735898399999,11371376.70799,38062
DOGEUSDT,1735898400000,0.34001,0.3413,0.33912,0.33994,30693135.0,1735901999999,10439019.71858,33486
DOGEUSDT,1735902000000,0.33994,0.34968,0.33994,0.34885,125893883.0,1735905599999,43507266.31653,95664
DOGEUSDT,1735905600000,0.34886,0.35287,0.34793,0.35091,181380962.0,1735909199999,63549859.45612,123589
DOGEUSDT,1735909200000,0.35091,0.36553,0.35071,0.36254,320269679.0,1735912799999,115419724.55884,257344
DOGEUSDT,1735912800000,0.36254,0.36527,0.3592,0.36281,124539373.0,1735916399999,45085691.52487,122578
DOGEUSDT,1735916400000,0.36279,0.36913,0.36117,0.36618,189336586.0,1735919999999,69338505.69021,167874
DOGEUSDT,1735920000000,0.36617,0.38149,0.36458,0.37255,248649851.0,1735923599999,93013991.34189,236750
DOGEUSDT,1735923600000,0.37255,0.38035,0.37249,0.37554,133957818.0,1735927199999,50412732.68133,141884
DOGEUSDT,1735927200000,0.37554,0.37979,0.37538,0.37944,63412678.0,1735930799999,23959436.68445,92238
DOGEUSDT,1735930800000,0.37944,0.3829,0.37657,0.37951,80025612.0,1735934399999,30382691.23692,103671
DOGEUSDT,1735934400000,0.3795,0.37988,0.37439,0.37687,67654981.0,1735937999999,25447546.86437,78719
DOGEUSDT,1735938000000,0.37686,0.388,0.37656,0.38655,116710794.0,1735941599999,44762439.30575,138414
DOGEUSDT,1735941600000,0.38655,0.38944,0.38258,0.38328,76441402.0,1735945199999,29466293.80254,91905
DOGEUSDT,1735945200000,0.38327,0.38431,0.37852,0.37989,76397177.0,1735948799999,29105376.62315,75630
DOGEUSDT,1735948800000,0.37989,0.38443,0.37894,0.38037,79434131.0,1735952399999,30305840.30269,106769
DOGEUSDT,1735952400000,0.38037,0.38261,0.37716,0.38052,81704825.0,1735955999999,31063781.97117,99287
DOGEUSDT,1735956000000,0.38051,0.38338,0.37793,0.38318,54585143.0,1735959599999,20796042.66187,78932
DOGEUSDT,1735959600000,0.38318,0.395,0.38315,0.39213,251163876.0,1735963199999,97921351.57402,218454
DOGEUSDT,1735963200000,0.39212,0.39213,0.38443,0.38726,91356255.0,1735966799999,35404495.1274,104617
DOGEUSDT,1735966800000,0.38725,0.39516,0.38725,0.38914,170303096.0,1735970399999,66624140.43753,143320
DOGEUSDT,1735970400000,0.38914,0.39059,0.38595,0.38807,109547971.0,1735973999999,42517647.50705,80478
DOGEUSDT,1735974000000,0.38808,0.39096,0.38682,0.38796,55789647.0,1735977599999,21700504.46719,61915
DOGEUSDT,1735977600000,0.38795,0.38806,0.383,0.38404,75840431.0,1735981199999,29202744.70998,80869
DOGEUSDT,1735981200000,0.38403,0.38843,0.38387,0.38826,37076279.0,1735984799999,14324107.16682,47322
DOGEUSDT,1735984800000,0.38827,0.39,0.3854,0.38859,49326386.0,1735988399999,19131411.42038,62708
DOGEUSDT,1735988400000,0.38859,0.39178,0.38795,0.39167,38428200.0,1735991999999,14965691.34648,52198
DOGEUSDT,1735992000000,0.39167,0.39171,0.38744,0.3891,45024896.0,1735995599999,17526241.08083,63813
DOGEUSDT,1735995600000,0.38911,0.3945,0.38811,0.39376,64279767.0,1735999199999,25179353.56087,83039
DOGEUSDT,1735999200000,0.39377,0.39488,0.39075,0.39219,54019534.0,1736002799999,21200101.72525,75179
DOGEUSDT,1736002800000,0.3922,0.3922,0.37642,0.37938,173080502.0,1736006399999,66159243.77137,202044
DOGEUSDT,1736006400000,0.37939,0.38315,0.37896,0.38199,76341588.0,1736009999999,29102646.53316,96208
DOGEUSDT,1736010000000,0.38199,0.38521,0.38124,0.38477,37190128.0,1736013599999,14248203.60415,58630
DOGEUSDT,1736013600000,0.38478,0.38522,0.38169,0.38245,28077985.0,1736017199999,10768266.43953,43347
DOGEUSDT,1736017200000,0.38246,0.38467,0.38246,0.38405,13905816.0,1736020799999,5334739.84445,31903
DOGEUSDT,1736020800000,0.38404,0.38825,0.38331,0.38711,30714111.0,1736024399999,11861529.95547,48261
DOGEUSDT,1736024400000,0.38712,0.39293,0.38684,0.39086,63427189.0,1736027999999,24773949.03703,84860
DOGEUSDT,1736028000000,0.39087,0.39876,0.38916,0.39626,99107016.0,1736031599999,39160071.16672,102353
DOGEUSDT,1736031600000,0.39627,0.39642,0.39252,0.39483,78052495.0,1736035199999,30736628.46318,71874
DOGEUSDT,1736035200000,0.39482,0.39788,0.39194,0.39229,54990420.0,1736038799999,21675930.93292,87938
DOGEUSDT,1736038800000,0.39229,0.39406,0.38897,0.39136,66498443.0,1736042399999,26018437.23043,78968
DOGEUSDT,1736042400000,0.39135,0.39286,0.38934,0.39007,40146121.0,1736045999999,15694503.64144,54698
DOGEUSDT,1736046000000,0.39007,0.39035,0.38783,0.38873,32461541.0,1736049599999,12625822.30484,53306
DOGEUSDT,1736049600000,0.38872,0.39216,0.38814,0.3916,39743754.0,1736053199999,15515495.70609,58371
DOGEUSDT,1736053200000,0.39159,0.39186,0.38889,0.3895,24368776.0,1736056799999,9504431.56765,42446
DOGEUSDT,1736056800000,0.38951,0.39194,0.388,0.39004,36969029.0,1736060399999,14424815.29489,52089
DOGEUSDT,1736060400000,0.39004,0.3912,0.38869,0.38977,24177631.0,1736063999999,9425990.62314,40964
DOGEUSDT,1736064000000,0.38978,0.38981,0.38224,0.38627,75366290.0,1736067599999,29048880.70118,96572
DOGEUSDT,1736067600000,0.38626,0.38685,0.3824,0.38294,57651673.0,1736071199999,22180507.09669,56059
DOGEUSDT,1736071200000,0.38294,0.38406,0.38119,0.3833,57103531.0,1736074799999,21856693.17067,63319
DOGEUSDT,1736074800000,0.38331,0.38571,0.38208,0.38226,41858089.0,1736078399999,16059451.77075,47650
DOGEUSDT,1736078400000,0.38226,0.38308,0.38016,0.38124,42944184.0,1736081999999,16397967.3037,57226
DOGEUSDT,1736082000000,0.38124,0.38345,0.37877,0.3792,55116879.0,1736085599999,21011522.51143,55864
DOGEUSDT,1736085600000,0.3792,0.38317,0.37516,0.38187,112622460.0,1736089199999,42667056.20131,115972
DOGEUSDT,1736089200000,0.38186,0.38555,0.38063,0.38364,70545492.0,1736092799999,27007367.17017,69905
DOGEUSDT,1736092800000,0.38364,0.385,0.38146,0.38268,32388027.0,1736096399999,12406058.10143,49647
DOGEUSDT,1736096400000,0.38268,0.3835,0.38009,0.381,23424441.0,1736099999999,8939866.07081,35893
DOGEUSDT,1736100000000,0.38099,0.38226,0.37801,0.38207,32936453.0,1736103599999,12517217.07791,51655
DOGEUSDT,1736103600000,0.38206,0.38336,0.38123,0.38212,19412973.0,1736107199999,7421773.19986,27303
DOGEUSDT,1736107200000,0.38212,0.38412,0.38059,0.3813,29089698.0,1736110799999,11120274.89061,37658
DOGEUSDT,1736110800000,0.3813,0.38347,0.38123,0.38235,20078097.0,1736114399999,7676519.76639,27193
DOGEUSDT,1736114400000,0.38236,0.38433,0.38101,0.38352,21340308.0,1736117999999,8163155.65713,25438
DOGEUSDT,1736118000000,0.38352,0.38506,0.38111,0.3823,47556556.0,1736121599999,18229344.49946,48632
DOGEUSDT,1736121600000,0.38231,0.38326,0.37862,0.37885,47248901.0,1736125199999,17998645.85665,67903
DOGEUSDT,1736125200000,0.37886,0.38442,0.376,0.38298,51851422.0,1736128799999,19663950.9307,83872
DOGEUSDT,1736128800000,0.38297,0.38966,0.3823,0.38515,89238362.0,1736132399999,34530596.73159,120433
DOGEUSDT,1736132400000,0.38514,0.38776,0.38386,0.38595,30021830.0,1736135999999,11586175.72623,50640
DOGEUSDT,1736136000000,0.38595,0.38801,0.38585,0.38777,22728726.0,1736139599999,8795436.532,40737
DOGEUSDT,1736139600000,0.38778,0.38872,0.3863,0.38678,44334797.0,1736143199999,17188056.5079,41089
DOGEUSDT,1736143200000,0.38678,0.38793,0.38318,0.38417,48134387.0,1736146799999,18565742.58915,51386
DOGEUSDT,1736146800000,0.38417,0.38505,0.37973,0.38321,55921665.0,1736150399999,21370937.3025,75197
DOGEUSDT,1736150400000,0.38321,0.3849,0.38128,0.38263,42256667.0,1736153999999,16199262.71169,58394
DOGEUSDT,1736154000000,0.38263,0.38566,0.38263,0.38564,35859284.0,1736157599999,13764503.17181,47343
DOGEUSDT,1736157600000,0.38564,0.38695,0.38384,0.38529,43448691.0,1736161199999,16747153.49054,55308
DOGEUSDT,1736161200000,0.38529,0.38846,0.38449,0.38677,38823587.0,1736164799999,15015245.25431,50219
DOGEUSDT,1736164800000,0.38677,0.3879,0.38478,0.38499,26634897.0,1736168399999,10301482.36176,38131
DOGEUSDT,1736168400000,0.385,0.38676,0.38246,0.3861,41399664.0,1736171999999,15932618.24494,52009
DOGEUSDT,1736172000000,0.38609,0.3932,0.38196,0.39048,110466209.0,1736175599999,42898997.42603,145959
DOGEUSDT,1736175600000,0.39048,0.39212,0.38806,0.38959,103325813.0,1736179199999,40331616.23687,134213
DOGEUSDT,1736179200000,0.3896,0.39555,0.3865,0.38989,123125700.0,1736182799999,48216280.11403,127527
DOGEUSDT,1736182800000,0.38989,0.38989,0.38413,0.38772,50656310.0,1736186399999,19597957.54705,80670
DOGEUSDT,1736186400000,0.38772,0.3906,0.38621,0.38901,20670686.0,1736189999999,8030786.27604,50411
DOGEUSDT,1736190000000,0.38901,0.39106,0.38828,0.389,18364262.0,1736193599999,7158757.04508,37342
DOGEUSDT,1736193600000,0.389,0.3908,0.3874,0.38864,22337030.0,1736197199999,8690827.59789,36463
DOGEUSDT,1736197200000,0.38863,0.38941,0.38593,0.3866,18213519.0,1736200799999,7059654.85241,37308
DOGEUSDT,1736200800000,0.3866,0.38894,0.38621,0.3878,19561546.0,1736204399999,7584641.57685,24593
DOGEUSDT,1736204400000,0.38779,0.38808,0.38525,0.38782,17209321.0,1736207999999,6653413.70179,36334
DOGEUSDT,1736208000000,0.38782,0.3913,0.38596,0.38868,30556189.0,1736211599999,11891896.21093,62023
DOGEUSDT,1736211600000,0.38869,0.39627,0.38646,0.39581,98591322.0,1736215199999,38623657.78393,101792
DOGEUSDT,1736215200000,0.39581,0.39831,0.39101,0.39129,81401448.0,1736218799999,32101566.85479,103629
DOGEUSDT,1736218800000,0.3913,0.39268,0.38951,0.39181,33599575.0,1736222399999,13135530.95044,56623
DOGEUSDT,1736222400000,0.39181,0.39349,0.39076,0.39086,33262510.0,1736225999999,13038304.92475,41395
DOGEUSDT,1736226000000,0.39087,0.39195,0.38906,0.39048,36215104.0,1736229599999,14132247.02021,40491
DOGEUSDT,1736229600000,0.39047,0.39256,0.38934,0.39059,29453269.0,1736233199999,11514314.02079,37982
DOGEUSDT,1736233200000,0.39058,0.39266,0.39025,0.39168,25380945.0,1736236799999,9941713.16947,41711
DOGEUSDT,1736236800000,0.39169,0.3972,0.39163,0.3964,65708725.0,1736240399999,25951801.23107,73203
DOGEUSDT,1736240400000,0.3964,0.39695,0.39327,0.39358,71947357.0,1736243999999,28399532.92513,71536
DOGEUSDT,1736244000000,0.39358,0.3936,0.39133,0.39148,50029509.0,1736247599999,19618906.61472,53466
DOGEUSDT,1736247600000,0.39148,0.39288,0.38222,0.38512,118015873.0,1736251199999,45643127.27966,111067
DOGEUSDT,1736251200000,0.38512,0.3865,0.38354,0.38606,67971169.0,1736254799999,26191859.82595,59321
DOGEUSDT,1736254800000,0.38607,0.38808,0.3856,0.38655,30866869.0,1736258399999,11938560.92815,45311
DOGEUSDT,1736258400000,0.38656,0.38789,0.37585,0.38019,111040215.0,1736261999999,42564584.3873,124298
DOGEUSDT,1736262000000,0.38017,0.38095,0.35684,0.36398,625773736.0,1736265599999,230031531.05397,734964
DOGEUSDT,1736265600000,0.36399,0.36938,0.36103,0.36651,162343554.0,1736269199999,59420046.95513,196265
DOGEUSDT,1736269200000,0.36651,0.36744,0.35803,0.3631,165926941.0,1736272799999,60143548.32889,161597
DOGEUSDT,1736272800000,0.36309,0.36508,0.35167,0.35566,152406813.0,1736276399999,54453948.78561,174412
DOGEUSDT,1736276400000,0.35566,0.3575,0.3507,0.35397,117005938.0,1736279999999,41427941.28245,146606
DOGEUSDT,1736280000000,0.35398,0.35576,0.34713,0.35237,153572989.0,1736283599999,54014843.65031,177866
DOGEUSDT,1736283600000,0.35236,0.35518,0.34772,0.34843,130939970.0,1736287199999,45985312.73072,126337
DOGEUSDT,1736287200000,0.34843,0.35276,0.34744,0.35238,79381186.0,1736290799999,27880173.4671,75351
DOGEUSDT,1736290800000,0.35238,0.35238,0.34772,0.348,68020565.0,1736294399999,23792573.99284,79432
DOGEUSDT,1736294400000,0.348,0.35382,0.34784,0.3536,82306488.0,1736297999999,28945329.02234,99678
DOGEUSDT,1736298000000,0.3536,0.3536,0.34582,0.34986,80656763.0,1736301599999,28164196.49674,88209
DOGEUSDT,1736301600000,0.34986,0.35283,0.34859,0.34911,65006023.0,1736305199999,22806046.48585,71719
DOGEUSDT,1736305200000,0.3491,0.35478,0.34512,0.35441,98088098.0,1736308799999,34329147.21127,152546
DOGEUSDT,1736308800000,0.35441,0.35558,0.34912,0.34979,73754855.0,1736312399999,25956507.95407,104034
DOGEUSDT,1736312400000,0.3498,0.353,0.34813,0.34898,55291430.0,1736315999999,19369447.89543,91590
DOGEUSDT,1736316000000,0.34898,0.35068,0.34048,0.34086,141310448.0,1736319599999,48731924.45296,161930
DOGEUSDT,1736319600000,0.34086,0.34581,0.33899,0.34442,121303027.0,1736323199999,41531161.74426,132275
DOGEUSDT,1736323200000,0.34443,0.35232,0.3444,0.34975,83065890.0,1736326799999,29034115.38561,94666
DOGEUSDT,1736326800000,0.34974,0.35166,0.34576,0.34581,51468801.0,1736330399999,17980189.6554,62289
DOGEUSDT,1736330400000,0.3458,0.35014,0.34573,0.34922,35936844.0,1736333999999,12517106.60088,52861
DOGEUSDT,1736334000000,0.34922,0.35027,0.34414,0.34671,59268545.0,1736337599999,20556885.81981,97086
DOGEUSDT,1736337600000,0.34671,0.3485,0.34164,0.34179,69884192.0,1736341199999,24108586.88346,110742
DOGEUSDT,1736341200000,0.34178,0.34983,0.34178,0.3464,86985383.0,1736344799999,30211912.67886,132493
DOGEUSDT,1736344800000,0.3464,0.35355,0.34517,0.34828,78058939.0,1736348399999,27229085.226,172190
DOGEUSDT,1736348400000,0.34827,0.35244,0.34315,0.3464,79041823.0,1736351999999,27410920.32271,153901
DOGEUSDT,1736352000000,0.34639,0.34645,0.33755,0.33867,104900561.0,1736355599999,35874808.90203,143906
DOGEUSDT,1736355600000,0.33866,0.33957,0.32444,0.33419,386166322.0,1736359199999,128196724.84293,457474
DOGEUSDT,1736359200000,0.33418,0.34338,0.33333,0.33615,122598371.0,1736362799999,41442063.74451,191938
DOGEUSDT,1736362800000,0.33615,0.33977,0.33423,0.33565,77661564.0,1736366399999,26191384.81563,144711
DOGEUSDT,1736366400000,0.33565,0.33758,0.33322,0.33625,40958288.0,1736369999999,13746285.07966,72626
DOGEUSDT,1736370000000,0.33625,0.33726,0.33311,0.33641,44876925.0,1736373599999,15048296.45607,82088
DOGEUSDT,1736373600000,0.3364,0.34499,0.33638,0.34399,62583410.0,1736377199999,21371861.16719,74758
DOGEUSDT,1736377200000,0.344,0.34405,0.34118,0.3423,25553209.0,1736380799999,8752281.80947,35226
DOGEUSDT,1736380800000,0.3423,0.34416,0.34065,0.34408,41126533.0,1736384399999,14069152.73913,63094
DOGEUSDT,1736384400000,0.34407,0.34686,0.34244,0.34263,58467122.0,1736387999999,20168664.94969,70990
DOGEUSDT,1736388000000,0.34263,0.34349,0.33722,0.34182,68595907.0,1736391599999,23339515.54602,113067
DOGEUSDT,1736391600000,0.34183,0.34211,0.33784,0.33823,22550252.0,1736395199999,7655671.67618,50572
DOGEUSDT,1736395200000,0.33823,0.3407,0.33762,0.34021,29539740.0,1736398799999,10010343.91382,59880
DOGEUSDT,1736398800000,0.34021,0.34055,0.33829,0.3386,28084646.0,1736402399999,9530791.52748,40934
DOGEUSDT,1736402400000,0.33859,0.33984,0.33658,0.33681,28021952.0,1736405999999,9475585.24383,49083
DOGEUSDT,1736406000000,0.33681,0.33794,0.33032,0.33176,96019646.0,1736409599999,31960748.63774,117668
DOGEUSDT,1736409600000,0.33175,0.33557,0.33081,0.33348,72862623.0,1736413199999,24265353.5988,92622
DOGEUSDT,1736413200000,0.33348,0.33527,0.33305,0.33392,30834704.0,1736416799999,10314071.63611,49732
DOGEUSDT,1736416800000,0.33393,0.33439,0.32575,0.33033,118701225.0,1736420399999,39058903.8112,150250
DOGEUSDT,1736420400000,0.33032,0.33396,0.32865,0.33019,58358866.0,1736423999999,19319945.86729,93394
DOGEUSDT,1736424000000,0.3302,0.33226,0.32821,0.32908,42673461.0,1736427599999,14088696.52046,94990
DOGEUSDT,1736427600000,0.32907,0.33045,0.31804,0.31892,181481868.0,1736431199999,58690584.28375,207127
DOGEUSDT,1736431200000,0.31891,0.3245,0.31755,0.3222,205400777.0,1736434799999,65807718.96634,206734
DOGEUSDT,1736434800000,0.3222,0.33579,0.32037,0.33311,174722276.0,1736438399999,57505296.20588,218236
DOGEUSDT,1736438400000,0.33312,0.3352,0.32792,0.33032,92486761.0,1736441999999,30671309.92697,150150
DOGEUSDT,1736442000000,0.33032,0.33083,0.31828,0.32059,121103602.0,1736445599999,39175207.14933,152797
DOGEUSDT,1736445600000,0.32059,0.32468,0.3198,0.32288,67972652.0,1736449199999,21900491.3717,114581
DOGEUSDT,1736449200000,0.32288,0.3235,0.31572,0.31683,85550407.0,1736452799999,27288194.04479,118199
DOGEUSDT,1736452800000,0.31684,0.31973,0.3143,0.31773,105428272.0,1736456399999,33378555.05155,165363
DOGEUSDT,1736456400000,0.31773,0.32056,0.31622,0.31757,67227567.0,1736459999999,21383811.61719,93794
DOGEUSDT,1736460000000,0.31757,0.32361,0.31704,0.32142,39658567.0,1736463599999,12703766.94588,63614
DOGEUSDT,1736463600000,0.32142,0.32213,0.31968,0.321,23874477.0,1736467199999,7664267.54224,49259
DOGEUSDT,1736467200000,0.32099,0.3245,0.32091,0.32349,34372321.0,1736470799999,11102571.97717,69149
DOGEUSDT,1736470800000,0.3235,0.32477,0.32166,0.3242,29647010.0,1736474399999,9585691.72369,54869
DOGEUSDT,1736474400000,0.32421,0.32766,0.32365,0.32587,44333493.0,1736477999999,14447372.80962,69402
DOGEUSDT,1736478000000,0.32587,0.32839,0.32571,0.32768,38644825.0,1736481599999,12635469.2939,54130
DOGEUSDT,1736481600000,0.32768,0.32946,0.32647,0.32739,36939303.0,1736485199999,12102984.20084,54523
DOGEUSDT,1736485200000,0.32739,0.33181,0.32556,0.32932,49763331.0,1736488799999,16379167.50759,65246
DOGEUSDT,1736488800000,0.32931,0.33325,0.32873,0.33314,54417114.0,1736492399999,17982805.18307,65194
DOGEUSDT,1736492400000,0.33314,0.33952,0.33144,0.33559,99688063.0,1736495999999,33439611.41408,110887
DOGEUSDT,1736496000000,0.33558,0.33805,0.33501,0.33633,52288841.0,1736499599999,17602358.09168,73480
DOGEUSDT,1736499600000,0.33632,0.33774,0.33488,0.3362,31672343.0,1736503199999,10649521.3723,53766
DOGEUSDT,1736503200000,0.3362,0.33839,0.33444,0.33784,48741441.0,1736506799999,16380116.19349,54074
DOGEUSDT,1736506800000,0.33783,0.33805,0.33467,0.33614,37075799.0,1736510399999,12465435.15897,49458
DOGEUSDT,1736510400000,0.33615,0.33669,0.33267,0.33546,38474812.0,1736513999999,12856194.8715,53848
DOGEUSDT,1736514000000,0.33546,0.33594,0.32177,0.32647,269828221.0,1736517599999,88344105.4541,285377
DOGEUSDT,1736517600000,0.32646,0.33368,0.32533,0.32876,135908728.0,1736521199999,44726975.66085,202823
DOGEUSDT,1736521200000,0.32876,0.33207,0.32235,0.32839,124445475.0,1736524799999,40639306.7233,187479
DOGEUSDT,1736524800000,0.32839,0.32925,0.32421,0.32605,58251353.0,1736528399999,19033582.06573,113881
DOGEUSDT,1736528400000,0.32605,0.33983,0.32498,0.338,88019047.0,1736531999999,29336568.5641,130739
DOGEUSDT,1736532000000,0.33799,0.33847,0.33272,0.33373,100244364.0,1736535599999,33681096.66009,108009
DOGEUSDT,1736535600000,0.33374,0.33567,0.33131,0.33519,28521778.0,1736539199999,9523911.20344,53013
DOGEUSDT,1736539200000,0.33518,0.33558,0.33158,0.33318,33928295.0,1736542799999,11307184.27842,45137
DOGEUSDT,1736542800000,0.33318,0.33442,0.33222,0.33246,13858380.0,1736546399999,4619492.71928,27529
DOGEUSDT,1736546400000,0.33247,0.3355,0.33146,0.33448,23707490.0,1736549999999,7905300.16753,25751
DOGEUSDT,1736550000000,0.33448,0.33535,0.33341,0.33388,15866347.0,1736553599999,5304589.50529,28683
DOGEUSDT,1736553600000,0.33388,0.3345,0.3318,0.33439,22785360.0,1736557199999,7591217.52581,40149
DOGEUSDT,1736557200000,0.33439,0.3352,0.33231,0.33333,16129877.0,1736560799999,5383752.88214,32692
DOGEUSDT,1736560800000,0.33332,0.3347,0.33226,0.33387,11897807.0,1736564399999,3967845.0876,25514
DOGEUSDT,1736564400000,0.33387,0.33392,0.33091,0.33204,17967981.0,1736567999999,5966628.22193,28639
DOGEUSDT,1736568000000,0.33205,0.33285,0.32956,0.33094,20301041.0,1736571599999,6714135.94683,28954
DOGEUSDT,1736571600000,0.33093,0.33291,0.3301,0.33274,17641648.0,1736575199999,5848483.5438,26937
DOGEUSDT,1736575200000,0.33275,0.33423,0.33176,0.33176,15256932.0,1736578799999,5080355.64598,27572
DOGEUSDT,1736578800000,0.33176,0.33275,0.33066,0.33185,14275146.0,1736582399999,4734157.89388,26482
DOGEUSDT,1736582400000,0.33185,0.33317,0.33047,0.33144,16724520.0,1736585999999,5549513.14499,24197
DOGEUSDT,1736586000000,0.33144,0.33416,0.33139,0.33414,20589095.0,1736589599999,6853573.6073,27806
DOGEUSDT,1736589600000,0.33414,0.33685,0.33353,0.33641,29674829.0,1736593199999,9940788.43288,41896
DOGEUSDT,1736593200000,0.33641,0.33968,0.33559,0.33776,50558849.0,1736596799999,17087639.92483,62268
DOGEUSDT,1736596800000,0.33775,0.3385,0.3367,0.33708,21815049.0,1736600399999,7363438.27437,38202
DOGEUSDT,1736600400000,0.33708,0.33754,0.33411,0.33534,22923651.0,1736603999999,7694804.59762,31871
DOGEUSDT,1736604000000,0.33534,0.33719,0.33394,0.33671,20344591.0,1736607599999,6826635.92416,32867
DOGEUSDT,1736607600000,0.33671,0.33716,0.3342,0.33479,14904428.0,1736611199999,4999204.2856,30969
DOGEUSDT,1736611200000,0.33478,0.33699,0.33283,0.33623,27561228.0,1736614799999,9231498.1577,43828
DOGEUSDT,1736614800000,0.33623,0.33635,0.3336,0.33522,24298374.0,1736618399999,8134480.10965,38730
DOGEUSDT,1736618400000,0.33522,0.33662,0.33453,0.33642,13757658.0,1736621999999,4616513.06099,29615
DOGEUSDT,1736622000000,0.33641,0.33864,0.33573,0.33842,18273614.0,1736625599999,6161732.93558,34280
DOGEUSDT,1736625600000,0.33842,0.34375,0.33755,0.34335,47922732.0,1736629199999,16326867.15363,65193
DOGEUSDT,1736629200000,0.34336,0.34817,0.34303,0.34793,61171168.0,1736632799999,21143574.68907,87345
DOGEUSDT,1736632800000,0.34793,0.34812,0.34026,0.34115,49460863.0,1736636399999,17005502.41614,51317
DOGEUSDT,1736636400000,0.34114,0.343,0.34058,0.3412,28484410.0,1736639999999,9735944.05076,41787
DOGEUSDT,1736640000000,0.3412,0.34152,0.33834,0.33864,27785285.0,1736643599999,9436150.72784,45528
DOGEUSDT,1736643600000,0.33864,0.34093,0.33753,0.34091,28616994.0,1736647199999,9710187.64281,36474
DOGEUSDT,1736647200000,0.34091,0.34115,0.339,0.34066,18255000.0,1736650799999,6205862.39796,23019
DOGEUSDT,1736650800000,0.34065,0.34101,0.33851,0.34082,29428448.0,1736654399999,9992610.42106,36262
DOGEUSDT,1736654400000,0.34082,0.34355,0.34044,0.34213,30082113.0,1736657999999,10282687.38924,30685
DOGEUSDT,1736658000000,0.34213,0.34286,0.34104,0.34141,21838292.0,1736661599999,7470161.78787,24238
DOGEUSDT,1736661600000,0.34141,0.34192,0.33913,0.33938,38106144.0,1736665199999,12969766.7337,30085
DOGEUSDT,1736665200000,0.33938,0.34096,0.338,0.34007,24226590.0,1736668799999,8223273.66605,30031
DOGEUSDT,1736668800000,0.34007,0.34064,0.3361,0.33686,26686696.0,1736672399999,9014994.43048,39610
DOGEUSDT,1736672400000,0.33687,0.33762,0.33427,0.33566,34505932.0,1736675999999,11586853.63926,44146
DOGEUSDT,1736676000000,0.33566,0.33663,0.3342,0.33578,24272699.0,1736679599999,8143549.79098,33131
DOGEUSDT,1736679600000,0.33578,0.33766,0.33537,0.33619,19095918.0,1736683199999,6426750.16227,28753
DOGEUSDT,1736683200000,0.33619,0.33879,0.33516,0.3362,29538265.0,1736686799999,9952204.51686,39492
DOGEUSDT,1736686800000,0.33619,0.33864,0.33558,0.33775,29679351.0,1736690399999,10018341.72858,38627
DOGEUSDT,1736690400000,0.33776,0.33985,0.3375,0.33829,25652934.0,1736693999999,8690848.93897,39906
DOGEUSDT,1736694000000,0.3383,0.34245,0.33767,0.34045,69891882.0,1736697599999,23793044.45383,63422
DOGEUSDT,1736697600000,0.34045,0.34118,0.33805,0.34025,23267005.0,1736701199999,7896711.11723,41576
DOGEUSDT,1736701200000,0.34026,0.34131,0.33888,0.34061,14981910.0,1736704799999,5099050.34502,31703
DOGEUSDT,1736704800000,0.34061,0.34199,0.33813,0.339,24823528.0,1736708399999,8433364.13209,28538
DOGEUSDT,1736708400000,0.339,0.34021,0.33822,0.33962,15683995.0,1736711999999,5319579.78699,28476
DOGEUSDT,1736712000000,0.33962,0.34075,0.33756,0.33843,12267518.0,1736715599999,4156671.34861,25238
DOGEUSDT,1736715600000,0.33843,0.33899,0.33523,0.33559,24283977.0,1736719199999,8171996.22434,38408
DOGEUSDT,1736719200000,0.33558,0.33568,0.33168,0.33361,37399881.0,1736722799999,12464420.93174,44606
DOGEUSDT,1736722800000,0.33362,0.33636,0.3335,0.33591,18195202.0,1736726399999,6090172.02778,32705
DOGEUSDT,1736726400000,0.33591,0.34628,0.3354,0.34147,88119939.0,1736729999999,30239762.03942,133859
DOGEUSDT,1736730000000,0.34146,0.34229,0.33493,0.33588,38171863.0,1736733599999,12935668.76655,92154
DOGEUSDT,1736733600000,0.33587,0.33656,0.33144,0.33359,50176939.0,1736737199999,16750783.16893,70365
DOGEUSDT,1736737200000,0.33359,0.33516,0.33061,0.33216,40341054.0,1736740799999,13429237.98776,85131
DOGEUSDT,1736740800000,0.33216,0.33592,0.33147,0.33297,25028261.0,1736744399999,8354541.62993,49624
DOGEUSDT,1736744400000,0.33297,0.33333,0.32777,0.32965,54099018.0,1736747999999,17863045.35201,67454
DOGEUSDT,1736748000000,0.32966,0.33129,0.3255,0.32691,62846597.0,1736751599999,20618126.86708,87763
DOGEUSDT,1736751600000,0.32691,0.32975,0.32575,0.32843,27485755.0,1736755199999,9011846.28578,55611
DOGEUSDT,1736755200000,0.32843,0.32866,0.32318,0.32531,60864142.0,1736758799999,19808870.12407,88818
DOGEUSDT,1736758800000,0.32531,0.32655,0.32207,0.32419,107526386.0,1736762399999,34853473.50621,161353
DOGEUSDT,1736762400000,0.32419,0.32451,0.31919,0.32026,112853125.0,1736765999999,36285071.28048,154998
DOGEUSDT,1736766000000,0.32026,0.3215,0.31502,0.31529,131696143.0,1736769599999,41941295.04282,131822
DOGEUSDT,1736769600000,0.31529,0.31956,0.31488,0.31689,110161463.0,1736773199999,34920163.14175,146720
DOGEUSDT,1736773200000,0.3169,0.32286,0.316,0.31894,80180519.0,1736776799999,25665723.43853,117344
DOGEUSDT,1736776800000,0.31894,0.32749,0.30969,0.32203,257731934.0,1736780399999,82013029.51804,326430
DOGEUSDT,1736780400000,0.32203,0.32799,0.32076,0.32463,130744860.0,1736783999999,42483981.57733,177601
DOGEUSDT,1736784000000,0.32463,0.32857,0.32084,0.3211,81187042.0,1736787599999,26346433.41547,127411
DOGEUSDT,1736787600000,0.32111,0.32531,0.31965,0.32101,39429345.0,1736791199999,12688922.71799,95090
DOGEUSDT,1736791200000,0.321,0.32391,0.3186,0.32198,42377300.0,1736794799999,13615444.22983,92786
DOGEUSDT,1736794800000,0.32198,0.32659,0.32132,0.3253,44092726.0,1736798399999,14285883.83729,87784
DOGEUSDT,1736798400000,0.3253,0.33446,0.324,0.3336,56620702.0,1736801999999,18679615.08605,101861
DOGEUSDT,1736802000000,0.33361,0.336,0.3325,0.33582,57557132.0,1736805599999,19238646.74237,94599
DOGEUSDT,1736805600000,0.33582,0.33795,0.33472,0.33758,47072075.0,1736809199999,15832522.0507,52309
DOGEUSDT,1736809200000,0.33758,0.33905,0.33641,0.33807,36257155.0,1736812799999,12249700.09844,43167
DOGEUSDT,1736812800000,0.33808,0.34102,0.33585,0.34035,100076659.0,1736816399999,33870272.49761,84389
DOGEUSDT,1736816400000,0.34036,0.34542,0.34017,0.3411,108510853.0,1736819999999,37237400.42703,99771
DOGEUSDT,1736820000000,0.34109,0.3438,0.33935,0.34227,85383896.0,1736823599999,29210498.0043,82835
DOGEUSDT,1736823600000,0.34227,0.345,0.34168,0.34367,61626882.0,1736827199999,21199866.63616,77721
DOGEUSDT,1736827200000,0.34368,0.3447,0.34216,0.34366,50273978.0,1736830799999,17272255.93874,60808
DOGEUSDT,1736830800000,0.34366,0.34628,0.34203,0.34226,64586936.0,1736834399999,22243950.1688,54734
DOGEUSDT,1736834400000,0.34227,0.34451,0.34143,0.34451,44002353.0,1736837999999,15090268.45489,43036
DOGEUSDT,1736838000000,0.3445,0.3452,0.34259,0.34275,37208613.0,1736841599999,12791683.25603,39645
DOGEUSDT,1736841600000,0.34275,0.34586,0.34274,0.34428,63541422.0,1736845199999,21907370.67196,51303
DOGEUSDT,1736845200000,0.34429,0.35565,0.34405,0.35428,168835001.0,1736848799999,59327649.02121,146558
DOGEUSDT,1736848800000,0.35428,0.3544,0.34935,0.35188,83713552.0,1736852399999,29435764.25024,88926
DOGEUSDT,1736852400000,0.35188,0.35256,0.34781,0.34897,51684948.0,1736855999999,18079099.45613,53807
DOGEUSDT,1736856000000,0.34897,0.34998,0.345,0.34676,73076468.0,1736859599999,25356560.61131,59692
DOGEUSDT,1736859600000,0.34677,0.35359,0.34579,0.35012,104895041.0,1736863199999,36757645.02369,135418
DOGEUSDT,1736863200000,0.35017,0.35455,0.34882,0.3508,67496162.0,1736866799999,23732491.2299,109190
DOGEUSDT,1736866800000,0.35081,0.35396,0.35031,0.35299,55184941.0,1736870399999,19446416.05374,90728
DOGEUSDT,1736870400000,0.35299,0.35304,0.34872,0.3507,80004614.0,1736873999999,28059323.85511,106898
DOGEUSDT,1736874000000,0.35069,0.35745,0.34982,0.35678,81689323.0,1736877599999,28944946.61959,105774
DOGEUSDT,1736877600000,0.35677,0.3622,0.35533,0.35932,77144171.0,1736881199999,27691562.94446,117304
DOGEUSDT,1736881200000,0.35933,0.35942,0.35422,0.35445,36855320.0,1736884799999,13150092.80212,75082
DOGEUSDT,1736884800000,0.35446,0.35678,0.3518,0.3565,43346434.0,1736888399999,15339380.125,74181
DOGEUSDT,1736888400000,0.3565,0.35814,0.35534,0.35692,28535266.0,1736891999999,10170322.0539,47126
DOGEUSDT,1736892000000,0.35693,0.35949,0.35602,0.35813,28897257.0,1736895599999,10343567.56901,30595
DOGEUSDT,1736895600000,0.35813,0.35845,0.35563,0.35591,32711960.0,1736899199999,11675554.18824,39215
DOGEUSDT,1736899200000,0.35591,0.35931,0.35443,0.35912,67349624.0,1736902799999,24094190.73563,73091
DOGEUSDT,1736902800000,0.35912,0.3624,0.35734,0.3605,86054200.0,1736906399999,30991495.89153,116856
DOGEUSDT,1736906400000,0.36049,0.36416,0.35922,0.36075,71245176.0,1736909999999,25780179.99448,107368
DOGEUSDT,1736910000000,0.36075,0.36357,0.35994,0.36316,46320698.0,1736913599999,16753703.9456,79208
DOGEUSDT,1736913600000,0.36316,0.36536,0.36119,0.36191,53798799.0,1736917199999,19541466.27041,86115
DOGEUSDT,1736917200000,0.3619,0.36194,0.35833,0.36094,52038473.0,1736920799999,18734983.86174,60040
DOGEUSDT,1736920800000,0.36094,0.36158,0.35859,0.36067,41706129.0,1736924399999,15017649.41263,48776
DOGEUSDT,1736924400000,0.36066,0.36353,0.35945,0.361,42719441.0,1736927999999,15435770.04383,54454
DOGEUSDT,1736928000000,0.36101,0.36272,0.35954,0.35975,38268435.0,1736931599999,13827962.28256,46068
DOGEUSDT,1736931600000,0.35975,0.36078,0.35205,0.35313,103047799.0,1736935199999,36682674.4408,104181
DOGEUSDT,1736935200000,0.35312,0.35627,0.35309,0.35425,48981608.0,1736938799999,17376206.78539,50369
DOGEUSDT,1736938800000,0.35424,0.35457,0.34884,0.35201,90953257.0,1736942399999,31921585.92166,101716
DOGEUSDT,1736942400000,0.352,0.35305,0.3483,0.35138,45476691.0,1736945999999,15944060.024,70490
DOGEUSDT,1736946000000,0.35138,0.36993,0.35135,0.36749,322638495.0,1736949599999,117484070.64974,386253
DOGEUSDT,1736949600000,0.36748,0.36888,0.36227,0.36767,184814918.0,1736953199999,67577460.54831,210159
DOGEUSDT,1736953200000,0.36767,0.37808,0.36643,0.37108,196937786.0,1736956799999,73348598.67771,284360
DOGEUSDT,1736956800000,0.37109,0.37493,0.37101,0.37227,87677818.0,1736960399999,32724327.34698,125562
DOGEUSDT,1736960400000,0.37228,0.37355,0.36818,0.36854,58484850.0,1736963999999,21698698.01955,95623
DOGEUSDT,1736964000000,0.36855,0.3745,0.36855,0.37449,32334843.0,1736967599999,12019772.7929,63644
DOGEUSDT,1736967600000,0.37449,0.37781,0.37405,0.37714,40575425.0,1736971199999,15251391.86383,65898
DOGEUSDT,1736971200000,0.37713,0.37892,0.37447,0.37509,75920013.0,1736974799999,28619623.6738,105886
DOGEUSDT,1736974800000,0.3751,0.37864,0.37447,0.3769,27426089.0,1736978399999,10321118.89255,57790
DOGEUSDT,1736978400000,0.3769,0.38262,0.37624,0.38048,69836587.0,1736981999999,26517063.9256,73978
DOGEUSDT,1736982000000,0.38047,0.38777,0.37975,0.38537,119614834.0,1736985599999,45993632.15962,152244
DOGEUSDT,1736985600000,0.38537,0.38777,0.37336,0.3765,170833049.0,1736989199999,64700213.36327,217334
DOGEUSDT,1736989200000,0.3765,0.37998,0.3758,0.37929,52676514.0,1736992799999,19890454.43003,87408
DOGEUSDT,1736992800000,0.37929,0.37929,0.37544,0.37718,53763735.0,1736996399999,20283764.04348,73425
DOGEUSDT,1736996400000,0.37719,0.37857,0.37386,0.37582,49240553.0,1736999999999,18552044.84305,85044
DOGEUSDT,1737000000000,0.37581,0.37783,0.37568,0.37765,21311290.0,1737003599999,8029451.48798,38499
DOGEUSDT,1737003600000,0.37766,0.37767,0.37557,0.37617,21103980.0,1737007199999,7949325.677,36251
DOGEUSDT,1737007200000,0.37617,0.38077,0.37528,0.38071,36092662.0,1737010799999,13653296.97267,56076
DOGEUSDT,1737010800000,0.38072,0.38078,0.37824,0.37974,48920256.0,1737014399999,18549940.98232,58218
DOGEUSDT,1737014400000,0.37974,0.38038,0.36761,0.37028,137760287.0,1737017999999,51356787.87629,147157
DOGEUSDT,1737018000000,0.37028,0.3744,0.36827,0.3743,78869927.0,1737021599999,29278061.52426,104982
DOGEUSDT,1737021600000,0.3743,0.37619,0.37363,0.37491,49691739.0,1737025199999,18637231.11042,57920
DOGEUSDT,1737025200000,0.37491,0.37823,0.3734,0.37762,69757438.0,1737028799999,26251854.14662,107937
DOGEUSDT,1737028800000,0.37761,0.38678,0.37591,0.38507,170026579.0,1737032399999,65095840.01019,188125
DOGEUSDT,1737032400000,0.38507,0.38587,0.37616,0.37836,152819208.0,1737035999999,58064955.3101,233358
DOGEUSDT,1737036000000,0.37837,0.38244,0.36818,0.37264,256464576.0,1737039599999,96010905.09455,354874
DOGEUSDT,1737039600000,0.37263,0.38174,0.37168,0.38154,118680593.0,1737043199999,44749902.5025,201740
DOGEUSDT,1737043200000,0.38154,0.38589,0.38099,0.38412,113546045.0,1737046799999,43580566.03783,169569
DOGEUSDT,1737046800000,0.38412,0.38986,0.38231,0.38806,97473999.0,1737050399999,37693728.79898,143294
DOGEUSDT,1737050400000,0.38807,0.39021,0.38255,0.38377,66186782.0,1737053999999,25582927.672,109897
DOGEUSDT,1737054000000,0.38377,0.38667,0.3825,0.38643,31343569.0,1737057599999,12074997.91233,63039
DOGEUSDT,1737057600000,0.38644,0.38744,0.3822,0.38401,37700299.0,1737061199999,14481791.17095,82283
DOGEUSDT,1737061200000,0.38402,0.38426,0.37888,0.38087,58266086.0,1737064799999,22196859.28711,81236
DOGEUSDT,1737064800000,0.38087,0.38156,0.37425,0.37608,51025058.0,1737068399999,19233291.01319,73851
DOGEUSDT,1737068400000,0.37608,0.37828,0.37508,0.37649,54962046.0,1737071999999,20724430.81849,73475
DOGEUSDT,1737072000000,0.37649,0.37871,0.37549,0.37738,42501678.0,1737075599999,16037134.72554,69074
DOGEUSDT,1737075600000,0.37738,0.38622,0.37709,0.38481,75924895.0,1737079199999,29015150.97021,122003
DOGEUSDT,1737079200000,0.38482,0.38952,0.38365,0.38542,85787590.0,1737082799999,33189085.76036,125003
DOGEUSDT,1737082800000,0.38542,0.38799,0.38463,0.38549,43351668.0,1737086399999,16744323.75756,62870
DOGEUSDT,1737086400000,0.3855,0.38755,0.38373,0.38668,55137582.0,1737089999999,21255024.31836,57951
DOGEUSDT,1737090000000,0.38667,0.3888,0.386,0.38633,40430400.0,1737093599999,15666777.47906,60566
DOGEUSDT,1737093600000,0.38633,0.387,0.38502,0.38668,30191875.0,1737097199999,11657610.05689,50526
DOGEUSDT,1737097200000,0.38668,0.39578,0.38607,0.39555,139769328.0,1737100799999,54850511.60718,153903
DOGEUSDT,1737100800000,0.39555,0.41813,0.39545,0.41451,562348535.0,1737104399999,229609257.40373,601943
DOGEUSDT,1737104400000,0.41451,0.41929,0.40816,0.41077,228754659.0,1737107999999,94626835.92113,283797
DOGEUSDT,1737108000000,0.41077,0.41589,0.40908,0.41454,99824944.0,1737111599999,41256362.15514,138963
DOGEUSDT,1737111600000,0.41453,0.41726,0.41121,0.41137,99770953.0,1737115199999,41317106.05242,112326
DOGEUSDT,1737115200000,0.41137,0.41448,0.40913,0.41004,106136749.0,1737118799999,43680669.0319,126776
DOGEUSDT,1737118800000,0.41004,0.41196,0.4035,0.40492,102277747.0,1737122399999,41682058.69655,143557
DOGEUSDT,1737122400000,0.40492,0.41547,0.40491,0.41327,158027796.0,1737125999999,65066190.02399,238590
DOGEUSDT,1737126000000,0.41327,0.4156,0.40717,0.41308,155020970.0,1737129599999,63903719.03271,215567
DOGEUSDT,1737129600000,0.41308,0.42215,0.40956,0.41579,217524295.0,1737133199999,90329675.04899,255183
DOGEUSDT,1737133200000,0.41578,0.41888,0.41076,0.41104,100275887.0,1737136799999,41614999.55006,164711
DOGEUSDT,1737136800000,0.41103,0.41404,0.40865,0.40899,56576477.0,1737140399999,23271598.5904,101830
DOGEUSDT,1737140400000,0.40899,0.41711,0.40899,0.41638,79497445.0,1737143999999,32903234.71238,102631
DOGEUSDT,1737144000000,0.41638,0.4186,0.41427,0.41727,101218399.0,1737147599999,42124479.79158,120205
DOGEUSDT,1737147600000,0.41726,0.41854,0.41273,0.41458,64565210.0,1737151199999,26831725.22524,95542
DOGEUSDT,1737151200000,0.41458,0.41508,0.4099,0.41116,60292928.0,1737154799999,24850923.98096,67710
DOGEUSDT,1737154800000,0.41116,0.41627,0.41012,0.41525,33284059.0,1737158399999,13771954.79068,74206
DOGEUSDT,1737158400000,0.41525,0.43322,0.415,0.43062,297513124.0,1737161999999,126689789.96455,391156
DOGEUSDT,1737162000000,0.43061,0.43408,0.4223,0.42343,137133663.0,1737165599999,58738383.62528,199056
DOGEUSDT,1737165600000,0.42344,0.42749,0.42236,0.42749,78716467.0,1737169199999,33421392.2418,100546
DOGEUSDT,1737169200000,0.42749,0.42966,0.40497,0.41144,300887057.0,1737172799999,124933862.47598,340106
DOGEUSDT,1737172800000,0.41145,0.41341,0.397,0.40228,275094025.0,1737176399999,111533242.33438,310061
DOGEUSDT,1737176400000,0.40228,0.40611,0.38355,0.38764,276138547.0,1737179999999,109126603.96078,384264
DOGEUSDT,1737180000000,0.38764,0.40329,0.38736,0.40042,231520152.0,1737183599999,91951319.94459,288528
DOGEUSDT,1737183600000,0.40043,0.40185,0.393,0.39514,110851549.0,1737187199999,44094987.82286,165817
DOGEUSDT,1737187200000,0.39514,0.40098,0.38857,0.39911,155613065.0,1737190799999,61432240.57656,258211
DOGEUSDT,1737190800000,0.39911,0.40237,0.39545,0.39801,91360139.0,1737194399999,36496375.41672,151260
DOGEUSDT,1737194400000,0.39801,0.40004,0.39041,0.39627,161722058.0,1737197999999,63840726.31501,207423
DOGEUSDT,1737198000000,0.39627,0.40242,0.39443,0.39986,108045287.0,1737201599999,43092524.78352,156696
DOGEUSDT,1737201600000,0.39987,0.40092,0.39585,0.39813,56017202.0,1737205199999,22331933.30604,107124
DOGEUSDT,1737205200000,0.39812,0.40438,0.39471,0.40438,104636910.0,1737208799999,41825955.70311,146765
DOGEUSDT,1737208800000,0.40437,0.40474,0.39656,0.3971,113509645.0,1737212399999,45374298.46399,152222
DOGEUSDT,1737212400000,0.3971,0.4029,0.39385,0.39757,148649552.0,1737215999999,59376528.53284,194248
DOGEUSDT,1737216000000,0.39757,0.40065,0.38788,0.38854,256265246.0,1737219599999,101167837.96462,350172
DOGEUSDT,1737219600000,0.38854,0.39543,0.38847,0.38878,132603102.0,1737223199999,51949286.80105,194770
DOGEUSDT,1737223200000,0.38877,0.39419,0.3865,0.39023,82521269.0,1737226799999,32226885.60517,168748
DOGEUSDT,1737226800000,0.39022,0.39824,0.39016,0.39679,95829073.0,1737230399999,37868061.4575,139642
DOGEUSDT,1737230400000,0.3968,0.39696,0.39032,0.39184,65140109.0,1737233999999,25639646.39309,91372
DOGEUSDT,1737234000000,0.39185,0.39521,0.39036,0.39071,36716471.0,1737237599999,14436751.40163,78343
DOGEUSDT,1737237600000,0.3907,0.3959,0.39019,0.3923,29079700.0,1737241199999,11444371.96853,54482
DOGEUSDT,1737241200000,0.39229,0.39877,0.39206,0.39641,75617755.0,1737244799999,29965329.87423,106952
DOGEUSDT,1737244800000,0.39641,0.40299,0.39616,0.39996,100326531.0,1737248399999,40087983.71936,147725
DOGEUSDT,1737248400000,0.39997,0.4037,0.39929,0.40167,65378699.0,1737251999999,26255120.68818,108434
DOGEUSDT,1737252000000,0.40166,0.40998,0.40162,0.40621,81825365.0,1737255599999,33266155.95069,129779
DOGEUSDT,1737255600000,0.40621,0.40746,0.4,0.40009,80083813.0,1737259199999,32300817.58252,109334
DOGEUSDT,1737259200000,0.4001,0.4007,0.3909,0.39278,177052900.0,1737262799999,69875788.06558,221140
DOGEUSDT,1737262800000,0.39279,0.40027,0.38816,0.39791,127595002.0,1737266399999,50063611.16348,166505
DOGEUSDT,1737266400000,0.39792,0.40184,0.39525,0.39571,94149600.0,1737269999999,37489650.04371,125658
DOGEUSDT,1737270000000,0.39572,0.397,0.39,0.39244,165180963.0,1737273599999,64925228.61835,152442
DOGEUSDT,1737273600000,0.39243,0.39303,0.37607,0.37719,332200205.0,1737277199999,127092063.64831,381400
DOGEUSDT,1737277200000,0.3772,0.37944,0.36403,0.37772,531733130.0,1737280799999,197496790.19381,640794
DOGEUSDT,1737280800000,0.37772,0.37788,0.37,0.37054,184483172.0,1737284399999,68818846.861,212844
DOGEUSDT,1737284400000,0.37054,0.3725,0.35883,0.36289,307556395.0,1737287999999,112386397.82022,317223
DOGEUSDT,1737288000000,0.36289,0.37451,0.36265,0.3741,174067617.0,1737291599999,64293119.05517,254813
DOGEUSDT,1737291600000,0.3741,0.37875,0.37053,0.3783,157865110.0,1737295199999,59022444.39121,213085
DOGEUSDT,1737295200000,0.37831,0.38903,0.37625,0.38722,351815797.0,1737298799999,135156720.24005,443245
DOGEUSDT,1737298800000,0.38721,0.39585,0.38459,0.38809,170853351.0,1737302399999,66505077.86603,263865
DOGEUSDT,1737302400000,0.38809,0.3931,0.38545,0.38774,89727872.0,1737305999999,34913543.73952,132718
DOGEUSDT,1737306000000,0.38773,0.3944,0.38721,0.39354,83668891.0,1737309599999,32671575.08004,142569
DOGEUSDT,1737309600000,0.39355,0.39454,0.39072,0.39401,57975120.0,1737313199999,22756643.98037,104949
DOGEUSDT,1737313200000,0.394,0.3985,0.39147,0.39632,75408338.0,1737316799999,29771010.34416,130283
DOGEUSDT,1737316800000,0.39632,0.39969,0.38863,0.39315,102636738.0,1737320399999,40478775.43911,187228
DOGEUSDT,1737320400000,0.39316,0.39517,0.37021,0.37028,448260367.0,1737323999999,170026891.00227,649099
DOGEUSDT,1737324000000,0.37028,0.37578,0.35289,0.36701,378662613.0,1737327599999,139175648.79718,584230
DOGEUSDT,1737327600000,0.367,0.367,0.34684,0.3584,505409798.0,1737331199999,179934487.66806,829662
DOGEUSDT,1737331200000,0.35839,0.3588,0.34486,0.34714,444759310.0,1737334799999,156320354.83249,797203
DOGEUSDT,1737334800000,0.34715,0.35575,0.34689,0.3514,201453340.0,1737338399999,70779971.10657,525026
DOGEUSDT,1737338400000,0.3514,0.3645,0.35059,0.35983,163059493.0,1737341999999,58589061.39932,309547
DOGEUSDT,1737342000000,0.35983,0.36666,0.35731,0.36426,109003274.0,1737345599999,39524946.39994,239699
DOGEUSDT,1737345600000,0.36425,0.36816,0.35957,0.36352,94600715.0,1737349199999,34341145.41559,200572
DOGEUSDT,1737349200000,0.36352,0.36884,0.3608,0.36377,92611257.0,1737352799999,33783983.45156,182271
DOGEUSDT,1737352800000,0.36378,0.38473,0.36264,0.37753,250751381.0,1737356399999,93855164.25148,415461
DOGEUSDT,1737356400000,0.37753,0.38663,0.3716,0.37622,332896337.0,1737359999999,126552470.75276,573865
DOGEUSDT,1737360000000,0.37623,0.38271,0.37586,0.38181,99643901.0,1737363599999,37906778.44186,154058
DOGEUSDT,1737363600000,0.38181,0.38419,0.37582,0.37748,108555588.0,1737367199999,41186264.37305,177592
DOGEUSDT,1737367200000,0.37748,0.38171,0.37629,0.37857,76915799.0,1737370799999,29158201.24813,141766
DOGEUSDT,1737370800000,0.37857,0.3829,0.3749,0.38261,74954873.0,1737374399999,28395229.0723,148863
DOGEUSDT,1737374400000,0.38262,0.38298,0.36402,0.37008,252472311.0,1737377999999,93487645.33379,467842
DOGEUSDT,1737378000000,0.37009,0.37376,0.36849,0.37283,89834263.0,1737381599999,33345710.04305,226814
DOGEUSDT,1737381600000,0.37282,0.37552,0.371,0.37512,63478599.0,1737385199999,23716932.10899,140696
DOGEUSDT,1737385200000,0.37511,0.376,0.36572,0.36762,131091092.0,1737388799999,48653180.55419,255395
DOGEUSDT,1737388800000,0.36762,0.3759,0.3605,0.37491,146295139.0,1737392399999,53864200.10242,299580
DOGEUSDT,1737392400000,0.37491,0.385,0.345,0.35582,732685999.0,1737395999999,266408013.94792,1129575
DOGEUSDT,1737396000000,0.35586,0.36414,0.355,0.36344,129264333.0,1737399599999,46626056.21144,296066
DOGEUSDT,1737399600000,0.36345,0.36386,0.35615,0.35987,126180531.0,1737403199999,45367357.29885,215879
DOGEUSDT,1737403200000,0.35986,0.36537,0.35589,0.36357,69964110.0,1737406799999,25203838.68744,173295
DOGEUSDT,1737406800000,0.36357,0.36486,0.35285,0.35332,63143454.0,1737410399999,22673584.51508,135262
DOGEUSDT,1737410400000,0.35333,0.36157,0.34798,0.35955,86618776.0,1737413999999,30592445.40203,154822
DOGEUSDT,1737414000000,0.35956,0.36086,0.35278,0.35456,68183033.0,1737417599999,24355799.39372,145487
DOGEUSDT,1737417600000,0.35456,0.35669,0.3431,0.34462,137959211.0,1737421199999,48242088.27952,257538
DOGEUSDT,1737421200000,0.34462,0.35102,0.33863,0.34461,175153301.0,1737424799999,60394542.49803,339508
DOGEUSDT,1737424800000,0.3446,0.3475,0.33937,0.34736,117699717.0,1737428399999,40472569.94716,243574
DOGEUSDT,1737428400000,0.34736,0.34944,0.3441,0.34756,74716632.0,1737431999999,25934844.30034,129047
DOGEUSDT,1737432000000,0.34757,0.34759,0.33572,0.34451,129825633.0,1737435599999,44194953.74197,197396
DOGEUSDT,1737435600000,0.34451,0.34644,0.33748,0.33863,85474010.0,1737439199999,29207847.55111,139452
DOGEUSDT,1737439200000,0.33864,0.34452,0.33641,0.34116,84212994.0,1737442799999,28698573.33086,131144
DOGEUSDT,1737442800000,0.34116,0.34482,0.33961,0.34245,67897559.0,1737446399999,23263319.47361,114234
DOGEUSDT,1737446400000,0.34245,0.34503,0.33892,0.34329,72917420.0,1737449999999,24944059.77191,119584
DOGEUSDT,1737450000000,0.34328,0.34745,0.34078,0.34396,83461918.0,1737453599999,28698279.19549,146359
DOGEUSDT,1737453600000,0.34396,0.3476,0.3421,0.346,84937654.0,1737457199999,29326202.86284,120908
DOGEUSDT,1737457200000,0.346,0.40382,0.34467,0.38474,1492587694.0,1737460799999,572245858.43782,1279976
DOGEUSDT,1737460800000,0.38474,0.39455,0.37508,0.37988,535818781.0,1737464399999,205686669.66402,676492
DOGEUSDT,1737464400000,0.37987,0.38212,0.365,0.36948,262950320.0,1737467999999,97972823.74746,373331
DOGEUSDT,1737468000000,0.36948,0.38074,0.36637,0.37062,299381383.0,1737471599999,111615298.83788,455042
DOGEUSDT,1737471600000,0.37062,0.38015,0.36699,0.37971,174544958.0,1737475199999,65354930.87961,351231
DOGEUSDT,1737475200000,0.37967,0.386,0.37768,0.38106,184225107.0,1737478799999,70325463.23419,328220
DOGEUSDT,1737478800000,0.38106,0.3837,0.37834,0.38339,74725470.0,1737482399999,28461051.58928,154469
DOGEUSDT,1737482400000,0.3834,0.38666,0.38181,0.38555,97315770.0,1737485999999,37400953.22,180093
DOGEUSDT,1737486000000,0.38555,0.386,0.38032,0.38443,72315833.0,1737489599999,27700968.721,122716
DOGEUSDT,1737489600000,0.38443,0.38538,0.38022,0.38314,55277745.0,1737493199999,21144015.29427,115125
DOGEUSDT,1737493200000,0.38315,0.3849,0.37422,0.37711,92644117.0,1737496799999,35079722.03476,173515
DOGEUSDT,1737496800000,0.37711,0.37939,0.37272,0.37331,57913349.0,1737500399999,21737133.16664,101399
DOGEUSDT,1737500400000,0.37331,0.37374,0.3682,0.37177,114007559.0,1737503999999,42270927.27332,144809
DOGEUSDT,1737504000000,0.37178,0.37369,0.3675,0.37185,65382955.0,1737507599999,24199807.74932,113353
DOGEUSDT,1737507600000,0.37186,0.37272,0.36679,0.36912,46347960.0,1737511199999,17114583.89111,91908
DOGEUSDT,1737511200000,0.36911,0.37225,0.3681,0.37117,28821120.0,1737514799999,10674725.90215,68695
DOGEUSDT,1737514800000,0.37118,0.3738,0.37035,0.37155,47226343.0,1737518399999,17571133.9618,63884
DOGEUSDT,1737518400000,0.37155,0.37335,0.36839,0.3701,43496301.0,1737521999999,16120345.65119,64355
DOGEUSDT,1737522000000,0.3701,0.37154,0.36706,0.36774,40486753.0,1737525599999,14954891.84454,63135
DOGEUSDT,1737525600000,0.36774,0.36918,0.36519,0.36741,58670095.0,1737529199999,21527695.33802,89781
DOGEUSDT,1737529200000,0.3674,0.36776,0.36336,0.36487,62735106.0,1737532799999,22926904.3261,87478
DOGEUSDT,1737532800000,0.36487,0.36571,0.35874,0.36336,99497879.0,1737536399999,36031037.93996,138425
DOGEUSDT,1737536400000,0.36337,0.36565,0.36251,0.36406,59517440.0,1737539999999,21659266.27096,67185
DOGEUSDT,1737540000000,0.36405,0.36564,0.36218,0.36548,33967274.0,1737543599999,12349912.25021,63846
DOGEUSDT,1737543600000,0.36548,0.36789,0.36448,0.36672,57880792.0,1737547199999,21193287.07728,72109
DOGEUSDT,1737547200000,0.36673,0.36816,0.36485,0.36619,48551325.0,1737550799999,17790806.02115,66046
DOGEUSDT,1737550800000,0.36619,0.36623,0.36009,0.36103,84410720.0,1737554399999,30646127.69211,115802
DOGEUSDT,1737554400000,0.36103,0.36405,0.35823,0.36196,77545819.0,1737557999999,28008467.68241,135239
DOGEUSDT,1737558000000,0.36197,0.3645,0.3589,0.36037,50721532.0,1737561599999,18318789.97539,106881
DOGEUSDT,1737561600000,0.36037,0.36222,0.3574,0.3607,60456487.0,1737565199999,21740446.4428,107103
DOGEUSDT,1737565200000,0.3607,0.36352,0.36023,0.36308,45631041.0,1737568799999,16514488.05424,61308
DOGEUSDT,1737568800000,0.36308,0.36416,0.35506,0.35595,53129623.0,1737572399999,19077701.25091,90823
DOGEUSDT,1737572400000,0.35596,0.36144,0.35593,0.36038,46709291.0,1737575999999,16779170.65691,88583
DOGEUSDT,1737576000000,0.36038,0.3624,0.35852,0.35935,42107594.0,1737579599999,15193803.51061,81539
DOGEUSDT,1737579600000,0.35934,0.3607,0.35709,0.35907,32177561.0,1737583199999,11539393.58513,63233
DOGEUSDT,1737583200000,0.35906,0.37355,0.35711,0.35965,176101550.0,1737586799999,64481219.46655,196193
DOGEUSDT,1737586800000,0.35965,0.36431,0.35711,0.36291,69383896.0,1737590399999,25049654.49728,135780
DOGEUSDT,1737590400000,0.36291,0.36457,0.35874,0.36049,41377129.0,1737593999999,14962959.91097,93545
DOGEUSDT,1737594000000,0.36049,0.36229,0.3557,0.35712,34458190.0,1737597599999,12361865.24803,88390
DOGEUSDT,1737597600000,0.35712,0.35745,0.35164,0.3535,85005801.0,1737601199999,30081807.99438,129971
DOGEUSDT,1737601200000,0.3535,0.35703,0.35099,0.35189,50258241.0,1737604799999,17792769.0112,73621
DOGEUSDT,1737604800000,0.3519,0.35263,0.34826,0.35029,62605564.0,1737608399999,21937992.01785,102096
DOGEUSDT,1737608400000,0.35029,0.35327,0.34988,0.35241,34389705.0,1737611999999,12092940.15016,57994
DOGEUSDT,1737612000000,0.3524,0.35567,0.3518,0.35285,23834642.0,1737615599999,8435222.44394,63610
DOGEUSDT,1737615600000,0.35285,0.35442,0.35077,0.354,32693140.0,1737619199999,11534478.72167,63599
DOGEUSDT,1737619200000,0.354,0.354,0.34966,0.34999,31732904.0,1737622799999,11154646.38325,61321
DOGEUSDT,1737622800000,0.34998,0.35255,0.34852,0.34941,31502949.0,1737626399999,11043995.25707,66401
DOGEUSDT,1737626400000,0.34941,0.3514,0.3465,0.34824,51877813.0,1737629999999,18068435.07439,83792
DOGEUSDT,1737630000000,0.34824,0.35022,0.34718,0.34859,30619751.0,1737633599999,10680342.24199,55148
DOGEUSDT,1737633600000,0.34859,0.3488,0.34562,0.34642,37754939.0,1737637199999,13099187.43545,69722
DOGEUSDT,1737637200000,0.34642,0.35155,0.34425,0.35085,63881325.0,1737640799999,22257070.97998,99561
DOGEUSDT,1737640800000,0.35084,0.35751,0.34795,0.35543,115322871.0,1737644399999,40833237.11297,182578
DOGEUSDT,1737644400000,0.35544,0.35691,0.34817,0.35411,129517213.0,1737647999999,45592105.43985,289591
DOGEUSDT,1737648000000,0.35408,0.36,0.35325,0.35383,95618115.0,1737651599999,34136200.31025,192652
DOGEUSDT,1737651600000,0.35382,0.35556,0.34937,0.35451,47987496.0,1737655199999,16896707.49345,109858
DOGEUSDT,1737655200000,0.35452,0.35575,0.34973,0.34982,32722616.0,1737658799999,11527793.79363,67832
DOGEUSDT,1737658800000,0.34982,0.35016,0.34476,0.34628,44695175.0,1737662399999,15508433.35905,104584
DOGEUSDT,1737662400000,0.34627,0.35874,0.34521,0.35041,157719857.0,1737665999999,55507832.00153,362706
DOGEUSDT,1737666000000,0.35041,0.3514,0.34143,0.3452,83939860.0,1737669599999,28961894.94759,155506
DOGEUSDT,1737669600000,0.34519,0.35425,0.34456,0.35277,43808852.0,1737673199999,15347739.19922,83214
DOGEUSDT,1737673200000,0.35277,0.35446,0.35151,0.35206,25426651.0,1737676799999,8971082.33209,62155
DOGEUSDT,1737676800000,0.35207,0.35322,0.34716,0.34766,33533565.0,1737680399999,11733615.8083,67286
DOGEUSDT,1737680400000,0.34766,0.35036,0.34542,0.34702,27100611.0,1737683999999,9437226.77975,71516
DOGEUSDT,1737684000000,0.34702,0.34805,0.34278,0.34395,33074297.0,1737687599999,11415828.44865,74989
DOGEUSDT,1737687600000,0.34395,0.34981,0.34282,0.3477,74580708.0,1737691199999,25857417.1826,115610
DOGEUSDT,1737691200000,0.3477,0.35397,0.34632,0.35326,44418589.0,1737694799999,15560581.7325,80814
DOGEUSDT,1737694800000,0.35325,0.3575,0.35237,0.35733,50330538.0,1737698399999,17892386.26911,102789
DOGEUSDT,1737698400000,0.35733,0.35816,0.3557,0.3568,67910617.0,1737701999999,24256152.623,88246
DOGEUSDT,1737702000000,0.3568,0.35878,0.35585,0.35757,26129263.0,1737705599999,9341560.38624,56350
DOGEUSDT,1737705600000,0.35756,0.362,0.35711,0.35993,66752580.0,1737709199999,24011040.45102,97525
DOGEUSDT,1737709200000,0.35991,0.36089,0.3578,0.35855,34564835.0,1737712799999,12423664.85597,54648
DOGEUSDT,1737712800000,0.35854,0.36471,0.35771,0.36407,35734025.0,1737716399999,12902080.12251,70303
DOGEUSDT,1737716400000,0.36407,0.36422,0.36167,0.36278,28765439.0,1737719999999,10427943.38132,55265
DOGEUSDT,1737720000000,0.36279,0.36345,0.36029,0.36244,41537706.0,1737723599999,15007756.26736,55893
DOGEUSDT,1737723600000,0.36244,0.36362,0.36052,0.36224,39096810.0,1737727199999,14150805.9194,61441
DOGEUSDT,1737727200000,0.36224,0.36349,0.3589,0.3614,43595341.0,1737730799999,15749817.99161,111221
DOGEUSDT,1737730800000,0.3614,0.36252,0.35756,0.35992,48916569.0,1737734399999,17619836.33918,90558
DOGEUSDT,1737734400000,0.35992,0.36115,0.35818,0.35838,35512218.0,1737737999999,12775619.51537,70215
DOGEUSDT,1737738000000,0.35838,0.36132,0.35687,0.36027,35366844.0,1737741599999,12694031.40589,73807
DOGEUSDT,1737741600000,0.36026,0.3611,0.35801,0.35869,17306437.0,1737745199999,6223086.84835,50259
DOGEUSDT,1737745200000,0.35868,0.36004,0.35697,0.35741,24309456.0,1737748799999,8717739.40042,42344
DOGEUSDT,1737748800000,0.35742,0.35837,0.352,0.35247,34312865.0,1737752399999,12168528.63679,72382
DOGEUSDT,1737752400000,0.35248,0.35506,0.35224,0.35276,19082303.0,1737755999999,6746830.34614,49681
DOGEUSDT,1737756000000,0.35276,0.35327,0.34967,0.35038,23629669.0,1737759599999,8309341.31821,44991
DOGEUSDT,1737759600000,0.35038,0.35092,0.34882,0.35085,22896312.0,1737763199999,8010862.25512,54721
DOGEUSDT,1737763200000,0.35086,0.35119,0.34547,0.34547,46505311.0,1737766799999,16184929.26546,89905
DOGEUSDT,1737766800000,0.34547,0.35083,0.34547,0.34953,47692288.0,1737770399999,16647946.69223,82686
DOGEUSDT,1737770400000,0.34953,0.35076,0.348,0.35006,19407185.0,1737773999999,6782947.49677,42442
DOGEUSDT,1737774000000,0.35005,0.35406,0.34929,0.35351,29385503.0,1737777599999,10349414.29288,59582
DOGEUSDT,1737777600000,0.35351,0.35353,0.3499,0.35,15194729.0,1737781199999,5344082.13196,39947
DOGEUSDT,1737781200000,0.35001,0.35092,0.34805,0.34995,16257325.0,1737784799999,5682088.00499,37913
DOGEUSDT,1737784800000,0.34995,0.35109,0.34804,0.3489,13528863.0,1737788399999,4724270.43644,38889
DOGEUSDT,1737788400000,0.34889,0.34962,0.34811,0.34854,12320671.0,1737791999999,4296738.30096,28369
DOGEUSDT,1737792000000,0.34854,0.35011,0.34777,0.34847,11537364.0,1737795599999,4025587.27494,34248
DOGEUSDT,1737795600000,0.34848,0.34896,0.34631,0.34671,21548435.0,1737799199999,7487713.00738,49862
DOGEUSDT,1737799200000,0.34671,0.34873,0.34543,0.34852,21942959.0,1737802799999,7611427.10179,49196
DOGEUSDT,1737802800000,0.34853,0.351,0.34822,0.35046,21658518.0,1737806399999,7573178.51562,40109
DOGEUSDT,1737806400000,0.35046,0.35073,0.34912,0.35046,20987043.0,1737809999999,7340155.01055,33379
DOGEUSDT,1737810000000,0.35046,0.35124,0.34966,0.35035,22765511.0,1737813599999,7981393.49309,39492
DOGEUSDT,1737813600000,0.35035,0.35083,0.34866,0.35059,18145034.0,1737817199999,6343100.46388,41741
DOGEUSDT,1737817200000,0.35059,0.36165,0.35059,0.35623,173201686.0,1737820799999,61713549.31303,223882
DOGEUSDT,1737820800000,0.35624,0.35873,0.35372,0.35553,45480043.0,1737824399999,16198887.45223,80856
DOGEUSDT,1737824400000,0.35552,0.35583,0.3521,0.35496,25765586.0,1737827999999,9115818.68823,57919
DOGEUSDT,1737828000000,0.35495,0.35669,0.3544,0.35567,19776627.0,1737831599999,7033074.76554,43421
DOGEUSDT,1737831600000,0.35567,0.35764,0.35515,0.35639,14294591.0,1737835199999,5093227.77888,34320
DOGEUSDT,1737835200000,0.3564,0.3588,0.35629,0.35722,19606792.0,1737838799999,7011687.7927,39516
DOGEUSDT,1737838800000,0.35722,0.35943,0.35635,0.35918,18030949.0,1737842399999,6453055.34031,40409
DOGEUSDT,1737842400000,0.35917,0.35994,0.35639,0.35741,19337836.0,1737845999999,6932283.07684,34267
DOGEUSDT,1737846000000,0.3574,0.35786,0.35329,0.35352,22610667.0,1737849599999,8039195.11514,41327
DOGEUSDT,1737849600000,0.35351,0.35568,0.3528,0.3542,18049671.0,1737853199999,6399569.69845,34299
DOGEUSDT,1737853200000,0.35421,0.35563,0.35368,0.3545,13502244.0,1737856799999,4788254.16542,31593
DOGEUSDT,1737856800000,0.3545,0.3545,0.35174,0.35322,15613283.0,1737860399999,5510903.19616,31260
DOGEUSDT,1737860400000,0.35322,0.35634,0.35315,0.35473,17263026.0,1737863999999,6125672.1729,34569
DOGEUSDT,1737864000000,0.35473,0.35743,0.35424,0.35569,18560858.0,1737867599999,6608488.45992,35889
DOGEUSDT,1737867600000,0.3557,0.35595,0.35366,0.35417,11824589.0,1737871199999,4191180.71037,28682
DOGEUSDT,1737871200000,0.3542,0.35447,0.35327,0.35407,10987481.0,1737874799999,3887456.43509,25962
DOGEUSDT,1737874800000,0.35406,0.35513,0.35341,0.35468,9927679.0,1737878399999,3517927.15484,26329
DOGEUSDT,1737878400000,0.35468,0.35542,0.35277,0.35348,15859538.0,1737881999999,5612075.18315,35025
DOGEUSDT,1737882000000,0.35348,0.35358,0.34986,0.35045,21606822.0,1737885599999,7594193.21178,47557
DOGEUSDT,1737885600000,0.35046,0.35126,0.3489,0.3504,32588997.0,1737889199999,11405666.11021,43167
DOGEUSDT,1737889200000,0.3504,0.35197,0.35009,0.35181,11427432.0,1737892799999,4012019.57712,29009
DOGEUSDT,1737892800000,0.35181,0.35189,0.35047,0.35187,11355497.0,1737896399999,3987778.41225,26508
DOGEUSDT,1737896400000,0.35186,0.35232,0.35068,0.35137,14309289.0,1737899999999,5031104.3046,30423
DOGEUSDT,1737900000000,0.35136,0.35263,0.35016,0.35192,13237910.0,1737903599999,4649019.52992,29023
DOGEUSDT,1737903600000,0.35192,0.35274,0.35078,0.35106,16506863.0,1737907199999,5806430.38698,28552
DOGEUSDT,1737907200000,0.35106,0.35196,0.34989,0.35154,13345184.0,1737910799999,4681493.02617,30956
DOGEUSDT,1737910800000,0.35154,0.3534,0.3511,0.35296,9151343.0,1737914399999,3224571.38105,26799
DOGEUSDT,1737914400000,0.35296,0.35412,0.35235,0.35334,11565442.0,1737917999999,4089078.72126,25408
DOGEUSDT,1737918000000,0.35334,0.35357,0.35234,0.35305,13583101.0,1737921599999,4796287.05641,19838
DOGEUSDT,1737921600000,0.35306,0.35367,0.35069,0.35102,14915120.0,1737925199999,5258734.14757,22775
DOGEUSDT,1737925200000,0.35103,0.3511,0.34635,0.34635,34110542.0,1737928799999,11890065.54433,53948
DOGEUSDT,1737928800000,0.34635,0.3466,0.34255,0.34371,64821439.0,1737932399999,22331435.3555,71661
DOGEUSDT,1737932400000,0.3437,0.3437,0.335,0.33605,129563420.0,1737935999999,43807163.48866,186227
DOGEUSDT,1737936000000,0.33604,0.33714,0.33035,0.3319,137733944.0,1737939599999,45940889.50772,215009
DOGEUSDT,1737939600000,0.3319,0.33321,0.32795,0.32936,118748396.0,1737943199999,39215940.05714,167168
DOGEUSDT,1737943200000,0.32936,0.32977,0.32485,0.32703,165655061.0,1737946799999,54150357.62648,200004
DOGEUSDT,1737946800000,0.32703,0.33143,0.32575,0.32997,75534384.0,1737950399999,24868440.09847,86284
DOGEUSDT,1737950400000,0.32997,0.32997,0.3223,0.32328,113828145.0,1737953999999,37006144.31337,108037
DOGEUSDT,1737954000000,0.32329,0.32503,0.3188,0.32186,173434173.0,1737957599999,55780382.54666,165426
DOGEUSDT,1737957600000,0.32187,0.32295,0.31279,0.31498,194982425.0,1737961199999,61799269.64463,226687
DOGEUSDT,1737961200000,0.31498,0.31692,0.3051,0.31517,273600618.0,1737964799999,85229436.48313,392011
DOGEUSDT,1737964800000,0.31517,0.31522,0.308,0.31338,125763045.0,1737968399999,39159437.92038,171040
DOGEUSDT,1737968400000,0.31338,0.31742,0.31178,0.31483,115517563.0,1737971999999,36420638.18071,127606
DOGEUSDT,1737972000000,0.31483,0.31531,0.30821,0.30898,77627002.0,1737975599999,24177995.22307,120216
DOGEUSDT,1737975600000,0.30898,0.31583,0.3089,0.31197,86148737.0,1737979199999,26962959.96245,110097
DOGEUSDT,1737979200000,0.31196,0.322,0.31044,0.32067,96421351.0,1737982799999,30475948.33639,140016
DOGEUSDT,1737982800000,0.32066,0.32547,0.31827,0.31977,134127371.0,1737986399999,43246364.32536,215608
DOGEUSDT,1737986400000,0.31977,0.32816,0.31835,0.32686,112512267.0,1737989999999,36372524.64924,209181
DOGEUSDT,1737990000000,0.32686,0.32879,0.32377,0.32642,88685348.0,1737993599999,28983048.28767,128751
DOGEUSDT,1737993600000,0.32643,0.32997,0.32072,0.32136,89524516.0,1737997199999,29136581.09584,133487
DOGEUSDT,1737997200000,0.32137,0.32405,0.31941,0.32064,48609896.0,1738000799999,15634850.69815,99440
DOGEUSDT,1738000800000,0.32064,0.32308,0.31727,0.31886,46363380.0,1738004399999,14825184.13865,87931
DOGEUSDT,1738004400000,0.31887,0.32315,0.31887,0.32169,37939394.0,1738007999999,12193194.30816,64789
DOGEUSDT,1738008000000,0.32169,0.33192,0.32169,0.33048,48190027.0,1738011599999,15783080.97637,90241
DOGEUSDT,1738011600000,0.33047,0.33553,0.32827,0.32938,66658138.0,1738015199999,22127668.97904,116101
DOGEUSDT,1738015200000,0.32938,0.33293,0.32872,0.33103,20905845.0,1738018799999,6912121.61071,38771
DOGEUSDT,1738018800000,0.33103,0.33458,0.33049,0.33397,19495491.0,1738022399999,6475662.45227,42261
DOGEUSDT,1738022400000,0.33398,0.3378,0.3315,0.3324,56107746.0,1738025999999,18776582.78667,80599
DOGEUSDT,1738026000000,0.3324,0.33479,0.32931,0.33306,41750495.0,1738029599999,13840353.26494,55900
DOGEUSDT,1738029600000,0.33306,0.33521,0.3326,0.33444,35130914.0,1738033199999,11730669.39499,57778
DOGEUSDT,1738033200000,0.33444,0.33653,0.33264,0.33482,24357128.0,1738036799999,8148624.74394,46631
DOGEUSDT,1738036800000,0.33483,0.33914,0.33478,0.33674,33327565.0,1738040399999,11240840.30329,49483
DOGEUSDT,1738040400000,0.33675,0.3388,0.3365,0.33682,26920067.0,1738043999999,9091612.15095,32423
DOGEUSDT,1738044000000,0.33682,0.33692,0.33388,0.33419,33693421.0,1738047599999,11307824.785,39115
DOGEUSDT,1738047600000,0.33418,0.33625,0.33316,0.33433,22428909.0,1738051199999,7509261.87181,37648
DOGEUSDT,1738051200000,0.33433,0.33551,0.33295,0.33463,22982105.0,1738054799999,7683601.57716,37399
DOGEUSDT,1738054800000,0.33463,0.33493,0.33212,0.33436,27063680.0,1738058399999,9031720.14135,40825
DOGEUSDT,1738058400000,0.33437,0.33628,0.33353,0.33435,23405436.0,1738061999999,7841218.63719,35975
DOGEUSDT,1738062000000,0.33436,0.33576,0.33236,0.33353,28887047.0,1738065599999,9640787.22377,41863
DOGEUSDT,1738065600000,0.33354,0.3348,0.32971,0.33073,35754725.0,1738069199999,11870743.12048,66749
DOGEUSDT,1738069200000,0.33072,0.33342,0.33063,0.33178,23254694.0,1738072799999,7724324.87043,56689
DOGEUSDT,1738072800000,0.33178,0.33729,0.32827,0.33225,100321389.0,1738076399999,33340365.23782,167092
DOGEUSDT,1738076400000,0.33226,0.33693,0.3321,0.33322,56449800.0,1738079999999,18877772.70306,114121
DOGEUSDT,1738080000000,0.33322,0.33355,0.32611,0.32821,57923468.0,1738083599999,19076014.87887,108850
DOGEUSDT,1738083600000,0.3282,0.33139,0.32728,0.32823,25236063.0,1738087199999,8313370.04876,61709
DOGEUSDT,1738087200000,0.32822,0.32988,0.32354,0.32379,36256651.0,1738090799999,11832494.38823,66384
DOGEUSDT,1738090800000,0.32378,0.32636,0.3227,0.32613,26311784.0,1738094399999,8543301.43579,48773
DOGEUSDT,1738094400000,0.32614,0.32706,0.32024,0.3209,33956823.0,1738097999999,10960346.8931,60454
DOGEUSDT,1738098000000,0.3209,0.32688,0.31614,0.31662,76127190.0,1738101599999,24459575.87468,110223
DOGEUSDT,1738101600000,0.31663,0.3198,0.315,0.31875,55122116.0,1738105199999,17479873.27235,75213
DOGEUSDT,1738105200000,0.31875,0.31988,0.31613,0.31871,32291184.0,1738108799999,10277550.28241,59138
DOGEUSDT,1738108800000,0.31872,0.32454,0.31822,0.32271,39427015.0,1738112399999,12678099.59487,65367
DOGEUSDT,1738112400000,0.32272,0.32569,0.3227,0.32464,26383117.0,1738115999999,8559689.79302,47584
DOGEUSDT,1738116000000,0.32465,0.3288,0.32465,0.32677,23598432.0,1738119599999,7719580.74505,44675
DOGEUSDT,1738119600000,0.32679,0.32939,0.32614,0.32781,15801465.0,1738123199999,5180584.59085,38418
DOGEUSDT,1738123200000,0.3278,0.32868,0.32637,0.32685,16162795.0,1738126799999,5292088.28952,27816
DOGEUSDT,1738126800000,0.32685,0.32834,0.32604,0.3277,17354236.0,1738130399999,5678788.28887,27085
DOGEUSDT,1738130400000,0.3277,0.33274,0.3277,0.33252,37702259.0,1738133999999,12469870.63319,50636
DOGEUSDT,1738134000000,0.33254,0.33265,0.33095,0.33234,15306302.0,1738137599999,5078414.55465,27966
DOGEUSDT,1738137600000,0.33234,0.33375,0.32985,0.33044,27771107.0,1738141199999,9206827.635,43770
DOGEUSDT,1738141200000,0.33043,0.33068,0.32621,0.32639,34503074.0,1738144799999,11322594.42853,46445
DOGEUSDT,1738144800000,0.3264,0.32944,0.32515,0.32881,26479638.0,1738148399999,8669353.04198,35269
DOGEUSDT,1738148400000,0.3288,0.32979,0.32711,0.32767,18773824.0,1738151999999,6168540.50348,29369
DOGEUSDT,1738152000000,0.32767,0.329,0.32529,0.32574,18807151.0,1738155599999,6145961.22048,33510
DOGEUSDT,1738155600000,0.32573,0.32615,0.32205,0.3236,35892573.0,1738159199999,11617632.75165,61664
DOGEUSDT,1738159200000,0.3236,0.32622,0.32246,0.32418,29412384.0,1738162799999,9536611.62166,59461
DOGEUSDT,1738162800000,0.32418,0.32694,0.32318,0.32427,29699927.0,1738166399999,9647983.77999,45395
DOGEUSDT,1738166400000,0.32428,0.32491,0.3218,0.32375,19756229.0,1738169999999,6387250.50315,39135
DOGEUSDT,1738170000000,0.32375,0.32725,0.32368,0.32506,26427882.0,1738173599999,8607031.88771,39778
DOGEUSDT,1738173600000,0.32507,0.32887,0.32238,0.32775,27733463.0,1738177199999,9016427.28462,53343
DOGEUSDT,1738177200000,0.32776,0.333,0.3167,0.32836,221171078.0,1738180799999,71974632.26087,398323
DOGEUSDT,1738180800000,0.32835,0.33488,0.32332,0.32996,117037731.0,1738184399999,38529566.12665,232838
DOGEUSDT,1738184400000,0.32995,0.33349,0.3272,0.32977,56546063.0,1738187999999,18682202.71365,99096
DOGEUSDT,1738188000000,0.32976,0.3309,0.32742,0.32757,15420313.0,1738191599999,5073160.79957,34416
DOGEUSDT,1738191600000,0.32757,0.32929,0.32344,0.32404,30146939.0,1738195199999,9837712.36924,54201
DOGEUSDT,1738195200000,0.32405,0.32725,0.32201,0.32696,33704112.0,1738198799999,10920492.74505,53566
DOGEUSDT,1738198800000,0.32696,0.33188,0.32645,0.32926,28556812.0,1738202399999,9416417.41128,58189
DOGEUSDT,1738202400000,0.32926,0.33141,0.32764,0.33141,18124390.0,1738205999999,5976466.44465,32544
DOGEUSDT,1738206000000,0.33142,0.3334,0.33042,0.33307,29125990.0,1738209599999,9664911.93125,46278
DOGEUSDT,1738209600000,0.33306,0.33372,0.33117,0.33321,20605044.0,1738213199999,6853214.19867,39657
DOGEUSDT,1738213200000,0.33322,0.3333,0.33112,0.33224,18732027.0,1738216799999,6222671.43984,25755
DOGEUSDT,1738216800000,0.33224,0.33324,0.33085,0.33128,18161499.0,1738220399999,6030932.60485,26903
DOGEUSDT,1738220400000,0.33129,0.33231,0.32976,0.33108,18238045.0,1738223999999,6035747.31036,29394
DOGEUSDT,1738224000000,0.33107,0.33209,0.32934,0.33056,13201462.0,1738227599999,4363087.04912,28986
DOGEUSDT,1738227600000,0.33057,0.33342,0.33046,0.33197,24500721.0,1738231199999,8137245.62509,36024
DOGEUSDT,1738231200000,0.33198,0.33225,0.33072,0.3321,13273247.0,1738234799999,4398906.608,27621
DOGEUSDT,1738234800000,0.3321,0.33274,0.33048,0.33231,18520540.0,1738238399999,6139890.96488,25722
DOGEUSDT,1738238400000,0.33232,0.33248,0.32989,0.33105,13723919.0,1738241999999,4544680.54214,28589
DOGEUSDT,1738242000000,0.33105,0.3355,0.33033,0.33313,58694580.0,1738245599999,19531573.14858,60751
DOGEUSDT,1738245600000,0.33313,0.3384,0.33206,0.33719,62944196.0,1738249199999,21095819.59596,99951
DOGEUSDT,1738249200000,0.33718,0.33881,0.33515,0.33646,49971059.0,1738252799999,16852171.5524,89145
DOGEUSDT,1738252800000,0.33646,0.33721,0.33396,0.33487,36540945.0,1738256399999,12254490.1012,58511
DOGEUSDT,1738256400000,0.33488,0.335,0.33274,0.33391,21827527.0,1738259999999,7285906.56427,43192
DOGEUSDT,1738260000000,0.3339,0.33512,0.33214,0.33476,16848198.0,1738263599999,5626333.25576,38187
DOGEUSDT,1738263600000,0.33475,0.3353,0.33288,0.33484,15861446.0,1738267199999,5298755.54027,30370
DOGEUSDT,1738267200000,0.33484,0.33517,0.33047,0.33101,33171249.0,1738270799999,11026313.19966,59637
DOGEUSDT,1738270800000,0.331,0.33244,0.33095,0.33175,20071429.0,1738274399999,6659770.35349,25851
DOGEUSDT,1738274400000,0.33174,0.33363,0.33111,0.33208,13939056.0,1738277999999,4632007.9221,17093
DOGEUSDT,1738278000000,0.33208,0.33353,0.33111,0.33153,14071275.0,1738281599999,4674743.86407,25561
DOGEUSDT,1738281600000,0.33154,0.33262,0.32973,0.33195,17601262.0,1738285199999,5826101.87631,36530
DOGEUSDT,1738285200000,0.33194,0.33235,0.3304,0.33129,11952726.0,1738288799999,3960983.34621,26030
DOGEUSDT,1738288800000,0.3313,0.33189,0.32827,0.32892,20134816.0,1738292399999,6635491.57548,30942
DOGEUSDT,1738292400000,0.32891,0.32891,0.326,0.32799,26899408.0,1738295999999,8805816.85886,39224
DOGEUSDT,1738296000000,0.32799,0.32835,0.32564,0.32605,32644114.0,1738299599999,10665070.04499,32938
DOGEUSDT,1738299600000,0.32605,0.32816,0.32587,0.32811,12354367.0,1738303199999,4043497.25836,21061
DOGEUSDT,1738303200000,0.32811,0.32986,0.32788,0.32899,12087724.0,1738306799999,3975640.54962,25381
DOGEUSDT,1738306800000,0.32899,0.33076,0.32764,0.3282,14836911.0,1738310399999,4884247.37273,28067
DOGEUSDT,1738310400000,0.32819,0.32869,0.32637,0.32652,15545086.0,1738313999999,5088122.32196,25815
DOGEUSDT,1738314000000,0.32652,0.32843,0.32608,0.32775,20748949.0,1738317599999,6792262.88895,25351
DOGEUSDT,1738317600000,0.32775,0.32852,0.32672,0.32791,13357561.0,1738321199999,4375133.46515,20639
DOGEUSDT,1738321200000,0.32791,0.33211,0.32791,0.3313,33700545.0,1738324799999,11134580.37198,52939
DOGEUSDT,1738324800000,0.3313,0.33405,0.33055,0.33332,31241807.0,1738328399999,10391293.00852,50374
DOGEUSDT,1738328400000,0.33332,0.3377,0.33332,0.33569,71412959.0,1738331999999,23989783.36638,101214
DOGEUSDT,1738332000000,0.33569,0.33791,0.33058,0.33242,108335653.0,1738335599999,36313516.59924,135555
DOGEUSDT,1738335600000,0.33243,0.34177,0.33242,0.33952,92216402.0,1738339199999,31197208.64941,149717
DOGEUSDT,1738339200000,0.33952,0.341,0.33574,0.33824,60499525.0,1738342799999,20452140.03889,91369
DOGEUSDT,1738342800000,0.33825,0.33838,0.33299,0.33301,30400286.0,1738346399999,10208013.54676,60265
DOGEUSDT,1738346400000,0.33302,0.33432,0.32444,0.32637,95531532.0,1738349999999,31333728.00214,163888
DOGEUSDT,1738350000000,0.32638,0.32991,0.326,0.32783,29582986.0,1738353599999,9706593.32576,82469
DOGEUSDT,1738353600000,0.32779,0.32801,0.32346,0.32639,32211579.0,1738357199999,10485469.50008,67382
DOGEUSDT,1738357200000,0.32639,0.32773,0.32417,0.32773,21009756.0,1738360799999,6847769.45234,50258
DOGEUSDT,1738360800000,0.32772,0.33044,0.32636,0.32816,21754835.0,1738364399999,7139652.63294,39510
DOGEUSDT,1738364400000,0.32816,0.32983,0.32737,0.3289,14195312.0,1738367999999,4663453.16042,40428
DOGEUSDT,1738368000000,0.3289,0.33009,0.32763,0.32935,21004227.0,1738371599999,6915128.42349,38705
DOGEUSDT,1738371600000,0.32934,0.33208,0.32911,0.33074,18435939.0,1738375199999,6097342.81869,44610
DOGEUSDT,1738375200000,0.33074,0.33227,0.32933,0.32977,12430548.0,1738378799999,4113172.1034,33756
DOGEUSDT,1738378800000,0.32978,0.33037,0.3267,0.32759,20739415.0,1738382399999,6803623.31617,41728
DOGEUSDT,1738382400000,0.32759,0.32991,0.32716,0.32896,13143419.0,1738385999999,4317802.3149,30608
DOGEUSDT,1738386000000,0.32896,0.32962,0.32868,0.32896,8238134.0,1738389599999,2711564.90463,18636
DOGEUSDT,1738389600000,0.32897,0.32897,0.32614,0.32796,17574037.0,1738393199999,5755162.13174,29162
DOGEUSDT,1738393200000,0.32797,0.32838,0.32531,0.32562,12980478.0,1738396799999,4238651.91013,26896
DOGEUSDT,1738396800000,0.32563,0.32634,0.32323,0.32476,41756505.0,1738400399999,13545491.63875,53569
DOGEUSDT,1738400400000,0.32476,0.32516,0.32024,0.32111,43258773.0,1738403999999,13944228.37438,68574
DOGEUSDT,1738404000000,0.32112,0.32411,0.32112,0.32282,28462933.0,1738407599999,9187552.21772,43735
DOGEUSDT,1738407600000,0.32283,0.32549,0.32239,0.32544,19528659.0,1738411199999,6331633.86282,35352
DOGEUSDT,1738411200000,0.32543,0.32627,0.3244,0.32519,16930088.0,1738414799999,5508968.355,31579
DOGEUSDT,1738414800000,0.32518,0.32518,0.32182,0.32212,15802751.0,1738418399999,5114025.57027,36603
DOGEUSDT,1738418400000,0.32212,0.32359,0.32093,0.3211,22861824.0,1738421999999,7369181.66093,42514
DOGEUSDT,1738422000000,0.3211,0.3228,0.32,0.32204,37949093.0,1738425599999,12173599.34108,47736
DOGEUSDT,1738425600000,0.32205,0.32342,0.31947,0.31967,30448801.0,1738429199999,9784260.62462,50746
DOGEUSDT,1738429200000,0.31965,0.32295,0.31963,0.32227,21158285.0,1738432799999,6806572.29892,40814
DOGEUSDT,1738432800000,0.32227,0.32254,0.31868,0.31942,20957615.0,1738436399999,6716457.20922,60760
DOGEUSDT,1738436400000,0.31943,0.31955,0.31325,0.31517,68578269.0,1738439999999,21685908.17913,103581
DOGEUSDT,1738440000000,0.31516,0.31528,0.31081,0.31334,66864503.0,1738443599999,20892041.54484,111130
DOGEUSDT,1738443600000,0.31335,0.31575,0.31127,0.31177,30996581.0,1738447199999,9729798.32888,57102
DOGEUSDT,1738447200000,0.31176,0.31321,0.305,0.30778,195378010.0,1738450799999,60123337.33425,104589
DOGEUSDT,1738450800000,0.30777,0.31022,0.30328,0.30792,119502912.0,1738454399999,36682920.26277,141344
DOGEUSDT,1738454400000,0.30793,0.31342,0.30709,0.31227,48976156.0,1738457999999,15206451.30411,75352
DOGEUSDT,1738458000000,0.31226,0.31487,0.3117,0.31316,22853547.0,1738461599999,7165457.10784,49391
DOGEUSDT,1738461600000,0.31316,0.31321,0.30614,0.3065,42215436.0,1738465199999,13050872.66333,70969
DOGEUSDT,1738465200000,0.30651,0.30852,0.29724,0.29872,170488930.0,1738468799999,51479592.16648,248594
DOGEUSDT,1738468800000,0.29873,0.30313,0.29708,0.30048,94784233.0,1738472399999,28444369.05834,179960
DOGEUSDT,1738472400000,0.30049,0.30464,0.3003,0.3039,48098331.0,1738475999999,14571410.48033,85374
DOGEUSDT,1738476000000,0.3039,0.30636,0.30098,0.30227,66064983.0,1738479599999,20056611.95565,80636
DOGEUSDT,1738479600000,0.30227,0.30236,0.29873,0.30014,126647133.0,1738483199999,38048327.59619,99512
DOGEUSDT,1738483200000,0.30013,0.30482,0.29967,0.30267,57869248.0,1738486799999,17482433.53913,77541
DOGEUSDT,1738486800000,0.30267,0.30268,0.30052,0.30213,58383300.0,1738490399999,17592118.13558,60101
DOGEUSDT,1738490400000,0.30214,0.30217,0.29788,0.3002,50386278.0,1738493999999,15100905.64557,74019
DOGEUSDT,1738494000000,0.3002,0.30165,0.28848,0.2914,203589167.0,1738497599999,59705464.84752,209145
DOGEUSDT,1738497600000,0.2914,0.2952,0.29017,0.29021,70951993.0,1738501199999,20775593.83421,118943
DOGEUSDT,1738501200000,0.29021,0.29726,0.2902,0.29708,61960214.0,1738504799999,18243759.40595,93393
DOGEUSDT,1738504800000,0.29709,0.2992,0.2963,0.29737,55861133.0,1738508399999,16656303.73918,79917
DOGEUSDT,1738508400000,0.29738,0.29738,0.29114,0.29469,80704988.0,1738511999999,23726331.38741,112412
DOGEUSDT,1738512000000,0.29468,0.29483,0.27566,0.28062,348687081.0,1738515599999,98977176.13485,340283
DOGEUSDT,1738515600000,0.28062,0.28408,0.26822,0.2729,498037410.0,1738519199999,136960063.78138,627537
DOGEUSDT,1738519200000,0.27291,0.2765,0.26509,0.26804,386961348.0,1738522799999,104692545.90392,547057
DOGEUSDT,1738522800000,0.26804,0.27724,0.26297,0.27452,345459205.0,1738526399999,93126478.29285,482810
DOGEUSDT,1738526400000,0.27453,0.27897,0.27216,0.27301,125244625.0,1738529999999,34540937.02486,138807
DOGEUSDT,1738530000000,0.27302,0.27438,0.26628,0.26808,118335371.0,1738533599999,31971430.67638,158652
DOGEUSDT,1738533600000,0.26809,0.27345,0.25001,0.26505,289135382.0,1738537199999,75659784.02202,264767
DOGEUSDT,1738537200000,0.26504,0.26833,0.25258,0.26808,318525198.0,1738540799999,82751195.47745,501572
DOGEUSDT,1738540800000,0.26809,0.26842,0.24353,0.25464,573634444.0,1738544399999,145352410.89439,673790
DOGEUSDT,1738544400000,0.25464,0.25752,0.22055,0.22923,853503722.0,1738547999999,206543043.1221,783038
DOGEUSDT,1738548000000,0.22926,0.23415,0.20178,0.22799,969740907.0,1738551599999,217713544.38022,1059730
DOGEUSDT,1738551600000,0.228,0.24231,0.22726,0.23395,455410591.0,1738555199999,107615527.94852,546884
DOGEUSDT,1738555200000,0.23395,0.23817,0.22218,0.22275,318120904.0,1738558799999,72632238.58205,413283
DOGEUSDT,1738558800000,0.22275,0.2375,0.22241,0.23728,303024243.0,1738562399999,69665116.9184,317911
DOGEUSDT,1738562400000,0.23728,0.24797,0.23406,0.24593,283451697.0,1738565999999,68739192.55038,279144
DOGEUSDT,1738566000000,0.24592,0.25669,0.24466,0.25596,229716950.0,1738569599999,57632622.89076,278489
DOGEUSDT,1738569600000,0.25595,0.25595,0.2452,0.24895,193605333.0,1738573199999,48275270.00536,228557
DOGEUSDT,1738573200000,0.24894,0.25499,0.24763,0.25025,173185066.0,1738576799999,43506453.0607,243533
DOGEUSDT,1738576800000,0.25026,0.26182,0.2491,0.26176,180915947.0,1738580399999,46195140.88295,203674
DOGEUSDT,1738580400000,0.26175,0.26181,0.25277,0.25405,119906174.0,1738583999999,30720219.78906,150196
DOGEUSDT,1738584000000,0.25405,0.25913,0.2507,0.25123,137014518.0,1738587599999,34976427.10645,178870
DOGEUSDT,1738587600000,0.25124,0.25461,0.24739,0.25053,163898850.0,1738591199999,41116146.39308,215158
DOGEUSDT,1738591200000,0.25054,0.26,0.24045,0.25891,557896744.0,1738594799999,140227612.08826,715388
DOGEUSDT,1738594800000,0.2589,0.27209,0.25568,0.26841,421661408.0,1738598399999,111988952.88601,617649
DOGEUSDT,1738598400000,0.2684,0.27349,0.26599,0.2693,252427855.0,1738601999999,68197029.25766,330117
DOGEUSDT,1738602000000,0.26931,0.27315,0.26693,0.27109,143254100.0,1738605599999,38741458.49305,170752
DOGEUSDT,1738605600000,0.27108,0.27439,0.26901,0.27382,109277450.0,1738609199999,29669931.80795,159079
DOGEUSDT,1738609200000,0.27382,0.28823,0.27233,0.28669,223805387.0,1738612799999,62779295.31321,269849
DOGEUSDT,1738612800000,0.28669,0.28684,0.27456,0.27686,173021361.0,1738616399999,48304808.81922,217021
DOGEUSDT,1738616400000,0.27687,0.2869,0.27635,0.28638,106754576.0,1738619999999,30087081.8219,145942
DOGEUSDT,1738620000000,0.28639,0.29295,0.28566,0.28841,153645444.0,1738623599999,44430241.18567,206161
DOGEUSDT,1738623600000,0.28842,0.2894,0.28297,0.28485,89064100.0,1738627199999,25450140.11595,104644
DOGEUSDT,1738627200000,0.28484,0.28783,0.28215,0.28251,82967013.0,1738630799999,23688975.07439,124881
DOGEUSDT,1738630800000,0.28252,0.289,0.28244,0.28685,63103147.0,1738634399999,18049529.25013,105586
DOGEUSDT,1738634400000,0.28686,0.2876,0.28144,0.28191,62101696.0,1738637999999,17658683.53851,81785
DOGEUSDT,1738638000000,0.28192,0.28308,0.27866,0.28133,88840554.0,1738641599999,24950776.63149,100890
DOGEUSDT,1738641600000,0.28133,0.28316,0.27729,0.27779,82681625.0,1738645199999,23155217.9201,111706
DOGEUSDT,1738645200000,0.27779,0.27798,0.25601,0.26044,630753927.0,1738648799999,166199622.11215,557440
DOGEUSDT,1738648800000,0.26045,0.26621,0.26024,0.26496,135017790.0,1738652399999,35619013.94483,199222
DOGEUSDT,1738652400000,0.26496,0.2653,0.25821,0.25978,100043653.0,1738655999999,26150532.0715,150903
DOGEUSDT,1738656000000,0.25977,0.26405,0.25766,0.26269,128011796.0,1738659599999,33502751.97153,196824
DOGEUSDT,1738659600000,0.26269,0.26566,0.26219,0.26268,75135694.0,1738663199999,19844061.03527,108650
DOGEUSDT,1738663200000,0.26268,0.26943,0.26257,0.26717,70470762.0,1738666799999,18792501.21003,109504
DOGEUSDT,1738666800000,0.26716,0.27271,0.26686,0.26771,76933523.0,1738670399999,20805656.98804,122110
DOGEUSDT,1738670400000,0.26771,0.27529,0.26771,0.27233,78400972.0,1738673999999,21295692.84286,124518
DOGEUSDT,1738674000000,0.27232,0.27488,0.26832,0.26967,116364401.0,1738677599999,31675347.37927,153212
DOGEUSDT,1738677600000,0.26968,0.276,0.26649,0.27123,157990475.0,1738681199999,42851340.15732,240831
DOGEUSDT,1738681200000,0.27122,0.27238,0.26222,0.26878,198695112.0,1738684799999,53058893.29972,290229
DOGEUSDT,1738684800000,0.26879,0.27184,0.26704,0.26778,65273402.0,1738688399999,17566319.73236,112977
DOGEUSDT,1738688400000,0.26779,0.2718,0.26656,0.26939,49272002.0,1738691999999,13248208.12505,94476
DOGEUSDT,1738692000000,0.26939,0.27188,0.26805,0.27107,35421767.0,1738695599999,9566135.76601,64897
DOGEUSDT,1738695600000,0.27107,0.2765,0.2654,0.26543,110181083.0,1738699199999,29929432.57601,195634
DOGEUSDT,1738699200000,0.26543,0.26789,0.26065,0.26287,163868668.0,1738702799999,43187921.69694,346933
DOGEUSDT,1738702800000,0.26287,0.26295,0.25525,0.25642,151381548.0,1738706399999,39160906.74995,260620
DOGEUSDT,1738706400000,0.25643,0.26202,0.25581,0.26194,80799065.0,1738709999999,20893922.79069,121222
DOGEUSDT,1738710000000,0.26194,0.26555,0.26106,0.26345,44323399.0,1738713599999,11675692.37252,88239
DOGEUSDT,1738713600000,0.26346,0.26538,0.26232,0.26351,47072348.0,1738717199999,12416207.48831,70462
DOGEUSDT,1738717200000,0.2635,0.26696,0.26229,0.26267,42885845.0,1738720799999,11354588.00469,57693
DOGEUSDT,1738720800000,0.26267,0.26656,0.26076,0.26568,50325861.0,1738724399999,13259023.0888,77992
DOGEUSDT,1738724400000,0.26568,0.26637,0.26366,0.26402,21210837.0,1738727999999,5619101.17827,35019
DOGEUSDT,1738728000000,0.26401,0.26533,0.26318,0.26415,14385456.0,1738731599999,3800725.17576,25400
DOGEUSDT,1738731600000,0.26415,0.26778,0.26233,0.26699,32083913.0,1738735199999,8492995.28769,43755
DOGEUSDT,1738735200000,0.26698,0.26832,0.2637,0.26418,33641735.0,1738738799999,8936619.49319,57644
DOGEUSDT,1738738800000,0.26419,0.26625,0.2632,0.26547,25591064.0,1738742399999,6777937.61736,40109
DOGEUSDT,1738742400000,0.26547,0.26666,0.26376,0.26556,30204502.0,1738745999999,8013166.94599,45567
DOGEUSDT,1738746000000,0.26555,0.2675,0.2634,0.26456,33856618.0,1738749599999,8977595.83297,49260
DOGEUSDT,1738749600000,0.26455,0.2662,0.26418,0.26517,18888511.0,1738753199999,5011456.90255,33544
DOGEUSDT,1738753200000,0.26518,0.26821,0.26508,0.26795,38536027.0,1738756799999,10281952.83905,54941
DOGEUSDT,1738756800000,0.26795,0.26914,0.26535,0.26585,34781547.0,1738760399999,9303591.63367,51797
DOGEUSDT,1738760400000,0.26585,0.26854,0.26525,0.26795,35756739.0,1738763999999,9552356.38533,49959
DOGEUSDT,1738764000000,0.26795,0.26844,0.26333,0.26404,65358847.0,1738767599999,17441305.21806,79661
DOGEUSDT,1738767600000,0.26405,0.26577,0.26094,0.26326,64409955.0,1738771199999,16955254.49285,110540
DOGEUSDT,1738771200000,0.26326,0.2639,0.25738,0.26012,87068951.0,1738774799999,22615398.75378,131918
DOGEUSDT,1738774800000,0.26013,0.2619,0.25436,0.25631,62020423.0,1738778399999,15974554.03694,98855
DOGEUSDT,1738778400000,0.25631,0.25887,0.2536,0.25503,54970237.0,1738781999999,14085130.79917,92925
DOGEUSDT,1738782000000,0.25502,0.26005,0.25418,0.25941,43942794.0,1738785599999,11314675.87691,66607
DOGEUSDT,1738785600000,0.25941,0.26061,0.2546,0.25727,49062703.0,1738789199999,12666393.12748,72829
DOGEUSDT,1738789200000,0.25727,0.25929,0.25633,0.25729,23319645.0,1738792799999,6008663.39091,44421
DOGEUSDT,1738792800000,0.25729,0.2583,0.25333,0.25437,33395444.0,1738796399999,8532666.01112,50959
DOGEUSDT,1738796400000,0.25437,0.25697,0.25396,0.25619,22781360.0,1738799999999,5823697.25683,42462
DOGEUSDT,1738800000000,0.25617,0.2587,0.25589,0.25644,27146633.0,1738803599999,6989190.56535,61508
DOGEUSDT,1738803600000,0.25645,0.25993,0.25492,0.25788,28741820.0,1738807199999,7395044.33344,48046
DOGEUSDT,1738807200000,0.25787,0.26022,0.2576,0.25888,26373396.0,1738810799999,6836412.54803,44411
DOGEUSDT,1738810800000,0.25887,0.26042,0.2577,0.25996,19145997.0,1738814399999,4961250.90439,27331
DOGEUSDT,1738814400000,0.25996,0.2622,0.25945,0.26108,25175640.0,1738817999999,6576114.84468,35226
DOGEUSDT,1738818000000,0.26108,0.26316,0.26103,0.2622,24317659.0,1738821599999,6368186.865,30830
DOGEUSDT,1738821600000,0.2622,0.26596,0.26127,0.26569,33203472.0,1738825199999,8761315.53245,41680
DOGEUSDT,1738825200000,0.26569,0.26569,0.26224,0.26317,35076067.0,1738828799999,9247635.42322,42089
DOGEUSDT,1738828800000,0.26317,0.26383,0.26188,0.26244,18368750.0,1738832399999,4829496.05968,39464
DOGEUSDT,1738832400000,0.26243,0.26514,0.26186,0.2644,25868332.0,1738835999999,6822247.81262,51495
DOGEUSDT,1738836000000,0.26439,0.26494,0.26214,0.26358,27950611.0,1738839599999,7375161.90763,36318
DOGEUSDT,1738839600000,0.26357,0.26382,0.25975,0.26267,36813219.0,1738843199999,9634774.57863,54104
DOGEUSDT,1738843200000,0.26267,0.2633,0.25819,0.25918,42000930.0,1738846799999,10929276.04337,67608
DOGEUSDT,1738846800000,0.25918,0.26259,0.25894,0.26182,62220891.0,1738850399999,16218733.80121,75267
DOGEUSDT,1738850400000,0.26182,0.2624,0.25522,0.25572,63940392.0,1738853999999,16510175.93033,111258
DOGEUSDT,1738854000000,0.25572,0.25651,0.2474,0.24925,196586487.0,1738857599999,49370219.94951,235851
DOGEUSDT,1738857600000,0.24924,0.25114,0.24591,0.24715,132927095.0,1738861199999,32993423.3322,157990
DOGEUSDT,1738861200000,0.24715,0.25175,0.2456,0.24872,59821788.0,1738864799999,14884760.90236,93523
DOGEUSDT,1738864800000,0.24871,0.24909,0.24501,0.24509,68754187.0,1738868399999,17007724.47048,100529
DOGEUSDT,1738868400000,0.24508,0.24861,0.24274,0.24388,60047072.0,1738871999999,14712434.06791,101119
DOGEUSDT,1738872000000,0.24388,0.25066,0.24334,0.25045,39430469.0,1738875599999,9766278.37053,76322
DOGEUSDT,1738875600000,0.25045,0.25051,0.24604,0.24878,39187741.0,1738879199999,9736907.40419,65978
DOGEUSDT,1738879200000,0.24879,0.25083,0.24588,0.25029,43246386.0,1738882799999,10734164.28292,42533
DOGEUSDT,1738882800000,0.25028,0.25057,0.24614,0.24789,44042637.0,1738886399999,10942647.39628,61836
DOGEUSDT,1738886400000,0.24788,0.25191,0.24746,0.24868,38138105.0,1738889999999,9523445.42709,57901
DOGEUSDT,1738890000000,0.24868,0.2543,0.24863,0.25293,30592470.0,1738893599999,7695437.36425,56992
DOGEUSDT,1738893600000,0.25293,0.25418,0.25193,0.25305,25343997.0,1738897199999,6412386.2393,44354
DOGEUSDT,1738897200000,0.25305,0.25395,0.2503,0.25164,24589903.0,1738900799999,6198587.61338,36022
DOGEUSDT,1738900800000,0.25165,0.25337,0.25137,0.25186,15834465.0,1738904399999,3995940.98101,29243
DOGEUSDT,1738904400000,0.25186,0.25247,0.24952,0.25098,19554765.0,1738907999999,4903628.20897,29424
DOGEUSDT,1738908000000,0.25099,0.25117,0.246,0.24819,53041744.0,1738911599999,13143310.11101,64188
DOGEUSDT,1738911600000,0.2482,0.25219,0.24818,0.24883,78166147.0,1738915199999,19533031.18003,89853
DOGEUSDT,1738915200000,0.24884,0.25222,0.24764,0.25064,54520889.0,1738918799999,13618849.2017,76813
DOGEUSDT,1738918800000,0.25064,0.2533,0.25026,0.25291,67818643.0,1738922399999,17077129.71324,72436
DOGEUSDT,1738922400000,0.2529,0.2542,0.25239,0.25326,30321249.0,1738925999999,7681309.6387,45699
DOGEUSDT,1738926000000,0.25326,0.25555,0.25265,0.25555,37001480.0,1738929599999,9413663.03576,37816
DOGEUSDT,1738929600000,0.25554,0.25606,0.25314,0.25453,32218470.0,1738933199999,8205781.98957,39629
DOGEUSDT,1738933200000,0.25454,0.2593,0.25121,0.25846,133773387.0,1738936799999,34185077.93762,152879
DOGEUSDT,1738936800000,0.25845,0.26178,0.25729,0.2603,132373623.0,1738940399999,34412725.97606,157930
DOGEUSDT,1738940400000,0.2603,0.26033,0.25242,0.25453,141545908.0,1738943999999,36133257.14377,183496
DOGEUSDT,1738944000000,0.25454,0.25532,0.25193,0.25267,58658607.0,1738947599999,14864608.03792,84375
DOGEUSDT,1738947600000,0.25266,0.25323,0.24861,0.25066,52980351.0,1738951199999,13276212.01655,83699
DOGEUSDT,1738951200000,0.25065,0.25457,0.25025,0.25253,31765419.0,1738954799999,8026396.42719,42328
DOGEUSDT,1738954800000,0.25253,0.25314,0.25082,0.25097,20812260.0,1738958399999,5245055.6836,34154
DOGEUSDT,1738958400000,0.25097,0.25117,0.243,0.24358,73847505.0,1738961999999,18256695.44355,110276
DOGEUSDT,1738962000000,0.24359,0.24561,0.2413,0.24185,48959945.0,1738965599999,11906379.52779,75813
DOGEUSDT,1738965600000,0.24184,0.24303,0.23866,0.24297,64208092.0,1738969199999,15433257.54629,72845
DOGEUSDT,1738969200000,0.24297,0.2471,0.24212,0.24651,42779910.0,1738972799999,10452752.93092,47552
DOGEUSDT,1738972800000,0.24652,0.24999,0.24571,0.24906,47125959.0,1738976399999,11715240.98425,57169
DOGEUSDT,1738976400000,0.24906,0.24906,0.24686,0.24728,42021810.0,1738979999999,10424930.06311,50042
DOGEUSDT,1738980000000,0.24728,0.248,0.24613,0.24761,39461446.0,1738983599999,9755698.78732,41191
DOGEUSDT,1738983600000,0.24761,0.24887,0.24623,0.24674,33552753.0,1738987199999,8294570.56003,42512
DOGEUSDT,1738987200000,0.24674,0.24731,0.24552,0.24608,28895222.0,1738990799999,7116527.94405,37821
DOGEUSDT,1738990800000,0.24609,0.24636,0.24447,0.24581,22510842.0,1738994399999,5524946.71006,34511
DOGEUSDT,1738994400000,0.24581,0.24766,0.2453,0.24639,26778526.0,1738997999999,6606505.33848,48510
DOGEUSDT,1738998000000,0.24639,0.2492,0.24458,0.24806,37248660.0,1739001599999,9187520.74312,53604
DOGEUSDT,1739001600000,0.24806,0.24882,0.24609,0.2461,15901578.0,1739005199999,3930000.86235,32242
DOGEUSDT,1739005200000,0.2461,0.24805,0.2461,0.24792,11905859.0,1739008799999,2943157.19048,24534
DOGEUSDT,1739008800000,0.24793,0.24887,0.24693,0.24748,17135336.0,1739012399999,4251066.53964,23730
DOGEUSDT,1739012400000,0.24747,0.24858,0.24658,0.24823,15021724.0,1739015999999,3716582.51574,21995
DOGEUSDT,1739016000000,0.24823,0.24889,0.24673,0.2476,16415136.0,1739019599999,4064371.96289,28458
DOGEUSDT,1739019600000,0.2476,0.25155,0.2476,0.24989,49122789.0,1739023199999,12265575.7734,50474
DOGEUSDT,1739023200000,0.24988,0.25105,0.24854,0.25025,26355542.0,1739026799999,6581136.86965,40508
DOGEUSDT,1739026800000,0.25024,0.25146,0.24735,0.24862,30526517.0,1739030399999,7611215.83941,49882
DOGEUSDT,1739030400000,0.24863,0.2515,0.24749,0.25075,33463948.0,1739033999999,8356057.99457,49039
DOGEUSDT,1739034000000,0.25074,0.25365,0.25072,0.25255,35963373.0,1739037599999,9071265.17258,59628
DOGEUSDT,1739037600000,0.25255,0.2531,0.25083,0.25252,21909846.0,1739041199999,5522669.73465,37490
DOGEUSDT,1739041200000,0.25253,0.25409,0.25192,0.25246,21055010.0,1739044799999,5326675.91317,30209
DOGEUSDT,1739044800000,0.25247,0.25294,0.2515,0.25206,11526913.0,1739048399999,2905659.55652,22484
DOGEUSDT,1739048400000,0.25205,0.25219,0.25086,0.25142,10806790.0,1739051999999,2718391.73336,19058
DOGEUSDT,1739052000000,0.25143,0.25255,0.25061,0.25152,13069784.0,1739055599999,3286525.16431,13705
DOGEUSDT,1739055600000,0.25152,0.25417,0.25151,0.25288,12048300.0,1739059199999,3049387.55228,21034
DOGEUSDT,1739059200000,0.25287,0.25377,0.25196,0.25317,18976710.0,1739062799999,4796097.62529,26992
DOGEUSDT,1739062800000,0.25317,0.25536,0.25281,0.25473,32792863.0,1739066399999,8325315.55312,36258
DOGEUSDT,1739066400000,0.25472,0.25504,0.25337,0.25358,21077355.0,1739069999999,5357334.18986,28278
DOGEUSDT,1739070000000,0.25357,0.26,0.25315,0.25925,47208427.0,1739073599999,12152880.10475,60038
DOGEUSDT,1739073600000,0.25924,0.25924,0.25637,0.25861,27628034.0,1739077199999,7120861.65302,34698
DOGEUSDT,1739077200000,0.25861,0.25871,0.25646,0.25693,14735169.0,1739080799999,3794397.19356,23802
DOGEUSDT,1739080800000,0.25694,0.25702,0.25484,0.25633,24651035.0,1739084399999,6305440.05358,33386
DOGEUSDT,1739084400000,0.25634,0.25713,0.25549,0.25592,28391775.0,1739087999999,7272675.57165,30802
DOGEUSDT,1739088000000,0.25593,0.2581,0.25584,0.25755,33308778.0,1739091599999,8558693.90262,31981
DOGEUSDT,1739091600000,0.25755,0.25777,0.25555,0.25643,18478960.0,1739095199999,4739880.6673,29553
DOGEUSDT,1739095200000,0.25643,0.25733,0.25559,0.25593,23880422.0,1739098799999,6123735.08174,26177
DOGEUSDT,1739098800000,0.25593,0.25659,0.25388,0.25399,34999421.0,1739102399999,8915940.0032,32648
DOGEUSDT,1739102400000,0.25399,0.25529,0.25317,0.25408,31461147.0,1739105999999,7998982.27452,34539
DOGEUSDT,1739106000000,0.25408,0.2544,0.24866,0.24933,67326004.0,1739109599999,16934538.86207,68934
DOGEUSDT,1739109600000,0.24933,0.25171,0.24885,0.25071,35831950.0,1739113199999,8979369.96251,45923
DOGEUSDT,1739113200000,0.25071,0.25391,0.25064,0.25326,26273357.0,1739116799999,6638695.83935,37719
DOGEUSDT,1739116800000,0.25327,0.25479,0.25247,0.25416,17507736.0,1739120399999,4443046.60518,27687
DOGEUSDT,1739120400000,0.25416,0.25446,0.25063,0.25143,23451831.0,1739123999999,5917256.20987,29540
DOGEUSDT,1739124000000,0.25143,0.25218,0.25079,0.25116,14428668.0,1739127599999,3627148.69245,27656
DOGEUSDT,1739127600000,0.25115,0.25175,0.24865,0.24957,24413805.0,1739131199999,6102942.19041,34333
DOGEUSDT,1739131200000,0.24957,0.25266,0.24932,0.25126,16312482.0,1739134799999,4098554.7677,28179
DOGEUSDT,1739134800000,0.25125,0.25151,0.24032,0.24189,110565433.0,1739138399999,26965489.89771,123291
DOGEUSDT,1739138400000,0.24189,0.24837,0.23975,0.24603,84150507.0,1739141999999,20498681.95832,99119
DOGEUSDT,1739142000000,0.24602,0.24962,0.24507,0.2489,36702757.0,1739145599999,9078933.00238,55165
DOGEUSDT,1739145600000,0.2489,0.25355,0.24873,0.25109,54121036.0,1739149199999,13602160.29485,68100
DOGEUSDT,1739149200000,0.25111,0.25125,0.24213,0.24351,43254083.0,1739152799999,10635973.76509,87052
DOGEUSDT,1739152800000,0.24351,0.24528,0.24158,0.24321,53730308.0,1739156399999,13050543.59763,86237
DOGEUSDT,1739156400000,0.24322,0.25129,0.2425,0.24803,68869671.0,1739159999999,17052431.05995,121486
DOGEUSDT,1739160000000,0.24804,0.25104,0.24703,0.24872,25096011.0,1739163599999,6250706.72909,50750
DOGEUSDT,1739163600000,0.24872,0.25265,0.24798,0.25015,33947409.0,1739167199999,8489142.65048,55465
DOGEUSDT,1739167200000,0.25016,0.25073,0.24885,0.25008,21437261.0,1739170799999,5352860.83065,37302
DOGEUSDT,1739170800000,0.25008,0.25158,0.24943,0.25082,27447596.0,1739174399999,6877014.9351,31277
DOGEUSDT,1739174400000,0.25082,0.25349,0.2503,0.25272,37198702.0,1739177999999,9387677.58612,57893
DOGEUSDT,1739178000000,0.25272,0.25318,0.25095,0.25156,23793988.0,1739181599999,5997795.42764,43952
DOGEUSDT,1739181600000,0.25156,0.25275,0.2501,0.25077,26367360.0,1739185199999,6633834.51616,33538
DOGEUSDT,1739185200000,0.25076,0.25226,0.24971,0.25135,21387678.0,1739188799999,5367813.452,31509
DOGEUSDT,1739188800000,0.25135,0.25189,0.24871,0.24957,26496057.0,1739192399999,6628287.5336,34598
DOGEUSDT,1739192400000,0.24957,0.25545,0.24929,0.25422,52929485.0,1739195999999,13371068.30565,68786
DOGEUSDT,1739196000000,0.25421,0.25483,0.25001,0.25089,52215114.0,1739199599999,13167892.03991,89094
DOGEUSDT,1739199600000,0.2509,0.25291,0.24978,0.25141,30604020.0,1739203199999,7690214.04436,62777
DOGEUSDT,1739203200000,0.25141,0.25433,0.25114,0.25367,33213190.0,1739206799999,8397385.21501,55279
DOGEUSDT,1739206800000,0.25368,0.25443,0.25192,0.25375,21770904.0,1739210399999,5514746.23193,45417
DOGEUSDT,1739210400000,0.25374,0.25538,0.25328,0.25442,29797645.0,1739213999999,7575674.03048,42237
DOGEUSDT,1739214000000,0.25442,0.2552,0.25278,0.25336,13386356.0,1739217599999,3403513.27101,31336
DOGEUSDT,1739217600000,0.25336,0.25647,0.25308,0.25548,24461597.0,1739221199999,6233379.67257,33741
DOGEUSDT,1739221200000,0.25549,0.25559,0.2533,0.25418,12983157.0,1739224799999,3301472.00697,25858
DOGEUSDT,1739224800000,0.25417,0.25496,0.25282,0.25351,13252551.0,1739228399999,3364277.3947,21601
DOGEUSDT,1739228400000,0.25352,0.25554,0.25242,0.25542,18927071.0,1739231999999,4803662.45735,35834
DOGEUSDT,1739232000000,0.25541,0.25907,0.25504,0.25805,55791397.0,1739235599999,14370976.94402,74310
DOGEUSDT,1739235600000,0.25804,0.25954,0.25694,0.25916,33315179.0,1739239199999,8605508.37942,49297
DOGEUSDT,1739239200000,0.25916,0.26065,0.25632,0.25726,37886120.0,1739242799999,9786860.97039,53587
DOGEUSDT,1739242800000,0.25726,0.25795,0.25589,0.25789,21369177.0,1739246399999,5486751.12947,28830
DOGEUSDT,1739246400000,0.25789,0.26199,0.25752,0.2614,55441832.0,1739249999999,14415919.42315,52075
DOGEUSDT,1739250000000,0.2614,0.26749,0.2608,0.26688,89936780.0,1739253599999,23740845.19659,102759
DOGEUSDT,1739253600000,0.26687,0.27034,0.26453,0.26904,74214022.0,1739257199999,19859136.2677,99654
DOGEUSDT,1739257200000,0.26904,0.26918,0.26619,0.26646,39565326.0,1739260799999,10588047.30535,57408
DOGEUSDT,1739260800000,0.26646,0.26839,0.26521,0.26712,46077186.0,1739264399999,12284129.96775,59428
DOGEUSDT,1739264400000,0.26711,0.26787,0.26463,0.26507,38551486.0,1739267999999,10269067.75665,54400
DOGEUSDT,1739268000000,0.26506,0.2659,0.26373,0.26467,34337476.0,1739271599999,9090572.38079,53893
DOGEUSDT,1739271600000,0.26467,0.26529,0.26375,0.2652,28144518.0,1739275199999,7450587.58608,37569
DOGEUSDT,1739275200000,0.26521,0.26544,0.262,0.26365,34518090.0,1739278799999,9087149.81481,57947
DOGEUSDT,1739278800000,0.26365,0.26453,0.2553,0.25639,77117168.0,1739282399999,20006057.35812,104607
DOGEUSDT,1739282400000,0.25639,0.25991,0.25583,0.25954,49772550.0,1739285999999,12853392.56215,88539
DOGEUSDT,1739286000000,0.25954,0.262,0.258,0.25914,46029319.0,1739289599999,11962424.59989,82263
DOGEUSDT,1739289600000,0.25915,0.26045,0.25615,0.25681,32200177.0,1739293199999,8303707.59336,55555
DOGEUSDT,1739293200000,0.25681,0.25688,0.25389,0.25518,39164464.0,1739296799999,9996328.91492,64637
DOGEUSDT,1739296800000,0.25517,0.25517,0.2507,0.25141,47812783.0,1739300399999,12094826.80647,73825
DOGEUSDT,1739300400000,0.25141,0.2521,0.24839,0.25052,55289961.0,1739303999999,13822251.69806,80627
DOGEUSDT,1739304000000,0.25051,0.25325,0.25002,0.25238,42903032.0,1739307599999,10797501.54456,70440
DOGEUSDT,1739307600000,0.25238,0.25517,0.25183,0.25417,45348903.0,1739311199999,11499873.20705,54537
DOGEUSDT,1739311200000,0.25416,0.25645,0.25138,0.25237,32241853.0,1739314799999,8196109.78241,41184
DOGEUSDT,1739314800000,0.25238,0.25442,0.25219,0.25305,21627097.0,1739318399999,5483897.17716,36945
DOGEUSDT,1739318400000,0.25305,0.25446,0.25114,0.25364,16352029.0,1739321999999,4138422.91244,45231
DOGEUSDT,1739322000000,0.25364,0.25495,0.25172,0.25393,21490470.0,1739325599999,5443670.30987,33242
DOGEUSDT,1739325600000,0.25393,0.25402,0.25045,0.2515,24183549.0,1739329199999,6105024.58357,46171
DOGEUSDT,1739329200000,0.2515,0.25296,0.24962,0.25079,31021317.0,1739332799999,7799596.3555,58724
DOGEUSDT,1739332800000,0.25079,0.25168,0.24953,0.25091,24760894.0,1739336399999,6208317.61821,51959
DOGEUSDT,1739336400000,0.25092,0.25343,0.25034,0.25316,17930424.0,1739339999999,4525971.22379,36780
DOGEUSDT,1739340000000,0.25316,0.25386,0.25149,0.25172,16820885.0,1739343599999,4250622.77907,42170
DOGEUSDT,1739343600000,0.25172,0.25439,0.25129,0.2535,25645881.0,1739347199999,6490678.01514,50172
DOGEUSDT,1739347200000,0.2535,0.2555,0.25327,0.25471,17635671.0,1739350799999,4488632.54603,38461
DOGEUSDT,1739350800000,0.2547,0.25511,0.25291,0.25471,14117828.0,1739354399999,3584528.10317,31566
DOGEUSDT,1739354400000,0.25471,0.25512,0.2534,0.25444,13353139.0,1739357999999,3395689.74606,25686
DOGEUSDT,1739358000000,0.25443,0.25712,0.25441,0.25606,24984408.0,1739361599999,6386078.73641,28923
DOGEUSDT,1739361600000,0.25606,0.26035,0.25605,0.25656,40560094.0,1739365199999,10461241.9865,49750
DOGEUSDT,1739365200000,0.25655,0.25978,0.2477,0.25234,271299323.0,1739368799999,68448224.39017,280322
DOGEUSDT,1739368800000,0.25235,0.25344,0.24661,0.25331,95616495.0,1739372399999,23982663.80401,143587
DOGEUSDT,1739372400000,0.2533,0.2554,0.24927,0.25443,78131207.0,1739375999999,19775314.90528,131006
DOGEUSDT,1739376000000,0.25443,0.25893,0.25062,0.258,72430290.0,1739379599999,18457729.1765,101173
DOGEUSDT,1739379600000,0.258,0.26157,0.25797,0.26074,109801519.0,1739383199999,28507840.95108,125762
DOGEUSDT,1739383200000,0.26074,0.26108,0.25767,0.25944,40660162.0,1739386799999,10532166.25897,72670
DOGEUSDT,1739386800000,0.25944,0.26243,0.25765,0.26169,28111986.0,1739390399999,7312885.55759,45062
DOGEUSDT,1739390400000,0.26169,0.26457,0.26063,0.26332,58836307.0,1739393999999,15475053.15318,64239
DOGEUSDT,1739394000000,0.26333,0.26481,0.26254,0.26324,29764617.0,1739397599999,7840638.15531,35632
DOGEUSDT,1739397600000,0.26325,0.26734,0.26232,0.26496,109608995.0,1739401199999,29075477.16914,70246
DOGEUSDT,1739401200000,0.26495,0.26568,0.2625,0.26418,52314721.0,1739404799999,13801294.47651,49089
DOGEUSDT,1739404800000,0.26419,0.2646,0.2622,0.26398,26980726.0,1739408399999,7101646.39218,32642
DOGEUSDT,1739408400000,0.26398,0.26718,0.26348,0.266,49710404.0,1739411999999,13212268.51378,46007
DOGEUSDT,1739412000000,0.26599,0.26612,0.26281,0.26326,29319054.0,1739415599999,7748161.02598,40099
DOGEUSDT,1739415600000,0.26327,0.26533,0.26303,0.26532,22270247.0,1739419199999,5881673.47233,29658
DOGEUSDT,1739419200000,0.26532,0.2656,0.26125,0.26207,36673105.0,1739422799999,9657514.0707,41289
DOGEUSDT,1739422800000,0.26206,0.26309,0.26,0.26193,59158694.0,1739426399999,15484648.03753,47412
DOGEUSDT,1739426400000,0.26194,0.2623,0.25693,0.25814,55866235.0,1739429999999,14502838.82986,56073
DOGEUSDT,1739430000000,0.25815,0.25945,0.25715,0.25844,36348897.0,1739433599999,9400696.68199,37685
DOGEUSDT,1739433600000,0.25844,0.25916,0.25631,0.25714,21585490.0,1739437199999,5562672.59035,39727
DOGEUSDT,1739437200000,0.25713,0.2594,0.25632,0.25906,22747685.0,1739440799999,5875464.82142,29500
DOGEUSDT,1739440800000,0.25906,0.25948,0.25806,0.25839,15699647.0,1739444399999,4063490.46394,28749
DOGEUSDT,1739444400000,0.25839,0.25874,0.2559,0.25748,25510108.0,1739447999999,6564400.39981,46129
DOGEUSDT,1739448000000,0.25749,0.25784,0.25558,0.25607,27054589.0,1739451599999,6947024.78404,40391
DOGEUSDT,1739451600000,0.25608,0.25874,0.25511,0.25704,49278771.0,1739455199999,12671976.32651,74802
DOGEUSDT,1739455200000,0.25704,0.25712,0.25333,0.25526,57802243.0,1739458799999,14750830.10082,95838
DOGEUSDT,1739458800000,0.25527,0.2582,0.2535,0.25743,49395349.0,1739462399999,12662835.68601,79260
DOGEUSDT,1739462400000,0.25742,0.25742,0.25408,0.25518,23400224.0,1739465999999,5978786.48938,54740
DOGEUSDT,1739466000000,0.25517,0.25729,0.25498,0.25574,42721470.0,1739469599999,10939670.30203,40275
DOGEUSDT,1739469600000,0.25574,0.25716,0.25438,0.2571,16838452.0,1739473199999,4303558.14624,39785
DOGEUSDT,1739473200000,0.2571,0.25958,0.256,0.2562,47702070.0,1739476799999,12310729.24767,48174
DOGEUSDT,1739476800000,0.2562,0.25865,0.25604,0.25785,22997192.0,1739480399999,5924657.74652,27630
DOGEUSDT,1739480400000,0.25785,0.26369,0.25761,0.26206,76390096.0,1739483999999,19906754.405,65728
DOGEUSDT,1739484000000,0.26205,0.26487,0.26066,0.26162,62673941.0,1739487599999,16475111.35804,76939
DOGEUSDT,1739487600000,0.26163,0.26269,0.26032,0.26245,20940400.0,1739491199999,5473743.78979,39125
DOGEUSDT,1739491200000,0.26245,0.26539,0.26085,0.26475,44779835.0,1739494799999,11802786.58108,65296
DOGEUSDT,1739494800000,0.26474,0.26538,0.26115,0.26248,27271084.0,1739498399999,7159273.01693,45482
DOGEUSDT,1739498400000,0.26249,0.26426,0.26189,0.26209,19367706.0,1739501999999,5096949.1382,35237
DOGEUSDT,1739502000000,0.2621,0.26444,0.2616,0.26391,26338031.0,1739505599999,6926125.37772,35139
DOGEUSDT,1739505600000,0.26392,0.2642,0.26194,0.26224,13280125.0,1739509199999,3491897.94309,28101
DOGEUSDT,1739509200000,0.26225,0.26307,0.26078,0.26167,26961222.0,1739512799999,7056334.17631,33317
DOGEUSDT,1739512800000,0.26167,0.26262,0.26101,0.26243,16727002.0,1739516399999,4380420.52993,30323
DOGEUSDT,1739516400000,0.26243,0.26442,0.26233,0.2639,33883063.0,1739519999999,8921991.99191,35593
DOGEUSDT,1739520000000,0.2639,0.26839,0.26389,0.26605,114177619.0,1739523599999,30457554.01343,90147
DOGEUSDT,1739523600000,0.26604,0.27288,0.2657,0.27177,92938038.0,1739527199999,25074568.34854,107134
DOGEUSDT,1739527200000,0.27177,0.27513,0.27086,0.27172,88932775.0,1739530799999,24284258.38721,108347
DOGEUSDT,1739530800000,0.27172,0.27493,0.2707,0.27149,90556705.0,1739534399999,24701894.41285,105804
DOGEUSDT,1739534400000,0.27149,0.27178,0.26725,0.26801,55392778.0,1739537999999,14903552.96311,85666
DOGEUSDT,1739538000000,0.268,0.27109,0.26637,0.27013,45684641.0,1739541599999,12277874.94304,71722
DOGEUSDT,1739541600000,0.27013,0.276,0.26917,0.27358,71595063.0,1739545199999,19517154.96439,108362
DOGEUSDT,1739545200000,0.27359,0.27392,0.26804,0.27218,91994528.0,1739548799999,24932589.71247,134288
DOGEUSDT,1739548800000,0.27218,0.27531,0.26988,0.27483,54384555.0,1739552399999,14802602.51873,95306
DOGEUSDT,1739552400000,0.27483,0.28676,0.27361,0.2819,217640418.0,1739555999999,61033325.44976,239204
DOGEUSDT,1739556000000,0.2819,0.28309,0.2774,0.27814,90933434.0,1739559599999,25471141.60132,144281
DOGEUSDT,1739559600000,0.27815,0.27966,0.27509,0.2763,43923099.0,1739563199999,12191211.50153,78250
DOGEUSDT,1739563200000,0.2763,0.27751,0.27231,0.27323,33744186.0,1739566799999,9290202.4062,58672
DOGEUSDT,1739566800000,0.27323,0.27504,0.27076,0.27486,49547503.0,1739570399999,13527006.01602,67656
DOGEUSDT,1739570400000,0.27485,0.27521,0.2674,0.26972,117280336.0,1739573999999,31705213.70816,69635
DOGEUSDT,1739574000000,0.26972,0.27205,0.26889,0.2718,25520278.0,1739577599999,6905732.46698,48715
DOGEUSDT,1739577600000,0.2718,0.27267,0.27002,0.27238,35319764.0,1739581199999,9586540.3679,53801
DOGEUSDT,1739581200000,0.27239,0.27867,0.27229,0.27696,101495488.0,1739584799999,27998505.45628,110252
DOGEUSDT,1739584800000,0.27695,0.28328,0.27587,0.28274,91715957.0,1739588399999,25586673.33012,94251
DOGEUSDT,1739588400000,0.28274,0.28311,0.27854,0.27867,40579238.0,1739591999999,11387311.88275,66148
DOGEUSDT,1739592000000,0.27867,0.28105,0.27791,0.27815,30816107.0,1739595599999,8616041.6603,43632
DOGEUSDT,1739595600000,0.27814,0.28009,0.27779,0.27898,17832789.0,1739599199999,4973684.82859,43647
DOGEUSDT,1739599200000,0.27897,0.27903,0.27615,0.27648,29241024.0,1739602799999,8107580.06188,49450
DOGEUSDT,1739602800000,0.27648,0.27668,0.27371,0.27525,40274403.0,1739606399999,11085332.51855,53186
DOGEUSDT,1739606400000,0.27525,0.27861,0.27525,0.27771,29238681.0,1739609999999,8105450.40829,42390
DOGEUSDT,1739610000000,0.2777,0.2793,0.27651,0.27859,33833302.0,1739613599999,9413415.44105,49072
DOGEUSDT,1739613600000,0.27859,0.27987,0.27713,0.27953,37826492.0,1739617199999,10549688.69067,54748
DOGEUSDT,1739617200000,0.27954,0.28099,0.2758,0.27742,51340490.0,1739620799999,14293531.0315,73192
DOGEUSDT,1739620800000,0.27743,0.27995,0.27605,0.27859,27464703.0,1739624399999,7642884.23713,64100
DOGEUSDT,1739624400000,0.27859,0.27999,0.27738,0.27846,25742107.0,1739627999999,7178828.47444,52983
DOGEUSDT,1739628000000,0.27846,0.27853,0.27145,0.274,75457058.0,1739631599999,20702232.01937,116974
DOGEUSDT,1739631600000,0.274,0.27762,0.27385,0.27531,32642670.0,1739635199999,9012080.10765,67028
DOGEUSDT,1739635200000,0.27532,0.27623,0.27213,0.27291,35359912.0,1739638799999,9689987.48314,68910
DOGEUSDT,1739638800000,0.27292,0.27394,0.27084,0.27216,24120028.0,1739642399999,6561436.44101,55802
DOGEUSDT,1739642400000,0.27216,0.27509,0.27173,0.27495,21948634.0,1739645999999,6004136.79172,39647
DOGEUSDT,1739646000000,0.27495,0.27537,0.27,0.27085,93728824.0,1739649599999,25487848.55025,54583
DOGEUSDT,1739649600000,0.27086,0.27166,0.26823,0.27021,31298250.0,1739653199999,8444090.13669,44180
DOGEUSDT,1739653200000,0.27021,0.27218,0.27007,0.27187,19634959.0,1739656799999,5320694.23158,28834
DOGEUSDT,1739656800000,0.27187,0.2724,0.26929,0.27118,21196854.0,1739660399999,5737537.51408,22200
DOGEUSDT,1739660400000,0.27118,0.27263,0.27091,0.27174,12650695.0,1739663999999,3436981.58153,23160
DOGEUSDT,1739664000000,0.27174,0.2742,0.27118,0.27286,16771932.0,1739667599999,4575682.824,28103
DOGEUSDT,1739667600000,0.27286,0.27309,0.27141,0.27285,11122798.0,1739671199999,3028720.84239,26797
DOGEUSDT,1739671200000,0.27284,0.27323,0.27025,0.27059,17601028.0,1739674799999,4773644.32971,34046
DOGEUSDT,1739674800000,0.27059,0.27136,0.26901,0.27107,20940445.0,1739678399999,5653598.21871,32888
DOGEUSDT,1739678400000,0.27108,0.27207,0.27009,0.27135,14732155.0,1739681999999,3992441.99067,24418
DOGEUSDT,1739682000000,0.27135,0.2733,0.27009,0.27215,19159484.0,1739685599999,5206168.87597,26593
DOGEUSDT,1739685600000,0.27215,0.27304,0.2709,0.27112,17169541.0,1739689199999,4672183.79377,25086
DOGEUSDT,1739689200000,0.27112,0.27112,0.26903,0.26958,30366979.0,1739692799999,8199031.93738,37501
DOGEUSDT,1739692800000,0.26957,0.27089,0.2689,0.26964,21060366.0,1739696399999,5682780.37749,32363
DOGEUSDT,1739696400000,0.26964,0.2715,0.26749,0.27135,37784520.0,1739699999999,10182241.18049,42625
DOGEUSDT,1739700000000,0.27134,0.27138,0.26941,0.26946,19892034.0,1739703599999,5379381.09328,31122
DOGEUSDT,1739703600000,0.26946,0.27116,0.26906,0.27095,10872435.0,1739707199999,2937477.24738,21691
DOGEUSDT,1739707200000,0.27095,0.27108,0.26931,0.26973,13415560.0,1739710799999,3623112.86252,23134
DOGEUSDT,1739710800000,0.26974,0.26974,0.26577,0.26619,49774112.0,1739714399999,13328792.4975,53678
DOGEUSDT,1739714400000,0.26618,0.26836,0.26485,0.26812,44277969.0,1739717999999,11790680.79034,63082
DOGEUSDT,1739718000000,0.26813,0.26881,0.26716,0.26766,19170051.0,1739721599999,5139273.6092,32058
DOGEUSDT,1739721600000,0.26767,0.26824,0.26648,0.26674,13325469.0,1739725199999,3561288.624,31336
DOGEUSDT,1739725200000,0.26673,0.26794,0.26506,0.26553,22079789.0,1739728799999,5879785.05291,31248
DOGEUSDT,1739728800000,0.26554,0.26622,0.26346,0.26564,29493776.0,1739732399999,7804188.04321,57285
DOGEUSDT,1739732400000,0.26565,0.26699,0.26435,0.26646,12098040.0,1739735999999,3217478.23524,28638
DOGEUSDT,1739736000000,0.26645,0.26691,0.26495,0.26526,10061692.0,1739739599999,2676371.24755,26994
DOGEUSDT,1739739600000,0.26526,0.26804,0.26426,0.26757,15318676.0,1739743199999,4083013.78132,30690
DOGEUSDT,1739743200000,0.26758,0.26768,0.26545,0.26712,16346260.0,1739746799999,4361355.54207,17834
DOGEUSDT,1739746800000,0.26713,0.26719,0.26504,0.26555,27151610.0,1739750399999,7216610.17044,44381
DOGEUSDT,1739750400000,0.26555,0.26677,0.26498,0.2665,13895358.0,1739753999999,3694642.95233,38054
DOGEUSDT,1739754000000,0.2665,0.26885,0.26557,0.2682,15136146.0,1739757599999,4047731.53927,31363
DOGEUSDT,1739757600000,0.2682,0.2687,0.26553,0.26604,17337534.0,1739761199999,4637114.30276,28720
DOGEUSDT,1739761200000,0.26604,0.26626,0.2644,0.2658,28104419.0,1739764799999,7463650.49088,34263
DOGEUSDT,1739764800000,0.2658,0.26586,0.26217,0.26273,24872801.0,1739768399999,6549718.97261,48153
DOGEUSDT,1739768400000,0.26273,0.26344,0.25873,0.26312,97572296.0,1739771999999,25466453.75795,110006
DOGEUSDT,1739772000000,0.26313,0.26437,0.26227,0.26322,19366483.0,1739775599999,5100967.23917,42685
DOGEUSDT,1739775600000,0.26323,0.26405,0.25883,0.25972,35998830.0,1739779199999,9385850.91875,54514
DOGEUSDT,1739779200000,0.25972,0.26256,0.25854,0.26186,29720517.0,1739782799999,7745216.9161,53482
DOGEUSDT,1739782800000,0.26187,0.26464,0.26151,0.26377,28663267.0,1739786399999,7548493.91236,45104
DOGEUSDT,1739786400000,0.26376,0.26562,0.26218,0.26282,27386062.0,1739789999999,7232333.48084,50526
DOGEUSDT,1739790000000,0.26281,0.2642,0.26202,0.26353,15290215.0,1739793599999,4022415.83083,31561
DOGEUSDT,1739793600000,0.26354,0.26583,0.26339,0.26517,22526908.0,1739797199999,5966064.57523,43019
DOGEUSDT,1739797200000,0.26517,0.26565,0.26404,0.26485,19446439.0,1739800799999,5149982.06122,32844
DOGEUSDT,1739800800000,0.26485,0.2688,0.26464,0.26773,46721913.0,1739804399999,12486361.72063,78589
DOGEUSDT,1739804400000,0.26773,0.26843,0.25949,0.26028,83460221.0,1739807999999,22007039.19986,105407
DOGEUSDT,1739808000000,0.26028,0.26173,0.25624,0.25731,87999998.0,1739811599999,22746796.87362,122903
DOGEUSDT,1739811600000,0.25731,0.25972,0.25715,0.25782,27192997.0,1739815199999,7025794.22895,58953
DOGEUSDT,1739815200000,0.25781,0.25781,0.25419,0.25495,50262615.0,1739818799999,12850790.46552,88774
DOGEUSDT,1739818800000,0.25494,0.25719,0.25369,0.25678,24847236.0,1739822399999,6351338.3828,49060
DOGEUSDT,1739822400000,0.25677,0.25879,0.25648,0.25717,20835006.0,1739825999999,5369769.59732,38142
DOGEUSDT,1739826000000,0.25716,0.26126,0.25698,0.26119,22186659.0,1739829599999,5742642.14656,33158
DOGEUSDT,1739829600000,0.2612,0.26139,0.25785,0.25807,22274561.0,1739833199999,5784216.61208,28365
DOGEUSDT,1739833200000,0.25806,0.25934,0.25722,0.25819,19583677.0,1739836799999,5057577.75633,32323
DOGEUSDT,1739836800000,0.25819,0.25926,0.25609,0.25632,18667060.0,1739840399999,4801256.96425,35174
DOGEUSDT,1739840400000,0.25632,0.25954,0.25593,0.25935,17547796.0,1739843999999,4527683.11411,32346
DOGEUSDT,1739844000000,0.25936,0.25987,0.257,0.25747,18760029.0,1739847599999,4842203.485,31389
DOGEUSDT,1739847600000,0.25747,0.25858,0.25672,0.2578,30156084.0,1739851199999,7768433.59453,48258
DOGEUSDT,1739851200000,0.2578,0.25804,0.25516,0.25606,23178063.0,1739854799999,5943224.6063,47963
DOGEUSDT,1739854800000,0.25607,0.25624,0.25178,0.25241,48242883.0,1739858399999,12234502.77768,72322
DOGEUSDT,1739858400000,0.25241,0.2526,0.24772,0.24795,108709603.0,1739861999999,27137753.10367,158619
DOGEUSDT,1739862000000,0.24795,0.25207,0.24701,0.25063,49238921.0,1739865599999,12304573.07365,70991
DOGEUSDT,1739865600000,0.25063,0.25166,0.24812,0.24936,32474794.0,1739869199999,8121199.42616,46806
DOGEUSDT,1739869200000,0.24935,0.25329,0.24847,0.2532,31993742.0,1739872799999,8033760.21226,56828
DOGEUSDT,1739872800000,0.25321,0.25391,0.25147,0.25203,26993660.0,1739876399999,6815684.70263,34655
DOGEUSDT,1739876400000,0.25203,0.2521,0.25046,0.25114,17612390.0,1739879999999,4426189.5934,28830
DOGEUSDT,1739880000000,0.25113,0.25463,0.25087,0.25384,20410174.0,1739883599999,5167909.7628,38494
DOGEUSDT,1739883600000,0.25384,0.25431,0.25237,0.25395,13557518.0,1739887199999,3434629.12699,30963
DOGEUSDT,1739887200000,0.25395,0.25594,0.24951,0.25117,60339652.0,1739890799999,15253381.66166,86883
DOGEUSDT,1739890800000,0.25117,0.25123,0.245,0.24687,92858476.0,1739894399999,22999318.2495,146803
DOGEUSDT,1739894400000,0.24688,0.24873,0.24268,0.24311,103385652.0,1739897999999,25326604.75236,144207
DOGEUSDT,1739898000000,0.24312,0.24588,0.24214,0.24563,58234982.0,1739901599999,14220336.17738,88757
DOGEUSDT,1739901600000,0.24563,0.24874,0.24476,0.24746,28843535.0,1739905199999,7121083.99666,56197
DOGEUSDT,1739905200000,0.24746,0.24857,0.24575,0.24693,22810270.0,1739908799999,5635750.83471,39959
DOGEUSDT,1739908800000,0.24693,0.24801,0.24564,0.24687,15702610.0,1739912399999,3873847.37399,30431
DOGEUSDT,1739912400000,0.24687,0.24992,0.24658,0.24864,35417090.0,1739915999999,8801272.469,48150
DOGEUSDT,1739916000000,0.24865,0.25054,0.24815,0.24909,14299949.0,1739919599999,3563856.30346,22494
DOGEUSDT,1739919600000,0.24908,0.25138,0.2486,0.25137,14712446.0,1739923199999,3682036.41852,25096
DOGEUSDT,1739923200000,0.25137,0.25219,0.25023,0.25052,16604186.0,1739926799999,4173004.95397,29791
DOGEUSDT,1739926800000,0.25052,0.2509,0.2489,0.2507,24822651.0,1739930399999,6202385.22393,30328
DOGEUSDT,1739930400000,0.25071,0.2535,0.25071,0.25299,17708797.0,1739933999999,4470319.91435,37575
DOGEUSDT,1739934000000,0.253,0.25327,0.25133,0.25286,13304322.0,1739937599999,3359859.62213,25313
DOGEUSDT,1739937600000,0.25285,0.25306,0.24945,0.24948,18370320.0,1739941199999,4615781.99486,27050
DOGEUSDT,1739941200000,0.24947,0.25149,0.24924,0.25119,14261629.0,1739944799999,3572198.2095,24816
DOGEUSDT,1739944800000,0.2512,0.25303,0.2509,0.25232,15495444.0,1739948399999,3898369.77524,28408
DOGEUSDT,1739948400000,0.25231,0.25468,0.25203,0.25392,25928396.0,1739951999999,6572398.10605,44732
DOGEUSDT,1739952000000,0.25391,0.25462,0.25212,0.25212,17341774.0,1739955599999,4395610.28802,33442
DOGEUSDT,1739955600000,0.25213,0.2539,0.25194,0.25348,16201909.0,1739959199999,4094895.76415,30756
DOGEUSDT,1739959200000,0.25349,0.25485,0.25284,0.25399,22817203.0,1739962799999,5792150.44472,35896
DOGEUSDT,1739962800000,0.25398,0.25544,0.25372,0.25516,14725203.0,1739966399999,3747643.42426,26336
DOGEUSDT,1739966400000,0.25515,0.2555,0.25306,0.25318,37803671.0,1739969999999,9612847.94626,33464
DOGEUSDT,1739970000000,0.25319,0.25499,0.25319,0.25435,30853745.0,1739973599999,7833823.51656,26816
DOGEUSDT,1739973600000,0.25436,0.25517,0.25056,0.25083,26385165.0,1739977199999,6675425.69091,56442
DOGEUSDT,1739977200000,0.25083,0.25367,0.24998,0.25237,33364939.0,1739980799999,8408749.98445,60567
DOGEUSDT,1739980800000,0.25236,0.25501,0.25219,0.25404,46305165.0,1739984399999,11750769.44138,52113
DOGEUSDT,1739984400000,0.25404,0.25487,0.25233,0.25333,14706802.0,1739987999999,3728099.74819,29329
DOGEUSDT,1739988000000,0.25333,0.25337,0.25127,0.25134,17566390.0,1739991599999,4430147.34185,31583
DOGEUSDT,1739991600000,0.25134,0.25299,0.25023,0.2519,18816246.0,1739995199999,4736741.58609,33662
DOGEUSDT,1739995200000,0.25189,0.25331,0.25085,0.2513,33420292.0,1739998799999,8422197.42734,32211
DOGEUSDT,1739998800000,0.25129,0.25334,0.25091,0.2517,14757696.0,1740002399999,3719823.20292,26658
DOGEUSDT,1740002400000,0.2517,0.25479,0.25113,0.25375,28066489.0,1740005999999,7107673.87736,24754
DOGEUSDT,1740006000000,0.25376,0.25529,0.25376,0.2548,20695178.0,1740009599999,5267829.05171,33449
DOGEUSDT,1740009600000,0.2548,0.25728,0.25409,0.25656,23860108.0,1740013199999,6102879.79476,43715
DOGEUSDT,1740013200000,0.25656,0.2571,0.25413,0.25499,16980669.0,1740016799999,4334696.78317,34510
DOGEUSDT,1740016800000,0.255,0.25661,0.25421,0.2561,26275868.0,1740020399999,6716451.94857,36650
DOGEUSDT,1740020400000,0.25609,0.25687,0.25481,0.25579,25715888.0,1740023999999,6577803.97259,30602
DOGEUSDT,1740024000000,0.25579,0.2571,0.25524,0.2555,23661633.0,1740027599999,6060379.34273,28755
DOGEUSDT,1740027600000,0.2555,0.25704,0.25524,0.25573,17433420.0,1740031199999,4466577.87888,25265
DOGEUSDT,1740031200000,0.25572,0.25592,0.25433,0.25457,20840354.0,1740034799999,5312936.89251,22534
DOGEUSDT,1740034800000,0.25457,0.2553,0.25363,0.25463,19607649.0,1740038399999,4990945.36411,22210
DOGEUSDT,1740038400000,0.25463,0.25491,0.25372,0.25411,49066435.0,1740041999999,12469122.97754,27526
DOGEUSDT,1740042000000,0.25412,0.25445,0.25216,0.25314,71568251.0,1740045599999,18123618.88649,37682
DOGEUSDT,1740045600000,0.25315,0.25526,0.25251,0.25508,26937166.0,1740049199999,6838835.38564,29909
DOGEUSDT,1740049200000,0.25508,0.25565,0.25446,0.25515,20996009.0,1740052799999,5356345.95778,29100
DOGEUSDT,1740052800000,0.25514,0.25559,0.25414,0.25438,17712363.0,1740056399999,4517268.26206,24508
DOGEUSDT,1740056400000,0.25438,0.25495,0.2534,0.25461,22176782.0,1740059999999,5632761.93455,31711
DOGEUSDT,1740060000000,0.25461,0.25758,0.25249,0.25293,67378371.0,1740063599999,17213559.20176,87101
DOGEUSDT,1740063600000,0.25294,0.25345,0.2505,0.25095,60024056.0,1740067199999,15147640.60284,80978
DOGEUSDT,1740067200000,0.25095,0.2532,0.24988,0.25131,38499286.0,1740070799999,9685906.16727,53477
DOGEUSDT,1740070800000,0.25131,0.25285,0.251,0.25238,16318973.0,1740074399999,4111816.70979,33408
DOGEUSDT,1740074400000,0.25238,0.255,0.25217,0.25348,23181309.0,1740077999999,5881917.92182,40917
DOGEUSDT,1740078000000,0.25347,0.25492,0.25288,0.25439,19922592.0,1740081599999,5062531.1656,37211
DOGEUSDT,1740081600000,0.25439,0.25583,0.25376,0.25404,12558649.0,1740085199999,3196358.43562,30901
DOGEUSDT,1740085200000,0.25405,0.25411,0.25143,0.25169,18726157.0,1740088799999,4728855.62565,29302
DOGEUSDT,1740088800000,0.25169,0.25333,0.25146,0.2526,19445169.0,1740092399999,4906563.58744,20792
DOGEUSDT,1740092400000,0.2526,0.25562,0.25251,0.25474,20459918.0,1740095999999,5204187.93216,52538
DOGEUSDT,1740096000000,0.25473,0.2552,0.25286,0.25363,17413311.0,1740099599999,4427016.82865,29219
DOGEUSDT,1740099600000,0.25363,0.254,0.25211,0.25343,10930286.0,1740103199999,2765456.4186,23986
DOGEUSDT,1740103200000,0.25343,0.25433,0.25208,0.25225,19617361.0,1740106799999,4965842.11276,31982
DOGEUSDT,1740106800000,0.25226,0.25339,0.25176,0.25208,30161076.0,1740110399999,7616706.2372,24658
DOGEUSDT,1740110400000,0.25209,0.25377,0.25203,0.25345,12946490.0,1740113999999,3274238.14043,22725
DOGEUSDT,1740114000000,0.25344,0.25445,0.25277,0.2537,15439582.0,1740117599999,3916453.49449,27067
DOGEUSDT,1740117600000,0.25372,0.25377,0.25212,0.25368,15224200.0,1740121199999,3852217.88872,23527
DOGEUSDT,1740121200000,0.25368,0.25473,0.25307,0.25319,21086487.0,1740124799999,5353386.2035,31838
DOGEUSDT,1740124800000,0.25319,0.25486,0.25289,0.25438,15603758.0,1740128399999,3961373.89679,26447
DOGEUSDT,1740128400000,0.25438,0.25841,0.25395,0.25567,63032837.0,1740131999999,16151709.00781,73506
DOGEUSDT,1740132000000,0.25566,0.25712,0.25483,0.25643,22661559.0,1740135599999,5803018.02363,38971
DOGEUSDT,1740135600000,0.25642,0.25659,0.25489,0.25514,19898864.0,1740139199999,5087420.61957,30569
DOGEUSDT,1740139200000,0.25513,0.2578,0.25469,0.25744,32276005.0,1740142799999,8281765.91763,39554
DOGEUSDT,1740142800000,0.25744,0.26134,0.25693,0.26081,103682603.0,1740146399999,26918267.88786,86859
DOGEUSDT,1740146400000,0.26081,0.2611,0.25583,0.25808,56455538.0,1740149999999,14603979.59706,84217
DOGEUSDT,1740150000000,0.25809,0.25996,0.24947,0.25238,137069467.0,1740153599999,34746998.29531,196251
DOGEUSDT,1740153600000,0.25237,0.25534,0.25073,0.25223,62804423.0,1740157199999,15880971.75588,114582
DOGEUSDT,1740157200000,0.25222,0.25322,0.24518,0.2462,132369735.0,1740160799999,32772323.6454,125549
DOGEUSDT,1740160800000,0.24619,0.24745,0.24503,0.24647,57791400.0,1740164399999,14230317.09376,77004
DOGEUSDT,1740164400000,0.24647,0.24674,0.23811,0.24002,146516958.0,1740167999999,35336484.82787,152217
DOGEUSDT,1740168000000,0.24003,0.24162,0.23737,0.23853,77869555.0,1740171599999,18677112.85485,93196
DOGEUSDT,1740171600000,0.23853,0.23946,0.23439,0.23681,77571424.0,1740175199999,18352038.11747,93457
DOGEUSDT,1740175200000,0.23681,0.23963,0.23652,0.23945,63432730.0,1740178799999,15103130.21023,39484
DOGEUSDT,1740178800000,0.23945,0.24006,0.23755,0.23966,45363194.0,1740182399999,10838248.10215,45359
DOGEUSDT,1740182400000,0.23966,0.24136,0.23806,0.24108,39888057.0,1740185999999,9560918.41921,55174
DOGEUSDT,1740186000000,0.24108,0.24428,0.24073,0.2432,40532488.0,1740189599999,9833808.91835,49503
DOGEUSDT,1740189600000,0.24321,0.24322,0.24067,0.24192,20377744.0,1740193199999,4928902.29467,30270
DOGEUSDT,1740193200000,0.24192,0.2425,0.24087,0.24179,19426689.0,1740196799999,4693420.0408,27988
DOGEUSDT,1740196800000,0.24179,0.24309,0.24132,0.24278,13001717.0,1740200399999,3149308.01621,26261
DOGEUSDT,1740200400000,0.24278,0.24499,0.2424,0.24417,26677871.0,1740203999999,6496500.33054,29330
DOGEUSDT,1740204000000,0.24418,0.24522,0.24353,0.24387,21708643.0,1740207599999,5301802.73547,29289
DOGEUSDT,1740207600000,0.24388,0.245,0.24362,0.24393,12907537.0,1740211199999,3153804.59448,24786
DOGEUSDT,1740211200000,0.24393,0.24457,0.24301,0.24329,16582020.0,1740214799999,4037993.10221,25532
DOGEUSDT,1740214800000,0.2433,0.24467,0.2433,0.24411,14110206.0,1740218399999,3444779.70437,22309
DOGEUSDT,1740218400000,0.24411,0.2451,0.24347,0.24347,44445450.0,1740221999999,10851955.92222,34958
DOGEUSDT,1740222000000,0.24347,0.24444,0.24324,0.24402,16088182.0,1740225599999,3922998.28199,19755
DOGEUSDT,1740225600000,0.24402,0.24455,0.24343,0.24438,15955399.0,1740229199999,3895457.17429,25082
DOGEUSDT,1740229200000,0.24438,0.24508,0.24301,0.2434,19357061.0,1740232799999,4719203.04349,25159
DOGEUSDT,1740232800000,0.24341,0.24439,0.24335,0.24378,17998158.0,1740236399999,4391116.73228,22447
DOGEUSDT,1740236400000,0.24378,0.24635,0.24378,0.24562,28383292.0,1740239999999,6956470.96808,32727
DOGEUSDT,1740240000000,0.24562,0.24705,0.24522,0.24532,28216508.0,1740243599999,6947969.33242,40717
DOGEUSDT,1740243600000,0.24531,0.2478,0.24482,0.24741,25504246.0,1740247199999,6278236.78533,31963
DOGEUSDT,1740247200000,0.2474,0.2478,0.24564,0.24634,27092810.0,1740250799999,6684701.69839,31925
DOGEUSDT,1740250800000,0.24633,0.24714,0.24589,0.24708,9800327.0,1740254399999,2416329.75596,17973
DOGEUSDT,1740254400000,0.24707,0.24727,0.24561,0.24637,8739527.0,1740257999999,2151051.11281,17083
DOGEUSDT,1740258000000,0.24637,0.247,0.24613,0.24675,9101092.0,1740261599999,2244017.08053,13937
DOGEUSDT,1740261600000,0.24676,0.24732,0.24651,0.24677,7434994.0,1740265199999,1835709.54742,9638
DOGEUSDT,1740265200000,0.24676,0.24738,0.24602,0.24656,10152325.0,1740268799999,2506863.7576,15126
DOGEUSDT,1740268800000,0.24657,0.24675,0.24531,0.24597,14663623.0,1740272399999,3607571.89662,16823
DOGEUSDT,1740272400000,0.24597,0.24627,0.24453,0.24505,14780539.0,1740275999999,3621778.25791,19935
DOGEUSDT,1740276000000,0.24505,0.24536,0.24388,0.244,13734546.0,1740279599999,3359294.12365,18440
DOGEUSDT,1740279600000,0.244,0.24456,0.24352,0.24406,11472359.0,1740283199999,2800332.74881,18018
DOGEUSDT,1740283200000,0.24406,0.24439,0.24313,0.24418,10209425.0,1740286799999,2487789.22661,14945
DOGEUSDT,1740286800000,0.24417,0.24495,0.2437,0.24421,16722714.0,1740290399999,4088061.93947,18360
DOGEUSDT,1740290400000,0.24421,0.24524,0.24394,0.24488,9454014.0,1740293999999,2314075.96367,15357
DOGEUSDT,1740294000000,0.24488,0.24758,0.24466,0.24694,20190209.0,1740297599999,4975495.18945,23995
DOGEUSDT,1740297600000,0.24693,0.24704,0.24613,0.24657,16478685.0,1740301199999,4063659.95723,20439
DOGEUSDT,1740301200000,0.24658,0.24683,0.24433,0.24587,26213288.0,1740304799999,6429088.21575,19931
DOGEUSDT,1740304800000,0.24586,0.24608,0.24477,0.24547,9957684.0,1740308399999,2442872.91876,15174
DOGEUSDT,1740308400000,0.24547,0.24587,0.24433,0.2446,8846024.0,1740311999999,2167111.16572,15446
DOGEUSDT,1740312000000,0.2446,0.24504,0.24317,0.24374,27293908.0,1740315599999,6657693.91868,27075
DOGEUSDT,1740315600000,0.24375,0.24554,0.24372,0.24488,19732718.0,1740319199999,4828744.39258,25857
DOGEUSDT,1740319200000,0.24489,0.24517,0.24305,0.24349,16265553.0,1740322799999,3966515.35225,20999
DOGEUSDT,1740322800000,0.24348,0.24415,0.24042,0.24075,31425274.0,1740326399999,7608997.80193,34709
DOGEUSDT,1740326400000,0.24075,0.24244,0.24063,0.24148,25071088.0,1740329999999,6059439.21495,26129
DOGEUSDT,1740330000000,0.24148,0.24294,0.24136,0.24264,15282456.0,1740333599999,3701571.02912,19382
DOGEUSDT,1740333600000,0.24264,0.24322,0.24188,0.24197,8543880.0,1740337199999,2074089.6784,13762
DOGEUSDT,1740337200000,0.24198,0.2423,0.24105,0.24122,9564083.0,1740340799999,2310990.94342,12746
DOGEUSDT,1740340800000,0.24122,0.24157,0.2404,0.24153,10108589.0,1740344399999,2435159.55433,14541
DOGEUSDT,1740344400000,0.24152,0.24242,0.24132,0.24221,9504732.0,1740347999999,2298021.35714,11499
DOGEUSDT,1740348000000,0.24221,0.24269,0.24066,0.24182,10978278.0,1740351599999,2649845.94293,9998
DOGEUSDT,1740351600000,0.24182,0.24399,0.24178,0.24285,21071842.0,1740355199999,5115025.14741,35151
DOGEUSDT,1740355200000,0.24285,0.24397,0.24215,0.24238,21738694.0,1740358799999,5285556.8521,37055
DOGEUSDT,1740358800000,0.24238,0.24264,0.23835,0.23941,47141878.0,1740362399999,11319047.39882,63009
DOGEUSDT,1740362400000,0.2394,0.23963,0.23501,0.23528,86355988.0,1740365999999,20464378.37653,87610
DOGEUSDT,1740366000000,0.23527,0.23528,0.22805,0.23025,198659380.0,1740369599999,45940573.59004,186217
DOGEUSDT,1740369600000,0.23026,0.23087,0.22646,0.22995,109479586.0,1740373199999,25053064.96419,128914
DOGEUSDT,1740373200000,0.22995,0.23345,0.22909,0.23285,44498672.0,1740376799999,10298246.82022,58653
DOGEUSDT,1740376800000,0.23284,0.23354,0.23165,0.23281,34044928.0,1740380399999,7920969.19514,37671
DOGEUSDT,1740380400000,0.23281,0.23391,0.23273,0.23324,21374694.0,1740383999999,4985724.55741,28952
DOGEUSDT,1740384000000,0.23324,0.2333,0.22825,0.22946,83667202.0,1740387599999,19260065.77114,84235
DOGEUSDT,1740387600000,0.22946,0.23223,0.2291,0.2303,30473120.0,1740391199999,7038014.37662,50832
DOGEUSDT,1740391200000,0.2303,0.23096,0.2273,0.22996,68698831.0,1740394799999,15724345.74539,74753
DOGEUSDT,1740394800000,0.22995,0.23161,0.2287,0.23132,25594679.0,1740398399999,5891747.29379,43026
DOGEUSDT,1740398400000,0.23131,0.23133,0.22994,0.23057,20498048.0,1740401999999,4728107.00157,38587
DOGEUSDT,1740402000000,0.23057,0.23254,0.22931,0.23017,36154182.0,1740405599999,8347829.89104,56918
DOGEUSDT,1740405600000,0.23016,0.23086,0.22439,0.22525,102553647.0,1740409199999,23307367.17148,125654
DOGEUSDT,1740409200000,0.22525,0.22752,0.22236,0.22546,134455016.0,1740412799999,30215038.14075,193712
DOGEUSDT,1740412800000,0.22546,0.22752,0.22439,0.22533,45881171.0,1740416399999,10369286.0931,65512
DOGEUSDT,1740416400000,0.22532,0.2283,0.22507,0.22682,26678361.0,1740419999999,6056565.37166,43792
DOGEUSDT,1740420000000,0.22682,0.22748,0.22504,0.22518,30884270.0,1740423599999,6993637.25481,40687
DOGEUSDT,1740423600000,0.22517,0.22589,0.2185,0.22199,77459273.0,1740427199999,17150926.50022,106677
DOGEUSDT,1740427200000,0.222,0.22524,0.22125,0.22273,37923349.0,1740430799999,8479924.42551,63904
DOGEUSDT,1740430800000,0.22272,0.22394,0.21929,0.21929,46446927.0,1740434399999,10288368.31202,75336
DOGEUSDT,1740434400000,0.21928,0.2194,0.206,0.20794,371276030.0,1740437999999,78709704.99532,372019
DOGEUSDT,1740438000000,0.20795,0.21439,0.20784,0.21043,88021394.0,1740441599999,18591131.90781,143084
DOGEUSDT,1740441600000,0.21044,0.214,0.20378,0.20978,163695969.0,1740445199999,34273855.14757,343837
DOGEUSDT,1740445200000,0.20978,0.21215,0.20505,0.20954,137020820.0,1740448799999,28631754.42534,231186
DOGEUSDT,1740448800000,0.20954,0.21378,0.20747,0.21289,100402090.0,1740452399999,21134300.16007,152771
DOGEUSDT,1740452400000,0.21289,0.21353,0.20929,0.21035,59361193.0,1740455999999,12537783.00306,97524
DOGEUSDT,1740456000000,0.21035,0.21138,0.20671,0.20787,107002632.0,1740459599999,22356820.2384,160378
DOGEUSDT,1740459600000,0.20788,0.21278,0.20683,0.21255,74573323.0,1740463199999,15733911.43585,137062
DOGEUSDT,1740463200000,0.21255,0.21296,0.2087,0.209,72570320.0,1740466799999,15289100.23742,117091
DOGEUSDT,1740466800000,0.209,0.20954,0.19725,0.20385,456216545.0,1740470399999,92486028.77592,554659
DOGEUSDT,1740470400000,0.20385,0.20709,0.20288,0.20467,141565101.0,1740473999999,29135669.75961,198372
DOGEUSDT,1740474000000,0.20468,0.20588,0.20108,0.20135,132423436.0,1740477599999,26854988.69669,149937
DOGEUSDT,1740477600000,0.20136,0.20465,0.19557,0.20296,235937003.0,1740481199999,47263199.80852,330772
DOGEUSDT,1740481200000,0.20296,0.20741,0.1988,0.2066,154631196.0,1740484799999,31291275.44229,196540
DOGEUSDT,1740484800000,0.20661,0.20978,0.20569,0.20859,98453338.0,1740488399999,20420744.08268,120704
DOGEUSDT,1740488400000,0.2086,0.20938,0.20525,0.20612,55157529.0,1740491999999,11404483.89223,73188
DOGEUSDT,1740492000000,0.20611,0.20798,0.20106,0.20165,92289025.0,1740495599999,18822017.10361,144849
DOGEUSDT,1740495600000,0.20165,0.20584,0.19805,0.20346,176240461.0,1740499199999,35478677.65231,309849
DOGEUSDT,1740499200000,0.20347,0.20779,0.20004,0.20529,95282162.0,1740502799999,19363302.661,162232
DOGEUSDT,1740502800000,0.20528,0.20788,0.20384,0.20575,57271456.0,1740506399999,11782824.15254,101296
DOGEUSDT,1740506400000,0.20575,0.2079,0.20305,0.20434,55435195.0,1740509999999,11365850.89538,100560
DOGEUSDT,1740510000000,0.20434,0.20883,0.20219,0.20859,56869456.0,1740513599999,11661074.08542,99934
DOGEUSDT,1740513600000,0.20859,0.21225,0.20707,0.21053,67302221.0,1740517199999,14130451.29739,132055
DOGEUSDT,1740517200000,0.21054,0.21271,0.20905,0.21239,35735466.0,1740520799999,7529690.75257,55693
DOGEUSDT,1740520800000,0.21239,0.21465,0.21085,0.21266,48287972.0,1740524399999,10269833.56114,60534
DOGEUSDT,1740524400000,0.21266,0.2139,0.21109,0.21158,40041126.0,1740527999999,8510952.04998,60358
DOGEUSDT,1740528000000,0.21158,0.21206,0.20837,0.20844,70882835.0,1740531599999,14888666.07734,70960
DOGEUSDT,1740531600000,0.20845,0.21077,0.20832,0.21018,51027788.0,1740535199999,10691123.75934,61008
DOGEUSDT,1740535200000,0.21018,0.2134,0.20893,0.21262,52454908.0,1740538799999,11057008.33255,58478
DOGEUSDT,1740538800000,0.21261,0.21409,0.21146,0.21208,54205659.0,1740542399999,11542835.58255,57102
DOGEUSDT,1740542400000,0.21208,0.2139,0.2116,0.21206,32829336.0,1740545999999,6984287.08745,42441
DOGEUSDT,1740546000000,0.21206,0.21259,0.20946,0.20955,30102077.0,1740549599999,6349862.83029,43636
DOGEUSDT,1740549600000,0.20954,0.21188,0.20937,0.21187,17464877.0,1740553199999,3679972.31041,30673
DOGEUSDT,1740553200000,0.21186,0.2121,0.20836,0.21019,51331033.0,1740556799999,10781471.70766,51101
DOGEUSDT,1740556800000,0.21018,0.21049,0.20826,0.21028,35626161.0,1740560399999,7463660.3395,40505
DOGEUSDT,1740560400000,0.21029,0.21396,0.21003,0.21345,38592256.0,1740563999999,8190033.48252,50006
DOGEUSDT,1740564000000,0.21344,0.21347,0.21182,0.21308,27328598.0,1740567599999,5806716.30283,35334
DOGEUSDT,1740567600000,0.21308,0.2135,0.20984,0.20999,38786670.0,1740571199999,8209275.20566,54644
DOGEUSDT,1740571200000,0.21,0.21017,0.205,0.20662,84512518.0,1740574799999,17563096.15464,82214
DOGEUSDT,1740574800000,0.20661,0.20714,0.20504,0.20538,64586646.0,1740578399999,13318057.3195,70252
DOGEUSDT,1740578400000,0.20539,0.2084,0.202,0.20834,173017386.0,1740581999999,35356619.2401,194268
DOGEUSDT,1740582000000,0.20835,0.21317,0.20828,0.20989,102734142.0,1740585599999,21649195.55981,129234
DOGEUSDT,1740585600000,0.2099,0.211,0.2055,0.20627,85014742.0,1740589199999,17633484.23747,118793
DOGEUSDT,1740589200000,0.20628,0.20696,0.20101,0.20172,85831397.0,1740592799999,17500899.55984,111325
DOGEUSDT,1740592800000,0.20171,0.20322,0.1961,0.19751,189871934.0,1740596399999,37963499.90938,271546
DOGEUSDT,1740596400000,0.1975,0.20055,0.19618,0.19867,100612115.0,1740599999999,19949316.12716,165821
DOGEUSDT,1740600000000,0.19868,0.204,0.19621,0.20364,111630365.0,1740603599999,22305642.48259,199399
DOGEUSDT,1740603600000,0.20364,0.20568,0.20173,0.20491,72157680.0,1740607199999,14683235.89357,113905
DOGEUSDT,1740607200000,0.20492,0.20776,0.20441,0.205,36910643.0,1740610799999,7609663.23285,57009
DOGEUSDT,1740610800000,0.205,0.20612,0.20241,0.20355,38140838.0,1740614399999,7768905.16626,38799
DOGEUSDT,1740614400000,0.20355,0.20459,0.20133,0.20287,41338400.0,1740617999999,8394892.52788,56520
DOGEUSDT,1740618000000,0.20288,0.20596,0.20101,0.20427,51252811.0,1740621599999,10457108.74708,64585
DOGEUSDT,1740621600000,0.20428,0.20686,0.20343,0.20413,34508938.0,1740625199999,7067735.88843,49783
DOGEUSDT,1740625200000,0.20413,0.20686,0.20355,0.20633,26799146.0,1740628799999,5506735.25997,37492
DOGEUSDT,1740628800000,0.20633,0.20721,0.20425,0.20512,24271298.0,1740632399999,4983940.39345,33072
DOGEUSDT,1740632400000,0.20512,0.20795,0.20484,0.20763,33999698.0,1740635999999,7023435.44004,39822
DOGEUSDT,1740636000000,0.20762,0.2106,0.20697,0.20891,45795184.0,1740639599999,9564872.91637,48593
DOGEUSDT,1740639600000,0.20891,0.21023,0.20837,0.2087,31875277.0,1740643199999,6671039.66295,36900
DOGEUSDT,1740643200000,0.2087,0.209,0.20742,0.20778,29524309.0,1740646799999,6145654.97158,32992
DOGEUSDT,1740646800000,0.20778,0.21012,0.20776,0.20917,28594993.0,1740650399999,5977304.81713,32386
DOGEUSDT,1740650400000,0.20917,0.21159,0.20878,0.21144,39250639.0,1740653999999,8263073.23441,34989
DOGEUSDT,1740654000000,0.21143,0.21159,0.20867,0.20929,39728617.0,1740657599999,8335426.99555,35839
DOGEUSDT,1740657600000,0.2093,0.21056,0.2082,0.20941,36074306.0,1740661199999,7550262.01853,30747
DOGEUSDT,1740661200000,0.20941,0.21023,0.20757,0.20819,46895414.0,1740664799999,9798493.37508,59114
DOGEUSDT,1740664800000,0.20818,0.21036,0.20634,0.20651,69013957.0,1740668399999,14359754.33892,83517
DOGEUSDT,1740668400000,0.2065,0.2101,0.20488,0.20915,70620256.0,1740671999999,14655706.41827,84240
DOGEUSDT,1740672000000,0.20915,0.21105,0.20723,0.20767,46807745.0,1740675599999,9806071.93364,67963
DOGEUSDT,1740675600000,0.20768,0.20957,0.207,0.20916,25678089.0,1740679199999,5351001.46625,38781
DOGEUSDT,1740679200000,0.20917,0.21022,0.2087,0.20903,17119263.0,1740682799999,3584314.581,29715
DOGEUSDT,1740682800000,0.20904,0.20912,0.20427,0.20506,31079107.0,1740686399999,6404487.52692,45790
DOGEUSDT,1740686400000,0.20507,0.20524,0.20137,0.20288,69037964.0,1740689999999,14012607.62455,72428
DOGEUSDT,1740690000000,0.20288,0.20623,0.20104,0.20613,36072057.0,1740693599999,7350517.0011,53846
DOGEUSDT,1740693600000,0.20613,0.20681,0.20421,0.20664,17444657.0,1740697199999,3580141.8871,20454
DOGEUSDT,1740697200000,0.20663,0.20767,0.20563,0.20687,12511477.0,1740700799999,2585839.17325,23727
DOGEUSDT,1740700800000,0.20688,0.20727,0.20515,0.20557,21428358.0,1740704399999,4416583.02329,33701
DOGEUSDT,1740704400000,0.20556,0.20627,0.19404,0.19561,236120623.0,1740707999999,46921133.78332,306922
DOGEUSDT,1740708000000,0.1956,0.19797,0.19006,0.19291,258199634.0,1740711599999,49854649.09536,349308
DOGEUSDT,1740711600000,0.1929,0.19447,0.18891,0.18962,135966642.0,1740715199999,26043405.00863,108606
DOGEUSDT,1740715200000,0.18963,0.19039,0.18516,0.18876,176185571.0,1740718799999,33166010.13247,190050
DOGEUSDT,1740718800000,0.18876,0.18923,0.18531,0.18808,104438142.0,1740722399999,19508313.12507,132609
DOGEUSDT,1740722400000,0.18809,0.18893,0.18293,0.18539,115319450.0,1740725999999,21403485.14836,150901
DOGEUSDT,1740726000000,0.18538,0.18816,0.1839,0.18538,80872608.0,1740729599999,15022867.22133,98295
DOGEUSDT,1740729600000,0.18538,0.18653,0.18154,0.1862,96119665.0,1740733199999,17695647.51071,137366
DOGEUSDT,1740733200000,0.18619,0.18896,0.18533,0.18848,99126461.0,1740736799999,18577315.86978,88090
DOGEUSDT,1740736800000,0.18848,0.18882,0.18451,0.18488,51660907.0,1740740399999,9626966.7129,53085
DOGEUSDT,1740740400000,0.18487,0.18789,0.18476,0.18591,42868072.0,1740743999999,7989217.26697,56948
DOGEUSDT,1740744000000,0.1859,0.18719,0.18458,0.18673,45481721.0,1740747599999,8458471.37167,54970
DOGEUSDT,1740747600000,0.18674,0.19161,0.18615,0.19062,133865078.0,1740751199999,25371259.61485,135509
DOGEUSDT,1740751200000,0.19062,0.19433,0.19021,0.19284,134287010.0,1740754799999,25830656.97768,139502
DOGEUSDT,1740754800000,0.19283,0.19958,0.19267,0.19754,127939744.0,1740758399999,25178377.42308,109205
DOGEUSDT,1740758400000,0.19754,0.20063,0.19563,0.19833,75588180.0,1740761999999,14940166.56933,81022
DOGEUSDT,1740762000000,0.19831,0.20029,0.19774,0.1981,51912039.0,1740765599999,10327403.20958,67280
DOGEUSDT,1740765600000,0.19811,0.20248,0.1973,0.20081,48857977.0,1740769199999,9769718.24906,72790
DOGEUSDT,1740769200000,0.20081,0.20224,0.20056,0.2011,38925245.0,1740772799999,7834520.45717,43435
DOGEUSDT,1740772800000,0.20109,0.20193,0.19895,0.20085,33472807.0,1740776399999,6700419.86338,42850
DOGEUSDT,1740776400000,0.20084,0.20264,0.2004,0.20183,21932843.0,1740779999999,4420902.63654,28759
DOGEUSDT,1740780000000,0.20184,0.20249,0.20002,0.20078,27087001.0,1740783599999,5454800.82315,24545
DOGEUSDT,1740783600000,0.20078,0.20222,0.20025,0.20184,18578980.0,1740787199999,3743654.39024,19871
DOGEUSDT,1740787200000,0.20184,0.20282,0.19939,0.1995,28875324.0,1740790799999,5800327.57223,32454
DOGEUSDT,1740790800000,0.1995,0.20515,0.19934,0.20459,44483329.0,1740794399999,8997967.42268,39455
DOGEUSDT,1740794400000,0.20459,0.20691,0.20284,0.20557,62825147.0,1740797999999,12888703.1674,55910
DOGEUSDT,1740798000000,0.20557,0.20688,0.20479,0.20617,35380672.0,1740801599999,7285257.96771,27364
DOGEUSDT,1740801600000,0.20616,0.209,0.20567,0.20862,38229257.0,1740805199999,7947128.03797,36181
DOGEUSDT,1740805200000,0.20862,0.20884,0.20576,0.20595,33572324.0,1740808799999,6961610.48202,28602
DOGEUSDT,1740808800000,0.20595,0.20605,0.20357,0.20538,44512597.0,1740812399999,9107912.26203,32005
DOGEUSDT,1740812400000,0.20538,0.2054,0.20363,0.20415,22791765.0,1740815999999,4660790.23492,21322
DOGEUSDT,1740816000000,0.20416,0.20516,0.20372,0.20498,18945962.0,1740819599999,3874308.95616,16731
DOGEUSDT,1740819600000,0.20499,0.20646,0.2043,0.20554,26939686.0,1740823199999,5536084.29225,26687
DOGEUSDT,1740823200000,0.20553,0.20554,0.20306,0.20403,31192902.0,1740826799999,6367705.30143,36815
DOGEUSDT,1740826800000,0.20404,0.20433,0.20152,0.20305,39306962.0,1740830399999,7966851.09374,46061
DOGEUSDT,1740830400000,0.20305,0.20356,0.20146,0.20303,19514037.0,1740833999999,3950754.09862,34258
DOGEUSDT,1740834000000,0.20304,0.20357,0.19944,0.20018,70921161.0,1740837599999,14255047.39499,58473
DOGEUSDT,1740837600000,0.20017,0.202,0.19983,0.20084,28294990.0,1740841199999,5683120.03178,43104
DOGEUSDT,1740841200000,0.20085,0.20237,0.19985,0.20209,27107925.0,1740844799999,5455793.09596,45347
DOGEUSDT,1740844800000,0.2021,0.20435,0.20192,0.20364,36774530.0,1740848399999,7469176.7357,54387
DOGEUSDT,1740848400000,0.20364,0.20365,0.20095,0.20205,21994912.0,1740851999999,4447374.65185,32814
DOGEUSDT,1740852000000,0.20205,0.20387,0.20115,0.20313,16230051.0,1740855599999,3287436.69926,31220
DOGEUSDT,1740855600000,0.20314,0.2051,0.203,0.20426,20205029.0,1740859199999,4123127.80647,33298
DOGEUSDT,1740859200000,0.20426,0.20456,0.20309,0.20386,12393462.0,1740862799999,2524228.30508,21335
DOGEUSDT,1740862800000,0.20387,0.20649,0.20311,0.20596,22745022.0,1740866399999,4660286.98865,27329
DOGEUSDT,1740866400000,0.20597,0.20785,0.20535,0.20667,21678743.0,1740869999999,4478223.23414,26835
DOGEUSDT,1740870000000,0.20667,0.20687,0.20494,0.20673,16518483.0,1740873599999,3401592.97992,26601
DOGEUSDT,1740873600000,0.20673,0.2073,0.20467,0.20609,22208611.0,1740877199999,4578543.31251,36659
DOGEUSDT,1740877200000,0.20609,0.20742,0.2055,0.20659,21889974.0,1740880799999,4519642.92911,35595
DOGEUSDT,1740880800000,0.20659,0.2085,0.2052,0.20614,41959476.0,1740884399999,8674010.26901,49569
DOGEUSDT,1740884400000,0.20614,0.2074,0.2058,0.20655,17527891.0,1740887999999,3621515.06824,25829
DOGEUSDT,1740888000000,0.20655,0.20689,0.20556,0.20567,14403062.0,1740891599999,2969222.1171,22037
DOGEUSDT,1740891600000,0.20566,0.20664,0.20513,0.2061,14283842.0,1740895199999,2940394.98402,22105
DOGEUSDT,1740895200000,0.20612,0.20862,0.20486,0.20709,35500124.0,1740898799999,7353099.81287,40871
DOGEUSDT,1740898800000,0.20709,0.20775,0.20642,0.20716,25535131.0,1740902399999,5287719.73198,30099
DOGEUSDT,1740902400000,0.20716,0.20762,0.20545,0.20581,25271960.0,1740905999999,5209965.97356,28611
DOGEUSDT,1740906000000,0.20581,0.20849,0.20543,0.20744,27632382.0,1740909599999,5723906.86609,34600
DOGEUSDT,1740909600000,0.20744,0.20992,0.20711,0.20824,33157074.0,1740913199999,6921337.47691,44721
DOGEUSDT,1740913200000,0.20825,0.20835,0.20742,0.20779,15824573.0,1740916799999,3289404.96862,27497
DOGEUSDT,1740916800000,0.2078,0.20786,0.20606,0.20699,19664695.0,1740920399999,4065363.27234,24413
DOGEUSDT,1740920400000,0.207,0.207,0.20403,0.2048,34195981.0,1740923999999,7011387.50926,32441
DOGEUSDT,1740924000000,0.20479,0.205,0.20171,0.20235,49131520.0,1740927599999,9970557.81288,63268
DOGEUSDT,1740927600000,0.20236,0.21878,0.20169,0.2109,420068081.0,1740931199999,89011114.28507,513568
DOGEUSDT,1740931200000,0.21091,0.23341,0.2105,0.22838,735597481.0,1740934799999,165658569.44926,782579
DOGEUSDT,1740934800000,0.22838,0.23576,0.22469,0.23107,398130601.0,1740938399999,91847739.48379,456895
DOGEUSDT,1740938400000,0.23108,0.23191,0.22573,0.22756,151317844.0,1740941999999,34564371.84314,200469
DOGEUSDT,1740942000000,0.22756,0.2326,0.22734,0.23196,129560060.0,1740945599999,29819286.23167,95730
DOGEUSDT,1740945600000,0.23195,0.23497,0.23047,0.23301,112561363.0,1740949199999,26229527.73414,111250
DOGEUSDT,1740949200000,0.23301,0.23501,0.23251,0.23428,59061946.0,1740952799999,13821696.54298,100141
DOGEUSDT,1740952800000,0.23428,0.23875,0.2325,0.23708,57478793.0,1740956399999,13541133.24557,77696
DOGEUSDT,1740956400000,0.23708,0.24218,0.2364,0.23931,122517592.0,1740959999999,29313809.17627,160478
DOGEUSDT,1740960000000,0.2393,0.24062,0.2345,0.2346,119122500.0,1740963599999,28175106.14894,198550
DOGEUSDT,1740963600000,0.2346,0.23593,0.23033,0.23072,89189619.0,1740967199999,20757016.66004,120480
DOGEUSDT,1740967200000,0.23072,0.23106,0.22687,0.22928,90772298.0,1740970799999,20765676.69212,97370
DOGEUSDT,1740970800000,0.22927,0.22989,0.2256,0.22733,63038288.0,1740974399999,14331883.73982,73254
DOGEUSDT,1740974400000,0.22732,0.22878,0.227,0.22851,29166515.0,1740977999999,6648160.44438,38998
DOGEUSDT,1740978000000,0.2285,0.22895,0.22748,0.22821,26227303.0,1740981599999,5982953.87377,35266
DOGEUSDT,1740981600000,0.22821,0.22821,0.21828,0.21984,120314041.0,1740985199999,26756160.99205,127679
DOGEUSDT,1740985200000,0.21985,0.2227,0.21679,0.2225,92696661.0,1740988799999,20376573.55758,114838
DOGEUSDT,1740988800000,0.22249,0.22267,0.21617,0.21784,55032399.0,1740992399999,12076351.14972,89374
DOGEUSDT,1740992400000,0.21783,0.21925,0.21534,0.21838,57296214.0,1740995999999,12476059.53881,110931
DOGEUSDT,1740996000000,0.21837,0.22119,0.218,0.22025,38016977.0,1740999599999,8366792.53994,66594
DOGEUSDT,1740999600000,0.22024,0.22054,0.21852,0.21966,30941319.0,1741003199999,6792493.55537,48473
DOGEUSDT,1741003200000,0.21966,0.22193,0.21893,0.22082,51462769.0,1741006799999,11351931.65094,79398
DOGEUSDT,1741006800000,0.22083,0.22485,0.22031,0.22364,75623133.0,1741010399999,16821636.17349,93352
DOGEUSDT,1741010400000,0.22364,0.22377,0.21237,0.21286,168495851.0,1741013999999,36788903.8259,259021
DOGEUSDT,1741014000000,0.21288,0.21879,0.21254,0.21517,145584863.0,1741017599999,31405012.94895,225891
DOGEUSDT,1741017600000,0.21517,0.21718,0.21364,0.21605,42392964.0,1741021199999,9136753.79606,82822
DOGEUSDT,1741021200000,0.21604,0.21778,0.21454,0.21551,28863246.0,1741024799999,6237088.75356,63791
DOGEUSDT,1741024800000,0.21552,0.21582,0.20467,0.20604,197295683.0,1741028399999,41149419.60848,305201
DOGEUSDT,1741028400000,0.20601,0.20755,0.19731,0.1988,283755342.0,1741031999999,57295087.56622,380252
DOGEUSDT,1741032000000,0.1988,0.20113,0.19575,0.19931,207481962.0,1741035599999,41365914.71771,291377
DOGEUSDT,1741035600000,0.19931,0.19999,0.19328,0.19424,89711259.0,1741039199999,17703967.82157,118867
DOGEUSDT,1741039200000,0.19425,0.20054,0.19419,0.2,66918832.0,1741042799999,13242239.32236,85615
DOGEUSDT,1741042800000,0.2,0.20113,0.1985,0.19913,37870133.0,1741046399999,7568951.81522,54369
DOGEUSDT,1741046400000,0.19914,0.20129,0.19708,0.19736,53590294.0,1741049999999,10675014.37564,117756
DOGEUSDT,1741050000000,0.19736,0.19811,0.18781,0.19037,302114817.0,1741053599999,58058345.78272,363376
DOGEUSDT,1741053600000,0.19037,0.19288,0.18544,0.19158,233390064.0,1741057199999,44129229.58523,310351
DOGEUSDT,1741057200000,0.19159,0.19344,0.19009,0.19126,50445804.0,1741060799999,9673707.93822,97727
DOGEUSDT,1741060800000,0.19127,0.19289,0.19067,0.19104,30984653.0,1741064399999,5941935.68286,66900
DOGEUSDT,1741064400000,0.19104,0.19515,0.19056,0.19402,46704043.0,1741067999999,9031761.65411,111134
DOGEUSDT,1741068000000,0.19402,0.19469,0.19227,0.19289,39927567.0,1741071599999,7706200.86288,65641
DOGEUSDT,1741071600000,0.19289,0.19335,0.19119,0.19199,34018247.0,1741075199999,6537687.51063,59402
DOGEUSDT,1741075200000,0.192,0.1939,0.19083,0.1932,32127390.0,1741078799999,6178435.61356,70207
DOGEUSDT,1741078800000,0.19321,0.19368,0.1913,0.19201,28550200.0,1741082399999,5499753.6365,49384
DOGEUSDT,1741082400000,0.19201,0.19411,0.19152,0.19384,21398843.0,1741085999999,4128136.91637,53124
DOGEUSDT,1741086000000,0.19384,0.19532,0.19311,0.19331,28381799.0,1741089599999,5507137.5591,53306
DOGEUSDT,1741089600000,0.1933,0.1941,0.19168,0.19278,28790988.0,1741093199999,5550523.1417,64325
DOGEUSDT,1741093200000,0.19277,0.19277,0.18826,0.18897,68936949.0,1741096799999,13087056.45242,128231
DOGEUSDT,1741096800000,0.18897,0.20034,0.18836,0.19268,292023389.0,1741100399999,57083915.01403,417624
DOGEUSDT,1741100400000,0.19268,0.19344,0.18788,0.19295,160719050.0,1741103999999,30720846.53304,343007
DOGEUSDT,1741104000000,0.19296,0.19336,0.18279,0.19097,157187033.0,1741107599999,29366507.93426,286121
DOGEUSDT,1741107600000,0.19097,0.19746,0.19075,0.19621,86277997.0,1741111199999,16782771.05871,156500
DOGEUSDT,1741111200000,0.19621,0.19957,0.1953,0.19915,50044038.0,1741114799999,9871151.51782,81621
DOGEUSDT,1741114800000,0.19915,0.20121,0.19832,0.20047,66863081.0,1741118399999,13367994.66588,96176
DOGEUSDT,1741118400000,0.20047,0.20106,0.19666,0.19707,36121574.0,1741121999999,7196855.08573,64540
DOGEUSDT,1741122000000,0.19707,0.20232,0.19624,0.19912,43344503.0,1741125599999,8642685.66443,85803
DOGEUSDT,1741125600000,0.19912,0.2004,0.19836,0.19847,19186990.0,1741129199999,3827571.48287,36598
DOGEUSDT,1741129200000,0.19847,0.19963,0.19758,0.19905,19381884.0,1741132799999,3851032.41747,39669
DOGEUSDT,1741132800000,0.19905,0.1999,0.19722,0.1981,33837334.0,1741136399999,6711858.2103,59980
DOGEUSDT,1741136400000,0.1981,0.20121,0.19713,0.20117,22894773.0,1741139999999,4574175.88516,55054
DOGEUSDT,1741140000000,0.20117,0.20438,0.19993,0.20195,56506011.0,1741143599999,11413806.21853,89988
DOGEUSDT,1741143600000,0.20194,0.20328,0.19929,0.19947,28512911.0,1741147199999,5756822.6937,65445
DOGEUSDT,1741147200000,0.19947,0.20026,0.1961,0.19837,167801114.0,1741150799999,33242929.43283,105064
DOGEUSDT,1741150800000,0.19838,0.19909,0.19756,0.19784,15568129.0,1741154399999,3087768.48772,29558
DOGEUSDT,1741154400000,0.19785,0.19961,0.19645,0.19922,27699856.0,1741157999999,5478278.30632,34890
DOGEUSDT,1741158000000,0.19922,0.20074,0.19876,0.19963,24855120.0,1741161599999,4963073.09387,35375
DOGEUSDT,1741161600000,0.19963,0.20147,0.1994,0.20053,25474300.0,1741165199999,5113623.19745,39314
DOGEUSDT,1741165200000,0.20054,0.20451,0.20008,0.2023,82255150.0,1741168799999,16706547.42233,71023
DOGEUSDT,1741168800000,0.2023,0.20664,0.20186,0.20476,80097758.0,1741172399999,16391190.48967,83326
DOGEUSDT,1741172400000,0.20477,0.20547,0.20203,0.20278,34653937.0,1741175999999,7065519.33858,51190
DOGEUSDT,1741176000000,0.20279,0.20555,0.20249,0.20311,57201255.0,1741179599999,11657429.29049,69289
DOGEUSDT,1741179600000,0.20312,0.20385,0.2,0.20093,50845522.0,1741183199999,10253411.54576,76820
DOGEUSDT,1741183200000,0.20094,0.2014,0.19835,0.1991,64922246.0,1741186799999,12982493.77695,110434
DOGEUSDT,1741186800000,0.19911,0.20225,0.1981,0.19984,51755447.0,1741190399999,10356804.3149,108321
DOGEUSDT,1741190400000,0.19983,0.20129,0.19778,0.20044,44479799.0,1741193999999,8865796.78099,74142
DOGEUSDT,1741194000000,0.20043,0.20371,0.19989,0.20205,40696927.0,1741197599999,8204590.91562,83212
DOGEUSDT,1741197600000,0.20204,0.20371,0.20079,0.20335,17837754.0,1741201199999,3605173.3269,53515
DOGEUSDT,1741201200000,0.20336,0.20479,0.20294,0.20397,18882305.0,1741204799999,3849594.91586,36446
DOGEUSDT,1741204800000,0.20398,0.20495,0.20333,0.20458,23024149.0,1741208399999,4704241.96337,32899
DOGEUSDT,1741208400000,0.20459,0.20487,0.2033,0.20393,16449344.0,1741211999999,3355914.16658,27135
DOGEUSDT,1741212000000,0.20393,0.20521,0.20369,0.20465,17749781.0,1741215599999,3627222.07481,18086
DOGEUSDT,1741215600000,0.20465,0.20569,0.20395,0.20471,21046648.0,1741219199999,4311793.48211,28793
DOGEUSDT,1741219200000,0.20471,0.20533,0.2023,0.20259,21214650.0,1741222799999,4315935.47923,35226
DOGEUSDT,1741222800000,0.2026,0.20831,0.20248,0.20546,30739101.0,1741226399999,6323678.22378,60828
DOGEUSDT,1741226400000,0.20546,0.20775,0.20513,0.20726,29286364.0,1741229999999,6037876.8028,55992
DOGEUSDT,1741230000000,0.20726,0.20944,0.2071,0.20839,34632030.0,1741233599999,7216789.59574,52605
DOGEUSDT,1741233600000,0.20839,0.2148,0.20814,0.21428,52001406.0,1741237199999,10980636.81202,67128
DOGEUSDT,1741237200000,0.21429,0.22,0.21412,0.21734,99321698.0,1741240799999,21551405.52365,130605
DOGEUSDT,1741240800000,0.21735,0.218,0.21266,0.21386,93390321.0,1741244399999,20047023.82476,75818
DOGEUSDT,1741244400000,0.21387,0.21433,0.20715,0.20874,250849207.0,1741247999999,52728330.72655,115436
DOGEUSDT,1741248000000,0.20873,0.21128,0.20848,0.21006,56183188.0,1741251599999,11797232.39338,57180
DOGEUSDT,1741251600000,0.21,0.21047,0.20791,0.20909,27711016.0,1741255199999,5798011.88817,48968
DOGEUSDT,1741255200000,0.20909,0.21187,0.20851,0.21095,34665170.0,1741258799999,7297749.12939,44308
DOGEUSDT,1741258800000,0.21093,0.21141,0.20951,0.21122,23995017.0,1741262399999,5051143.37279,36103
DOGEUSDT,1741262400000,0.21121,0.21177,0.20663,0.20746,54517861.0,1741265999999,11362163.69797,63102
DOGEUSDT,1741266000000,0.20746,0.20825,0.20528,0.20552,55739106.0,1741269599999,11535107.11009,67544
DOGEUSDT,1741269600000,0.20553,0.20704,0.2027,0.20439,59241447.0,1741273199999,12119947.33513,102095
DOGEUSDT,1741273200000,0.20439,0.20841,0.20403,0.20669,63529680.0,1741276799999,13131734.76481,95930
DOGEUSDT,1741276800000,0.2067,0.20739,0.20251,0.20283,36110721.0,1741280399999,7405020.79894,71515
DOGEUSDT,1741280400000,0.20284,0.20306,0.20028,0.20169,66817968.0,1741283999999,13455643.67814,94054
DOGEUSDT,1741284000000,0.20169,0.20225,0.20038,0.2015,29984214.0,1741287599999,6040250.9373,40628
DOGEUSDT,1741287600000,0.20149,0.2021,0.19901,0.19977,99913372.0,1741291199999,20034868.71095,60736
DOGEUSDT,1741291200000,0.19978,0.20162,0.19938,0.20055,30734206.0,1741294799999,6165136.94214,41899
DOGEUSDT,1741294800000,0.20056,0.20276,0.20024,0.20179,23714934.0,1741298399999,4774795.04202,34155
DOGEUSDT,1741298400000,0.2018,0.20483,0.20123,0.20254,39349246.0,1741301999999,7981940.45823,59821
DOGEUSDT,1741302000000,0.20255,0.2033,0.2014,0.20153,18967789.0,1741305599999,3837846.0822,41289
DOGEUSDT,1741305600000,0.20152,0.20412,0.1902,0.19177,232372467.0,1741309199999,45455268.86271,350432
DOGEUSDT,1741309200000,0.19178,0.1999,0.19111,0.19754,92843615.0,1741312799999,18189400.07535,151613
DOGEUSDT,1741312800000,0.19754,0.19888,0.19629,0.19721,35940095.0,1741316399999,7097014.58827,73168
DOGEUSDT,1741316400000,0.19721,0.19833,0.19605,0.19633,21675072.0,1741319999999,4273344.31265,44128
DOGEUSDT,1741320000000,0.19633,0.19828,0.19611,0.19738,24082473.0,1741323599999,4750399.86825,32884
DOGEUSDT,1741323600000,0.19738,0.2002,0.19727,0.19918,21262409.0,1741327199999,4229917.70067,38087
DOGEUSDT,1741327200000,0.19918,0.20054,0.19811,0.20002,16929850.0,1741330799999,3372826.64337,26773
DOGEUSDT,1741330800000,0.20002,0.20118,0.19957,0.20082,20238967.0,1741334399999,4055319.04532,32266
DOGEUSDT,1741334400000,0.20082,0.20109,0.19961,0.20043,21064155.0,1741337999999,4218269.83171,30178
DOGEUSDT,1741338000000,0.20042,0.20374,0.20033,0.20186,30001849.0,1741341599999,6064147.00885,55563
DOGEUSDT,1741341600000,0.20185,0.20373,0.20151,0.2037,19119915.0,1741345199999,3873202.00148,30587
DOGEUSDT,1741345200000,0.2037,0.20557,0.20323,0.20431,32438121.0,1741348799999,6632273.61722,44425
DOGEUSDT,1741348800000,0.2043,0.20516,0.20191,0.20321,39634648.0,1741352399999,8067069.2365,44434
DOGEUSDT,1741352400000,0.20321,0.20791,0.20318,0.20425,89185058.0,1741355999999,18360269.08592,110572
DOGEUSDT,1741356000000,0.20426,0.2087,0.20303,0.20615,67506777.0,1741359599999,13913044.02791,113689
DOGEUSDT,1741359600000,0.20614,0.20774,0.2026,0.20494,65783941.0,1741363199999,13492655.88486,112307
DOGEUSDT,1741363200000,0.20494,0.20575,0.19834,0.20004,89705501.0,1741366799999,18111732.56723,158403
DOGEUSDT,1741366800000,0.20004,0.20584,0.19941,0.20331,43296321.0,1741370399999,8750151.52907,94761
DOGEUSDT,1741370400000,0.20332,0.20689,0.20276,0.20643,36819446.0,1741373999999,7550527.88084,78829
DOGEUSDT,1741374000000,0.20644,0.20718,0.20384,0.20535,30145176.0,1741377599999,6204621.95704,55835
DOGEUSDT,1741377600000,0.20535,0.20723,0.20287,0.20495,52126695.0,1741381199999,10684000.7983,86683
DOGEUSDT,1741381200000,0.20495,0.20545,0.19952,0.2008,100888719.0,1741384799999,20344129.13379,140791
DOGEUSDT,1741384800000,0.2008,0.20101,0.19763,0.19985,35272942.0,1741388399999,7026185.92694,60062
DOGEUSDT,1741388400000,0.19985,0.19985,0.1958,0.19844,42181352.0,1741391999999,8339164.70913,64695
DOGEUSDT,1741392000000,0.19843,0.20025,0.19753,0.20004,46352174.0,1741395599999,9243079.83076,43632
DOGEUSDT,1741395600000,0.20004,0.20086,0.19525,0.19831,43037944.0,1741399199999,8525792.90659,60495
DOGEUSDT,1741399200000,0.19832,0.19889,0.19723,0.19824,16571115.0,1741402799999,3282120.80556,33935
DOGEUSDT,1741402800000,0.19824,0.19826,0.19576,0.1975,11805365.0,1741406399999,2326057.53901,29772
DOGEUSDT,1741406400000,0.19749,0.19954,0.1963,0.1994,15510028.0,1741409999999,3076927.27308,29711
DOGEUSDT,1741410000000,0.19941,0.19956,0.19669,0.19768,15230830.0,1741413599999,3012234.14966,23887
DOGEUSDT,1741413600000,0.19769,0.19856,0.19685,0.19768,20303215.0,1741417199999,4012013.09637,27302
DOGEUSDT,1741417200000,0.19768,0.19815,0.19601,0.19641,16441166.0,1741420799999,3240412.05091,24698
DOGEUSDT,1741420800000,0.19641,0.19687,0.1953,0.19538,17066518.0,1741424399999,3344224.96545,32665
DOGEUSDT,1741424400000,0.19539,0.19715,0.19422,0.19467,25651772.0,1741427999999,5021278.90086,36349
DOGEUSDT,1741428000000,0.19466,0.1959,0.19443,0.19524,13999892.0,1741431599999,2734140.8122,24763
DOGEUSDT,1741431600000,0.19525,0.19526,0.19304,0.19431,23692610.0,1741435199999,4592910.19839,45258
DOGEUSDT,1741435200000,0.19432,0.19547,0.19334,0.19492,23363072.0,1741438799999,4548777.35506,37230
DOGEUSDT,1741438800000,0.19492,0.19605,0.19423,0.19542,14802311.0,1741442399999,2889629.62837,30126
DOGEUSDT,1741442400000,0.19541,0.19666,0.1949,0.19505,18382425.0,1741445999999,3599504.85682,29138
DOGEUSDT,1741446000000,0.19505,0.19591,0.19385,0.19465,16743376.0,1741449599999,3261360.73254,32047
DOGEUSDT,1741449600000,0.19466,0.19511,0.19109,0.19281,61039299.0,1741453199999,11733424.98185,95312
DOGEUSDT,1741453200000,0.19281,0.19446,0.19113,0.19336,44063964.0,1741456799999,8485460.56151,89173
DOGEUSDT,1741456800000,0.19336,0.1939,0.19275,0.19381,14397566.0,1741460399999,2784162.56533,30711
DOGEUSDT,1741460400000,0.19382,0.19552,0.19289,0.19489,12882981.0,1741463999999,2504794.64979,25529
DOGEUSDT,1741464000000,0.1949,0.19507,0.19388,0.19397,8154462.0,1741467599999,1583831.98306,14125
DOGEUSDT,1741467600000,0.19397,0.19534,0.19397,0.19415,9608240.0,1741471199999,1869257.10655,14545
DOGEUSDT,1741471200000,0.19415,0.19432,0.19166,0.19295,21427869.0,1741474799999,4136559.1788,20621
DOGEUSDT,1741474800000,0.19294,0.19305,0.19146,0.19234,15296924.0,1741478399999,2943223.93648,25624
DOGEUSDT,1741478400000,0.19234,0.19395,0.19143,0.19334,14023855.0,1741481999999,2706772.22881,24754
DOGEUSDT,1741482000000,0.19334,0.19423,0.1913,0.19142,24325004.0,1741485599999,4677941.16875,26474
DOGEUSDT,1741485600000,0.19142,0.19197,0.18956,0.18999,42259895.0,1741489199999,8051187.69361,41376
DOGEUSDT,1741489200000,0.19,0.19148,0.18937,0.19077,22852284.0,1741492799999,4354263.75208,36988
DOGEUSDT,1741492800000,0.19076,0.19091,0.18984,0.19075,38064871.0,1741496399999,7242096.84898,30451
DOGEUSDT,1741496400000,0.19074,0.19157,0.1901,0.1904,27563411.0,1741499999999,5259952.47526,24920
DOGEUSDT,1741500000000,0.1904,0.1906,0.18871,0.19014,39541605.0,1741503599999,7495028.16398,40860
DOGEUSDT,1741503600000,0.19015,0.19203,0.18974,0.19142,13762079.0,1741507199999,2632210.22234,23905
DOGEUSDT,1741507200000,0.19141,0.19144,0.1898,0.18987,16817725.0,1741510799999,3207100.20731,26305
DOGEUSDT,1741510800000,0.18987,0.1901,0.18777,0.18803,32466266.0,1741514399999,6141308.82818,42633
DOGEUSDT,1741514400000,0.18804,0.18845,0.18377,0.18463,98547058.0,1741517999999,18328662.58591,93560
DOGEUSDT,1741518000000,0.18464,0.18596,0.1845,0.18525,50290198.0,1741521599999,9311937.09846,56754
DOGEUSDT,1741521600000,0.18524,0.18525,0.18316,0.18434,69114900.0,1741525199999,12733305.11846,65048
DOGEUSDT,1741525200000,0.18434,0.18487,0.18015,0.18023,66242221.0,1741528799999,12080735.49887,80677
DOGEUSDT,1741528800000,0.18023,0.18207,0.17934,0.18109,94751483.0,1741532399999,17114447.35428,109024
DOGEUSDT,1741532400000,0.18109,0.18125,0.17599,0.17732,138079254.0,1741535999999,24650600.35128,128592
DOGEUSDT,1741536000000,0.17731,0.17796,0.17037,0.17059,214305450.0,1741539599999,37228657.84137,232858
DOGEUSDT,1741539600000,0.1706,0.1728,0.16658,0.16807,198918833.0,1741543199999,33815156.9966,214154
DOGEUSDT,1741543200000,0.16806,0.17127,0.16534,0.16915,177220650.0,1741546799999,29791055.46371,229235
DOGEUSDT,1741546800000,0.16916,0.17244,0.16845,0.17148,85850411.0,1741550399999,14654223.27571,112512
DOGEUSDT,1741550400000,0.17148,0.17273,0.1708,0.17134,52039588.0,1741553999999,8942674.39295,70729
DOGEUSDT,1741554000000,0.17133,0.17161,0.16796,0.16873,43393940.0,1741557599999,7354584.50727,44981
DOGEUSDT,1741557600000,0.16874,0.16888,0.16651,0.16685,67575574.0,1741561199999,11327740.61632,75372
DOGEUSDT,1741561200000,0.16685,0.16922,0.16552,0.16809,97088787.0,1741564799999,16264259.14831,104399
DOGEUSDT,1741564800000,0.1681,0.17124,0.16459,0.17042,123282592.0,1741568399999,20731854.31618,142778
DOGEUSDT,1741568400000,0.17042,0.17246,0.16902,0.17122,63164803.0,1741571999999,10800668.45156,84856
DOGEUSDT,1741572000000,0.17122,0.17413,0.17058,0.17247,72747115.0,1741575599999,12573179.6859,69902
DOGEUSDT,1741575600000,0.17247,0.17288,0.17063,0.17175,25059969.0,1741579199999,4300425.10941,41970
DOGEUSDT,1741579200000,0.17175,0.17459,0.17162,0.17456,34131683.0,1741582799999,5922972.01475,39290
DOGEUSDT,1741582800000,0.17455,0.17508,0.17298,0.1736,32723471.0,1741586399999,5690535.39045,33911
DOGEUSDT,1741586400000,0.17361,0.1739,0.17178,0.17292,32129217.0,1741589999999,5550409.87619,48450
DOGEUSDT,1741590000000,0.17292,0.17481,0.1723,0.17384,25435232.0,1741593599999,4410013.16713,37669
DOGEUSDT,1741593600000,0.17384,0.17393,0.17052,0.17087,49140472.0,1741597199999,8448957.78065,58275
DOGEUSDT,1741597200000,0.17087,0.18095,0.17083,0.17438,182573450.0,1741600799999,32345196.67479,205574
DOGEUSDT,1741600800000,0.17438,0.17539,0.17225,0.17407,48436216.0,1741604399999,8412152.95242,77703
DOGEUSDT,1741604400000,0.17408,0.17832,0.17346,0.17739,42969790.0,1741607999999,7551349.9131,64890
DOGEUSDT,1741608000000,0.17739,0.17845,0.17466,0.17628,58428953.0,1741611599999,10316426.9141,93139
DOGEUSDT,1741611600000,0.17628,0.17675,0.17092,0.17144,73952477.0,1741615199999,12837334.27334,115057
DOGEUSDT,1741615200000,0.17143,0.17143,0.16401,0.16575,230793328.0,1741618799999,38584150.81605,283648
DOGEUSDT,1741618800000,0.16574,0.17017,0.16482,0.16722,83094506.0,1741622399999,13920376.72464,143096
DOGEUSDT,1741622400000,0.16722,0.16787,0.162,0.16282,101311864.0,1741625999999,16656563.22938,145785
DOGEUSDT,1741626000000,0.16283,0.16327,0.15712,0.158,223892536.0,1741629599999,35793967.43682,239772
DOGEUSDT,1741629600000,0.15799,0.16054,0.15174,0.15206,186232683.0,1741633199999,29067843.63195,199588
DOGEUSDT,1741633200000,0.15207,0.15852,0.1504,0.1575,184255008.0,1741636799999,28513478.09325,236634
DOGEUSDT,1741636800000,0.15751,0.1586,0.15555,0.1573,64040204.0,1741640399999,10067721.72567,71663
DOGEUSDT,1741640400000,0.15729,0.1585,0.15574,0.15707,41309338.0,1741643999999,6497974.5614,37820
DOGEUSDT,1741644000000,0.15707,0.15775,0.15462,0.15545,43625357.0,1741647599999,6796794.83829,43537
DOGEUSDT,1741647600000,0.15544,0.15664,0.15361,0.15408,56811446.0,1741651199999,8812889.71148,70758
DOGEUSDT,1741651200000,0.15409,0.15679,0.1428,0.14824,335533265.0,1741654799999,49717920.00396,287848
DOGEUSDT,1741654800000,0.14823,0.15322,0.1439,0.15313,247519578.0,1741658399999,36595892.57276,251809
DOGEUSDT,1741658400000,0.15314,0.15522,0.15258,0.15437,103438553.0,1741661999999,15919360.52451,98153
DOGEUSDT,1741662000000,0.15437,0.15656,0.15424,0.1544,53482998.0,1741665599999,8303851.22349,52918
DOGEUSDT,1741665600000,0.1544,0.15736,0.15402,0.15642,74245333.0,1741669199999,11574702.75923,60002
DOGEUSDT,1741669200000,0.15643,0.15966,0.15616,0.15883,76779256.0,1741672799999,12153087.62438,67478
DOGEUSDT,1741672800000,0.15883,0.16026,0.15708,0.15731,59972508.0,1741676399999,9529022.12614,56084
DOGEUSDT,1741676400000,0.1573,0.16,0.15712,0.15876,44984096.0,1741679999999,7135510.0613,44653
DOGEUSDT,1741680000000,0.15876,0.16127,0.15839,0.15972,53900443.0,1741683599999,8625154.92921,49441
DOGEUSDT,1741683600000,0.15972,0.16242,0.15967,0.1603,72606032.0,1741687199999,11686881.79413,53703
DOGEUSDT,1741687200000,0.16029,0.16229,0.15961,0.16176,39978778.0,1741690799999,6444655.79292,39718
DOGEUSDT,1741690800000,0.16176,0.16274,0.16007,0.16165,39511104.0,1741694399999,6374196.9031,40578
DOGEUSDT,1741694400000,0.16165,0.16204,0.15758,0.15815,102211988.0,1741697999999,16291056.3185,64161
DOGEUSDT,1741698000000,0.15815,0.16287,0.15635,0.15909,215829690.0,1741701599999,34421354.20468,185975
DOGEUSDT,1741701600000,0.1591,0.16044,0.15282,0.15462,217588150.0,1741705199999,33948187.95475,210674
DOGEUSDT,1741705200000,0.15463,0.16209,0.1544,0.16116,96543906.0,1741708799999,15358288.88264,97329
DOGEUSDT,1741708800000,0.16116,0.165,0.15981,0.16285,94964646.0,1741712399999,15462853.96208,81975
DOGEUSDT,1741712400000,0.16286,0.16415,0.15867,0.15966,77822119.0,1741715999999,12533016.96376,68894
DOGEUSDT,1741716000000,0.15966,0.16836,0.1596,0.16712,135534373.0,1741719599999,22377344.24467,119187
DOGEUSDT,1741719600000,0.16712,0.16854,0.16612,0.16836,55614301.0,1741723199999,9305543.98502,65178
DOGEUSDT,1741723200000,0.16836,0.16862,0.16626,0.16633,40914320.0,1741726799999,6845827.97573,38328
DOGEUSDT,1741726800000,0.16634,0.16772,0.16586,0.16656,30230907.0,1741730399999,5045131.1724,22746
DOGEUSDT,1741730400000,0.16655,0.16764,0.16621,0.16713,20549445.0,1741733999999,3431879.03472,26160
DOGEUSDT,1741734000000,0.16714,0.16735,0.16395,0.16454,40673758.0,1741737599999,6722151.04642,34570
DOGEUSDT,1741737600000,0.16453,0.16566,0.1631,0.16394,38992662.0,1741741199999,6411507.5805,42019
DOGEUSDT,1741741200000,0.16395,0.16839,0.16368,0.16651,46570650.0,1741744799999,7733785.83458,47688
DOGEUSDT,1741744800000,0.16651,0.16666,0.16281,0.16342,42839211.0,1741748399999,7056886.53658,51237
DOGEUSDT,1741748400000,0.16342,0.16413,0.16094,0.16117,36861952.0,1741751999999,5984351.23564,40658
DOGEUSDT,1741752000000,0.16116,0.16179,0.15954,0.1606,55902071.0,1741755599999,8972159.08326,43022
DOGEUSDT,1741755600000,0.16061,0.16288,0.16026,0.16254,30743499.0,1741759199999,4963924.51277,28321
DOGEUSDT,1741759200000,0.16253,0.16285,0.16056,0.16205,35253948.0,1741762799999,5700555.11383,33843
DOGEUSDT,1741762800000,0.16206,0.166,0.162,0.16545,60139956.0,1741766399999,9870407.18599,60204
DOGEUSDT,1741766400000,0.16546,0.16888,0.16491,0.16785,90718391.0,1741769999999,15139424.83272,90077
DOGEUSDT,1741770000000,0.16785,0.16944,0.16523,0.1671,81446765.0,1741773599999,13599887.62147,74322
DOGEUSDT,1741773600000,0.1671,0.16736,0.16527,0.16665,32900201.0,1741777199999,5473223.81948,34905
DOGEUSDT,1741777200000,0.16666,0.16879,0.16666,0.16857,40131136.0,1741780799999,6736288.79511,33009
DOGEUSDT,1741780800000,0.16857,0.17418,0.16775,0.17205,167877967.0,1741784399999,28796655.31942,152325
DOGEUSDT,1741784400000,0.17206,0.17287,0.16611,0.16703,87086771.0,1741787999999,14760236.2821,140341
DOGEUSDT,1741788000000,0.16703,0.16736,0.16431,0.16451,80273790.0,1741791599999,13301195.32679,127398
DOGEUSDT,1741791600000,0.16451,0.16569,0.16132,0.16523,117140287.0,1741795199999,19185361.76517,108616
DOGEUSDT,1741795200000,0.16522,0.16821,0.16476,0.16606,57587289.0,1741798799999,9597020.12886,85180
DOGEUSDT,1741798800000,0.16607,0.16807,0.16534,0.16586,44590078.0,1741802399999,7449141.479,59035
DOGEUSDT,1741802400000,0.16586,0.16888,0.1655,0.16826,28423740.0,1741805999999,4755817.5058,51859
DOGEUSDT,1741806000000,0.16826,0.16995,0.16753,0.16916,27543148.0,1741809599999,4654706.06391,39943
DOGEUSDT,1741809600000,0.16915,0.17067,0.16862,0.17008,22647363.0,1741813199999,3839748.80335,29626
DOGEUSDT,1741813200000,0.17009,0.172,0.16911,0.16996,30622686.0,1741816799999,5226054.5538,35720
DOGEUSDT,1741816800000,0.16997,0.17204,0.16978,0.17178,21075511.0,1741820399999,3607078.12573,35821
DOGEUSDT,1741820400000,0.17179,0.17268,0.17098,0.17244,24546016.0,1741823999999,4216541.99829,27821
DOGEUSDT,1741824000000,0.17244,0.17296,0.17105,0.17141,45765561.0,1741827599999,7873801.13716,39323
DOGEUSDT,1741827600000,0.17142,0.17223,0.16992,0.17141,30280565.0,1741831199999,5177741.52789,27229
DOGEUSDT,1741831200000,0.17141,0.17294,0.17079,0.17095,25255491.0,1741834799999,4337044.32024,23215
DOGEUSDT,1741834800000,0.17095,0.17208,0.17016,0.17046,24070285.0,1741838399999,4109052.19786,19458
DOGEUSDT,1741838400000,0.17046,0.17133,0.16871,0.16946,30053229.0,1741841999999,5101804.50293,22021
DOGEUSDT,1741842000000,0.16946,0.17011,0.16701,0.16767,69421539.0,1741845599999,11714205.50118,39954
DOGEUSDT,1741845600000,0.16767,0.16885,0.16646,0.16848,43144963.0,1741849199999,7228023.36482,31750
DOGEUSDT,1741849200000,0.16849,0.17074,0.16815,0.16978,29611584.0,1741852799999,5015632.54042,29746
DOGEUSDT,1741852800000,0.16978,0.1708,0.16819,0.17003,31846191.0,1741856399999,5397457.14229,31764
DOGEUSDT,1741856400000,0.17002,0.17262,0.16993,0.17243,57244278.0,1741859999999,9815691.96374,41873
DOGEUSDT,1741860000000,0.17242,0.17267,0.17032,0.17131,62860487.0,1741863599999,10770541.0371,56821
DOGEUSDT,1741863600000,0.1713,0.17163,0.16947,0.1706,55733966.0,1741867199999,9490322.96351,61302
DOGEUSDT,1741867200000,0.1706,0.1728,0.16797,0.16863,84233613.0,1741870799999,14332032.64831,71646
DOGEUSDT,1741870800000,0.16864,0.17138,0.16566,0.16632,134592750.0,1741874399999,22685103.04457,142809
DOGEUSDT,1741874400000,0.16632,0.1696,0.16543,0.16822,152080394.0,1741877999999,25531090.27837,157652
DOGEUSDT,1741878000000,0.16823,0.16885,0.16541,0.16601,57827811.0,1741881599999,9654075.57143,71974
DOGEUSDT,1741881600000,0.16602,0.16656,0.16445,0.16537,42518090.0,1741885199999,7033941.78343,62528
DOGEUSDT,1741885200000,0.16537,0.16594,0.1623,0.1627,46045727.0,1741888799999,7550839.28133,66517
DOGEUSDT,1741888800000,0.1627,0.16586,0.16261,0.16476,34719024.0,1741892399999,5708786.86731,46145
DOGEUSDT,1741892400000,0.16475,0.16516,0.16226,0.16287,22633719.0,1741895999999,3693133.17632,34842
DOGEUSDT,1741896000000,0.16287,0.16433,0.16186,0.16236,32509188.0,1741899599999,5298223.54639,30409
DOGEUSDT,1741899600000,0.16236,0.16357,0.16172,0.16344,24114053.0,1741903199999,3918646.60639,25660
DOGEUSDT,1741903200000,0.16344,0.16592,0.1632,0.16583,24836321.0,1741906799999,4086984.78009,29829
DOGEUSDT,1741906800000,0.16583,0.16668,0.1647,0.16523,21715017.0,1741910399999,3595338.0759,29730
DOGEUSDT,1741910400000,0.16523,0.16744,0.16462,0.16666,26954259.0,1741913999999,4477402.54404,39008
DOGEUSDT,1741914000000,0.16666,0.16823,0.16588,0.16733,24077457.0,1741917599999,4021941.23251,30738
DOGEUSDT,1741917600000,0.16732,0.16905,0.16707,0.1688,25677266.0,1741921199999,4320741.08864,37933
DOGEUSDT,1741921200000,0.1688,0.16925,0.1674,0.16878,23027058.0,1741924799999,3875094.78856,30473
DOGEUSDT,1741924800000,0.16878,0.16951,0.16857,0.16906,13392042.0,1741928399999,2263963.21963,21444
DOGEUSDT,1741928400000,0.16907,0.16929,0.1682,0.16909,17989628.0,1741931999999,3036599.49493,18288
DOGEUSDT,1741932000000,0.1691,0.16919,0.1678,0.16848,18159148.0,1741935599999,3058943.02116,22491
DOGEUSDT,1741935600000,0.16847,0.16946,0.16783,0.16846,19282780.0,1741939199999,3248775.69516,21739
DOGEUSDT,1741939200000,0.16846,0.1704,0.16846,0.16954,29082279.0,1741942799999,4931787.95005,28233
DOGEUSDT,1741942800000,0.16954,0.17019,0.16888,0.16912,14072723.0,1741946399999,2384840.68763,18807
DOGEUSDT,1741946400000,0.16912,0.17017,0.16814,0.16932,24231940.0,1741949999999,4095874.22807,22050
DOGEUSDT,1741950000000,0.16933,0.1701,0.1691,0.16977,15068869.0,1741953599999,2555954.90974,14764
DOGEUSDT,1741953600000,0.16978,0.17063,0.16864,0.1699,25137594.0,1741957199999,4264028.01302,18406
DOGEUSDT,1741957200000,0.1699,0.17216,0.16951,0.17147,38089018.0,1741960799999,6507113.62192,40211
DOGEUSDT,1741960800000,0.17146,0.17208,0.16954,0.1717,72077770.0,1741964399999,12313020.31657,69011
DOGEUSDT,1741964400000,0.17171,0.17626,0.17171,0.17342,108924692.0,1741967999999,18983602.13081,81784
DOGEUSDT,1741968000000,0.17343,0.17415,0.17187,0.17322,44273486.0,1741971599999,7656014.08897,47616
DOGEUSDT,1741971600000,0.17322,0.17358,0.17083,0.17153,26201230.0,1741975199999,4502328.21729,30229
DOGEUSDT,1741975200000,0.17154,0.17195,0.17062,0.1712,13809972.0,1741978799999,2365455.58373,18921
DOGEUSDT,1741978800000,0.1712,0.17243,0.17031,0.17093,20477823.0,1741982399999,3510473.28046,18845
DOGEUSDT,1741982400000,0.17092,0.17095,0.16929,0.17049,19470004.0,1741985999999,3311027.94789,21341
DOGEUSDT,1741986000000,0.17049,0.1718,0.17006,0.17162,14890060.0,1741989599999,2542540.66456,12110
DOGEUSDT,1741989600000,0.17162,0.17363,0.17129,0.17328,15782091.0,1741993199999,2722819.1663,17050
DOGEUSDT,1741993200000,0.17329,0.17332,0.17155,0.17194,12310453.0,1741996799999,2121785.7736,15961
DOGEUSDT,1741996800000,0.17194,0.17307,0.17148,0.17274,14479605.0,1742000399999,2493151.40728,20915
DOGEUSDT,1742000400000,0.17275,0.17325,0.17121,0.17192,18969931.0,1742003999999,3267644.68533,18848
DOGEUSDT,1742004000000,0.17192,0.17274,0.17125,0.17231,18121190.0,1742007599999,3115025.12917,17643
DOGEUSDT,1742007600000,0.17232,0.17388,0.17217,0.17374,24264725.0,1742011199999,4199803.52061,19609
DOGEUSDT,1742011200000,0.17375,0.17513,0.17272,0.17463,27292895.0,1742014799999,4751062.36064,22436
DOGEUSDT,1742014800000,0.17463,0.17476,0.17333,0.17337,16844716.0,1742018399999,2929488.51144,15276
DOGEUSDT,1742018400000,0.17338,0.17449,0.17298,0.17359,17221636.0,1742021999999,2994415.59269,16375
DOGEUSDT,1742022000000,0.17359,0.17382,0.17151,0.17211,23761201.0,1742025599999,4094804.17743,18920
DOGEUSDT,1742025600000,0.17211,0.1733,0.17128,0.1732,26058874.0,1742029199999,4487186.78641,18267
DOGEUSDT,1742029200000,0.17321,0.17418,0.17241,0.17404,19384822.0,1742032799999,3363137.45669,16182
DOGEUSDT,1742032800000,0.17404,0.17434,0.17326,0.17422,22922327.0,1742036399999,3984137.35896,15731
DOGEUSDT,1742036400000,0.17422,0.17458,0.17369,0.17429,12989873.0,1742039999999,2261999.81332,13222
DOGEUSDT,1742040000000,0.17429,0.17538,0.17394,0.17475,21384973.0,1742043599999,3737256.66014,22250
DOGEUSDT,1742043600000,0.17474,0.1777,0.1747,0.17741,44651239.0,1742047199999,7882858.89086,45497
DOGEUSDT,1742047200000,0.17741,0.17741,0.17503,0.17556,39318153.0,1742050799999,6913608.73869,36369
DOGEUSDT,1742050800000,0.17555,0.17729,0.17546,0.17682,26389629.0,1742054399999,4660416.63128,31687
DOGEUSDT,1742054400000,0.17683,0.17786,0.17579,0.17648,33317935.0,1742057999999,5889213.72992,31335
DOGEUSDT,1742058000000,0.17647,0.17673,0.17517,0.17582,29750211.0,1742061599999,5237319.41685,30184
DOGEUSDT,1742061600000,0.17583,0.17621,0.17461,0.17501,14918937.0,1742065199999,2615687.24496,20757
DOGEUSDT,1742065200000,0.175,0.17559,0.1744,0.17538,14806824.0,1742068799999,2589113.25303,17494
DOGEUSDT,1742068800000,0.17538,0.17655,0.1753,0.17616,13485264.0,1742072399999,2374761.46342,19533
DOGEUSDT,1742072400000,0.17617,0.17745,0.17598,0.17679,11837900.0,1742075999999,2091434.28607,15700
DOGEUSDT,1742076000000,0.1768,0.17736,0.17621,0.17664,10756358.0,1742079599999,1901178.01262,18351
DOGEUSDT,1742079600000,0.17664,0.17683,0.17565,0.17594,7639115.0,1742083199999,1345376.88552,15315
DOGEUSDT,1742083200000,0.17593,0.17685,0.17524,0.17613,13048860.0,1742086799999,2297050.09948,24736
DOGEUSDT,1742086800000,0.17613,0.17647,0.17385,0.1739,20925336.0,1742090399999,3662229.51267,26037
DOGEUSDT,1742090400000,0.1739,0.17447,0.17295,0.17348,20604955.0,1742093999999,3577738.55771,29406
DOGEUSDT,1742094000000,0.17347,0.17489,0.17318,0.1747,9251474.0,1742097599999,1612083.47138,17054
DOGEUSDT,1742097600000,0.17471,0.17543,0.17431,0.17517,10233012.0,1742101199999,1789319.67305,15939
DOGEUSDT,1742101200000,0.17518,0.17652,0.17501,0.17626,13247031.0,1742104799999,2330256.14672,18466
DOGEUSDT,1742104800000,0.17627,0.17659,0.17563,0.17578,7724010.0,1742108399999,1360378.53624,13890
DOGEUSDT,1742108400000,0.17579,0.17596,0.17459,0.17553,18861780.0,1742111999999,3306976.11293,20363
DOGEUSDT,1742112000000,0.17553,0.17574,0.17429,0.17488,10235902.0,1742115599999,1789279.81063,17582
DOGEUSDT,1742115600000,0.17487,0.17499,0.17155,0.17221,45593937.0,1742119199999,7879347.34775,36758
DOGEUSDT,1742119200000,0.17222,0.17267,0.1709,0.17121,44698619.0,1742122799999,7674408.52334,32810
DOGEUSDT,1742122800000,0.1712,0.17125,0.16684,0.16756,88173874.0,1742126399999,14883290.14609,87673
DOGEUSDT,1742126400000,0.16756,0.16912,0.16749,0.16803,52780020.0,1742129999999,8877185.73352,46949
DOGEUSDT,1742130000000,0.16803,0.16927,0.1657,0.16615,40883140.0,1742133599999,6849614.50045,45022
DOGEUSDT,1742133600000,0.16615,0.16867,0.16608,0.16862,41360430.0,1742137199999,6916854.03734,45634
DOGEUSDT,1742137200000,0.16862,0.16902,0.16714,0.16817,26295361.0,1742140799999,4420068.93223,40641
DOGEUSDT,1742140800000,0.16816,0.1723,0.168,0.16982,86380996.0,1742144399999,14758925.63987,100116
DOGEUSDT,1742144400000,0.16982,0.17095,0.16903,0.17072,18292373.0,1742147999999,3108435.3225,31939
DOGEUSDT,1742148000000,0.17072,0.17229,0.16975,0.17086,28456673.0,1742151599999,4873186.45629,43139
DOGEUSDT,1742151600000,0.17085,0.17093,0.16747,0.16831,42078678.0,1742155199999,7095913.14123,61324
DOGEUSDT,1742155200000,0.16832,0.16946,0.16807,0.16918,14341427.0,1742158799999,2420673.79938,27215
DOGEUSDT,1742158800000,0.16917,0.16979,0.16813,0.1684,16388267.0,1742162399999,2768613.92999,21077
DOGEUSDT,1742162400000,0.16839,0.16904,0.16667,0.16732,22723148.0,1742165999999,3817351.77921,32074
DOGEUSDT,1742166000000,0.16733,0.16851,0.1666,0.16817,20687447.0,1742169599999,3462918.61696,22297
DOGEUSDT,1742169600000,0.16818,0.17122,0.16801,0.17081,26739252.0,1742173199999,4539495.48771,25895
DOGEUSDT,1742173200000,0.17082,0.17172,0.17008,0.17117,24750278.0,1742176799999,4231030.52286,20957
DOGEUSDT,1742176800000,0.17117,0.17229,0.1709,0.17157,17705239.0,1742180399999,3041680.74274,19224
DOGEUSDT,1742180400000,0.17158,0.17318,0.17158,0.17286,15866816.0,1742183999999,2737372.29973,19006
DOGEUSDT,1742184000000,0.17286,0.17364,0.1722,0.17249,12361790.0,1742187599999,2136579.88947,16425
DOGEUSDT,1742187600000,0.17249,0.17302,0.17151,0.17153,45035257.0,1742191199999,7761493.43274,19066
DOGEUSDT,1742191200000,0.17154,0.17264,0.16992,0.17116,44805651.0,1742194799999,7678220.82462,32921
DOGEUSDT,1742194800000,0.17117,0.17343,0.17095,0.17267,39722768.0,1742198399999,6839020.21335,35121
DOGEUSDT,1742198400000,0.17268,0.17442,0.17178,0.17412,35089736.0,1742201999999,6081545.92909,31748
DOGEUSDT,1742202000000,0.17411,0.17495,0.17326,0.17379,39917772.0,1742205599999,6946552.76294,31177
DOGEUSDT,1742205600000,0.17379,0.17407,0.17285,0.1732,22292526.0,1742209199999,3863825.70708,18006
DOGEUSDT,1742209200000,0.17321,0.17401,0.17264,0.17294,19653693.0,1742212799999,3404816.65932,17849
DOGEUSDT,1742212800000,0.17294,0.17425,0.17113,0.17113,69042390.0,1742216399999,11919352.97224,40818
DOGEUSDT,1742216400000,0.17114,0.17242,0.17033,0.17089,34635433.0,1742219999999,5930895.70529,31102
DOGEUSDT,1742220000000,0.17088,0.17212,0.16974,0.17102,35019472.0,1742223599999,5978826.56894,33598
DOGEUSDT,1742223600000,0.17103,0.17259,0.16998,0.17221,32685947.0,1742227199999,5605168.12788,26818
DOGEUSDT,1742227200000,0.17221,0.17343,0.17124,0.17199,24209361.0,1742230799999,4172575.88396,23117
DOGEUSDT,1742230800000,0.17199,0.17494,0.1716,0.17438,27893340.0,1742234399999,4843221.92135,25075
DOGEUSDT,1742234400000,0.17438,0.17622,0.1742,0.17577,138083173.0,1742237999999,24185482.24858,51025
DOGEUSDT,1742238000000,0.17576,0.17615,0.1748,0.17492,31739590.0,1742241599999,5572141.24353,23196
DOGEUSDT,1742241600000,0.17492,0.17513,0.17343,0.17354,27686075.0,1742245199999,4821200.39445,16894
DOGEUSDT,1742245200000,0.17355,0.17491,0.17344,0.17443,15340279.0,1742248799999,2670337.60892,13264
DOGEUSDT,1742248800000,0.17444,0.17469,0.17402,0.17443,11874125.0,1742252399999,2070192.08956,10116
DOGEUSDT,1742252400000,0.17444,0.17446,0.17297,0.17332,9949284.0,1742255999999,1727018.62019,10636
DOGEUSDT,1742256000000,0.17333,0.17349,0.17041,0.17107,34149619.0,1742259599999,5864633.98662,23570
DOGEUSDT,1742259600000,0.17107,0.17146,0.16713,0.16767,68878306.0,1742263199999,11631285.23006,42136
DOGEUSDT,1742263200000,0.16766,0.16939,0.16751,0.1686,62054965.0,1742266799999,10463556.6619,32492
DOGEUSDT,1742266800000,0.16859,0.1686,0.16693,0.16775,36178106.0,1742270399999,6067105.99834,23469
DOGEUSDT,1742270400000,0.16774,0.16858,0.16737,0.16779,20734536.0,1742273999999,3481147.26183,17888
DOGEUSDT,1742274000000,0.16779,0.16895,0.16773,0.16873,18472731.0,1742277599999,3110739.94895,15661
DOGEUSDT,1742277600000,0.16873,0.16873,0.16536,0.16635,73049805.0,1742281199999,12154719.15487,37685
DOGEUSDT,1742281200000,0.16635,0.16828,0.16612,0.16781,65228957.0,1742284799999,10935420.68397,31797
DOGEUSDT,1742284800000,0.1678,0.16975,0.16771,0.16863,32784927.0,1742288399999,5530070.87307,23400
DOGEUSDT,1742288400000,0.16864,0.16867,0.16723,0.16742,15449154.0,1742291999999,2596665.94533,14857
DOGEUSDT,1742292000000,0.16741,0.16788,0.1665,0.16705,30460947.0,1742295599999,5092164.19134,21915
DOGEUSDT,1742295600000,0.16706,0.16714,0.16603,0.16635,16530434.0,1742299199999,2753200.45159,16109
DOGEUSDT,1742299200000,0.16635,0.16718,0.16576,0.16627,30726683.0,1742302799999,5113986.43695,21633
DOGEUSDT,1742302800000,0.16628,0.16669,0.16275,0.16345,73739460.0,1742306399999,12121229.7776,54463
DOGEUSDT,1742306400000,0.16345,0.16567,0.16293,0.16498,67375526.0,1742309999999,11062551.41651,45676
DOGEUSDT,1742310000000,0.16497,0.16526,0.16331,0.16367,29390657.0,1742313599999,4827000.33087,23925
DOGEUSDT,1742313600000,0.16367,0.16524,0.16347,0.16466,21518945.0,1742317199999,3537242.23141,21572
DOGEUSDT,1742317200000,0.16465,0.16482,0.16287,0.16356,24833830.0,1742320799999,4064081.85439,22126
DOGEUSDT,1742320800000,0.16356,0.165,0.16335,0.16475,17269008.0,1742324399999,2836868.97702,13498
DOGEUSDT,1742324400000,0.16475,0.16648,0.16467,0.1663,20291543.0,1742327999999,3360390.56468,16786
DOGEUSDT,1742328000000,0.1663,0.1666,0.16532,0.16617,16851209.0,1742331599999,2797048.75748,13647
DOGEUSDT,1742331600000,0.16617,0.16702,0.16591,0.1664,11446822.0,1742335199999,1905577.9283,9494
DOGEUSDT,1742335200000,0.1664,0.16803,0.16613,0.16762,20546387.0,1742338799999,3433342.4281,15185
DOGEUSDT,1742338800000,0.16763,0.16872,0.16763,0.16802,17873843.0,1742342399999,3005644.23016,15478
DOGEUSDT,1742342400000,0.16803,0.16953,0.16756,0.16871,21096525.0,1742345999999,3557116.74659,19854
DOGEUSDT,1742346000000,0.16871,0.16891,0.16699,0.16702,21842261.0,1742349599999,3667054.55271,17415
DOGEUSDT,1742349600000,0.16703,0.16798,0.16678,0.16793,13955602.0,1742353199999,2334501.10026,13532
DOGEUSDT,1742353200000,0.16793,0.16899,0.16766,0.16879,20374274.0,1742356799999,3428753.62833,14115
DOGEUSDT,1742356800000,0.1688,0.16897,0.16785,0.1681,8276687.0,1742360399999,1392574.69116,10798
DOGEUSDT,1742360400000,0.16809,0.16872,0.16787,0.16852,9254527.0,1742363999999,1557197.03298,10380
DOGEUSDT,1742364000000,0.16851,0.1689,0.16771,0.16809,13604346.0,1742367599999,2288891.54637,15091
DOGEUSDT,1742367600000,0.16809,0.16843,0.16715,0.16723,13209877.0,1742371199999,2214738.48979,13847
DOGEUSDT,1742371200000,0.16723,0.16819,0.1672,0.16775,10243205.0,1742374799999,1718738.7474,12158
DOGEUSDT,1742374800000,0.16775,0.1685,0.16741,0.168,11279301.0,1742378399999,1894197.26757,10943
DOGEUSDT,1742378400000,0.168,0.16989,0.16797,0.16835,44413321.0,1742381999999,7502387.40913,23024
DOGEUSDT,1742382000000,0.16834,0.17174,0.16802,0.171,62081451.0,1742385599999,10565151.23629,41191
DOGEUSDT,1742385600000,0.17101,0.17124,0.16886,0.16978,38267886.0,1742389199999,6497394.11644,27576
DOGEUSDT,1742389200000,0.16977,0.17386,0.16916,0.17186,118286785.0,1742392799999,20294596.50688,142370
DOGEUSDT,1742392800000,0.17187,0.1738,0.1713,0.17281,56603455.0,1742396399999,9769507.46743,73909
DOGEUSDT,1742396400000,0.1728,0.17404,0.17188,0.17344,36004956.0,1742399999999,6226970.18556,31070
DOGEUSDT,1742400000000,0.17344,0.17356,0.17112,0.17141,28678395.0,1742403599999,4937350.16709,27702
DOGEUSDT,1742403600000,0.17141,0.17148,0.16848,0.17015,54594599.0,1742407199999,9266155.94376,39052
DOGEUSDT,1742407200000,0.17016,0.1745,0.1684,0.17391,99780412.0,1742410799999,17094456.42065,109038
DOGEUSDT,1742410800000,0.17391,0.17599,0.17252,0.17403,109846748.0,1742414399999,19140941.95784,114065
DOGEUSDT,1742414400000,0.17404,0.17542,0.17348,0.17398,24519531.0,1742417999999,4278679.1462,31571
DOGEUSDT,1742418000000,0.17398,0.17572,0.17391,0.17504,19118282.0,1742421599999,3347493.71457,25506
DOGEUSDT,1742421600000,0.17504,0.17749,0.17504,0.17628,40411102.0,1742425199999,7121232.82789,34492
DOGEUSDT,1742425200000,0.17628,0.1788,0.17612,0.17799,37960279.0,1742428799999,6741206.30274,30989
DOGEUSDT,1742428800000,0.178,0.17919,0.17591,0.17636,64764081.0,1742432399999,11502307.27593,48945
DOGEUSDT,1742432400000,0.17637,0.17799,0.1762,0.1769,34746641.0,1742435999999,6148839.0439,27942
DOGEUSDT,1742436000000,0.1769,0.17731,0.17546,0.17673,18318386.0,1742439599999,3229296.97075,22280
DOGEUSDT,1742439600000,0.17674,0.17694,0.17551,0.17566,17246116.0,1742443199999,3035876.69953,14258
DOGEUSDT,1742443200000,0.17566,0.17588,0.174,0.17453,21959111.0,1742446799999,3836240.16501,19038
DOGEUSDT,1742446800000,0.17454,0.17476,0.17358,0.17438,16077530.0,1742450399999,2799813.35011,15118
DOGEUSDT,1742450400000,0.17438,0.17525,0.17417,0.17461,15248991.0,1742453999999,2663176.92278,13763
DOGEUSDT,1742454000000,0.17461,0.17505,0.17384,0.17421,17344466.0,1742457599999,3024537.33772,14268
DOGEUSDT,1742457600000,0.17422,0.17623,0.17346,0.17595,25972183.0,1742461199999,4542569.90784,21074
DOGEUSDT,1742461200000,0.17595,0.17603,0.17394,0.17422,16936358.0,1742464799999,2960209.47356,15861
DOGEUSDT,1742464800000,0.17422,0.17435,0.17095,0.17145,53574373.0,1742468399999,9218292.97723,44808
DOGEUSDT,1742468400000,0.17145,0.17254,0.17129,0.17203,17100429.0,1742471999999,2940120.39318,17482
DOGEUSDT,1742472000000,0.17202,0.17286,0.17153,0.17259,16661977.0,1742475599999,2868156.51596,18413
DOGEUSDT,1742475600000,0.17259,0.17306,0.17129,0.17196,23378359.0,1742479199999,4023203.85441,35117
DOGEUSDT,1742479200000,0.17195,0.17432,0.17188,0.1735,42007131.0,1742482799999,7278994.95035,49659
DOGEUSDT,1742482800000,0.17351,0.17357,0.16963,0.16972,64252890.0,1742486399999,10971563.60188,75173
DOGEUSDT,1742486400000,0.16971,0.17046,0.16661,0.16712,66069198.0,1742489999999,11119466.94807,79576
DOGEUSDT,1742490000000,0.16711,0.16886,0.1671,0.16847,35753313.0,1742493599999,6003096.20882,38814
DOGEUSDT,1742493600000,0.16848,0.16968,0.16833,0.1689,24237943.0,1742497199999,4098674.92159,24549
DOGEUSDT,1742497200000,0.1689,0.16963,0.16826,0.16937,10183533.0,1742500799999,1721343.31088,20507
DOGEUSDT,1742500800000,0.16938,0.17015,0.16912,0.16959,18372258.0,1742504399999,3115436.54096,14169
DOGEUSDT,1742504400000,0.1696,0.16974,0.1689,0.16901,11091148.0,1742507999999,1878016.82051,12355
DOGEUSDT,1742508000000,0.169,0.16932,0.16842,0.16868,13240731.0,1742511599999,2235701.07813,18746
DOGEUSDT,1742511600000,0.16868,0.16964,0.16831,0.16949,12777566.0,1742515199999,2160528.91874,16691
DOGEUSDT,1742515200000,0.16948,0.17073,0.16904,0.17035,22938082.0,1742518799999,3896563.06796,25237
DOGEUSDT,1742518800000,0.17035,0.17158,0.17006,0.17149,21396928.0,1742522399999,3656462.16905,20472
DOGEUSDT,1742522400000,0.17149,0.17155,0.17007,0.17033,13157304.0,1742525999999,2248204.92976,17065
DOGEUSDT,1742526000000,0.17034,0.17044,0.16883,0.16941,14499403.0,1742529599999,2456673.95854,21244
DOGEUSDT,1742529600000,0.1694,0.17075,0.16931,0.17033,11459371.0,1742533199999,1950669.12481,14608
DOGEUSDT,1742533200000,0.17033,0.17037,0.16885,0.16951,16973656.0,1742536799999,2873939.16698,18862
DOGEUSDT,1742536800000,0.1695,0.16956,0.16845,0.16879,13874885.0,1742540399999,2345592.99363,19818
DOGEUSDT,1742540400000,0.16878,0.16889,0.16747,0.16845,23945511.0,1742543999999,4024295.64905,25548
DOGEUSDT,1742544000000,0.16846,0.16919,0.16721,0.16805,18788191.0,1742547599999,3160347.83327,25795
DOGEUSDT,1742547600000,0.16805,0.1687,0.16723,0.16771,15396954.0,1742551199999,2587857.19179,22786
DOGEUSDT,1742551200000,0.16771,0.16792,0.16608,0.16715,22760034.0,1742554799999,3796923.66099,30583
DOGEUSDT,1742554800000,0.16715,0.16777,0.16672,0.16746,10653306.0,1742558399999,1781414.6997,19772
DOGEUSDT,1742558400000,0.16746,0.16818,0.16594,0.16607,24591936.0,1742561999999,4105696.27699,30201
DOGEUSDT,1742562000000,0.16606,0.16701,0.16468,0.16661,39496429.0,1742565599999,6548159.15457,53472
DOGEUSDT,1742565600000,0.16662,0.16695,0.16511,0.16671,36284272.0,1742569199999,6026772.40875,38163
DOGEUSDT,1742569200000,0.1667,0.1668,0.16511,0.16551,17855380.0,1742572799999,2958144.96557,17101
DOGEUSDT,1742572800000,0.16551,0.16761,0.16508,0.16743,39689788.0,1742576399999,6606862.23837,25514
DOGEUSDT,1742576400000,0.16743,0.16848,0.16677,0.16795,23421088.0,1742579999999,3920824.04726,18455
DOGEUSDT,1742580000000,0.16795,0.16919,0.16741,0.1681,30028822.0,1742583599999,5060589.5202,19297
DOGEUSDT,1742583600000,0.16809,0.16858,0.16775,0.1684,7329166.0,1742587199999,1232330.95017,11038
DOGEUSDT,1742587200000,0.16839,0.1691,0.16803,0.16891,5816123.0,1742590799999,980164.17296,8929
DOGEUSDT,1742590800000,0.16891,0.16977,0.16849,0.16878,11153510.0,1742594399999,1887306.83268,10948
DOGEUSDT,1742594400000,0.16879,0.16886,0.16743,0.16778,9808765.0,1742597999999,1648465.43839,12927
DOGEUSDT,1742598000000,0.16777,0.16784,0.1668,0.16727,14079798.0,1742601599999,2354754.92176,11398
DOGEUSDT,1742601600000,0.16727,0.16873,0.16699,0.16844,11543120.0,1742605199999,1939087.09309,16453
DOGEUSDT,1742605200000,0.16845,0.16909,0.16749,0.16768,12312520.0,1742608799999,2071638.83284,12803
DOGEUSDT,1742608800000,0.16768,0.16863,0.16742,0.16814,8273448.0,1742612399999,1391718.23712,8521
DOGEUSDT,1742612400000,0.16814,0.16898,0.1678,0.16872,10817105.0,1742615999999,1822634.93087,9926
DOGEUSDT,1742616000000,0.16872,0.16931,0.16851,0.16918,7124998.0,1742619599999,1203597.96546,9749
DOGEUSDT,1742619600000,0.16918,0.16927,0.16853,0.16889,8908190.0,1742623199999,1504535.19908,7665
DOGEUSDT,1742623200000,0.1689,0.16943,0.16864,0.1691,7181132.0,1742626799999,1214780.91588,7842
DOGEUSDT,1742626800000,0.16909,0.16961,0.16871,0.16893,10196342.0,1742630399999,1725144.39514,10173
DOGEUSDT,1742630400000,0.16892,0.16899,0.16826,0.16869,10068579.0,1742633999999,1697925.76867,8774
DOGEUSDT,1742634000000,0.16868,0.16979,0.16868,0.169,13018439.0,1742637599999,2204177.34354,12132
DOGEUSDT,1742637600000,0.16901,0.1696,0.1689,0.16916,8447066.0,1742641199999,1429895.48941,9267
DOGEUSDT,1742641200000,0.16917,0.16922,0.16848,0.16879,16779295.0,1742644799999,2831778.24978,9858
DOGEUSDT,1742644800000,0.16879,0.16905,0.1684,0.1687,5622116.0,1742648399999,948760.01434,7574
DOGEUSDT,1742648400000,0.1687,0.16887,0.16758,0.1682,12754694.0,1742651999999,2144571.13632,9897
DOGEUSDT,1742652000000,0.16819,0.16835,0.16728,0.16734,13386178.0,1742655599999,2247052.6171,9993
DOGEUSDT,1742655600000,0.16734,0.16818,0.16731,0.16804,8443308.0,1742659199999,1415259.58667,8911
DOGEUSDT,1742659200000,0.16805,0.16851,0.1676,0.16826,6088144.0,1742662799999,1023348.17773,9069
DOGEUSDT,1742662800000,0.16825,0.16897,0.16809,0.16883,9485870.0,1742666399999,1598285.18056,10100
DOGEUSDT,1742666400000,0.16883,0.16932,0.16861,0.16914,11594358.0,1742669999999,1959379.62277,8917
DOGEUSDT,1742670000000,0.16913,0.16967,0.16878,0.16901,8616143.0,1742673599999,1457394.81478,8821
DOGEUSDT,1742673600000,0.16901,0.16934,0.16835,0.16838,8171222.0,1742677199999,1380387.15402,9287
DOGEUSDT,1742677200000,0.16837,0.16852,0.16742,0.16771,11113669.0,1742680799999,1866061.42658,9736
DOGEUSDT,1742680800000,0.16772,0.16832,0.16746,0.1676,5387505.0,1742684399999,904304.97956,9389
DOGEUSDT,1742684400000,0.1676,0.1676,0.16658,0.16737,11712024.0,1742687999999,1955680.88697,11131
DOGEUSDT,1742688000000,0.16737,0.1679,0.16705,0.16732,9413904.0,1742691599999,1576330.4648,11878
DOGEUSDT,1742691600000,0.16732,0.16833,0.16714,0.16804,10112163.0,1742695199999,1697244.51926,9530
DOGEUSDT,1742695200000,0.16803,0.16886,0.16776,0.1688,9339142.0,1742698799999,1572635.7786,8829
DOGEUSDT,1742698800000,0.16881,0.1689,0.1683,0.1687,6891655.0,1742702399999,1162008.46813,7746
DOGEUSDT,1742702400000,0.16871,0.16882,0.16778,0.16795,8560134.0,1742705999999,1440488.34663,8391
DOGEUSDT,1742706000000,0.16795,0.16856,0.16737,0.16839,9855004.0,1742709599999,1653989.18566,8725
DOGEUSDT,1742709600000,0.16839,0.16994,0.16805,0.16968,20764997.0,1742713199999,3511042.95534,11808
DOGEUSDT,1742713200000,0.16969,0.17039,0.16932,0.16962,34335075.0,1742716799999,5831905.13624,17256
DOGEUSDT,1742716800000,0.16961,0.17023,0.16961,0.16989,17052987.0,1742720399999,2898653.95053,12040
DOGEUSDT,1742720400000,0.16989,0.17107,0.1698,0.17048,16814251.0,1742723999999,2864522.91807,13559
DOGEUSDT,1742724000000,0.17048,0.17125,0.17048,0.17092,16046797.0,1742727599999,2742329.79567,12790
DOGEUSDT,1742727600000,0.17091,0.1722,0.17088,0.17098,37716408.0,1742731199999,6467163.85502,22299
DOGEUSDT,1742731200000,0.17098,0.17165,0.17057,0.17085,14819774.0,1742734799999,2535153.75736,11442
DOGEUSDT,1742734800000,0.17086,0.17185,0.17034,0.17175,23037615.0,1742738399999,3945393.28921,14403
DOGEUSDT,1742738400000,0.17175,0.17212,0.17093,0.17108,32560081.0,1742741999999,5584892.14828,18611
DOGEUSDT,1742742000000,0.17108,0.17238,0.17102,0.17202,14301600.0,1742745599999,2456414.6,14666
DOGEUSDT,1742745600000,0.17203,0.17212,0.17049,0.17087,18746075.0,1742749199999,3211486.79688,17895
DOGEUSDT,1742749200000,0.17086,0.17141,0.16977,0.17043,12392489.0,1742752799999,2113192.30375,14327
DOGEUSDT,1742752800000,0.17043,0.17076,0.16967,0.17049,11090400.0,1742756399999,1886340.29229,11265
DOGEUSDT,1742756400000,0.17049,0.17142,0.17027,0.17104,7340785.0,1742759999999,1253980.98561,10413
DOGEUSDT,1742760000000,0.17103,0.1715,0.1707,0.17077,9331653.0,1742763599999,1596539.74595,9020
DOGEUSDT,1742763600000,0.17078,0.17128,0.17006,0.1712,12399233.0,1742767199999,2115111.17534,8016
DOGEUSDT,1742767200000,0.17121,0.17241,0.17076,0.17116,16711010.0,1742770799999,2867666.19365,15138
DOGEUSDT,1742770800000,0.17115,0.17261,0.17115,0.1726,11649005.0,1742774399999,2002157.70711,11878
DOGEUSDT,1742774400000,0.17261,0.17468,0.17216,0.17265,33770725.0,1742777999999,5856649.90957,32179
DOGEUSDT,1742778000000,0.17266,0.17274,0.17068,0.17084,23638398.0,1742781599999,4054706.00315,23047
DOGEUSDT,1742781600000,0.17084,0.17243,0.1707,0.17218,12440368.0,1742785199999,2136159.78772,13570
DOGEUSDT,1742785200000,0.17217,0.17477,0.1721,0.17374,36864838.0,1742788799999,6410098.87491,29565
DOGEUSDT,1742788800000,0.17374,0.17549,0.17374,0.17487,42650763.0,1742792399999,7455204.47824,28935
DOGEUSDT,1742792400000,0.17487,0.17535,0.1743,0.17489,24335692.0,1742795999999,4253463.36961,18187
DOGEUSDT,1742796000000,0.17489,0.17599,0.17489,0.17563,29504498.0,1742799599999,5178109.42595,21365
DOGEUSDT,1742799600000,0.17564,0.1759,0.17446,0.17492,27855308.0,1742803199999,4878123.10296,15987
DOGEUSDT,1742803200000,0.17491,0.1768,0.17487,0.17625,40687059.0,1742806799999,7162353.01945,20692
DOGEUSDT,1742806800000,0.17625,0.17662,0.17557,0.17608,27312136.0,1742810399999,4810922.53186,15308
DOGEUSDT,1742810400000,0.17608,0.17703,0.1757,0.17678,36084547.0,1742813999999,6366497.52098,17034
DOGEUSDT,1742814000000,0.17678,0.1772,0.17607,0.17701,30534295.0,1742817599999,5397248.95253,17123
DOGEUSDT,1742817600000,0.17702,0.1775,0.17601,0.17653,36338656.0,1742821199999,6418124.93623,23319
DOGEUSDT,1742821200000,0.17653,0.17698,0.17551,0.17697,34839563.0,1742824799999,6140171.31075,28819
DOGEUSDT,1742824800000,0.17697,0.18501,0.1768,0.18199,215542229.0,1742828399999,39165450.14197,129240
DOGEUSDT,1742828400000,0.182,0.18404,0.1813,0.18347,99136119.0,1742831999999,18128965.93015,65292
DOGEUSDT,1742832000000,0.18348,0.18473,0.18046,0.18164,69045482.0,1742835599999,12585691.03928,56161
DOGEUSDT,1742835600000,0.18164,0.18318,0.18133,0.18296,28721982.0,1742839199999,5243093.45793,25439
DOGEUSDT,1742839200000,0.18297,0.18797,0.1824,0.18708,124455406.0,1742842799999,23086171.72614,64453
DOGEUSDT,1742842800000,0.18708,0.18874,0.18584,0.18641,99376261.0,1742846399999,18594247.10851,56458
DOGEUSDT,1742846400000,0.18641,0.18908,0.18515,0.18583,74245838.0,1742849999999,13900576.4463,41777
DOGEUSDT,1742850000000,0.18584,0.18625,0.18469,0.1856,33736347.0,1742853599999,6258656.27887,20520
DOGEUSDT,1742853600000,0.1856,0.18605,0.1832,0.18356,34965661.0,1742857199999,6438801.23429,22923
DOGEUSDT,1742857200000,0.18357,0.1838,0.18192,0.183,48423597.0,1742860799999,8845950.24666,27035
DOGEUSDT,1742860800000,0.18299,0.18679,0.18229,0.18616,56682340.0,1742864399999,10490011.70375,35044
DOGEUSDT,1742864400000,0.18616,0.18617,0.18309,0.18543,33693878.0,1742867999999,6225812.86345,32664
DOGEUSDT,1742868000000,0.18542,0.18795,0.18408,0.18529,58771981.0,1742871599999,10924469.93624,50610
DOGEUSDT,1742871600000,0.18529,0.18576,0.18147,0.18197,56413974.0,1742875199999,10340785.10613,51128
DOGEUSDT,1742875200000,0.18198,0.18318,0.18084,0.18295,36438468.0,1742878799999,6638226.44029,34854
DOGEUSDT,1742878800000,0.18294,0.18507,0.18224,0.18471,28690125.0,1742882399999,5273019.09867,27912
DOGEUSDT,1742882400000,0.18471,0.1852,0.18292,0.18329,29047037.0,1742885999999,5345326.86912,27616
DOGEUSDT,1742886000000,0.1833,0.18409,0.18229,0.18303,24379640.0,1742889599999,4464553.76017,21370
DOGEUSDT,1742889600000,0.18303,0.18459,0.18254,0.18434,23487958.0,1742893199999,4319038.2303,19540
DOGEUSDT,1742893200000,0.18435,0.18643,0.18352,0.18568,41616734.0,1742896799999,7703260.44007,31989
DOGEUSDT,1742896800000,0.18568,0.18697,0.18469,0.18617,28403534.0,1742900399999,5279589.31802,23600
DOGEUSDT,1742900400000,0.18618,0.18721,0.18536,0.186,46177320.0,1742903999999,8601443.14067,30406
DOGEUSDT,1742904000000,0.18601,0.18682,0.18456,0.18466,43013780.0,1742907599999,7985524.78224,30309
DOGEUSDT,1742907600000,0.18466,0.18943,0.18453,0.1873,79056641.0,1742911199999,14809362.87572,72222
DOGEUSDT,1742911200000,0.18731,0.1925,0.18608,0.19166,113360317.0,1742914799999,21510987.51987,87100
DOGEUSDT,1742914800000,0.19166,0.19362,0.19008,0.19074,120288599.0,1742918399999,23094682.36597,80807
DOGEUSDT,1742918400000,0.19075,0.19202,0.18877,0.18986,56650041.0,1742921999999,10770427.74441,49966
DOGEUSDT,1742922000000,0.18986,0.19337,0.18986,0.19202,43600924.0,1742925599999,8363481.89003,42456
DOGEUSDT,1742925600000,0.19201,0.19328,0.19051,0.19204,81425318.0,1742929199999,15622515.54822,51473
DOGEUSDT,1742929200000,0.19203,0.19309,0.1902,0.19113,47796881.0,1742932799999,9150929.45578,35734
DOGEUSDT,1742932800000,0.19113,0.19197,0.18944,0.19003,38245520.0,1742936399999,7292947.35942,34062
DOGEUSDT,1742936400000,0.19004,0.19342,0.18992,0.19086,56650652.0,1742939999999,10865169.24826,32966
DOGEUSDT,1742940000000,0.19086,0.19174,0.18882,0.18943,67862917.0,1742943599999,12870680.27043,35113
DOGEUSDT,1742943600000,0.18944,0.19106,0.18869,0.19062,22140246.0,1742947199999,4202125.87622,21366
DOGEUSDT,1742947200000,0.19063,0.19463,0.18932,0.19313,86451994.0,1742950799999,16649664.79607,58761
DOGEUSDT,1742950800000,0.19313,0.19595,0.19278,0.19468,66346241.0,1742954399999,12895463.27526,47778
DOGEUSDT,1742954400000,0.19468,0.19495,0.19228,0.19288,52429115.0,1742957999999,10130681.09964,33155
DOGEUSDT,1742958000000,0.19287,0.19362,0.18977,0.1903,47690456.0,1742961599999,9138928.54537,33885
DOGEUSDT,1742961600000,0.1903,0.19171,0.19003,0.19126,24781976.0,1742965199999,4732597.5058,18990
DOGEUSDT,1742965200000,0.19127,0.19297,0.19043,0.19291,38440994.0,1742968799999,7375229.49651,21841
DOGEUSDT,1742968800000,0.1929,0.19497,0.19235,0.19471,43256071.0,1742972399999,8383621.28344,24488
DOGEUSDT,1742972400000,0.19471,0.20205,0.19382,0.20126,215106960.0,1742975999999,42898968.22249,108164
DOGEUSDT,1742976000000,0.20125,0.20491,0.20056,0.20211,142294061.0,1742979599999,28823460.90807,81463
DOGEUSDT,1742979600000,0.20211,0.2051,0.20208,0.2038,95190308.0,1742983199999,19376087.56551,50539
DOGEUSDT,1742983200000,0.20381,0.20585,0.20378,0.20468,139949120.0,1742986799999,28660837.37819,57035
DOGEUSDT,1742986800000,0.20468,0.20527,0.20297,0.20335,56289771.0,1742990399999,11491369.10601,37829
DOGEUSDT,1742990400000,0.20336,0.20384,0.20133,0.20354,61396086.0,1742993999999,12442698.33588,39518
DOGEUSDT,1742994000000,0.20354,0.20375,0.19721,0.19778,117124160.0,1742997599999,23431105.10738,79574
DOGEUSDT,1742997600000,0.19778,0.19925,0.19534,0.19655,115354192.0,1743001199999,22735603.4951,88656
DOGEUSDT,1743001200000,0.19656,0.19738,0.19477,0.19625,66312603.0,1743004799999,13005348.185,46129
DOGEUSDT,1743004800000,0.19625,0.19771,0.19511,0.19628,72960965.0,1743008399999,14331068.74149,44367
DOGEUSDT,1743008400000,0.19627,0.19761,0.19345,0.19443,161436474.0,1743011999999,31502904.01662,61765
DOGEUSDT,1743012000000,0.19444,0.1958,0.19331,0.19379,48154294.0,1743015599999,9356945.73001,26849
DOGEUSDT,1743015600000,0.19378,0.19473,0.19172,0.19411,54154308.0,1743019199999,10460520.68704,41758
DOGEUSDT,1743019200000,0.1941,0.19713,0.19377,0.19674,34882579.0,1743022799999,6824686.31829,33330
DOGEUSDT,1743022800000,0.19674,0.19792,0.19326,0.19511,65733977.0,1743026399999,12894823.16845,37351
DOGEUSDT,1743026400000,0.19511,0.19566,0.19199,0.19479,56807957.0,1743029999999,11011098.45242,44930
DOGEUSDT,1743030000000,0.1948,0.19553,0.19352,0.1949,22975896.0,1743033599999,4467675.67349,30107
DOGEUSDT,1743033600000,0.1949,0.19689,0.19274,0.19618,57612869.0,1743037199999,11243283.65471,52245
DOGEUSDT,1743037200000,0.19618,0.19688,0.19458,0.19589,39133011.0,1743040799999,7654305.00903,33338
DOGEUSDT,1743040800000,0.1959,0.2006,0.19577,0.19994,52613040.0,1743044399999,10434960.20738,43078
DOGEUSDT,1743044400000,0.19993,0.20013,0.19766,0.19944,38890803.0,1743047999999,7740339.57917,33688
DOGEUSDT,1743048000000,0.19945,0.19964,0.19746,0.19866,31026082.0,1743051599999,6148438.1539,25442
DOGEUSDT,1743051600000,0.19866,0.19882,0.19554,0.196,30098430.0,1743055199999,5931223.05571,27936
DOGEUSDT,1743055200000,0.19599,0.19806,0.1959,0.19694,16225318.0,1743058799999,3197026.80136,21479
DOGEUSDT,1743058800000,0.19694,0.1977,0.19515,0.19605,26347845.0,1743062399999,5170946.38214,32570
DOGEUSDT,1743062400000,0.19604,0.19759,0.19485,0.19634,33176152.0,1743065999999,6512289.45071,34740
DOGEUSDT,1743066000000,0.19635,0.19683,0.1953,0.19628,25793704.0,1743069599999,5057793.08122,30533
DOGEUSDT,1743069600000,0.19629,0.1977,0.19504,0.19513,31870398.0,1743073199999,6267500.95147,31790
DOGEUSDT,1743073200000,0.19512,0.196,0.19254,0.19328,47044135.0,1743076799999,9120986.51163,41416
DOGEUSDT,1743076800000,0.19328,0.19498,0.19283,0.19357,42966483.0,1743080399999,8333752.46774,41222
DOGEUSDT,1743080400000,0.19357,0.19455,0.18906,0.19114,123216841.0,1743083999999,23547110.88633,88985
DOGEUSDT,1743084000000,0.19113,0.19525,0.19038,0.19453,70455226.0,1743087599999,13607572.14656,57848
DOGEUSDT,1743087600000,0.19453,0.19473,0.19146,0.19212,39812629.0,1743091199999,7685155.99725,37640
DOGEUSDT,1743091200000,0.19212,0.1932,0.19016,0.19031,26755965.0,1743094799999,5127187.68533,33849
DOGEUSDT,1743094800000,0.19031,0.1909,0.18771,0.18885,53643146.0,1743098399999,10149847.72662,41576
DOGEUSDT,1743098400000,0.18884,0.19131,0.18868,0.19102,23850466.0,1743101999999,4535428.4822,18671
DOGEUSDT,1743102000000,0.19102,0.19239,0.19065,0.19101,28706652.0,1743105599999,5498813.97089,25603
DOGEUSDT,1743105600000,0.19101,0.19194,0.19016,0.19115,17108028.0,1743109199999,3270060.17335,16128
DOGEUSDT,1743109200000,0.19115,0.19335,0.19068,0.19259,21010632.0,1743112799999,4037309.34952,16272
DOGEUSDT,1743112800000,0.19258,0.1927,0.19167,0.19175,11768496.0,1743116399999,2260792.55514,11614
DOGEUSDT,1743116400000,0.19175,0.19179,0.1902,0.19046,14416446.0,1743119999999,2752783.36872,14192
DOGEUSDT,1743120000000,0.19047,0.19053,0.18757,0.19038,48539180.0,1743123599999,9168162.89136,34270
DOGEUSDT,1743123600000,0.19038,0.19281,0.18937,0.19163,29452971.0,1743127199999,5633911.42638,26927
DOGEUSDT,1743127200000,0.19164,0.1929,0.19019,0.19056,19926994.0,1743130799999,3810359.59942,20281
DOGEUSDT,1743130800000,0.19055,0.19076,0.1884,0.18939,29808070.0,1743134399999,5641087.19964,27942
DOGEUSDT,1743134400000,0.18939,0.18985,0.18333,0.18532,95409219.0,1743137999999,17694824.48725,74173
DOGEUSDT,1743138000000,0.18532,0.18532,0.18344,0.1836,40830295.0,1743141599999,7523708.10522,41977
DOGEUSDT,1743141600000,0.1836,0.18496,0.18205,0.1827,38924011.0,1743145199999,7143858.28444,34370
DOGEUSDT,1743145200000,0.1827,0.18388,0.18127,0.18156,42992084.0,1743148799999,7851267.07196,36410
DOGEUSDT,1743148800000,0.18155,0.18285,0.18082,0.18206,43928211.0,1743152399999,7991832.21559,34107
DOGEUSDT,1743152400000,0.18207,0.18239,0.18055,0.18079,37364883.0,1743155999999,6773752.88715,30964
DOGEUSDT,1743156000000,0.1808,0.18186,0.1802,0.18038,28222950.0,1743159599999,5110821.30069,25220
DOGEUSDT,1743159600000,0.18039,0.183,0.17894,0.18182,108435514.0,1743163199999,19585944.41585,58857
DOGEUSDT,1743163200000,0.18181,0.18264,0.18018,0.18031,52395305.0,1743166799999,9504530.42122,39734
DOGEUSDT,1743166800000,0.18032,0.18217,0.1782,0.17938,68331087.0,1743170399999,12302349.30061,43625
DOGEUSDT,1743170400000,0.17939,0.18145,0.17793,0.1803,78311439.0,1743173999999,14075659.38652,51266
DOGEUSDT,1743174000000,0.18031,0.18137,0.17927,0.1795,29524461.0,1743177599999,5327270.80905,29053
DOGEUSDT,1743177600000,0.17951,0.18057,0.17868,0.17939,32507062.0,1743181199999,5840990.47686,29250
DOGEUSDT,1743181200000,0.17938,0.18115,0.17926,0.18104,25576070.0,1743184799999,4609053.40034,23942
DOGEUSDT,1743184800000,0.18104,0.18135,0.17995,0.18078,12814478.0,1743188399999,2315031.90912,11215
DOGEUSDT,1743188400000,0.18078,0.18098,0.17847,0.17858,19818929.0,1743191999999,3559240.97984,14627
DOGEUSDT,1743192000000,0.17858,0.18054,0.17729,0.17774,36433870.0,1743195599999,6524001.27452,25580
DOGEUSDT,1743195600000,0.17775,0.17988,0.17721,0.17955,24969546.0,1743199199999,4460792.92671,20232
DOGEUSDT,1743199200000,0.17955,0.1813,0.17941,0.18129,20352488.0,1743202799999,3664878.38188,16571
DOGEUSDT,1743202800000,0.18129,0.18156,0.18002,0.18024,10407082.0,1743206399999,1880210.10107,11447
DOGEUSDT,1743206400000,0.18024,0.18273,0.18001,0.18092,36418793.0,1743209999999,6622007.8231,20413
DOGEUSDT,1743210000000,0.18092,0.18167,0.17951,0.1802,23105823.0,1743213599999,4170061.76183,17504
DOGEUSDT,1743213600000,0.1802,0.18066,0.17734,0.17754,29589519.0,1743217199999,5295297.31019,22143
DOGEUSDT,1743217200000,0.17753,0.17924,0.17509,0.1787,41995992.0,1743220799999,7433687.64578,41809
DOGEUSDT,1743220800000,0.1787,0.17975,0.17766,0.17824,25723505.0,1743224399999,4593726.82549,24293
DOGEUSDT,1743224400000,0.17825,0.17832,0.17638,0.17755,15330513.0,1743227999999,2719156.7127,16629
DOGEUSDT,1743228000000,0.17755,0.17758,0.17535,0.17619,29667839.0,1743231599999,5231924.64386,24109
DOGEUSDT,1743231600000,0.1762,0.17639,0.17373,0.17475,49187306.0,1743235199999,8621596.7233,33635
DOGEUSDT,1743235200000,0.17476,0.17555,0.17395,0.17466,34938542.0,1743238799999,6109555.693,25045
DOGEUSDT,1743238800000,0.17465,0.17502,0.17155,0.17317,47468155.0,1743242399999,8209686.49804,41391
DOGEUSDT,1743242400000,0.17317,0.17326,0.17078,0.17095,43966350.0,1743245999999,7558104.65464,30116
DOGEUSDT,1743246000000,0.17094,0.17176,0.16841,0.16994,77944684.0,1743249599999,13238167.21433,52097
DOGEUSDT,1743249600000,0.16994,0.17168,0.16946,0.17037,48624178.0,1743253199999,8291801.27159,33588
DOGEUSDT,1743253200000,0.17037,0.1727,0.17032,0.17263,33365414.0,1743256799999,5734333.86216,28745
DOGEUSDT,1743256800000,0.17264,0.17265,0.17062,0.17094,22106261.0,1743260399999,3789079.73854,19633
DOGEUSDT,1743260400000,0.17094,0.17147,0.16968,0.16982,17551335.0,1743263999999,2991133.67806,15734
DOGEUSDT,1743264000000,0.16986,0.17056,0.16808,0.16826,33124415.0,1743267599999,5605743.58768,32605
DOGEUSDT,1743267600000,0.16825,0.17,0.16584,0.16811,91382127.0,1743271199999,15289149.85412,61173
DOGEUSDT,1743271200000,0.1681,0.16945,0.16774,0.16824,30496524.0,1743274799999,5145819.78358,17470
DOGEUSDT,1743274800000,0.16825,0.16943,0.16747,0.16941,22620878.0,1743278399999,3808102.61537,17591
DOGEUSDT,1743278400000,0.16942,0.16943,0.16734,0.16739,24863149.0,1743281999999,4183198.27856,16505
DOGEUSDT,1743282000000,0.16739,0.16883,0.167,0.16791,22903844.0,1743285599999,3842912.28303,16719
DOGEUSDT,1743285600000,0.1679,0.16858,0.1675,0.16804,28388764.0,1743289199999,4769866.9056,14859
DOGEUSDT,1743289200000,0.16804,0.16985,0.16769,0.16957,26417328.0,1743292799999,4457458.01069,15781
DOGEUSDT,1743292800000,0.16958,0.17037,0.16787,0.16946,30524494.0,1743296399999,5167137.31028,25494
DOGEUSDT,1743296400000,0.16946,0.17174,0.16935,0.17047,53166570.0,1743299999999,9074256.95653,30236
DOGEUSDT,1743300000000,0.17048,0.17207,0.17033,0.17144,24030947.0,1743303599999,4116265.14288,19637
DOGEUSDT,1743303600000,0.17144,0.17241,0.17061,0.17073,36435433.0,1743307199999,6257096.97578,23504
DOGEUSDT,1743307200000,0.17072,0.172,0.17071,0.17138,18046709.0,1743310799999,3092496.48134,14964
DOGEUSDT,1743310800000,0.17138,0.17219,0.17082,0.17103,22357539.0,1743314399999,3838710.46444,12941
DOGEUSDT,1743314400000,0.17103,0.17163,0.16992,0.17084,19885672.0,1743317999999,3390017.84715,15865
DOGEUSDT,1743318000000,0.17084,0.17149,0.17023,0.17045,14054516.0,1743321599999,2399601.72343,14036
DOGEUSDT,1743321600000,0.17044,0.17201,0.17044,0.17175,18171091.0,1743325199999,3112697.4173,13346
DOGEUSDT,1743325200000,0.17176,0.17211,0.17112,0.17131,17307371.0,1743328799999,2970013.20271,15681
DOGEUSDT,1743328800000,0.1713,0.17184,0.16902,0.16914,27141286.0,1743332399999,4619380.23712,20982
DOGEUSDT,1743332400000,0.16913,0.17065,0.16906,0.1697,13491709.0,1743335999999,2289104.92609,15796
DOGEUSDT,1743336000000,0.16971,0.17055,0.1692,0.17017,19626780.0,1743339599999,3335668.12754,15468
DOGEUSDT,1743339600000,0.17017,0.17094,0.1679,0.16837,42555915.0,1743343199999,7198917.03622,31448
DOGEUSDT,1743343200000,0.16836,0.1695,0.16753,0.1688,26919771.0,1743346799999,4535137.58147,26434
DOGEUSDT,1743346800000,0.16881,0.17008,0.16827,0.16859,18538213.0,1743350399999,3132138.57357,19444
DOGEUSDT,1743350400000,0.1686,0.16916,0.16612,0.16679,37077932.0,1743353999999,6218594.02406,29494
DOGEUSDT,1743354000000,0.16679,0.16848,0.16621,0.16817,19969360.0,1743357599999,3343020.68319,19599
DOGEUSDT,1743357600000,0.16817,0.17065,0.16817,0.17058,23206897.0,1743361199999,3939836.12206,24515
DOGEUSDT,1743361200000,0.17058,0.17132,0.16926,0.16935,16674723.0,1743364799999,2838811.10198,16840
DOGEUSDT,1743364800000,0.16936,0.1696,0.16852,0.16873,7322555.0,1743368399999,1237933.31614,11509
DOGEUSDT,1743368400000,0.16873,0.16946,0.16668,0.16736,17676176.0,1743371999999,2971146.61991,13921
DOGEUSDT,1743372000000,0.16736,0.16851,0.16443,0.16734,60115449.0,1743375599999,9981716.7358,48660
DOGEUSDT,1743375600000,0.16734,0.16743,0.16511,0.16652,22793630.0,1743379199999,3788177.39144,25150
DOGEUSDT,1743379200000,0.16653,0.1675,0.16275,0.16392,64970930.0,1743382799999,10701616.53236,45762
DOGEUSDT,1743382800000,0.16393,0.16777,0.16361,0.16679,45704147.0,1743386399999,7599728.18474,37703
DOGEUSDT,1743386400000,0.16679,0.1681,0.16543,0.16695,27932906.0,1743389999999,4656446.54034,26181
DOGEUSDT,1743390000000,0.16694,0.16756,0.16434,0.16469,29418095.0,1743393599999,4872153.38081,29843
DOGEUSDT,1743393600000,0.1647,0.16611,0.16374,0.16539,19363850.0,1743397199999,3193101.82261,24566
DOGEUSDT,1743397200000,0.16539,0.16742,0.1653,0.16622,32232768.0,1743400799999,5368229.01473,24542
DOGEUSDT,1743400800000,0.16622,0.16663,0.16438,0.16496,28475022.0,1743404399999,4707288.7458,24839
DOGEUSDT,1743404400000,0.16497,0.16597,0.16229,0.16345,53053596.0,1743407999999,8674766.78165,44254
DOGEUSDT,1743408000000,0.16344,0.16492,0.16253,0.1626,42651312.0,1743411599999,6993731.92403,36249
DOGEUSDT,1743411600000,0.16259,0.16336,0.16062,0.16115,63637883.0,1743415199999,10310942.3509,50696
DOGEUSDT,1743415200000,0.16116,0.16414,0.16005,0.16358,48126806.0,1743418799999,7797403.83243,41572
DOGEUSDT,1743418800000,0.16359,0.16436,0.16201,0.16332,34249380.0,1743422399999,5590743.48697,26246
DOGEUSDT,1743422400000,0.16333,0.16687,0.16259,0.16555,53028519.0,1743425999999,8748937.30053,36963
DOGEUSDT,1743426000000,0.16555,0.16576,0.1608,0.16278,64102980.0,1743429599999,10461032.91775,61965
DOGEUSDT,1743429600000,0.16279,0.16694,0.16279,0.1663,72886841.0,1743433199999,12044747.09713,62749
DOGEUSDT,1743433200000,0.16631,0.16839,0.16618,0.16705,55574682.0,1743436799999,9304634.84537,45746
DOGEUSDT,1743436800000,0.16706,0.16814,0.16641,0.1668,32075588.0,1743440399999,5367137.29235,27862
DOGEUSDT,1743440400000,0.16679,0.16798,0.1641,0.16548,51976352.0,1743443999999,8615310.48812,33734
DOGEUSDT,1743444000000,0.16548,0.16768,0.16523,0.167,19408070.0,1743447599999,3231725.18859,29276
DOGEUSDT,1743447600000,0.16699,0.16796,0.16538,0.16577,17908367.0,1743451199999,2985095.61448,23085
DOGEUSDT,1743451200000,0.16577,0.16704,0.16533,0.16563,15254744.0,1743454799999,2535751.72812,18691
DOGEUSDT,1743454800000,0.16564,0.16653,0.1656,0.16573,10226421.0,1743458399999,1699012.81052,12717
DOGEUSDT,1743458400000,0.16573,0.16576,0.16434,0.16556,25002914.0,1743461999999,4124530.98551,18937
DOGEUSDT,1743462000000,0.16556,0.16694,0.16547,0.16666,22655014.0,1743465599999,3765507.10242,17735
DOGEUSDT,1743465600000,0.16666,0.168,0.16637,0.1672,29840924.0,1743469199999,4987242.58575,31393
DOGEUSDT,1743469200000,0.16719,0.1674,0.16601,0.16643,14672079.0,1743472799999,2446382.3005,19819
DOGEUSDT,1743472800000,0.16643,0.16883,0.16624,0.16881,18120723.0,1743476399999,3041486.54209,18511
DOGEUSDT,1743476400000,0.1688,0.16986,0.16823,0.16854,27431722.0,1743479999999,4639090.31008,21337
DOGEUSDT,1743480000000,0.16854,0.16919,0.16784,0.16914,14519491.0,1743483599999,2447177.24382,14934
DOGEUSDT,1743483600000,0.16914,0.17095,0.16891,0.16895,31237359.0,1743487199999,5310247.82729,25032
DOGEUSDT,1743487200000,0.16894,0.17068,0.16858,0.17015,24649323.0,1743490799999,4182543.34117,21306
DOGEUSDT,1743490800000,0.17016,0.17094,0.16947,0.16964,16032330.0,1743494399999,2726977.14758,18812
DOGEUSDT,1743494400000,0.16963,0.17464,0.1696,0.17436,66253217.0,1743497999999,11451428.82871,59703
DOGEUSDT,1743498000000,0.17435,0.17519,0.17314,0.17362,44210342.0,1743501599999,7695588.26443,33924
DOGEUSDT,1743501600000,0.17362,0.17379,0.17121,0.17136,41892779.0,1743505199999,7214805.76365,36760
DOGEUSDT,1743505200000,0.17136,0.1716,0.16979,0.1705,35675972.0,1743508799999,6090580.9408,28236
DOGEUSDT,1743508800000,0.17051,0.17177,0.17016,0.17086,21381411.0,1743512399999,3653687.70148,23249
DOGEUSDT,1743512400000,0.17086,0.17224,0.17029,0.17114,26407286.0,1743515999999,4522097.05307,32982
DOGEUSDT,1743516000000,0.17114,0.17187,0.16724,0.17128,80959442.0,1743519599999,13721962.01442,69162
DOGEUSDT,1743519600000,0.17128,0.17563,0.17127,0.17493,77165928.0,1743523199999,13403279.58994,66662
DOGEUSDT,1743523200000,0.17493,0.17576,0.17283,0.17355,36098784.0,1743526799999,6278731.83421,39227
DOGEUSDT,1743526800000,0.17355,0.17377,0.17244,0.1726,16618258.0,1743530399999,2875450.74641,22144
DOGEUSDT,1743530400000,0.17259,0.1726,0.17114,0.17184,14836506.0,1743533999999,2547776.53585,20925
DOGEUSDT,1743534000000,0.17183,0.17246,0.17151,0.17211,9743631.0,1743537599999,1676269.00356,15059
DOGEUSDT,1743537600000,0.17211,0.17286,0.17101,0.1728,14770586.0,1743541199999,2541907.32873,15923
DOGEUSDT,1743541200000,0.1728,0.17379,0.17266,0.1733,12458734.0,1743544799999,2157289.87437,13463
DOGEUSDT,1743544800000,0.17331,0.17483,0.17304,0.17402,16842963.0,1743548399999,2929162.43122,17171
DOGEUSDT,1743548400000,0.17402,0.17509,0.17309,0.17398,25103774.0,1743551999999,4377780.13877,17169
DOGEUSDT,1743552000000,0.17399,0.17406,0.17199,0.17225,21214625.0,1743555599999,3670790.32455,22133
DOGEUSDT,1743555600000,0.17226,0.17314,0.17091,0.17224,25387969.0,1743559199999,4365567.23793,23985
DOGEUSDT,1743559200000,0.17225,0.17247,0.16982,0.17094,34829445.0,1743562799999,5942870.72012,27881
DOGEUSDT,1743562800000,0.17093,0.17252,0.17081,0.17113,18171402.0,1743566399999,3118228.24772,16675
DOGEUSDT,1743566400000,0.17114,0.17218,0.17071,0.1716,13536040.0,1743569999999,2321098.02539,14900
DOGEUSDT,1743570000000,0.1716,0.17161,0.16822,0.16829,30009011.0,1743573599999,5087165.32803,28423
DOGEUSDT,1743573600000,0.16829,0.16942,0.16772,0.16809,29258999.0,1743577199999,4929971.00207,24440
DOGEUSDT,1743577200000,0.1681,0.17025,0.1678,0.16973,28279733.0,1743580799999,4785990.87726,27318
DOGEUSDT,1743580800000,0.16974,0.17108,0.16901,0.17043,29513853.0,1743584399999,5021317.0503,24007
DOGEUSDT,1743584400000,0.17043,0.17308,0.1703,0.17173,26943156.0,1743587999999,4631688.54076,30472
DOGEUSDT,1743588000000,0.17173,0.17353,0.1714,0.17192,41104488.0,1743591599999,7082707.69263,29493
DOGEUSDT,1743591600000,0.17193,0.17284,0.17098,0.1713,35181897.0,1743595199999,6052947.53449,21814
DOGEUSDT,1743595200000,0.1713,0.17239,0.17051,0.17226,33819122.0,1743598799999,5792251.58186,33347
DOGEUSDT,1743598800000,0.17226,0.1747,0.16942,0.17191,47656399.0,1743602399999,8214256.03657,58981
DOGEUSDT,1743602400000,0.1719,0.17322,0.17059,0.17239,53698493.0,1743605999999,9235560.49897,58905
DOGEUSDT,1743606000000,0.17239,0.1781,0.17217,0.17619,279716370.0,1743609599999,49244342.71285,191023
DOGEUSDT,1743609600000,0.1762,0.17657,0.17352,0.17375,70140736.0,1743613199999,12295903.70873,65991
DOGEUSDT,1743613200000,0.17375,0.17472,0.17055,0.17185,80406175.0,1743616799999,13882725.87881,71453
DOGEUSDT,1743616800000,0.17185,0.17387,0.17155,0.17319,33244522.0,1743620399999,5739550.34714,33952
DOGEUSDT,1743620400000,0.1732,0.17451,0.17254,0.17432,21946054.0,1743623999999,3809354.35519,25742
DOGEUSDT,1743624000000,0.17432,0.18012,0.17006,0.17212,238466184.0,1743627599999,41590913.01175,218967
DOGEUSDT,1743627600000,0.17212,0.17272,0.16843,0.16997,67818968.0,1743631199999,11516117.89462,53038
DOGEUSDT,1743631200000,0.16997,0.16997,0.16207,0.16302,99227006.0,1743634799999,16389605.05646,93952
DOGEUSDT,1743634800000,0.16301,0.16514,0.16194,0.16383,54851792.0,1743638399999,8978000.24979,45411
DOGEUSDT,1743638400000,0.16383,0.16619,0.16301,0.16612,61257738.0,1743641999999,10105527.44706,44868
DOGEUSDT,1743642000000,0.16613,0.16678,0.16552,0.16583,37910875.0,1743645599999,6298096.67512,29814
DOGEUSDT,1743645600000,0.16582,0.16664,0.16437,0.16653,31201964.0,1743649199999,5162248.9653,24075
DOGEUSDT,1743649200000,0.16653,0.16669,0.16554,0.1661,20287818.0,1743652799999,3370881.05451,18848
DOGEUSDT,1743652800000,0.16611,0.16734,0.16583,0.16691,16829720.0,1743656399999,2802716.45027,16425
DOGEUSDT,1743656400000,0.16691,0.16745,0.16566,0.16568,13266941.0,1743659999999,2211814.37373,13637
DOGEUSDT,1743660000000,0.16569,0.16617,0.16415,0.16447,33448379.0,1743663599999,5529707.14366,18575
DOGEUSDT,1743663600000,0.16448,0.16508,0.16339,0.1643,38648246.0,1743667199999,6345524.88399,27483
DOGEUSDT,1743667200000,0.1643,0.16507,0.16391,0.16473,20658422.0,1743670799999,3399278.59383,23262
DOGEUSDT,1743670800000,0.16473,0.16502,0.16287,0.16302,26541452.0,1743674399999,4352664.20805,20147
DOGEUSDT,1743674400000,0.16302,0.16366,0.16034,0.16048,52674719.0,1743677999999,8515209.87759,43231
DOGEUSDT,1743678000000,0.16047,0.16149,0.15941,0.16049,51666887.0,1743681599999,8280908.66984,42069
DOGEUSDT,1743681600000,0.16048,0.16111,0.15565,0.15696,109029299.0,1743685199999,17241643.90031,80947
DOGEUSDT,1743685200000,0.15696,0.15971,0.15625,0.15928,96076556.0,1743688799999,15180191.69373,75765
DOGEUSDT,1743688800000,0.15927,0.15929,0.15536,0.15564,77570485.0,1743692399999,12206757.73721,64501
DOGEUSDT,1743692400000,0.15563,0.15871,0.15551,0.15839,52803296.0,1743695999999,8315157.76879,45004
DOGEUSDT,1743696000000,0.15839,0.15916,0.15738,0.15761,26949901.0,1743699599999,4268479.46301,31108
DOGEUSDT,1743699600000,0.15761,0.15858,0.15707,0.15778,23651140.0,1743703199999,3735549.60021,23105
DOGEUSDT,1743703200000,0.15778,0.1599,0.15719,0.15889,20986311.0,1743706799999,3324437.7679,28208
DOGEUSDT,1743706800000,0.1589,0.15993,0.15848,0.15868,20602082.0,1743710399999,3277196.87183,32683
DOGEUSDT,1743710400000,0.15869,0.15976,0.15792,0.15936,21533868.0,1743713999999,3417016.07785,20454
DOGEUSDT,1743714000000,0.15937,0.16144,0.15915,0.16098,19600028.0,1743717599999,3136663.51017,16788
DOGEUSDT,1743717600000,0.16099,0.16153,0.16013,0.16094,17971608.0,1743721199999,2889267.32498,22659
DOGEUSDT,1743721200000,0.16094,0.16231,0.16006,0.16231,31125363.0,1743724799999,5029708.59554,19612
DOGEUSDT,1743724800000,0.16232,0.16334,0.16175,0.16191,29512982.0,1743728399999,4797119.89625,30062
DOGEUSDT,1743728400000,0.16191,0.16296,0.16,0.16042,19777027.0,1743731999999,3195447.63189,27203
DOGEUSDT,1743732000000,0.16042,0.16296,0.16038,0.1621,19994721.0,1743735599999,3242492.72168,19406
DOGEUSDT,1743735600000,0.16211,0.16289,0.16113,0.16264,17754437.0,1743739199999,2875554.70268,17870
DOGEUSDT,1743739200000,0.16265,0.16294,0.16204,0.1624,10304211.0,1743742799999,1674894.21373,12278
DOGEUSDT,1743742800000,0.1624,0.16448,0.16173,0.16425,23257355.0,1743746399999,3800317.02488,18870
DOGEUSDT,1743746400000,0.16426,0.16527,0.16385,0.16386,22282997.0,1743749999999,3669217.57027,19344
DOGEUSDT,1743750000000,0.16386,0.16692,0.16385,0.16633,54825389.0,1743753599999,9085241.28943,33129
DOGEUSDT,1743753600000,0.16634,0.16758,0.16627,0.16671,44192666.0,1743757199999,7383446.76568,31759
DOGEUSDT,1743757200000,0.16671,0.16744,0.16609,0.16707,15307978.0,1743760799999,2555168.38587,16224
DOGEUSDT,1743760800000,0.16708,0.16748,0.16228,0.16281,101035681.0,1743764399999,16603705.80308,61596
DOGEUSDT,1743764400000,0.16282,0.16339,0.15998,0.1623,79341135.0,1743767999999,12812367.79298,60117
DOGEUSDT,1743768000000,0.1623,0.16545,0.16158,0.16473,104500410.0,1743771599999,17090738.337,67781
DOGEUSDT,1743771600000,0.16474,0.16705,0.16308,0.16658,76185247.0,1743775199999,12570055.03933,66931
DOGEUSDT,1743775200000,0.16657,0.16856,0.16553,0.16808,88944900.0,1743778799999,14832045.37914,77831
DOGEUSDT,1743778800000,0.16808,0.17163,0.1673,0.16755,148162332.0,1743782399999,25114327.71073,110599
DOGEUSDT,1743782400000,0.16756,0.16992,0.16706,0.1691,57619200.0,1743785999999,9693823.68584,51323
DOGEUSDT,1743786000000,0.1691,0.17212,0.1678,0.17165,67440314.0,1743789599999,11472348.28719,57653
DOGEUSDT,1743789600000,0.17165,0.17209,0.16961,0.16975,40087442.0,1743793199999,6851229.54393,38327
DOGEUSDT,1743793200000,0.16975,0.17049,0.16892,0.16981,35511244.0,1743796799999,6022380.3773,32055
DOGEUSDT,1743796800000,0.16981,0.1709,0.16863,0.17058,19678769.0,1743800399999,3343634.95213,17896
DOGEUSDT,1743800400000,0.17058,0.17257,0.17044,0.17125,19339530.0,1743803999999,3311888.31033,17352
DOGEUSDT,1743804000000,0.17126,0.17282,0.17126,0.17214,12716016.0,1743807599999,2188782.87477,12837
DOGEUSDT,1743807600000,0.17214,0.17225,0.17038,0.17128,24263298.0,1743811199999,4149188.49678,13975
DOGEUSDT,1743811200000,0.17128,0.17134,0.16967,0.17087,22973381.0,1743814799999,3915349.96485,17307
DOGEUSDT,1743814800000,0.17088,0.17169,0.17067,0.17075,15074987.0,1743818399999,2581499.20512,13106
DOGEUSDT,1743818400000,0.17076,0.17105,0.17,0.17034,9041735.0,1743821999999,1540609.24208,11667
DOGEUSDT,1743822000000,0.17035,0.17044,0.16929,0.16938,14954773.0,1743825599999,2537468.15196,11684
DOGEUSDT,1743825600000,0.16939,0.1701,0.16896,0.16916,14014887.0,1743829199999,2376869.66968,11433
DOGEUSDT,1743829200000,0.16916,0.16992,0.16892,0.16911,11206889.0,1743832799999,1899080.93519,10221
DOGEUSDT,1743832800000,0.1691,0.16962,0.16805,0.1686,13937237.0,1743836399999,2351963.78641,12281
DOGEUSDT,1743836400000,0.1686,0.16955,0.16832,0.1694,21717498.0,1743839999999,3668987.19648,12140
DOGEUSDT,1743840000000,0.16941,0.16976,0.1686,0.16917,9816070.0,1743843599999,1661286.69459,11092
DOGEUSDT,1743843600000,0.16918,0.17041,0.16918,0.17037,13831841.0,1743847199999,2349717.73569,12508
DOGEUSDT,1743847200000,0.17038,0.1708,0.16938,0.16949,12535091.0,1743850799999,2131048.77894,12156
DOGEUSDT,1743850800000,0.1695,0.17023,0.16932,0.17013,33625996.0,1743854399999,5708918.67086,19761
DOGEUSDT,1743854400000,0.17014,0.17058,0.16823,0.16902,20772489.0,1743857999999,3515510.21654,17313
DOGEUSDT,1743858000000,0.16902,0.1692,0.16609,0.16678,45215952.0,1743861599999,7569070.26188,31836
DOGEUSDT,1743861600000,0.16678,0.16867,0.16673,0.16807,20270981.0,1743865199999,3401093.54742,22951
DOGEUSDT,1743865200000,0.16806,0.16808,0.1664,0.16723,17519485.0,1743868799999,2931624.96597,17109
DOGEUSDT,1743868800000,0.16722,0.16785,0.16692,0.1674,8730084.0,1743872399999,1461323.543,11011
DOGEUSDT,1743872400000,0.16741,0.16833,0.16708,0.16774,7882460.0,1743875999999,1323274.21284,9115
DOGEUSDT,1743876000000,0.16773,0.16878,0.16766,0.16852,5940186.0,1743879599999,1000178.16951,9514
DOGEUSDT,1743879600000,0.16853,0.16872,0.16736,0.16755,6777119.0,1743883199999,1138848.01874,8086
DOGEUSDT,1743883200000,0.16755,0.16842,0.16717,0.16803,8648486.0,1743886799999,1451317.76805,11634
DOGEUSDT,1743886800000,0.16804,0.1684,0.16747,0.16752,8149914.0,1743890399999,1367781.50272,8328
DOGEUSDT,1743890400000,0.16752,0.16826,0.16752,0.16804,3315303.0,1743893999999,556711.03668,4920
DOGEUSDT,1743894000000,0.16804,0.16933,0.16795,0.16898,7076589.0,1743897599999,1193026.74932,10105
DOGEUSDT,1743897600000,0.16898,0.16955,0.1684,0.16931,7238366.0,1743901199999,1223587.10917,11318
DOGEUSDT,1743901200000,0.16932,0.17004,0.16865,0.16873,9889041.0,1743904799999,1676270.69012,10930
DOGEUSDT,1743904800000,0.16873,0.16889,0.1674,0.16746,17985153.0,1743908399999,3026984.67432,10533
DOGEUSDT,1743908400000,0.16746,0.16808,0.16712,0.1677,14569950.0,1743911999999,2440778.35453,11444
DOGEUSDT,1743912000000,0.16771,0.1678,0.16676,0.16756,12000618.0,1743915599999,2007622.6462,11424
DOGEUSDT,1743915600000,0.16757,0.16795,0.16707,0.16779,9167376.0,1743919199999,1536266.55154,9055
DOGEUSDT,1743919200000,0.1678,0.1679,0.16584,0.16609,19563540.0,1743922799999,3260877.60637,12378
DOGEUSDT,1743922800000,0.1661,0.16619,0.16494,0.16505,24776492.0,1743926399999,4097378.0317,17174
DOGEUSDT,1743926400000,0.16506,0.16552,0.1641,0.16545,28821485.0,1743929999999,4746273.74663,18428
DOGEUSDT,1743930000000,0.16544,0.16546,0.16463,0.16474,13505306.0,1743933599999,2228291.33739,10600
DOGEUSDT,1743933600000,0.16473,0.16485,0.16367,0.16435,17153086.0,1743937199999,2815349.43711,16085
DOGEUSDT,1743937200000,0.16435,0.16465,0.16358,0.1643,12988386.0,1743940799999,2132252.28597,14449
DOGEUSDT,1743940800000,0.16429,0.16456,0.16271,0.16282,23529812.0,1743944399999,3848405.93099,31383
DOGEUSDT,1743944400000,0.16282,0.16309,0.15976,0.16007,58346411.0,1743947999999,9395326.51994,49871
DOGEUSDT,1743948000000,0.16007,0.16279,0.15959,0.16275,37557623.0,1743951599999,6050772.01017,36904
DOGEUSDT,1743951600000,0.16276,0.16303,0.16164,0.16178,28232275.0,1743955199999,4581143.79398,18603
DOGEUSDT,1743955200000,0.16177,0.16177,0.16051,0.16081,26085472.0,1743958799999,4203372.57665,22732
DOGEUSDT,1743958800000,0.16081,0.1611,0.15697,0.15713,96803803.0,1743962399999,15331543.68631,63875
DOGEUSDT,1743962400000,0.15714,0.15715,0.15111,0.15216,151835960.0,1743965999999,23419070.24531,115862
DOGEUSDT,1743966000000,0.15216,0.15331,0.15067,0.15262,109332397.0,1743969599999,16627179.32084,91838
DOGEUSDT,1743969600000,0.15262,0.15331,0.14891,0.14948,116725704.0,1743973199999,17647874.4749,76267
DOGEUSDT,1743973200000,0.14949,0.15306,0.14909,0.1505,49389180.0,1743976799999,7477434.12522,39701
DOGEUSDT,1743976800000,0.15051,0.15225,0.14723,0.14849,126988293.0,1743980399999,19022556.31546,88839
DOGEUSDT,1743980400000,0.14848,0.14989,0.14582,0.14927,112486958.0,1743983999999,16622751.77209,77764
DOGEUSDT,1743984000000,0.14927,0.14978,0.14583,0.14796,114152816.0,1743987599999,16871413.44583,65122
DOGEUSDT,1743987600000,0.14796,0.15153,0.14796,0.14981,78667817.0,1743991199999,11792240.98061,59617
DOGEUSDT,1743991200000,0.14981,0.15007,0.14656,0.14693,49357905.0,1743994799999,7326982.94931,37009
DOGEUSDT,1743994800000,0.14694,0.14716,0.14019,0.14212,168543074.0,1743998399999,24083699.94482,97568
DOGEUSDT,1743998400000,0.14211,0.14316,0.13974,0.14179,106439060.0,1744001999999,15031361.77062,89955
DOGEUSDT,1744002000000,0.14179,0.14309,0.14065,0.14111,56656319.0,1744005599999,8035325.06643,54412
DOGEUSDT,1744005600000,0.14111,0.14225,0.12986,0.13158,445559220.0,1744009199999,59937394.19332,185126
DOGEUSDT,1744009200000,0.13158,0.1351,0.131,0.13224,209741395.0,1744012799999,27891937.18872,124543
DOGEUSDT,1744012800000,0.13223,0.13929,0.13177,0.13738,197632393.0,1744016399999,26908950.33494,119324
DOGEUSDT,1744016400000,0.13738,0.13985,0.136,0.1378,98214885.0,1744019999999,13534500.87448,70749
DOGEUSDT,1744020000000,0.1378,0.14187,0.13754,0.13883,135035286.0,1744023599999,18898756.27361,83625
DOGEUSDT,1744023600000,0.13884,0.14056,0.1373,0.13818,72739533.0,1744027199999,10109703.96693,54734
DOGEUSDT,1744027200000,0.13819,0.14256,0.1372,0.14186,137908425.0,1744030799999,19307383.30457,82277
DOGEUSDT,1744030800000,0.14185,0.14727,0.13773,0.14614,267429298.0,1744034399999,38242668.78616,116225
DOGEUSDT,1744034400000,0.14615,0.15407,0.14412,0.14888,559452887.0,1744037999999,83211093.64235,209316
DOGEUSDT,1744038000000,0.14888,0.15001,0.14531,0.147,210312613.0,1744041599999,31045648.03185,83172
DOGEUSDT,1744041600000,0.14699,0.1472,0.14386,0.1442,93772333.0,1744045199999,13679135.61992,54249
DOGEUSDT,1744045200000,0.14419,0.14963,0.14417,0.14917,114792692.0,1744048799999,16911949.70918,67570
DOGEUSDT,1744048800000,0.14917,0.14971,0.14708,0.14726,49795730.0,1744052399999,7393612.33181,41821
DOGEUSDT,1744052400000,0.14726,0.14883,0.14625,0.14667,73311179.0,1744055999999,10803345.77421,49008
DOGEUSDT,1744056000000,0.14667,0.15066,0.14663,0.14982,46870526.0,1744059599999,7005761.09767,29482
DOGEUSDT,1744059600000,0.14982,0.15095,0.14815,0.14987,38762285.0,1744063199999,5791070.31645,24345
DOGEUSDT,1744063200000,0.14988,0.15247,0.14966,0.15111,56703707.0,1744066799999,8586637.20061,33664
DOGEUSDT,1744066800000,0.1511,0.15128,0.14876,0.14958,49608256.0,1744070399999,7438860.85186,26144
DOGEUSDT,1744070400000,0.14958,0.1505,0.14723,0.14745,33808340.0,1744073999999,5037813.52102,23272
DOGEUSDT,1744074000000,0.14745,0.15326,0.14688,0.15177,68314520.0,1744077599999,10281469.62575,43671
DOGEUSDT,1744077600000,0.15178,0.15331,0.15129,0.15218,38226617.0,1744081199999,5824096.04867,31719
DOGEUSDT,1744081200000,0.15218,0.15281,0.1508,0.15136,41400717.0,1744084799999,6275188.24053,27303
DOGEUSDT,1744084800000,0.15136,0.15255,0.15087,0.15242,25582188.0,1744088399999,3884856.50861,27993
DOGEUSDT,1744088400000,0.15242,0.15267,0.15019,0.15083,25530672.0,1744091999999,3855208.66396,22749
DOGEUSDT,1744092000000,0.15082,0.15085,0.14902,0.14916,36421794.0,1744095599999,5449100.66349,27546
DOGEUSDT,1744095600000,0.14916,0.15099,0.14833,0.15079,74906838.0,1744099199999,11226710.80458,34976
DOGEUSDT,1744099200000,0.15079,0.15223,0.14972,0.15186,81823918.0,1744102799999,12314450.17464,38222
DOGEUSDT,1744102800000,0.15186,0.15276,0.15054,0.15061,37569827.0,1744106399999,5694894.8698,28637
DOGEUSDT,1744106400000,0.1506,0.15192,0.15024,0.15097,27302384.0,1744109999999,4123282.93408,24683
DOGEUSDT,1744110000000,0.15098,0.15635,0.15075,0.1561,85317560.0,1744113599999,13118617.59375,53731
DOGEUSDT,1744113600000,0.1561,0.15707,0.15372,0.15418,87343354.0,1744117199999,13547364.97427,55091
DOGEUSDT,1744117200000,0.15417,0.15553,0.15275,0.15413,115133649.0,1744120799999,17726783.56551,72577
DOGEUSDT,1744120800000,0.15412,0.15561,0.15061,0.1509,86435082.0,1744124399999,13222323.74174,63524
DOGEUSDT,1744124400000,0.1509,0.15192,0.1499,0.15082,74990474.0,1744127999999,11314640.871,49365
DOGEUSDT,1744128000000,0.15081,0.15113,0.14525,0.14593,136818449.0,1744131599999,20193122.04522,74390
DOGEUSDT,1744131600000,0.14594,0.14605,0.142,0.14525,145680321.0,1744135199999,20995275.71039,84669
DOGEUSDT,1744135200000,0.14525,0.14718,0.14459,0.14502,61898051.0,1744138799999,9018554.02329,36856
DOGEUSDT,1744138800000,0.14503,0.14547,0.14242,0.14303,48884306.0,1744142399999,7018113.66787,33527
DOGEUSDT,1744142400000,0.14304,0.14471,0.14228,0.1439,26681888.0,1744145999999,3828987.20163,21373
DOGEUSDT,1744146000000,0.14391,0.1443,0.142,0.14414,29211792.0,1744149599999,4181015.37797,19079
DOGEUSDT,1744149600000,0.14414,0.14417,0.1411,0.14282,47683479.0,1744153199999,6785614.90406,34145
DOGEUSDT,1744153200000,0.14282,0.14305,0.14143,0.14225,33242456.0,1744156799999,4723603.70794,28669
DOGEUSDT,1744156800000,0.14225,0.14365,0.14122,0.14167,53140730.0,1744160399999,7565635.60663,40182
DOGEUSDT,1744160400000,0.14168,0.14206,0.13651,0.14119,159423347.0,1744163999999,22176280.33735,87144
DOGEUSDT,1744164000000,0.14119,0.1428,0.13987,0.14006,52864084.0,1744167599999,7476331.46774,46395
DOGEUSDT,1744167600000,0.14007,0.14083,0.13814,0.1388,54815794.0,1744171199999,7632385.41719,42303
DOGEUSDT,1744171200000,0.1388,0.14334,0.1384,0.14224,84461272.0,1744174799999,11933402.44248,66281
DOGEUSDT,1744174800000,0.14224,0.14454,0.14188,0.1436,52018561.0,1744178399999,7454192.3718,43392
DOGEUSDT,1744178400000,0.14361,0.14587,0.14344,0.14449,99425945.0,1744181999999,14396271.39495,46150
DOGEUSDT,1744182000000,0.14449,0.1476,0.14435,0.14686,93247302.0,1744185599999,13663594.69204,54391
DOGEUSDT,1744185600000,0.14685,0.14734,0.14543,0.14644,48705293.0,1744189199999,7119038.05304,30482
DOGEUSDT,1744189200000,0.14644,0.1471,0.14567,0.14635,24880776.0,1744192799999,3641931.67628,20521
DOGEUSDT,1744192800000,0.14635,0.14824,0.14547,0.14753,52892661.0,1744196399999,7752161.71568,29054
DOGEUSDT,1744196400000,0.14753,0.14755,0.14311,0.14385,147610074.0,1744199999999,21383121.02451,90889
DOGEUSDT,1744200000000,0.14385,0.14697,0.14296,0.14595,66873133.0,1744203599999,9669959.87021,55025
DOGEUSDT,1744203600000,0.14594,0.14922,0.14537,0.14679,97038458.0,1744207199999,14273204.8803,71918
DOGEUSDT,1744207200000,0.14679,0.14808,0.14506,0.14517,79011425.0,1744210799999,11590347.28624,63806
DOGEUSDT,1744210800000,0.14517,0.14709,0.14506,0.14615,33393088.0,1744214399999,4882804.51347,37730
DOGEUSDT,1744214400000,0.14615,0.14905,0.14581,0.14892,52917031.0,1744217999999,7810619.72099,35833
DOGEUSDT,1744218000000,0.14892,0.16159,0.14713,0.16136,472854133.0,1744221599999,73339534.61065,230531
DOGEUSDT,1744221600000,0.16135,0.1621,0.15908,0.15947,183579699.0,1744225199999,29445477.86537,108967
DOGEUSDT,1744225200000,0.15947,0.16109,0.15922,0.16031,88889733.0,1744228799999,14229362.78234,47855
DOGEUSDT,1744228800000,0.16032,0.16285,0.16014,0.16274,43943716.0,1744232399999,7082790.7494,31974
DOGEUSDT,1744232400000,0.16275,0.16428,0.16133,0.16299,75810716.0,1744235999999,12359496.94829,47243
DOGEUSDT,1744236000000,0.16299,0.16333,0.16139,0.16155,40176322.0,1744239599999,6516683.33737,28340
DOGEUSDT,1744239600000,0.16155,0.16186,0.16008,0.16031,42452209.0,1744243199999,6827594.87732,25132
DOGEUSDT,1744243200000,0.1603,0.16047,0.15666,0.15859,70619702.0,1744246799999,11199434.44472,42113
DOGEUSDT,1744246800000,0.15859,0.15888,0.15707,0.15769,51905744.0,1744250399999,8198955.53461,29172
DOGEUSDT,1744250400000,0.15769,0.15828,0.15676,0.15692,26972181.0,1744253999999,4248798.56439,20585
DOGEUSDT,1744254000000,0.15693,0.15702,0.15361,0.1555,75766515.0,1744257599999,11743579.38564,42105
DOGEUSDT,1744257600000,0.15551,0.15612,0.15436,0.156,36248335.0,1744261199999,5632360.22501,26114
DOGEUSDT,1744261200000,0.156,0.15752,0.15569,0.157,50751789.0,1744264799999,7954972.73454,29712
DOGEUSDT,1744264800000,0.15701,0.15802,0.15671,0.15762,38137327.0,1744268399999,6003476.25376,26540
DOGEUSDT,1744268400000,0.15762,0.15837,0.15534,0.15606,54478630.0,1744271999999,8536048.00691,31711
DOGEUSDT,1744272000000,0.15607,0.15673,0.15527,0.15563,31850749.0,1744275599999,4964313.64269,25677
DOGEUSDT,1744275600000,0.15562,0.15696,0.15494,0.15662,29915956.0,1744279199999,4670936.59981,25907
DOGEUSDT,1744279200000,0.15661,0.15689,0.15524,0.15621,32947308.0,1744282799999,5139128.60677,23105
DOGEUSDT,1744282800000,0.15621,0.15653,0.15501,0.15629,25140694.0,1744286399999,3918300.72204,20692
DOGEUSDT,1744286400000,0.15629,0.15858,0.15534,0.1562,126664724.0,1744289999999,19897030.6031,62917
DOGEUSDT,1744290000000,0.15621,0.15713,0.15373,0.15473,73131717.0,1744293599999,11371035.6612,52456
DOGEUSDT,1744293600000,0.15472,0.15709,0.15394,0.15537,41258920.0,1744297199999,6420834.55851,30714
DOGEUSDT,1744297200000,0.15537,0.15563,0.14918,0.14959,106790117.0,1744300799999,16152447.15225,71241
DOGEUSDT,1744300800000,0.1496,0.15171,0.14884,0.15139,93224470.0,1744304399999,14012602.53315,46936
DOGEUSDT,1744304400000,0.15139,0.15205,0.15014,0.15153,44098572.0,1744307999999,6670813.2941,29417
DOGEUSDT,1744308000000,0.15153,0.15342,0.15142,0.15327,32089692.0,1744311599999,4899683.1975,29657
DOGEUSDT,1744311600000,0.15326,0.15479,0.15302,0.15381,34547620.0,1744315199999,5309848.76657,30808
DOGEUSDT,1744315200000,0.1538,0.15571,0.15379,0.15516,24724599.0,1744318799999,3825696.26902,16857
DOGEUSDT,1744318800000,0.15516,0.15534,0.15374,0.15418,15070177.0,1744322399999,2327101.13639,11580
DOGEUSDT,1744322400000,0.15419,0.15456,0.15372,0.15374,17793634.0,1744325999999,2743096.746,14509
DOGEUSDT,1744326000000,0.15375,0.1544,0.15311,0.15357,17402020.0,1744329599999,2674849.82971,16098
DOGEUSDT,1744329600000,0.15356,0.15474,0.15327,0.15347,23702110.0,1744333199999,3650482.73941,23614
DOGEUSDT,1744333200000,0.15347,0.15673,0.15339,0.15656,30328025.0,1744336799999,4716725.4334,26302
DOGEUSDT,1744336800000,0.15657,0.15759,0.1557,0.15627,31309726.0,1744340399999,4905149.03253,22754
DOGEUSDT,1744340400000,0.15627,0.15689,0.15618,0.15671,28530930.0,1744343999999,4466514.83634,16615
DOGEUSDT,1744344000000,0.1567,0.15734,0.15616,0.15651,18017056.0,1744347599999,2822474.14647,14491
DOGEUSDT,1744347600000,0.15652,0.15728,0.15581,0.15714,15284291.0,1744351199999,2391034.09464,13185
DOGEUSDT,1744351200000,0.15713,0.15826,0.15713,0.15728,34843109.0,1744354799999,5494903.32227,20657
DOGEUSDT,1744354800000,0.15729,0.15785,0.15648,0.15714,22759510.0,1744358399999,3576743.66831,16525
DOGEUSDT,1744358400000,0.15715,0.15828,0.1562,0.15732,37378132.0,1744361999999,5874966.30996,28721
DOGEUSDT,1744362000000,0.15732,0.15911,0.15674,0.15898,34849945.0,1744365599999,5511148.70272,22101
DOGEUSDT,1744365600000,0.15898,0.16008,0.15809,0.15878,53914643.0,1744369199999,8584984.01641,28327
DOGEUSDT,1744369200000,0.15877,0.15912,0.15761,0.15803,27817642.0,1744372799999,4399246.07644,26861
DOGEUSDT,1744372800000,0.15803,0.15917,0.15733,0.15794,46599282.0,1744376399999,7377937.04009,24572
DOGEUSDT,1744376400000,0.15793,0.16004,0.15702,0.15899,60697551.0,1744379999999,9626762.8916,42154
DOGEUSDT,1744380000000,0.15898,0.15921,0.15683,0.15802,58810812.0,1744383599999,9292498.27038,45934
DOGEUSDT,1744383600000,0.15802,0.15908,0.15744,0.15869,28880458.0,1744387199999,4567602.29606,38987
DOGEUSDT,1744387200000,0.15868,0.15973,0.15777,0.15883,31675865.0,1744390799999,5037405.71696,29588
DOGEUSDT,1744390800000,0.15884,0.16085,0.1586,0.1603,40735211.0,1744394399999,6507813.73898,44565
DOGEUSDT,1744394400000,0.16031,0.16108,0.1596,0.15975,25587323.0,1744397999999,4103546.29562,35837
DOGEUSDT,1744398000000,0.15974,0.16039,0.15942,0.15977,15689215.0,1744401599999,2509768.44113,20248
DOGEUSDT,1744401600000,0.15976,0.16125,0.15952,0.16095,17559295.0,1744405199999,2818809.0736,18230
DOGEUSDT,1744405200000,0.16094,0.16246,0.16049,0.16115,31690288.0,1744408799999,5112283.39125,28846
DOGEUSDT,1744408800000,0.16115,0.16129,0.16047,0.16057,14723770.0,1744412399999,2367760.61432,19295
DOGEUSDT,1744412400000,0.16056,0.16056,0.15943,0.16004,12918568.0,1744415999999,2065836.06356,15459
DOGEUSDT,1744416000000,0.16003,0.16024,0.15906,0.15915,12854265.0,1744419599999,2050544.64219,21793
DOGEUSDT,1744419600000,0.15915,0.15944,0.15845,0.1587,18710598.0,1744423199999,2971410.65005,20190
DOGEUSDT,1744423200000,0.15869,0.15895,0.15772,0.15789,17127671.0,1744426799999,2711917.05657,20404
DOGEUSDT,1744426800000,0.15788,0.15893,0.15782,0.15875,12622298.0,1744430399999,2000025.1955,15577
DOGEUSDT,1744430400000,0.15876,0.16126,0.15851,0.16073,27551789.0,1744433999999,4412531.94192,31424
DOGEUSDT,1744434000000,0.16074,0.1624,0.16067,0.16175,33153653.0,1744437599999,5356759.89029,44983
DOGEUSDT,1744437600000,0.16175,0.16469,0.16173,0.16311,54595843.0,1744441199999,8925689.66003,49701
DOGEUSDT,1744441200000,0.16312,0.16348,0.16226,0.16298,28594065.0,1744444799999,4659662.63194,35253
DOGEUSDT,1744444800000,0.16297,0.16437,0.16239,0.16254,32886442.0,1744448399999,5372625.07384,32798
DOGEUSDT,1744448400000,0.16254,0.16336,0.16199,0.16297,13778460.0,1744451999999,2241578.62801,21076
DOGEUSDT,1744452000000,0.16298,0.16299,0.16166,0.16215,15827252.0,1744455599999,2567950.73416,20033
DOGEUSDT,1744455600000,0.16216,0.16248,0.16185,0.16186,13676542.0,1744459199999,2218139.30179,18794
DOGEUSDT,1744459200000,0.16186,0.16299,0.1615,0.16266,24487260.0,1744462799999,3972383.5077,27789
DOGEUSDT,1744462800000,0.16267,0.16587,0.16238,0.16542,59001688.0,1744466399999,9681784.78423,73754
DOGEUSDT,1744466400000,0.16542,0.16736,0.16494,0.16587,85668196.0,1744469999999,14208778.33871,83336
DOGEUSDT,1744470000000,0.16588,0.16875,0.16531,0.16747,74842643.0,1744473599999,12518192.31252,77740
DOGEUSDT,1744473600000,0.16746,0.16828,0.16527,0.16587,58370897.0,1744477199999,9714649.62234,52304
DOGEUSDT,1744477200000,0.16587,0.16618,0.16489,0.16575,34024593.0,1744480799999,5634530.51125,36526
DOGEUSDT,1744480800000,0.16574,0.16738,0.16566,0.16722,20769671.0,1744484399999,3463510.99698,25121
DOGEUSDT,1744484400000,0.16723,0.16748,0.16585,0.16633,14870584.0,1744487999999,2478515.1217,22305
DOGEUSDT,1744488000000,0.16633,0.16842,0.16623,0.16808,21283882.0,1744491599999,3564363.2154,33061
DOGEUSDT,1744491600000,0.16808,0.1689,0.16764,0.16789,27626651.0,1744495199999,4648118.10079,30938
DOGEUSDT,1744495200000,0.1679,0.16948,0.16789,0.16842,24290466.0,1744498799999,4097569.18209,32855
DOGEUSDT,1744498800000,0.16842,0.1688,0.16747,0.16763,25751387.0,1744502399999,4325379.42834,24634
DOGEUSDT,1744502400000,0.16764,0.16818,0.1664,0.16809,23560437.0,1744505999999,3943156.19697,31294
DOGEUSDT,1744506000000,0.16808,0.16868,0.16567,0.16584,39094865.0,1744509599999,6536344.16966,47054
DOGEUSDT,1744509600000,0.16584,0.16641,0.16516,0.1661,29065874.0,1744513199999,4820714.3776,39967
DOGEUSDT,1744513200000,0.16609,0.16709,0.1657,0.16655,10333719.0,1744516799999,1718545.63157,21467
DOGEUSDT,1744516800000,0.16655,0.16658,0.16463,0.16484,26071232.0,1744520399999,4308993.59031,26055
DOGEUSDT,1744520400000,0.16483,0.16523,0.16386,0.16452,27193586.0,1744523999999,4472876.65661,35560
DOGEUSDT,1744524000000,0.16453,0.16549,0.16434,0.16485,11060493.0,1744527599999,1824049.42099,24685
DOGEUSDT,1744527600000,0.16485,0.16535,0.16406,0.16409,17903057.0,1744531199999,2945216.52256,19140
DOGEUSDT,1744531200000,0.16409,0.16527,0.16346,0.16517,31745807.0,1744534799999,5216709.91843,29670
DOGEUSDT,1744534800000,0.16518,0.16846,0.165,0.16812,36347541.0,1744538399999,6053833.96958,42546
DOGEUSDT,1744538400000,0.16813,0.1684,0.16594,0.16668,42577242.0,1744541999999,7115685.18048,39135
DOGEUSDT,1744542000000,0.16668,0.16689,0.16432,0.16513,26697210.0,1744545599999,4421534.96652,37291
DOGEUSDT,1744545600000,0.16513,0.16569,0.16419,0.16491,18531904.0,1744549199999,3057170.25829,32348
DOGEUSDT,1744549200000,0.16491,0.16526,0.16101,0.16167,55425724.0,1744552799999,9026023.74472,55866
DOGEUSDT,1744552800000,0.16166,0.16319,0.16121,0.16303,32578999.0,1744556399999,5288656.80012,53451
DOGEUSDT,1744556400000,0.16303,0.16303,0.16151,0.16231,24527167.0,1744559999999,3975400.36802,33896
DOGEUSDT,1744560000000,0.1623,0.16365,0.16225,0.16359,25639750.0,1744563599999,4180083.32238,35688
DOGEUSDT,1744563600000,0.16359,0.16718,0.16341,0.16652,50717533.0,1744567199999,8415753.73363,56323
DOGEUSDT,1744567200000,0.16652,0.16811,0.16626,0.16724,40829019.0,1744570799999,6828419.57601,52139
DOGEUSDT,1744570800000,0.16725,0.16736,0.16104,0.16301,67030148.0,1744574399999,10979610.4815,94197
DOGEUSDT,1744574400000,0.163,0.16557,0.16194,0.16253,41119008.0,1744577999999,6727847.26901,68211
DOGEUSDT,1744578000000,0.16252,0.16362,0.16109,0.16278,31203342.0,1744581599999,5063908.888,49008
DOGEUSDT,1744581600000,0.16278,0.16359,0.1617,0.16206,17165126.0,1744585199999,2790009.19691,37412
DOGEUSDT,1744585200000,0.16206,0.16315,0.16127,0.1626,21869067.0,1744588799999,3551567.67051,37205
DOGEUSDT,1744588800000,0.1626,0.16674,0.16222,0.16471,44986439.0,1744592399999,7429793.30505,73262
DOGEUSDT,1744592400000,0.16471,0.16614,0.16437,0.1651,17468564.0,1744595999999,2887009.61934,38145
DOGEUSDT,1744596000000,0.1651,0.16964,0.16457,0.16654,76370983.0,1744599599999,12785332.18457,89220
DOGEUSDT,1744599600000,0.16654,0.16665,0.16512,0.16546,25446494.0,1744603199999,4221433.87812,46511
DOGEUSDT,1744603200000,0.16546,0.16808,0.1649,0.16757,25129603.0,1744606799999,4173023.91394,36897
DOGEUSDT,1744606800000,0.16757,0.16808,0.16528,0.16587,20395531.0,1744610399999,3398800.36161,36865
DOGEUSDT,1744610400000,0.16586,0.16597,0.16418,0.16474,17174195.0,1744613999999,2833093.77843,34365
DOGEUSDT,1744614000000,0.16474,0.16501,0.16269,0.16446,33226504.0,1744617599999,5442954.05135,49083
DOGEUSDT,1744617600000,0.16446,0.16486,0.16334,0.16409,17522726.0,1744621199999,2875352.54201,30002
DOGEUSDT,1744621200000,0.1641,0.16496,0.16267,0.16381,32519496.0,1744624799999,5326744.77166,34630
DOGEUSDT,1744624800000,0.16381,0.16582,0.16338,0.1654,25507330.0,1744628399999,4201063.15144,40285
DOGEUSDT,1744628400000,0.16541,0.1663,0.16477,0.16595,26150881.0,1744631999999,4335796.05795,40098
DOGEUSDT,1744632000000,0.16596,0.16687,0.16534,0.16651,39705981.0,1744635599999,6595390.87515,41363
DOGEUSDT,1744635600000,0.1665,0.16681,0.16229,0.16328,72437683.0,1744639199999,11907877.28426,75250
DOGEUSDT,1744639200000,0.16329,0.16683,0.16275,0.16535,60876928.0,1744642799999,10049530.25992,74354
DOGEUSDT,1744642800000,0.16535,0.16549,0.15943,0.16028,104421412.0,1744646399999,16937553.69434,121882
DOGEUSDT,1744646400000,0.16028,0.16144,0.15911,0.16022,50612224.0,1744649999999,8113458.13549,81619
DOGEUSDT,1744650000000,0.16022,0.16118,0.15975,0.16108,34224859.0,1744653599999,5492963.17952,45520
DOGEUSDT,1744653600000,0.16108,0.16164,0.15961,0.16052,20544264.0,1744657199999,3301434.61361,39357
DOGEUSDT,1744657200000,0.16051,0.16123,0.15963,0.15989,20640671.0,1744660799999,3311635.2994,35309
DOGEUSDT,1744660800000,0.1599,0.1601,0.15833,0.15946,33446357.0,1744664399999,5320938.67212,35650
DOGEUSDT,1744664400000,0.15947,0.15954,0.15731,0.15892,25581652.0,1744667999999,4055780.93739,26397
DOGEUSDT,1744668000000,0.15893,0.15921,0.15822,0.15879,14348010.0,1744671599999,2277553.82923,29786
DOGEUSDT,1744671600000,0.15878,0.15951,0.15841,0.15854,20011443.0,1744675199999,3182048.63633,32873
DOGEUSDT,1744675200000,0.15854,0.15945,0.15754,0.15915,26404710.0,1744678799999,4187231.22116,44501
DOGEUSDT,1744678800000,0.15914,0.16016,0.1574,0.15988,30812909.0,1744682399999,4896786.53007,42736
DOGEUSDT,1744682400000,0.15988,0.16047,0.15827,0.15953,19413743.0,1744685999999,3094380.18069,37093
DOGEUSDT,1744686000000,0.15953,0.16096,0.15907,0.16086,20302930.0,1744689599999,3248663.8565,30910
DOGEUSDT,1744689600000,0.16087,0.16115,0.15963,0.16049,21376261.0,1744693199999,3424882.65393,27801
DOGEUSDT,1744693200000,0.16049,0.16122,0.16014,0.16023,17061464.0,1744696799999,2740819.26089,27647
DOGEUSDT,1744696800000,0.16024,0.16044,0.15877,0.15894,20892368.0,1744700399999,3333528.93089,30063
DOGEUSDT,1744700400000,0.15895,0.16038,0.1588,0.16006,15264057.0,1744703999999,2440166.54353,25170
DOGEUSDT,1744704000000,0.16005,0.16076,0.15951,0.15959,43611038.0,1744707599999,6981315.30585,21746
DOGEUSDT,1744707600000,0.15959,0.16101,0.15926,0.16055,37678417.0,1744711199999,6040417.06231,37098
DOGEUSDT,1744711200000,0.16055,0.16095,0.15874,0.15945,27696682.0,1744714799999,4423914.53679,36685
DOGEUSDT,1744714800000,0.15945,0.15948,0.15808,0.15875,25554386.0,1744718399999,4057395.04017,30053
DOGEUSDT,1744718400000,0.15875,0.15961,0.15785,0.1592,27032076.0,1744721999999,4287502.88799,41901
DOGEUSDT,1744722000000,0.15919,0.16132,0.15865,0.1591,47012753.0,1744725599999,7510874.22461,78501
DOGEUSDT,1744725600000,0.15911,0.15985,0.15591,0.15681,74551387.0,1744729199999,11730336.92958,110332
DOGEUSDT,1744729200000,0.15681,0.1574,0.15469,0.15587,53109847.0,1744732799999,8289661.94926,73008
DOGEUSDT,1744732800000,0.15587,0.15707,0.15573,0.15604,22243963.0,1744736399999,3480100.25767,36100
DOGEUSDT,1744736400000,0.15605,0.15624,0.15471,0.15542,28198954.0,1744739999999,4381964.54335,32458
DOGEUSDT,1744740000000,0.15541,0.15581,0.15444,0.15535,15016570.0,1744743599999,2329688.60158,32131
DOGEUSDT,1744743600000,0.15535,0.15563,0.15463,0.15503,13885794.0,1744747199999,2153595.86478,21849
DOGEUSDT,1744747200000,0.15502,0.15592,0.15416,0.15501,22589057.0,1744750799999,3506517.60036,24187
DOGEUSDT,1744750800000,0.15502,0.15628,0.15465,0.15602,13722741.0,1744754399999,2134304.89385,18846
DOGEUSDT,1744754400000,0.15602,0.15602,0.15349,0.15411,23933633.0,1744757999999,3702776.39881,31729
DOGEUSDT,1744758000000,0.1541,0.15448,0.15305,0.15356,20511949.0,1744761599999,3153232.1801,29390
DOGEUSDT,1744761600000,0.15356,0.15427,0.15206,0.15312,43723174.0,1744765199999,6696330.52742,51215
DOGEUSDT,1744765200000,0.15311,0.15525,0.15293,0.1552,16350667.0,1744768799999,2523133.42535,33240
DOGEUSDT,1744768800000,0.1552,0.15591,0.15502,0.15555,19934573.0,1744772399999,3099466.57385,28904
DOGEUSDT,1744772400000,0.15555,0.15592,0.15476,0.15506,24893378.0,1744775999999,3866913.97558,19706
DOGEUSDT,1744776000000,0.15506,0.15544,0.15412,0.15495,22061122.0,1744779599999,3413315.36589,27441
DOGEUSDT,1744779600000,0.15495,0.15551,0.15314,0.1537,39196393.0,1744783199999,6039810.13417,38190
DOGEUSDT,1744783200000,0.15369,0.15445,0.15328,0.15416,17374822.0,1744786799999,2676203.6823,19303
DOGEUSDT,1744786800000,0.15417,0.15443,0.15249,0.1528,22821359.0,1744790399999,3493138.18405,23236
DOGEUSDT,1744790400000,0.1528,0.15437,0.15138,0.15356,39885996.0,1744793999999,6097174.65561,52171
DOGEUSDT,1744794000000,0.15357,0.15431,0.15272,0.15276,15176390.0,1744797599999,2330795.68689,27129
DOGEUSDT,1744797600000,0.15275,0.1538,0.15273,0.15329,10442539.0,1744801199999,1601062.71484,16102
DOGEUSDT,1744801200000,0.1533,0.15365,0.15243,0.15335,13141461.0,1744804799999,2010744.51406,21671
DOGEUSDT,1744804800000,0.15336,0.15412,0.15242,0.15275,27010965.0,1744808399999,4143549.80634,32970
DOGEUSDT,1744808400000,0.15275,0.15386,0.15187,0.15244,24375057.0,1744811999999,3725354.85713,46321
DOGEUSDT,1744812000000,0.15244,0.15589,0.1524,0.15477,46796451.0,1744815599999,7241009.06107,48826
DOGEUSDT,1744815600000,0.15477,0.15642,0.15437,0.15514,57276637.0,1744819199999,8899979.42677,52298
DOGEUSDT,1744819200000,0.15515,0.15589,0.1538,0.15525,18184220.0,1744822799999,2816270.92846,33431
DOGEUSDT,1744822800000,0.15524,0.15688,0.15019,0.1507,82349667.0,1744826399999,12645569.69166,102715
DOGEUSDT,1744826400000,0.15071,0.15469,0.15061,0.15318,54617005.0,1744829999999,8337435.84023,102333
DOGEUSDT,1744830000000,0.15318,0.15619,0.15229,0.15563,46889484.0,1744833599999,7251783.32104,56241
DOGEUSDT,1744833600000,0.15563,0.1574,0.15498,0.15521,27944228.0,1744837199999,4368497.15252,47614
DOGEUSDT,1744837200000,0.15522,0.15682,0.15472,0.15625,20994448.0,1744840799999,3270958.52903,32675
DOGEUSDT,1744840800000,0.15625,0.15636,0.15547,0.15591,14732940.0,1744844399999,2298304.8791,26853
DOGEUSDT,1744844400000,0.15592,0.15599,0.15415,0.15471,13720226.0,1744847999999,2124089.11859,21955
DOGEUSDT,1744848000000,0.15472,0.15541,0.15437,0.15513,17858675.0,1744851599999,2766239.82,34926
DOGEUSDT,1744851600000,0.15512,0.15709,0.15472,0.15602,30273092.0,1744855199999,4718473.06078,37887
DOGEUSDT,1744855200000,0.15602,0.15613,0.15514,0.15569,8577912.0,1744858799999,1334335.64427,23571
DOGEUSDT,1744858800000,0.1557,0.15628,0.15406,0.1553,20641376.0,1744862399999,3201529.08162,22756
DOGEUSDT,1744862400000,0.15531,0.15649,0.15492,0.15635,20457141.0,1744865999999,3183870.73938,24716
DOGEUSDT,1744866000000,0.15635,0.15773,0.15613,0.15694,16030666.0,1744869599999,2514707.5383,29117
DOGEUSDT,1744869600000,0.15695,0.15786,0.15669,0.15704,12524627.0,1744873199999,1969335.20569,28330
DOGEUSDT,1744873200000,0.15705,0.1578,0.15663,0.15674,12954922.0,1744876799999,2035249.18303,21875
DOGEUSDT,1744876800000,0.15674,0.1571,0.15593,0.15596,18257852.0,1744880399999,2858803.00491,20745
DOGEUSDT,1744880400000,0.15597,0.15657,0.15556,0.15636,17657526.0,1744883999999,2754634.02577,21847
DOGEUSDT,1744884000000,0.15635,0.15651,0.15542,0.15608,7917607.0,1744887599999,1234748.81972,19833
DOGEUSDT,1744887600000,0.15609,0.15702,0.15581,0.15651,10044802.0,1744891199999,1572353.55361,20495
DOGEUSDT,1744891200000,0.15651,0.15729,0.15619,0.15681,15482614.0,1744894799999,2427386.569,25159
DOGEUSDT,1744894800000,0.15682,0.15682,0.15546,0.15593,16074813.0,1744898399999,2508532.13659,38194
DOGEUSDT,1744898400000,0.15593,0.15597,0.15298,0.15401,32264003.0,1744901999999,4977902.60013,56286
DOGEUSDT,1744902000000,0.15402,0.1557,0.15398,0.15524,21041749.0,1744905599999,3263369.03673,42312
DOGEUSDT,1744905600000,0.15524,0.158,0.15461,0.15774,41098515.0,1744909199999,6433402.98093,65822
DOGEUSDT,1744909200000,0.15774,0.15934,0.15719,0.15883,25530193.0,1744912799999,4045314.17988,45676
DOGEUSDT,1744912800000,0.15883,0.15946,0.15767,0.15771,20824232.0,1744916399999,3306143.49975,36353
DOGEUSDT,1744916400000,0.15772,0.15825,0.15566,0.15679,25945387.0,1744919999999,4066727.77305,47653
DOGEUSDT,1744920000000,0.15679,0.15762,0.15674,0.15702,10426627.0,1744923599999,1638314.17587,22866
DOGEUSDT,1744923600000,0.15701,0.15731,0.15634,0.15674,6232376.0,1744927199999,977625.18656,12288
DOGEUSDT,1744927200000,0.15674,0.15724,0.15523,0.15527,10766741.0,1744930799999,1681828.14721,24751
DOGEUSDT,1744930800000,0.15528,0.15635,0.15528,0.15588,7929945.0,1744934399999,1236039.14868,13746
DOGEUSDT,1744934400000,0.15589,0.1561,0.15392,0.15413,20974075.0,1744937999999,3251277.18442,30699
DOGEUSDT,1744938000000,0.15413,0.15526,0.15375,0.15395,15218879.0,1744941599999,2350606.95749,29129
DOGEUSDT,1744941600000,0.15394,0.1549,0.15357,0.15456,18592076.0,1744945199999,2868016.63185,23585
DOGEUSDT,1744945200000,0.15456,0.15506,0.15382,0.1548,9904869.0,1744948799999,1529419.30599,18004
DOGEUSDT,1744948800000,0.1548,0.15537,0.15424,0.15504,10892327.0,1744952399999,1687089.91889,19064
DOGEUSDT,1744952400000,0.15503,0.15503,0.15423,0.15491,6858910.0,1744955999999,1060837.26137,18030
DOGEUSDT,1744956000000,0.15491,0.15521,0.15437,0.15485,8124414.0,1744959599999,1258069.74854,16737
DOGEUSDT,1744959600000,0.15485,0.15538,0.15415,0.15514,14278722.0,1744963199999,2210673.27367,21484
DOGEUSDT,1744963200000,0.15515,0.15619,0.15495,0.1556,12843446.0,1744966799999,1998848.28257,25687
DOGEUSDT,1744966800000,0.15561,0.15591,0.15517,0.15538,11349186.0,1744970399999,1764141.65792,20463
DOGEUSDT,1744970400000,0.15538,0.15579,0.15486,0.15507,14186593.0,1744973999999,2203455.14677,16019
DOGEUSDT,1744974000000,0.15507,0.15562,0.15476,0.15551,8624312.0,1744977599999,1338888.44149,16588
DOGEUSDT,1744977600000,0.1555,0.15649,0.15519,0.15603,15391644.0,1744981199999,2399341.02321,23804
DOGEUSDT,1744981200000,0.15604,0.15658,0.15545,0.15648,15985660.0,1744984799999,2494591.46093,23654
DOGEUSDT,1744984800000,0.15647,0.15689,0.156,0.15666,12568230.0,1744988399999,1966428.11065,22939
DOGEUSDT,1744988400000,0.15666,0.15678,0.15542,0.15636,13003901.0,1744991999999,2028199.3452,24075
DOGEUSDT,1744992000000,0.15635,0.15698,0.15607,0.1568,12587474.0,1744995599999,1972210.97855,23443
DOGEUSDT,1744995600000,0.15681,0.15755,0.15649,0.1574,22223844.0,1744999199999,3490092.03764,23185
DOGEUSDT,1744999200000,0.1574,0.1588,0.15721,0.15815,20314214.0,1745002799999,3214990.49251,29773
DOGEUSDT,1745002800000,0.15814,0.15836,0.15755,0.1579,15034177.0,1745006399999,2375365.66035,17784
DOGEUSDT,1745006400000,0.1579,0.15838,0.15749,0.15811,10815042.0,1745009999999,1708521.47624,14848
DOGEUSDT,1745010000000,0.15812,0.15895,0.15768,0.1588,11345426.0,1745013599999,1796620.21636,15872
DOGEUSDT,1745013600000,0.1588,0.15888,0.15792,0.1581,10395294.0,1745017199999,1647328.41164,16428
DOGEUSDT,1745017200000,0.15809,0.15816,0.15735,0.15759,10182650.0,1745020799999,1605929.24165,13808
DOGEUSDT,1745020800000,0.15758,0.15784,0.15695,0.15741,9422935.0,1745024399999,1482971.79618,14110
DOGEUSDT,1745024400000,0.15742,0.15834,0.15716,0.15794,12530323.0,1745027999999,1978248.71527,16322
DOGEUSDT,1745028000000,0.15793,0.15899,0.15762,0.15841,14509824.0,1745031599999,2297324.9207,21351
DOGEUSDT,1745031600000,0.15842,0.1597,0.15842,0.15943,23891735.0,1745035199999,3799476.16305,23306
DOGEUSDT,1745035200000,0.15942,0.16091,0.15942,0.15956,29068569.0,1745038799999,4652509.15833,32077
DOGEUSDT,1745038800000,0.15956,0.15987,0.15897,0.15906,14863900.0,1745042399999,2369540.50843,15630
DOGEUSDT,1745042400000,0.15905,0.15916,0.15832,0.15852,14755993.0,1745045999999,2341648.29843,15762
DOGEUSDT,1745046000000,0.15853,0.15951,0.15852,0.15908,13372710.0,1745049599999,2125671.33247,16897
DOGEUSDT,1745049600000,0.15908,0.15928,0.15851,0.1587,9192596.0,1745053199999,1460231.27211,13670
DOGEUSDT,1745053200000,0.1587,0.1592,0.15827,0.15834,11684245.0,1745056799999,1854882.54282,16609
DOGEUSDT,1745056800000,0.15834,0.15836,0.15763,0.15798,18216247.0,1745060399999,2879656.11153,17423
DOGEUSDT,1745060400000,0.15798,0.15824,0.15783,0.15806,7583094.0,1745063999999,1198054.25339,14594
DOGEUSDT,1745064000000,0.15807,0.15839,0.15766,0.15804,10294332.0,1745067599999,1626627.44294,14190
DOGEUSDT,1745067600000,0.15804,0.1587,0.15773,0.15859,8253939.0,1745071199999,1306513.58514,13861
DOGEUSDT,1745071200000,0.1586,0.15886,0.15792,0.15803,8860928.0,1745074799999,1402997.23279,15141
DOGEUSDT,1745074800000,0.15804,0.15898,0.15736,0.1578,16980076.0,1745078399999,2686229.29716,23677
DOGEUSDT,1745078400000,0.1578,0.15832,0.15631,0.15657,21611391.0,1745081999999,3400253.9547,26943
DOGEUSDT,1745082000000,0.15656,0.1582,0.15651,0.15791,12364195.0,1745085599999,1947149.54854,23762
DOGEUSDT,1745085600000,0.15792,0.15845,0.15718,0.1573,10369763.0,1745089199999,1636528.07525,16748
DOGEUSDT,1745089200000,0.1573,0.15759,0.15695,0.15729,8915302.0,1745092799999,1402331.77575,13907
DOGEUSDT,1745092800000,0.15729,0.1575,0.1568,0.15712,9793146.0,1745096399999,1539174.29692,15204
DOGEUSDT,1745096400000,0.15711,0.15785,0.15702,0.15777,12908065.0,1745099999999,2033177.00052,11816
DOGEUSDT,1745100000000,0.15778,0.15819,0.15758,0.15774,8793480.0,1745103599999,1388309.16206,13875
DOGEUSDT,1745103600000,0.15773,0.15789,0.157,0.15735,13424315.0,1745107199999,2112154.22958,15206
DOGEUSDT,1745107200000,0.15735,0.15805,0.15709,0.15733,11142635.0,1745110799999,1755374.94857,19000
DOGEUSDT,1745110800000,0.15733,0.15904,0.15727,0.15895,14003401.0,1745114399999,2217821.22221,22560
DOGEUSDT,1745114400000,0.15896,0.15941,0.1583,0.15839,17462453.0,1745117999999,2770910.18574,19969
DOGEUSDT,1745118000000,0.1584,0.15846,0.15791,0.15836,9744806.0,1745121599999,1541704.44794,17164
DOGEUSDT,1745121600000,0.15837,0.15923,0.15816,0.15893,13128424.0,1745125199999,2086019.10481,14796
DOGEUSDT,1745125200000,0.15892,0.15906,0.15853,0.15872,12394518.0,1745128799999,1967987.00407,15460
DOGEUSDT,1745128800000,0.15871,0.15959,0.15772,0.1579,23353443.0,1745132399999,3701616.33228,25475
DOGEUSDT,1745132400000,0.1579,0.15792,0.15648,0.15708,23417495.0,1745135999999,3676460.16407,32566
DOGEUSDT,1745136000000,0.15708,0.15713,0.15617,0.1564,12081295.0,1745139599999,1893042.20764,20886
DOGEUSDT,1745139600000,0.15641,0.1565,0.15471,0.15516,25264777.0,1745143199999,3930040.22785,28803
DOGEUSDT,1745143200000,0.15516,0.15539,0.15281,0.15342,38106010.0,1745146799999,5877464.61245,38127
DOGEUSDT,1745146800000,0.15341,0.15369,0.15273,0.15336,32298334.0,1745150399999,4948611.84928,35357
DOGEUSDT,1745150400000,0.15335,0.15447,0.15321,0.15429,26589932.0,1745153999999,4093761.88495,22318
DOGEUSDT,1745154000000,0.1543,0.15464,0.1538,0.15437,12975691.0,1745157599999,2001468.88044,18117
DOGEUSDT,1745157600000,0.15437,0.15511,0.15407,0.15463,12943886.0,1745161199999,2001489.6785,21985
DOGEUSDT,1745161200000,0.15462,0.15463,0.15254,0.15289,29562303.0,1745164799999,4533095.26676,30492
DOGEUSDT,1745164800000,0.15289,0.15422,0.15247,0.15415,22864087.0,1745168399999,3510357.89395,26423
DOGEUSDT,1745168400000,0.15415,0.15417,0.15323,0.1537,8318097.0,1745171999999,1277989.37848,14991
DOGEUSDT,1745172000000,0.15369,0.15444,0.15351,0.15433,9509567.0,1745175599999,1464588.56903,13255
DOGEUSDT,1745175600000,0.15434,0.15501,0.15394,0.15493,18518260.0,1745179199999,2861093.54478,18276
DOGEUSDT,1745179200000,0.15493,0.15735,0.1547,0.15606,37410072.0,1745182799999,5850121.15287,43295
DOGEUSDT,1745182800000,0.15606,0.15627,0.15531,0.15559,12272298.0,1745186399999,1910978.73656,16750
DOGEUSDT,1745186400000,0.15559,0.15559,0.15345,0.15458,21035887.0,1745189999999,3245249.95398,24953
DOGEUSDT,1745190000000,0.15457,0.15566,0.15457,0.15526,8830742.0,1745193599999,1369644.04828,16219
DOGEUSDT,1745193600000,0.15527,0.16021,0.15501,0.15907,99640146.0,1745197199999,15811771.82746,98861
DOGEUSDT,1745197200000,0.15908,0.16086,0.15869,0.16025,48596005.0,1745200799999,7762418.24083,68611
DOGEUSDT,1745200800000,0.16025,0.1614,0.15964,0.16015,55779303.0,1745204399999,8953475.55877,55750
DOGEUSDT,1745204400000,0.16015,0.16104,0.16013,0.1603,29582419.0,1745207999999,4748339.38306,29968
DOGEUSDT,1745208000000,0.1603,0.1612,0.15962,0.16096,29381571.0,1745211599999,4710691.354,30108
DOGEUSDT,1745211600000,0.16096,0.16262,0.16071,0.16188,44404418.0,1745215199999,7173587.44427,36894
DOGEUSDT,1745215200000,0.16188,0.1624,0.16155,0.16193,26465352.0,1745218799999,4286505.66053,29291
DOGEUSDT,1745218800000,0.16192,0.16281,0.1617,0.16196,28555371.0,1745222399999,4630562.00936,24820
DOGEUSDT,1745222400000,0.16197,0.16246,0.16144,0.16203,21001082.0,1745225999999,3401046.31383,22834
DOGEUSDT,1745226000000,0.16203,0.16285,0.16155,0.1624,24536310.0,1745229599999,3978934.18023,33900
DOGEUSDT,1745229600000,0.16241,0.16253,0.16113,0.16194,26061062.0,1745233199999,4213086.51978,28572
DOGEUSDT,1745233200000,0.16195,0.16202,0.16015,0.16149,47160150.0,1745236799999,7590815.98569,44880
DOGEUSDT,1745236800000,0.1615,0.16237,0.16088,0.16097,38207003.0,1745240399999,6180108.47607,35571
DOGEUSDT,1745240400000,0.16096,0.16204,0.15999,0.16001,37485301.0,1745243999999,6036910.16534,53546
DOGEUSDT,1745244000000,0.16,0.16358,0.1597,0.16187,70190784.0,1745247599999,11349966.03907,87233
DOGEUSDT,1745247600000,0.16186,0.16202,0.16011,0.16052,36561639.0,1745251199999,5887044.69957,52653
DOGEUSDT,1745251200000,0.16053,0.16127,0.15745,0.15797,55009407.0,1745254799999,8757229.76867,53631
DOGEUSDT,1745254800000,0.15797,0.1582,0.1558,0.15727,75000752.0,1745258399999,11785855.3655,92873
DOGEUSDT,1745258400000,0.15726,0.15773,0.15644,0.15661,25327355.0,1745261999999,3976646.00828,46526
DOGEUSDT,1745262000000,0.1566,0.15872,0.15641,0.15845,30744459.0,1745265599999,4856126.55846,35786
DOGEUSDT,1745265600000,0.15846,0.15848,0.15739,0.15847,12296078.0,1745269199999,1942245.71708,18341
DOGEUSDT,1745269200000,0.15847,0.15908,0.15783,0.15869,21943122.0,1745272799999,3473185.46884,13733
DOGEUSDT,1745272800000,0.15869,0.15869,0.15762,0.15858,10619089.0,1745276399999,1680186.13675,15529
DOGEUSDT,1745276400000,0.15858,0.15952,0.15795,0.15939,10469094.0,1745279999999,1661045.61071,19064
DOGEUSDT,1745280000000,0.15939,0.15985,0.15721,0.15942,28510643.0,1745283599999,4519922.58132,47349
DOGEUSDT,1745283600000,0.15941,0.16236,0.15906,0.16151,48172237.0,1745287199999,7768727.12842,69826
DOGEUSDT,1745287200000,0.1615,0.16216,0.15919,0.1601,33650897.0,1745290799999,5402110.64906,36200
DOGEUSDT,1745290800000,0.16011,0.16125,0.15927,0.16097,29831538.0,1745294399999,4783695.57951,27479
DOGEUSDT,1745294400000,0.16098,0.1618,0.16029,0.16033,14526187.0,1745297999999,2340509.92817,23835
DOGEUSDT,1745298000000,0.16033,0.16155,0.16026,0.16136,12864612.0,1745301599999,2068948.68648,19520
DOGEUSDT,1745301600000,0.16136,0.16175,0.16046,0.16166,22728159.0,1745305199999,3662846.75742,26529
DOGEUSDT,1745305200000,0.16167,0.16482,0.16167,0.16383,95935379.0,1745308799999,15654520.07889,71365
DOGEUSDT,1745308800000,0.16382,0.1646,0.16303,0.16389,33636397.0,1745312399999,5511651.14914,38476
DOGEUSDT,1745312400000,0.16389,0.16492,0.16328,0.16355,27665014.0,1745315999999,4540096.16454,30396
DOGEUSDT,1745316000000,0.16355,0.16458,0.16291,0.16443,22872209.0,1745319599999,3741991.49742,25914
DOGEUSDT,1745319600000,0.16444,0.16479,0.16397,0.16409,27076066.0,1745323199999,4452645.33337,26926
DOGEUSDT,1745323200000,0.16409,0.16507,0.16377,0.16442,33556235.0,1745326799999,5519658.96668,38792
DOGEUSDT,1745326800000,0.16443,0.16941,0.1641,0.16927,136745332.0,1745330399999,22810287.76328,110550
DOGEUSDT,1745330400000,0.16929,0.17248,0.16806,0.17143,168545302.0,1745333999999,28725020.33959,130226
DOGEUSDT,1745334000000,0.17142,0.17336,0.17019,0.17195,187740474.0,1745337599999,32290270.33352,131450
DOGEUSDT,1745337600000,0.17195,0.17261,0.17041,0.17099,54187296.0,1745341199999,9277868.24949,54287
DOGEUSDT,1745341200000,0.17098,0.1725,0.16996,0.17196,79015961.0,1745344799999,13525728.96834,68333
DOGEUSDT,1745344800000,0.17196,0.1724,0.17093,0.17217,38956649.0,1745348399999,6688223.18126,34300
DOGEUSDT,1745348400000,0.17217,0.17228,0.1706,0.17176,18533364.0,1745351999999,3179716.09915,25764
DOGEUSDT,1745352000000,0.17176,0.17277,0.17152,0.17271,20090164.0,1745355599999,3457046.50268,23220
DOGEUSDT,1745355600000,0.17271,0.17927,0.17245,0.17816,96652727.0,1745359199999,16987843.79816,89329
DOGEUSDT,1745359200000,0.17817,0.18,0.17708,0.17786,124993139.0,1745362799999,22293111.52754,116378
DOGEUSDT,1745362800000,0.17786,0.17944,0.17709,0.17863,111517106.0,1745366399999,19863489.60414,89749
DOGEUSDT,1745366400000,0.17864,0.18489,0.17863,0.17934,148371710.0,1745369999999,26910515.76405,135628
DOGEUSDT,1745370000000,0.17934,0.18186,0.17878,0.17986,114834241.0,1745373599999,20745187.33579,88217
DOGEUSDT,1745373600000,0.17985,0.18293,0.17909,0.18149,84870629.0,1745377199999,15339264.94974,73805
DOGEUSDT,1745377200000,0.18148,0.1822,0.18022,0.18214,45570924.0,1745380799999,8248037.78996,47237
DOGEUSDT,1745380800000,0.18215,0.18525,0.18118,0.18519,51783887.0,1745384399999,9485432.90434,60478
DOGEUSDT,1745384400000,0.18518,0.18518,0.18143,0.18154,55064093.0,1745387999999,10060962.62896,59715
DOGEUSDT,1745388000000,0.18154,0.18261,0.18118,0.18147,46592951.0,1745391599999,8477641.41376,46164
DOGEUSDT,1745391600000,0.18146,0.1824,0.18,0.18219,56483681.0,1745395199999,10223101.30759,61707
DOGEUSDT,1745395200000,0.18219,0.18333,0.18149,0.18248,48668956.0,1745398799999,8887325.47816,48808
DOGEUSDT,1745398800000,0.18249,0.18381,0.18216,0.18217,28242492.0,1745402399999,5169133.40302,36299
DOGEUSDT,1745402400000,0.18217,0.18295,0.18068,0.18282,43170701.0,1745405999999,7842215.44527,50620
DOGEUSDT,1745406000000,0.18282,0.18395,0.18188,0.18225,29470392.0,1745409599999,5389521.00469,37190
DOGEUSDT,1745409600000,0.18226,0.18464,0.18225,0.18454,48377425.0,1745413199999,8878018.92118,52217
DOGEUSDT,1745413200000,0.18455,0.18545,0.17904,0.17954,145374172.0,1745416799999,26499940.52339,147275
DOGEUSDT,1745416800000,0.17955,0.18112,0.1781,0.17906,133227099.0,1745420399999,23912801.99235,107909
DOGEUSDT,1745420400000,0.17906,0.17942,0.17491,0.17849,182381485.0,1745423999999,32288135.66805,136775
DOGEUSDT,1745424000000,0.17849,0.17948,0.17662,0.17817,94717321.0,1745427599999,16859640.15901,74759
DOGEUSDT,1745427600000,0.17816,0.18007,0.17769,0.1796,56625209.0,1745431199999,10138622.52665,46506
DOGEUSDT,1745431200000,0.17959,0.18173,0.17935,0.17976,53221832.0,1745434799999,9614591.82782,38352
DOGEUSDT,1745434800000,0.17976,0.17992,0.1776,0.17838,27067238.0,1745438399999,4835181.12502,40244
DOGEUSDT,1745438400000,0.17837,0.17994,0.1783,0.17961,15063691.0,1745441999999,2700109.93133,25199
DOGEUSDT,1745442000000,0.1796,0.17976,0.17781,0.17831,17733646.0,1745445599999,3171246.19885,18248
DOGEUSDT,1745445600000,0.17832,0.17896,0.17732,0.17892,24963890.0,1745449199999,4444318.99649,27310
DOGEUSDT,1745449200000,0.17892,0.17942,0.17822,0.17864,18273342.0,1745452799999,3267607.11801,20134
DOGEUSDT,1745452800000,0.17864,0.17936,0.17621,0.17654,66963149.0,1745456399999,11905440.50372,47500
DOGEUSDT,1745456400000,0.17654,0.17737,0.17508,0.17662,64674635.0,1745459999999,11395193.52138,64609
DOGEUSDT,1745460000000,0.17662,0.17728,0.17422,0.17438,49629069.0,1745463599999,8723126.91275,50984
DOGEUSDT,1745463600000,0.17438,0.17572,0.17277,0.17287,54117976.0,1745467199999,9428838.6285,61387
DOGEUSDT,1745467200000,0.17288,0.17369,0.17205,0.17346,70378448.0,1745470799999,12167693.16519,57757
DOGEUSDT,1745470800000,0.17347,0.17447,0.17336,0.17362,27270365.0,1745474399999,4743986.32336,31423
DOGEUSDT,1745474400000,0.17361,0.17458,0.17272,0.17296,28253483.0,1745477999999,4906584.70307,34098
DOGEUSDT,1745478000000,0.17296,0.17418,0.17196,0.17244,37484878.0,1745481599999,6485799.50741,44165
DOGEUSDT,1745481600000,0.17245,0.17327,0.16979,0.17128,85412437.0,1745485199999,14615929.33277,80851
DOGEUSDT,1745485200000,0.17129,0.17294,0.17111,0.17284,34769881.0,1745488799999,5988697.53499,37883
DOGEUSDT,1745488800000,0.17284,0.17413,0.17268,0.17395,26994890.0,1745492399999,4684052.08867,35806
DOGEUSDT,1745492400000,0.17396,0.17401,0.17234,0.17362,29972924.0,1745495999999,5191201.50494,35529
DOGEUSDT,1745496000000,0.17363,0.17437,0.17285,0.1743,30677449.0,1745499599999,5329221.08829,30580
DOGEUSDT,1745499600000,0.17429,0.17527,0.17354,0.1743,42192972.0,1745503199999,7360612.26158,48366
DOGEUSDT,1745503200000,0.1743,0.17835,0.17426,0.17732,133058962.0,1745506799999,23492913.93713,103205
DOGEUSDT,1745506800000,0.17732,0.1808,0.17696,0.17845,90187423.0,1745510399999,16164769.00765,97910
DOGEUSDT,1745510400000,0.17846,0.18203,0.17801,0.18116,72142658.0,1745513999999,13030835.10923,89301
DOGEUSDT,1745514000000,0.18115,0.18192,0.17763,0.17893,69334876.0,1745517599999,12435726.76358,83151
DOGEUSDT,1745517600000,0.17892,0.18103,0.17885,0.18012,30905446.0,1745521199999,5563004.21676,45981
DOGEUSDT,1745521200000,0.18013,0.18123,0.17939,0.18102,44612486.0,1745524799999,8050915.78573,45369
DOGEUSDT,1745524800000,0.18103,0.18189,0.18031,0.18085,27708885.0,1745528399999,5019985.19034,38011
DOGEUSDT,1745528400000,0.18085,0.18117,0.17934,0.18009,16104214.0,1745531999999,2903021.7433,21011
DOGEUSDT,1745532000000,0.18008,0.18126,0.17941,0.17967,22221990.0,1745535599999,4009505.1717,22853
DOGEUSDT,1745535600000,0.17966,0.18329,0.17936,0.18254,51342769.0,1745539199999,9342665.81502,49964
DOGEUSDT,1745539200000,0.18254,0.18313,0.18132,0.18279,37156538.0,1745542799999,6775302.4413,48871
DOGEUSDT,1745542800000,0.18279,0.18478,0.18097,0.18114,44700224.0,1745546399999,8168621.91167,67456
DOGEUSDT,1745546400000,0.18114,0.18179,0.17796,0.17835,55464558.0,1745549999999,9957937.89903,61463
DOGEUSDT,1745550000000,0.17835,0.18086,0.17751,0.18047,47082445.0,1745553599999,8427781.99072,44605
DOGEUSDT,1745553600000,0.18047,0.18155,0.17967,0.17981,36084225.0,1745557199999,6514342.9237,34441
DOGEUSDT,1745557200000,0.17982,0.18106,0.17966,0.18012,20732026.0,1745560799999,3736756.73416,24207
DOGEUSDT,1745560800000,0.18013,0.18204,0.17989,0.18147,32320796.0,1745564399999,5853240.57762,37211
DOGEUSDT,1745564400000,0.18147,0.18297,0.18107,0.18251,56687627.0,1745567999999,10312119.63544,58651
DOGEUSDT,1745568000000,0.18251,0.1834,0.18141,0.18299,57454267.0,1745571599999,10483812.65574,54585
DOGEUSDT,1745571600000,0.18298,0.18319,0.18157,0.18282,36518129.0,1745575199999,6657791.44404,43010
DOGEUSDT,1745575200000,0.18282,0.18301,0.18021,0.18044,46136456.0,1745578799999,8373225.19307,52199
DOGEUSDT,1745578800000,0.18044,0.183,0.18044,0.18299,41555586.0,1745582399999,7561595.16329,46215
DOGEUSDT,1745582400000,0.18299,0.18519,0.1807,0.18108,119583707.0,1745585999999,21885887.41502,108677
DOGEUSDT,1745586000000,0.18109,0.18175,0.17896,0.18051,66287542.0,1745589599999,11981534.92906,74312
DOGEUSDT,1745589600000,0.1805,0.18616,0.18037,0.18592,139382486.0,1745593199999,25560294.20449,120189
DOGEUSDT,1745593200000,0.18591,0.18626,0.1817,0.18272,102226568.0,1745596799999,18815488.41282,108786
DOGEUSDT,1745596800000,0.18272,0.18437,0.18044,0.18386,64065119.0,1745600399999,11699633.72511,62762
DOGEUSDT,1745600400000,0.18386,0.18489,0.18069,0.18117,80881827.0,1745603999999,14792603.40913,70325
DOGEUSDT,1745604000000,0.18118,0.18268,0.18095,0.18121,33149452.0,1745607599999,6022734.8628,33784
DOGEUSDT,1745607600000,0.1812,0.18192,0.18013,0.18165,49691797.0,1745611199999,8992146.28367,36158
DOGEUSDT,1745611200000,0.18165,0.18171,0.18085,0.18107,18039538.0,1745614799999,3271725.66642,22768
DOGEUSDT,1745614800000,0.18106,0.18228,0.18009,0.18066,21669948.0,1745618399999,3926647.80691,22619
DOGEUSDT,1745618400000,0.18066,0.18276,0.18062,0.1824,15302820.0,1745621999999,2785091.92152,21283
DOGEUSDT,1745622000000,0.1824,0.18305,0.18153,0.18159,19172536.0,1745625599999,3493306.72104,25477
DOGEUSDT,1745625600000,0.18159,0.18699,0.18159,0.18578,72826588.0,1745629199999,13472352.87089,84045
DOGEUSDT,1745629200000,0.18577,0.19161,0.18457,0.19119,154417000.0,1745632799999,29102210.88036,121341
DOGEUSDT,1745632800000,0.19118,0.193,0.18871,0.18915,131394464.0,1745636399999,25004007.91941,119687
DOGEUSDT,1745636400000,0.18915,0.18925,0.18521,0.1867,89065255.0,1745639999999,16662856.95344,77941
DOGEUSDT,1745640000000,0.1867,0.18744,0.18371,0.1848,60222172.0,1745643599999,11169276.20057,56770
DOGEUSDT,1745643600000,0.1848,0.18627,0.18459,0.18582,31329612.0,1745647199999,5813025.5755,34484
DOGEUSDT,1745647200000,0.18583,0.1872,0.18569,0.18663,22547937.0,1745650799999,4202062.13582,29283
DOGEUSDT,1745650800000,0.18664,0.18775,0.18591,0.18599,39173843.0,1745654399999,7328055.64236,35695
DOGEUSDT,1745654400000,0.18599,0.18755,0.18378,0.18422,84516697.0,1745657999999,15670412.92122,75766
DOGEUSDT,1745658000000,0.18421,0.18438,0.18189,0.18318,63452006.0,1745661599999,11606279.2909,66171
DOGEUSDT,1745661600000,0.18318,0.18375,0.18265,0.18311,25846971.0,1745665199999,4736247.96864,37343
DOGEUSDT,1745665200000,0.1831,0.18331,0.1809,0.18152,50501505.0,1745668799999,9188975.73125,61694
DOGEUSDT,1745668800000,0.18152,0.18245,0.18135,0.18202,38666937.0,1745672399999,7038267.75881,44072
DOGEUSDT,1745672400000,0.18202,0.18247,0.18016,0.18164,39089513.0,1745675999999,7091027.13204,43105
DOGEUSDT,1745676000000,0.18164,0.18238,0.18037,0.1817,42483082.0,1745679599999,7720251.96173,47286
DOGEUSDT,1745679600000,0.18171,0.18313,0.18167,0.18247,26864919.0,1745683199999,4904266.56453,39339
DOGEUSDT,1745683200000,0.18248,0.18253,0.18072,0.18142,31114042.0,1745686799999,5644043.38559,29607
DOGEUSDT,1745686800000,0.18142,0.18197,0.18061,0.18156,28522241.0,1745690399999,5171379.90288,26565
DOGEUSDT,1745690400000,0.18155,0.18164,0.18065,0.18074,10952495.0,1745693999999,1983161.0629,15232
DOGEUSDT,1745694000000,0.18073,0.18136,0.18032,0.18119,13967883.0,1745697599999,2526656.75457,18807
DOGEUSDT,1745697600000,0.1812,0.18143,0.18015,0.18019,16274764.0,1745701199999,2939756.77136,17670
DOGEUSDT,1745701200000,0.18019,0.1813,0.18018,0.18056,19993860.0,1745704799999,3615038.42211,16636
DOGEUSDT,1745704800000,0.18056,0.1823,0.18056,0.18181,22586613.0,1745708399999,4103066.3572,23677
DOGEUSDT,1745708400000,0.18181,0.18213,0.18144,0.18192,19100517.0,1745711999999,3471517.40006,19523
DOGEUSDT,1745712000000,0.18193,0.1835,0.18115,0.18243,40986718.0,1745715599999,7478488.01398,55011
DOGEUSDT,1745715600000,0.18244,0.18264,0.17773,0.178,106853477.0,1745719199999,19172512.24268,110553
DOGEUSDT,1745719200000,0.178,0.17981,0.17756,0.17914,35413665.0,1745722799999,6333423.98022,36410
DOGEUSDT,1745722800000,0.17914,0.17983,0.17904,0.17954,22115639.0,1745726399999,3971026.74168,26958
DOGEUSDT,1745726400000,0.17953,0.17987,0.17771,0.1778,30976585.0,1745729999999,5533739.46554,23899
DOGEUSDT,1745730000000,0.17779,0.17848,0.1765,0.17806,62059716.0,1745733599999,11017551.56735,48257
DOGEUSDT,1745733600000,0.17807,0.17919,0.17798,0.17918,16917829.0,1745737199999,3025431.8827,23908
DOGEUSDT,1745737200000,0.17918,0.18044,0.17918,0.18024,20538650.0,1745740799999,3689731.61374,24045
DOGEUSDT,1745740800000,0.18025,0.1819,0.17975,0.1819,26300606.0,1745744399999,4758722.87371,34136
DOGEUSDT,1745744400000,0.1819,0.18256,0.18132,0.18206,33223176.0,1745747999999,6049916.94293,35013
DOGEUSDT,1745748000000,0.18206,0.18214,0.18063,0.18094,22779150.0,1745751599999,4128475.40526,24255
DOGEUSDT,1745751600000,0.18095,0.18139,0.18052,0.18072,13844356.0,1745755199999,2504890.57532,22265
DOGEUSDT,1745755200000,0.18071,0.18285,0.17921,0.18078,62482294.0,1745758799999,11316188.96479,67429
DOGEUSDT,1745758800000,0.18079,0.18266,0.1797,0.18211,42918295.0,1745762399999,7778510.67992,71110
DOGEUSDT,1745762400000,0.18211,0.18314,0.18133,0.18156,30150711.0,1745765999999,5496863.35527,44049
DOGEUSDT,1745766000000,0.18156,0.18176,0.1798,0.1801,29217081.0,1745769599999,5271958.16736,39591
DOGEUSDT,1745769600000,0.18011,0.18047,0.17767,0.17912,33259566.0,1745773199999,5954603.39682,47260
DOGEUSDT,1745773200000,0.17912,0.18008,0.17866,0.17957,18857764.0,1745776799999,3384644.79484,26674
DOGEUSDT,1745776800000,0.17956,0.18144,0.17938,0.18081,16023933.0,1745780399999,2892339.66678,23364
DOGEUSDT,1745780400000,0.18081,0.18229,0.18081,0.18229,18311868.0,1745783999999,3325791.72718,22351
DOGEUSDT,1745784000000,0.18229,0.18239,0.18134,0.18141,30550790.0,1745787599999,5556000.92235,31422
DOGEUSDT,1745787600000,0.18141,0.18211,0.1811,0.18122,12318072.0,1745791199999,2236035.47978,15742
DOGEUSDT,1745791200000,0.18122,0.18129,0.17913,0.18007,23371690.0,1745794799999,4210061.2831,33627
DOGEUSDT,1745794800000,0.18007,0.18036,0.17918,0.17933,17244625.0,1745798399999,3097757.71597,20896
DOGEUSDT,1745798400000,0.17932,0.17959,0.17651,0.17765,56827679.0,1745801999999,10110487.34406,76765
DOGEUSDT,1745802000000,0.17764,0.1782,0.17377,0.17501,91535521.0,1745805599999,16066912.78986,91791
DOGEUSDT,1745805600000,0.17501,0.17705,0.17467,0.17701,32048894.0,1745809199999,5641205.06219,40587
DOGEUSDT,1745809200000,0.17702,0.17996,0.17635,0.17881,36663053.0,1745812799999,6535976.32169,46499
DOGEUSDT,1745812800000,0.17882,0.17994,0.17872,0.17916,23606028.0,1745816399999,4233667.52712,31813
DOGEUSDT,1745816400000,0.17916,0.18007,0.17869,0.1794,17574440.0,1745819999999,3149432.56691,28081
DOGEUSDT,1745820000000,0.17939,0.18155,0.1793,0.18107,34383547.0,1745823599999,6208793.73089,41373
DOGEUSDT,1745823600000,0.18108,0.18168,0.18033,0.18128,31968773.0,1745827199999,5787823.6555,42497
DOGEUSDT,1745827200000,0.18129,0.18219,0.18086,0.18108,35695247.0,1745830799999,6477853.42025,44691
DOGEUSDT,1745830800000,0.18109,0.18192,0.18064,0.18077,29249588.0,1745834399999,5308329.14224,40725
DOGEUSDT,1745834400000,0.18078,0.18255,0.17915,0.18142,71670269.0,1745837999999,12979586.54206,77247
DOGEUSDT,1745838000000,0.18143,0.18276,0.181,0.18181,40820910.0,1745841599999,7424945.44992,50401
DOGEUSDT,1745841600000,0.18182,0.18189,0.1804,0.18058,33145103.0,1745845199999,5998884.69627,38283
DOGEUSDT,1745845200000,0.18057,0.18109,0.17717,0.1774,61634441.0,1745848799999,11030931.52773,69128
DOGEUSDT,1745848800000,0.17741,0.17945,0.17673,0.17772,44513905.0,1745852399999,7932370.91209,59491
DOGEUSDT,1745852400000,0.17771,0.17826,0.17422,0.17573,95434218.0,1745855999999,16725141.71042,86282
DOGEUSDT,1745856000000,0.17573,0.17667,0.17402,0.17554,63355387.0,1745859599999,11105959.1499,52627
DOGEUSDT,1745859600000,0.17553,0.17652,0.1744,0.17642,33616103.0,1745863199999,5901650.33863,34629
DOGEUSDT,1745863200000,0.17641,0.17663,0.17517,0.17645,20269878.0,1745866799999,3569186.17837,22448
DOGEUSDT,1745866800000,0.17644,0.17953,0.17633,0.17886,40600475.0,1745870399999,7233419.48932,42826
DOGEUSDT,1745870400000,0.17885,0.17895,0.17768,0.17809,18446853.0,1745873999999,3290488.70721,21553
DOGEUSDT,1745874000000,0.17809,0.1785,0.17739,0.17828,14474548.0,1745877599999,2574439.88525,13376
DOGEUSDT,1745877600000,0.17828,0.1788,0.17743,0.17858,18412537.0,1745881199999,3280577.15639,23653
DOGEUSDT,1745881200000,0.17858,0.17951,0.17815,0.17907,25357550.0,1745884799999,4532433.81018,24469
DOGEUSDT,1745884800000,0.17908,0.18046,0.17799,0.17953,36042711.0,1745888399999,6463255.19757,39264
DOGEUSDT,1745888400000,0.17953,0.18076,0.1786,0.17871,36295462.0,1745891999999,6516909.73764,54831
DOGEUSDT,1745892000000,0.17871,0.17884,0.17679,0.17779,39200516.0,1745895599999,6972316.2306,41804
DOGEUSDT,1745895600000,0.17779,0.17954,0.17766,0.17943,17272060.0,1745899199999,3086739.1814,22914
DOGEUSDT,1745899200000,0.17943,0.1806,0.17742,0.17756,31770930.0,1745902799999,5689756.01295,37232
DOGEUSDT,1745902800000,0.17757,0.17852,0.17736,0.17736,28028520.0,1745906399999,4986149.39525,29643
DOGEUSDT,1745906400000,0.17735,0.17994,0.17731,0.1795,29040821.0,1745909999999,5202413.75909,32016
DOGEUSDT,1745910000000,0.17951,0.18008,0.17924,0.1797,24616585.0,1745913599999,4423019.07226,25712
DOGEUSDT,1745913600000,0.1797,0.18024,0.17853,0.17949,41324943.0,1745917199999,7413407.7729,34124
DOGEUSDT,1745917200000,0.17949,0.17996,0.17851,0.17967,24708544.0,1745920799999,4430238.17529,30190
DOGEUSDT,1745920800000,0.17967,0.18004,0.1777,0.17813,28291731.0,1745924399999,5064924.03037,30361
DOGEUSDT,1745924400000,0.17813,0.17981,0.17797,0.17912,19922829.0,1745927999999,3567656.94047,22578
DOGEUSDT,1745928000000,0.17913,0.17949,0.17764,0.17792,33434970.0,1745931599999,5965708.43681,34706
DOGEUSDT,1745931600000,0.17791,0.17889,0.17691,0.17828,42721629.0,1745935199999,7596459.34974,47117
DOGEUSDT,1745935200000,0.17828,0.17992,0.17756,0.17932,41789578.0,1745938799999,7462902.37092,56218
DOGEUSDT,1745938800000,0.17932,0.17952,0.17784,0.17813,14798133.0,1745942399999,2640022.14703,27854
DOGEUSDT,1745942400000,0.17813,0.18063,0.17792,0.17882,27007049.0,1745945999999,4842083.02749,39098
DOGEUSDT,1745946000000,0.17882,0.17924,0.17774,0.17876,18586342.0,1745949599999,3317232.40654,31312
DOGEUSDT,1745949600000,0.17877,0.17947,0.17818,0.17914,14103631.0,1745953199999,2524195.75056,20516
DOGEUSDT,1745953200000,0.17914,0.17945,0.17833,0.17845,13547230.0,1745956799999,2422294.79632,19187
DOGEUSDT,1745956800000,0.17846,0.17879,0.17701,0.1773,22925433.0,1745960399999,4069927.9815,20293
DOGEUSDT,1745960400000,0.1773,0.17739,0.17439,0.1758,63742391.0,1745963999999,11194956.89732,47222
DOGEUSDT,1745964000000,0.1758,0.1758,0.174,0.17438,46720358.0,1745967599999,8155649.36207,43678
DOGEUSDT,1745967600000,0.17438,0.1748,0.17242,0.17466,76531193.0,1745971199999,13280216.50479,55536
DOGEUSDT,1745971200000,0.17465,0.17633,0.1745,0.17565,29276868.0,1745974799999,5137459.0939,30988
DOGEUSDT,1745974800000,0.17564,0.17575,0.17339,0.1746,21029678.0,1745978399999,3671311.62401,23777
DOGEUSDT,1745978400000,0.1746,0.17586,0.17427,0.17548,16648039.0,1745981999999,2919283.31711,19621
DOGEUSDT,1745982000000,0.17549,0.17665,0.17472,0.17613,22921635.0,1745985599999,4028388.73876,24172
DOGEUSDT,1745985600000,0.17612,0.17637,0.17539,0.17627,16536444.0,1745989199999,2908002.56696,20789
DOGEUSDT,1745989200000,0.17627,0.17628,0.17526,0.1754,13966123.0,1745992799999,2454804.246,18596
DOGEUSDT,1745992800000,0.1754,0.17584,0.1748,0.17481,15898816.0,1745996399999,2787781.70188,18736
DOGEUSDT,1745996400000,0.17481,0.17502,0.17255,0.17347,36038491.0,1745999999999,6254698.53945,33093
DOGEUSDT,1746000000000,0.17346,0.17468,0.17295,0.17435,36185234.0,1746003599999,6297607.1843,34981
DOGEUSDT,1746003600000,0.17435,0.17586,0.17434,0.17523,19436672.0,1746007199999,3403154.1834,25430
DOGEUSDT,1746007200000,0.17524,0.17584,0.17469,0.17549,13518137.0,1746010799999,2370099.6181,19567
DOGEUSDT,1746010800000,0.1755,0.17615,0.17525,0.17598,19777226.0,1746014399999,3476803.95013,22191
DOGEUSDT,1746014400000,0.17599,0.176,0.17073,0.172,78491434.0,1746017999999,13548740.29035,88885
DOGEUSDT,1746018000000,0.17201,0.17208,0.16675,0.16709,138551753.0,1746021599999,23544320.87034,137577
DOGEUSDT,1746021600000,0.1671,0.17131,0.16676,0.16969,104518879.0,1746025199999,17713812.30549,105459
DOGEUSDT,1746025200000,0.16969,0.17077,0.16949,0.16975,41118690.0,1746028799999,6998460.45915,48481
DOGEUSDT,1746028800000,0.16975,0.17059,0.1688,0.17024,29073621.0,1746032399999,4930934.98707,38380
DOGEUSDT,1746032400000,0.17025,0.17183,0.16954,0.17122,28585269.0,1746035999999,4883346.43682,30439
DOGEUSDT,1746036000000,0.17122,0.17267,0.17102,0.17158,26105149.0,1746039599999,4488313.42984,42085
DOGEUSDT,1746039600000,0.17158,0.17282,0.17051,0.17226,12679465.0,1746043199999,2175986.33686,25753
DOGEUSDT,1746043200000,0.17226,0.17444,0.17211,0.17347,26662992.0,1746046799999,4625432.75069,38685
DOGEUSDT,1746046800000,0.17347,0.17366,0.17221,0.17256,11075652.0,1746050399999,1917050.51528,16158
DOGEUSDT,1746050400000,0.17255,0.17347,0.17192,0.1724,15956565.0,1746053999999,2755576.69785,22352
DOGEUSDT,1746054000000,0.1724,0.17299,0.17221,0.17224,10122644.0,1746057599999,1747465.45024,18312
DOGEUSDT,1746057600000,0.17224,0.17358,0.17205,0.17303,20028466.0,1746061199999,3462043.13181,22415
DOGEUSDT,1746061200000,0.17303,0.17448,0.17303,0.17441,33709809.0,1746064799999,5865915.45716,34179
DOGEUSDT,1746064800000,0.17441,0.17546,0.17405,0.17436,23976889.0,1746068399999,4194274.72257,30240
DOGEUSDT,1746068400000,0.17436,0.17518,0.17385,0.17406,21243059.0,1746071999999,3706819.82462,26118
DOGEUSDT,1746072000000,0.17406,0.17448,0.17367,0.17431,9620825.0,1746075599999,1674565.83887,16271
DOGEUSDT,1746075600000,0.17432,0.17553,0.17426,0.17528,18978361.0,1746079199999,3321055.06345,18522
DOGEUSDT,1746079200000,0.17529,0.17546,0.17436,0.17485,11686845.0,1746082799999,2045035.88907,19734
DOGEUSDT,1746082800000,0.17484,0.17555,0.17455,0.1753,13083924.0,1746086399999,2292279.04691,17351
DOGEUSDT,1746086400000,0.1753,0.1765,0.17501,0.17615,21160841.0,1746089999999,3723477.13459,26684
DOGEUSDT,1746090000000,0.17615,0.17752,0.17576,0.17692,27888395.0,1746093599999,4924537.21708,31137
DOGEUSDT,1746093600000,0.17691,0.17941,0.17686,0.17862,49996566.0,1746097199999,8913859.98308,60712
DOGEUSDT,1746097200000,0.17861,0.17958,0.17799,0.1794,61727322.0,1746100799999,11045277.014,45205
DOGEUSDT,1746100800000,0.17939,0.17989,0.1786,0.17897,38991257.0,1746104399999,6986966.69872,36424
DOGEUSDT,1746104400000,0.17896,0.17936,0.17684,0.1769,49532335.0,1746107999999,8820451.11965,65289
DOGEUSDT,1746108000000,0.17691,0.18179,0.17691,0.18148,82154060.0,1746111599999,14733147.28572,76343
DOGEUSDT,1746111600000,0.18147,0.18253,0.18026,0.18063,73006120.0,1746115199999,13250868.31679,85663
DOGEUSDT,1746115200000,0.18062,0.18303,0.18062,0.18182,33526600.0,1746118799999,6105198.09864,47482
DOGEUSDT,1746118800000,0.18181,0.18339,0.18137,0.18196,45215348.0,1746122399999,8244150.15977,45805
DOGEUSDT,1746122400000,0.18195,0.18211,0.18071,0.18202,26937639.0,1746125999999,4886479.68789,31413
DOGEUSDT,1746126000000,0.18203,0.18205,0.18046,0.18066,21919161.0,1746129599999,3974781.81711,30628
DOGEUSDT,1746129600000,0.18066,0.18113,0.18004,0.18054,17782077.0,1746133199999,3210748.88031,28683
DOGEUSDT,1746133200000,0.18054,0.18239,0.18054,0.18138,32297812.0,1746136799999,5866087.90824,26254
DOGEUSDT,1746136800000,0.18139,0.18245,0.18121,0.18158,21675403.0,1746140399999,3935612.52867,26222
DOGEUSDT,1746140400000,0.18159,0.18179,0.18029,0.18065,22925009.0,1746143999999,4144210.82073,27878
DOGEUSDT,1746144000000,0.18065,0.18253,0.17981,0.18178,41406227.0,1746147599999,7500373.58889,52862
DOGEUSDT,1746147600000,0.18177,0.1828,0.18081,0.18147,30573751.0,1746151199999,5560517.32468,43019
DOGEUSDT,1746151200000,0.18146,0.18421,0.18082,0.18364,50536875.0,1746154799999,9246666.93873,52275
DOGEUSDT,1746154800000,0.18364,0.18447,0.18241,0.18243,31283743.0,1746158399999,5740476.04183,41813
DOGEUSDT,1746158400000,0.18244,0.18293,0.18067,0.18114,31314767.0,1746161999999,5690501.73421,33269
DOGEUSDT,1746162000000,0.18114,0.18143,0.18004,0.18024,30619093.0,1746165599999,5535270.08444,29072
DOGEUSDT,1746165600000,0.18024,0.18098,0.17977,0.18041,30408318.0,1746169199999,5479483.05318,34104
DOGEUSDT,1746169200000,0.1804,0.1807,0.17919,0.17932,23640548.0,1746172799999,4252325.46741,31419
DOGEUSDT,1746172800000,0.17932,0.1806,0.17929,0.18034,14337695.0,1746176399999,2582933.41781,25629
DOGEUSDT,1746176400000,0.18034,0.18079,0.17984,0.18006,9507629.0,1746179999999,1714428.7274,23655
DOGEUSDT,1746180000000,0.18006,0.18076,0.17998,0.18054,17094609.0,1746183599999,3084417.57153,23802
DOGEUSDT,1746183600000,0.18054,0.18168,0.18054,0.18091,20533511.0,1746187199999,3721339.93938,33659
DOGEUSDT,1746187200000,0.18092,0.18226,0.18007,0.18202,38423495.0,1746190799999,6966313.32565,49771
DOGEUSDT,1746190800000,0.18202,0.1822,0.1809,0.18104,27263526.0,1746194399999,4949651.55934,50832
DOGEUSDT,1746194400000,0.18104,0.18288,0.18088,0.18243,36450791.0,1746197999999,6632653.2949,59874
DOGEUSDT,1746198000000,0.18243,0.1826,0.18019,0.18147,35228953.0,1746201599999,6391602.37762,42580
DOGEUSDT,1746201600000,0.18147,0.18425,0.18147,0.18236,56539014.0,1746205199999,10363819.3893,74565
DOGEUSDT,1746205200000,0.18236,0.18252,0.18118,0.18138,20558810.0,1746208799999,3738858.21793,29347
DOGEUSDT,1746208800000,0.18137,0.18195,0.1806,0.18082,21593820.0,1746212399999,3916267.07412,26227
DOGEUSDT,1746212400000,0.18081,0.18081,0.17958,0.18004,19832544.0,1746215999999,3573284.03818,25825
DOGEUSDT,1746216000000,0.18004,0.18139,0.17982,0.18138,10205988.0,1746219599999,1845099.13529,14533
DOGEUSDT,1746219600000,0.18138,0.18242,0.18056,0.18091,16349889.0,1746223199999,2970432.83462,19198
DOGEUSDT,1746223200000,0.18091,0.18146,0.18058,0.18097,14023389.0,1746226799999,2538210.94698,21864
DOGEUSDT,1746226800000,0.18098,0.18156,0.18081,0.18151,10773263.0,1746230399999,1952639.7132,12946
DOGEUSDT,1746230400000,0.18151,0.1822,0.18105,0.18137,20006857.0,1746233999999,3635081.18748,19926
DOGEUSDT,1746234000000,0.18137,0.1815,0.17997,0.18027,31871278.0,1746237599999,5751580.59043,23960
DOGEUSDT,1746237600000,0.18027,0.18168,0.1802,0.18114,12444299.0,1746241199999,2251415.65834,16979
DOGEUSDT,1746241200000,0.18114,0.18168,0.18028,0.18032,21995762.0,1746244799999,3977270.13396,18113
DOGEUSDT,1746244800000,0.18032,0.18125,0.18005,0.18062,47234014.0,1746248399999,8531797.77655,19266
DOGEUSDT,1746248400000,0.18062,0.18071,0.18002,0.18009,15353488.0,1746251999999,2769884.53814,14726
DOGEUSDT,1746252000000,0.18009,0.18021,0.17843,0.17882,38370916.0,1746255599999,6879139.79597,27151
DOGEUSDT,1746255600000,0.17882,0.17928,0.17833,0.17895,22207814.0,1746259199999,3970553.10308,20583
DOGEUSDT,1746259200000,0.17895,0.17969,0.17846,0.1791,13879362.0,1746262799999,2486765.56246,17153
DOGEUSDT,1746262800000,0.17911,0.17955,0.17875,0.17942,9148870.0,1746266399999,1639456.70131,16400
DOGEUSDT,1746266400000,0.17943,0.17947,0.17728,0.17752,35156832.0,1746269999999,6266925.54947,32685
DOGEUSDT,1746270000000,0.17752,0.17853,0.17736,0.17807,17263207.0,1746273599999,3072605.78126,24109
DOGEUSDT,1746273600000,0.17808,0.17877,0.17783,0.17843,10108142.0,1746277199999,1802613.30144,18806
DOGEUSDT,1746277200000,0.17844,0.179,0.17833,0.17881,13004445.0,1746280799999,2323190.38698,18079
DOGEUSDT,1746280800000,0.1788,0.17908,0.178,0.17869,19226574.0,1746284399999,3432232.3297,20152
DOGEUSDT,1746284400000,0.1787,0.17955,0.17835,0.17854,15863922.0,1746287999999,2838839.3655,18073
DOGEUSDT,1746288000000,0.17855,0.17857,0.17638,0.1771,25552108.0,1746291599999,4527628.03154,35271
DOGEUSDT,1746291600000,0.17711,0.17723,0.17528,0.17654,30725800.0,1746295199999,5407441.20575,41160
DOGEUSDT,1746295200000,0.17653,0.17735,0.17592,0.17625,13611810.0,1746298799999,2404860.92368,17303
DOGEUSDT,1746298800000,0.17625,0.1776,0.17596,0.17756,8459823.0,1746302399999,1497105.67594,13973
DOGEUSDT,1746302400000,0.17757,0.17764,0.1766,0.17673,9418345.0,1746305999999,1668244.92622,12164
DOGEUSDT,1746306000000,0.17674,0.17734,0.17615,0.17649,7376605.0,1746309599999,1303194.40995,12183
DOGEUSDT,1746309600000,0.17649,0.17699,0.17617,0.17639,9508667.0,1746313199999,1678157.2315,13392
DOGEUSDT,1746313200000,0.1764,0.1764,0.17526,0.17564,20489521.0,1746316799999,3602342.61491,19655
DOGEUSDT,1746316800000,0.17565,0.17644,0.17479,0.17523,22241941.0,1746320399999,3899823.2623,26965
DOGEUSDT,1746320400000,0.17522,0.17647,0.17473,0.17619,17085607.0,1746323999999,3002784.22931,25259
DOGEUSDT,1746324000000,0.1762,0.17744,0.17571,0.17596,17034002.0,1746327599999,3010471.00247,26587
DOGEUSDT,1746327600000,0.17595,0.17609,0.17513,0.17518,10680701.0,1746331199999,1875097.76704,19167
DOGEUSDT,1746331200000,0.17519,0.17575,0.1744,0.17482,16823767.0,1746334799999,2944518.85421,21018
DOGEUSDT,1746334800000,0.17482,0.17636,0.1747,0.17608,12000346.0,1746338399999,2108074.45994,19980
DOGEUSDT,1746338400000,0.17608,0.17657,0.17529,0.17572,11710707.0,1746341999999,2059679.85925,19090
DOGEUSDT,1746342000000,0.17572,0.17584,0.17444,0.17521,23818742.0,1746345599999,4165345.27987,18282
DOGEUSDT,1746345600000,0.17521,0.1753,0.17394,0.17422,20449903.0,1746349199999,3567495.67709,25198
DOGEUSDT,1746349200000,0.17422,0.17453,0.17362,0.17392,15352533.0,1746352799999,2670710.08896,23800
DOGEUSDT,1746352800000,0.17392,0.1745,0.17335,0.17414,15230731.0,1746356399999,2649448.09842,19004
DOGEUSDT,1746356400000,0.17414,0.17509,0.17386,0.17415,19979789.0,1746359999999,3487616.08649,18507
DOGEUSDT,1746360000000,0.17415,0.17477,0.17365,0.17366,11069148.0,1746363599999,1927779.54066,16640
DOGEUSDT,1746363600000,0.17367,0.17409,0.17231,0.17311,21253376.0,1746367199999,3680875.04093,27916
DOGEUSDT,1746367200000,0.17312,0.1742,0.17306,0.17408,26980245.0,1746370799999,4690600.17436,23779
DOGEUSDT,1746370800000,0.17407,0.17438,0.17282,0.17375,38411012.0,1746374399999,6675622.5451,29019
DOGEUSDT,1746374400000,0.17374,0.17401,0.17172,0.1722,35792142.0,1746377999999,6183054.46796,32659
DOGEUSDT,1746378000000,0.17219,0.17269,0.17137,0.17243,29430467.0,1746381599999,5065300.96522,26625
DOGEUSDT,1746381600000,0.17244,0.17291,0.17162,0.17167,17713783.0,1746385199999,3053256.36694,20926
DOGEUSDT,1746385200000,0.17167,0.17256,0.17145,0.17202,10194816.0,1746388799999,1754669.06687,14164
DOGEUSDT,1746388800000,0.17203,0.17308,0.172,0.17291,11517890.0,1746392399999,1989034.69077,14294
DOGEUSDT,1746392400000,0.1729,0.17299,0.17168,0.17278,11720221.0,1746395999999,2020611.51686,11027
DOGEUSDT,1746396000000,0.17278,0.17281,0.17027,0.17089,32186446.0,1746399599999,5507499.37186,45331
DOGEUSDT,1746399600000,0.17088,0.17118,0.1699,0.17049,39092205.0,1746403199999,6661024.14125,36925
DOGEUSDT,1746403200000,0.17048,0.17175,0.17031,0.17152,19781254.0,1746406799999,3386096.24941,29168
DOGEUSDT,1746406800000,0.17153,0.17166,0.16834,0.16972,42810684.0,1746410399999,7272990.89046,56068
DOGEUSDT,1746410400000,0.16972,0.17161,0.16862,0.171,38354069.0,1746413999999,6526078.90481,40913
DOGEUSDT,1746414000000,0.17101,0.17128,0.17033,0.17039,11618729.0,1746417599999,1983459.33033,19615
DOGEUSDT,1746417600000,0.17038,0.17222,0.17024,0.17214,17277430.0,1746421199999,2963314.80423,20527
DOGEUSDT,1746421200000,0.17214,0.17377,0.17194,0.17367,20997932.0,1746424799999,3626302.80106,28289
DOGEUSDT,1746424800000,0.17368,0.17404,0.17301,0.17336,16142210.0,1746428399999,2799336.16788,28263
DOGEUSDT,1746428400000,0.17336,0.1736,0.17289,0.1736,12499804.0,1746431999999,2165077.89441,17283
DOGEUSDT,1746432000000,0.1736,0.17414,0.17334,0.17375,12872884.0,1746435599999,2235790.98839,21268
DOGEUSDT,1746435600000,0.17375,0.17465,0.17356,0.17391,15802425.0,1746439199999,2751958.97965,22700
DOGEUSDT,1746439200000,0.17392,0.17398,0.17054,0.17122,26385856.0,1746442799999,4542096.21268,35878
DOGEUSDT,1746442800000,0.17123,0.17197,0.17018,0.17099,21784507.0,1746446399999,3726550.43141,36571
DOGEUSDT,1746446400000,0.17099,0.1717,0.1703,0.17076,21540813.0,1746449999999,3684876.5414,32941
DOGEUSDT,1746450000000,0.17075,0.17126,0.16893,0.17067,34562988.0,1746453599999,5872392.91924,57772
DOGEUSDT,1746453600000,0.17067,0.17151,0.16967,0.17014,26168116.0,1746457199999,4464660.34014,47657
DOGEUSDT,1746457200000,0.17013,0.17046,0.16852,0.16896,22336862.0,1746460799999,3787436.88558,33540
DOGEUSDT,1746460800000,0.16896,0.17053,0.16879,0.16976,18044677.0,1746464399999,3064602.46534,33125
DOGEUSDT,1746464400000,0.16975,0.1713,0.16949,0.17115,13235782.0,1746467999999,2258935.81464,24269
DOGEUSDT,1746468000000,0.17115,0.17261,0.17089,0.17204,19729508.0,1746471599999,3389644.62823,25365
DOGEUSDT,1746471600000,0.17203,0.17256,0.17063,0.17085,12016991.0,1746475199999,2064421.85186,21327
DOGEUSDT,1746475200000,0.17085,0.17087,0.16827,0.16953,20553497.0,1746478799999,3479330.48143,31151
DOGEUSDT,1746478800000,0.16953,0.17089,0.16942,0.17052,12679469.0,1746482399999,2159465.01542,20714
DOGEUSDT,1746482400000,0.17052,0.17231,0.17048,0.17165,14220446.0,1746485999999,2438635.89557,23103
DOGEUSDT,1746486000000,0.17164,0.17186,0.17045,0.17062,15788337.0,1746489599999,2699567.51,14351
DOGEUSDT,1746489600000,0.17062,0.17085,0.16963,0.17022,14897794.0,1746493199999,2537509.0686,21045
DOGEUSDT,1746493200000,0.17023,0.17115,0.1688,0.16884,16144804.0,1746496799999,2741971.68649,30061
DOGEUSDT,1746496800000,0.16885,0.16918,0.1669,0.16858,36949358.0,1746500399999,6206930.67186,42859
DOGEUSDT,1746500400000,0.16857,0.17003,0.16803,0.1698,23098646.0,1746503999999,3905035.47461,27559
DOGEUSDT,1746504000000,0.1698,0.17036,0.16926,0.17014,12461851.0,1746507599999,2117937.67362,19968
DOGEUSDT,1746507600000,0.17015,0.17026,0.16876,0.16887,14748479.0,1746511199999,2500121.49871,19873
DOGEUSDT,1746511200000,0.16886,0.16956,0.16881,0.16953,9081110.0,1746514799999,1536934.90119,15102
DOGEUSDT,1746514800000,0.16953,0.17022,0.1689,0.16935,14516876.0,1746518399999,2461112.78276,20110
DOGEUSDT,1746518400000,0.16935,0.16936,0.16631,0.16836,50615693.0,1746521999999,8476702.8773,50293
DOGEUSDT,1746522000000,0.16835,0.16862,0.16657,0.16748,18871389.0,1746525599999,3161342.43278,28310
DOGEUSDT,1746525600000,0.16747,0.16748,0.16521,0.16558,35652415.0,1746529199999,5923740.19001,50060
DOGEUSDT,1746529200000,0.16558,0.16637,0.16451,0.16534,35181367.0,1746532799999,5820980.60432,45483
DOGEUSDT,1746532800000,0.16535,0.16636,0.16507,0.16611,17025141.0,1746536399999,2823157.95841,29336
DOGEUSDT,1746536400000,0.16612,0.16623,0.16426,0.16495,33709873.0,1746539999999,5567850.1283,48700
DOGEUSDT,1746540000000,0.16495,0.1683,0.16495,0.16633,50125860.0,1746543599999,8365186.33884,64080
DOGEUSDT,1746543600000,0.16632,0.16785,0.16557,0.16666,33018755.0,1746547199999,5506634.46537,40735
DOGEUSDT,1746547200000,0.16667,0.16724,0.16568,0.16573,20679864.0,1746550799999,3442599.07081,40161
DOGEUSDT,1746550800000,0.16573,0.16796,0.16559,0.16707,17957091.0,1746554399999,2998470.99894,39702
DOGEUSDT,1746554400000,0.16707,0.16949,0.16694,0.16943,25402363.0,1746557999999,4278540.23435,29575
DOGEUSDT,1746558000000,0.16943,0.16981,0.16868,0.16889,15370746.0,1746561599999,2600075.21963,26655
DOGEUSDT,1746561600000,0.16889,0.16981,0.16763,0.1683,14955730.0,1746565199999,2520832.44061,23035
DOGEUSDT,1746565200000,0.16831,0.1694,0.16702,0.16836,15267318.0,1746568799999,2568530.1386,20052
DOGEUSDT,1746568800000,0.16835,0.17164,0.1683,0.17148,45978812.0,1746572399999,7852952.47829,58012
DOGEUSDT,1746572400000,0.17147,0.1726,0.17072,0.17219,24959482.0,1746575999999,4285453.00489,34241
DOGEUSDT,1746576000000,0.1722,0.17438,0.17176,0.17347,37429213.0,1746579599999,6485935.77288,52318
DOGEUSDT,1746579600000,0.17346,0.17445,0.17288,0.17311,26439343.0,1746583199999,4592216.48841,36113
DOGEUSDT,1746583200000,0.17311,0.1732,0.17098,0.17128,39881619.0,1746586799999,6861278.37123,38438
DOGEUSDT,1746586800000,0.17128,0.17189,0.1702,0.17184,19774147.0,1746590399999,3382290.58484,29908
DOGEUSDT,1746590400000,0.17185,0.17265,0.17183,0.17234,31063639.0,1746593999999,5354834.67488,24547
DOGEUSDT,1746594000000,0.17234,0.1724,0.17154,0.17172,15099737.0,1746597599999,2595737.48455,21199
DOGEUSDT,1746597600000,0.17171,0.17257,0.17164,0.17246,7672887.0,1746601199999,1321002.47004,16881
DOGEUSDT,1746601200000,0.17246,0.17344,0.17245,0.17332,12391284.0,1746604799999,2143255.78076,19787
DOGEUSDT,1746604800000,0.17331,0.17359,0.1729,0.17336,13258269.0,1746608399999,2297086.45474,23424
DOGEUSDT,1746608400000,0.17337,0.17396,0.1732,0.17387,20008419.0,1746611999999,3472396.46038,18471
DOGEUSDT,1746612000000,0.17387,0.17397,0.17291,0.17388,18229275.0,1746615599999,3161341.96921,20963
DOGEUSDT,1746615600000,0.17389,0.17392,0.17311,0.17336,7039555.0,1746619199999,1220555.64677,14642
DOGEUSDT,1746619200000,0.17336,0.17353,0.17246,0.1728,16784530.0,1746622799999,2901660.28295,21499
DOGEUSDT,1746622800000,0.17279,0.17301,0.1717,0.1724,22924832.0,1746626399999,3949744.19406,33518
DOGEUSDT,1746626400000,0.17241,0.17312,0.17156,0.17189,19417158.0,1746629999999,3349775.23416,29184
DOGEUSDT,1746630000000,0.17189,0.17192,0.17053,0.17084,23017551.0,1746633599999,3940814.60227,31138
DOGEUSDT,1746633600000,0.17084,0.17153,0.16924,0.17119,26924385.0,1746637199999,4584312.71727,32609
DOGEUSDT,1746637200000,0.1712,0.17177,0.17043,0.17105,21644680.0,1746640799999,3703749.04641,29531
DOGEUSDT,1746640800000,0.17105,0.17265,0.16939,0.17102,54836929.0,1746644399999,9377894.85831,87117
DOGEUSDT,1746644400000,0.17103,0.17132,0.16901,0.1699,32803689.0,1746647999999,5589459.13106,60942
DOGEUSDT,1746648000000,0.1699,0.17042,0.16921,0.17037,16598439.0,1746651599999,2818273.99169,31926
DOGEUSDT,1746651600000,0.17036,0.17236,0.17016,0.17171,17103781.0,1746655199999,2932014.03379,24912
DOGEUSDT,1746655200000,0.17172,0.17258,0.17151,0.17213,15656104.0,1746658799999,2694855.83164,24582
DOGEUSDT,1746658800000,0.17214,0.17298,0.17178,0.17202,12808927.0,1746662399999,2207219.54919,18881
DOGEUSDT,1746662400000,0.17201,0.17386,0.17173,0.17365,22034532.0,1746665999999,3803705.87598,30997
DOGEUSDT,1746666000000,0.17365,0.17574,0.1736,0.17409,53270803.0,1746669599999,9305582.00458,76871
DOGEUSDT,1746669600000,0.17409,0.17727,0.17409,0.17699,57725145.0,1746673199999,10184418.7389,60278
DOGEUSDT,1746673200000,0.177,0.17957,0.17665,0.17947,65957255.0,1746676799999,11751946.82372,74462
DOGEUSDT,1746676800000,0.17948,0.18292,0.17948,0.17974,166689753.0,1746680399999,30192004.52582,121744
DOGEUSDT,1746680400000,0.17975,0.1807,0.17956,0.17993,44261021.0,1746683999999,7971206.48732,39055
DOGEUSDT,1746684000000,0.17993,0.18099,0.17988,0.18097,24764913.0,1746687599999,4469541.40803,29418
DOGEUSDT,1746687600000,0.18098,0.18278,0.18092,0.18149,55496049.0,1746691199999,10092585.49697,55178
DOGEUSDT,1746691200000,0.18148,0.18332,0.18144,0.18232,57681118.0,1746694799999,10529449.33376,43991
DOGEUSDT,1746694800000,0.18232,0.18376,0.1821,0.18367,44285783.0,1746698399999,8104817.35312,35584
DOGEUSDT,1746698400000,0.18367,0.18562,0.18343,0.18508,53041743.0,1746701999999,9778711.54914,50289
DOGEUSDT,1746702000000,0.18508,0.18513,0.18244,0.18306,63815735.0,1746705599999,11709371.16318,48509
DOGEUSDT,1746705600000,0.18307,0.18488,0.18292,0.18375,49264068.0,1746709199999,9057935.96108,55970
DOGEUSDT,1746709200000,0.18374,0.18516,0.18344,0.1844,54681799.0,1746712799999,10076340.09703,68366
DOGEUSDT,1746712800000,0.1844,0.18711,0.1836,0.18579,89280542.0,1746716399999,16580036.02205,90792
DOGEUSDT,1746716400000,0.1858,0.1913,0.18556,0.18937,183360280.0,1746719999999,34653434.75085,205907
DOGEUSDT,1746720000000,0.18936,0.19292,0.18921,0.19077,117237234.0,1746723599999,22359643.65848,139293
DOGEUSDT,1746723600000,0.19077,0.19173,0.18929,0.1902,64856670.0,1746727199999,12349181.30666,88022
DOGEUSDT,1746727200000,0.19021,0.19134,0.18997,0.1905,39356650.0,1746730799999,7499836.10102,61479
DOGEUSDT,1746730800000,0.1905,0.19127,0.18942,0.19094,54552400.0,1746734399999,10382979.36797,61832
DOGEUSDT,1746734400000,0.19095,0.19596,0.18994,0.19523,154117222.0,1746737999999,29813011.36875,119993
DOGEUSDT,1746738000000,0.19522,0.19711,0.1918,0.19299,117202949.0,1746741599999,22824709.38964,129663
DOGEUSDT,1746741600000,0.193,0.19436,0.19174,0.19436,41741938.0,1746745199999,8057809.08082,71694
DOGEUSDT,1746745200000,0.19437,0.19842,0.1938,0.19817,67200801.0,1746748799999,13190269.47723,79193
DOGEUSDT,1746748800000,0.19818,0.19869,0.19468,0.19569,86509455.0,1746752399999,16959878.79179,122581
DOGEUSDT,1746752400000,0.19568,0.19742,0.19449,0.19633,60968182.0,1746755999999,11934899.78297,83307
DOGEUSDT,1746756000000,0.19633,0.1966,0.19497,0.19579,50775834.0,1746759599999,9929600.53021,72836
DOGEUSDT,1746759600000,0.19579,0.19754,0.19318,0.19354,87177501.0,1746763199999,17050645.77622,94700
DOGEUSDT,1746763200000,0.19354,0.19463,0.19299,0.19407,48724970.0,1746766799999,9444513.49241,68085
DOGEUSDT,1746766800000,0.19406,0.19568,0.1937,0.19559,30055474.0,1746770399999,5856876.97902,50548
DOGEUSDT,1746770400000,0.19559,0.1973,0.19511,0.19708,46893046.0,1746773999999,9213155.71988,53560
DOGEUSDT,1746774000000,0.19708,0.20885,0.19688,0.20584,321876833.0,1746777599999,65716675.10858,306425
DOGEUSDT,1746777600000,0.20584,0.2145,0.20232,0.20549,331745124.0,1746781199999,69127930.464,339118
DOGEUSDT,1746781200000,0.20549,0.20736,0.20167,0.20546,153130173.0,1746784799999,31268100.24629,192569
DOGEUSDT,1746784800000,0.20546,0.20999,0.20485,0.20946,101808044.0,1746788399999,21144558.04149,109382
DOGEUSDT,1746788400000,0.20946,0.21163,0.20574,0.20727,127897233.0,1746791999999,26665229.51052,169208
DOGEUSDT,1746792000000,0.20726,0.20802,0.20524,0.20741,61524845.0,1746795599999,12718427.98874,88286
DOGEUSDT,1746795600000,0.2074,0.20998,0.2054,0.20911,61784933.0,1746799199999,12855709.49776,48742
DOGEUSDT,1746799200000,0.20911,0.20911,0.20084,0.20387,133352082.0,1746802799999,27229002.61203,118123
DOGEUSDT,1746802800000,0.20388,0.20506,0.2015,0.20422,92605209.0,1746806399999,18824874.96741,66522
DOGEUSDT,1746806400000,0.20423,0.20437,0.20109,0.20143,81818575.0,1746809999999,16600673.99798,52311
DOGEUSDT,1746810000000,0.20144,0.2062,0.20104,0.20586,69575701.0,1746813599999,14172951.45861,38442
DOGEUSDT,1746813600000,0.20585,0.20594,0.20395,0.20437,29848819.0,1746817199999,6112631.5994,20910
DOGEUSDT,1746817200000,0.20438,0.20545,0.20294,0.2051,23513083.0,1746820799999,4805375.70449,21402
DOGEUSDT,1746820800000,0.2051,0.20608,0.20438,0.20597,19819736.0,1746824399999,4068413.45023,14034
DOGEUSDT,1746824400000,0.20598,0.20612,0.20422,0.20499,17032164.0,1746827999999,3493105.30584,15502
DOGEUSDT,1746828000000,0.205,0.20545,0.20415,0.20423,23646690.0,1746831599999,4844070.05621,15930
DOGEUSDT,1746831600000,0.20422,0.20545,0.20371,0.2053,16947650.0,1746835199999,3470075.13591,16625
DOGEUSDT,1746835200000,0.2053,0.20903,0.20336,0.20363,70524013.0,1746838799999,14571983.48567,68131
DOGEUSDT,1746838800000,0.20364,0.20692,0.20356,0.20517,40128593.0,1746842399999,8236148.73248,37020
DOGEUSDT,1746842400000,0.20518,0.20978,0.20483,0.20835,53780914.0,1746845999999,11178419.60885,49740
DOGEUSDT,1746846000000,0.20835,0.21083,0.2071,0.20985,67140451.0,1746849599999,14029434.36993,53125
DOGEUSDT,1746849600000,0.20985,0.21088,0.20827,0.20884,44893123.0,1746853199999,9404930.31556,51893
DOGEUSDT,1746853200000,0.20885,0.21645,0.20836,0.21537,81091584.0,1746856799999,17260665.40523,70568
DOGEUSDT,1746856800000,0.21538,0.22643,0.21526,0.22617,284177837.0,1746860399999,62706954.56756,218559
DOGEUSDT,1746860400000,0.22617,0.22634,0.22151,0.22419,121718955.0,1746863999999,27236117.87856,113204
DOGEUSDT,1746864000000,0.2242,0.2268,0.22247,0.22339,136753664.0,1746867599999,30757429.6704,118395
DOGEUSDT,1746867600000,0.2234,0.23069,0.22127,0.22944,158229270.0,1746871199999,35807889.2786,133616
DOGEUSDT,1746871200000,0.22944,0.2309,0.22563,0.22586,102764668.0,1746874799999,23445844.34554,82305
DOGEUSDT,1746874800000,0.22586,0.22785,0.22245,0.22252,82401511.0,1746878399999,18510893.83959,67478
DOGEUSDT,1746878400000,0.22253,0.22592,0.22253,0.22556,60888685.0,1746881999999,13682661.4647,55681
DOGEUSDT,1746882000000,0.22556,0.22785,0.22487,0.22709,41861282.0,1746885599999,9474038.95951,45212
DOGEUSDT,1746885600000,0.22709,0.22916,0.22475,0.22779,63391911.0,1746889199999,14369007.32887,52757
DOGEUSDT,1746889200000,0.22779,0.22904,0.22575,0.227,67638107.0,1746892799999,15372013.0842,65983
DOGEUSDT,1746892800000,0.227,0.23245,0.22636,0.23155,99493331.0,1746896399999,22837226.22277,94494
DOGEUSDT,1746896400000,0.23155,0.23943,0.23136,0.23263,204532521.0,1746899999999,48196967.53866,190410
DOGEUSDT,1746900000000,0.23263,0.23509,0.23127,0.2347,69331403.0,1746903599999,16157347.75908,70257
DOGEUSDT,1746903600000,0.23471,0.23613,0.23137,0.2353,44036780.0,1746907199999,10320634.61593,47470
DOGEUSDT,1746907200000,0.2353,0.23757,0.23226,0.23641,45090837.0,1746910799999,10618194.79639,50519
DOGEUSDT,1746910800000,0.23641,0.24096,0.23595,0.24033,63713166.0,1746914399999,15197431.14736,61285
DOGEUSDT,1746914400000,0.24033,0.2461,0.23825,0.24575,151296248.0,1746917999999,36658759.49406,131901
DOGEUSDT,1746918000000,0.24574,0.25098,0.24552,0.25063,201445790.0,1746921599999,49982769.01816,161828
DOGEUSDT,1746921600000,0.25062,0.2597,0.24419,0.24973,402451806.0,1746925199999,101508452.81802,284216
DOGEUSDT,1746925200000,0.24974,0.25032,0.2392,0.24073,292267015.0,1746928799999,71393945.75321,169113
DOGEUSDT,1746928800000,0.24073,0.244,0.23544,0.23829,171278860.0,1746932399999,41111873.68741,125126
DOGEUSDT,1746932400000,0.23829,0.2414,0.23668,0.23963,99392845.0,1746935999999,23752533.41026,75347
DOGEUSDT,1746936000000,0.23963,0.24202,0.23906,0.24161,71552722.0,1746939599999,17241163.80372,73510
DOGEUSDT,1746939600000,0.24162,0.24268,0.23868,0.23873,120674444.0,1746943199999,29091778.36593,76691
DOGEUSDT,1746943200000,0.23874,0.23898,0.23265,0.23436,137978752.0,1746946799999,32543046.81415,106356
DOGEUSDT,1746946800000,0.23436,0.23459,0.22769,0.2303,192033150.0,1746950399999,44326284.44931,122868
DOGEUSDT,1746950400000,0.23029,0.23338,0.22932,0.22972,76998174.0,1746953999999,17810733.28797,69340
DOGEUSDT,1746954000000,0.22972,0.23491,0.2297,0.23379,120596234.0,1746957599999,28080044.09623,70020
DOGEUSDT,1746957600000,0.23378,0.2348,0.23215,0.23385,52840292.0,1746961199999,12349593.27183,49013
DOGEUSDT,1746961200000,0.23385,0.2347,0.23241,0.23422,50165891.0,1746964799999,11723480.2229,43652
DOGEUSDT,1746964800000,0.23422,0.23592,0.2325,0.2344,72347641.0,1746968399999,16957932.37116,63673
DOGEUSDT,1746968400000,0.23441,0.23629,0.22818,0.22833,107453488.0,1746971999999,24972985.7775,87953
DOGEUSDT,1746972000000,0.22834,0.23188,0.22826,0.23135,75126086.0,1746975599999,17277096.55794,54369
DOGEUSDT,1746975600000,0.23136,0.23385,0.22515,0.22693,106250603.0,1746979199999,24424159.89944,95290
DOGEUSDT,1746979200000,0.22693,0.22843,0.22211,0.2261,157485415.0,1746982799999,35454427.56963,177035
DOGEUSDT,1746982800000,0.22609,0.23181,0.22557,0.2311,80731204.0,1746986399999,18468289.59998,96941
DOGEUSDT,1746986400000,0.2311,0.2334,0.22861,0.23159,83010297.0,1746989999999,19201309.45598,88596
DOGEUSDT,1746990000000,0.23159,0.23313,0.23084,0.23104,36167982.0,1746993599999,8386017.3377,57064
DOGEUSDT,1746993600000,0.23104,0.2318,0.2297,0.23065,30651025.0,1746997199999,7073600.4862,49806
DOGEUSDT,1746997200000,0.23064,0.23307,0.22914,0.23307,36468879.0,1747000799999,8423188.58913,39785
DOGEUSDT,1747000800000,0.23308,0.23462,0.22943,0.23141,52168937.0,1747004399999,12086220.79947,92647
DOGEUSDT,1747004400000,0.23142,0.23339,0.2305,0.23181,31523344.0,1747007999999,7309596.62587,57600
DOGEUSDT,1747008000000,0.23181,0.23756,0.23138,0.23671,133710968.0,1747011599999,31429294.35679,184899
DOGEUSDT,1747011600000,0.2367,0.24117,0.23033,0.23489,193169040.0,1747015199999,45667374.15778,257536
DOGEUSDT,1747015200000,0.2349,0.2378,0.23386,0.23657,96748388.0,1747018799999,22816926.95391,162888
DOGEUSDT,1747018800000,0.23657,0.23853,0.23384,0.23837,93068333.0,1747022399999,22018505.62452,141642
DOGEUSDT,1747022400000,0.23837,0.24478,0.23762,0.24318,151890564.0,1747025999999,36680361.86121,220790
DOGEUSDT,1747026000000,0.24319,0.24395,0.23608,0.23811,119858023.0,1747029599999,28735569.9333,151573
DOGEUSDT,1747029600000,0.23812,0.24135,0.23701,0.24084,56148795.0,1747033199999,13463380.65149,94471
DOGEUSDT,1747033200000,0.24084,0.25341,0.24084,0.24406,414634435.0,1747036799999,102416443.71269,425456
DOGEUSDT,1747036800000,0.24407,0.25,0.24053,0.24744,291970943.0,1747040399999,71268982.71316,270646
DOGEUSDT,1747040400000,0.24745,0.2522,0.24607,0.24769,195809002.0,1747043999999,48770405.14444,222045
DOGEUSDT,1747044000000,0.2477,0.25084,0.24703,0.24883,104326730.0,1747047599999,25980571.39958,108752
DOGEUSDT,1747047600000,0.24883,0.24994,0.24206,0.24227,126502794.0,1747051199999,31062102.89902,111242
DOGEUSDT,1747051200000,0.24226,0.24605,0.2401,0.24441,123483041.0,1747054799999,30065574.42279,115307
DOGEUSDT,1747054800000,0.24441,0.24648,0.2345,0.23997,185497246.0,1747058399999,44646671.02786,169897
DOGEUSDT,1747058400000,0.23998,0.24164,0.2325,0.23438,214358216.0,1747061999999,50734284.73483,209012
DOGEUSDT,1747062000000,0.23439,0.23599,0.23054,0.23236,159159862.0,1747065599999,37097549.05102,149924
DOGEUSDT,1747065600000,0.23236,0.23681,0.23061,0.23548,82822888.0,1747069199999,19331688.33827,108841
DOGEUSDT,1747069200000,0.23548,0.23683,0.22856,0.22987,91476161.0,1747072799999,21180986.10883,89602
DOGEUSDT,1747072800000,0.22987,0.23059,0.22011,0.22439,238766160.0,1747076399999,53765742.12702,218443
DOGEUSDT,1747076400000,0.2244,0.2287,0.2238,0.22733,93757733.0,1747079999999,21255691.39284,86585
DOGEUSDT,1747080000000,0.22733,0.23003,0.22542,0.22862,50530687.0,1747083599999,11537811.95497,47641
DOGEUSDT,1747083600000,0.22862,0.23076,0.22783,0.23038,49059025.0,1747087199999,11238001.71229,36388
DOGEUSDT,1747087200000,0.23038,0.23253,0.22929,0.23122,45088171.0,1747090799999,10402442.32315,41313
DOGEUSDT,1747090800000,0.23123,0.23388,0.2308,0.23101,44516822.0,1747094399999,10343356.67381,38742
DOGEUSDT,1747094400000,0.23102,0.23117,0.22496,0.22542,73710200.0,1747097999999,16785205.30989,68863
DOGEUSDT,1747098000000,0.22541,0.22719,0.2219,0.22429,85671810.0,1747101599999,19221376.34633,90174
DOGEUSDT,1747101600000,0.22429,0.22525,0.218,0.22101,142413410.0,1747105199999,31496278.5678,122581
DOGEUSDT,1747105200000,0.22101,0.22261,0.21736,0.21845,92458466.0,1747108799999,20281083.02058,79609
DOGEUSDT,1747108800000,0.21846,0.22354,0.21742,0.22327,90909560.0,1747112399999,20083798.6942,74521
DOGEUSDT,1747112400000,0.22326,0.22385,0.22102,0.22276,47495181.0,1747115999999,10569141.8673,40651
DOGEUSDT,1747116000000,0.22276,0.2247,0.22275,0.22306,36529186.0,1747119599999,8170783.93166,30590
DOGEUSDT,1747119600000,0.22306,0.2259,0.22276,0.22414,45212919.0,1747123199999,10153875.84847,38374
DOGEUSDT,1747123200000,0.22415,0.22547,0.22296,0.22367,48750304.0,1747126799999,10926117.6499,38982
DOGEUSDT,1747126800000,0.22367,0.22798,0.22357,0.22765,67982153.0,1747130399999,15404462.27569,53380
DOGEUSDT,1747130400000,0.22766,0.22799,0.22569,0.22736,50019581.0,1747133999999,11350290.77552,48982
DOGEUSDT,1747134000000,0.22735,0.22999,0.22665,0.22815,65288998.0,1747137599999,14931131.61975,50660
DOGEUSDT,1747137600000,0.22815,0.2316,0.22555,0.229,170983770.0,1747141199999,39175078.53848,106454
DOGEUSDT,1747141200000,0.229,0.23086,0.22727,0.22904,86871732.0,1747144799999,19895094.12847,75153
DOGEUSDT,1747144800000,0.22905,0.22969,0.22427,0.22661,83960313.0,1747148399999,19032885.67982,70840
DOGEUSDT,1747148400000,0.22661,0.23357,0.22627,0.23305,89191295.0,1747151999999,20561055.52047,70051
DOGEUSDT,1747152000000,0.23305,0.24079,0.23292,0.23644,204133499.0,1747155599999,48592058.93958,172064
DOGEUSDT,1747155600000,0.23645,0.23898,0.2357,0.2376,61689439.0,1747159199999,14655242.79722,65530
DOGEUSDT,1747159200000,0.2376,0.23993,0.23681,0.23942,63744962.0,1747162799999,15207505.2825,64630
DOGEUSDT,1747162800000,0.23943,0.24309,0.23761,0.23896,111114428.0,1747166399999,26619892.53977,98600
DOGEUSDT,1747166400000,0.23896,0.23962,0.23658,0.2394,59171417.0,1747169999999,14097365.92106,57030
DOGEUSDT,1747170000000,0.23941,0.2397,0.23753,0.23949,29059005.0,1747173599999,6931991.0765,25752
DOGEUSDT,1747173600000,0.23948,0.24036,0.23795,0.23897,37800213.0,1747177199999,9042715.25184,46232
DOGEUSDT,1747177200000,0.23896,0.24156,0.23758,0.24078,50050219.0,1747180799999,12018368.78621,53445
DOGEUSDT,1747180800000,0.24078,0.24152,0.23757,0.23869,56845613.0,1747184399999,13607466.04508,61205
DOGEUSDT,1747184400000,0.23869,0.24345,0.23739,0.23831,98779517.0,1747187999999,23765434.29587,120934
DOGEUSDT,1747188000000,0.23831,0.23847,0.23404,0.23776,77060892.0,1747191599999,18222492.36122,93536
DOGEUSDT,1747191600000,0.23776,0.239,0.23574,0.23887,77547042.0,1747195199999,18381177.92852,70929
DOGEUSDT,1747195200000,0.23887,0.24205,0.23696,0.24169,60554970.0,1747198799999,14531460.72343,63110
DOGEUSDT,1747198800000,0.24169,0.24759,0.24131,0.24572,107627380.0,1747202399999,26276971.99219,89693
DOGEUSDT,1747202400000,0.24571,0.24673,0.24172,0.24239,85784205.0,1747205999999,20951898.63439,72676
DOGEUSDT,1747206000000,0.24239,0.24239,0.23673,0.23715,72052003.0,1747209599999,17211101.47783,71287
DOGEUSDT,1747209600000,0.23715,0.23843,0.23315,0.23333,95383920.0,1747213199999,22501173.96872,80661
DOGEUSDT,1747213200000,0.23334,0.23567,0.23184,0.2356,66979265.0,1747216799999,15667544.63137,56790
DOGEUSDT,1747216800000,0.23561,0.23695,0.2348,0.23498,41019776.0,1747220399999,9677003.92544,38319
DOGEUSDT,1747220400000,0.23499,0.239,0.23499,0.23752,39970483.0,1747223999999,9475708.43405,31516
DOGEUSDT,1747224000000,0.23753,0.23877,0.2354,0.23617,37826067.0,1747227599999,8975214.72034,32708
DOGEUSDT,1747227600000,0.23617,0.23834,0.23226,0.23511,67356230.0,1747231199999,15840210.34526,56286
DOGEUSDT,1747231200000,0.23512,0.2353,0.22992,0.23156,97391925.0,1747234799999,22612565.69337,65346
DOGEUSDT,1747234800000,0.23157,0.23331,0.22965,0.233,56525327.0,1747238399999,13106235.71268,41993
DOGEUSDT,1747238400000,0.233,0.23367,0.2303,0.23205,32155600.0,1747241999999,7463226.26375,30955
DOGEUSDT,1747242000000,0.23205,0.23269,0.22813,0.2325,42893822.0,1747245599999,9876018.52116,40599
DOGEUSDT,1747245600000,0.2325,0.23457,0.23223,0.23391,33658119.0,1747249199999,7859197.36204,26426
DOGEUSDT,1747249200000,0.23391,0.23504,0.23311,0.2343,25387338.0,1747252799999,5944143.09337,18678
DOGEUSDT,1747252800000,0.23431,0.23517,0.23329,0.23331,17972392.0,1747256399999,4203390.69166,11848
DOGEUSDT,1747256400000,0.23331,0.23416,0.23143,0.23385,22740850.0,1747259999999,5288536.39672,13716
DOGEUSDT,1747260000000,0.23384,0.23449,0.23152,0.23231,21031102.0,1747263599999,4899025.38017,15955
DOGEUSDT,1747263600000,0.23232,0.23303,0.23068,0.23278,14662116.0,1747267199999,3401651.09747,16333
DOGEUSDT,1747267200000,0.23279,0.23676,0.23267,0.23586,36141544.0,1747270799999,8498196.05076,33187
DOGEUSDT,1747270800000,0.23586,0.23663,0.22763,0.2288,67747373.0,1747274399999,15651140.05589,64224
DOGEUSDT,1747274400000,0.22879,0.23542,0.22808,0.23423,52561834.0,1747277999999,12182265.41615,61532
DOGEUSDT,1747278000000,0.23423,0.23517,0.23129,0.23202,47278713.0,1747281599999,11040407.10226,56686
DOGEUSDT,1747281600000,0.23201,0.23495,0.23177,0.23373,38098616.0,1747285199999,8903774.81982,48625
DOGEUSDT,1747285200000,0.23373,0.23424,0.22762,0.22836,54295869.0,1747288799999,12503323.53823,61925
DOGEUSDT,1747288800000,0.22835,0.23048,0.22595,0.22783,55099439.0,1747292399999,12568157.97476,62956
DOGEUSDT,1747292400000,0.22782,0.22859,0.22253,0.22373,80627021.0,1747295999999,18113913.93589,66203
DOGEUSDT,1747296000000,0.22372,0.22897,0.22369,0.22872,63847191.0,1747299599999,14452196.24487,50916
DOGEUSDT,1747299600000,0.22872,0.22889,0.22311,0.2254,73013519.0,1747303199999,16477117.48086,53709
DOGEUSDT,1747303200000,0.2254,0.22575,0.22201,0.2241,52169464.0,1747306799999,11674469.46535,41161
DOGEUSDT,1747306800000,0.22409,0.22723,0.22386,0.22672,40545919.0,1747310399999,9158636.19691,38977
DOGEUSDT,1747310400000,0.22671,0.22942,0.22544,0.2273,89366763.0,1747313999999,20323238.22676,69810
DOGEUSDT,1747314000000,0.2273,0.2286,0.22059,0.22234,102303734.0,1747317599999,22936352.67766,75991
DOGEUSDT,1747317600000,0.22233,0.22325,0.21604,0.21849,148375124.0,1747321199999,32515715.94969,94493
DOGEUSDT,1747321200000,0.21849,0.22618,0.21816,0.2252,106995015.0,1747324799999,23763052.70354,82290
DOGEUSDT,1747324800000,0.2252,0.2278,0.22237,0.22777,71995373.0,1747328399999,16174938.55305,51636
DOGEUSDT,1747328400000,0.22778,0.22946,0.22616,0.2267,52367673.0,1747331999999,11923192.50445,50639
DOGEUSDT,1747332000000,0.2267,0.22704,0.21984,0.22007,75269827.0,1747335599999,16803620.93775,54081
DOGEUSDT,1747335600000,0.22008,0.22282,0.21888,0.22213,51546859.0,1747339199999,11406661.73444,40281
DOGEUSDT,1747339200000,0.22214,0.2243,0.2187,0.22112,68527040.0,1747342799999,15170468.73878,47605
DOGEUSDT,1747342800000,0.22111,0.22137,0.21632,0.22002,50449053.0,1747346399999,11031884.674,41874
DOGEUSDT,1747346400000,0.22002,0.2225,0.21907,0.21911,38018043.0,1747349999999,8398346.53521,36352
DOGEUSDT,1747350000000,0.2191,0.21946,0.21374,0.21939,97334939.0,1747353599999,21096770.49277,70162
DOGEUSDT,1747353600000,0.2194,0.22262,0.21875,0.22082,47876212.0,1747357199999,10570151.71303,35060
DOGEUSDT,1747357200000,0.22083,0.22343,0.21797,0.22282,65762729.0,1747360799999,14527101.72883,62807
DOGEUSDT,1747360800000,0.22283,0.22648,0.22258,0.22526,80080167.0,1747364399999,18004272.68747,53344
DOGEUSDT,1747364400000,0.22527,0.22727,0.22468,0.22619,33549694.0,1747367999999,7585054.53073,26774
DOGEUSDT,1747368000000,0.2262,0.22718,0.22375,0.22536,36181163.0,1747371599999,8146352.95742,21767
DOGEUSDT,1747371600000,0.22536,0.22766,0.22531,0.22627,28720119.0,1747375199999,6509389.73665,22098
DOGEUSDT,1747375200000,0.22627,0.22758,0.22585,0.22653,29649831.0,1747378799999,6725422.57355,20211
DOGEUSDT,1747378800000,0.22653,0.2277,0.22467,0.2258,38327408.0,1747382399999,8667052.72974,32323
DOGEUSDT,1747382400000,0.2258,0.22651,0.22147,0.22356,53214741.0,1747385999999,11895721.84114,38088
DOGEUSDT,1747386000000,0.22357,0.22911,0.2235,0.22884,60031565.0,1747389599999,13614140.40492,53851
DOGEUSDT,1747389600000,0.22884,0.22987,0.2275,0.22968,44383296.0,1747393199999,10154312.86977,37704
DOGEUSDT,1747393200000,0.22968,0.23013,0.22684,0.2271,44292792.0,1747396799999,10122055.39155,38105
DOGEUSDT,1747396800000,0.22711,0.22785,0.22565,0.2263,25608888.0,1747400399999,5810618.53278,31815
DOGEUSDT,1747400400000,0.22631,0.22956,0.22592,0.22918,40383335.0,1747403999999,9216344.60641,42214
DOGEUSDT,1747404000000,0.22917,0.22917,0.22448,0.22628,56997800.0,1747407599999,12928955.11512,47238
DOGEUSDT,1747407600000,0.22628,0.22987,0.22621,0.22898,45179209.0,1747411199999,10326944.96897,42045
DOGEUSDT,1747411200000,0.22898,0.23095,0.22577,0.22805,45905433.0,1747414799999,10479067.71729,45797
DOGEUSDT,1747414800000,0.22804,0.22883,0.22504,0.22585,21533095.0,1747418399999,4889595.80792,26813
DOGEUSDT,1747418400000,0.22585,0.22777,0.22494,0.22547,30315515.0,1747421999999,6847174.26445,25032
DOGEUSDT,1747422000000,0.22545,0.22711,0.22443,0.22698,25838217.0,1747425599999,5833196.62501,24114
DOGEUSDT,1747425600000,0.22697,0.22706,0.22204,0.22426,44215791.0,1747429199999,9898736.05022,31518
DOGEUSDT,1747429200000,0.22425,0.22573,0.2228,0.22375,23403126.0,1747432799999,5251647.04708,22353
DOGEUSDT,1747432800000,0.22376,0.22396,0.21968,0.22139,45421791.0,1747436399999,10060085.7062,39872
DOGEUSDT,1747436400000,0.2214,0.2232,0.22084,0.22111,24637091.0,1747439999999,5472973.48633,24913
DOGEUSDT,1747440000000,0.22111,0.22225,0.21775,0.21868,59583406.0,1747443599999,13088134.07788,50517
DOGEUSDT,1747443600000,0.21867,0.21868,0.21426,0.21583,83297883.0,1747447199999,18015445.82531,67987
DOGEUSDT,1747447200000,0.21584,0.21809,0.21376,0.21715,64524788.0,1747450799999,13929881.84205,64397
DOGEUSDT,1747450800000,0.21716,0.21826,0.2152,0.21826,22956723.0,1747454399999,4977911.2475,30006
DOGEUSDT,1747454400000,0.21826,0.22021,0.21772,0.21916,21695051.0,1747457999999,4751625.29759,25373
DOGEUSDT,1747458000000,0.21916,0.21957,0.21641,0.2166,20793927.0,1747461599999,4530479.3328,26903
DOGEUSDT,1747461600000,0.21659,0.21825,0.2164,0.21785,20754241.0,1747465199999,4511929.79809,23767
DOGEUSDT,1747465200000,0.21785,0.21895,0.21595,0.21715,40924991.0,1747468799999,8907469.24829,30429
DOGEUSDT,1747468800000,0.21716,0.21743,0.21544,0.21558,46203820.0,1747472399999,9995860.45344,51644
DOGEUSDT,1747472400000,0.21559,0.21678,0.21429,0.21578,45070788.0,1747475999999,9709563.27247,51531
DOGEUSDT,1747476000000,0.21578,0.21722,0.21531,0.21592,29768484.0,1747479599999,6436619.50674,27008
DOGEUSDT,1747479600000,0.21592,0.21659,0.2142,0.21553,30084695.0,1747483199999,6488943.1727,26923
DOGEUSDT,1747483200000,0.21553,0.21584,0.21461,0.2148,24762709.0,1747486799999,5330189.42036,28339
DOGEUSDT,1747486800000,0.21481,0.21607,0.21174,0.21297,59204159.0,1747490399999,12629167.49124,48563
DOGEUSDT,1747490400000,0.21297,0.21677,0.21277,0.21633,37656464.0,1747493999999,8102620.84732,39523
DOGEUSDT,1747494000000,0.21633,0.21684,0.21494,0.21505,29320199.0,1747497599999,6329149.0396,29138
DOGEUSDT,1747497600000,0.21504,0.21619,0.21074,0.21388,54352504.0,1747501199999,11602170.04529,43492
DOGEUSDT,1747501200000,0.21388,0.21592,0.21341,0.21397,22350266.0,1747504799999,4796527.56643,26723
DOGEUSDT,1747504800000,0.21396,0.21632,0.21369,0.21408,41843212.0,1747508399999,9001980.36855,39153
DOGEUSDT,1747508400000,0.21409,0.21548,0.21334,0.21456,18141843.0,1747511999999,3889357.72642,14592
DOGEUSDT,1747512000000,0.21451,0.21776,0.21374,0.21725,30353318.0,1747515599999,6544972.4376,24992
DOGEUSDT,1747515600000,0.21726,0.2175,0.21548,0.21665,17717830.0,1747519199999,3834564.15234,22321
DOGEUSDT,1747519200000,0.21664,0.2167,0.21202,0.21347,30142896.0,1747522799999,6450346.43537,37701
DOGEUSDT,1747522800000,0.21346,0.21513,0.21283,0.21457,16110054.0,1747526399999,3453826.64148,17987
DOGEUSDT,1747526400000,0.21458,0.21616,0.21402,0.21585,33911360.0,1747529999999,7297061.86134,25880
DOGEUSDT,1747530000000,0.21585,0.21697,0.21519,0.21656,27041744.0,1747533599999,5841973.51252,19580
DOGEUSDT,1747533600000,0.21656,0.21698,0.21577,0.21642,15873019.0,1747537199999,3435814.98774,13766
DOGEUSDT,1747537200000,0.21643,0.21707,0.21416,0.21569,24338785.0,1747540799999,5249367.33621,21580
DOGEUSDT,1747540800000,0.21568,0.217,0.2156,0.21664,18562560.0,1747544399999,4020992.32327,12372
DOGEUSDT,1747544400000,0.21664,0.22159,0.21664,0.22118,66382348.0,1747547999999,14562034.39058,46932
DOGEUSDT,1747548000000,0.22118,0.22211,0.21908,0.21947,56285250.0,1747551599999,12418912.41939,45091
DOGEUSDT,1747551600000,0.21947,0.22209,0.219,0.22189,26220138.0,1747555199999,5783147.54257,26229
DOGEUSDT,1747555200000,0.22189,0.22497,0.22188,0.22409,73936949.0,1747558799999,16523208.17163,59835
DOGEUSDT,1747558800000,0.22409,0.22518,0.22186,0.2225,51082328.0,1747562399999,11413657.20789,49494
DOGEUSDT,1747562400000,0.22251,0.22364,0.22178,0.22261,32772454.0,1747565999999,7293311.47452,26726
DOGEUSDT,1747566000000,0.2226,0.22393,0.2221,0.22224,25218905.0,1747569599999,5624117.45272,21680
DOGEUSDT,1747569600000,0.22224,0.22467,0.2212,0.22455,30880793.0,1747573199999,6885332.18819,28799
DOGEUSDT,1747573200000,0.22455,0.22693,0.22373,0.22671,61702260.0,1747576799999,13879779.80113,43405
DOGEUSDT,1747576800000,0.22672,0.23186,0.22551,0.23032,115998390.0,1747580399999,26520957.1397,85016
DOGEUSDT,1747580400000,0.23032,0.2375,0.22874,0.23661,155662893.0,1747583999999,36345641.00628,129307
DOGEUSDT,1747584000000,0.23662,0.23779,0.23283,0.23592,148465595.0,1747587599999,34915881.56474,121946
DOGEUSDT,1747587600000,0.23592,0.23626,0.23005,0.23032,118357606.0,1747591199999,27602599.58416,106223
DOGEUSDT,1747591200000,0.23032,0.23067,0.22581,0.22783,126234512.0,1747594799999,28794872.03492,135936
DOGEUSDT,1747594800000,0.22782,0.22893,0.22193,0.22236,78573308.0,1747598399999,17692109.15079,79685
DOGEUSDT,1747598400000,0.22235,0.22384,0.21843,0.22301,97566758.0,1747601999999,21557748.3768,96428
DOGEUSDT,1747602000000,0.22302,0.22651,0.22298,0.22364,44192292.0,1747605599999,9922185.02174,39886
DOGEUSDT,1747605600000,0.22363,0.22922,0.22106,0.22909,77206642.0,1747609199999,17349692.21345,65527
DOGEUSDT,1747609200000,0.22908,0.2345,0.2275,0.23304,82776211.0,1747612799999,19093676.50843,71696
DOGEUSDT,1747612800000,0.23309,0.23581,0.22533,0.22761,155091315.0,1747616399999,35731141.86805,124568
DOGEUSDT,1747616400000,0.22761,0.22843,0.22432,0.22462,55807871.0,1747619999999,12617428.65443,55804
DOGEUSDT,1747620000000,0.22462,0.2255,0.22217,0.22272,66136901.0,1747623599999,14794886.37989,44063
DOGEUSDT,1747623600000,0.22272,0.22285,0.21932,0.21957,73038837.0,1747627199999,16130985.11315,45872
DOGEUSDT,1747627200000,0.21958,0.22157,0.21621,0.21764,121016904.0,1747630799999,26506508.75479,93491
DOGEUSDT,1747630800000,0.21765,0.21921,0.21612,0.21823,72645720.0,1747634399999,15811870.01731,62730
DOGEUSDT,1747634400000,0.21823,0.21995,0.21413,0.21443,93713342.0,1747637999999,20313586.19545,72208
DOGEUSDT,1747638000000,0.21444,0.2188,0.21423,0.2179,66228757.0,1747641599999,14397055.924,55816
DOGEUSDT,1747641600000,0.21789,0.21807,0.21537,0.21688,63913684.0,1747645199999,13855527.70265,45672
DOGEUSDT,1747645200000,0.21688,0.21815,0.21542,0.217,46874204.0,1747648799999,10176714.93858,39543
DOGEUSDT,1747648800000,0.21699,0.21806,0.21568,0.2173,45131921.0,1747652399999,9789620.00569,35718
DOGEUSDT,1747652400000,0.2173,0.21794,0.2163,0.2172,32235166.0,1747655999999,7001460.87948,29651
DOGEUSDT,1747656000000,0.2172,0.21736,0.21388,0.21523,53488545.0,1747659599999,11520315.7892,41734
DOGEUSDT,1747659600000,0.21524,0.21976,0.21506,0.21848,80921570.0,1747663199999,17590384.00365,52164
DOGEUSDT,1747663200000,0.21848,0.2212,0.21754,0.2204,63543465.0,1747666799999,13942565.66829,40594
DOGEUSDT,1747666800000,0.2204,0.22295,0.22014,0.22122,64856741.0,1747670399999,14372756.19562,46802
DOGEUSDT,1747670400000,0.22122,0.22392,0.21924,0.22388,57916821.0,1747673999999,12816182.15017,42477
DOGEUSDT,1747674000000,0.22388,0.22616,0.22319,0.22405,66241010.0,1747677599999,14868955.10336,47492
DOGEUSDT,1747677600000,0.22404,0.22496,0.22149,0.22269,48049386.0,1747681199999,10713274.47223,28150
DOGEUSDT,1747681200000,0.22269,0.22508,0.22195,0.22432,56603666.0,1747684799999,12626119.72086,24621
DOGEUSDT,1747684800000,0.22431,0.22547,0.22329,0.22479,27182309.0,1747688399999,6100094.675,17883
DOGEUSDT,1747688400000,0.22479,0.22496,0.22285,0.22428,19440043.0,1747691999999,4352848.14338,14528
DOGEUSDT,1747692000000,0.22428,0.22428,0.22226,0.2233,18089964.0,1747695599999,4035326.17564,14452
DOGEUSDT,1747695600000,0.2233,0.22493,0.22313,0.22445,18908993.0,1747699199999,4238501.3774,13014
DOGEUSDT,1747699200000,0.22446,0.22829,0.22377,0.22401,65327170.0,1747702799999,14745607.79681,53598
DOGEUSDT,1747702800000,0.224,0.22919,0.22362,0.22786,43844583.0,1747706399999,9951799.3388,38943
DOGEUSDT,1747706400000,0.22788,0.2308,0.22672,0.22722,79281318.0,1747709999999,18149157.40882,69889
DOGEUSDT,1747710000000,0.22723,0.22752,0.22469,0.22577,48169286.0,1747713599999,10890473.01578,45006
DOGEUSDT,1747713600000,0.22577,0.22748,0.22425,0.22699,63379525.0,1747717199999,14292566.68574,34863
DOGEUSDT,1747717200000,0.227,0.22812,0.22599,0.22604,30633406.0,1747720799999,6961915.49354,33226
DOGEUSDT,1747720800000,0.22604,0.22647,0.22326,0.22481,36934056.0,1747724399999,8292334.94043,31846
DOGEUSDT,1747724400000,0.22481,0.22531,0.22185,0.22244,40889416.0,1747727999999,9134280.00277,38685
DOGEUSDT,1747728000000,0.22243,0.22336,0.22032,0.22161,50394866.0,1747731599999,11165878.88465,46855
DOGEUSDT,1747731600000,0.2216,0.223,0.22109,0.22146,56086102.0,1747735199999,12454657.01335,47031
DOGEUSDT,1747735200000,0.22147,0.22263,0.21957,0.22061,50912971.0,1747738799999,11259353.02935,44558
DOGEUSDT,1747738800000,0.22062,0.22134,0.21873,0.22083,34558727.0,1747742399999,7608787.71256,38708
DOGEUSDT,1747742400000,0.22083,0.22085,0.218,0.21952,26288649.0,1747745999999,5766176.28838,36233
DOGEUSDT,1747746000000,0.21953,0.2202,0.21768,0.21872,48846736.0,1747749599999,10703855.46661,49399
DOGEUSDT,1747749600000,0.21871,0.2203,0.21804,0.21865,53272128.0,1747753199999,11679487.47691,37834
DOGEUSDT,1747753200000,0.21865,0.22126,0.21858,0.22063,42875023.0,1747756799999,9427210.47427,33693
DOGEUSDT,1747756800000,0.22064,0.22146,0.21892,0.2192,29157735.0,1747760399999,6410385.84725,32442
DOGEUSDT,1747760400000,0.2192,0.22349,0.21905,0.22264,41132125.0,1747763999999,9110986.32712,44515
DOGEUSDT,1747764000000,0.22265,0.22351,0.21781,0.21843,52947681.0,1747767599999,11684009.29454,60403
DOGEUSDT,1747767600000,0.21843,0.22546,0.21792,0.22419,55179771.0,1747771199999,12290274.99224,66561
DOGEUSDT,1747771200000,0.22418,0.22717,0.22263,0.22628,72357552.0,1747774799999,16254882.89609,61137
DOGEUSDT,1747774800000,0.22629,0.22758,0.2242,0.22616,51440842.0,1747778399999,11630216.65697,45519
DOGEUSDT,1747778400000,0.22616,0.22681,0.22349,0.22586,63336689.0,1747781999999,14247531.20155,42623
DOGEUSDT,1747782000000,0.22587,0.22787,0.22525,0.22625,50810844.0,1747785599999,11503714.80272,41872
DOGEUSDT,1747785600000,0.22626,0.22783,0.2248,0.22601,71107088.0,1747789199999,16082200.56146,69693
DOGEUSDT,1747789200000,0.22601,0.2285,0.22555,0.22604,52395667.0,1747792799999,11891784.01181,60642
DOGEUSDT,1747792800000,0.22604,0.22943,0.22395,0.22868,62916460.0,1747796399999,14271243.90704,74830
DOGEUSDT,1747796400000,0.22869,0.23058,0.22848,0.22905,60263135.0,1747799999999,13841106.59946,72417
DOGEUSDT,1747800000000,0.22905,0.23171,0.22823,0.23023,63626332.0,1747803599999,14642913.74952,74905
DOGEUSDT,1747803600000,0.23022,0.23359,0.23019,0.23195,73166109.0,1747807199999,16991364.07535,80885
DOGEUSDT,1747807200000,0.23195,0.2335,0.23044,0.23181,65830818.0,1747810799999,15278909.25408,65308
DOGEUSDT,1747810800000,0.23181,0.23213,0.22593,0.22662,113061471.0,1747814399999,25800240.90338,113069
DOGEUSDT,1747814400000,0.22662,0.22773,0.22523,0.2253,41206886.0,1747817999999,9321024.04379,46095
DOGEUSDT,1747818000000,0.22531,0.22611,0.22469,0.22524,37307284.0,1747821599999,8408058.65912,34396
DOGEUSDT,1747821600000,0.22524,0.22616,0.22477,0.22565,33980960.0,1747825199999,7660815.25228,31465
DOGEUSDT,1747825200000,0.22566,0.22784,0.22545,0.22653,33618091.0,1747828799999,7626633.10498,40369
DOGEUSDT,1747828800000,0.22652,0.22794,0.22554,0.22678,25083137.0,1747832399999,5693299.51068,30499
DOGEUSDT,1747832400000,0.22678,0.22933,0.22547,0.22799,46683028.0,1747835999999,10610156.41038,71911
DOGEUSDT,1747836000000,0.22799,0.2334,0.22668,0.23329,110216005.0,1747839599999,25282885.19562,116910
DOGEUSDT,1747839600000,0.23328,0.23439,0.2302,0.23188,167479843.0,1747843199999,38939088.15869,154334
DOGEUSDT,1747843200000,0.23187,0.23813,0.23043,0.23484,161727442.0,1747846799999,38000670.02628,146749
DOGEUSDT,1747846800000,0.23483,0.23598,0.22266,0.22518,278486143.0,1747850399999,63315079.87384,282465
DOGEUSDT,1747850400000,0.22518,0.2289,0.22417,0.22677,82646880.0,1747853999999,18722279.21989,123782
DOGEUSDT,1747854000000,0.22677,0.23095,0.22551,0.23021,52441036.0,1747857599999,11962274.53835,87149
DOGEUSDT,1747857600000,0.2302,0.23055,0.22792,0.22962,30729501.0,1747861199999,7047944.10856,49502
DOGEUSDT,1747861200000,0.22962,0.2305,0.22851,0.22911,24657073.0,1747864799999,5658038.28722,33785
DOGEUSDT,1747864800000,0.22912,0.23358,0.22883,0.23292,64430362.0,1747868399999,14906223.10238,68448
DOGEUSDT,1747868400000,0.23292,0.23774,0.23152,0.23404,141382106.0,1747871999999,33179623.95692,144792
DOGEUSDT,1747872000000,0.23404,0.2387,0.23383,0.23835,108143857.0,1747875599999,25579021.07784,130244
DOGEUSDT,1747875600000,0.23834,0.24374,0.23788,0.24022,205062890.0,1747879199999,49368374.86243,201190
DOGEUSDT,1747879200000,0.24023,0.24221,0.23953,0.2405,95548064.0,1747882799999,23017515.61184,104376
DOGEUSDT,1747882800000,0.2405,0.24316,0.23852,0.24116,84380922.0,1747886399999,20339609.72933,92890
DOGEUSDT,1747886400000,0.24116,0.24213,0.23946,0.24102,70947222.0,1747889999999,17062252.7708,76068
DOGEUSDT,1747890000000,0.24101,0.24166,0.23786,0.23814,60407808.0,1747893599999,14504368.04393,64889
DOGEUSDT,1747893600000,0.23815,0.23943,0.23663,0.23804,64685017.0,1747897199999,15389893.98595,58016
DOGEUSDT,1747897200000,0.23804,0.2415,0.23737,0.24109,63983725.0,1747900799999,15373349.14954,68585
DOGEUSDT,1747900800000,0.24108,0.245,0.24068,0.24255,117622516.0,1747904399999,28587899.04205,97331
DOGEUSDT,1747904400000,0.24255,0.24393,0.24025,0.24108,77524087.0,1747907999999,18766691.16369,81205
DOGEUSDT,1747908000000,0.24109,0.24219,0.23979,0.24033,34553804.0,1747911599999,8322585.03471,55813
DOGEUSDT,1747911600000,0.24032,0.24205,0.239,0.24027,51460382.0,1747915199999,12370781.89835,60963
DOGEUSDT,1747915200000,0.24027,0.24227,0.23913,0.24174,48321975.0,1747918799999,11644802.68859,71373
DOGEUSDT,1747918800000,0.24175,0.24183,0.23954,0.24003,72320654.0,1747922399999,17406864.62009,90423
DOGEUSDT,1747922400000,0.24004,0.2426,0.23981,0.24084,71562227.0,1747925999999,17262039.93019,83659
DOGEUSDT,1747926000000,0.24085,0.24286,0.24045,0.24133,52283332.0,1747929599999,12631497.00165,70620
DOGEUSDT,1747929600000,0.24134,0.24259,0.2388,0.23964,50674914.0,1747933199999,12176136.24517,70105
DOGEUSDT,1747933200000,0.23964,0.24265,0.23922,0.2414,46830999.0,1747936799999,11306667.80363,51358
DOGEUSDT,1747936800000,0.24141,0.24275,0.24041,0.24176,36903754.0,1747940399999,8928593.79412,40016
DOGEUSDT,1747940400000,0.24177,0.242,0.23825,0.23941,31723631.0,1747943999999,7609698.94169,45629
DOGEUSDT,1747944000000,0.23942,0.24102,0.23915,0.2399,27785893.0,1747947599999,6673791.00888,36708
DOGEUSDT,1747947600000,0.23989,0.23989,0.2377,0.23899,23854309.0,1747951199999,5695092.76974,34187
DOGEUSDT,1747951200000,0.23899,0.243,0.23885,0.24093,52662956.0,1747954799999,12703867.34115,50004
DOGEUSDT,1747954800000,0.24094,0.24579,0.24094,0.24558,67711334.0,1747958399999,16521023.47018,56366
DOGEUSDT,1747958400000,0.24559,0.24857,0.24355,0.24671,113925875.0,1747961999999,28013231.86257,150543
DOGEUSDT,1747962000000,0.24671,0.24882,0.24437,0.24813,77326683.0,1747965599999,19105864.07371,110866
DOGEUSDT,1747965600000,0.24813,0.25441,0.24753,0.25131,178020290.0,1747969199999,44754303.2563,161835
DOGEUSDT,1747969200000,0.2513,0.25228,0.2493,0.25102,76639904.0,1747972799999,19214195.33076,91343
DOGEUSDT,1747972800000,0.25101,0.25154,0.2452,0.2474,100593003.0,1747976399999,24929016.65657,102870
DOGEUSDT,1747976400000,0.2474,0.24858,0.24553,0.24789,64122113.0,1747979999999,15873596.75956,76722
DOGEUSDT,1747980000000,0.24789,0.24815,0.24195,0.24315,103953430.0,1747983599999,25398900.44688,117182
DOGEUSDT,1747983600000,0.24315,0.24566,0.24306,0.24346,50876323.0,1747987199999,12434428.83686,52930
DOGEUSDT,1747987200000,0.24347,0.24585,0.24311,0.24526,45622156.0,1747990799999,11159145.75556,48065
DOGEUSDT,1747990800000,0.24526,0.24891,0.24476,0.24858,56751789.0,1747994399999,14040898.04643,61214
DOGEUSDT,1747994400000,0.24859,0.2487,0.24477,0.24626,61129348.0,1747997999999,15057826.40496,64506
DOGEUSDT,1747998000000,0.24626,0.24643,0.23349,0.23516,231649008.0,1748001599999,55313872.09716,184336
DOGEUSDT,1748001600000,0.23517,0.23539,0.22727,0.2324,363717007.0,1748005199999,84333278.51379,259370
DOGEUSDT,1748005200000,0.23241,0.23663,0.23024,0.23645,157996549.0,1748008799999,36935320.21006,121851
DOGEUSDT,1748008800000,0.23645,0.23856,0.23515,0.23713,90730691.0,1748012399999,21471006.51415,73299
DOGEUSDT,1748012400000,0.23714,0.23809,0.23426,0.2344,68455504.0,1748015999999,16168372.1837,58199
DOGEUSDT,1748016000000,0.2344,0.23546,0.23192,0.23479,67710017.0,1748019599999,15830224.76784,47254
DOGEUSDT,1748019600000,0.23478,0.23697,0.23422,0.23595,43017894.0,1748023199999,10140160.73818,33834
DOGEUSDT,1748023200000,0.23595,0.23671,0.23246,0.23316,57110319.0,1748026799999,13367547.55598,34343
DOGEUSDT,1748026800000,0.23316,0.23478,0.23246,0.23313,21784261.0,1748030399999,5090349.09579,25898
DOGEUSDT,1748030400000,0.23312,0.23333,0.23043,0.23082,27410794.0,1748033999999,6345720.46831,30326
DOGEUSDT,1748034000000,0.23082,0.23237,0.22963,0.2305,40508565.0,1748037599999,9358274.10582,31845
DOGEUSDT,1748037600000,0.23051,0.2323,0.22814,0.22868,45976269.0,1748041199999,10577535.16088,42958
DOGEUSDT,1748041200000,0.22869,0.2293,0.22304,0.22521,105467592.0,1748044799999,23800594.48706,91850
DOGEUSDT,1748044800000,0.22521,0.22816,0.22355,0.22559,69164355.0,1748048399999,15653801.08502,96120
DOGEUSDT,1748048400000,0.22559,0.22802,0.22556,0.22645,48639021.0,1748051999999,11040442.92199,66675
DOGEUSDT,1748052000000,0.22646,0.22883,0.22569,0.22836,26929078.0,1748055599999,6132015.83998,48134
DOGEUSDT,1748055600000,0.22835,0.23006,0.22798,0.22943,22145455.0,1748059199999,5077923.03115,39242
DOGEUSDT,1748059200000,0.22944,0.23041,0.2286,0.22993,18424841.0,1748062799999,4230240.09487,33733
DOGEUSDT,1748062800000,0.22994,0.23001,0.22758,0.22855,27905179.0,1748066399999,6374074.3615,41951
DOGEUSDT,1748066400000,0.22854,0.22928,0.22677,0.22773,38604248.0,1748069999999,8783052.67976,44987
DOGEUSDT,1748070000000,0.22774,0.22893,0.22696,0.22736,28194689.0,1748073599999,6427052.41488,36717
DOGEUSDT,1748073600000,0.22736,0.22802,0.22583,0.22795,39098096.0,1748077199999,8879298.90508,50293
DOGEUSDT,1748077200000,0.22796,0.22887,0.22757,0.22779,28162538.0,1748080799999,6426069.50693,39174
DOGEUSDT,1748080800000,0.22779,0.23008,0.22753,0.22976,52191735.0,1748084399999,11964557.89333,48946
DOGEUSDT,1748084400000,0.22976,0.23038,0.22898,0.22908,31147448.0,1748087999999,7155554.48094,44604
DOGEUSDT,1748088000000,0.22908,0.22939,0.22767,0.22836,31390192.0,1748091599999,7169656.78185,43277
DOGEUSDT,1748091600000,0.22837,0.22858,0.22693,0.2271,28638982.0,1748095199999,6524957.59391,43956
DOGEUSDT,1748095200000,0.2271,0.2287,0.22688,0.22836,20227058.0,1748098799999,4609056.66809,36887
DOGEUSDT,1748098800000,0.22836,0.22917,0.22697,0.2277,28193104.0,1748102399999,6427008.41482,44565
DOGEUSDT,1748102400000,0.2277,0.22819,0.22592,0.22766,20732646.0,1748105999999,4706555.35367,40965
DOGEUSDT,1748106000000,0.22766,0.22867,0.22731,0.22758,14947191.0,1748109599999,3408295.38516,26453
DOGEUSDT,1748109600000,0.22758,0.22897,0.22649,0.22677,19693226.0,1748113199999,4482833.04978,24268
DOGEUSDT,1748113200000,0.22676,0.22747,0.22644,0.22723,10528000.0,1748116799999,2389580.18214,17305
DOGEUSDT,1748116800000,0.22724,0.22812,0.22674,0.22743,9731683.0,1748120399999,2213205.73036,15522
DOGEUSDT,1748120400000,0.22743,0.22752,0.22534,0.22688,16106149.0,1748123999999,3644775.91551,18083
DOGEUSDT,1748124000000,0.22689,0.22691,0.22485,0.22525,20145955.0,1748127599999,4545973.36883,33620
DOGEUSDT,1748127600000,0.22526,0.22611,0.2237,0.22512,38279270.0,1748131199999,8606002.15955,51692
DOGEUSDT,1748131200000,0.22512,0.22645,0.2206,0.22149,73617043.0,1748134799999,16421486.46407,88042
DOGEUSDT,1748134800000,0.2215,0.22262,0.21943,0.22185,64940591.0,1748138399999,14352964.77434,84197
DOGEUSDT,1748138400000,0.22186,0.22271,0.22044,0.22251,27887515.0,1748141999999,6184044.64641,49710
DOGEUSDT,1748142000000,0.22251,0.22437,0.2224,0.22372,24577156.0,1748145599999,5498335.4093,39399
DOGEUSDT,1748145600000,0.22371,0.22417,0.22259,0.22411,13440162.0,1748149199999,3001315.47837,25283
DOGEUSDT,1748149200000,0.2241,0.2241,0.22284,0.22369,9546365.0,1748152799999,2133635.35446,18260
DOGEUSDT,1748152800000,0.22369,0.22384,0.22233,0.22297,18357057.0,1748156399999,4095074.93997,25401
DOGEUSDT,1748156400000,0.22297,0.22303,0.22045,0.22136,126496644.0,1748159999999,27988137.06424,55938
DOGEUSDT,1748160000000,0.22136,0.22137,0.21777,0.21873,70680246.0,1748163599999,15499141.76294,76062
DOGEUSDT,1748163600000,0.21873,0.21938,0.21711,0.21897,68459500.0,1748167199999,14938979.24355,77870
DOGEUSDT,1748167200000,0.21897,0.21958,0.21789,0.21802,40471450.0,1748170799999,8859591.14373,46284
DOGEUSDT,1748170800000,0.21801,0.21957,0.21762,0.21937,20670097.0,1748174399999,4521947.12029,36463
DOGEUSDT,1748174400000,0.21937,0.2208,0.21886,0.22059,29597271.0,1748177999999,6512862.38557,44146
DOGEUSDT,1748178000000,0.22059,0.22111,0.21935,0.22,26081555.0,1748181599999,5743767.3281,34753
DOGEUSDT,1748181600000,0.22,0.22036,0.2178,0.21866,25684761.0,1748185199999,5626923.70579,34348
DOGEUSDT,1748185200000,0.21866,0.21903,0.21567,0.21852,69315965.0,1748188799999,15055643.69681,66212
DOGEUSDT,1748188800000,0.21852,0.2189,0.21644,0.21845,33704268.0,1748192399999,7335312.05694,31518
DOGEUSDT,1748192400000,0.21845,0.21938,0.21812,0.21904,22065577.0,1748195999999,4828856.23181,16491
DOGEUSDT,1748196000000,0.21904,0.22008,0.21867,0.21933,12816719.0,1748199599999,2810620.88133,13444
DOGEUSDT,1748199600000,0.21933,0.22084,0.21886,0.22003,18739091.0,1748203199999,4116499.19503,14127
DOGEUSDT,1748203200000,0.22003,0.22028,0.21872,0.21978,10718721.0,1748206799999,2352724.89565,13045
DOGEUSDT,1748206800000,0.21978,0.22044,0.21834,0.21902,10437305.0,1748210399999,2291983.50597,12720
DOGEUSDT,1748210400000,0.21902,0.22456,0.21864,0.22447,49093594.0,1748213999999,10918530.90577,58137
DOGEUSDT,1748214000000,0.22446,0.2252,0.22259,0.22491,42152071.0,1748217599999,9448359.78562,36639
DOGEUSDT,1748217600000,0.22491,0.22735,0.2233,0.22723,47108962.0,1748221199999,10620534.42709,61032
DOGEUSDT,1748221200000,0.22723,0.22784,0.22566,0.22724,60923214.0,1748224799999,13818607.98212,56299
DOGEUSDT,1748224800000,0.22725,0.22741,0.22515,0.22564,19832597.0,1748228399999,4487853.14736,36578
DOGEUSDT,1748228400000,0.22563,0.22774,0.22529,0.2272,33581810.0,1748231999999,7609143.06606,34995
DOGEUSDT,1748232000000,0.2272,0.22842,0.22666,0.22771,27788559.0,1748235599999,6328795.03087,38227
DOGEUSDT,1748235600000,0.2277,0.22823,0.22702,0.2278,15783994.0,1748239199999,3594823.68793,27098
DOGEUSDT,1748239200000,0.2278,0.22897,0.2275,0.22874,27556836.0,1748242799999,6288172.42834,29647
DOGEUSDT,1748242800000,0.22873,0.23036,0.22856,0.22986,38336941.0,1748246399999,8799329.50441,53497
DOGEUSDT,1748246400000,0.22986,0.2301,0.22672,0.22714,34577556.0,1748249999999,7892852.52434,42159
DOGEUSDT,1748250000000,0.22714,0.22795,0.2261,0.22651,17926335.0,1748253599999,4068204.91544,32159
DOGEUSDT,1748253600000,0.22651,0.22755,0.22552,0.22595,14807577.0,1748257199999,3356173.92824,25882
DOGEUSDT,1748257200000,0.22594,0.22664,0.22531,0.22619,30191584.0,1748260799999,6824793.34563,29393
DOGEUSDT,1748260800000,0.22619,0.2279,0.22515,0.22728,30921289.0,1748264399999,6990418.33556,40056
DOGEUSDT,1748264400000,0.22728,0.22775,0.22388,0.22471,29511164.0,1748267999999,6663654.65662,45004
DOGEUSDT,1748268000000,0.22471,0.22539,0.22334,0.22447,29473703.0,1748271599999,6607623.54257,47556
DOGEUSDT,1748271600000,0.22448,0.22835,0.22391,0.22698,37174320.0,1748275199999,8432700.12233,47831
DOGEUSDT,1748275200000,0.22698,0.22805,0.22358,0.22436,42987276.0,1748278799999,9682123.84756,53906
DOGEUSDT,1748278800000,0.22435,0.22524,0.2225,0.22331,23976266.0,1748282399999,5358772.54976,28047
DOGEUSDT,1748282400000,0.22331,0.22484,0.22266,0.22367,15020711.0,1748285999999,3362816.12902,18225
DOGEUSDT,1748286000000,0.22367,0.22463,0.22326,0.22413,8078814.0,1748289599999,1809461.38536,10717
DOGEUSDT,1748289600000,0.22412,0.22665,0.22333,0.22653,14545130.0,1748293199999,3274084.66119,18904
DOGEUSDT,1748293200000,0.22652,0.22673,0.22521,0.22638,14148902.0,1748296799999,3198271.02806,13907
DOGEUSDT,1748296800000,0.22639,0.22779,0.22509,0.22527,13149442.0,1748300399999,2977439.36125,18827
DOGEUSDT,1748300400000,0.22526,0.22616,0.22456,0.22596,14462443.0,1748303999999,3259738.5084,14887
DOGEUSDT,1748304000000,0.22596,0.22712,0.22382,0.22418,19400873.0,1748307599999,4372116.75505,32937
DOGEUSDT,1748307600000,0.22418,0.22427,0.21965,0.22217,54587425.0,1748311199999,12090953.90924,83918
DOGEUSDT,1748311200000,0.22217,0.2245,0.22195,0.22322,19124841.0,1748314799999,4273731.26686,32222
DOGEUSDT,1748314800000,0.22322,0.22569,0.22322,0.22423,24910763.0,1748318399999,5600287.59627,34898
DOGEUSDT,1748318400000,0.22422,0.22503,0.2233,0.22354,60510391.0,1748321999999,13563737.90274,29217
DOGEUSDT,1748322000000,0.22355,0.22493,0.2225,0.22456,20564893.0,1748325599999,4597123.87758,29114
DOGEUSDT,1748325600000,0.22456,0.22698,0.22455,0.22502,29192877.0,1748329199999,6594883.92227,53698
DOGEUSDT,1748329200000,0.22502,0.2284,0.22501,0.22776,28805366.0,1748332799999,6545081.74427,35829
DOGEUSDT,1748332800000,0.22777,0.22911,0.22777,0.22863,47910945.0,1748336399999,10947424.34346,45564
DOGEUSDT,1748336400000,0.22863,0.22897,0.22733,0.22873,30960933.0,1748339999999,7067676.41642,38281
DOGEUSDT,1748340000000,0.22874,0.22883,0.22788,0.22856,20832755.0,1748343599999,4759108.86803,24953
DOGEUSDT,1748343600000,0.22856,0.22896,0.22738,0.22867,28896262.0,1748347199999,6595013.97111,31298
DOGEUSDT,1748347200000,0.22866,0.22931,0.22784,0.22851,30027288.0,1748350799999,6858727.87033,32026
DOGEUSDT,1748350800000,0.22851,0.23216,0.22834,0.22865,91605405.0,1748354399999,21115156.19021,106078
DOGEUSDT,1748354400000,0.22865,0.22962,0.22488,0.22718,77027953.0,1748357999999,17503284.15684,91323
DOGEUSDT,1748358000000,0.22719,0.2292,0.22646,0.22867,37064098.0,1748361599999,8449807.91668,43814
DOGEUSDT,1748361600000,0.22869,0.22997,0.22707,0.22841,44203221.0,1748365199999,10114573.76147,40186
DOGEUSDT,1748365200000,0.22842,0.23028,0.22825,0.22919,29051297.0,1748368799999,6660856.79847,34204
DOGEUSDT,1748368800000,0.2292,0.2299,0.22746,0.22756,18744901.0,1748372399999,4279092.16385,23188
DOGEUSDT,1748372400000,0.22756,0.22794,0.22661,0.22722,19676331.0,1748375999999,4473064.21109,23980
DOGEUSDT,1748376000000,0.22723,0.22855,0.22702,0.22772,11878715.0,1748379599999,2706735.76772,18392
DOGEUSDT,1748379600000,0.22773,0.22871,0.22596,0.22633,17421676.0,1748383199999,3955711.12446,19203
DOGEUSDT,1748383200000,0.22634,0.22694,0.22444,0.22595,23464960.0,1748386799999,5292515.07887,32137
DOGEUSDT,1748386800000,0.22595,0.22638,0.22507,0.22598,19540852.0,1748390399999,4412621.2957,17827
DOGEUSDT,1748390400000,0.22599,0.22781,0.22453,0.22759,37170878.0,1748393999999,8396937.73038,39268
DOGEUSDT,1748394000000,0.2276,0.22785,0.22411,0.22445,32941257.0,1748397599999,7445240.66077,37592
DOGEUSDT,1748397600000,0.22445,0.22445,0.22302,0.22374,61186291.0,1748401199999,13702713.06782,50628
DOGEUSDT,1748401200000,0.22374,0.22499,0.22346,0.22473,17466896.0,1748404799999,3914664.13305,25482
DOGEUSDT,1748404800000,0.22473,0.2253,0.22361,0.22483,10909735.0,1748408399999,2449441.22444,18258
DOGEUSDT,1748408400000,0.22482,0.22484,0.22372,0.22391,10307296.0,1748411999999,2310268.60709,15199
DOGEUSDT,1748412000000,0.22391,0.22391,0.22193,0.22211,34381394.0,1748415599999,7658242.08658,35186
DOGEUSDT,1748415600000,0.22212,0.22341,0.22177,0.22262,26802021.0,1748419199999,5972667.92036,24721
DOGEUSDT,1748419200000,0.22263,0.22352,0.22194,0.22312,19333364.0,1748422799999,4306400.69225,28743
DOGEUSDT,1748422800000,0.22313,0.22318,0.22122,0.22195,27608003.0,1748426399999,6134849.8822,37510
DOGEUSDT,1748426400000,0.22195,0.22321,0.22091,0.22294,29477724.0,1748429999999,6549403.50293,35626
DOGEUSDT,1748430000000,0.22294,0.22371,0.22256,0.22356,27718860.0,1748433599999,6184814.44544,26312
DOGEUSDT,1748433600000,0.22356,0.22466,0.2231,0.22331,32454798.0,1748437199999,7265844.60839,33918
DOGEUSDT,1748437200000,0.22332,0.22364,0.2204,0.22072,37273633.0,1748440799999,8280215.0313,64376
DOGEUSDT,1748440800000,0.22071,0.22123,0.21913,0.21922,73662403.0,1748444399999,16211393.98591,83685
DOGEUSDT,1748444400000,0.21921,0.21998,0.21762,0.21834,42649837.0,1748447999999,9321110.33243,53957
DOGEUSDT,1748448000000,0.21835,0.22043,0.2182,0.22017,35430452.0,1748451599999,7771070.91896,31230
DOGEUSDT,1748451600000,0.22017,0.22118,0.21874,0.21954,15538667.0,1748455199999,3418939.01759,23945
DOGEUSDT,1748455200000,0.21954,0.22025,0.21823,0.21843,15510431.0,1748458799999,3401210.48378,22263
DOGEUSDT,1748458800000,0.21843,0.21955,0.21678,0.21723,26422146.0,1748462399999,5750294.01871,23506
DOGEUSDT,1748462400000,0.21722,0.21926,0.21701,0.21917,17885182.0,1748465999999,3896285.91233,18596
DOGEUSDT,1748466000000,0.21918,0.22017,0.21878,0.21997,9535610.0,1748469599999,2093373.63378,10381
DOGEUSDT,1748469600000,0.21996,0.22003,0.21827,0.2192,10938411.0,1748473199999,2397173.5727,12481
DOGEUSDT,1748473200000,0.21919,0.22165,0.21919,0.22096,28908221.0,1748476799999,6378730.65795,24842
DOGEUSDT,1748476800000,0.22096,0.22491,0.21989,0.22489,42047842.0,1748480399999,9352639.95102,48755
DOGEUSDT,1748480400000,0.22489,0.225,0.22278,0.22405,37477916.0,1748483999999,8391253.13023,48094
DOGEUSDT,1748484000000,0.22406,0.22788,0.22307,0.22772,76886211.0,1748487599999,17360037.74978,63096
DOGEUSDT,1748487600000,0.22771,0.22798,0.22579,0.22653,67306497.0,1748491199999,15281815.21001,55923
DOGEUSDT,1748491200000,0.22652,0.22703,0.22215,0.22411,63465420.0,1748494799999,14238226.59681,64867
DOGEUSDT,1748494800000,0.22412,0.22565,0.22375,0.22473,23721778.0,1748498399999,5331814.96445,32124
DOGEUSDT,1748498400000,0.22472,0.22525,0.22407,0.22473,12308430.0,1748501999999,2765916.27017,20496
DOGEUSDT,1748502000000,0.22474,0.22506,0.22376,0.22434,26350134.0,1748505599999,5911169.0469,26771
DOGEUSDT,1748505600000,0.22435,0.22565,0.22333,0.2254,24559216.0,1748509199999,5519026.12178,31956
DOGEUSDT,1748509200000,0.2254,0.22584,0.22484,0.22552,16160411.0,1748512799999,3642318.46794,24762
DOGEUSDT,1748512800000,0.22552,0.226,0.22481,0.22594,17069922.0,1748516399999,3848450.45559,25552
DOGEUSDT,1748516400000,0.22594,0.22606,0.2243,0.22488,23288150.0,1748519999999,5243266.35051,28371
DOGEUSDT,1748520000000,0.22488,0.2249,0.22259,0.22318,22489173.0,1748523599999,5029910.05554,36220
DOGEUSDT,1748523600000,0.22319,0.22421,0.22105,0.22159,37118796.0,1748527199999,8253915.49208,50086
DOGEUSDT,1748527200000,0.22159,0.22209,0.21801,0.22151,75087282.0,1748530799999,16507152.54528,80469
DOGEUSDT,1748530800000,0.22151,0.22151,0.21934,0.21964,29318238.0,1748534399999,6467130.31726,38786
DOGEUSDT,1748534400000,0.21964,0.22075,0.21834,0.21877,39006525.0,1748537999999,8560831.40546,33113
DOGEUSDT,1748538000000,0.21876,0.22119,0.21836,0.22006,37199000.0,1748541599999,8176142.59864,34252
DOGEUSDT,1748541600000,0.22007,0.22148,0.21812,0.21826,32383687.0,1748545199999,7115823.66841,28620
DOGEUSDT,1748545200000,0.21826,0.21896,0.21476,0.2164,91661077.0,1748548799999,19818217.25875,63535
DOGEUSDT,1748548800000,0.21639,0.21786,0.21631,0.21762,29109596.0,1748552399999,6323093.61931,24554
DOGEUSDT,1748552400000,0.21763,0.21954,0.21755,0.21937,12780608.0,1748555999999,2788609.07985,12149
DOGEUSDT,1748556000000,0.21937,0.21944,0.21701,0.21701,19228707.0,1748559599999,4196363.58737,22550
DOGEUSDT,1748559600000,0.21701,0.21757,0.21402,0.21487,47411331.0,1748563199999,10211588.1888,36009
DOGEUSDT,1748563200000,0.21487,0.21648,0.20062,0.20378,269885691.0,1748566799999,56096982.85309,161338
DOGEUSDT,1748566800000,0.20379,0.20821,0.20315,0.20706,159220048.0,1748570399999,32916019.68397,141658
DOGEUSDT,1748570400000,0.20706,0.20985,0.20684,0.20867,56535168.0,1748573999999,11792011.21201,64188
DOGEUSDT,1748574000000,0.20867,0.20952,0.20808,0.20858,25841003.0,1748577599999,5396712.67085,31599
DOGEUSDT,1748577600000,0.20857,0.20931,0.20749,0.20895,26580958.0,1748581199999,5537703.64122,31746
DOGEUSDT,1748581200000,0.20896,0.20952,0.20652,0.2076,143603928.0,1748584799999,29831700.48576,65460
DOGEUSDT,1748584800000,0.2076,0.20772,0.20311,0.20473,85425073.0,1748588399999,17503352.70238,90130
DOGEUSDT,1748588400000,0.20473,0.20608,0.20375,0.20427,63224574.0,1748591999999,12956159.08679,66832
DOGEUSDT,1748592000000,0.20428,0.20593,0.20341,0.2042,43420640.0,1748595599999,8884610.10718,58118
DOGEUSDT,1748595600000,0.20421,0.20508,0.20154,0.20481,81278968.0,1748599199999,16533176.5696,82008
DOGEUSDT,1748599200000,0.20481,0.20539,0.20347,0.20523,43692934.0,1748602799999,8943287.91695,54370
DOGEUSDT,1748602800000,0.20523,0.20569,0.20429,0.20504,29194731.0,1748606399999,5986157.30684,41788
DOGEUSDT,1748606400000,0.20504,0.2059,0.20233,0.20451,61084154.0,1748609999999,12476471.18293,59964
DOGEUSDT,1748610000000,0.20451,0.20533,0.20174,0.20205,54759388.0,1748613599999,11146390.08103,64377
DOGEUSDT,1748613600000,0.20206,0.20343,0.2008,0.20224,79081003.0,1748617199999,15987950.87259,78644
DOGEUSDT,1748617200000,0.20224,0.20416,0.20192,0.20206,36971218.0,1748620799999,7506299.33998,35528
DOGEUSDT,1748620800000,0.20207,0.20283,0.19331,0.19638,222741419.0,1748624399999,43859354.68588,154867
DOGEUSDT,1748624400000,0.19638,0.19859,0.1962,0.19701,80515653.0,1748627999999,15876047.87859,79146
DOGEUSDT,1748628000000,0.19702,0.20043,0.1969,0.2003,51217523.0,1748631599999,10201039.86343,50439
DOGEUSDT,1748631600000,0.2003,0.20126,0.19968,0.20042,19444886.0,1748635199999,3900279.35852,21721
DOGEUSDT,1748635200000,0.20042,0.20063,0.19906,0.19943,28521935.0,1748638799999,5697848.78725,19101
DOGEUSDT,1748638800000,0.19943,0.20049,0.19827,0.19876,17500444.0,1748642399999,3490577.92645,15564
DOGEUSDT,1748642400000,0.19876,0.19926,0.1921,0.19226,79160544.0,1748645999999,15487085.3581,64685
DOGEUSDT,1748646000000,0.19225,0.19433,0.19061,0.19357,104315399.0,1748649599999,20081735.8247,114448
DOGEUSDT,1748649600000,0.19358,0.19457,0.18852,0.19155,124245136.0,1748653199999,23792791.02613,147274
DOGEUSDT,1748653200000,0.19155,0.19239,0.18621,0.18985,150815517.0,1748656799999,28564411.51318,194424
DOGEUSDT,1748656800000,0.18985,0.19248,0.18785,0.18792,68730269.0,1748660399999,13080574.72006,94191
DOGEUSDT,1748660400000,0.18793,0.18937,0.18555,0.18931,76210902.0,1748663999999,14299060.52961,108891
DOGEUSDT,1748664000000,0.18932,0.19102,0.18765,0.19056,58954905.0,1748667599999,11196533.53575,74777
DOGEUSDT,1748667600000,0.19056,0.19114,0.18825,0.18836,28185446.0,1748671199999,5348448.73163,44487
DOGEUSDT,1748671200000,0.18836,0.1904,0.18801,0.18976,17476311.0,1748674799999,3313548.6779,31881
DOGEUSDT,1748674800000,0.18975,0.19003,0.18873,0.18927,19773251.0,1748678399999,3746739.54516,35319
DOGEUSDT,1748678400000,0.18927,0.18968,0.18775,0.18878,38638816.0,1748681999999,7292831.171,51268
DOGEUSDT,1748682000000,0.18879,0.18961,0.18676,0.18757,52900967.0,1748685599999,9929578.47592,53567
DOGEUSDT,1748685600000,0.18756,0.1895,0.18593,0.18722,57383704.0,1748689199999,10764460.35916,62152
DOGEUSDT,1748689200000,0.18721,0.1873,0.18566,0.18652,30052357.0,1748692799999,5599871.57521,27090
DOGEUSDT,1748692800000,0.18652,0.19103,0.18634,0.191,54365777.0,1748696399999,10275899.80917,41930
DOGEUSDT,1748696400000,0.19099,0.1944,0.19067,0.19115,84438495.0,1748699999999,16259339.66923,74869
DOGEUSDT,1748700000000,0.19115,0.19331,0.19097,0.19305,36160317.0,1748703599999,6962828.6516,36268
DOGEUSDT,1748703600000,0.19304,0.19443,0.19101,0.19177,44680254.0,1748707199999,8614488.53161,42851
DOGEUSDT,1748707200000,0.19177,0.1939,0.19096,0.19312,32329797.0,1748710799999,6235581.0976,32312
DOGEUSDT,1748710800000,0.19313,0.19347,0.19139,0.19157,19714103.0,1748714399999,3792444.51149,20832
DOGEUSDT,1748714400000,0.19157,0.19326,0.1914,0.19284,8234336.0,1748717999999,1585501.69481,12211
DOGEUSDT,1748718000000,0.19285,0.19507,0.19285,0.19455,14330258.0,1748721599999,2783677.70047,19080
DOGEUSDT,1748721600000,0.19455,0.19492,0.1937,0.19451,8756329.0,1748725199999,1700756.15575,15654
DOGEUSDT,1748725200000,0.19452,0.19551,0.19404,0.1948,24269245.0,1748728799999,4727514.73283,19601
DOGEUSDT,1748728800000,0.1948,0.19505,0.19308,0.19318,11453498.0,1748732399999,2221637.27461,17174
DOGEUSDT,1748732400000,0.19318,0.19447,0.19218,0.19251,24159543.0,1748735999999,4668692.02256,20805
DOGEUSDT,1748736000000,0.19251,0.1926,0.19094,0.1915,22925885.0,1748739599999,4392319.75461,35513
DOGEUSDT,1748739600000,0.1915,0.19204,0.18853,0.1894,42988624.0,1748743199999,8177147.8364,43503
DOGEUSDT,1748743200000,0.1894,0.19026,0.18788,0.18971,28524071.0,1748746799999,5392106.71048,38882
DOGEUSDT,1748746800000,0.18972,0.19027,0.18814,0.19013,20460667.0,1748750399999,3876023.99172,29740
DOGEUSDT,1748750400000,0.19013,0.19225,0.18975,0.19177,15932059.0,1748753999999,3043743.03073,29028
DOGEUSDT,1748754000000,0.19178,0.19216,0.19061,0.1908,14768584.0,1748757599999,2825922.13516,24177
DOGEUSDT,1748757600000,0.1908,0.19081,0.18948,0.1897,12613942.0,1748761199999,2397607.9655,24152
DOGEUSDT,1748761200000,0.18969,0.19026,0.18914,0.19012,12913223.0,1748764799999,2451155.88604,22903
DOGEUSDT,1748764800000,0.19012,0.19027,0.18865,0.1894,11658344.0,1748768399999,2208139.81175,29872
DOGEUSDT,1748768400000,0.1894,0.19003,0.1864,0.18754,37420794.0,1748771999999,7017737.96184,64626
DOGEUSDT,1748772000000,0.18754,0.1887,0.18693,0.18861,23687129.0,1748775599999,4452574.0437,38576
DOGEUSDT,1748775600000,0.18861,0.18974,0.18804,0.18944,20227994.0,1748779199999,3823454.22872,31464
DOGEUSDT,1748779200000,0.18944,0.18958,0.18731,0.18798,18393081.0,1748782799999,3465149.55254,31044
DOGEUSDT,1748782800000,0.18799,0.18967,0.18778,0.18908,15636095.0,1748786399999,2955948.11206,30771
DOGEUSDT,1748786400000,0.18908,0.19238,0.18908,0.19133,40054107.0,1748789999999,7660223.93446,44889
DOGEUSDT,1748790000000,0.19133,0.19257,0.19067,0.19184,23119619.0,1748793599999,4433015.9157,25433
DOGEUSDT,1748793600000,0.19184,0.19473,0.19179,0.19322,43717876.0,1748797199999,8469330.0046,47402
DOGEUSDT,1748797200000,0.19323,0.19354,0.19267,0.19279,17880939.0,1748800799999,3451873.52399,20350
DOGEUSDT,1748800800000,0.19278,0.19282,0.18904,0.19084,30752973.0,1748804399999,5863521.43927,28722
DOGEUSDT,1748804400000,0.19085,0.19193,0.19054,0.19188,19848268.0,1748807999999,3794146.4488,18238
DOGEUSDT,1748808000000,0.19188,0.19256,0.19091,0.19139,17517878.0,1748811599999,3360803.12082,17665
DOGEUSDT,1748811600000,0.19138,0.19333,0.19105,0.19321,11548662.0,1748815199999,2220583.24994,13188
DOGEUSDT,1748815200000,0.1932,0.19435,0.19307,0.19364,16381435.0,1748818799999,3172647.27623,23079
DOGEUSDT,1748818800000,0.19364,0.19485,0.19333,0.19363,25213809.0,1748822399999,4892771.12221,19487
DOGEUSDT,1748822400000,0.19364,0.19443,0.19223,0.19284,62451214.0,1748825999999,12060256.79074,44929
DOGEUSDT,1748826000000,0.19284,0.19418,0.19207,0.1921,18840210.0,1748829599999,3638928.13638,32102
DOGEUSDT,1748829600000,0.1921,0.19224,0.19053,0.1908,23775984.0,1748833199999,4550013.05676,35328
DOGEUSDT,1748833200000,0.19081,0.19099,0.18916,0.19032,26292883.0,1748836799999,4996389.57615,35726
DOGEUSDT,1748836800000,0.19032,0.19157,0.19001,0.19039,16639445.0,1748840399999,3174994.69419,25369
DOGEUSDT,1748840400000,0.1904,0.19126,0.18956,0.19072,10471700.0,1748843999999,1994182.03929,23851
DOGEUSDT,1748844000000,0.19073,0.1924,0.19011,0.1918,28639472.0,1748847599999,5475357.67503,37150
DOGEUSDT,1748847600000,0.19181,0.19339,0.19167,0.19187,20873311.0,1748851199999,4016493.65246,29954
DOGEUSDT,1748851200000,0.19187,0.1931,0.19083,0.19114,30532344.0,1748854799999,5856631.09432,41784
DOGEUSDT,1748854800000,0.19115,0.19117,0.18936,0.18968,19501846.0,1748858399999,3705285.17104,42169
DOGEUSDT,1748858400000,0.18968,0.19099,0.18922,0.19009,29192259.0,1748861999999,5545869.01923,33286
DOGEUSDT,1748862000000,0.19009,0.19046,0.18851,0.18928,17694089.0,1748865599999,3354590.80371,31513
DOGEUSDT,1748865600000,0.18927,0.1905,0.1886,0.19044,16434581.0,1748869199999,3115319.53602,30319
DOGEUSDT,1748869200000,0.19045,0.19155,0.18903,0.18945,31620798.0,1748872799999,6014598.1606,43120
DOGEUSDT,1748872800000,0.18945,0.19248,0.18846,0.19157,53180755.0,1748876399999,10135976.46813,56969
DOGEUSDT,1748876400000,0.19156,0.19311,0.18989,0.19189,26548566.0,1748879999999,5080302.53501,29485
DOGEUSDT,1748880000000,0.1919,0.19199,0.1903,0.1918,12898024.0,1748883599999,2466898.6327,18374
DOGEUSDT,1748883600000,0.19179,0.19288,0.19082,0.19239,15317544.0,1748887199999,2940559.49683,19071
DOGEUSDT,1748887200000,0.1924,0.19371,0.19099,0.19116,23459938.0,1748890799999,4514907.78938,23785
DOGEUSDT,1748890800000,0.19115,0.19195,0.18883,0.19024,17018137.0,1748894399999,3239661.0213,28903
DOGEUSDT,1748894400000,0.19025,0.19272,0.19023,0.19208,19919998.0,1748897999999,3823888.341,24585
DOGEUSDT,1748898000000,0.19208,0.1936,0.19203,0.19353,14856011.0,1748901599999,2867300.22602,17893
DOGEUSDT,1748901600000,0.19353,0.19642,0.19353,0.19482,41474545.0,1748905199999,8084509.47015,40860
DOGEUSDT,1748905200000,0.19483,0.19599,0.1946,0.19507,24725741.0,1748908799999,4828887.58278,26238
DOGEUSDT,1748908800000,0.19507,0.19797,0.19456,0.1968,69064986.0,1748912399999,13576688.31447,63551
DOGEUSDT,1748912400000,0.1968,0.2003,0.19633,0.19985,74350554.0,1748915999999,14791665.17077,62569
DOGEUSDT,1748916000000,0.19986,0.20051,0.19639,0.19666,67826798.0,1748919599999,13452985.66762,63483
DOGEUSDT,1748919600000,0.19666,0.19695,0.19472,0.1957,46763581.0,1748923199999,9158322.70294,40577
DOGEUSDT,1748923200000,0.1957,0.19583,0.19429,0.19461,18256757.0,1748926799999,3559339.59937,22869
DOGEUSDT,1748926800000,0.19462,0.19646,0.19462,0.19628,14363764.0,1748930399999,2811496.1849,20536
DOGEUSDT,1748930400000,0.19628,0.19642,0.19521,0.1964,12362659.0,1748933999999,2421378.39988,18387
DOGEUSDT,1748934000000,0.1964,0.19648,0.19506,0.19522,15977076.0,1748937599999,3127758.3552,18668
DOGEUSDT,1748937600000,0.19522,0.19542,0.19328,0.19406,28675332.0,1748941199999,5564048.10254,31142
DOGEUSDT,1748941200000,0.19407,0.19525,0.19368,0.19481,15081847.0,1748944799999,2931513.44493,22017
DOGEUSDT,1748944800000,0.19482,0.19569,0.19455,0.19532,13170988.0,1748948399999,2570435.83431,19556
DOGEUSDT,1748948400000,0.19532,0.19595,0.19471,0.19503,10453357.0,1748951999999,2041559.15883,20006
DOGEUSDT,1748952000000,0.19503,0.19592,0.19458,0.19549,13515412.0,1748955599999,2638628.28147,21461
DOGEUSDT,1748955600000,0.19549,0.1965,0.19437,0.19532,47895134.0,1748959199999,9373919.90065,52541
DOGEUSDT,1748959200000,0.19532,0.19838,0.19401,0.19815,51481965.0,1748962799999,10108864.93635,68355
DOGEUSDT,1748962800000,0.19815,0.19868,0.19672,0.19737,53684323.0,1748966399999,10606182.3486,57351
DOGEUSDT,1748966400000,0.19737,0.19758,0.19556,0.19559,29432525.0,1748969999999,5785739.47838,33651
DOGEUSDT,1748970000000,0.19558,0.19693,0.19535,0.19622,13591382.0,1748973599999,2665568.81191,17526
DOGEUSDT,1748973600000,0.19621,0.19624,0.19516,0.19595,11062455.0,1748977199999,2163674.36393,14028
DOGEUSDT,1748977200000,0.19595,0.19739,0.19583,0.1971,18388745.0,1748980799999,3620010.7276,15809
DOGEUSDT,1748980800000,0.19711,0.19717,0.19274,0.19445,22992055.0,1748984399999,4469165.70288,27801
DOGEUSDT,1748984400000,0.19444,0.19499,0.19141,0.19233,22108149.0,1748987999999,4271013.19427,23374
DOGEUSDT,1748988000000,0.19233,0.19461,0.19211,0.19415,22400492.0,1748991599999,4327334.16867,23057
DOGEUSDT,1748991600000,0.19415,0.19422,0.19267,0.19311,19619602.0,1748995199999,3791388.32231,16636
DOGEUSDT,1748995200000,0.19311,0.19394,0.19205,0.19394,23064471.0,1748998799999,4455986.44359,36131
DOGEUSDT,1748998800000,0.19394,0.19594,0.19394,0.19497,23229968.0,1749002399999,4528755.73739,31893
DOGEUSDT,1749002400000,0.19498,0.19614,0.19462,0.19482,14470079.0,1749005999999,2824798.0832,23171
DOGEUSDT,1749006000000,0.19482,0.19705,0.19482,0.19602,21386051.0,1749009599999,4199316.85525,27776
DOGEUSDT,1749009600000,0.19601,0.19668,0.19562,0.19573,11312875.0,1749013199999,2217753.79633,22617
DOGEUSDT,1749013200000,0.19572,0.19645,0.19524,0.19567,15665651.0,1749016799999,3068381.11275,22387
DOGEUSDT,1749016800000,0.19568,0.19626,0.19489,0.1958,13691529.0,1749020399999,2676945.12356,20918
DOGEUSDT,1749020400000,0.19581,0.19625,0.19504,0.19539,8693410.0,1749023999999,1699751.02581,13629
DOGEUSDT,1749024000000,0.1954,0.19658,0.1954,0.19575,9807788.0,1749027599999,1922343.38047,15287
DOGEUSDT,1749027600000,0.19575,0.19669,0.19518,0.19632,11680216.0,1749031199999,2289479.22529,21457
DOGEUSDT,1749031200000,0.19633,0.19667,0.19514,0.19546,19616765.0,1749034799999,3839276.30253,23753
DOGEUSDT,1749034800000,0.19545,0.19573,0.19361,0.19381,23788237.0,1749038399999,4627216.72798,32214
DOGEUSDT,1749038400000,0.19382,0.1944,0.19236,0.19261,30290609.0,1749041999999,5848896.96847,34887
DOGEUSDT,1749042000000,0.1926,0.19337,0.19168,0.19187,26041146.0,1749045599999,5015001.69464,37838
DOGEUSDT,1749045600000,0.19186,0.19256,0.18965,0.19251,47763158.0,1749049199999,9128873.64197,53163
DOGEUSDT,1749049200000,0.1925,0.19359,0.19193,0.19284,35913729.0,1749052799999,6928346.84738,37099
DOGEUSDT,1749052800000,0.19285,0.19293,0.1916,0.19239,15471496.0,1749056399999,2974120.05456,23926
DOGEUSDT,1749056400000,0.19239,0.19247,0.18995,0.19086,18132977.0,1749059999999,3460439.73868,22211
DOGEUSDT,1749060000000,0.19086,0.19152,0.19034,0.19054,8231245.0,1749063599999,1572243.86094,12432
DOGEUSDT,1749063600000,0.19053,0.19084,0.1893,0.18932,10085634.0,1749067199999,1916900.99419,15585
DOGEUSDT,1749067200000,0.18931,0.18945,0.18703,0.18834,29263673.0,1749070799999,5508967.79929,29471
DOGEUSDT,1749070800000,0.18833,0.19027,0.1873,0.18962,14878331.0,1749074399999,2804692.81676,17323
DOGEUSDT,1749074400000,0.18962,0.18968,0.18781,0.1884,13803210.0,1749077999999,2603096.93454,22654
DOGEUSDT,1749078000000,0.18839,0.18879,0.1872,0.18812,16082755.0,1749081599999,3023496.24455,18185
DOGEUSDT,1749081600000,0.18811,0.18936,0.18737,0.1891,19001517.0,1749085199999,3584116.95583,32844
DOGEUSDT,1749085200000,0.18909,0.18971,0.18798,0.1885,9603471.0,1749088799999,1814935.91601,19621
DOGEUSDT,1749088800000,0.1885,0.19079,0.1885,0.18977,20891693.0,1749092399999,3967344.80764,24145
DOGEUSDT,1749092400000,0.18978,0.19033,0.18933,0.19014,7460886.0,1749095999999,1416818.72415,16078
DOGEUSDT,1749096000000,0.19015,0.19073,0.18985,0.19042,6113059.0,1749099599999,1163490.04548,17122
DOGEUSDT,1749099600000,0.19043,0.19064,0.18836,0.18911,22135647.0,1749103199999,4199449.66035,22771
DOGEUSDT,1749103200000,0.18911,0.18992,0.18777,0.18808,24699747.0,1749106799999,4664064.10076,28316
DOGEUSDT,1749106800000,0.18808,0.18981,0.18786,0.18848,25775056.0,1749110399999,4865152.6521,35712
DOGEUSDT,1749110400000,0.18848,0.18926,0.18801,0.18909,13992467.0,1749113999999,2641371.6979,33581
DOGEUSDT,1749114000000,0.1891,0.18983,0.18895,0.18964,10370291.0,1749117599999,1964898.92103,20712
DOGEUSDT,1749117600000,0.18963,0.18991,0.1878,0.18854,19208290.0,1749121199999,3624570.57898,28076
DOGEUSDT,1749121200000,0.18854,0.18943,0.188,0.18939,12834188.0,1749124799999,2421314.4153,23596
DOGEUSDT,1749124800000,0.18938,0.19234,0.18916,0.19178,38134164.0,1749128399999,7287074.01523,53775
DOGEUSDT,1749128400000,0.19178,0.19248,0.18884,0.18911,31217072.0,1749131999999,5958276.96228,53807
DOGEUSDT,1749132000000,0.18911,0.19048,0.18713,0.18983,47499240.0,1749135599999,8961809.90002,67162
DOGEUSDT,1749135600000,0.18982,0.19034,0.18856,0.18932,16330248.0,1749139199999,3097229.36023,26297
DOGEUSDT,1749139200000,0.18932,0.18943,0.1799,0.18106,215052356.0,1749142799999,39333528.00347,156738
DOGEUSDT,1749142800000,0.18106,0.18224,0.17905,0.17976,89456808.0,1749146399999,16157778.32061,65373
DOGEUSDT,1749146400000,0.17976,0.18037,0.17794,0.17879,47282416.0,1749149999999,8471412.20817,53019
DOGEUSDT,1749150000000,0.1788,0.17918,0.17077,0.17394,219802263.0,1749153599999,38287875.11458,122502
DOGEUSDT,1749153600000,0.17394,0.17448,0.168,0.16898,218283291.0,1749157199999,37268450.86393,142064
DOGEUSDT,1749157200000,0.16897,0.17202,0.16861,0.17158,125925072.0,1749160799999,21476472.2128,64849
DOGEUSDT,1749160800000,0.17157,0.17232,0.16973,0.1717,51867628.0,1749164399999,8872235.52359,37837
DOGEUSDT,1749164400000,0.17171,0.17229,0.17098,0.17105,53368567.0,1749167999999,9163722.64423,33339
DOGEUSDT,1749168000000,0.17106,0.17213,0.16943,0.17206,64829779.0,1749171599999,11082127.18109,63430
DOGEUSDT,1749171600000,0.17206,0.17213,0.17106,0.17175,30232121.0,1749175199999,5191329.29788,27853
DOGEUSDT,1749175200000,0.17176,0.17264,0.17044,0.17263,49380683.0,1749178799999,8458289.50577,39957
DOGEUSDT,1749178800000,0.17263,0.17546,0.1721,0.17525,77196754.0,1749182399999,13415330.19031,55200
DOGEUSDT,1749182400000,0.17526,0.17598,0.17435,0.17567,69190345.0,1749185999999,12128068.56084,46074
DOGEUSDT,1749186000000,0.17567,0.17632,0.17449,0.17603,85246348.0,1749189599999,14963064.27728,35980
DOGEUSDT,1749189600000,0.17602,0.17644,0.17472,0.17548,72329441.0,1749193199999,12703366.68889,33300
DOGEUSDT,1749193200000,0.17548,0.17598,0.17467,0.17478,39426304.0,1749196799999,6909892.67027,31181
DOGEUSDT,1749196800000,0.17478,0.17565,0.17478,0.17507,27156223.0,1749200399999,4757688.02323,27595
DOGEUSDT,1749200400000,0.17507,0.17677,0.17506,0.17572,36840248.0,1749203999999,6481774.21673,41420
DOGEUSDT,1749204000000,0.17572,0.17705,0.17572,0.17637,32729281.0,1749207599999,5776172.4871,34753
DOGEUSDT,1749207600000,0.17637,0.17815,0.17621,0.17762,44362623.0,1749211199999,7864943.98495,39160
DOGEUSDT,1749211200000,0.17761,0.18018,0.17733,0.17759,78986752.0,1749214799999,14109923.09066,77464
DOGEUSDT,1749214800000,0.17759,0.18146,0.17759,0.18013,60956407.0,1749218399999,10948013.74598,77620
DOGEUSDT,1749218400000,0.18013,0.18341,0.17954,0.18279,52237002.0,1749221999999,9480886.56518,77064
DOGEUSDT,1749222000000,0.18279,0.18446,0.18077,0.18185,71924178.0,1749225599999,13112260.67224,87877
DOGEUSDT,1749225600000,0.18184,0.18243,0.18006,0.18034,43726333.0,1749229199999,7919689.91768,53678
DOGEUSDT,1749229200000,0.18035,0.18061,0.17858,0.17999,58854888.0,1749232799999,10565603.75002,60328
DOGEUSDT,1749232800000,0.18,0.18015,0.17875,0.1791,19445708.0,1749236399999,3486792.00546,38798
DOGEUSDT,1749236400000,0.1791,0.18025,0.17843,0.17896,22558958.0,1749239999999,4042891.502,32178
DOGEUSDT,1749240000000,0.17897,0.18062,0.1785,0.17963,19917111.0,1749243599999,3579198.49973,27442
DOGEUSDT,1749243600000,0.17963,0.18052,0.17901,0.17993,10786611.0,1749247199999,1938732.04335,16196
DOGEUSDT,1749247200000,0.17994,0.18008,0.1788,0.17942,15451610.0,1749250799999,2769892.74928,20456
DOGEUSDT,1749250800000,0.17941,0.17957,0.17863,0.17878,13180623.0,1749254399999,2359078.8116,10694
DOGEUSDT,1749254400000,0.17878,0.18089,0.17776,0.1808,30593953.0,1749257999999,5478859.60946,34647
DOGEUSDT,1749258000000,0.1808,0.18126,0.17929,0.17984,18957047.0,1749261599999,3414825.8381,31662
DOGEUSDT,1749261600000,0.17984,0.1812,0.17951,0.18099,21621125.0,1749265199999,3893903.07357,24310
DOGEUSDT,1749265200000,0.181,0.18272,0.18069,0.18256,35555697.0,1749268799999,6472815.39109,33142
DOGEUSDT,1749268800000,0.18256,0.18256,0.1815,0.18224,14038960.0,1749272399999,2554905.79551,22273
DOGEUSDT,1749272400000,0.18224,0.18347,0.18191,0.18318,18198363.0,1749275999999,3323899.80717,20795
DOGEUSDT,1749276000000,0.18317,0.18495,0.18229,0.18487,29068412.0,1749279599999,5340814.74919,25927
DOGEUSDT,1749279600000,0.18486,0.18637,0.18391,0.18531,42190767.0,1749283199999,7814761.34031,44519
DOGEUSDT,1749283200000,0.1853,0.18585,0.18429,0.18477,31626099.0,1749286799999,5848651.68044,27225
DOGEUSDT,1749286800000,0.18477,0.18542,0.18466,0.18504,14819915.0,1749290399999,2741815.15445,19052
DOGEUSDT,1749290400000,0.18505,0.18649,0.18486,0.1862,24187130.0,1749293999999,4493599.17653,25690
DOGEUSDT,1749294000000,0.1862,0.18731,0.18584,0.186,28726636.0,1749297599999,5361276.84331,25953
DOGEUSDT,1749297600000,0.18601,0.1873,0.18576,0.18654,23719000.0,1749301199999,4422837.02231,26730
DOGEUSDT,1749301200000,0.18655,0.1887,0.1862,0.18759,37261116.0,1749304799999,6991943.72803,38684
DOGEUSDT,1749304800000,0.18759,0.18768,0.1865,0.18695,14118807.0,1749308399999,2641227.8104,23231
DOGEUSDT,1749308400000,0.18695,0.18753,0.18635,0.18667,19718112.0,1749311999999,3687489.62337,28211
DOGEUSDT,1749312000000,0.18667,0.18733,0.18335,0.18344,43310948.0,1749315599999,8008456.12591,47662
DOGEUSDT,1749315600000,0.18343,0.18434,0.18185,0.18225,44050575.0,1749319199999,8064202.99075,34939
DOGEUSDT,1749319200000,0.18224,0.18367,0.18213,0.18256,20658482.0,1749322799999,3778011.73587,28184
DOGEUSDT,1749322800000,0.18256,0.18382,0.18253,0.18326,16040423.0,1749326399999,2939298.14842,18206
DOGEUSDT,1749326400000,0.18326,0.18439,0.18326,0.18412,12527966.0,1749329999999,2303209.15537,15694
DOGEUSDT,1749330000000,0.18413,0.18506,0.1841,0.18497,8599127.0,1749333599999,1588100.89298,12921
DOGEUSDT,1749333600000,0.18498,0.18642,0.18498,0.18589,16320925.0,1749337199999,3031260.01525,25444
DOGEUSDT,1749337200000,0.1859,0.18593,0.18445,0.18511,14038221.0,1749340799999,2595587.64821,17340
DOGEUSDT,1749340800000,0.1851,0.1851,0.18314,0.18336,26682021.0,1749344399999,4904557.06889,21992
DOGEUSDT,1749344400000,0.18336,0.18488,0.18314,0.18461,14253183.0,1749347999999,2622665.84627,19825
DOGEUSDT,1749348000000,0.18461,0.18466,0.18358,0.18378,23587267.0,1749351599999,4342724.13741,19178
DOGEUSDT,1749351600000,0.18378,0.18386,0.18321,0.18328,14879035.0,1749355199999,2730339.0931,11740
DOGEUSDT,1749355200000,0.18328,0.18443,0.18322,0.18422,12068711.0,1749358799999,2218256.54186,13486
DOGEUSDT,1749358800000,0.18423,0.1847,0.1836,0.18371,10619924.0,1749362399999,1954850.53916,14027
DOGEUSDT,1749362400000,0.18371,0.18483,0.1836,0.18379,11590954.0,1749365999999,2134016.30062,18629
DOGEUSDT,1749366000000,0.18378,0.18439,0.18285,0.183,20556467.0,1749369599999,3771101.08524,15460
DOGEUSDT,1749369600000,0.183,0.18345,0.18272,0.18285,11247274.0,1749373199999,2059051.50643,18449
DOGEUSDT,1749373200000,0.18286,0.18301,0.18046,0.18155,40135481.0,1749376799999,7286196.03199,42240
DOGEUSDT,1749376800000,0.18156,0.18243,0.1813,0.18228,26522616.0,1749380399999,4822788.62686,24642
DOGEUSDT,1749380400000,0.18227,0.18423,0.18223,0.1838,29356706.0,1749383999999,5386751.60598,29950
DOGEUSDT,1749384000000,0.1838,0.18402,0.18259,0.18338,26114129.0,1749387599999,4785072.6507,25065
DOGEUSDT,1749387600000,0.18338,0.18544,0.18242,0.18299,33674930.0,1749391199999,6194350.27721,36525
DOGEUSDT,1749391200000,0.18299,0.18417,0.18282,0.18395,18426237.0,1749394799999,3381843.85082,26311
DOGEUSDT,1749394800000,0.18395,0.18504,0.18386,0.18408,25384114.0,1749398399999,4681702.63816,26331
DOGEUSDT,1749398400000,0.18409,0.18573,0.18388,0.18514,26765929.0,1749401999999,4954369.94554,33445
DOGEUSDT,1749402000000,0.18515,0.18593,0.18462,0.1847,17716955.0,1749405599999,3282737.4941,22441
DOGEUSDT,1749405600000,0.18471,0.18605,0.18455,0.18585,14950706.0,1749409199999,2773500.77286,20260
DOGEUSDT,1749409200000,0.18585,0.18638,0.18551,0.18611,11126861.0,1749412799999,2069569.50193,15280
DOGEUSDT,1749412800000,0.18611,0.18676,0.18534,0.18556,14366628.0,1749416399999,2673636.52844,17220
DOGEUSDT,1749416400000,0.18556,0.18699,0.18546,0.18636,12176365.0,1749419999999,2266054.3952,13640
DOGEUSDT,1749420000000,0.18637,0.18658,0.1837,0.18389,20789566.0,1749423599999,3839998.89866,30722
DOGEUSDT,1749423600000,0.18388,0.18452,0.18367,0.18418,12026934.0,1749427199999,2213578.90403,23497
DOGEUSDT,1749427200000,0.18417,0.18462,0.18297,0.18368,19936700.0,1749430799999,3664853.44982,36636
DOGEUSDT,1749430800000,0.18368,0.18373,0.18206,0.18237,29240141.0,1749434399999,5349987.77618,25065
DOGEUSDT,1749434400000,0.18236,0.18324,0.18195,0.1823,14927884.0,1749437999999,2724407.70887,18513
DOGEUSDT,1749438000000,0.1823,0.18283,0.18122,0.18266,17403614.0,1749441599999,3164788.34582,19649
DOGEUSDT,1749441600000,0.18266,0.18283,0.18124,0.18146,18256603.0,1749445199999,3321602.91843,16099
DOGEUSDT,1749445200000,0.18146,0.18176,0.18056,0.1807,24088966.0,1749448799999,4360450.88768,23357
DOGEUSDT,1749448800000,0.18069,0.18214,0.18022,0.18195,24678910.0,1749452399999,4471191.18817,16922
DOGEUSDT,1749452400000,0.18194,0.18194,0.18073,0.18151,18064521.0,1749455999999,3276308.33218,20835
DOGEUSDT,1749456000000,0.18151,0.18231,0.18082,0.18222,12051995.0,1749459599999,2187757.18403,17331
DOGEUSDT,1749459600000,0.18222,0.18584,0.18181,0.1844,41853171.0,1749463199999,7700566.34271,46242
DOGEUSDT,1749463200000,0.1844,0.18646,0.1837,0.18597,77989683.0,1749466799999,14448453.34392,59486
DOGEUSDT,1749466800000,0.18598,0.18741,0.18507,0.18638,44960376.0,1749470399999,8365376.48725,49209
DOGEUSDT,1749470400000,0.18638,0.18659,0.18493,0.1856,27325415.0,1749473999999,5069946.39656,27966
DOGEUSDT,1749474000000,0.1856,0.18567,0.1825,0.18301,38230445.0,1749477599999,7041514.82313,44528
DOGEUSDT,1749477600000,0.18301,0.18482,0.18264,0.18393,31606574.0,1749481199999,5812153.37999,41497
DOGEUSDT,1749481200000,0.18393,0.18578,0.18376,0.18448,26316874.0,1749484799999,4867402.87674,38802
DOGEUSDT,1749484800000,0.18448,0.187,0.18448,0.18572,48033558.0,1749488399999,8930996.27019,45000
DOGEUSDT,1749488400000,0.18571,0.18759,0.18558,0.18719,47395335.0,1749491999999,8862507.32033,44004
DOGEUSDT,1749492000000,0.18719,0.18793,0.18652,0.18724,22324695.0,1749495599999,4182175.97354,29663
DOGEUSDT,1749495600000,0.18724,0.18775,0.18593,0.18652,19688141.0,1749499199999,3681193.14542,26455
DOGEUSDT,1749499200000,0.18652,0.18741,0.18652,0.18691,9380771.0,1749502799999,1754453.88939,14743
DOGEUSDT,1749502800000,0.18692,0.19612,0.18692,0.19371,145791040.0,1749506399999,27991254.41883,118466
DOGEUSDT,1749506400000,0.19371,0.19572,0.19371,0.19505,63365378.0,1749509999999,12326570.78077,62065
DOGEUSDT,1749510000000,0.19506,0.1952,0.19316,0.1949,38791886.0,1749513599999,7533738.98212,40278
DOGEUSDT,1749513600000,0.1949,0.19623,0.19409,0.19513,57412956.0,1749517199999,11217854.2314,63355
DOGEUSDT,1749517200000,0.19512,0.19582,0.19425,0.19502,30495014.0,1749520799999,5953846.82082,39163
DOGEUSDT,1749520800000,0.19502,0.19504,0.19334,0.19439,30144981.0,1749524399999,5850385.57818,37535
DOGEUSDT,1749524400000,0.1944,0.19469,0.19282,0.19364,27071458.0,1749527999999,5238224.5347,30196
DOGEUSDT,1749528000000,0.19364,0.19395,0.1924,0.19322,23818866.0,1749531599999,4596761.80357,27418
DOGEUSDT,1749531600000,0.19323,0.19354,0.19027,0.1912,41365938.0,1749535199999,7920961.06945,49915
DOGEUSDT,1749535200000,0.1912,0.19175,0.18992,0.19135,36078576.0,1749538799999,6887271.00549,36552
DOGEUSDT,1749538800000,0.19136,0.19154,0.19014,0.19102,37005947.0,1749542399999,7061065.81404,40312
DOGEUSDT,1749542400000,0.19102,0.1915,0.18971,0.18997,21519477.0,1749545999999,4098492.65563,33485
DOGEUSDT,1749546000000,0.18996,0.19216,0.18965,0.19212,39916033.0,1749549599999,7627686.13483,44296
DOGEUSDT,1749549600000,0.19211,0.19239,0.19013,0.19106,18900678.0,1749553199999,3615038.23831,26945
DOGEUSDT,1749553200000,0.19106,0.19596,0.1902,0.19481,96715657.0,1749556799999,18768337.69528,93795
DOGEUSDT,1749556800000,0.1948,0.19736,0.19367,0.19692,68253711.0,1749560399999,13363797.43434,85630
DOGEUSDT,1749560400000,0.19691,0.19755,0.19198,0.19316,94028255.0,1749563999999,18284888.4581,107603
DOGEUSDT,1749564000000,0.19317,0.19328,0.18999,0.19061,46945600.0,1749567599999,8986555.37367,70456
DOGEUSDT,1749567600000,0.19061,0.19221,0.1888,0.1911,42988301.0,1749571199999,8190783.94778,54040
DOGEUSDT,1749571200000,0.19109,0.19184,0.18997,0.19055,20061172.0,1749574799999,3830419.70055,25731
DOGEUSDT,1749574800000,0.19054,0.19193,0.19053,0.19087,12465635.0,1749578399999,2382647.78329,16030
DOGEUSDT,1749578400000,0.19088,0.19408,0.19038,0.19377,21240788.0,1749581999999,4086954.19899,24884
DOGEUSDT,1749582000000,0.19376,0.1966,0.19376,0.19462,52830866.0,1749585599999,10301329.59718,49351
DOGEUSDT,1749585600000,0.19462,0.19538,0.19326,0.19518,21389496.0,1749589199999,4151445.42821,25710
DOGEUSDT,1749589200000,0.19519,0.19563,0.19335,0.19439,24361551.0,1749592799999,4736651.84675,23517
DOGEUSDT,1749592800000,0.1944,0.19694,0.19435,0.19615,38718509.0,1749596399999,7588200.60134,34155
DOGEUSDT,1749596400000,0.19615,0.19876,0.19613,0.1985,78635564.0,1749599999999,15530795.59983,48846
DOGEUSDT,1749600000000,0.19851,0.19905,0.196,0.19617,40933122.0,1749603599999,8084161.65298,65012
DOGEUSDT,1749603600000,0.19617,0.19637,0.19465,0.19509,30229947.0,1749607199999,5904016.56552,47461
DOGEUSDT,1749607200000,0.19509,0.19675,0.19492,0.19574,20320878.0,1749610799999,3976117.90813,34894
DOGEUSDT,1749610800000,0.19574,0.19899,0.19561,0.19765,33590226.0,1749614399999,6645361.18485,49379
DOGEUSDT,1749614400000,0.19765,0.1987,0.19689,0.19834,24390983.0,1749617999999,4822842.49931,24766
DOGEUSDT,1749618000000,0.19834,0.19848,0.1971,0.19748,18304644.0,1749621599999,3617383.66298,26694
DOGEUSDT,1749621600000,0.19747,0.19875,0.19695,0.19841,17213787.0,1749625199999,3405103.37923,26625
DOGEUSDT,1749625200000,0.19841,0.20672,0.19786,0.20249,177799502.0,1749628799999,36023869.1631,157799
DOGEUSDT,1749628800000,0.20248,0.20396,0.20177,0.202,67321539.0,1749632399999,13672850.2728,73066
DOGEUSDT,1749632400000,0.20201,0.20239,0.19889,0.19928,47136229.0,1749635999999,9461156.93433,65206
DOGEUSDT,1749636000000,0.19929,0.20079,0.19896,0.20078,27916650.0,1749639599999,5582576.32681,41874
DOGEUSDT,1749639600000,0.20078,0.201,0.19821,0.19912,37537059.0,1749643199999,7484641.16197,39787
DOGEUSDT,1749643200000,0.19912,0.2026,0.19831,0.20124,97696353.0,1749646799999,19576240.40233,95216
DOGEUSDT,1749646800000,0.20124,0.20201,0.19915,0.19974,42140468.0,1749650399999,8455858.4125,65802
DOGEUSDT,1749650400000,0.19975,0.20313,0.19964,0.20199,56224771.0,1749653999999,11348120.58739,55629
DOGEUSDT,1749654000000,0.202,0.2035,0.20091,0.20321,49425410.0,1749657599999,10003976.39853,47824
DOGEUSDT,1749657600000,0.2032,0.20404,0.20206,0.20287,52923450.0,1749661199999,10744446.48345,50538
DOGEUSDT,1749661200000,0.20287,0.20287,0.1983,0.19845,45053777.0,1749664799999,9033908.02742,42456
DOGEUSDT,1749664800000,0.19845,0.19857,0.19567,0.19594,60628782.0,1749668399999,11924035.74908,70758
DOGEUSDT,1749668400000,0.19595,0.1961,0.19416,0.19505,41699956.0,1749671999999,8130006.75318,37808
DOGEUSDT,1749672000000,0.19504,0.19646,0.19369,0.19572,25694747.0,1749675599999,5020067.49737,25250
DOGEUSDT,1749675600000,0.19573,0.19722,0.19243,0.19318,31920204.0,1749679199999,6218048.00911,30884
DOGEUSDT,1749679200000,0.19317,0.19382,0.19125,0.19224,51530850.0,1749682799999,9905081.52175,51057
DOGEUSDT,1749682800000,0.19224,0.19312,0.19209,0.19294,25076314.0,1749686399999,4835708.25444,14415
DOGEUSDT,1749686400000,0.19294,0.19368,0.19128,0.19306,34603673.0,1749689999999,6670941.14217,48727
DOGEUSDT,1749690000000,0.19306,0.19309,0.19066,0.19242,26742558.0,1749693599999,5129223.06778,41159
DOGEUSDT,1749693600000,0.19242,0.19297,0.19131,0.19205,23442318.0,1749697199999,4503077.38777,34171
DOGEUSDT,1749697200000,0.19205,0.1921,0.19009,0.19071,37133382.0,1749700799999,7089712.58062,41077
DOGEUSDT,1749700800000,0.19072,0.19104,0.1894,0.19041,40558532.0,1749704399999,7706425.11433,39559
DOGEUSDT,1749704400000,0.1904,0.19103,0.18928,0.19081,31295519.0,1749707999999,5952132.81912,27512
DOGEUSDT,1749708000000,0.1908,0.19135,0.18968,0.19085,34236554.0,1749711599999,6527920.52571,30156
DOGEUSDT,1749711600000,0.19085,0.19129,0.18903,0.18955,28835638.0,1749715199999,5482782.35311,34217
DOGEUSDT,1749715200000,0.18954,0.19016,0.1887,0.19002,23528999.0,1749718799999,4457042.20651,30184
DOGEUSDT,1749718800000,0.19002,0.1903,0.18929,0.18943,13180527.0,1749722399999,2502042.47013,17842
DOGEUSDT,1749722400000,0.18944,0.18954,0.1876,0.18856,41218797.0,1749725999999,7763457.20874,52091
DOGEUSDT,1749726000000,0.18856,0.18873,0.1864,0.18714,57965008.0,1749729599999,10863814.63862,50809
DOGEUSDT,1749729600000,0.18714,0.18889,0.18666,0.18797,60060853.0,1749733199999,11283936.74551,40016
DOGEUSDT,1749733200000,0.18796,0.18855,0.18701,0.1882,32327850.0,1749736799999,6074858.14341,38759
DOGEUSDT,1749736800000,0.1882,0.18991,0.1882,0.1893,51308957.0,1749740399999,9708761.03145,35181
DOGEUSDT,1749740400000,0.1893,0.18989,0.18556,0.1859,59951231.0,1749743999999,11250777.51817,57813
DOGEUSDT,1749744000000,0.18589,0.18848,0.18563,0.18786,35346550.0,1749747599999,6617605.88485,42448
DOGEUSDT,1749747600000,0.18786,0.19011,0.18764,0.1896,27370607.0,1749751199999,5178697.59432,32981
DOGEUSDT,1749751200000,0.18961,0.18975,0.18601,0.18736,26822481.0,1749754799999,5034474.47793,28489
DOGEUSDT,1749754800000,0.18737,0.18789,0.18379,0.18474,46263897.0,1749758399999,8584549.74486,41408
DOGEUSDT,1749758400000,0.18474,0.18567,0.18,0.18141,85692433.0,1749761999999,15640010.04216,81633
DOGEUSDT,1749762000000,0.1814,0.18267,0.18048,0.18058,43256358.0,1749765599999,7851409.17096,42889
DOGEUSDT,1749765600000,0.18057,0.18183,0.18039,0.18078,30710789.0,1749769199999,5559733.07211,30341
DOGEUSDT,1749769200000,0.18077,0.18245,0.18067,0.1811,40786980.0,1749772799999,7408147.00287,26930
DOGEUSDT,1749772800000,0.18111,0.18148,0.1705,0.1732,355906663.0,1749776399999,62263980.81539,249305
DOGEUSDT,1749776400000,0.17321,0.17322,0.16987,0.17221,183126964.0,1749779999999,31395119.68091,159801
DOGEUSDT,1749780000000,0.1722,0.1726,0.17016,0.17163,83944835.0,1749783599999,14390034.12393,87232
DOGEUSDT,1749783600000,0.17164,0.17515,0.1715,0.17436,67403740.0,1749787199999,11702210.73746,66971
DOGEUSDT,1749787200000,0.17436,0.17437,0.17248,0.17338,36435186.0,1749790799999,6313511.90723,44776
DOGEUSDT,1749790800000,0.17337,0.17349,0.17261,0.17263,28269243.0,1749794399999,4891223.75172,39867
DOGEUSDT,1749794400000,0.17263,0.17422,0.1715,0.17422,40906394.0,1749797999999,7053313.04214,50585
DOGEUSDT,1749798000000,0.17423,0.17458,0.17295,0.1744,38237926.0,1749801599999,6648818.34568,46115
DOGEUSDT,1749801600000,0.17439,0.17642,0.17402,0.17448,74609970.0,1749805199999,13084908.99181,59580
DOGEUSDT,1749805200000,0.17447,0.17477,0.17348,0.17431,47824465.0,1749808799999,8325551.2406,47265
DOGEUSDT,1749808800000,0.17431,0.17506,0.17316,0.17504,33774893.0,1749812399999,5876192.16609,44438
DOGEUSDT,1749812400000,0.17505,0.17587,0.17409,0.1757,40402650.0,1749815999999,7069516.61354,37312
DOGEUSDT,1749816000000,0.1757,0.17618,0.17445,0.17466,37195171.0,1749819599999,6531116.66367,47072
DOGEUSDT,1749819600000,0.17466,0.17651,0.17425,0.17513,36313797.0,1749823199999,6361190.6022,48899
DOGEUSDT,1749823200000,0.17514,0.17618,0.17372,0.17562,52684565.0,1749826799999,9208303.80595,42645
DOGEUSDT,1749826800000,0.17563,0.17874,0.17527,0.17784,60058094.0,1749830399999,10658018.41381,56205
DOGEUSDT,1749830400000,0.17785,0.17993,0.17701,0.17906,56590313.0,1749833999999,10100790.96732,47945
DOGEUSDT,1749834000000,0.17906,0.17906,0.17672,0.17842,32511756.0,1749837599999,5781099.15346,32305
DOGEUSDT,1749837600000,0.17841,0.17879,0.17559,0.17668,29558165.0,1749841199999,5227056.88447,36889
DOGEUSDT,1749841200000,0.17669,0.17771,0.17573,0.17654,23667320.0,1749844799999,4176042.21391,27403
DOGEUSDT,1749844800000,0.17654,0.17861,0.17611,0.17805,18348406.0,1749848399999,3251781.5989,23513
DOGEUSDT,1749848400000,0.17805,0.17912,0.17762,0.17868,11872931.0,1749851999999,2117494.64502,13379
DOGEUSDT,1749852000000,0.17869,0.17967,0.17857,0.17954,14788344.0,1749855599999,2648652.40429,14497
DOGEUSDT,1749855600000,0.17954,0.18044,0.1792,0.1804,25529864.0,1749859199999,4592998.63189,15134
DOGEUSDT,1749859200000,0.18041,0.18044,0.17854,0.17875,38320537.0,1749862799999,6877844.25273,40554
DOGEUSDT,1749862800000,0.17874,0.17874,0.17745,0.17758,33411310.0,1749866399999,5945602.10523,30677
DOGEUSDT,1749866400000,0.17758,0.17809,0.17701,0.1774,12663862.0,1749869999999,2246861.04795,17121
DOGEUSDT,1749870000000,0.1774,0.17825,0.1773,0.1778,23950251.0,1749873599999,4256627.35894,17195
DOGEUSDT,1749873600000,0.17781,0.179,0.17775,0.17817,112739126.0,1749877199999,20107892.28599,42137
DOGEUSDT,1749877200000,0.17817,0.1783,0.17744,0.17789,14146695.0,1749880799999,2515022.4166,15105
DOGEUSDT,1749880800000,0.17789,0.1781,0.17656,0.17658,24232348.0,1749884399999,4297018.74895,16619
DOGEUSDT,1749884400000,0.17658,0.17695,0.1756,0.17662,25750006.0,1749887999999,4536732.83744,18355
DOGEUSDT,1749888000000,0.17662,0.17705,0.17598,0.17699,11858131.0,1749891599999,2092955.1894,15900
DOGEUSDT,1749891600000,0.177,0.17705,0.17619,0.17627,12596885.0,1749895199999,2224679.89441,14983
DOGEUSDT,1749895200000,0.17628,0.17725,0.17603,0.177,16016629.0,1749898799999,2827088.49429,15862
DOGEUSDT,1749898800000,0.17701,0.17798,0.17693,0.17791,15241809.0,1749902399999,2705958.5021,15537
DOGEUSDT,1749902400000,0.1779,0.178,0.17691,0.17792,11615403.0,1749905999999,2061105.85611,16750
DOGEUSDT,1749906000000,0.17792,0.1784,0.17724,0.17789,12706259.0,1749909599999,2261720.18126,17654
DOGEUSDT,1749909600000,0.17788,0.17832,0.17731,0.17757,10427761.0,1749913199999,1854701.46574,15905
DOGEUSDT,1749913200000,0.17758,0.1778,0.17572,0.17673,24948061.0,1749916799999,4400046.19407,27205
DOGEUSDT,1749916800000,0.17673,0.17727,0.17459,0.17528,34615698.0,1749920399999,6076941.44205,39369
DOGEUSDT,1749920400000,0.17527,0.17754,0.17515,0.17723,25017424.0,1749923999999,4417991.39583,27909
DOGEUSDT,1749924000000,0.17722,0.17828,0.17555,0.17672,20695063.0,1749927599999,3652177.61459,28731
DOGEUSDT,1749927600000,0.17672,0.17731,0.17606,0.17609,10198411.0,1749931199999,1802230.11411,21666
DOGEUSDT,1749931200000,0.1761,0.17677,0.1752,0.17672,13517904.0,1749934799999,2378958.01272,28050
DOGEUSDT,1749934800000,0.17673,0.17845,0.17647,0.17816,16875408.0,1749938399999,2995472.87329,16019
DOGEUSDT,1749938400000,0.17817,0.17856,0.17717,0.17766,13314344.0,1749941999999,2367544.06981,16943
DOGEUSDT,1749942000000,0.17766,0.1785,0.1776,0.17824,6854360.0,1749945599999,1220903.22408,10177
DOGEUSDT,1749945600000,0.17825,0.17852,0.1777,0.17851,10363082.0,1749949199999,1846065.12865,12515
DOGEUSDT,1749949200000,0.1785,0.17871,0.17733,0.17743,12238030.0,1749952799999,2178706.67739,14174
DOGEUSDT,1749952800000,0.17742,0.17817,0.17742,0.17748,6289022.0,1749956399999,1118473.67884,8728
DOGEUSDT,1749956400000,0.17748,0.17806,0.17739,0.17765,6491182.0,1749959999999,1153393.1968,10348
DOGEUSDT,1749960000000,0.17765,0.17846,0.17756,0.17835,8678602.0,1749963599999,1545338.9926,10657
DOGEUSDT,1749963600000,0.17835,0.17835,0.176,0.17777,106441728.0,1749967199999,18844707.45387,34932
DOGEUSDT,1749967200000,0.17777,0.178,0.17607,0.1762,19864928.0,1749970799999,3514526.78616,19564
DOGEUSDT,1749970800000,0.1762,0.1762,0.17525,0.17559,28612374.0,1749974399999,5029128.84327,16586
DOGEUSDT,1749974400000,0.17559,0.17571,0.17453,0.17499,22920482.0,1749977999999,4010530.46682,15530
DOGEUSDT,1749978000000,0.17499,0.17499,0.17361,0.17372,18086795.0,1749981599999,3149355.68677,22154
DOGEUSDT,1749981600000,0.17373,0.17512,0.17367,0.17472,20575300.0,1749985199999,3591673.11609,19354
DOGEUSDT,1749985200000,0.17471,0.17493,0.17373,0.17424,15252022.0,1749988799999,2657543.66349,16979
DOGEUSDT,1749988800000,0.17424,0.1754,0.17387,0.17528,20053063.0,1749992399999,3501240.31635,18507
DOGEUSDT,1749992400000,0.17528,0.17636,0.17481,0.17628,22985074.0,1749995999999,4035448.14775,25522
DOGEUSDT,1749996000000,0.17629,0.17741,0.17491,0.17692,30324998.0,1749999599999,5334118.38791,32002
DOGEUSDT,1749999600000,0.17692,0.17708,0.17575,0.17595,39585990.0,1750003199999,6981660.84325,29880
DOGEUSDT,1750003200000,0.17595,0.17661,0.17537,0.17625,19795424.0,1750006799999,3483179.44236,21933
DOGEUSDT,1750006800000,0.17624,0.1768,0.17532,0.17643,10769245.0,1750010399999,1895952.81928,16410
DOGEUSDT,1750010400000,0.17643,0.17651,0.17403,0.17488,19921293.0,1750013999999,3483250.29699,24174
DOGEUSDT,1750014000000,0.17487,0.17547,0.17268,0.17367,32490772.0,1750017599999,5653024.98105,29209
DOGEUSDT,1750017600000,0.17368,0.17368,0.17142,0.17255,36989607.0,1750021199999,6376844.80142,38836
DOGEUSDT,1750021200000,0.17255,0.17371,0.17194,0.17356,27821207.0,1750024799999,4813460.10036,20527
DOGEUSDT,1750024800000,0.17356,0.17566,0.17328,0.17504,23371297.0,1750028399999,4085960.57494,37134
DOGEUSDT,1750028400000,0.17504,0.17594,0.17477,0.17553,9642890.0,1750031999999,1691395.33204,19287
DOGEUSDT,1750032000000,0.17554,0.17584,0.17456,0.17492,20861068.0,1750035599999,3653538.64947,28824
DOGEUSDT,1750035600000,0.17493,0.17605,0.17281,0.176,92280357.0,1750039199999,16087923.71614,54243
DOGEUSDT,1750039200000,0.17599,0.17683,0.17578,0.17607,32910106.0,1750042799999,5801944.48956,35403
DOGEUSDT,1750042800000,0.17608,0.17697,0.17587,0.17592,13430590.0,1750046399999,2368255.51463,21405
DOGEUSDT,1750046400000,0.17593,0.17749,0.17591,0.17702,39231234.0,1750049999999,6935102.2073,29911
DOGEUSDT,1750050000000,0.17702,0.17851,0.17671,0.1775,36679738.0,1750053599999,6517334.32223,30618
DOGEUSDT,1750053600000,0.17751,0.17783,0.17706,0.17735,49323742.0,1750057199999,8753685.17934,26119
DOGEUSDT,1750057200000,0.17735,0.17885,0.17735,0.17833,36392565.0,1750060799999,6485249.14602,23799
DOGEUSDT,1750060800000,0.17834,0.1784,0.17734,0.17779,18841496.0,1750064399999,3349041.49875,18660
DOGEUSDT,1750064400000,0.17779,0.17784,0.17689,0.17711,22242688.0,1750067999999,3947437.86794,19429
DOGEUSDT,1750068000000,0.17711,0.17783,0.17643,0.17678,19169872.0,1750071599999,3395174.75452,17000
DOGEUSDT,1750071600000,0.17678,0.17705,0.17534,0.1767,46633485.0,1750075199999,8221187.3444,28962
DOGEUSDT,1750075200000,0.17671,0.1773,0.17626,0.17684,31467314.0,1750078799999,5562853.33413,28347
DOGEUSDT,1750078800000,0.17684,0.17807,0.17643,0.17795,36730941.0,1750082399999,6501854.48261,44846
DOGEUSDT,1750082400000,0.17794,0.17946,0.17713,0.17806,53412172.0,1750085999999,9531225.95611,51034
DOGEUSDT,1750086000000,0.17807,0.17866,0.17723,0.17756,34594370.0,1750089599999,6157649.43045,45441
DOGEUSDT,1750089600000,0.17756,0.1792,0.17726,0.1787,37962492.0,1750093199999,6771807.09943,30914
DOGEUSDT,1750093200000,0.17869,0.17933,0.17817,0.17874,24179286.0,1750096799999,4325022.58749,31844
DOGEUSDT,1750096800000,0.17874,0.18003,0.17864,0.17995,23815762.0,1750100399999,4272042.01717,20837
DOGEUSDT,1750100400000,0.17996,0.18115,0.17956,0.17995,39311885.0,1750103999999,7089623.73001,34288
DOGEUSDT,1750104000000,0.17995,0.18037,0.17868,0.17981,33395743.0,1750107599999,5996221.88665,27030
DOGEUSDT,1750107600000,0.17982,0.18009,0.17878,0.17948,18050318.0,1750111199999,3238506.7154,14870
DOGEUSDT,1750111200000,0.17949,0.18014,0.17393,0.17556,73629970.0,1750114799999,12979360.79237,72581
DOGEUSDT,1750114800000,0.17555,0.17658,0.17209,0.17272,65448299.0,1750118399999,11422936.09279,63095
DOGEUSDT,1750118400000,0.17271,0.17434,0.16851,0.17426,166478123.0,1750121999999,28486993.40861,146196
DOGEUSDT,1750122000000,0.17427,0.17498,0.17319,0.17427,25649143.0,1750125599999,4464878.44878,40570
DOGEUSDT,1750125600000,0.17426,0.17573,0.17273,0.17537,28922176.0,1750129199999,5035185.77683,37772
DOGEUSDT,1750129200000,0.17538,0.17612,0.17468,0.17525,20625740.0,1750132799999,3615190.78376,32414
DOGEUSDT,1750132800000,0.17525,0.17547,0.17389,0.17428,19257584.0,1750136399999,3361885.95219,22883
DOGEUSDT,1750136400000,0.17427,0.17458,0.1733,0.17375,15368595.0,1750139999999,2674753.97441,21913
DOGEUSDT,1750140000000,0.17375,0.17439,0.1731,0.17358,15782064.0,1750143599999,2739746.25583,22960
DOGEUSDT,1750143600000,0.17359,0.17412,0.1732,0.17382,17107174.0,1750147199999,2973908.79901,18593
DOGEUSDT,1750147200000,0.17381,0.17406,0.17226,0.17247,19863045.0,1750150799999,3437732.26111,25932
DOGEUSDT,1750150800000,0.17246,0.17287,0.1716,0.17238,29488646.0,1750154399999,5078811.60632,30870
DOGEUSDT,1750154400000,0.17238,0.17238,0.17056,0.17174,26274277.0,1750157999999,4504283.0856,30792
DOGEUSDT,1750158000000,0.17173,0.17176,0.17068,0.17137,25140134.0,1750161599999,4301014.51994,25146
DOGEUSDT,1750161600000,0.17138,0.17229,0.1709,0.1712,18584115.0,1750165199999,3192261.23381,29200
DOGEUSDT,1750165200000,0.17119,0.17231,0.17091,0.17139,33334443.0,1750168799999,5719986.74654,35977
DOGEUSDT,1750168800000,0.17139,0.17238,0.17016,0.17038,27586499.0,1750172399999,4728244.83989,35159
DOGEUSDT,1750172400000,0.17037,0.17039,0.16647,0.16791,121774539.0,1750175999999,20486495.51567,97863
DOGEUSDT,1750176000000,0.16791,0.16815,0.16413,0.16414,98354559.0,1750179599999,16345643.10632,81393
DOGEUSDT,1750179600000,0.16413,0.16755,0.16392,0.16652,57052934.0,1750183199999,9462045.88118,53838
DOGEUSDT,1750183200000,0.16651,0.169,0.16637,0.16899,24650979.0,1750186799999,4132624.69551,20513
DOGEUSDT,1750186800000,0.16899,0.1715,0.1688,0.17037,32262587.0,1750190399999,5496576.66972,34788
DOGEUSDT,1750190400000,0.17036,0.17086,0.16938,0.16956,22118740.0,1750193999999,3759515.81863,20668
DOGEUSDT,1750194000000,0.16955,0.17061,0.1685,0.16962,29114976.0,1750197599999,4936542.38945,21340
DOGEUSDT,1750197600000,0.16963,0.1701,0.16834,0.16854,18217020.0,1750201199999,3086670.40818,17326
DOGEUSDT,1750201200000,0.16854,0.17023,0.16853,0.16936,9745742.0,1750204799999,1652773.39899,10941
DOGEUSDT,1750204800000,0.16936,0.17059,0.16911,0.17025,19341175.0,1750208399999,3285554.72825,22456
DOGEUSDT,1750208400000,0.17026,0.17178,0.17025,0.1704,30023045.0,1750211999999,5133063.4558,25447
DOGEUSDT,1750212000000,0.1704,0.17065,0.16958,0.16976,19522084.0,1750215599999,3320652.03697,21322
DOGEUSDT,1750215600000,0.16975,0.17098,0.16969,0.17064,9307365.0,1750219199999,1587220.98604,12640
DOGEUSDT,1750219200000,0.17065,0.17222,0.17064,0.17162,15376433.0,1750222799999,2637160.92915,15303
DOGEUSDT,1750222800000,0.17163,0.17199,0.17131,0.17136,10475268.0,1750226399999,1797884.56301,14007
DOGEUSDT,1750226400000,0.17136,0.1715,0.17,0.17043,18174195.0,1750229999999,3101559.15276,18225
DOGEUSDT,1750230000000,0.17042,0.17125,0.17026,0.17119,12720985.0,1750233599999,2172369.84129,18575
DOGEUSDT,1750233600000,0.17118,0.17173,0.16999,0.1705,21599086.0,1750237199999,3690366.4351,16793
DOGEUSDT,1750237200000,0.17051,0.17092,0.16953,0.16969,18975002.0,1750240799999,3228250.59277,16655
DOGEUSDT,1750240800000,0.1697,0.16979,0.1662,0.16678,52228406.0,1750244399999,8777117.46189,51315
DOGEUSDT,1750244400000,0.16678,0.16908,0.16666,0.16871,28665830.0,1750247999999,4812940.85529,38964
DOGEUSDT,1750248000000,0.16872,0.16876,0.16718,0.16738,17696586.0,1750251599999,2973448.79426,22048
DOGEUSDT,1750251600000,0.16739,0.16747,0.16405,0.16671,82085866.0,1750255199999,13586387.21433,73711
DOGEUSDT,1750255200000,0.16671,0.16948,0.16636,0.16743,63186015.0,1750258799999,10629327.68809,71422
DOGEUSDT,1750258800000,0.16743,0.16875,0.16642,0.16817,37057871.0,1750262399999,6216865.47634,38496
DOGEUSDT,1750262400000,0.16817,0.16834,0.16682,0.16725,17620111.0,1750265999999,2950554.48133,25340
DOGEUSDT,1750266000000,0.16724,0.16814,0.16567,0.16767,26959139.0,1750269599999,4497492.80219,37829
DOGEUSDT,1750269600000,0.16767,0.16895,0.16544,0.16554,63582456.0,1750273199999,10651629.28361,58034
DOGEUSDT,1750273200000,0.16554,0.16832,0.16524,0.16699,45714722.0,1750276799999,7641788.14696,35850
DOGEUSDT,1750276800000,0.167,0.17116,0.16622,0.17055,27865627.0,1750280399999,4718135.89211,26258
DOGEUSDT,1750280400000,0.17056,0.17137,0.16942,0.17097,24858761.0,1750283999999,4236723.77805,18440
DOGEUSDT,1750284000000,0.17096,0.17158,0.17028,0.17041,10228658.0,1750287599999,1746614.10316,12355
DOGEUSDT,1750287600000,0.17042,0.17111,0.16977,0.17068,6327833.0,1750291199999,1079308.80984,7241
DOGEUSDT,1750291200000,0.17069,0.17204,0.16991,0.17086,16584980.0,1750294799999,2838434.61771,22369
DOGEUSDT,1750294800000,0.17087,0.17092,0.16946,0.16974,17158649.0,1750298399999,2916516.14981,20196
DOGEUSDT,1750298400000,0.16975,0.17071,0.16934,0.16989,12106819.0,1750301999999,2057263.59797,13253
DOGEUSDT,1750302000000,0.16989,0.171,0.16989,0.17091,8046989.0,1750305599999,1373160.73789,8973
DOGEUSDT,1750305600000,0.17091,0.171,0.17017,0.17089,7976546.0,1750309199999,1361401.66414,9316
DOGEUSDT,1750309200000,0.17089,0.17152,0.17062,0.17072,18479657.0,1750312799999,3162999.43081,13448
DOGEUSDT,1750312800000,0.17071,0.17116,0.17,0.17017,9846669.0,1750316399999,1676859.59335,10268
DOGEUSDT,1750316400000,0.17017,0.1709,0.1699,0.16999,6973127.0,1750319999999,1188585.4701,8388
DOGEUSDT,1750320000000,0.16998,0.17082,0.16997,0.17,9774672.0,1750323599999,1664931.29968,10983
DOGEUSDT,1750323600000,0.17001,0.17085,0.16979,0.17046,13645233.0,1750327199999,2323720.76446,13922
DOGEUSDT,1750327200000,0.17047,0.17059,0.16928,0.16952,12722265.0,1750330799999,2162701.13562,13537
DOGEUSDT,1750330800000,0.16952,0.16952,0.16853,0.16896,21751087.0,1750334399999,3674307.76252,19033
DOGEUSDT,1750334400000,0.16897,0.16959,0.16843,0.16952,22661741.0,1750337999999,3834703.99737,19610
DOGEUSDT,1750338000000,0.16952,0.16999,0.16822,0.16837,24316675.0,1750341599999,4116670.98396,21594
DOGEUSDT,1750341600000,0.16838,0.16933,0.16773,0.16815,16481702.0,1750345199999,2775892.46366,18619
DOGEUSDT,1750345200000,0.16816,0.16884,0.16798,0.16828,10160578.0,1750348799999,1710251.07473,15896
DOGEUSDT,1750348800000,0.16828,0.16945,0.16819,0.16837,17565410.0,1750352399999,2968837.42426,18858
DOGEUSDT,1750352400000,0.16838,0.17043,0.16803,0.16992,19431340.0,1750355999999,3290718.73363,24487
DOGEUSDT,1750356000000,0.16992,0.17098,0.1695,0.17001,13244376.0,1750359599999,2254849.63663,15854
DOGEUSDT,1750359600000,0.17,0.17042,0.16966,0.16976,8656742.0,1750363199999,1472065.61917,10089
DOGEUSDT,1750363200000,0.16976,0.17056,0.16929,0.1697,9016492.0,1750366799999,1531853.954,11565
DOGEUSDT,1750366800000,0.1697,0.17064,0.16945,0.17026,12712267.0,1750370399999,2162105.73721,12008
DOGEUSDT,1750370400000,0.17025,0.17175,0.17023,0.17107,17274201.0,1750373999999,2955923.66694,20395
DOGEUSDT,1750374000000,0.17108,0.1714,0.17063,0.17092,11444886.0,1750377599999,1956363.44008,13721
DOGEUSDT,1750377600000,0.17091,0.17156,0.17068,0.17094,15481966.0,1750381199999,2648401.74167,13652
DOGEUSDT,1750381200000,0.17093,0.17108,0.16993,0.17031,34225149.0,1750384799999,5828271.44272,18919
DOGEUSDT,1750384800000,0.17031,0.17037,0.16913,0.16946,20283398.0,1750388399999,3442796.95845,14891
DOGEUSDT,1750388400000,0.16946,0.16992,0.16912,0.16929,34895148.0,1750391999999,5915164.03153,18484
DOGEUSDT,1750392000000,0.1693,0.16932,0.16729,0.16749,48252413.0,1750395599999,8111329.29281,27632
DOGEUSDT,1750395600000,0.16749,0.16832,0.16712,0.16821,15612982.0,1750399199999,2617913.17027,19137
DOGEUSDT,1750399200000,0.16822,0.16852,0.16779,0.16794,8218338.0,1750402799999,1382207.1686,13255
DOGEUSDT,1750402800000,0.16793,0.17061,0.16761,0.17054,45616005.0,1750406399999,7743969.36304,34169
DOGEUSDT,1750406400000,0.17054,0.17141,0.16984,0.17036,76765362.0,1750409999999,13123604.80336,43770
DOGEUSDT,1750410000000,0.17037,0.17069,0.16981,0.17012,12331455.0,1750413599999,2097703.57843,17136
DOGEUSDT,1750413600000,0.17011,0.17079,0.16976,0.17066,8656388.0,1750417199999,1474169.91727,12262
DOGEUSDT,1750417200000,0.17065,0.17108,0.17004,0.17079,11087180.0,1750420799999,1892019.43344,13116
DOGEUSDT,1750420800000,0.17079,0.1719,0.17059,0.17131,19479522.0,1750424399999,3337348.83658,17296
DOGEUSDT,1750424400000,0.17132,0.17197,0.16951,0.17019,28665038.0,1750427999999,4897266.07969,33480
DOGEUSDT,1750428000000,0.17018,0.1705,0.16611,0.16623,76540513.0,1750431599999,12875949.8379,67822
DOGEUSDT,1750431600000,0.16623,0.16742,0.16558,0.16603,43622417.0,1750435199999,7271437.96759,54259
DOGEUSDT,1750435200000,0.16604,0.16617,0.16202,0.163,102967638.0,1750438799999,16878936.92979,81346
DOGEUSDT,1750438800000,0.16299,0.16337,0.15839,0.16164,215037242.0,1750442399999,34458627.78568,144673
DOGEUSDT,1750442400000,0.16164,0.16286,0.16118,0.16267,45867013.0,1750445999999,7436596.18526,46015
DOGEUSDT,1750446000000,0.16266,0.16312,0.16119,0.16282,27029917.0,1750449599999,4382088.99111,29399
DOGEUSDT,1750449600000,0.16281,0.16432,0.16276,0.16375,17111712.0,1750453199999,2801247.60122,21891
DOGEUSDT,1750453200000,0.16375,0.16381,0.16223,0.16238,14138689.0,1750456799999,2304589.42523,14553
DOGEUSDT,1750456800000,0.16238,0.16243,0.16099,0.16173,20126622.0,1750460399999,3253840.7667,23000
DOGEUSDT,1750460400000,0.16174,0.16252,0.16138,0.16234,10016081.0,1750463999999,1622474.15825,15487
DOGEUSDT,1750464000000,0.16235,0.16311,0.16199,0.16243,10933772.0,1750467599999,1777225.97677,17207
DOGEUSDT,1750467600000,0.16243,0.16362,0.16229,0.16358,12349152.0,1750471199999,2014101.56128,13063
DOGEUSDT,1750471200000,0.16358,0.16378,0.16284,0.16292,8400823.0,1750474799999,1370903.77795,12199
DOGEUSDT,1750474800000,0.16292,0.1638,0.16288,0.16337,8099981.0,1750478399999,1323876.84657,10718
DOGEUSDT,1750478400000,0.16337,0.1635,0.163,0.16324,6099564.0,1750481999999,995678.48616,7906
DOGEUSDT,1750482000000,0.16324,0.16336,0.16289,0.1632,5569592.0,1750485599999,908374.52658,7714
DOGEUSDT,1750485600000,0.16321,0.16335,0.16292,0.16313,6689542.0,1750489199999,1091307.95052,8595
DOGEUSDT,1750489200000,0.16314,0.16322,0.16254,0.16283,9749957.0,1750492799999,1587552.06061,8946
DOGEUSDT,1750492800000,0.16284,0.16399,0.1627,0.16386,11180676.0,1750496399999,1825951.27141,10322
DOGEUSDT,1750496400000,0.16386,0.16426,0.16337,0.16394,9669235.0,1750499999999,1583550.48997,11842
DOGEUSDT,1750500000000,0.16395,0.16436,0.16328,0.16361,8376414.0,1750503599999,1372551.31875,12464
DOGEUSDT,1750503600000,0.16361,0.16388,0.16315,0.16331,4621232.0,1750507199999,756004.86004,9583
DOGEUSDT,1750507200000,0.1633,0.16349,0.16221,0.16229,15008896.0,1750510799999,2444303.40795,13945
DOGEUSDT,1750510800000,0.1623,0.16256,0.16011,0.1605,35517947.0,1750514399999,5723170.73401,30191
DOGEUSDT,1750514400000,0.1605,0.16146,0.16004,0.16039,30116874.0,1750517999999,4839069.98123,34281
DOGEUSDT,1750518000000,0.16038,0.16063,0.15903,0.16023,54698549.0,1750521599999,8745184.14979,39951
DOGEUSDT,1750521600000,0.16022,0.16095,0.15955,0.16028,19506336.0,1750525199999,3126601.88221,22885
DOGEUSDT,1750525200000,0.16028,0.16099,0.1582,0.15902,28085988.0,1750528799999,4475821.33945,33225
DOGEUSDT,1750528800000,0.15902,0.1599,0.15737,0.15768,26310105.0,1750532399999,4171016.39691,32538
DOGEUSDT,1750532400000,0.15768,0.15854,0.15717,0.15737,31021192.0,1750535999999,4896875.55481,43816
DOGEUSDT,1750536000000,0.15737,0.15895,0.15696,0.15867,25645417.0,1750539599999,4050051.38192,34339
DOGEUSDT,1750539600000,0.15866,0.15879,0.15025,0.15261,185837681.0,1750543199999,28523078.20374,98089
DOGEUSDT,1750543200000,0.15261,0.15451,0.15248,0.15386,41220673.0,1750546799999,6336968.64537,47211
DOGEUSDT,1750546800000,0.15387,0.15467,0.15132,0.15448,99200018.0,1750550399999,15156117.06856,76307
DOGEUSDT,1750550400000,0.15448,0.15769,0.15378,0.15694,78670519.0,1750553999999,12259857.34025,85459
DOGEUSDT,1750554000000,0.15694,0.15733,0.15456,0.15469,52304596.0,1750557599999,8141156.82463,42359
DOGEUSDT,1750557600000,0.1547,0.15596,0.15263,0.15414,54479798.0,1750561199999,8389635.28521,61695
DOGEUSDT,1750561200000,0.15413,0.15537,0.15373,0.15465,35399062.0,1750564799999,5468867.40333,40617
DOGEUSDT,1750564800000,0.15464,0.15644,0.1542,0.15611,22847900.0,1750568399999,3556661.27646,33470
DOGEUSDT,1750568400000,0.1561,0.15704,0.15576,0.15659,21021964.0,1750571999999,3287765.21175,22493
DOGEUSDT,1750572000000,0.15658,0.15731,0.15629,0.15699,18627015.0,1750575599999,2922314.88416,20489
DOGEUSDT,1750575600000,0.157,0.15727,0.15599,0.15629,23807361.0,1750579199999,3724953.12651,26506
DOGEUSDT,1750579200000,0.15629,0.15684,0.15565,0.15652,11809677.0,1750582799999,1845779.49298,18739
DOGEUSDT,1750582800000,0.15653,0.15719,0.15371,0.15381,37421258.0,1750586399999,5814064.07091,47228
DOGEUSDT,1750586400000,0.15381,0.15576,0.15357,0.15503,32369485.0,1750589999999,5003054.75875,39949
DOGEUSDT,1750590000000,0.15503,0.15643,0.1549,0.15561,18613666.0,1750593599999,2896054.82589,16513
DOGEUSDT,1750593600000,0.15561,0.15637,0.15416,0.15538,27590386.0,1750597199999,4286541.80753,21071
DOGEUSDT,1750597200000,0.15538,0.15585,0.14676,0.14901,376022881.0,1750600799999,56175823.62172,181702
DOGEUSDT,1750600800000,0.14901,0.14991,0.14526,0.1487,272841141.0,1750604399999,40183567.16981,154231
DOGEUSDT,1750604400000,0.1487,0.14941,0.14595,0.14623,86628847.0,1750607999999,12800602.09213,64805
DOGEUSDT,1750608000000,0.14623,0.14859,0.14563,0.14843,159199025.0,1750611599999,23423172.97047,101991
DOGEUSDT,1750611600000,0.14842,0.15031,0.148,0.14992,71364984.0,1750615199999,10643476.29557,50914
DOGEUSDT,1750615200000,0.14992,0.15053,0.14841,0.14868,34018790.0,1750618799999,5079955.47549,30088
DOGEUSDT,1750618800000,0.14867,0.14896,0.1471,0.14741,33124883.0,1750622399999,4901310.95554,20992
DOGEUSDT,1750622400000,0.14742,0.14876,0.1427,0.14811,162790401.0,1750625999999,23618647.44343,89056
DOGEUSDT,1750626000000,0.14812,0.149,0.14586,0.14632,44942027.0,1750629599999,6637013.73888,30227
DOGEUSDT,1750629600000,0.14633,0.15095,0.14623,0.15092,76778583.0,1750633199999,11432943.60692,55930
DOGEUSDT,1750633200000,0.15091,0.152,0.15034,0.15129,48861755.0,1750636799999,7389723.46014,27470
DOGEUSDT,1750636800000,0.15128,0.15308,0.15079,0.15153,59901506.0,1750640399999,9086052.75075,53402
DOGEUSDT,1750640400000,0.15154,0.15259,0.15063,0.15255,28117368.0,1750643999999,4258862.22447,28015
DOGEUSDT,1750644000000,0.15254,0.15271,0.15189,0.15255,23444073.0,1750647599999,3573307.39486,30345
DOGEUSDT,1750647600000,0.15254,0.15304,0.152,0.15219,17114219.0,1750651199999,2609560.50019,21664
DOGEUSDT,1750651200000,0.15219,0.15338,0.15192,0.15276,16988364.0,1750654799999,2593785.10166,19084
DOGEUSDT,1750654800000,0.15276,0.15473,0.15264,0.15429,30490659.0,1750658399999,4687896.78072,26246
DOGEUSDT,1750658400000,0.15429,0.1549,0.15373,0.1544,29064533.0,1750661999999,4482487.64596,28648
DOGEUSDT,1750662000000,0.15439,0.155,0.15349,0.15383,27271591.0,1750665599999,4204588.12447,26365
DOGEUSDT,1750665600000,0.15384,0.15453,0.15307,0.15343,15635526.0,1750669199999,2401192.76628,18268
DOGEUSDT,1750669200000,0.15343,0.15346,0.15237,0.15281,27909148.0,1750672799999,4266148.38036,22582
DOGEUSDT,1750672800000,0.15281,0.15286,0.1513,0.15195,23395081.0,1750676399999,3556684.46299,20436
DOGEUSDT,1750676400000,0.15195,0.15228,0.1512,0.15217,19322623.0,1750679999999,2931564.2823,18226
DOGEUSDT,1750680000000,0.15217,0.15409,0.1517,0.154,25718146.0,1750683599999,3937046.64128,28552
DOGEUSDT,1750683600000,0.154,0.15579,0.15107,0.15542,93139845.0,1750687199999,14351029.91167,84388
DOGEUSDT,1750687200000,0.15543,0.15657,0.15338,0.15378,79508320.0,1750690799999,12327404.62652,76615
DOGEUSDT,1750690800000,0.15379,0.15522,0.15216,0.15245,32181645.0,1750694399999,4945111.51322,40124
DOGEUSDT,1750694400000,0.15245,0.15269,0.14861,0.15053,87584707.0,1750697999999,13162473.4816,82359
DOGEUSDT,1750698000000,0.15054,0.1556,0.15003,0.15545,81370771.0,1750701599999,12481025.40066,74434
DOGEUSDT,1750701600000,0.15546,0.1577,0.15518,0.15632,50694340.0,1750705199999,7951675.40042,47461
DOGEUSDT,1750705200000,0.15632,0.15779,0.15619,0.15721,36154665.0,1750708799999,5668474.76609,28073
DOGEUSDT,1750708800000,0.15721,0.16025,0.15686,0.15889,58193511.0,1750712399999,9252416.87012,41688
DOGEUSDT,1750712400000,0.1589,0.15941,0.15821,0.15873,23009278.0,1750715999999,3651909.27902,14875
DOGEUSDT,1750716000000,0.15873,0.16505,0.15873,0.16466,128849521.0,1750719599999,20987365.6578,72582
DOGEUSDT,1750719600000,0.16466,0.16525,0.16355,0.16376,45091018.0,1750723199999,7415674.44472,25017
DOGEUSDT,1750723200000,0.16377,0.16444,0.1623,0.16304,59272159.0,1750726799999,9686844.95236,40933
DOGEUSDT,1750726800000,0.16304,0.16399,0.16277,0.16339,42787968.0,1750730399999,6987396.86313,24916
DOGEUSDT,1750730400000,0.16338,0.16345,0.16184,0.16217,22540200.0,1750733999999,3660546.10905,21858
DOGEUSDT,1750734000000,0.16216,0.16324,0.16208,0.16294,19181019.0,1750737599999,3124667.33306,15403
DOGEUSDT,1750737600000,0.16293,0.1635,0.16246,0.16317,14132767.0,1750741199999,2304467.09283,14285
DOGEUSDT,1750741200000,0.16317,0.16684,0.16307,0.16676,72738017.0,1750744799999,12034072.75608,49116
DOGEUSDT,1750744800000,0.16676,0.16767,0.16577,0.16683,54542984.0,1750748399999,9088041.77369,48073
DOGEUSDT,1750748400000,0.16683,0.1669,0.16257,0.16313,185433198.0,1750751999999,30388573.83187,76790
DOGEUSDT,1750752000000,0.16312,0.16408,0.16221,0.16351,45269593.0,1750755599999,7385576.48192,41270
DOGEUSDT,1750755600000,0.16351,0.16527,0.163,0.16361,28732842.0,1750759199999,4714015.62974,31223
DOGEUSDT,1750759200000,0.16361,0.164,0.16306,0.16378,11593306.0,1750762799999,1896171.01505,18032
DOGEUSDT,1750762800000,0.16378,0.16406,0.16249,0.1636,23065745.0,1750766399999,3769448.23978,26018
DOGEUSDT,1750766400000,0.16359,0.16399,0.16256,0.16294,19467332.0,1750769999999,3175984.79655,19052
DOGEUSDT,1750770000000,0.16293,0.16358,0.16167,0.16275,37411261.0,1750773599999,6087809.44011,42193
DOGEUSDT,1750773600000,0.16275,0.16458,0.16257,0.16376,34225919.0,1750777199999,5602222.43079,44998
DOGEUSDT,1750777200000,0.16376,0.16482,0.16271,0.16359,25512046.0,1750780799999,4174518.6449,37422
DOGEUSDT,1750780800000,0.1636,0.16651,0.16336,0.16641,50600677.0,1750784399999,8339880.65349,43847
DOGEUSDT,1750784400000,0.1664,0.16653,0.16373,0.16478,58213357.0,1750787999999,9629886.22363,39123
DOGEUSDT,1750788000000,0.16479,0.16504,0.16325,0.16393,17307837.0,1750791599999,2839889.99386,20091
DOGEUSDT,1750791600000,0.16393,0.16457,0.16272,0.1637,22775491.0,1750795199999,3730041.59958,13712
DOGEUSDT,1750795200000,0.16368,0.16536,0.16351,0.16521,10900600.0,1750798799999,1793476.14653,9385
DOGEUSDT,1750798800000,0.16521,0.16528,0.16432,0.16518,9475490.0,1750802399999,1561473.58835,8116
DOGEUSDT,1750802400000,0.16518,0.1653,0.16419,0.16516,13770435.0,1750805999999,2268826.20793,10222
DOGEUSDT,1750806000000,0.16515,0.16576,0.1645,0.16571,10396736.0,1750809599999,1715895.13852,11757
DOGEUSDT,1750809600000,0.16572,0.16655,0.16451,0.16617,18481248.0,1750813199999,3059581.295,21976
DOGEUSDT,1750813200000,0.16616,0.16632,0.16486,0.16595,24565952.0,1750816799999,4072493.77428,22034
DOGEUSDT,1750816800000,0.16595,0.16704,0.16584,0.16629,33379289.0,1750820399999,5553597.83806,26312
DOGEUSDT,1750820400000,0.1663,0.16643,0.16535,0.16535,11637517.0,1750823999999,1931843.82262,15961
DOGEUSDT,1750824000000,0.16535,0.16556,0.1643,0.16478,11937901.0,1750827599999,1968774.56298,14966
DOGEUSDT,1750827600000,0.16479,0.16546,0.16459,0.16507,12612524.0,1750831199999,2082018.6751,15100
DOGEUSDT,1750831200000,0.16507,0.16673,0.16474,0.16659,16626691.0,1750834799999,2758044.27865,17455
DOGEUSDT,1750834800000,0.16659,0.16746,0.16602,0.16631,27440359.0,1750838399999,4573292.85156,23083
DOGEUSDT,1750838400000,0.16631,0.16654,0.16474,0.16558,19713717.0,1750841999999,3265182.79084,20430
DOGEUSDT,1750842000000,0.16559,0.16655,0.16452,0.16514,37532858.0,1750845599999,6216801.41193,28146
DOGEUSDT,1750845600000,0.16514,0.166,0.16469,0.16525,23581069.0,1750849199999,3896434.00236,22647
DOGEUSDT,1750849200000,0.16524,0.1657,0.16424,0.16561,20001184.0,1750852799999,3297337.02747,18487
DOGEUSDT,1750852800000,0.16561,0.16561,0.16439,0.16505,21237898.0,1750856399999,3501571.10962,19657
DOGEUSDT,1750856400000,0.16505,0.1677,0.16459,0.16669,78608506.0,1750859999999,13090863.62678,62306
DOGEUSDT,1750860000000,0.1667,0.16716,0.16321,0.16484,79371249.0,1750863599999,13085041.5107,70246
DOGEUSDT,1750863600000,0.16484,0.165,0.16253,0.16296,66822110.0,1750867199999,10912725.38414,51215
DOGEUSDT,1750867200000,0.16295,0.16462,0.16295,0.16376,53370477.0,1750870799999,8742892.35225,29899
DOGEUSDT,1750870800000,0.16375,0.16622,0.16344,0.16586,42129470.0,1750874399999,6961365.3785,33458
DOGEUSDT,1750874400000,0.16585,0.16588,0.16458,0.16496,12829282.0,1750877999999,2119118.69657,17966
DOGEUSDT,1750878000000,0.16496,0.16654,0.16493,0.16601,22767346.0,1750881599999,3773354.4969,20604
DOGEUSDT,1750881600000,0.16602,0.16642,0.16537,0.16635,8263171.0,1750885199999,1370418.72917,13885
DOGEUSDT,1750885200000,0.16634,0.16691,0.16518,0.16543,14500007.0,1750888799999,2406956.64325,12519
DOGEUSDT,1750888800000,0.16543,0.16545,0.16409,0.16431,10429115.0,1750892399999,1718425.03953,11147
DOGEUSDT,1750892400000,0.16431,0.16465,0.16351,0.16459,10184486.0,1750895999999,1671815.45979,9600
DOGEUSDT,1750896000000,0.16458,0.16548,0.16437,0.16462,12807361.0,1750899599999,2110740.26602,16124
DOGEUSDT,1750899600000,0.16462,0.16667,0.16393,0.16563,28215490.0,1750903199999,4670272.51108,27263
DOGEUSDT,1750903200000,0.16563,0.16671,0.16486,0.16649,31719478.0,1750906799999,5265534.68655,23787
DOGEUSDT,1750906800000,0.16649,0.16809,0.16563,0.16592,58949597.0,1750910399999,9829560.89867,38510
DOGEUSDT,1750910400000,0.16592,0.16605,0.16472,0.16542,14439208.0,1750913999999,2386435.67687,17696
DOGEUSDT,1750914000000,0.16543,0.16543,0.16389,0.16432,20484207.0,1750917599999,3375342.07581,16309
DOGEUSDT,1750917600000,0.16432,0.16537,0.164,0.16469,14332526.0,1750921199999,2361116.86167,15358
DOGEUSDT,1750921200000,0.16468,0.16569,0.16427,0.16488,20515137.0,1750924799999,3388308.53211,18317
DOGEUSDT,1750924800000,0.16488,0.16549,0.16421,0.16424,9427649.0,1750928399999,1553615.13499,12235
DOGEUSDT,1750928400000,0.16425,0.16448,0.16237,0.16245,43593351.0,1750931999999,7109536.01342,31174
DOGEUSDT,1750932000000,0.16245,0.16295,0.1616,0.16222,27249083.0,1750935599999,4424280.27357,24535
DOGEUSDT,1750935600000,0.16223,0.16223,0.1611,0.16159,24736488.0,1750939199999,3996733.52753,23979
DOGEUSDT,1750939200000,0.16159,0.16187,0.16009,0.16039,32431130.0,1750942799999,5220510.11627,30444
DOGEUSDT,1750942800000,0.16039,0.16072,0.15823,0.15864,84890423.0,1750946399999,13529712.56976,60339
DOGEUSDT,1750946400000,0.15864,0.16093,0.15792,0.16003,69778828.0,1750949999999,11119438.36978,56650
DOGEUSDT,1750950000000,0.16004,0.16072,0.15855,0.16011,52559857.0,1750953599999,8393588.81275,39764
DOGEUSDT,1750953600000,0.16011,0.16021,0.15918,0.15949,14596009.0,1750957199999,2330522.04582,18611
DOGEUSDT,1750957200000,0.1595,0.16044,0.15949,0.15979,19172968.0,1750960799999,3067973.0279,19444
DOGEUSDT,1750960800000,0.15979,0.16081,0.15959,0.16018,20003646.0,1750964399999,3203139.90446,17671
DOGEUSDT,1750964400000,0.16018,0.16131,0.15981,0.16098,25797254.0,1750967999999,4142540.69737,20854
DOGEUSDT,1750968000000,0.16097,0.16371,0.16075,0.1622,35238827.0,1750971599999,5730116.12387,28194
DOGEUSDT,1750971600000,0.16219,0.16222,0.15915,0.16041,60747342.0,1750975199999,9755331.95434,40855
DOGEUSDT,1750975200000,0.1604,0.16098,0.15927,0.15944,32907295.0,1750978799999,5264865.57594,26067
DOGEUSDT,1750978800000,0.15944,0.16025,0.15932,0.16001,10028056.0,1750982399999,1603116.19861,9910
DOGEUSDT,1750982400000,0.16002,0.16066,0.15891,0.15905,13746055.0,1750985999999,2196355.71585,18186
DOGEUSDT,1750986000000,0.15905,0.1614,0.15805,0.161,36818445.0,1750989599999,5899486.33245,35467
DOGEUSDT,1750989600000,0.161,0.16265,0.16077,0.16234,19145730.0,1750993199999,3100335.22203,19817
DOGEUSDT,1750993200000,0.16234,0.1627,0.16172,0.16223,16692124.0,1750996799999,2707589.50245,13596
DOGEUSDT,1750996800000,0.16222,0.16225,0.16149,0.16188,6521477.0,1751000399999,1055952.10126,10095
DOGEUSDT,1751000400000,0.16189,0.16266,0.16061,0.16066,9564137.0,1751003999999,1543107.18016,12963
DOGEUSDT,1751004000000,0.16066,0.16164,0.16049,0.1614,9221275.0,1751007599999,1486312.41201,13224
DOGEUSDT,1751007600000,0.16141,0.16241,0.16055,0.16079,16908769.0,1751011199999,2727462.381,15125
DOGEUSDT,1751011200000,0.16079,0.16216,0.16076,0.16156,17702570.0,1751014799999,2857478.06468,17582
DOGEUSDT,1751014800000,0.16156,0.16187,0.161,0.16165,13524829.0,1751018399999,2183356.59039,14902
DOGEUSDT,1751018400000,0.16165,0.16178,0.16074,0.16075,11308988.0,1751021999999,1822429.79219,12153
DOGEUSDT,1751022000000,0.16075,0.1613,0.16018,0.16053,10113254.0,1751025599999,1624052.19194,14017
DOGEUSDT,1751025600000,0.16054,0.16133,0.15937,0.1596,19998478.0,1751029199999,3206218.30724,26917
DOGEUSDT,1751029200000,0.1596,0.15988,0.15824,0.15948,29971383.0,1751032799999,4769519.64972,38058
DOGEUSDT,1751032800000,0.15949,0.16018,0.15838,0.15874,20166051.0,1751036399999,3209562.69507,37941
DOGEUSDT,1751036400000,0.15874,0.16171,0.15859,0.1611,25470863.0,1751039999999,4086099.26168,27988
DOGEUSDT,1751040000000,0.16111,0.16307,0.16055,0.16147,46107154.0,1751043599999,7463714.31196,34226
DOGEUSDT,1751043600000,0.16146,0.16165,0.15898,0.1596,18022105.0,1751047199999,2885572.36071,27906
DOGEUSDT,1751047200000,0.15961,0.15966,0.15704,0.15754,22654749.0,1751050799999,3585568.78435,32664
DOGEUSDT,1751050800000,0.15754,0.1595,0.15736,0.15914,16316323.0,1751054399999,2586353.91059,23174
DOGEUSDT,1751054400000,0.15914,0.16063,0.15892,0.16061,12791519.0,1751057999999,2044354.3166,16870
DOGEUSDT,1751058000000,0.16061,0.1616,0.1601,0.16086,25769635.0,1751061599999,4152608.95414,12776
DOGEUSDT,1751061600000,0.16087,0.16151,0.16087,0.16132,9045846.0,1751065199999,1458497.53936,8377
DOGEUSDT,1751065200000,0.16133,0.1614,0.16056,0.16104,9258272.0,1751068799999,1489729.34928,7196
DOGEUSDT,1751068800000,0.16105,0.16138,0.16068,0.16094,7098476.0,1751072399999,1143271.75582,10954
DOGEUSDT,1751072400000,0.16094,0.16196,0.1604,0.16189,14506163.0,1751075999999,2334201.72843,13428
DOGEUSDT,1751076000000,0.16189,0.16245,0.16164,0.16166,15152642.0,1751079599999,2455681.22384,15228
DOGEUSDT,1751079600000,0.16166,0.1621,0.16153,0.16203,10573284.0,1751083199999,1710631.11891,9279
DOGEUSDT,1751083200000,0.16204,0.1621,0.16159,0.16169,14836046.0,1751086799999,2400592.90218,8107
DOGEUSDT,1751086800000,0.16169,0.16225,0.16168,0.16171,13861827.0,1751090399999,2245959.33028,9746
DOGEUSDT,1751090400000,0.16172,0.1626,0.16172,0.16258,21234143.0,1751093999999,3447928.39214,10228
DOGEUSDT,1751094000000,0.16258,0.16339,0.16238,0.16324,12595732.0,1751097599999,2050990.767,11721
DOGEUSDT,1751097600000,0.16325,0.16343,0.16258,0.16274,14714546.0,1751101199999,2398069.23259,11461
DOGEUSDT,1751101200000,0.16274,0.16341,0.16241,0.16306,11709834.0,1751104799999,1908040.4864,9412
DOGEUSDT,1751104800000,0.16306,0.16328,0.16243,0.16254,8858396.0,1751108399999,1442614.0877,9283
DOGEUSDT,1751108400000,0.16255,0.1628,0.16212,0.16219,15646635.0,1751111999999,2543843.85847,8958
DOGEUSDT,1751112000000,0.1622,0.16233,0.16178,0.16184,13385281.0,1751115599999,2168996.53192,7626
DOGEUSDT,1751115600000,0.16184,0.16199,0.1613,0.16151,7168688.0,1751119199999,1158055.13194,8134
DOGEUSDT,1751119200000,0.16151,0.16244,0.16151,0.16229,7599858.0,1751122799999,1232113.00791,7551
DOGEUSDT,1751122800000,0.16229,0.16325,0.16193,0.16292,7636888.0,1751126399999,1241625.12434,11480
DOGEUSDT,1751126400000,0.16292,0.16367,0.16247,0.16255,20015223.0,1751129999999,3263702.93869,19093
DOGEUSDT,1751130000000,0.16256,0.165,0.16256,0.1647,31420161.0,1751133599999,5136171.27797,20612
DOGEUSDT,1751133600000,0.1647,0.1648,0.16342,0.16414,12286945.0,1751137199999,2013876.65163,15187
DOGEUSDT,1751137200000,0.16415,0.16446,0.16354,0.16359,6673393.0,1751140799999,1094430.72518,9321
DOGEUSDT,1751140800000,0.1636,0.16365,0.16311,0.16311,5386705.0,1751144399999,880014.77082,8350
DOGEUSDT,1751144400000,0.16311,0.16443,0.16311,0.16429,5640446.0,1751147999999,923546.46773,6619
DOGEUSDT,1751148000000,0.16428,0.16462,0.16401,0.16432,7397803.0,1751151599999,1215938.29525,11585
DOGEUSDT,1751151600000,0.16432,0.1644,0.16353,0.16363,3806360.0,1751155199999,623846.14744,5065
DOGEUSDT,1751155200000,0.16362,0.16428,0.16341,0.16403,7585811.0,1751158799999,1242273.94448,8136
DOGEUSDT,1751158800000,0.16403,0.16406,0.16339,0.16355,3354520.0,1751162399999,549169.15094,4435
DOGEUSDT,1751162400000,0.16355,0.16355,0.16264,0.16318,7091862.0,1751165999999,1155761.32976,6995
DOGEUSDT,1751166000000,0.16317,0.16328,0.16259,0.1627,19098055.0,1751169599999,3111888.64248,7078
DOGEUSDT,1751169600000,0.16269,0.16304,0.1626,0.16293,4549346.0,1751173199999,740882.71308,4986
DOGEUSDT,1751173200000,0.16294,0.16363,0.16261,0.16359,4415864.0,1751176799999,720227.68102,6029
DOGEUSDT,1751176800000,0.16359,0.16412,0.16356,0.16402,9157755.0,1751180399999,1499544.01035,7333
DOGEUSDT,1751180400000,0.16402,0.16404,0.16347,0.16392,6550199.0,1751183999999,1072633.15122,6785
DOGEUSDT,1751184000000,0.16392,0.16461,0.16359,0.16439,9293788.0,1751187599999,1524936.13507,11062
DOGEUSDT,1751187600000,0.16439,0.1651,0.16397,0.16443,28429531.0,1751191199999,4682409.6269,17152
DOGEUSDT,1751191200000,0.16442,0.16505,0.16394,0.16436,22009906.0,1751194799999,3621502.00758,15813
DOGEUSDT,1751194800000,0.16437,0.16459,0.16383,0.16459,10349414.0,1751198399999,1699189.75127,10342
DOGEUSDT,1751198400000,0.1646,0.16476,0.16392,0.16453,18262142.0,1751201999999,3002141.28399,14243
DOGEUSDT,1751202000000,0.16454,0.16511,0.16424,0.16459,36560982.0,1751205599999,6020660.23157,14971
DOGEUSDT,1751205600000,0.16459,0.16513,0.1634,0.16367,15406647.0,1751209199999,2530744.10826,15990
DOGEUSDT,1751209200000,0.16367,0.16391,0.16322,0.16336,10801242.0,1751212799999,1766293.67539,14333
DOGEUSDT,1751212800000,0.16336,0.16441,0.16316,0.16416,12098377.0,1751216399999,1980805.43452,14428
DOGEUSDT,1751216400000,0.16416,0.16435,0.1634,0.16412,5313154.0,1751219999999,870574.23089,9032
DOGEUSDT,1751220000000,0.16412,0.16487,0.16382,0.16464,6111435.0,1751223599999,1005035.5677,8511
DOGEUSDT,1751223600000,0.16464,0.16474,0.16401,0.16412,13943749.0,1751227199999,2293555.65403,9119
DOGEUSDT,1751227200000,0.16412,0.16424,0.1638,0.16382,3385531.0,1751230799999,555436.21644,6114
DOGEUSDT,1751230800000,0.16382,0.1647,0.16327,0.16447,11515983.0,1751234399999,1888461.82656,10730
DOGEUSDT,1751234400000,0.16448,0.16997,0.16444,0.16932,99133973.0,1751237999999,16660503.08351,95882
DOGEUSDT,1751238000000,0.16931,0.17006,0.1684,0.16944,53227603.0,1751241599999,9018668.32764,43350
DOGEUSDT,1751241600000,0.16945,0.16993,0.16876,0.16975,44419045.0,1751245199999,7526740.3792,36580
DOGEUSDT,1751245200000,0.16975,0.16978,0.16846,0.16872,19448321.0,1751248799999,3285980.76477,23024
DOGEUSDT,1751248800000,0.16871,0.16893,0.16741,0.16754,14453245.0,1751252399999,2431317.4205,16458
DOGEUSDT,1751252400000,0.16755,0.16773,0.16663,0.16744,20271293.0,1751255999999,3389273.06323,16380
DOGEUSDT,1751256000000,0.16745,0.16796,0.16656,0.1667,14542043.0,1751259599999,2432819.39955,13460
DOGEUSDT,1751259600000,0.1667,0.16723,0.16657,0.16709,9787090.0,1751263199999,1633873.32612,12235
DOGEUSDT,1751263200000,0.16708,0.16722,0.16428,0.16505,34108431.0,1751266799999,5650812.14257,27531
DOGEUSDT,1751266800000,0.16505,0.16608,0.16466,0.16581,24828052.0,1751270399999,4109471.92528,22011
DOGEUSDT,1751270400000,0.16581,0.16607,0.16502,0.16522,32221924.0,1751273999999,5333854.38086,17918
DOGEUSDT,1751274000000,0.16521,0.166,0.16469,0.16475,20516051.0,1751277599999,3392153.37508,18132
DOGEUSDT,1751277600000,0.16475,0.16524,0.16451,0.16471,12859101.0,1751281199999,2120392.9145,12923
DOGEUSDT,1751281200000,0.16471,0.16552,0.16458,0.16477,13932030.0,1751284799999,2299688.31215,13496
DOGEUSDT,1751284800000,0.16477,0.16526,0.16372,0.16405,16621906.0,1751288399999,2732927.59311,15828
DOGEUSDT,1751288400000,0.16404,0.16527,0.16371,0.16393,28100261.0,1751291999999,4626605.24527,28499
DOGEUSDT,1751292000000,0.16393,0.16482,0.16292,0.16329,70089364.0,1751295599999,11481828.25659,43429
DOGEUSDT,1751295600000,0.1633,0.1658,0.16222,0.16493,95163454.0,1751299199999,15620708.34792,70877
DOGEUSDT,1751299200000,0.16493,0.16546,0.16418,0.16526,24780127.0,1751302799999,4081786.88931,31507
DOGEUSDT,1751302800000,0.16526,0.16578,0.1649,0.16528,20517138.0,1751306399999,3392124.49773,20161
DOGEUSDT,1751306400000,0.16527,0.16615,0.16426,0.16459,26429310.0,1751309999999,4359925.87484,25560
DOGEUSDT,1751310000000,0.16459,0.16782,0.16454,0.16756,31978621.0,1751313599999,5327262.1198,31516
DOGEUSDT,1751313600000,0.16756,0.16793,0.1667,0.16686,20891284.0,1751317199999,3492786.08105,22804
DOGEUSDT,1751317200000,0.16685,0.16699,0.16516,0.16563,15202860.0,1751320799999,2528785.84997,16978
DOGEUSDT,1751320800000,0.16564,0.1661,0.16511,0.16512,19158811.0,1751324399999,3172429.80985,15892
DOGEUSDT,1751324400000,0.16512,0.16565,0.16481,0.16518,23838499.0,1751327999999,3938533.93051,15026
DOGEUSDT,1751328000000,0.16518,0.16599,0.16438,0.16541,20660567.0,1751331599999,3413106.79107,21239
DOGEUSDT,1751331600000,0.16542,0.16632,0.16501,0.16515,19300250.0,1751335199999,3198245.83283,16220
DOGEUSDT,1751335200000,0.16514,0.16566,0.16408,0.16423,14803111.0,1751338799999,2439831.23693,19977
DOGEUSDT,1751338800000,0.16424,0.165,0.16403,0.16492,12921044.0,1751342399999,2125216.05851,11741
DOGEUSDT,1751342400000,0.16492,0.16493,0.16315,0.16315,14641264.0,1751345999999,2400443.07666,14907
DOGEUSDT,1751346000000,0.16316,0.16346,0.16199,0.16274,37898384.0,1751349599999,6158814.08371,28616
DOGEUSDT,1751349600000,0.16274,0.16313,0.16228,0.16296,14410181.0,1751353199999,2345820.09215,14416
DOGEUSDT,1751353200000,0.16297,0.16307,0.16117,0.16252,21573602.0,1751356799999,3500635.07812,22031
DOGEUSDT,1751356800000,0.16253,0.16253,0.16077,0.16091,20573038.0,1751360399999,3321370.54102,18604
DOGEUSDT,1751360400000,0.1609,0.16145,0.16066,0.16132,24610528.0,1751363999999,3963194.01243,19911
DOGEUSDT,1751364000000,0.16132,0.16172,0.16107,0.16154,15158106.0,1751367599999,2446908.84436,13368
DOGEUSDT,1751367600000,0.16153,0.16176,0.16072,0.16083,19627996.0,1751371199999,3165339.72391,11048
DOGEUSDT,1751371200000,0.16083,0.1612,0.15988,0.16004,25023708.0,1751374799999,4011637.1981,19865
DOGEUSDT,1751374800000,0.16004,0.16039,0.15864,0.15994,44611423.0,1751378399999,7117272.29667,40062
DOGEUSDT,1751378400000,0.15995,0.16074,0.15845,0.15939,46823452.0,1751381999999,7468484.45106,43672
DOGEUSDT,1751382000000,0.15938,0.16003,0.15897,0.15936,17611523.0,1751385599999,2809007.38972,20281
DOGEUSDT,1751385600000,0.15936,0.15989,0.1589,0.15946,15426851.0,1751389199999,2456825.59521,16365
DOGEUSDT,1751389200000,0.15946,0.15967,0.15883,0.1595,16032401.0,1751392799999,2552327.35308,15395
DOGEUSDT,1751392800000,0.15951,0.15954,0.15746,0.15796,28864568.0,1751396399999,4566416.15338,23102
DOGEUSDT,1751396400000,0.15796,0.15877,0.1576,0.15797,16807219.0,1751399999999,2660245.22045,19902
DOGEUSDT,1751400000000,0.15798,0.15871,0.15715,0.15843,17737752.0,1751403599999,2802854.61302,17934
DOGEUSDT,1751403600000,0.15843,0.15893,0.1579,0.15837,10587834.0,1751407199999,1677922.19873,10372
DOGEUSDT,1751407200000,0.15836,0.15836,0.15754,0.15763,11835481.0,1751410799999,1869103.74702,13174
DOGEUSDT,1751410800000,0.15763,0.15779,0.15674,0.15778,18810675.0,1751414399999,2957315.79458,17239
DOGEUSDT,1751414400000,0.15779,0.15846,0.15765,0.15776,13349892.0,1751417999999,2109345.35807,12966
DOGEUSDT,1751418000000,0.15777,0.15881,0.15655,0.15873,21131876.0,1751421599999,3333572.89619,23196
DOGEUSDT,1751421600000,0.15874,0.15901,0.15815,0.15851,7318103.0,1751425199999,1160127.44629,8984
DOGEUSDT,1751425200000,0.15852,0.15956,0.15841,0.15945,15345520.0,1751428799999,2443263.10786,12327
DOGEUSDT,1751428800000,0.15946,0.1605,0.15913,0.16047,18065895.0,1751432399999,2884751.08466,16240
DOGEUSDT,1751432400000,0.16047,0.16085,0.16004,0.16073,19933224.0,1751435999999,3199460.62022,15986
DOGEUSDT,1751436000000,0.16073,0.16153,0.16042,0.16149,21705004.0,1751439599999,3494492.73184,17492
DOGEUSDT,1751439600000,0.16149,0.16174,0.16081,0.16083,13235833.0,1751443199999,2133945.37476,13588
DOGEUSDT,1751443200000,0.16084,0.16194,0.16084,0.16144,26507597.0,1751446799999,4280105.27588,17043
DOGEUSDT,1751446800000,0.16145,0.16166,0.16085,0.16103,12320804.0,1751450399999,1986632.34956,13272
DOGEUSDT,1751450400000,0.16104,0.16176,0.16083,0.16172,7959265.0,1751453999999,1283826.02729,9540
DOGEUSDT,1751454000000,0.16173,0.16226,0.16102,0.16116,11620526.0,1751457599999,1879940.75387,13557
DOGEUSDT,1751457600000,0.16117,0.16124,0.16,0.1605,11512440.0,1751461199999,1848782.94935,13848
DOGEUSDT,1751461200000,0.1605,0.16249,0.16039,0.16189,24135971.0,1751464799999,3894883.26005,28244
DOGEUSDT,1751464800000,0.16189,0.1639,0.16184,0.16354,73163820.0,1751468399999,11910627.7778,41368
DOGEUSDT,1751468400000,0.16353,0.16597,0.16341,0.16582,45886133.0,1751471999999,7549872.03958,41208
DOGEUSDT,1751472000000,0.16582,0.17268,0.16575,0.17186,210348912.0,1751475599999,35751861.62899,165190
DOGEUSDT,1751475600000,0.17186,0.17266,0.16856,0.17014,106748899.0,1751479199999,18253169.72837,91928
DOGEUSDT,1751479200000,0.17014,0.17188,0.17014,0.17147,42761160.0,1751482799999,7318528.4279,40805
DOGEUSDT,1751482800000,0.17146,0.17167,0.17011,0.17095,29447404.0,1751486399999,5031250.49652,26516
DOGEUSDT,1751486400000,0.17096,0.17222,0.17078,0.17111,36366072.0,1751489999999,6236014.03734,34430
DOGEUSDT,1751490000000,0.17111,0.17198,0.17101,0.17152,19733395.0,1751493599999,3383778.44967,16581
DOGEUSDT,1751493600000,0.17153,0.17233,0.17064,0.17069,27376133.0,1751497199999,4694848.58478,20220
DOGEUSDT,1751497200000,0.1707,0.17083,0.16843,0.16869,32264076.0,1751500799999,5468582.97325,25705
DOGEUSDT,1751500800000,0.16868,0.16969,0.1674,0.16864,95064277.0,1751504399999,16008317.20545,48254
DOGEUSDT,1751504400000,0.16863,0.1699,0.16803,0.16979,23470528.0,1751507999999,3969021.00753,21728
DOGEUSDT,1751508000000,0.16979,0.16987,0.16817,0.16887,16809919.0,1751511599999,2836023.06066,20128
DOGEUSDT,1751511600000,0.16888,0.16945,0.1684,0.16865,14485728.0,1751515199999,2446631.45575,15151
DOGEUSDT,1751515200000,0.16864,0.17026,0.16841,0.17019,19550009.0,1751518799999,3316450.30964,17944
DOGEUSDT,1751518800000,0.17019,0.1745,0.17019,0.17402,133205601.0,1751522399999,23026689.9965,67684
DOGEUSDT,1751522400000,0.17402,0.17464,0.17316,0.17431,40977264.0,1751525999999,7127882.33007,31476
DOGEUSDT,1751526000000,0.17431,0.17516,0.17341,0.17451,51072182.0,1751529599999,8907319.70433,32641
DOGEUSDT,1751529600000,0.17452,0.17473,0.17377,0.17378,32909612.0,1751533199999,5738259.77538,24755
DOGEUSDT,1751533200000,0.17377,0.17542,0.1737,0.1748,38316678.0,1751536799999,6692995.36499,36762
DOGEUSDT,1751536800000,0.17481,0.17495,0.17335,0.17405,41011389.0,1751540399999,7135160.13357,31836
DOGEUSDT,1751540400000,0.17406,0.17435,0.17282,0.17367,38034370.0,1751543999999,6599248.59274,28080
DOGEUSDT,1751544000000,0.17368,0.17514,0.17067,0.17197,122847176.0,1751547599999,21215195.99276,78174
DOGEUSDT,1751547600000,0.17197,0.17519,0.17155,0.17455,87473125.0,1751551199999,15163693.91958,82932
DOGEUSDT,1751551200000,0.17455,0.17505,0.17242,0.17299,67020608.0,1751554799999,11637706.60554,67915
DOGEUSDT,1751554800000,0.17299,0.1732,0.16933,0.16962,72520986.0,1751558399999,12388923.97388,52456
DOGEUSDT,1751558400000,0.16961,0.17112,0.16899,0.1707,48112305.0,1751561999999,8180840.90657,38512
DOGEUSDT,1751562000000,0.1707,0.17134,0.17062,0.17092,10313533.0,1751565599999,1763018.65959,12338
DOGEUSDT,1751565600000,0.17092,0.17185,0.17091,0.17168,10647635.0,1751569199999,1825660.94409,13546
DOGEUSDT,1751569200000,0.17168,0.17215,0.17148,0.17183,7416713.0,1751572799999,1274386.47241,11837
DOGEUSDT,1751572800000,0.17183,0.17269,0.1718,0.17245,9146475.0,1751576399999,1576357.02469,11858
DOGEUSDT,1751576400000,0.17245,0.17284,0.172,0.1723,11007116.0,1751579999999,1896751.03128,11503
DOGEUSDT,1751580000000,0.17229,0.17269,0.172,0.17265,13414000.0,1751583599999,2312432.73092,12878
DOGEUSDT,1751583600000,0.17264,0.17277,0.17182,0.17201,9646412.0,1751587199999,1661088.85516,9621
DOGEUSDT,1751587200000,0.17201,0.17244,0.17108,0.17151,21367256.0,1751590799999,3676356.04207,18788
DOGEUSDT,1751590800000,0.1715,0.17296,0.17142,0.17239,16566367.0,1751594399999,2856352.79915,17742
DOGEUSDT,1751594400000,0.17239,0.17272,0.17014,0.17068,40414203.0,1751597999999,6914979.08659,29032
DOGEUSDT,1751598000000,0.17068,0.17128,0.17037,0.17084,20252783.0,1751601599999,3461354.53099,15993
DOGEUSDT,1751601600000,0.17085,0.17122,0.1694,0.16944,21900809.0,1751605199999,3726312.90298,18124
DOGEUSDT,1751605200000,0.16944,0.17031,0.16911,0.16979,54130699.0,1751608799999,9189992.15735,25298
DOGEUSDT,1751608800000,0.16978,0.16978,0.16803,0.16863,38280176.0,1751612399999,6455474.24802,29635
DOGEUSDT,1751612400000,0.16863,0.16917,0.16642,0.16661,44920421.0,1751615999999,7523600.926,33363
DOGEUSDT,1751616000000,0.16661,0.16701,0.16484,0.16684,60521171.0,1751619599999,10041319.34923,44494
DOGEUSDT,1751619600000,0.16684,0.16758,0.16676,0.16733,34638840.0,1751623199999,5794665.43335,20331
DOGEUSDT,1751623200000,0.16732,0.16781,0.16647,0.16664,14576257.0,1751626799999,2436717.19209,16488
DOGEUSDT,1751626800000,0.16663,0.16724,0.16641,0.16668,9013586.0,1751630399999,1503510.60771,14250
DOGEUSDT,1751630400000,0.16667,0.16731,0.16626,0.16676,9393200.0,1751633999999,1567406.03963,16027
DOGEUSDT,1751634000000,0.16677,0.16726,0.16425,0.16434,48017033.0,1751637599999,7946241.94345,46988
DOGEUSDT,1751637600000,0.16434,0.16506,0.16328,0.1643,51699067.0,1751641199999,8488828.44715,59649
DOGEUSDT,1751641200000,0.1643,0.16442,0.1626,0.16316,49208763.0,1751644799999,8039460.81376,50872
DOGEUSDT,1751644800000,0.16315,0.16339,0.16128,0.16232,64084014.0,1751648399999,10402781.32645,56907
DOGEUSDT,1751648400000,0.16232,0.16292,0.16198,0.16286,42754877.0,1751651999999,6945332.40053,31092
DOGEUSDT,1751652000000,0.16285,0.16285,0.16173,0.16198,21508430.0,1751655599999,3491463.55896,19785
DOGEUSDT,1751655600000,0.16198,0.16251,0.16141,0.16199,20227117.0,1751659199999,3277950.11206,16917
DOGEUSDT,1751659200000,0.16198,0.16285,0.16179,0.16262,15432568.0,1751662799999,2507029.02315,14043
DOGEUSDT,1751662800000,0.16262,0.16287,0.16206,0.16282,11904639.0,1751666399999,1933525.4011,9509
DOGEUSDT,1751666400000,0.16282,0.16431,0.16264,0.1641,29562944.0,1751669999999,4835496.33259,21303
DOGEUSDT,1751670000000,0.16411,0.16411,0.16252,0.16288,16563930.0,1751673599999,2702386.70142,12640
DOGEUSDT,1751673600000,0.16289,0.16384,0.16278,0.16336,15312067.0,1751677199999,2502692.08667,14858
DOGEUSDT,1751677200000,0.16336,0.16359,0.16282,0.16323,18536622.0,1751680799999,3023496.18518,14395
DOGEUSDT,1751680800000,0.16323,0.16333,0.1619,0.16312,26008627.0,1751684399999,4232121.58732,15507
DOGEUSDT,1751684400000,0.16312,0.16467,0.16312,0.16438,18031401.0,1751687999999,2959796.76378,18621
DOGEUSDT,1751688000000,0.16438,0.16474,0.16356,0.16359,12840697.0,1751691599999,2106945.57806,14120
DOGEUSDT,1751691600000,0.1636,0.1644,0.1633,0.16435,6633168.0,1751695199999,1086620.34981,9689
DOGEUSDT,1751695200000,0.16435,0.16495,0.16397,0.16489,7928231.0,1751698799999,1304266.83581,11612
DOGEUSDT,1751698800000,0.16489,0.16507,0.16417,0.16443,37666571.0,1751702399999,6197511.54247,13769
DOGEUSDT,1751702400000,0.16444,0.16499,0.16348,0.16398,14693521.0,1751705999999,2411639.54417,14632
DOGEUSDT,1751706000000,0.16398,0.16454,0.16317,0.16442,11735593.0,1751709599999,1921055.95245,15196
DOGEUSDT,1751709600000,0.16443,0.16453,0.16387,0.16389,5685009.0,1751713199999,933554.38984,7638
DOGEUSDT,1751713200000,0.16389,0.16468,0.16389,0.16411,4227880.0,1751716799999,694960.76698,6345
DOGEUSDT,1751716800000,0.1641,0.16426,0.1634,0.16423,7716340.0,1751720399999,1264450.70256,9518
DOGEUSDT,1751720400000,0.16423,0.16444,0.16358,0.16375,5431444.0,1751723999999,890675.24076,8462
DOGEUSDT,1751724000000,0.16374,0.16413,0.1632,0.1637,9953953.0,1751727599999,1629280.44939,12198
DOGEUSDT,1751727600000,0.16369,0.16374,0.16284,0.16299,9665225.0,1751731199999,1576640.43056,10004
DOGEUSDT,1751731200000,0.163,0.16367,0.16239,0.16324,11202150.0,1751734799999,1824451.55502,14903
DOGEUSDT,1751734800000,0.16325,0.16371,0.16253,0.16338,10021827.0,1751738399999,1634402.83361,13053
DOGEUSDT,1751738400000,0.16338,0.16347,0.16219,0.16253,8023674.0,1751741999999,1305042.8651,12059
DOGEUSDT,1751742000000,0.16252,0.16358,0.16236,0.16341,14245256.0,1751745599999,2323467.5591,9837
DOGEUSDT,1751745600000,0.16341,0.1643,0.16321,0.16424,9619950.0,1751749199999,1575024.44307,9828
DOGEUSDT,1751749200000,0.16423,0.16443,0.16393,0.1643,10235295.0,1751752799999,1680469.67349,7415
DOGEUSDT,1751752800000,0.1643,0.16456,0.16397,0.16442,8678377.0,1751756399999,1425677.01011,9388
DOGEUSDT,1751756400000,0.16441,0.16472,0.16413,0.16421,8698494.0,1751759999999,1429958.69992,5780
DOGEUSDT,1751760000000,0.16422,0.16447,0.16381,0.16443,5763531.0,1751763599999,945811.19587,6978
DOGEUSDT,1751763600000,0.16442,0.16456,0.16398,0.1642,22925733.0,1751767199999,3766141.84324,7789
DOGEUSDT,1751767200000,0.16421,0.1644,0.16345,0.16346,11579694.0,1751770799999,1899565.00936,8642
DOGEUSDT,1751770800000,0.16347,0.16382,0.1633,0.16379,10182902.0,1751774399999,1665429.07821,7859
DOGEUSDT,1751774400000,0.16378,0.16399,0.16352,0.16363,6487982.0,1751777999999,1062330.26043,6154
DOGEUSDT,1751778000000,0.16363,0.16365,0.16322,0.16333,4154700.0,1751781599999,679031.28829,4839
DOGEUSDT,1751781600000,0.16333,0.16425,0.16313,0.16388,9931794.0,1751785199999,1627625.86707,9733
DOGEUSDT,1751785200000,0.16389,0.16433,0.16378,0.16381,6357235.0,1751788799999,1042631.62702,8738
DOGEUSDT,1751788800000,0.16381,0.16407,0.16313,0.16383,8134077.0,1751792399999,1330785.71369,9057
DOGEUSDT,1751792400000,0.16383,0.16403,0.16338,0.1634,9186806.0,1751795999999,1504366.45897,8298
DOGEUSDT,1751796000000,0.1634,0.16491,0.16326,0.16457,19962992.0,1751799599999,3275687.23994,15030
DOGEUSDT,1751799600000,0.16457,0.16554,0.16374,0.16547,35325041.0,1751803199999,5808730.26704,18778
DOGEUSDT,1751803200000,0.16547,0.16749,0.16502,0.16694,40679202.0,1751806799999,6764864.77009,27703
DOGEUSDT,1751806800000,0.16694,0.17524,0.16638,0.17305,279018952.0,1751810399999,47788883.78791,145458
DOGEUSDT,1751810400000,0.17306,0.174,0.16888,0.17054,128772480.0,1751813999999,22078803.78694,87729
DOGEUSDT,1751814000000,0.17054,0.17123,0.16953,0.17019,43242076.0,1751817599999,7373242.57563,33681
DOGEUSDT,1751817600000,0.17019,0.17106,0.17019,0.17099,25333742.0,1751821199999,4325961.6872,25950
DOGEUSDT,1751821200000,0.171,0.17105,0.17016,0.17065,12630887.0,1751824799999,2155954.13053,14932
DOGEUSDT,1751824800000,0.17065,0.1707,0.16741,0.16869,35011164.0,1751828399999,5899466.54737,34596
DOGEUSDT,1751828400000,0.16868,0.16943,0.16858,0.16942,20066880.0,1751831999999,3392463.34487,19065
DOGEUSDT,1751832000000,0.16942,0.17087,0.16941,0.17042,12179389.0,1751835599999,2073062.41399,17813
DOGEUSDT,1751835600000,0.17042,0.17378,0.17042,0.17195,53312046.0,1751839199999,9190867.84248,42853
DOGEUSDT,1751839200000,0.17195,0.17345,0.17195,0.17305,33448483.0,1751842799999,5783997.23778,34982
DOGEUSDT,1751842800000,0.17304,0.17318,0.17116,0.17196,46291533.0,1751846399999,7962348.79526,33767
DOGEUSDT,1751846400000,0.17196,0.17217,0.17067,0.17116,34066658.0,1751849999999,5843729.14919,34256
DOGEUSDT,1751850000000,0.17117,0.17184,0.17016,0.1716,20751159.0,1751853599999,3544963.01759,25920
DOGEUSDT,1751853600000,0.1716,0.17437,0.1716,0.17303,43498116.0,1751857199999,7532845.17009,41945
DOGEUSDT,1751857200000,0.17303,0.17719,0.17292,0.17501,86054748.0,1751860799999,15104137.8735,69245
DOGEUSDT,1751860800000,0.17502,0.17592,0.17407,0.17411,40420491.0,1751864399999,7061879.60684,34938
DOGEUSDT,1751864400000,0.17411,0.17449,0.17306,0.17326,37133320.0,1751867999999,6452558.98669,30287
DOGEUSDT,1751868000000,0.17325,0.17436,0.17229,0.17253,34429093.0,1751871599999,5967951.39554,30084
DOGEUSDT,1751871600000,0.17254,0.17341,0.17177,0.17322,64081469.0,1751875199999,11063500.26222,32602
DOGEUSDT,1751875200000,0.17322,0.17337,0.17223,0.17267,19655427.0,1751878799999,3395470.05075,22006
DOGEUSDT,1751878800000,0.17266,0.17266,0.17118,0.17125,22095820.0,1751882399999,3796134.39475,20816
DOGEUSDT,1751882400000,0.17125,0.1717,0.17068,0.17126,32017347.0,1751885999999,5481195.06076,20810
DOGEUSDT,1751886000000,0.17127,0.17154,0.17048,0.17094,19130390.0,1751889599999,3270745.76776,19406
DOGEUSDT,1751889600000,0.17095,0.17099,0.1692,0.16952,32158384.0,1751893199999,5462359.37578,30950
DOGEUSDT,1751893200000,0.16952,0.17093,0.1689,0.17076,53334410.0,1751896799999,9059782.90197,49521
DOGEUSDT,1751896800000,0.17075,0.17086,0.16791,0.16853,47552582.0,1751900399999,8046765.89727,46702
DOGEUSDT,1751900400000,0.16854,0.16933,0.168,0.16856,34403404.0,1751903999999,5801661.91557,34629
DOGEUSDT,1751904000000,0.16857,0.16914,0.16708,0.16715,64858166.0,1751907599999,10893135.07936,58253
DOGEUSDT,1751907600000,0.16714,0.1683,0.16626,0.16727,48400916.0,1751911199999,8089438.50661,36595
DOGEUSDT,1751911200000,0.16726,0.16785,0.16638,0.16781,28745451.0,1751914799999,4801025.44432,25247
DOGEUSDT,1751914800000,0.16781,0.16878,0.16746,0.16795,25529892.0,1751918399999,4294197.45177,25195
DOGEUSDT,1751918400000,0.16794,0.16794,0.16621,0.16689,18848488.0,1751921999999,3148891.17114,22716
DOGEUSDT,1751922000000,0.16689,0.16749,0.16569,0.16718,27723175.0,1751925599999,4617633.70264,21744
DOGEUSDT,1751925600000,0.16718,0.16733,0.16638,0.16697,12135513.0,1751929199999,2023951.67065,15845
DOGEUSDT,1751929200000,0.16698,0.16804,0.16685,0.16792,12944153.0,1751932799999,2169892.03394,11534
DOGEUSDT,1751932800000,0.16793,0.16878,0.1673,0.16771,47726216.0,1751936399999,8022236.43189,34956
DOGEUSDT,1751936400000,0.16771,0.16771,0.16646,0.16674,19501625.0,1751939999999,3257707.61968,21565
DOGEUSDT,1751940000000,0.16674,0.16738,0.16589,0.16651,57086446.0,1751943599999,9506584.60788,29572
DOGEUSDT,1751943600000,0.1665,0.16829,0.16646,0.16795,20102443.0,1751947199999,3369140.90982,18760
DOGEUSDT,1751947200000,0.16795,0.16805,0.16732,0.16775,9632678.0,1751950799999,1615706.17346,12050
DOGEUSDT,1751950800000,0.16775,0.16839,0.16739,0.16828,7708491.0,1751954399999,1294296.61961,12558
DOGEUSDT,1751954400000,0.16827,0.16848,0.16764,0.16816,16991082.0,1751957999999,2856943.41153,17145
DOGEUSDT,1751958000000,0.16815,0.16897,0.1674,0.1688,18730631.0,1751961599999,3149640.00899,16014
DOGEUSDT,1751961600000,0.1688,0.16988,0.16825,0.16826,29794242.0,1751965199999,5039472.08028,27120
DOGEUSDT,1751965200000,0.16826,0.16906,0.16802,0.16875,11619719.0,1751968799999,1958785.54365,14458
DOGEUSDT,1751968800000,0.16875,0.17019,0.16858,0.16962,17117485.0,1751972399999,2902740.0897,20529
DOGEUSDT,1751972400000,0.16963,0.17194,0.16946,0.17095,71656101.0,1751975999999,12242988.77792,47608
DOGEUSDT,1751976000000,0.17096,0.17189,0.17065,0.17175,21099105.0,1751979599999,3613198.83845,22408
DOGEUSDT,1751979600000,0.17174,0.17179,0.17004,0.17071,23483364.0,1751983199999,4013656.67543,29227
DOGEUSDT,1751983200000,0.1707,0.17079,0.16836,0.16876,44883909.0,1751986799999,7607593.80628,40542
DOGEUSDT,1751986800000,0.16877,0.17011,0.16861,0.16924,18006749.0,1751990399999,3048216.87027,25219
DOGEUSDT,1751990400000,0.16925,0.17043,0.16857,0.16991,16766663.0,1751993999999,2842339.11836,23848
DOGEUSDT,1751994000000,0.16991,0.172,0.1698,0.17122,33675058.0,1751997599999,5765214.8438,34580
DOGEUSDT,1751997600000,0.17123,0.1716,0.17063,0.17136,19734488.0,1752001199999,3375571.4936,16338
DOGEUSDT,1752001200000,0.17136,0.17136,0.17015,0.17069,20426786.0,1752004799999,3482855.82583,16638
DOGEUSDT,1752004800000,0.17069,0.17082,0.16988,0.16989,9194314.0,1752008399999,1565684.7449,11310
DOGEUSDT,1752008400000,0.16989,0.17104,0.16988,0.17064,11339393.0,1752011999999,1933205.83834,11369
DOGEUSDT,1752012000000,0.17064,0.1713,0.17047,0.17128,8207770.0,1752015599999,1402366.47216,12165
DOGEUSDT,1752015600000,0.17129,0.17129,0.17063,0.17094,6482592.0,1752019199999,1108389.9319,9722
DOGEUSDT,1752019200000,0.17094,0.17097,0.16999,0.17061,10416215.0,1752022799999,1775664.83022,10169
DOGEUSDT,1752022800000,0.17061,0.1715,0.16991,0.17063,14131320.0,1752026399999,2410006.74805,17471
DOGEUSDT,1752026400000,0.17064,0.17195,0.17049,0.17166,48961795.0,1752029999999,8397945.80574,27974
DOGEUSDT,1752030000000,0.17166,0.17246,0.17019,0.17045,26551372.0,1752033599999,4545167.77736,25411
DOGEUSDT,1752033600000,0.17045,0.17126,0.1702,0.17125,10575914.0,1752037199999,1805318.40044,11925
DOGEUSDT,1752037200000,0.17126,0.17362,0.17068,0.17228,53170142.0,1752040799999,9158557.51743,41735
DOGEUSDT,1752040800000,0.17228,0.17276,0.17163,0.1725,18975763.0,1752044399999,3267794.4679,19512
DOGEUSDT,1752044400000,0.1725,0.17256,0.17166,0.17191,11600351.0,1752047999999,1995792.84458,11519
DOGEUSDT,1752048000000,0.17191,0.1721,0.17127,0.17145,13683569.0,1752051599999,2350140.91261,16103
DOGEUSDT,1752051600000,0.17145,0.1719,0.17111,0.17169,15312485.0,1752055199999,2624284.31606,14571
DOGEUSDT,1752055200000,0.17169,0.17254,0.17155,0.17251,21739189.0,1752058799999,3742184.21401,14278
DOGEUSDT,1752058800000,0.17251,0.17384,0.17251,0.17329,29295238.0,1752062399999,5071402.59073,25994
DOGEUSDT,1752062400000,0.1733,0.17479,0.17297,0.17374,65612593.0,1752065999999,11426764.80039,43927
DOGEUSDT,1752066000000,0.17375,0.17468,0.17284,0.17304,40436347.0,1752069599999,7028987.40454,38459
DOGEUSDT,1752069600000,0.17303,0.17371,0.17123,0.17232,50911291.0,1752073199999,8767511.95906,49871
DOGEUSDT,1752073200000,0.17231,0.1735,0.17208,0.17303,25092387.0,1752076799999,4335739.09446,25287
DOGEUSDT,1752076800000,0.17303,0.17392,0.17294,0.17359,16912266.0,1752080399999,2934395.40359,24058
DOGEUSDT,1752080400000,0.17358,0.17392,0.17229,0.17278,28481169.0,1752083999999,4927404.96396,26182
DOGEUSDT,1752084000000,0.17279,0.17445,0.17196,0.17255,126611723.0,1752087599999,21914791.54558,49376
DOGEUSDT,1752087600000,0.17255,0.17769,0.17226,0.17692,119343921.0,1752091199999,20916778.86033,81948
DOGEUSDT,1752091200000,0.17692,0.18661,0.17521,0.18176,295458750.0,1752094799999,53485391.82639,236030
DOGEUSDT,1752094800000,0.18176,0.18294,0.18057,0.18088,72041600.0,1752098399999,13086853.97488,70643
DOGEUSDT,1752098400000,0.18088,0.18242,0.18088,0.18204,40083586.0,1752101999999,7285886.66317,42531
DOGEUSDT,1752102000000,0.18204,0.18234,0.1805,0.18053,32797959.0,1752105599999,5953685.11878,31125
DOGEUSDT,1752105600000,0.18053,0.18169,0.17874,0.17878,54523078.0,1752109199999,9820648.85441,42578
DOGEUSDT,1752109200000,0.17878,0.18115,0.17878,0.18089,31222153.0,1752112799999,5621946.51666,27298
DOGEUSDT,1752112800000,0.1809,0.18153,0.18045,0.18097,24239927.0,1752116399999,4386370.10698,27753
DOGEUSDT,1752116400000,0.18096,0.18137,0.17986,0.18027,24529013.0,1752119999999,4426638.85303,18820
DOGEUSDT,1752120000000,0.18028,0.18116,0.17939,0.18112,26121314.0,1752123599999,4707618.09751,18014
DOGEUSDT,1752123600000,0.18113,0.18135,0.18051,0.1808,22055276.0,1752127199999,3987975.20813,19294
DOGEUSDT,1752127200000,0.18079,0.18161,0.18018,0.18156,17725474.0,1752130799999,3206406.34425,22256
DOGEUSDT,1752130800000,0.18155,0.18246,0.18137,0.18172,32693280.0,1752134399999,5947014.1449,33811
DOGEUSDT,1752134400000,0.18172,0.18273,0.18151,0.1826,24647334.0,1752137999999,4491557.09525,23118
DOGEUSDT,1752138000000,0.1826,0.18272,0.18116,0.18129,37512418.0,1752141599999,6826793.31657,29346
DOGEUSDT,1752141600000,0.18129,0.18145,0.18042,0.18129,32226899.0,1752145199999,5829932.55707,22855
DOGEUSDT,1752145200000,0.18129,0.18129,0.18044,0.18064,15565601.0,1752148799999,2813492.25938,18307
DOGEUSDT,1752148800000,0.18064,0.18065,0.17962,0.18014,27375133.0,1752152399999,4930567.94362,28141
DOGEUSDT,1752152400000,0.18014,0.18099,0.17943,0.17986,32587918.0,1752155999999,5870829.604,37544
DOGEUSDT,1752156000000,0.17986,0.18062,0.17889,0.18016,36462230.0,1752159599999,6548996.34444,40004
DOGEUSDT,1752159600000,0.18016,0.18082,0.17919,0.18059,18831146.0,1752163199999,3390125.8873,27390
DOGEUSDT,1752163200000,0.18059,0.18435,0.18018,0.18369,95315582.0,1752166799999,17423433.70095,79588
DOGEUSDT,1752166800000,0.1837,0.1866,0.18315,0.18612,85176461.0,1752170399999,15759662.2371,80413
DOGEUSDT,1752170400000,0.18613,0.18748,0.18401,0.18547,78326985.0,1752173999999,14549682.24833,73782
DOGEUSDT,1752174000000,0.18548,0.18673,0.18521,0.18575,31545461.0,1752177599999,5868559.59679,35203
DOGEUSDT,1752177600000,0.18575,0.18736,0.18572,0.18723,29366752.0,1752181199999,5486271.60738,31430
DOGEUSDT,1752181200000,0.18722,0.19326,0.18669,0.19177,191041164.0,1752184799999,36413113.00246,132432
DOGEUSDT,1752184800000,0.19178,0.19415,0.19137,0.19396,75139938.0,1752188399999,14477485.25485,78259
DOGEUSDT,1752188400000,0.19395,0.19641,0.19304,0.19507,101911572.0,1752191999999,19840526.12779,93245
DOGEUSDT,1752192000000,0.19508,0.1956,0.19115,0.19269,81619444.0,1752195599999,15770587.7239,89764
DOGEUSDT,1752195600000,0.19269,0.19599,0.19243,0.19578,65632671.0,1752199199999,12778952.0394,64721
DOGEUSDT,1752199200000,0.19578,0.1992,0.19517,0.19889,81543743.0,1752202799999,16123438.36138,96085
DOGEUSDT,1752202800000,0.19889,0.19918,0.19708,0.1983,51826044.0,1752206399999,10274351.63201,53282
DOGEUSDT,1752206400000,0.1983,0.19876,0.19711,0.19842,58106746.0,1752209999999,11498259.94026,49123
DOGEUSDT,1752210000000,0.19842,0.20139,0.19818,0.1983,118339667.0,1752213599999,23629790.26928,106768
DOGEUSDT,1752213600000,0.19831,0.19987,0.19575,0.19664,74942191.0,1752217199999,14842723.94445,80268
DOGEUSDT,1752217200000,0.19666,0.19847,0.19498,0.19646,84260703.0,1752220799999,16583102.20137,83129
DOGEUSDT,1752220800000,0.19647,0.19802,0.19645,0.19765,34652372.0,1752224399999,6835516.46545,40622
DOGEUSDT,1752224400000,0.19766,0.19988,0.19711,0.19887,53732468.0,1752227999999,10666731.75982,54853
DOGEUSDT,1752228000000,0.19886,0.2005,0.19816,0.19939,49854964.0,1752231599999,9940957.72375,65678
DOGEUSDT,1752231600000,0.19939,0.20039,0.19793,0.19901,74289036.0,1752235199999,14775843.15718,83395
DOGEUSDT,1752235200000,0.19902,0.20148,0.19787,0.20058,72230162.0,1752238799999,14422839.10648,74721
DOGEUSDT,1752238800000,0.20057,0.2045,0.19869,0.20278,155525132.0,1752242399999,31331023.32224,176035
DOGEUSDT,1752242400000,0.20278,0.20692,0.2012,0.2044,207867967.0,1752245999999,42567155.03014,208737
DOGEUSDT,1752246000000,0.20439,0.2094,0.20022,0.20121,281433061.0,1752249599999,57633143.6115,254455
DOGEUSDT,1752249600000,0.20122,0.20577,0.19941,0.20509,184846768.0,1752253199999,37398850.6381,173697
DOGEUSDT,1752253200000,0.20509,0.21247,0.20497,0.21081,208106291.0,1752256799999,43526245.99124,164988
DOGEUSDT,1752256800000,0.21081,0.21366,0.2107,0.21176,143834986.0,1752260399999,30536669.92458,81059
DOGEUSDT,1752260400000,0.21176,0.21315,0.20932,0.21171,88863317.0,1752263999999,18747936.05671,55425
DOGEUSDT,1752264000000,0.21169,0.21172,0.20599,0.20609,67679072.0,1752267599999,14140597.09874,53543
DOGEUSDT,1752267600000,0.2061,0.207,0.20169,0.20279,74726667.0,1752271199999,15281795.63695,54713
DOGEUSDT,1752271200000,0.20279,0.20329,0.19628,0.20077,98509568.0,1752274799999,19631465.58473,74803
DOGEUSDT,1752274800000,0.20078,0.20268,0.20019,0.20103,47808477.0,1752278399999,9625913.4696,42379
DOGEUSDT,1752278400000,0.20103,0.20242,0.19773,0.19977,52877968.0,1752281999999,10550753.50458,66224
DOGEUSDT,1752282000000,0.19977,0.20324,0.19971,0.20255,42444982.0,1752285599999,8569726.00013,61286
DOGEUSDT,1752285600000,0.20254,0.20654,0.20212,0.20385,50454594.0,1752289199999,10315075.41224,78909
DOGEUSDT,1752289200000,0.20384,0.20539,0.20303,0.20394,27454484.0,1752292799999,5603630.3691,42076
DOGEUSDT,1752292800000,0.20393,0.20476,0.20129,0.20173,37170482.0,1752296399999,7545181.49275,52425
DOGEUSDT,1752296400000,0.20174,0.20286,0.20026,0.20169,51319373.0,1752299999999,10343824.98837,50384
DOGEUSDT,1752300000000,0.20169,0.20294,0.2006,0.20202,28938170.0,1752303599999,5838916.23621,35605
DOGEUSDT,1752303600000,0.20203,0.20267,0.20046,0.20124,27041898.0,1752307199999,5451637.25319,34701
DOGEUSDT,1752307200000,0.20125,0.2019,0.19919,0.20041,28713008.0,1752310799999,5757293.24874,41229
DOGEUSDT,1752310800000,0.20041,0.20231,0.19974,0.2022,27644060.0,1752314399999,5559743.3111,45075
DOGEUSDT,1752314400000,0.20219,0.20285,0.20106,0.20216,41106921.0,1752317999999,8305014.79376,52887
DOGEUSDT,1752318000000,0.20216,0.20265,0.20024,0.20048,22655664.0,1752321599999,4558201.24931,43160
DOGEUSDT,1752321600000,0.20048,0.20074,0.19362,0.19676,127604731.0,1752325199999,25150748.95866,95135
DOGEUSDT,1752325200000,0.19675,0.19695,0.19409,0.19694,77303010.0,1752328799999,15137744.64196,61836
DOGEUSDT,1752328800000,0.19695,0.1983,0.19542,0.19573,37613903.0,1752332399999,7411176.49587,48264
DOGEUSDT,1752332400000,0.19574,0.19618,0.1919,0.19314,89495746.0,1752335999999,17319031.34261,79750
DOGEUSDT,1752336000000,0.19315,0.19583,0.19212,0.19421,34473986.0,1752339599999,6703730.98971,41320
DOGEUSDT,1752339600000,0.19421,0.19749,0.1942,0.19728,27482954.0,1752343199999,5386453.46513,34198
DOGEUSDT,1752343200000,0.19728,0.19798,0.19666,0.19754,19434626.0,1752346799999,3835973.31561,25092
DOGEUSDT,1752346800000,0.19753,0.19819,0.19691,0.19746,17048875.0,1752350399999,3368959.16207,22484
DOGEUSDT,1752350400000,0.19746,0.19749,0.19415,0.19415,18955003.0,1752353999999,3711408.36133,22653
DOGEUSDT,1752354000000,0.19415,0.19693,0.19413,0.19649,19796077.0,1752357599999,3870450.37731,19836
DOGEUSDT,1752357600000,0.19649,0.19759,0.19493,0.19729,20047605.0,1752361199999,3943494.80061,24503
DOGEUSDT,1752361200000,0.19729,0.19786,0.196,0.19742,13249740.0,1752364799999,2610299.57581,17590
DOGEUSDT,1752364800000,0.19741,0.1989,0.1965,0.19736,26115018.0,1752368399999,5163498.99872,40611
DOGEUSDT,1752368400000,0.19736,0.19909,0.19707,0.19834,25507370.0,1752371999999,5049562.57957,38406
DOGEUSDT,1752372000000,0.19834,0.19944,0.19626,0.1984,25129526.0,1752375599999,4970339.20378,42029
DOGEUSDT,1752375600000,0.1984,0.19896,0.19754,0.19853,16989312.0,1752379199999,3371272.95786,29472
DOGEUSDT,1752379200000,0.19852,0.19927,0.1977,0.19912,19748993.0,1752382799999,3921124.51156,30730
DOGEUSDT,1752382800000,0.19912,0.1992,0.19743,0.19764,18167953.0,1752386399999,3603253.04545,27417
DOGEUSDT,1752386400000,0.19763,0.19981,0.19758,0.19876,24486298.0,1752389999999,4871891.75452,33927
DOGEUSDT,1752390000000,0.19875,0.19993,0.19824,0.19939,30057109.0,1752393599999,5987973.07929,32818
DOGEUSDT,1752393600000,0.19938,0.19939,0.19739,0.19784,20509506.0,1752397199999,4069684.14009,27665
DOGEUSDT,1752397200000,0.19785,0.19839,0.19642,0.19711,38230926.0,1752400799999,7535867.86444,37849
DOGEUSDT,1752400800000,0.19711,0.19798,0.19644,0.19685,18720985.0,1752404399999,3693920.75675,28060
DOGEUSDT,1752404400000,0.19685,0.19907,0.19682,0.19892,21275483.0,1752407999999,4223104.14663,33181
DOGEUSDT,1752408000000,0.19891,0.20148,0.19829,0.20067,53897640.0,1752411599999,10778648.6453,61359
DOGEUSDT,1752411600000,0.20066,0.20157,0.19893,0.20079,47115608.0,1752415199999,9443630.67404,56691
DOGEUSDT,1752415200000,0.2008,0.20412,0.20024,0.20113,109436189.0,1752418799999,22126680.50911,105222
DOGEUSDT,1752418800000,0.20113,0.20314,0.19964,0.20013,58416877.0,1752422399999,11732924.30734,66106
DOGEUSDT,1752422400000,0.20014,0.20145,0.19828,0.19888,65725602.0,1752425999999,13166388.95638,52644
DOGEUSDT,1752426000000,0.19888,0.20104,0.19782,0.20078,27081753.0,1752429599999,5407111.92652,36300
DOGEUSDT,1752429600000,0.20078,0.20237,0.20031,0.20192,17889042.0,1752433199999,3604810.67107,30283
DOGEUSDT,1752433200000,0.20192,0.2034,0.20117,0.20126,23775190.0,1752436799999,4806661.39225,37426
DOGEUSDT,1752436800000,0.20125,0.20198,0.20002,0.201,22542449.0,1752440399999,4532477.30627,25548
DOGEUSDT,1752440400000,0.201,0.201,0.19655,0.1974,43379211.0,1752443999999,8600254.00193,38125
DOGEUSDT,1752444000000,0.19739,0.1981,0.19576,0.19714,41700824.0,1752447599999,8213789.70392,44245
DOGEUSDT,1752447600000,0.19714,0.19895,0.19657,0.19855,24907042.0,1752451199999,4927195.95161,29920
DOGEUSDT,1752451200000,0.19855,0.20004,0.19765,0.19872,30063184.0,1752454799999,5982319.39131,48895
DOGEUSDT,1752454800000,0.19873,0.19994,0.19789,0.19943,32777307.0,1752458399999,6516303.88589,58613
DOGEUSDT,1752458400000,0.19943,0.20284,0.19908,0.2013,70646631.0,1752461999999,14215103.12142,78240
DOGEUSDT,1752462000000,0.2013,0.2065,0.20087,0.2046,101027156.0,1752465599999,20628697.27213,99042
DOGEUSDT,1752465600000,0.2046,0.20827,0.20394,0.20808,95198933.0,1752469199999,19595848.08555,91252
DOGEUSDT,1752469200000,0.20808,0.21097,0.20327,0.20653,165656718.0,1752472799999,34472936.57316,153495
DOGEUSDT,1752472800000,0.20654,0.20715,0.20415,0.20646,65140001.0,1752476399999,13403187.33384,74444
DOGEUSDT,1752476400000,0.20646,0.209,0.20629,0.20768,66838439.0,1752479999999,13901266.97015,72423
DOGEUSDT,1752480000000,0.20769,0.20786,0.20463,0.20684,81355132.0,1752483599999,16762971.95376,85110
DOGEUSDT,1752483600000,0.20684,0.2093,0.20579,0.20754,84443056.0,1752487199999,17536601.41479,83290
DOGEUSDT,1752487200000,0.20753,0.20781,0.20523,0.20674,73954564.0,1752490799999,15282068.10943,80168
DOGEUSDT,1752490800000,0.20674,0.20806,0.20507,0.20565,64098917.0,1752494399999,13235156.44394,79179
DOGEUSDT,1752494400000,0.20564,0.20639,0.20418,0.20575,48808022.0,1752497999999,10022910.32358,62318
DOGEUSDT,1752498000000,0.20575,0.2066,0.20333,0.2056,66624675.0,1752501599999,13661567.2768,63022
DOGEUSDT,1752501600000,0.2056,0.20714,0.20112,0.20282,141836018.0,1752505199999,28792824.00713,89956
DOGEUSDT,1752505200000,0.20282,0.20284,0.19803,0.19931,119097887.0,1752508799999,23851317.22177,86657
DOGEUSDT,1752508800000,0.1993,0.20159,0.1981,0.20147,71667851.0,1752512399999,14317575.72448,58454
DOGEUSDT,1752512400000,0.20148,0.2015,0.19862,0.19993,30915122.0,1752515999999,6184114.5788,37686
DOGEUSDT,1752516000000,0.19994,0.2,0.1975,0.19792,32859793.0,1752519599999,6526657.17871,42611
DOGEUSDT,1752519600000,0.19792,0.19887,0.19717,0.19837,27871088.0,1752523199999,5519326.19969,30308
DOGEUSDT,1752523200000,0.19837,0.19838,0.19464,0.19763,71924945.0,1752526799999,14139531.4134,56458
DOGEUSDT,1752526800000,0.19762,0.19857,0.19705,0.19813,21415051.0,1752530399999,4236636.58593,18003
DOGEUSDT,1752530400000,0.19812,0.19831,0.197,0.19794,27557228.0,1752533999999,5448651.55932,27017
DOGEUSDT,1752534000000,0.19794,0.19816,0.19633,0.19749,31024729.0,1752537599999,6113512.81308,24130
DOGEUSDT,1752537600000,0.19748,0.19842,0.19464,0.19518,40680179.0,1752541199999,7990913.92635,58003
DOGEUSDT,1752541200000,0.19519,0.19574,0.19234,0.19331,76310120.0,1752544799999,14808743.74964,91535
DOGEUSDT,1752544800000,0.19331,0.19412,0.19116,0.19249,75000885.0,1752548399999,14427447.77049,94017
DOGEUSDT,1752548400000,0.19249,0.19259,0.18842,0.19035,121622299.0,1752551999999,23103788.43016,113754
DOGEUSDT,1752552000000,0.19036,0.19198,0.18857,0.19174,60238686.0,1752555599999,11473291.28158,60775
DOGEUSDT,1752555600000,0.19173,0.19254,0.19082,0.19157,35336370.0,1752559199999,6778739.01474,42972
DOGEUSDT,1752559200000,0.19158,0.19253,0.19073,0.19147,35184647.0,1752562799999,6739145.22687,40719
DOGEUSDT,1752562800000,0.19147,0.19229,0.19048,0.19072,44599284.0,1752566399999,8532659.30801,37419
DOGEUSDT,1752566400000,0.19073,0.1924,0.1896,0.19093,37073440.0,1752569999999,7081905.28272,45448
DOGEUSDT,1752570000000,0.19094,0.19234,0.19081,0.19096,33887311.0,1752573599999,6491215.8846,29281
DOGEUSDT,1752573600000,0.19097,0.19239,0.19091,0.19218,55488787.0,1752577199999,10645830.56472,31474
DOGEUSDT,1752577200000,0.19218,0.19278,0.19071,0.192,29058964.0,1752580799999,5567767.36303,38607
DOGEUSDT,1752580800000,0.19201,0.19447,0.1902,0.19274,62266386.0,1752584399999,11977660.51243,87878
DOGEUSDT,1752584400000,0.19275,0.19566,0.19227,0.19472,97810608.0,1752587999999,18984845.55205,114788
DOGEUSDT,1752588000000,0.19472,0.19578,0.18938,0.19,93711581.0,1752591599999,18038032.19653,106380
DOGEUSDT,1752591600000,0.19001,0.19325,0.18945,0.19269,59610937.0,1752595199999,11396531.32141,80516
DOGEUSDT,1752595200000,0.19269,0.19542,0.19236,0.19453,57615386.0,1752598799999,11186833.78017,64141
DOGEUSDT,1752598800000,0.19454,0.19847,0.19427,0.19826,48230919.0,1752602399999,9495995.13925,52320
DOGEUSDT,1752602400000,0.19826,0.19846,0.19234,0.19416,85634337.0,1752605999999,16730797.47651,79085
DOGEUSDT,1752606000000,0.19416,0.1957,0.19159,0.19189,36674218.0,1752609599999,7098451.86182,46531
DOGEUSDT,1752609600000,0.19188,0.19385,0.19122,0.19328,25357783.0,1752613199999,4888718.96283,30552
DOGEUSDT,1752613200000,0.19328,0.19663,0.19303,0.19594,19355395.0,1752616799999,3776561.49632,22059
DOGEUSDT,1752616800000,0.19595,0.1967,0.195,0.19665,25876667.0,1752620399999,5064979.5613,25608
DOGEUSDT,1752620400000,0.19666,0.19934,0.19665,0.19919,57229322.0,1752623999999,11347452.57713,41658
DOGEUSDT,1752624000000,0.1992,0.20232,0.19782,0.20132,89109648.0,1752627599999,17854458.87863,65442
DOGEUSDT,1752627600000,0.20131,0.20141,0.19943,0.20022,52626124.0,1752631199999,10552597.10729,48178
DOGEUSDT,1752631200000,0.20021,0.20053,0.19578,0.19732,68452191.0,1752634799999,13500667.51885,65268
DOGEUSDT,1752634800000,0.19732,0.1978,0.19653,0.197,44107426.0,1752638399999,8691258.20878,31244
DOGEUSDT,1752638400000,0.197,0.19729,0.19553,0.19709,19826888.0,1752641999999,3895998.60375,27524
DOGEUSDT,1752642000000,0.19709,0.19865,0.19709,0.19766,31115284.0,1752645599999,6162797.44024,38793
DOGEUSDT,1752645600000,0.19765,0.2,0.19681,0.19945,40106708.0,1752649199999,7972191.67787,36919
DOGEUSDT,1752649200000,0.19944,0.1999,0.19825,0.1991,26416805.0,1752652799999,5262280.51333,31711
DOGEUSDT,1752652800000,0.19909,0.20044,0.19832,0.20016,41671444.0,1752656399999,8310264.14866,38404
DOGEUSDT,1752656400000,0.20016,0.20218,0.20006,0.20149,65901603.0,1752659999999,13261618.70868,61489
DOGEUSDT,1752660000000,0.2015,0.20226,0.20064,0.20093,49381556.0,1752663599999,9943896.74089,37155
DOGEUSDT,1752663600000,0.20094,0.20196,0.19998,0.20078,66497589.0,1752667199999,13359246.29037,43532
DOGEUSDT,1752667200000,0.20078,0.20305,0.20053,0.20134,51606772.0,1752670799999,10423040.76009,61044
DOGEUSDT,1752670800000,0.20135,0.2023,0.20011,0.20111,51199448.0,1752674399999,10297677.10365,70732
DOGEUSDT,1752674400000,0.2011,0.20422,0.19927,0.20369,82196380.0,1752677999999,16588743.14849,103921
DOGEUSDT,1752678000000,0.2037,0.20675,0.20031,0.20327,144201168.0,1752681599999,29374516.59705,149377
DOGEUSDT,1752681600000,0.20326,0.20773,0.20221,0.20672,93741294.0,1752685199999,19266960.68295,103533
DOGEUSDT,1752685200000,0.20672,0.2083,0.20563,0.20708,67859916.0,1752688799999,14045853.4509,73738
DOGEUSDT,1752688800000,0.20709,0.21074,0.20707,0.20836,112852066.0,1752692399999,23628259.23188,80038
DOGEUSDT,1752692400000,0.20837,0.2094,0.20682,0.20877,67645920.0,1752695999999,14078577.21994,60616
DOGEUSDT,1752696000000,0.20877,0.21255,0.20851,0.21168,88034493.0,1752699599999,18554779.86872,71049
DOGEUSDT,1752699600000,0.21167,0.22073,0.21081,0.21626,225553117.0,1752703199999,48826486.60847,157791
DOGEUSDT,1752703200000,0.21626,0.21868,0.21343,0.21468,126844442.0,1752706799999,27420329.12087,106757
DOGEUSDT,1752706800000,0.21469,0.21536,0.21122,0.2127,78617850.0,1752710399999,16729487.24749,77391
DOGEUSDT,1752710400000,0.21269,0.21783,0.21176,0.21535,91149062.0,1752713999999,19650522.99044,131435
DOGEUSDT,1752714000000,0.21535,0.21709,0.209,0.21162,116895989.0,1752717599999,24817420.72072,144796
DOGEUSDT,1752717600000,0.21163,0.21508,0.21119,0.21264,60931627.0,1752721199999,13008811.86372,88804
DOGEUSDT,1752721200000,0.21265,0.21273,0.2066,0.20819,96425905.0,1752724799999,20132699.26033,121293
DOGEUSDT,1752724800000,0.20819,0.21046,0.20736,0.2104,41048052.0,1752728399999,8582930.95736,65586
DOGEUSDT,1752728400000,0.21039,0.2122,0.20889,0.21212,65981878.0,1752731999999,13886846.94207,71264
DOGEUSDT,1752732000000,0.21212,0.214,0.21033,0.21247,85812410.0,1752735599999,18248666.18175,92781
DOGEUSDT,1752735600000,0.21247,0.2127,0.20965,0.21207,58119607.0,1752739199999,12275355.86906,77449
DOGEUSDT,1752739200000,0.21207,0.21351,0.21144,0.21339,42424054.0,1752742799999,9011974.24045,66436
DOGEUSDT,1752742800000,0.21338,0.2172,0.21273,0.21606,112659109.0,1752746399999,24279121.86667,91865
DOGEUSDT,1752746400000,0.21606,0.21699,0.21394,0.21503,65130256.0,1752749999999,14020598.44916,74585
DOGEUSDT,1752750000000,0.21503,0.21663,0.21269,0.21579,83680250.0,1752753599999,17958402.05646,68722
DOGEUSDT,1752753600000,0.21578,0.21865,0.21308,0.21684,94326878.0,1752757199999,20347248.13722,116595
DOGEUSDT,1752757200000,0.21683,0.21713,0.20935,0.21377,173819439.0,1752760799999,37122369.10785,207816
DOGEUSDT,1752760800000,0.21376,0.21485,0.21165,0.214,103744559.0,1752764399999,22117937.12477,143288
DOGEUSDT,1752764400000,0.214,0.2147,0.21006,0.21381,74992781.0,1752767999999,15928250.81298,121718
DOGEUSDT,1752768000000,0.2138,0.21523,0.2081,0.21141,119295582.0,1752771599999,25206788.37949,175109
DOGEUSDT,1752771600000,0.21142,0.21335,0.20965,0.21318,56275821.0,1752775199999,11894117.29455,96460
DOGEUSDT,1752775200000,0.21318,0.21574,0.21268,0.21499,62345076.0,1752778799999,13372629.54071,86641
DOGEUSDT,1752778800000,0.215,0.21544,0.21081,0.21144,56669895.0,1752782399999,12101685.47582,85112
DOGEUSDT,1752782400000,0.21143,0.21228,0.20779,0.21146,91960565.0,1752785999999,19334108.18472,138228
DOGEUSDT,1752786000000,0.21147,0.2175,0.21124,0.21607,119902642.0,1752789599999,25772690.76535,156998
DOGEUSDT,1752789600000,0.21607,0.22236,0.21551,0.21936,142086791.0,1752793199999,31152960.97342,184528
DOGEUSDT,1752793200000,0.21936,0.22172,0.2172,0.21826,117399699.0,1752796799999,25771984.00939,158965
DOGEUSDT,1752796800000,0.21826,0.22573,0.21618,0.22424,185000882.0,1752800399999,41047106.03903,253486
DOGEUSDT,1752800400000,0.22425,0.23331,0.22369,0.23237,364525449.0,1752803999999,83827793.04733,389165
DOGEUSDT,1752804000000,0.23237,0.23245,0.22855,0.23109,136638217.0,1752807599999,31517333.65394,167015
DOGEUSDT,1752807600000,0.23109,0.23783,0.23028,0.2364,172269225.0,1752811199999,40362584.25474,201390
DOGEUSDT,1752811200000,0.23639,0.23768,0.23352,0.23575,101765519.0,1752814799999,23965975.49164,131563
DOGEUSDT,1752814800000,0.23575,0.24509,0.23504,0.2445,340634453.0,1752818399999,82282963.22595,336866
DOGEUSDT,1752818400000,0.2445,0.24909,0.24091,0.24565,257378971.0,1752821999999,63021696.92886,273349
DOGEUSDT,1752822000000,0.24564,0.24642,0.238,0.23894,262086948.0,1752825599999,63376386.23442,295142
DOGEUSDT,1752825600000,0.23894,0.24259,0.23582,0.23778,194193606.0,1752829199999,46386268.96919,248579
DOGEUSDT,1752829200000,0.23779,0.24095,0.23597,0.24057,138762505.0,1752832799999,33115861.89754,194724
DOGEUSDT,1752832800000,0.24058,0.24208,0.2371,0.24144,101145599.0,1752836399999,24277896.04894,148580
DOGEUSDT,1752836400000,0.24144,0.24178,0.23718,0.23998,94579834.0,1752839999999,22664860.02239,130465
DOGEUSDT,1752840000000,0.23999,0.24829,0.239,0.24707,160416583.0,1752843599999,39125742.6172,172782
DOGEUSDT,1752843600000,0.24706,0.25234,0.244,0.24875,275930462.0,1752847199999,68600748.49258,320690
DOGEUSDT,1752847200000,0.24874,0.2542,0.24043,0.2433,392027125.0,1752850799999,96500255.74613,401510
DOGEUSDT,1752850800000,0.2433,0.24333,0.23413,0.23713,253128356.0,1752854399999,60327709.668,305414
DOGEUSDT,1752854400000,0.23713,0.23877,0.23432,0.23712,129982633.0,1752857999999,30745398.89677,210539
DOGEUSDT,1752858000000,0.23713,0.24098,0.2353,0.23907,76007984.0,1752861599999,18129319.81948,124879
DOGEUSDT,1752861600000,0.23907,0.23948,0.2326,0.23438,88538467.0,1752865199999,20810359.8219,133741
DOGEUSDT,1752865200000,0.23438,0.23589,0.23137,0.23403,93361200.0,1752868799999,21781994.87926,142519
DOGEUSDT,1752868800000,0.23403,0.23416,0.22705,0.23172,231320346.0,1752872399999,53356319.35328,228835
DOGEUSDT,1752872400000,0.23171,0.23609,0.2313,0.2338,63459461.0,1752875999999,14861008.71783,86186
DOGEUSDT,1752876000000,0.2338,0.23647,0.23179,0.23362,46072038.0,1752879599999,10792394.7879,95591
DOGEUSDT,1752879600000,0.23362,0.23673,0.2314,0.2358,53969197.0,1752883199999,12650654.05875,82851
DOGEUSDT,1752883200000,0.2358,0.24271,0.23558,0.23839,144243904.0,1752886799999,34533568.32673,248242
DOGEUSDT,1752886800000,0.2384,0.24378,0.23622,0.24244,110736603.0,1752890399999,26677355.22071,222726
DOGEUSDT,1752890400000,0.24244,0.24486,0.23902,0.24368,83095632.0,1752893999999,20095736.69353,166212
DOGEUSDT,1752894000000,0.24368,0.252,0.24256,0.24934,180421357.0,1752897599999,44798472.19492,277437
DOGEUSDT,1752897600000,0.24934,0.257,0.24886,0.25442,292076010.0,1752901199999,74220088.07127,337481
DOGEUSDT,1752901200000,0.25442,0.25611,0.25125,0.25327,135755835.0,1752904799999,34417724.14093,194578
DOGEUSDT,1752904800000,0.25327,0.25494,0.25,0.25108,89464231.0,1752908399999,22565126.62273,155659
DOGEUSDT,1752908400000,0.25107,0.255,0.25081,0.25372,88098552.0,1752911999999,22311011.11907,145275
DOGEUSDT,1752912000000,0.25372,0.25515,0.25047,0.25297,92571666.0,1752915599999,23354234.41689,146620
DOGEUSDT,1752915600000,0.25298,0.25451,0.25071,0.25313,67639133.0,1752919199999,17096540.70203,122821
DOGEUSDT,1752919200000,0.25314,0.25777,0.25079,0.25152,117807308.0,1752922799999,29906688.84089,171670
DOGEUSDT,1752922800000,0.25153,0.25277,0.24412,0.24494,216540662.0,1752926399999,53556000.50802,228745
DOGEUSDT,1752926400000,0.24495,0.2476,0.244,0.24655,116361572.0,1752929999999,28601794.31819,134252
DOGEUSDT,1752930000000,0.24655,0.24712,0.24149,0.24267,85056905.0,1752933599999,20758175.22712,120206
DOGEUSDT,1752933600000,0.24268,0.24342,0.23897,0.23949,117044924.0,1752937199999,28229746.13301,158258
DOGEUSDT,1752937200000,0.23949,0.24327,0.23937,0.24235,68798588.0,1752940799999,16656045.96209,93706
DOGEUSDT,1752940800000,0.24236,0.24411,0.24059,0.24287,57731206.0,1752944399999,14007886.43211,90661
DOGEUSDT,1752944400000,0.24288,0.24293,0.23978,0.24172,47800317.0,1752947999999,11521752.86281,64655
DOGEUSDT,1752948000000,0.24172,0.24236,0.24066,0.24099,22426678.0,1752951599999,5418524.28444,43993
DOGEUSDT,1752951600000,0.24099,0.2438,0.23963,0.24269,38289285.0,1752955199999,9267230.92467,54448
DOGEUSDT,1752955200000,0.24268,0.24324,0.24064,0.2407,37991281.0,1752958799999,9202858.68489,52638
DOGEUSDT,1752958800000,0.24069,0.24142,0.23741,0.24104,56830612.0,1752962399999,13603656.86023,72637
DOGEUSDT,1752962400000,0.24104,0.24248,0.23973,0.24045,42391272.0,1752965999999,10215881.09267,52901
DOGEUSDT,1752966000000,0.24044,0.24184,0.24007,0.24143,23396503.0,1752969599999,5640643.68144,39627
DOGEUSDT,1752969600000,0.24142,0.2477,0.23998,0.24645,147013709.0,1752973199999,35870792.44833,173064
DOGEUSDT,1752973200000,0.24645,0.25711,0.24595,0.25167,243065754.0,1752976799999,61386214.39817,351461
DOGEUSDT,1752976800000,0.25167,0.25397,0.25034,0.25103,114336862.0,1752980399999,28817576.76057,164275
DOGEUSDT,1752980400000,0.25103,0.25579,0.25081,0.25521,150074486.0,1752983999999,38071050.12413,172387
DOGEUSDT,1752984000000,0.25521,0.25776,0.25249,0.25438,126913445.0,1752987599999,32344215.95926,170588
DOGEUSDT,1752987600000,0.25439,0.25466,0.25073,0.25243,129500815.0,1752991199999,32623425.80413,113050
DOGEUSDT,1752991200000,0.25242,0.2525,0.24889,0.25094,64794417.0,1752994799999,16239453.91362,99568
DOGEUSDT,1752994800000,0.25094,0.253,0.25094,0.25144,59078975.0,1752998399999,14900490.41974,83146
DOGEUSDT,1752998400000,0.25145,0.25485,0.25142,0.2546,76389217.0,1753001999999,19353777.8033,99790
DOGEUSDT,1753002000000,0.25459,0.25582,0.25045,0.25053,150102052.0,1753005599999,37908599.85596,144121
DOGEUSDT,1753005600000,0.25053,0.25216,0.25042,0.25117,44847874.0,1753009199999,11274788.37776,85688
DOGEUSDT,1753009200000,0.25118,0.25313,0.25019,0.25159,54693260.0,1753012799999,13771948.09672,83340
DOGEUSDT,1753012800000,0.25158,0.25324,0.25064,0.2531,66513008.0,1753016399999,16759582.9561,90316
DOGEUSDT,1753016400000,0.2531,0.25524,0.2528,0.25508,67823649.0,1753019999999,17239515.20506,114930
DOGEUSDT,1753020000000,0.25509,0.25516,0.25001,0.25345,99250270.0,1753023599999,25056519.66385,138640
DOGEUSDT,1753023600000,0.25346,0.2545,0.25101,0.25415,69643411.0,1753027199999,17594532.08502,114065
DOGEUSDT,1753027200000,0.25416,0.26842,0.25416,0.26497,482236330.0,1753030799999,127080105.11343,500079
DOGEUSDT,1753030800000,0.26496,0.26762,0.2578,0.26272,197828812.0,1753034399999,52022283.30065,282428
DOGEUSDT,1753034400000,0.26272,0.27387,0.26121,0.27259,208360839.0,1753037999999,55895981.60948,246713
DOGEUSDT,1753038000000,0.27259,0.2783,0.27154,0.27385,244008681.0,1753041599999,67041636.64005,280247
DOGEUSDT,1753041600000,0.27386,0.27473,0.26922,0.27083,115216126.0,1753045199999,31293378.71153,166976
DOGEUSDT,1753045200000,0.27083,0.27282,0.26657,0.27215,76571561.0,1753048799999,20614214.63194,142712
DOGEUSDT,1753048800000,0.27215,0.27635,0.26255,0.27379,235811751.0,1753052399999,63550625.20746,340008
DOGEUSDT,1753052400000,0.2738,0.27739,0.27057,0.27375,167889860.0,1753055999999,45885065.61025,202921
DOGEUSDT,1753056000000,0.27375,0.27789,0.26631,0.27089,302201708.0,1753059599999,81958090.50531,416061
DOGEUSDT,1753059600000,0.27089,0.27126,0.26428,0.26695,127925178.0,1753063199999,34120018.63721,216347
DOGEUSDT,1753063200000,0.26696,0.27182,0.26683,0.27047,79265222.0,1753066799999,21348360.17847,138122
DOGEUSDT,1753066800000,0.27047,0.27266,0.26991,0.27128,58187160.0,1753070399999,15782523.94954,103228
DOGEUSDT,1753070400000,0.27128,0.27434,0.26904,0.27162,69800526.0,1753073999999,18953401.19293,114264
DOGEUSDT,1753074000000,0.27163,0.27434,0.26971,0.2743,53481383.0,1753077599999,14523322.49744,114349
DOGEUSDT,1753077600000,0.27431,0.27858,0.27177,0.27286,155634221.0,1753081199999,42808049.24957,233572
DOGEUSDT,1753081200000,0.27285,0.27482,0.2724,0.27355,67369018.0,1753084799999,18424812.13333,96477
DOGEUSDT,1753084800000,0.27354,0.27931,0.27134,0.27217,134667237.0,1753088399999,37066262.86942,179449
DOGEUSDT,1753088400000,0.27216,0.27287,0.26769,0.26901,130272195.0,1753091999999,35246468.19228,129809
DOGEUSDT,1753092000000,0.26901,0.27198,0.26726,0.27124,98715763.0,1753095599999,26626242.0866,99998
DOGEUSDT,1753095600000,0.27124,0.27441,0.27064,0.27105,79750213.0,1753099199999,21702818.29427,101615
DOGEUSDT,1753099200000,0.27105,0.2742,0.26923,0.27237,79944070.0,1753102799999,21723000.88398,114688
DOGEUSDT,1753102800000,0.27236,0.27573,0.26932,0.27457,141124335.0,1753106399999,38522558.06977,159341
DOGEUSDT,1753106400000,0.27458,0.2822,0.27221,0.27822,257939097.0,1753109999999,71750169.78523,306999
DOGEUSDT,1753110000000,0.27822,0.28608,0.27714,0.28216,258494934.0,1753113599999,72683967.85362,295469
DOGEUSDT,1753113600000,0.28216,0.28657,0.27736,0.2819,294120989.0,1753117199999,82872432.13084,363965
DOGEUSDT,1753117200000,0.2819,0.2875,0.27788,0.28001,186984527.0,1753120799999,52876046.90861,247808
DOGEUSDT,1753120800000,0.28002,0.28212,0.27049,0.27105,171691327.0,1753124399999,47346100.47168,188874
DOGEUSDT,1753124400000,0.27105,0.27297,0.2675,0.26874,122870044.0,1753127999999,33153616.28582,156679
DOGEUSDT,1753128000000,0.26875,0.2713,0.26693,0.26693,83193541.0,1753131599999,22420975.31304,115310
DOGEUSDT,1753131600000,0.26693,0.27162,0.26554,0.27112,60132694.0,1753135199999,16185167.42399,81103
DOGEUSDT,1753135200000,0.27111,0.27378,0.2701,0.27161,54165156.0,1753138799999,14734857.13922,73250
DOGEUSDT,1753138800000,0.27161,0.27211,0.26944,0.27142,51280195.0,1753142399999,13889351.87651,70902
DOGEUSDT,1753142400000,0.27142,0.27492,0.27001,0.27155,97848262.0,1753145999999,26718233.35847,184507
DOGEUSDT,1753146000000,0.27154,0.27349,0.26307,0.27264,215884368.0,1753149599999,57998759.23321,294140
DOGEUSDT,1753149600000,0.27265,0.27319,0.26446,0.26583,113454909.0,1753153199999,30556591.36868,189550
DOGEUSDT,1753153200000,0.26582,0.26758,0.26262,0.26604,134144833.0,1753156799999,35591578.63314,228002
DOGEUSDT,1753156800000,0.26603,0.26672,0.25735,0.25772,219911994.0,1753160399999,57362466.94649,286024
DOGEUSDT,1753160400000,0.25772,0.2648,0.25772,0.26409,145218364.0,1753163999999,38065067.62179,185693
DOGEUSDT,1753164000000,0.2641,0.26633,0.26313,0.26506,55957475.0,1753167599999,14824888.24322,114616
DOGEUSDT,1753167600000,0.26507,0.26957,0.26495,0.26649,111065617.0,1753171199999,29675550.22563,143934
DOGEUSDT,1753171200000,0.26648,0.2684,0.26295,0.26733,104038849.0,1753174799999,27616693.93301,177617
DOGEUSDT,1753174800000,0.26733,0.26792,0.26337,0.2659,73083710.0,1753178399999,19431842.44388,132598
DOGEUSDT,1753178400000,0.2659,0.26812,0.26457,0.26811,77422382.0,1753181999999,20603330.3148,84082
DOGEUSDT,1753182000000,0.26811,0.26902,0.26597,0.26709,52726938.0,1753185599999,14109566.03456,70769
DOGEUSDT,1753185600000,0.2671,0.26769,0.26383,0.26474,65816509.0,1753189199999,17469102.19399,84540
DOGEUSDT,1753189200000,0.26474,0.26766,0.26173,0.26258,114432204.0,1753192799999,30275591.55576,164451
DOGEUSDT,1753192800000,0.26257,0.26733,0.25923,0.26725,111383115.0,1753196399999,29281561.35957,162749
DOGEUSDT,1753196400000,0.26726,0.26881,0.26585,0.26642,59949267.0,1753199999999,16024019.63909,113142
DOGEUSDT,1753200000000,0.26641,0.27023,0.26529,0.26743,94825154.0,1753203599999,25444407.3068,105728
DOGEUSDT,1753203600000,0.26742,0.26836,0.2625,0.26516,61279019.0,1753207199999,16219037.16163,115434
DOGEUSDT,1753207200000,0.26515,0.26791,0.26305,0.26617,54655349.0,1753210799999,14510639.16218,94992
DOGEUSDT,1753210800000,0.26616,0.26737,0.2579,0.25972,78652160.0,1753214399999,20623371.88996,108879
DOGEUSDT,1753214400000,0.25973,0.26454,0.25917,0.26325,45444993.0,1753217999999,11891537.83713,68458
DOGEUSDT,1753218000000,0.26326,0.26699,0.26204,0.26623,30062651.0,1753221599999,7940208.76038,53557
DOGEUSDT,1753221600000,0.26622,0.26884,0.26622,0.26728,35753084.0,1753225199999,9562457.36637,63391
DOGEUSDT,1753225200000,0.26728,0.27111,0.26707,0.27093,39279580.0,1753228799999,10583760.20679,65346
DOGEUSDT,1753228800000,0.27094,0.27108,0.26668,0.26684,38872368.0,1753232399999,10441995.42164,95466
DOGEUSDT,1753232400000,0.26684,0.26849,0.26446,0.26754,44320800.0,1753235999999,11804570.79707,97876
DOGEUSDT,1753236000000,0.26753,0.26892,0.26502,0.26627,56737470.0,1753239599999,15144370.6395,110821
DOGEUSDT,1753239600000,0.26627,0.26651,0.26314,0.26416,65373855.0,1753243199999,17306403.61179,82794
DOGEUSDT,1753243200000,0.26416,0.26695,0.2634,0.26675,22578407.0,1753246799999,5991192.62301,60689
DOGEUSDT,1753246800000,0.26675,0.26681,0.26399,0.26532,51011781.0,1753250399999,13522411.4987,97074
DOGEUSDT,1753250400000,0.26533,0.26556,0.26053,0.26183,58151326.0,1753253999999,15242987.17491,102895
DOGEUSDT,1753254000000,0.26182,0.26289,0.25866,0.26013,52723723.0,1753257599999,13739764.20481,89655
DOGEUSDT,1753257600000,0.26012,0.26148,0.259,0.26139,46777545.0,1753261199999,12171820.41814,78275
DOGEUSDT,1753261200000,0.26139,0.26161,0.25601,0.25711,95551373.0,1753264799999,24612643.88111,124529
DOGEUSDT,1753264800000,0.25711,0.25713,0.25347,0.2566,83832616.0,1753268399999,21415418.62826,114629
DOGEUSDT,1753268400000,0.2566,0.2568,0.25456,0.25588,33968304.0,1753271999999,8685480.31582,64201
DOGEUSDT,1753272000000,0.25587,0.25626,0.2478,0.24967,133124774.0,1753275599999,33510694.75364,154596
DOGEUSDT,1753275600000,0.24966,0.25137,0.24059,0.24437,412932268.0,1753279199999,101487650.39647,344514
DOGEUSDT,1753279200000,0.24436,0.24849,0.24352,0.24837,123984274.0,1753282799999,30627432.7655,150875
DOGEUSDT,1753282800000,0.24836,0.25009,0.24514,0.24971,98125160.0,1753286399999,24308581.71779,126028
DOGEUSDT,1753286400000,0.2497,0.2497,0.24217,0.24234,87029456.0,1753289999999,21345527.39935,145540
DOGEUSDT,1753290000000,0.24233,0.24409,0.23713,0.24212,176238057.0,1753293599999,42350170.25916,257858
DOGEUSDT,1753293600000,0.24212,0.24483,0.2408,0.24459,89245787.0,1753297199999,21695035.71373,106122
DOGEUSDT,1753297200000,0.24458,0.24517,0.24167,0.24222,45448260.0,1753300799999,11062720.77117,82302
DOGEUSDT,1753300800000,0.24221,0.24405,0.23353,0.2383,177896802.0,1753304399999,42237602.59049,233023
DOGEUSDT,1753304400000,0.23831,0.23975,0.2305,0.23783,135654234.0,1753307999999,31964949.60966,179316
DOGEUSDT,1753308000000,0.23783,0.24166,0.23526,0.23983,72112907.0,1753311599999,17272740.75145,116998
DOGEUSDT,1753311600000,0.23984,0.24231,0.2396,0.24083,54607635.0,1753315199999,13167924.45408,71218
DOGEUSDT,1753315200000,0.24078,0.24538,0.23845,0.24463,149617688.0,1753318799999,36355774.74922,202465
DOGEUSDT,1753318800000,0.24463,0.2451,0.24159,0.24461,69405653.0,1753322399999,16906488.96114,121197
DOGEUSDT,1753322400000,0.24461,0.246,0.24315,0.24359,80333552.0,1753325999999,19642656.20762,119671
DOGEUSDT,1753326000000,0.24358,0.24665,0.24247,0.24298,63017611.0,1753329599999,15409726.4622,112572
DOGEUSDT,1753329600000,0.24297,0.24431,0.23684,0.238,83717577.0,1753333199999,20108571.25875,156906
DOGEUSDT,1753333200000,0.23801,0.23844,0.229,0.22961,188059363.0,1753336799999,44000819.86933,277936
DOGEUSDT,1753336800000,0.22961,0.23313,0.22176,0.22615,254838528.0,1753340399999,57915515.54873,359371
DOGEUSDT,1753340400000,0.22615,0.23366,0.22312,0.23299,257663410.0,1753343999999,59258506.3224,200305
DOGEUSDT,1753344000000,0.23298,0.23658,0.23126,0.23589,78078968.0,1753347599999,18328169.73421,106183
DOGEUSDT,1753347600000,0.2359,0.23735,0.23385,0.23591,59531301.0,1753351199999,14034335.21593,86772
DOGEUSDT,1753351200000,0.23592,0.23784,0.23121,0.23483,85964998.0,1753354799999,20144024.16283,83133
DOGEUSDT,1753354800000,0.23482,0.23981,0.23438,0.2387,81256451.0,1753358399999,19303402.08037,83141
DOGEUSDT,1753358400000,0.23869,0.23968,0.23501,0.23708,88015182.0,1753361999999,20904927.05326,80036
DOGEUSDT,1753362000000,0.23708,0.23977,0.23421,0.23459,92600748.0,1753365599999,21942352.09116,99876
DOGEUSDT,1753365600000,0.2346,0.24448,0.23266,0.24397,125314269.0,1753369199999,29935274.72803,121618
DOGEUSDT,1753369200000,0.24397,0.24502,0.23882,0.24005,127823067.0,1753372799999,30973576.80795,124720
DOGEUSDT,1753372800000,0.24005,0.24036,0.23379,0.23551,87253728.0,1753376399999,20664350.95058,87230
DOGEUSDT,1753376400000,0.23551,0.24121,0.23512,0.23961,46453784.0,1753379999999,11081002.01777,53688
DOGEUSDT,1753380000000,0.23961,0.24122,0.23762,0.2402,43850699.0,1753383599999,10516441.3464,51579
DOGEUSDT,1753383600000,0.24019,0.24159,0.23813,0.23829,49808636.0,1753387199999,11938226.72019,42917
DOGEUSDT,1753387200000,0.23828,0.24101,0.23782,0.24011,22337134.0,1753390799999,5343561.555,27401
DOGEUSDT,1753390800000,0.24012,0.24026,0.23544,0.23616,26979929.0,1753394399999,6404205.41349,30173
DOGEUSDT,1753394400000,0.23616,0.23679,0.23396,0.23512,38018660.0,1753397999999,8953819.33316,44004
DOGEUSDT,1753398000000,0.23512,0.23512,0.23112,0.23218,90075151.0,1753401599999,20929667.62633,64949
DOGEUSDT,1753401600000,0.23219,0.23245,0.22675,0.2275,126158584.0,1753405199999,28882012.23491,114799
DOGEUSDT,1753405200000,0.22749,0.23064,0.22576,0.2296,91015116.0,1753408799999,20761758.73191,116459
DOGEUSDT,1753408800000,0.2296,0.23155,0.22468,0.22552,99440574.0,1753412399999,22633195.5874,114487
DOGEUSDT,1753412400000,0.22552,0.22759,0.2223,0.22544,141682378.0,1753415999999,31838359.11202,130949
DOGEUSDT,1753416000000,0.22545,0.22994,0.22267,0.22951,103443692.0,1753419599999,23398900.09974,112033
DOGEUSDT,1753419600000,0.22951,0.2298,0.22604,0.22645,94889303.0,1753423199999,21640255.44709,75742
DOGEUSDT,1753423200000,0.22645,0.22833,0.22485,0.22718,51985251.0,1753426799999,11769755.10518,65537
DOGEUSDT,1753426800000,0.22718,0.22966,0.22278,0.22587,93890261.0,1753430399999,21225027.9092,101886
DOGEUSDT,1753430400000,0.22588,0.2296,0.22538,0.22656,87414103.0,1753433999999,19883580.03187,91512
DOGEUSDT,1753434000000,0.22656,0.23188,0.22526,0.23179,111120517.0,1753437599999,25463897.11428,87281
DOGEUSDT,1753437600000,0.23178,0.23334,0.23017,0.23184,95029569.0,1753441199999,22045843.99996,69575
DOGEUSDT,1753441200000,0.23185,0.23322,0.23052,0.23109,57662180.0,1753444799999,13383581.04529,50862
DOGEUSDT,1753444800000,0.2311,0.23282,0.22936,0.23134,64876551.0,1753448399999,14995201.09985,71656
DOGEUSDT,1753448400000,0.23135,0.23252,0.22845,0.2309,86454306.0,1753451999999,19908476.41402,76586
DOGEUSDT,1753452000000,0.2309,0.23121,0.22303,0.22347,130204851.0,1753455599999,29488319.89479,92546
DOGEUSDT,1753455600000,0.22346,0.22585,0.22085,0.22435,120197897.0,1753459199999,26843159.70057,91781
DOGEUSDT,1753459200000,0.22436,0.22717,0.22221,0.22674,65052034.0,1753462799999,14606009.41334,62581
DOGEUSDT,1753462800000,0.22674,0.22825,0.2257,0.22651,55350450.0,1753466399999,12567473.16784,63734
DOGEUSDT,1753466400000,0.22651,0.22784,0.22612,0.22714,35304625.0,1753469999999,8013954.97196,36511
DOGEUSDT,1753470000000,0.22714,0.22923,0.22661,0.22717,44024710.0,1753473599999,10029116.59992,39044
DOGEUSDT,1753473600000,0.22718,0.23286,0.22703,0.23251,46187270.0,1753477199999,10653546.68426,41273
DOGEUSDT,1753477200000,0.2325,0.23549,0.2325,0.2346,66031653.0,1753480799999,15469124.51949,45933
DOGEUSDT,1753480800000,0.23459,0.23634,0.234,0.23554,55924119.0,1753484399999,13162490.84443,33336
DOGEUSDT,1753484400000,0.23554,0.23697,0.23508,0.23673,34598133.0,1753487999999,8169397.69301,31300
DOGEUSDT,1753488000000,0.23673,0.23676,0.23482,0.23528,43639367.0,1753491599999,10283817.07765,47700
DOGEUSDT,1753491600000,0.23529,0.23611,0.23296,0.23301,39951324.0,1753495199999,9368892.48708,42049
DOGEUSDT,1753495200000,0.23301,0.23882,0.23301,0.23676,61964137.0,1753498799999,14653651.86811,69394
DOGEUSDT,1753498800000,0.23675,0.2373,0.23576,0.23664,26105109.0,1753502399999,6174856.24386,39654
DOGEUSDT,1753502400000,0.23665,0.2382,0.23652,0.23757,47562848.0,1753505999999,11286492.6078,43591
DOGEUSDT,1753506000000,0.23757,0.23892,0.23674,0.23812,31286718.0,1753509599999,7442666.31985,38380
DOGEUSDT,1753509600000,0.23813,0.23862,0.23678,0.23722,27901161.0,1753513199999,6626805.11291,32042
DOGEUSDT,1753513200000,0.23721,0.23817,0.23667,0.23692,17939512.0,1753516799999,4259084.08142,27066
DOGEUSDT,1753516800000,0.23692,0.23899,0.23676,0.23779,27324070.0,1753520399999,6503073.8321,33289
DOGEUSDT,1753520400000,0.23779,0.23922,0.23733,0.23914,20416917.0,1753523999999,4864610.65921,29189
DOGEUSDT,1753524000000,0.23913,0.24015,0.23841,0.23851,38558316.0,1753527599999,9228455.00898,47687
DOGEUSDT,1753527600000,0.23852,0.2388,0.23563,0.23667,42045775.0,1753531199999,9967454.00276,44752
DOGEUSDT,1753531200000,0.23666,0.2379,0.2354,0.23761,25742108.0,1753534799999,6096213.13176,33311
DOGEUSDT,1753534800000,0.2376,0.2391,0.23686,0.23795,17370570.0,1753538399999,4131747.50793,34763
DOGEUSDT,1753538400000,0.23796,0.23925,0.23657,0.2366,32578354.0,1753541999999,7750970.33652,45689
DOGEUSDT,1753542000000,0.2366,0.2399,0.23563,0.2387,35450059.0,1753545599999,8422728.49362,47997
DOGEUSDT,1753545600000,0.23869,0.23958,0.23637,0.23684,30203302.0,1753549199999,7186020.16692,54304
DOGEUSDT,1753549200000,0.23684,0.23749,0.23581,0.23636,17387617.0,1753552799999,4111909.24878,34876
DOGEUSDT,1753552800000,0.23636,0.2385,0.23442,0.23768,39763628.0,1753556399999,9397508.19133,48509
DOGEUSDT,1753556400000,0.23768,0.2398,0.23741,0.23904,22612535.0,1753559999999,5396210.08683,27913
DOGEUSDT,1753560000000,0.23904,0.23912,0.23687,0.23717,18814751.0,1753563599999,4472965.0819,20230
DOGEUSDT,1753563600000,0.23717,0.23813,0.2363,0.23776,13962663.0,1753567199999,3310811.39455,13233
DOGEUSDT,1753567200000,0.23775,0.24029,0.23647,0.2367,33719090.0,1753570799999,8037860.90919,36483
DOGEUSDT,1753570800000,0.2367,0.23692,0.23515,0.23543,21563799.0,1753574399999,5089623.97008,25191
DOGEUSDT,1753574400000,0.23544,0.23684,0.23488,0.23627,36802081.0,1753577999999,8671156.60584,38331
DOGEUSDT,1753578000000,0.23627,0.23886,0.23554,0.23764,33849659.0,1753581599999,8055995.29338,45569
DOGEUSDT,1753581600000,0.23764,0.23998,0.23674,0.23974,33405074.0,1753585199999,7969062.48552,34651
DOGEUSDT,1753585200000,0.23975,0.24001,0.23837,0.23924,21359489.0,1753588799999,5111750.47614,30942
DOGEUSDT,1753588800000,0.23924,0.24156,0.2385,0.24149,33169290.0,1753592399999,7965703.82007,42201
DOGEUSDT,1753592400000,0.24149,0.24339,0.24071,0.24169,67316564.0,1753595999999,16290654.5833,68530
DOGEUSDT,1753596000000,0.24169,0.24171,0.23824,0.23864,43427142.0,1753599599999,10423499.41051,44211
DOGEUSDT,1753599600000,0.23864,0.23899,0.23628,0.23698,36901723.0,1753603199999,8774311.06909,44236
DOGEUSDT,1753603200000,0.23698,0.23734,0.23504,0.23613,84378341.0,1753606799999,19909451.236,48229
DOGEUSDT,1753606800000,0.23612,0.23622,0.23432,0.23552,38812747.0,1753610399999,9134407.03812,47504
DOGEUSDT,1753610400000,0.23552,0.23922,0.23548,0.2383,41926432.0,1753613999999,9960453.04136,47549
DOGEUSDT,1753614000000,0.23831,0.23944,0.23613,0.23651,38904972.0,1753617599999,9251988.88259,56323
DOGEUSDT,1753617600000,0.23651,0.23836,0.23532,0.23819,32561977.0,1753621199999,7704808.7389,49613
DOGEUSDT,1753621200000,0.23818,0.23915,0.23664,0.23717,29366365.0,1753624799999,6987043.03636,50876
DOGEUSDT,1753624800000,0.23717,0.23873,0.2354,0.2362,30507691.0,1753628399999,7226847.16444,55189
DOGEUSDT,1753628400000,0.2362,0.23687,0.23451,0.2368,49985428.0,1753631999999,11771731.24597,63331
DOGEUSDT,1753632000000,0.2368,0.24195,0.23665,0.23799,134194195.0,1753635599999,32168532.27376,106286
DOGEUSDT,1753635600000,0.23799,0.23992,0.23663,0.23965,38831955.0,1753639199999,9247592.05503,54528
DOGEUSDT,1753639200000,0.23965,0.2415,0.23937,0.24043,49830029.0,1753642799999,11974829.28646,51935
DOGEUSDT,1753642800000,0.24042,0.24089,0.23882,0.23957,18282327.0,1753646399999,4380427.69917,28286
DOGEUSDT,1753646400000,0.23957,0.24109,0.23872,0.23923,15777280.0,1753649999999,3789421.48456,27825
DOGEUSDT,1753650000000,0.23923,0.24059,0.23753,0.24057,17442175.0,1753653599999,4165359.06784,25808
DOGEUSDT,1753653600000,0.24058,0.24372,0.24045,0.24201,71759751.0,1753657199999,17420133.47016,61502
DOGEUSDT,1753657200000,0.24201,0.24205,0.23942,0.24071,39524748.0,1753660799999,9511702.10525,44724
DOGEUSDT,1753660800000,0.24071,0.24482,0.23972,0.24118,76626078.0,1753664399999,18592383.30649,98147
DOGEUSDT,1753664400000,0.24118,0.24139,0.23787,0.23889,54884276.0,1753667999999,13150193.03156,68073
DOGEUSDT,1753668000000,0.23888,0.24567,0.23813,0.24422,127431559.0,1753671599999,31005416.18448,106198
DOGEUSDT,1753671600000,0.24422,0.2455,0.24249,0.24477,53883467.0,1753675199999,13147475.77136,68649
DOGEUSDT,1753675200000,0.24477,0.24558,0.24295,0.24473,57060641.0,1753678799999,13939479.50416,60196
DOGEUSDT,1753678800000,0.24473,0.24859,0.24408,0.24758,92787857.0,1753682399999,22913354.04787,89955
DOGEUSDT,1753682400000,0.24759,0.24818,0.24529,0.24618,48495111.0,1753685999999,11959120.87776,59617
DOGEUSDT,1753686000000,0.24619,0.24628,0.24144,0.24333,83511825.0,1753689599999,20291770.38057,84397
DOGEUSDT,1753689600000,0.24332,0.24404,0.24077,0.24204,57184842.0,1753693199999,13842583.3772,64383
DOGEUSDT,1753693200000,0.24204,0.2428,0.24026,0.24225,45616752.0,1753696799999,11021733.99707,64851
DOGEUSDT,1753696800000,0.24225,0.24269,0.24051,0.24131,39384325.0,1753700399999,9502349.26995,53530
DOGEUSDT,1753700400000,0.24131,0.2418,0.23966,0.24157,30832819.0,1753703999999,7417040.44923,39660
DOGEUSDT,1753704000000,0.24157,0.24287,0.24045,0.24132,40068456.0,1753707599999,9691417.20288,47640
DOGEUSDT,1753707600000,0.24132,0.2414,0.23562,0.23686,118737422.0,1753711199999,28245559.13297,110192
DOGEUSDT,1753711200000,0.23685,0.238,0.23149,0.23215,174346349.0,1753714799999,40746113.45935,106443
DOGEUSDT,1753714800000,0.23215,0.23448,0.23063,0.23221,69077137.0,1753718399999,16081162.30492,65037
DOGEUSDT,1753718400000,0.23221,0.23389,0.23071,0.23215,49625508.0,1753721999999,11537195.97634,56110
DOGEUSDT,1753722000000,0.23215,0.23306,0.23011,0.23068,59923797.0,1753725599999,13863542.87106,61682
DOGEUSDT,1753725600000,0.23067,0.23111,0.22744,0.22898,96824780.0,1753729199999,22166058.54048,79308
DOGEUSDT,1753729200000,0.22899,0.23071,0.22771,0.22961,52198720.0,1753732799999,11968612.6887,41886
DOGEUSDT,1753732800000,0.22962,0.22989,0.22602,0.2277,43276961.0,1753736399999,9853731.20373,51838
DOGEUSDT,1753736400000,0.22771,0.22958,0.22618,0.22773,36233942.0,1753739999999,8260127.52644,37795
DOGEUSDT,1753740000000,0.22773,0.22844,0.22426,0.22608,72782311.0,1753743599999,16464653.43887,64948
DOGEUSDT,1753743600000,0.22608,0.2271,0.22437,0.22615,39517191.0,1753747199999,8924814.74185,46338
DOGEUSDT,1753747200000,0.22616,0.22842,0.22231,0.22586,89962841.0,1753750799999,20289126.13537,102520
DOGEUSDT,1753750800000,0.22587,0.2274,0.22435,0.22452,66401930.0,1753754399999,15018627.33481,61631
DOGEUSDT,1753754400000,0.22452,0.22531,0.22239,0.22363,55131124.0,1753757999999,12338679.38029,106773
DOGEUSDT,1753758000000,0.22363,0.2275,0.22355,0.227,64480647.0,1753761599999,14544678.06209,73927
DOGEUSDT,1753761600000,0.22701,0.22791,0.22566,0.22591,30442743.0,1753765199999,6913574.84088,48151
DOGEUSDT,1753765200000,0.2259,0.22859,0.22584,0.22858,48314418.0,1753768799999,10971295.38428,40316
DOGEUSDT,1753768800000,0.22858,0.23026,0.22781,0.22934,46579902.0,1753772399999,10680786.21571,46608
DOGEUSDT,1753772400000,0.22935,0.23276,0.22934,0.23179,57488823.0,1753775999999,13272464.25294,57725
DOGEUSDT,1753776000000,0.2318,0.23227,0.22944,0.23019,39591137.0,1753779599999,9135402.96528,50186
DOGEUSDT,1753779600000,0.2302,0.23042,0.22841,0.229,35637639.0,1753783199999,8175424.83165,47701
DOGEUSDT,1753783200000,0.229,0.22921,0.22525,0.22571,53685030.0,1753786799999,12197524.89649,71923
DOGEUSDT,1753786800000,0.2257,0.22771,0.22553,0.22764,22886400.0,1753790399999,5187806.86826,47165
DOGEUSDT,1753790400000,0.22764,0.23102,0.22722,0.2299,41116688.0,1753793999999,9424915.254,43298
DOGEUSDT,1753794000000,0.2299,0.23064,0.22652,0.22738,46967024.0,1753797599999,10751110.93711,55904
DOGEUSDT,1753797600000,0.22739,0.22759,0.22112,0.22277,100536414.0,1753801199999,22529608.1381,95255
DOGEUSDT,1753801200000,0.22276,0.22386,0.22061,0.22269,74258409.0,1753804799999,16499177.0255,82386
DOGEUSDT,1753804800000,0.22268,0.22294,0.21744,0.22187,99408381.0,1753808399999,21884334.07492,98137
DOGEUSDT,1753808400000,0.22186,0.22455,0.22139,0.223,49566359.0,1753811999999,11064966.27499,51444
DOGEUSDT,1753812000000,0.22299,0.22361,0.22161,0.22241,24609608.0,1753815599999,5481704.83047,32434
DOGEUSDT,1753815600000,0.22241,0.22415,0.22069,0.22143,38766813.0,1753819199999,8615864.21266,38276
DOGEUSDT,1753819200000,0.22142,0.22307,0.21933,0.22146,42639737.0,1753822799999,9415117.67773,51140
DOGEUSDT,1753822800000,0.22147,0.22391,0.22012,0.22318,22652958.0,1753826399999,5020364.61084,23631
DOGEUSDT,1753826400000,0.22318,0.22393,0.22145,0.22367,22333685.0,1753829999999,4976662.47913,31254
DOGEUSDT,1753830000000,0.22368,0.22444,0.22287,0.22392,19105717.0,1753833599999,4270612.81312,21578
DOGEUSDT,1753833600000,0.22392,0.22407,0.22194,0.22361,33388888.0,1753837199999,7444878.33236,54442
DOGEUSDT,1753837200000,0.22362,0.2257,0.22109,0.22481,36743786.0,1753840799999,8236947.87804,58499
DOGEUSDT,1753840800000,0.2248,0.22655,0.22394,0.22453,25441642.0,1753844399999,5729718.58162,56439
DOGEUSDT,1753844400000,0.22452,0.22531,0.22379,0.22442,18396141.0,1753847999999,4131575.05553,34457
DOGEUSDT,1753848000000,0.22441,0.22517,0.22256,0.22291,21208442.0,1753851599999,4747886.78677,35579
DOGEUSDT,1753851600000,0.2229,0.22435,0.22127,0.22355,29330463.0,1753855199999,6525470.89119,48329
DOGEUSDT,1753855200000,0.22356,0.2242,0.22274,0.22367,19385150.0,1753858799999,4337381.0577,29872
DOGEUSDT,1753858800000,0.22366,0.22434,0.2213,0.22196,20321913.0,1753862399999,4523868.10311,45284
DOGEUSDT,1753862400000,0.22195,0.22352,0.22,0.22238,42927061.0,1753865999999,9506344.9919,53185
DOGEUSDT,1753866000000,0.22239,0.22278,0.21954,0.22028,35524694.0,1753869599999,7846777.73968,45562
DOGEUSDT,1753869600000,0.22028,0.22227,0.21857,0.21909,34683180.0,1753873199999,7655437.16388,37339
DOGEUSDT,1753873200000,0.21909,0.22028,0.21482,0.21608,108810679.0,1753876799999,23602218.29192,83431
DOGEUSDT,1753876800000,0.21608,0.21825,0.2143,0.21701,104504150.0,1753880399999,22616880.21287,83004
DOGEUSDT,1753880400000,0.217,0.2181,0.21542,0.21766,68096652.0,1753883999999,14763666.40981,67953
DOGEUSDT,1753884000000,0.21767,0.22307,0.21683,0.22242,61844759.0,1753887599999,13610896.07261,64100
DOGEUSDT,1753887600000,0.22243,0.22297,0.21994,0.22142,51495422.0,1753891199999,11390719.42581,51543
DOGEUSDT,1753891200000,0.22143,0.22375,0.22062,0.22127,43369138.0,1753894799999,9631211.96749,43906
DOGEUSDT,1753894800000,0.22128,0.22311,0.22052,0.22301,22363056.0,1753898399999,4959181.17847,28081
DOGEUSDT,1753898400000,0.22302,0.22451,0.21652,0.2167,94830394.0,1753901999999,20907258.74468,103153
DOGEUSDT,1753902000000,0.2167,0.21799,0.209,0.21732,230817664.0,1753905599999,49162659.98178,169173
DOGEUSDT,1753905600000,0.21731,0.21977,0.21696,0.21776,43424648.0,1753909199999,9487646.97239,47859
DOGEUSDT,1753909200000,0.21776,0.21882,0.21543,0.21748,23393308.0,1753912799999,5080835.84067,27955
DOGEUSDT,1753912800000,0.21747,0.21846,0.21626,0.2174,22614513.0,1753916399999,4909786.14299,31164
DOGEUSDT,1753916400000,0.2174,0.22058,0.21732,0.21999,24965400.0,1753919999999,5476364.69359,24478
DOGEUSDT,1753920000000,0.21998,0.22295,0.21898,0.22236,36582239.0,1753923599999,8092634.71721,54718
DOGEUSDT,1753923600000,0.22237,0.22268,0.221,0.2216,25344235.0,1753927199999,5618786.38525,30879
DOGEUSDT,1753927200000,0.2216,0.22284,0.22108,0.22258,23538900.0,1753930799999,5225730.14909,27429
DOGEUSDT,1753930800000,0.22258,0.22384,0.22222,0.22306,39374599.0,1753934399999,8780524.9656,32462
DOGEUSDT,1753934400000,0.22306,0.2235,0.2221,0.22322,28297197.0,1753937999999,6307116.79332,25135
DOGEUSDT,1753938000000,0.22322,0.22384,0.22275,0.22308,18336344.0,1753941599999,4094671.0847,24492
DOGEUSDT,1753941600000,0.22307,0.22432,0.22248,0.22408,21698518.0,1753945199999,4849188.56878,19445
DOGEUSDT,1753945200000,0.22408,0.22423,0.22318,0.22356,17203874.0,1753948799999,3847605.51621,21396
DOGEUSDT,1753948800000,0.22356,0.22517,0.22328,0.22469,25801497.0,1753952399999,5785661.83454,21755
DOGEUSDT,1753952400000,0.22469,0.22566,0.22412,0.22525,21493298.0,1753955999999,4832255.64075,24716
DOGEUSDT,1753956000000,0.22525,0.2254,0.22333,0.22337,20032404.0,1753959599999,4495076.32278,17761
DOGEUSDT,1753959600000,0.22338,0.22378,0.22148,0.22224,24389687.0,1753963199999,5429829.32072,31496
DOGEUSDT,1753963200000,0.22225,0.22258,0.22026,0.22123,37199497.0,1753966799999,8237062.54179,54582
DOGEUSDT,1753966800000,0.22122,0.22128,0.21745,0.2187,56391030.0,1753970399999,12340223.60007,84719
DOGEUSDT,1753970400000,0.2187,0.21941,0.21489,0.21505,59531198.0,1753973999999,12878866.27326,93958
DOGEUSDT,1753974000000,0.21505,0.21838,0.21468,0.21763,39840973.0,1753977599999,8624918.49996,66111
DOGEUSDT,1753977600000,0.21762,0.22138,0.217,0.22016,39691277.0,1753981199999,8718474.54381,61526
DOGEUSDT,1753981200000,0.22017,0.22027,0.21553,0.216,40597504.0,1753984799999,8814925.45226,47615
DOGEUSDT,1753984800000,0.216,0.21725,0.21362,0.21589,32535671.0,1753988399999,7004265.37389,42520
DOGEUSDT,1753988400000,0.21589,0.21643,0.21281,0.21379,35885833.0,1753991999999,7686143.87903,44263
DOGEUSDT,1753992000000,0.21379,0.21428,0.21211,0.21342,38576796.0,1753995599999,8222913.47072,40884
DOGEUSDT,1753995600000,0.21342,0.21469,0.21094,0.21279,36533897.0,1753999199999,7781949.73985,34571
DOGEUSDT,1753999200000,0.2128,0.21281,0.20983,0.21075,51681582.0,1754002799999,10889086.44596,46680
DOGEUSDT,1754002800000,0.21075,0.21214,0.20814,0.20974,73326265.0,1754006399999,15407856.15836,54036
DOGEUSDT,1754006400000,0.20975,0.2101,0.20335,0.20797,207378040.0,1754009999999,42877192.3199,167528
DOGEUSDT,1754010000000,0.20796,0.20874,0.205,0.20737,84523205.0,1754013599999,17483283.72404,102838
DOGEUSDT,1754013600000,0.20736,0.20993,0.20656,0.20954,46352350.0,1754017199999,9680604.05267,55840
DOGEUSDT,1754017200000,0.20954,0.21059,0.2088,0.20912,48119348.0,1754020799999,10092968.69365,46520
DOGEUSDT,1754020800000,0.20912,0.20913,0.20714,0.20741,36605592.0,1754024399999,7610354.32048,50253
DOGEUSDT,1754024400000,0.20741,0.20867,0.20525,0.20612,47015292.0,1754027999999,9719748.56315,53215
DOGEUSDT,1754028000000,0.20612,0.2066,0.20388,0.20604,73754306.0,1754031599999,15130991.5528,63999
DOGEUSDT,1754031600000,0.20604,0.20679,0.20462,0.20597,47662243.0,1754035199999,9801376.54489,56374
DOGEUSDT,1754035200000,0.20596,0.20596,0.20088,0.20398,136221725.0,1754038799999,27634924.54307,83826
DOGEUSDT,1754038800000,0.20398,0.20625,0.20367,0.20432,62175077.0,1754042399999,12769592.73521,45251
DOGEUSDT,1754042400000,0.20433,0.20631,0.20416,0.20581,30436831.0,1754045999999,6255870.14073,38764
DOGEUSDT,1754046000000,0.20581,0.20757,0.20507,0.20755,29201323.0,1754049599999,6017024.66181,26818
DOGEUSDT,1754049600000,0.20754,0.20963,0.2063,0.20753,70612244.0,1754053199999,14691514.05491,61662
DOGEUSDT,1754053200000,0.20754,0.20877,0.20253,0.20393,96653976.0,1754056799999,19905840.41162,75969
DOGEUSDT,1754056800000,0.20393,0.21025,0.20196,0.20967,134925431.0,1754060399999,28028801.27554,96317
DOGEUSDT,1754060400000,0.20967,0.20996,0.20624,0.20962,67628715.0,1754063999999,14084689.52725,53438
DOGEUSDT,1754064000000,0.20961,0.2125,0.20684,0.20758,70722169.0,1754067599999,14858482.2389,71007
DOGEUSDT,1754067600000,0.20757,0.20822,0.20491,0.20606,63767453.0,1754071199999,13156481.74255,60554
DOGEUSDT,1754071200000,0.20606,0.20776,0.2038,0.20621,61419790.0,1754074799999,12644215.43844,60749
DOGEUSDT,1754074800000,0.20621,0.20922,0.2058,0.2084,60342942.0,1754078399999,12521090.41754,50688
DOGEUSDT,1754078400000,0.2084,0.20883,0.20159,0.20568,94909872.0,1754081999999,19364965.63353,77662
DOGEUSDT,1754082000000,0.20567,0.20748,0.20519,0.20552,48142820.0,1754085599999,9938429.68066,33802
DOGEUSDT,1754085600000,0.20553,0.20567,0.19583,0.19813,261206943.0,1754089199999,51984029.07335,140897
DOGEUSDT,1754089200000,0.19813,0.20155,0.19759,0.20097,56660117.0,1754092799999,11325748.95812,38598
DOGEUSDT,1754092800000,0.20098,0.203,0.20016,0.20263,108408729.0,1754096399999,21869048.95231,76528
DOGEUSDT,1754096400000,0.20262,0.20289,0.20076,0.20246,18417717.0,1754099999999,3717154.97194,30305
DOGEUSDT,1754100000000,0.20245,0.20293,0.20174,0.202,13229855.0,1754103599999,2675678.31479,22577
DOGEUSDT,1754103600000,0.202,0.20265,0.20157,0.2023,13752399.0,1754107199999,2780795.00485,25207
DOGEUSDT,1754107200000,0.20229,0.20352,0.20169,0.20287,18821919.0,1754110799999,3815163.86972,24443
DOGEUSDT,1754110800000,0.20287,0.20306,0.20192,0.20218,19308534.0,1754114399999,3909172.08679,23918
DOGEUSDT,1754114400000,0.20217,0.20232,0.19476,0.19637,189250264.0,1754117999999,37247233.715,119287
DOGEUSDT,1754118000000,0.19636,0.20062,0.19446,0.20018,85007157.0,1754121599999,16803541.58336,89156
DOGEUSDT,1754121600000,0.20018,0.201,0.19846,0.1987,32947024.0,1754125199999,6579097.96829,61393
DOGEUSDT,1754125200000,0.1987,0.2,0.19821,0.1995,25959883.0,1754128799999,5169498.659,45746
DOGEUSDT,1754128800000,0.1995,0.19976,0.19721,0.19872,22509142.0,1754132399999,4462138.61274,52381
DOGEUSDT,1754132400000,0.19872,0.20064,0.19762,0.19973,19049089.0,1754135999999,3800030.39616,42926
DOGEUSDT,1754136000000,0.19973,0.19989,0.19773,0.19937,39740417.0,1754139599999,7897619.84466,37111
DOGEUSDT,1754139600000,0.19938,0.20008,0.19766,0.19942,25437718.0,1754143199999,5059392.78584,32301
DOGEUSDT,1754143200000,0.19942,0.19959,0.1943,0.19564,78885029.0,1754146799999,15478107.21523,67303
DOGEUSDT,1754146800000,0.19564,0.19776,0.19364,0.19456,59405105.0,1754150399999,11619933.21703,63475
DOGEUSDT,1754150400000,0.19457,0.1973,0.19242,0.19616,74424653.0,1754153999999,14492431.82961,83397
DOGEUSDT,1754154000000,0.19616,0.19734,0.19129,0.19272,56102256.0,1754157599999,10901771.01878,70274
DOGEUSDT,1754157600000,0.19271,0.19351,0.18959,0.19096,142570206.0,1754161199999,27237565.02716,114723
DOGEUSDT,1754161200000,0.19096,0.19476,0.19008,0.19242,100225570.0,1754164799999,19280985.98766,68945
DOGEUSDT,1754164800000,0.19241,0.1943,0.19201,0.19385,28954662.0,1754168399999,5587524.289,34413
DOGEUSDT,1754168400000,0.19385,0.19474,0.19235,0.19328,27745584.0,1754171999999,5369405.92445,27155
DOGEUSDT,1754172000000,0.19328,0.1943,0.19124,0.19333,46390614.0,1754175599999,8932446.08033,41475
DOGEUSDT,1754175600000,0.19334,0.19356,0.18944,0.19098,93610533.0,1754179199999,17905127.26838,64016
DOGEUSDT,1754179200000,0.19098,0.194,0.18845,0.19359,113699666.0,1754182799999,21723964.86972,109752
DOGEUSDT,1754182800000,0.19359,0.19541,0.1929,0.19464,72710246.0,1754186399999,14132612.97361,63076
DOGEUSDT,1754186400000,0.19463,0.1962,0.19462,0.19595,43726920.0,1754189999999,8551550.76856,42375
DOGEUSDT,1754190000000,0.19595,0.19646,0.1953,0.1958,26817667.0,1754193599999,5253771.4917,26359
DOGEUSDT,1754193600000,0.1958,0.19617,0.19496,0.19568,27613623.0,1754197199999,5398888.75154,27967
DOGEUSDT,1754197200000,0.19568,0.19636,0.19537,0.19563,17596249.0,1754200799999,3445694.2788,19466
DOGEUSDT,1754200800000,0.19564,0.19603,0.19511,0.19572,16050454.0,1754204399999,3136917.83522,20872
DOGEUSDT,1754204400000,0.19572,0.19691,0.1957,0.1963,22089001.0,1754207999999,4336467.55298,22974
DOGEUSDT,1754208000000,0.1963,0.197,0.19556,0.19645,16319000.0,1754211599999,3204388.59545,23576
DOGEUSDT,1754211600000,0.19644,0.19702,0.19572,0.1969,13465881.0,1754215199999,2645136.92982,22133
DOGEUSDT,1754215200000,0.19691,0.19791,0.19683,0.19745,27485656.0,1754218799999,5427721.26336,27410
DOGEUSDT,1754218800000,0.19745,0.1995,0.19742,0.19782,51562661.0,1754222399999,10231053.27385,48362
DOGEUSDT,1754222400000,0.19782,0.19911,0.19719,0.19857,25313876.0,1754225999999,5018114.27242,37285
DOGEUSDT,1754226000000,0.19857,0.19931,0.19775,0.19832,32603529.0,1754229599999,6470924.7548,32355
DOGEUSDT,1754229600000,0.19832,0.1989,0.19677,0.19855,46276563.0,1754233199999,9154727.7923,49160
DOGEUSDT,1754233200000,0.19855,0.1991,0.19764,0.19893,29645453.0,1754236799999,5885025.16125,40899
DOGEUSDT,1754236800000,0.19892,0.19998,0.19782,0.19979,33320256.0,1754240399999,6626590.68495,37946
DOGEUSDT,1754240400000,0.19978,0.20023,0.19899,0.19951,25441309.0,1754243999999,5074602.49436,32089
DOGEUSDT,1754244000000,0.19952,0.19976,0.1984,0.19936,18538519.0,1754247599999,3689227.56557,26956
DOGEUSDT,1754247600000,0.19936,0.20007,0.19865,0.19892,24308558.0,1754251199999,4844426.61891,29628
DOGEUSDT,1754251200000,0.19893,0.19902,0.19801,0.1988,11020540.0,1754254799999,2186497.458,21488
DOGEUSDT,1754254800000,0.19881,0.19955,0.19847,0.19943,12114277.0,1754258399999,2409949.86548,14057
DOGEUSDT,1754258400000,0.19943,0.19995,0.19794,0.19916,16357181.0,1754261999999,3250828.08248,23854
DOGEUSDT,1754262000000,0.19916,0.20047,0.1985,0.19876,19551872.0,1754265599999,3896909.18361,22817
DOGEUSDT,1754265600000,0.19875,0.20297,0.1985,0.20286,72373328.0,1754269199999,14546711.37047,60536
DOGEUSDT,1754269200000,0.20286,0.20295,0.20086,0.20114,52266219.0,1754272799999,10556048.07044,50942
DOGEUSDT,1754272800000,0.20114,0.20273,0.19993,0.20269,25151058.0,1754276399999,5058174.10057,36739
DOGEUSDT,1754276400000,0.20269,0.2029,0.20135,0.20171,17936829.0,1754279999999,3620806.82606,22552
DOGEUSDT,1754280000000,0.20171,0.2023,0.20083,0.201,21603909.0,1754283599999,4351186.21368,22222
DOGEUSDT,1754283600000,0.20101,0.20117,0.19957,0.20066,22646589.0,1754287199999,4537136.78925,24807
DOGEUSDT,1754287200000,0.20065,0.20377,0.19958,0.20262,127343172.0,1754290799999,25665601.9634,56827
DOGEUSDT,1754290800000,0.20262,0.20393,0.20175,0.20311,32887752.0,1754294399999,6672425.97653,28380
DOGEUSDT,1754294400000,0.2031,0.20406,0.20192,0.20215,46601666.0,1754297999999,9457284.18911,27226
DOGEUSDT,1754298000000,0.20216,0.20278,0.20099,0.20125,25578727.0,1754301599999,5163845.11716,30093
DOGEUSDT,1754301600000,0.20125,0.20252,0.2008,0.20137,29990485.0,1754305199999,6045825.75249,32680
DOGEUSDT,1754305200000,0.20136,0.20153,0.20026,0.20104,24528731.0,1754308799999,4927814.17737,24159
DOGEUSDT,1754308800000,0.20105,0.20191,0.20047,0.20176,21577622.0,1754312399999,4342850.2271,31897
DOGEUSDT,1754312400000,0.20176,0.20429,0.20101,0.20412,52148693.0,1754315999999,10575404.53652,60828
DOGEUSDT,1754316000000,0.20412,0.20629,0.20328,0.20375,123370426.0,1754319599999,25318858.24124,102090
DOGEUSDT,1754319600000,0.20376,0.2047,0.20303,0.20385,37439922.0,1754323199999,7636070.48257,52571
DOGEUSDT,1754323200000,0.20385,0.20849,0.20385,0.20771,72148757.0,1754326799999,14890442.10523,71386
DOGEUSDT,1754326800000,0.20771,0.20982,0.20606,0.20642,53321275.0,1754330399999,11092657.18913,59847
DOGEUSDT,1754330400000,0.20641,0.20689,0.20485,0.20531,26526198.0,1754333999999,5461989.3144,31634
DOGEUSDT,1754334000000,0.20531,0.20575,0.20405,0.20467,28926563.0,1754337599999,5925761.39665,26211
DOGEUSDT,1754337600000,0.20467,0.20707,0.20436,0.2066,18294255.0,1754341199999,3767571.60708,27640
DOGEUSDT,1754341200000,0.2066,0.20955,0.20646,0.20884,28330602.0,1754344799999,5903398.92506,29252
DOGEUSDT,1754344800000,0.20885,0.21076,0.20885,0.21076,32116007.0,1754348399999,6732293.65425,32566
DOGEUSDT,1754348400000,0.21075,0.21127,0.20996,0.21039,23466910.0,1754351999999,4942916.11888,26128
DOGEUSDT,1754352000000,0.21038,0.21106,0.20924,0.20969,40936961.0,1754355599999,8592495.68721,44182
DOGEUSDT,1754355600000,0.20969,0.21047,0.2083,0.20851,21928067.0,1754359199999,4587331.89053,37603
DOGEUSDT,1754359200000,0.20851,0.20928,0.20784,0.20921,28952243.0,1754362799999,6037041.3194,31071
DOGEUSDT,1754362800000,0.20921,0.20923,0.20611,0.2064,35410492.0,1754366399999,7327427.14015,38931
DOGEUSDT,1754366400000,0.20641,0.20709,0.20564,0.2059,23773173.0,1754369999999,4902815.83089,34380
DOGEUSDT,1754370000000,0.2059,0.20668,0.20585,0.20656,16914954.0,1754373599999,3490083.48976,24423
DOGEUSDT,1754373600000,0.20656,0.20748,0.20447,0.20507,25444440.0,1754377199999,5245468.7643,31965
DOGEUSDT,1754377200000,0.20507,0.20545,0.20151,0.20187,65225394.0,1754380799999,13243974.3897,61863
DOGEUSDT,1754380800000,0.20186,0.2036,0.20129,0.20331,29898839.0,1754384399999,6057565.44872,40071
DOGEUSDT,1754384400000,0.20331,0.20681,0.20325,0.2067,32307987.0,1754387999999,6612770.18866,36757
DOGEUSDT,1754388000000,0.2067,0.20885,0.20555,0.208,39810037.0,1754391599999,8262469.5493,54249
DOGEUSDT,1754391600000,0.20801,0.20842,0.207,0.20744,16454884.0,1754395199999,3417049.35831,33191
DOGEUSDT,1754395200000,0.20744,0.20767,0.20282,0.20327,48673995.0,1754398799999,9975009.43285,60975
DOGEUSDT,1754398800000,0.20327,0.20497,0.20285,0.2045,39332756.0,1754402399999,8016651.16373,63740
DOGEUSDT,1754402400000,0.2045,0.2045,0.19819,0.19924,130703367.0,1754405999999,26149396.46242,122115
DOGEUSDT,1754406000000,0.19923,0.2003,0.19729,0.19823,56742992.0,1754409599999,11281166.01093,71822
DOGEUSDT,1754409600000,0.19823,0.2001,0.19776,0.19866,42133585.0,1754413199999,8380970.08444,46363
DOGEUSDT,1754413200000,0.19867,0.20017,0.19834,0.19996,20836509.0,1754416799999,4154083.98773,30933
DOGEUSDT,1754416800000,0.19995,0.19995,0.19737,0.19903,25378433.0,1754420399999,5041934.09749,33600
DOGEUSDT,1754420400000,0.19904,0.19971,0.19682,0.19786,22067550.0,1754423999999,4374834.41852,28858
DOGEUSDT,1754424000000,0.19786,0.19966,0.19786,0.19807,13837097.0,1754427599999,2749134.62425,19344
DOGEUSDT,1754427600000,0.19806,0.19908,0.19729,0.19758,17795033.0,1754431199999,3532015.75559,16376
DOGEUSDT,1754431200000,0.19758,0.19928,0.19602,0.19928,23810951.0,1754434799999,4705120.89297,27967
DOGEUSDT,1754434800000,0.19928,0.20035,0.19904,0.19981,25654052.0,1754438399999,5125126.43558,22056
DOGEUSDT,1754438400000,0.19982,0.19988,0.19733,0.19764,20120297.0,1754441999999,3995018.04553,36057
DOGEUSDT,1754442000000,0.19763,0.19844,0.19666,0.19836,29211256.0,1754445599999,5770556.81834,37886
DOGEUSDT,1754445600000,0.19836,0.19837,0.19684,0.19771,13680854.0,1754449199999,2705338.46541,26359
DOGEUSDT,1754449200000,0.19771,0.19787,0.19599,0.19642,22099262.0,1754452799999,4342571.9974,27386
DOGEUSDT,1754452800000,0.19642,0.19675,0.1956,0.1965,26687606.0,1754456399999,5234031.88174,29746
DOGEUSDT,1754456400000,0.1965,0.20145,0.19611,0.2001,56765730.0,1754459999999,11345503.09004,62146
DOGEUSDT,1754460000000,0.20011,0.20123,0.19886,0.20053,20416937.0,1754463599999,4083118.20349,33173
DOGEUSDT,1754463600000,0.20053,0.2024,0.20004,0.20139,24954380.0,1754467199999,5024575.22459,37020
DOGEUSDT,1754467200000,0.20139,0.20156,0.19877,0.19959,28374322.0,1754470799999,5672727.43649,32829
DOGEUSDT,1754470800000,0.19958,0.2016,0.19895,0.20093,23534673.0,1754474399999,4722150.52057,33199
DOGEUSDT,1754474400000,0.20093,0.20122,0.19961,0.20053,19231675.0,1754477999999,3853792.78061,26831
DOGEUSDT,1754478000000,0.20053,0.20202,0.20019,0.20048,21522944.0,1754481599999,4327184.23345,25263
DOGEUSDT,1754481600000,0.20049,0.20097,0.19851,0.1994,29627696.0,1754485199999,5912985.61849,34117
DOGEUSDT,1754485200000,0.19941,0.2012,0.19914,0.20061,35546720.0,1754488799999,7121400.5477,38420
DOGEUSDT,1754488800000,0.20061,0.2034,0.19959,0.20334,53378739.0,1754492399999,10755497.33224,46094
DOGEUSDT,1754492400000,0.20335,0.20571,0.2021,0.20524,57188372.0,1754495999999,11642858.85752,52050
DOGEUSDT,1754496000000,0.20525,0.2062,0.20316,0.20378,37092143.0,1754499599999,7578751.28755,36536
DOGEUSDT,1754499600000,0.20378,0.20623,0.2032,0.206,22496350.0,1754503199999,4609383.52543,23502
DOGEUSDT,1754503200000,0.20599,0.20716,0.20552,0.2056,29296109.0,1754506799999,6044655.48434,27747
DOGEUSDT,1754506800000,0.2056,0.20634,0.20495,0.20583,11139641.0,1754510399999,2290729.777,14235
DOGEUSDT,1754510400000,0.20584,0.20584,0.20476,0.20515,5914631.0,1754513999999,1214045.3381,10256
DOGEUSDT,1754514000000,0.20515,0.2058,0.20447,0.20557,14483966.0,1754517599999,2971783.55372,11494
DOGEUSDT,1754517600000,0.20557,0.20585,0.20511,0.2055,10626816.0,1754521199999,2183953.44859,13081
DOGEUSDT,1754521200000,0.20549,0.2056,0.20484,0.20524,11535571.0,1754524799999,2366689.05007,9358
DOGEUSDT,1754524800000,0.20525,0.20538,0.20393,0.20494,18757899.0,1754528399999,3839839.621,18869
DOGEUSDT,1754528400000,0.20495,0.20659,0.20419,0.20445,19468782.0,1754531999999,4000903.49056,26826
DOGEUSDT,1754532000000,0.20444,0.20514,0.2035,0.20367,27709237.0,1754535599999,5664820.88428,22319
DOGEUSDT,1754535600000,0.20367,0.20442,0.20331,0.20391,26911020.0,1754539199999,5484385.4882,14933
DOGEUSDT,1754539200000,0.20392,0.20532,0.20383,0.20475,9527285.0,1754542799999,1951908.47093,12102
DOGEUSDT,1754542800000,0.20474,0.20553,0.20406,0.20551,14156998.0,1754546399999,2900550.42844,15307
DOGEUSDT,1754546400000,0.20551,0.20655,0.2053,0.20587,38909217.0,1754549999999,8020192.24392,29869
DOGEUSDT,1754550000000,0.20586,0.20664,0.20539,0.20578,17545712.0,1754553599999,3615846.01121,22669
DOGEUSDT,1754553600000,0.20577,0.20691,0.20568,0.20602,26147311.0,1754557199999,5389966.24475,23140
DOGEUSDT,1754557200000,0.20602,0.20628,0.20529,0.20621,29809373.0,1754560799999,6136157.24802,17440
DOGEUSDT,1754560800000,0.20621,0.21311,0.20607,0.21282,202940627.0,1754564399999,42651517.3832,111311
DOGEUSDT,1754564400000,0.21283,0.21491,0.21238,0.21426,99879427.0,1754567999999,21351031.2009,68145
DOGEUSDT,1754568000000,0.21425,0.21471,0.21274,0.21414,58219615.0,1754571599999,12434751.90066,53342
DOGEUSDT,1754571600000,0.21415,0.21613,0.21384,0.21444,104023176.0,1754575199999,22329766.5387,64834
DOGEUSDT,1754575200000,0.21444,0.21461,0.21216,0.21298,69998123.0,1754578799999,14925990.60217,48886
DOGEUSDT,1754578800000,0.21298,0.21461,0.21233,0.21434,43731445.0,1754582399999,9330589.43222,36948
DOGEUSDT,1754582400000,0.21433,0.21486,0.21014,0.21209,54042765.0,1754585999999,11507224.37589,58267
DOGEUSDT,1754586000000,0.2121,0.21342,0.2115,0.21306,31158235.0,1754589599999,6613871.85357,35444
DOGEUSDT,1754589600000,0.21306,0.21357,0.21205,0.21343,12146084.0,1754593199999,2586480.32774,16696
DOGEUSDT,1754593200000,0.21343,0.21833,0.21317,0.21725,51308993.0,1754596799999,11091542.0889,44933
DOGEUSDT,1754596800000,0.21725,0.2188,0.21638,0.2179,37490401.0,1754600399999,8159153.10713,41205
DOGEUSDT,1754600400000,0.21791,0.21996,0.21743,0.21927,34536473.0,1754603999999,7556262.50162,45303
DOGEUSDT,1754604000000,0.21928,0.22304,0.21928,0.22271,56179711.0,1754607599999,12413521.13041,65694
DOGEUSDT,1754607600000,0.22271,0.22286,0.22141,0.22228,38287473.0,1754611199999,8503313.46839,40456
DOGEUSDT,1754611200000,0.22228,0.22485,0.21978,0.22135,118730752.0,1754614799999,26368237.30722,146786
DOGEUSDT,1754614800000,0.22136,0.22338,0.21953,0.22125,105768817.0,1754618399999,23407678.45644,137945
DOGEUSDT,1754618400000,0.22125,0.22297,0.22072,0.22184,45083161.0,1754621999999,9991856.1315,39851
DOGEUSDT,1754622000000,0.22184,0.22426,0.22146,0.22288,50530492.0,1754625599999,11261631.70576,50968
DOGEUSDT,1754625600000,0.22288,0.22303,0.22098,0.22137,31621969.0,1754629199999,7020286.67728,31500
DOGEUSDT,1754629200000,0.22138,0.22148,0.22011,0.22015,28669452.0,1754632799999,6325340.51955,26020
DOGEUSDT,1754632800000,0.22015,0.22272,0.21967,0.22261,23798573.0,1754636399999,5259722.22346,26871
DOGEUSDT,1754636400000,0.22262,0.22512,0.22145,0.22456,48494448.0,1754639999999,10837984.08886,47556
DOGEUSDT,1754640000000,0.22455,0.22684,0.22225,0.22347,63336766.0,1754643599999,14220894.0509,67449
DOGEUSDT,1754643600000,0.22347,0.22352,0.22148,0.22283,25635005.0,1754647199999,5703319.87072,30407
DOGEUSDT,1754647200000,0.22283,0.22368,0.22173,0.2226,22954291.0,1754650799999,5109140.92383,24404
DOGEUSDT,1754650800000,0.2226,0.22369,0.2226,0.22362,25320187.0,1754654399999,5648942.56697,21544
DOGEUSDT,1754654400000,0.22362,0.22362,0.2214,0.22173,16509202.0,1754657999999,3670433.05548,26610
DOGEUSDT,1754658000000,0.22174,0.228,0.22173,0.22776,55235491.0,1754661599999,12425256.95889,69399
DOGEUSDT,1754661600000,0.22777,0.22943,0.22224,0.22354,105728453.0,1754665199999,23857079.85887,144305
DOGEUSDT,1754665200000,0.22354,0.22392,0.21967,0.22125,57918636.0,1754668799999,12815642.37664,71192
DOGEUSDT,1754668800000,0.22125,0.22328,0.22077,0.22295,33973381.0,1754672399999,7542223.9538,35277
DOGEUSDT,1754672400000,0.22295,0.22838,0.22261,0.22823,54085149.0,1754675999999,12221018.61058,54570
DOGEUSDT,1754676000000,0.22824,0.22987,0.22641,0.22686,67793115.0,1754679599999,15463207.61671,64911
DOGEUSDT,1754679600000,0.22685,0.22919,0.22631,0.22916,37136743.0,1754683199999,8447759.3267,31117
DOGEUSDT,1754683200000,0.22916,0.22966,0.22714,0.22949,38275609.0,1754686799999,8752661.24599,28925
DOGEUSDT,1754686800000,0.22948,0.23005,0.228,0.22933,36352637.0,1754690399999,8335016.66558,23288
DOGEUSDT,1754690400000,0.22932,0.23254,0.22872,0.23098,62355368.0,1754693999999,14400622.52758,51906
DOGEUSDT,1754694000000,0.23097,0.2324,0.22986,0.23039,51139529.0,1754697599999,11824000.72464,39116
DOGEUSDT,1754697600000,0.23039,0.2321,0.23013,0.23046,38748425.0,1754701199999,8954784.41313,50350
DOGEUSDT,1754701200000,0.23046,0.23389,0.22972,0.23196,56637628.0,1754704799999,13117359.49877,60315
DOGEUSDT,1754704800000,0.23196,0.23264,0.2309,0.23116,27609305.0,1754708399999,6395164.14722,44699
DOGEUSDT,1754708400000,0.23115,0.232,0.22975,0.23026,35152329.0,1754711999999,8107365.57687,44495
DOGEUSDT,1754712000000,0.23026,0.23198,0.22978,0.23105,26827869.0,1754715599999,6191438.83067,39778
DOGEUSDT,1754715600000,0.23104,0.23622,0.23087,0.23567,107218876.0,1754719199999,25122764.83885,112385
DOGEUSDT,1754719200000,0.23567,0.2367,0.2339,0.23494,65941603.0,1754722799999,15499360.68445,73253
DOGEUSDT,1754722800000,0.23493,0.23641,0.23452,0.2358,40138416.0,1754726399999,9447563.88148,39363
DOGEUSDT,1754726400000,0.2358,0.23774,0.23513,0.23654,49333844.0,1754729999999,11665817.19109,50005
DOGEUSDT,1754730000000,0.23654,0.23838,0.23577,0.23746,48200011.0,1754733599999,11441884.96071,63541
DOGEUSDT,1754733600000,0.23747,0.2388,0.23628,0.23714,63488609.0,1754737199999,15078379.62148,61124
DOGEUSDT,1754737200000,0.23714,0.23844,0.23657,0.23776,33106977.0,1754740799999,7857872.56006,51878
DOGEUSDT,1754740800000,0.23776,0.24454,0.237,0.24335,132006738.0,1754744399999,31903828.1983,132827
DOGEUSDT,1754744400000,0.24335,0.24399,0.23743,0.23756,86464278.0,1754747999999,20769962.86874,101621
DOGEUSDT,1754748000000,0.23756,0.2402,0.23581,0.2401,78674256.0,1754751599999,18717538.06597,78442
DOGEUSDT,1754751600000,0.24009,0.24151,0.23772,0.24077,65757310.0,1754755199999,15767962.46822,78352
DOGEUSDT,1754755200000,0.24077,0.24492,0.24032,0.24086,122960761.0,1754758799999,29806305.75727,98813
DOGEUSDT,1754758800000,0.24086,0.24652,0.24052,0.24487,90170761.0,1754762399999,22018338.30268,76104
DOGEUSDT,1754762400000,0.24488,0.24676,0.24367,0.24544,48598165.0,1754765999999,11916813.22927,51736
DOGEUSDT,1754766000000,0.24545,0.24656,0.24242,0.243,51526240.0,1754769599999,12586646.58427,49884
DOGEUSDT,1754769600000,0.243,0.24512,0.24185,0.24331,62970933.0,1754773199999,15323514.63714,49010
DOGEUSDT,1754773200000,0.24331,0.24408,0.24108,0.24229,41561516.0,1754776799999,10073264.9884,38917
DOGEUSDT,1754776800000,0.24228,0.2437,0.23945,0.24043,47050563.0,1754780399999,11359888.3624,49005
DOGEUSDT,1754780400000,0.24044,0.24127,0.23952,0.23995,39936069.0,1754783999999,9594681.74512,29192
DOGEUSDT,1754784000000,0.23995,0.24344,0.2392,0.24248,40255563.0,1754787599999,9730433.75219,50230
DOGEUSDT,1754787600000,0.24248,0.24325,0.24081,0.24124,38008053.0,1754791199999,9194487.90128,55101
DOGEUSDT,1754791200000,0.24125,0.24229,0.23876,0.23995,55076610.0,1754794799999,13245555.22786,54473
DOGEUSDT,1754794800000,0.23994,0.24348,0.23885,0.24263,77972770.0,1754798399999,18821954.5004,74764
DOGEUSDT,1754798400000,0.24262,0.24346,0.24122,0.24248,28778080.0,1754801999999,6979320.31721,37551
DOGEUSDT,1754802000000,0.24248,0.24285,0.23781,0.23803,55665847.0,1754805599999,13340460.87923,49911
DOGEUSDT,1754805600000,0.23803,0.2383,0.23575,0.23651,72905748.0,1754809199999,17268495.69495,59364
DOGEUSDT,1754809200000,0.23651,0.23724,0.23138,0.23242,113137524.0,1754812799999,26440157.22891,82212
DOGEUSDT,1754812800000,0.23243,0.2345,0.22941,0.23392,91221718.0,1754816399999,21140008.5634,68989
DOGEUSDT,1754816400000,0.23393,0.23457,0.23309,0.23361,25965341.0,1754819999999,6069082.6735,30072
DOGEUSDT,1754820000000,0.23361,0.234,0.23068,0.23148,29742072.0,1754823599999,6907682.10091,38100
DOGEUSDT,1754823600000,0.23148,0.23269,0.23075,0.23097,35395041.0,1754827199999,8196658.21974,38345
DOGEUSDT,1754827200000,0.23097,0.23246,0.23084,0.23201,22091747.0,1754830799999,5115761.12668,29155
DOGEUSDT,1754830800000,0.23201,0.23305,0.23006,0.23026,26323104.0,1754834399999,6092976.99532,40339
DOGEUSDT,1754834400000,0.23025,0.23432,0.22953,0.23364,50693837.0,1754837999999,11786503.45738,52288
DOGEUSDT,1754838000000,0.23364,0.23492,0.2312,0.23257,150947495.0,1754841599999,35145589.52144,53849
DOGEUSDT,1754841600000,0.23257,0.2347,0.232,0.2343,42551133.0,1754845199999,9942334.0921,26084
DOGEUSDT,1754845200000,0.23429,0.23474,0.23288,0.23368,14323491.0,1754848799999,3348471.60438,17071
DOGEUSDT,1754848800000,0.23369,0.23467,0.23362,0.23447,12138133.0,1754852399999,2842093.09506,12664
DOGEUSDT,1754852400000,0.23447,0.23554,0.23406,0.23498,18199518.0,1754855999999,4276406.8636,15439
DOGEUSDT,1754856000000,0.23498,0.23517,0.23262,0.23372,35037095.0,1754859599999,8184854.80289,26509
DOGEUSDT,1754859600000,0.23372,0.23378,0.23103,0.23306,28154768.0,1754863199999,6543066.44193,21462
DOGEUSDT,1754863200000,0.23308,0.23391,0.23209,0.23378,13095189.0,1754866799999,3052339.14289,17610
DOGEUSDT,1754866800000,0.23378,0.23444,0.2325,0.23385,23229854.0,1754870399999,5430953.17911,16196
DOGEUSDT,1754870400000,0.23385,0.23483,0.23219,0.23309,26553115.0,1754873999999,6202597.23247,39474
DOGEUSDT,1754874000000,0.23308,0.23665,0.23273,0.23614,50807136.0,1754877599999,11969755.46413,57209
DOGEUSDT,1754877600000,0.23613,0.24179,0.23596,0.24052,136064387.0,1754881199999,32544917.60515,108251
DOGEUSDT,1754881200000,0.24052,0.24068,0.23809,0.23934,61482058.0,1754884799999,14701172.76919,72277
DOGEUSDT,1754884800000,0.23933,0.24132,0.23905,0.23927,59226821.0,1754888399999,14225944.78723,51607
DOGEUSDT,1754888400000,0.23927,0.24059,0.23752,0.23833,59775929.0,1754891999999,14297747.15087,49659
DOGEUSDT,1754892000000,0.23833,0.23907,0.23696,0.23883,40211845.0,1754895599999,9576493.39678,43545
DOGEUSDT,1754895600000,0.23883,0.23889,0.2332,0.23339,88424449.0,1754899199999,20802407.5774,61756
DOGEUSDT,1754899200000,0.23339,0.23673,0.23178,0.23605,58119527.0,1754902799999,13608840.3216,66136
DOGEUSDT,1754902800000,0.23604,0.23624,0.23327,0.23423,30020178.0,1754906399999,7044361.72469,47215
DOGEUSDT,1754906400000,0.23424,0.23444,0.23212,0.23254,39364462.0,1754909999999,9180407.46441,59688
DOGEUSDT,1754910000000,0.23254,0.23297,0.22692,0.2283,128472710.0,1754913599999,29472473.00602,126031
DOGEUSDT,1754913600000,0.22829,0.2294,0.22645,0.22776,78126811.0,1754917199999,17807832.66412,81283
DOGEUSDT,1754917200000,0.22777,0.23091,0.22562,0.22938,96042513.0,1754920799999,21898047.0437,94284
DOGEUSDT,1754920800000,0.22938,0.23108,0.22791,0.22855,96328437.0,1754924399999,22104129.92243,66051
DOGEUSDT,1754924400000,0.22855,0.2316,0.22714,0.23153,45806790.0,1754927999999,10499536.48135,37948
DOGEUSDT,1754928000000,0.23154,0.2338,0.22948,0.23038,64476611.0,1754931599999,14955838.2702,69248
DOGEUSDT,1754931600000,0.23037,0.23162,0.22909,0.23022,30214793.0,1754935199999,6960649.55465,30198
DOGEUSDT,1754935200000,0.23024,0.23163,0.22791,0.23116,52913804.0,1754938799999,12162685.72697,39953
DOGEUSDT,1754938800000,0.23115,0.2312,0.22593,0.22746,48118652.0,1754942399999,10979106.59672,38766
DOGEUSDT,1754942400000,0.22744,0.22777,0.2258,0.22724,26959781.0,1754945999999,6119960.28988,21667
DOGEUSDT,1754946000000,0.22722,0.2279,0.22258,0.22427,50824314.0,1754949599999,11417747.35029,35247
DOGEUSDT,1754949600000,0.22427,0.22456,0.22117,0.22302,43128107.0,1754953199999,9595494.56943,38383
DOGEUSDT,1754953200000,0.22301,0.22373,0.22206,0.22207,27087041.0,1754956799999,6036665.71105,16687
DOGEUSDT,1754956800000,0.22208,0.22512,0.22188,0.22462,32542390.0,1754960399999,7281343.91693,38421
DOGEUSDT,1754960400000,0.22461,0.22558,0.22397,0.22519,40649127.0,1754963999999,9148978.49481,31759
DOGEUSDT,1754964000000,0.2252,0.22745,0.22465,0.22567,54391214.0,1754967599999,12294699.24848,33777
DOGEUSDT,1754967600000,0.22567,0.22597,0.22421,0.22454,40007726.0,1754971199999,8993299.08869,31561
DOGEUSDT,1754971200000,0.22453,0.22645,0.2241,0.22597,26886612.0,1754974799999,6066135.39145,25885
DOGEUSDT,1754974800000,0.22597,0.22597,0.22244,0.22358,32430451.0,1754978399999,7254510.89686,42920
DOGEUSDT,1754978400000,0.22357,0.22482,0.2213,0.22348,39056677.0,1754981999999,8729411.43272,55463
DOGEUSDT,1754982000000,0.22348,0.22549,0.22347,0.22521,30556782.0,1754985599999,6874127.84188,34540
DOGEUSDT,1754985600000,0.22521,0.2256,0.22327,0.22373,26090440.0,1754989199999,5850807.84097,46657
DOGEUSDT,1754989200000,0.22372,0.224,0.22186,0.22209,35206950.0,1754992799999,7842673.31192,47192
DOGEUSDT,1754992800000,0.22209,0.22234,0.22,0.22094,61523361.0,1754996399999,13587878.33451,55654
DOGEUSDT,1754996400000,0.22095,0.22182,0.21865,0.22148,59905512.0,1754999999999,13198484.36034,51526
DOGEUSDT,1755000000000,0.22148,0.22791,0.22063,0.22655,176995069.0,1755003599999,39948469.87538,144005
DOGEUSDT,1755003600000,0.22657,0.22735,0.22272,0.22391,119575189.0,1755007199999,26936386.56972,136927
DOGEUSDT,1755007200000,0.22391,0.22696,0.2233,0.22685,52166017.0,1755010799999,11756517.37541,75949
DOGEUSDT,1755010800000,0.22684,0.22997,0.22653,0.22958,84296936.0,1755014399999,19230354.75178,90530
DOGEUSDT,1755014400000,0.22959,0.23105,0.22802,0.2306,74097877.0,1755017999999,16998077.82438,89174
DOGEUSDT,1755018000000,0.23061,0.2334,0.23023,0.23156,82457548.0,1755021599999,19119268.98051,85142
DOGEUSDT,1755021600000,0.23157,0.23513,0.23127,0.23326,58876640.0,1755025199999,13759705.09571,65040
DOGEUSDT,1755025200000,0.23326,0.23611,0.23324,0.23576,41088028.0,1755028799999,9652113.42834,38949
DOGEUSDT,1755028800000,0.23577,0.23835,0.235,0.23742,66474571.0,1755032399999,15757959.83004,58764
DOGEUSDT,1755032400000,0.23742,0.23806,0.2353,0.23601,59865379.0,1755035999999,14173656.83115,40254
DOGEUSDT,1755036000000,0.23603,0.23708,0.23477,0.23699,54029605.0,1755039599999,12761675.57401,40618
DOGEUSDT,1755039600000,0.23699,0.23749,0.23525,0.23582,30011716.0,1755043199999,7088954.47586,28777
DOGEUSDT,1755043200000,0.23582,0.23818,0.23525,0.2363,49371815.0,1755046799999,11679562.39659,72065
DOGEUSDT,1755046800000,0.23631,0.23644,0.23229,0.23307,73873077.0,1755050399999,17290851.07506,76981
DOGEUSDT,1755050400000,0.23306,0.23681,0.23132,0.23677,64311333.0,1755053999999,15019945.10637,75451
DOGEUSDT,1755054000000,0.23676,0.24,0.23496,0.23819,116189884.0,1755057599999,27616117.8919,115431
DOGEUSDT,1755057600000,0.2382,0.24072,0.23782,0.24001,127313668.0,1755061199999,30526110.96572,91424
DOGEUSDT,1755061200000,0.24,0.24013,0.23529,0.23563,67993001.0,1755064799999,16149172.62575,62352
DOGEUSDT,1755064800000,0.23562,0.23672,0.23451,0.23583,58220023.0,1755068399999,13720759.64617,60304
DOGEUSDT,1755068400000,0.23584,0.24496,0.23578,0.24488,243813111.0,1755071999999,58499184.3321,128284
DOGEUSDT,1755072000000,0.24488,0.25058,0.24454,0.24958,242599712.0,1755075599999,60238297.92221,207596
DOGEUSDT,1755075600000,0.24958,0.24987,0.24613,0.2496,107756953.0,1755079199999,26756018.52267,97681
DOGEUSDT,1755079200000,0.2496,0.24964,0.24663,0.24681,67949356.0,1755082799999,16846751.77726,63065
DOGEUSDT,1755082800000,0.2468,0.24787,0.24561,0.24663,58579747.0,1755086399999,14443198.69009,58648
DOGEUSDT,1755086400000,0.24663,0.24817,0.24505,0.24566,75426982.0,1755089999999,18606122.03087,61902
DOGEUSDT,1755090000000,0.24566,0.24866,0.24217,0.24479,149819421.0,1755093599999,36730281.19806,142440
DOGEUSDT,1755093600000,0.24479,0.24539,0.24037,0.2407,157828182.0,1755097199999,38280912.44056,148108
DOGEUSDT,1755097200000,0.24071,0.24286,0.23916,0.24122,95632399.0,1755100799999,23045767.01336,95969
DOGEUSDT,1755100800000,0.24122,0.24373,0.24027,0.24229,83239002.0,1755104399999,20151852.31232,71842
DOGEUSDT,1755104400000,0.24229,0.24383,0.24175,0.24307,34823069.0,1755107999999,8457286.61431,34708
DOGEUSDT,1755108000000,0.24307,0.24394,0.24034,0.242,39742013.0,1755111599999,9627837.57835,39937
DOGEUSDT,1755111600000,0.242,0.24425,0.24177,0.2439,36016263.0,1755115199999,8758747.25344,24587
DOGEUSDT,1755115200000,0.24389,0.24404,0.24194,0.24308,22615334.0,1755118799999,5496180.60428,21021
DOGEUSDT,1755118800000,0.24309,0.24457,0.24217,0.24317,36371422.0,1755122399999,8863907.38385,27231
DOGEUSDT,1755122400000,0.24319,0.24619,0.24282,0.2445,45056939.0,1755125999999,11022730.04951,38146
DOGEUSDT,1755126000000,0.2445,0.24626,0.24447,0.24482,49570917.0,1755129599999,12167780.04581,32210
DOGEUSDT,1755129600000,0.24483,0.24773,0.24354,0.24426,119670706.0,1755133199999,29374953.49026,89976
DOGEUSDT,1755133200000,0.24424,0.24913,0.24262,0.24679,100484570.0,1755136799999,24779859.9598,99409
DOGEUSDT,1755136800000,0.24679,0.2549,0.24659,0.25489,152240304.0,1755140399999,38139618.28072,131733
DOGEUSDT,1755140400000,0.25489,0.25574,0.25195,0.2527,166215596.0,1755143999999,42153015.89004,151521
DOGEUSDT,1755144000000,0.25269,0.25457,0.25101,0.25125,73038915.0,1755147599999,18451781.57984,85716
DOGEUSDT,1755147600000,0.25126,0.25226,0.24708,0.24814,82536908.0,1755151199999,20595500.4824,97542
DOGEUSDT,1755151200000,0.24813,0.2486,0.24404,0.24778,115542005.0,1755154799999,28484882.72026,135712
DOGEUSDT,1755154800000,0.24779,0.24814,0.24336,0.24503,82502130.0,1755158399999,20226569.1896,95570
DOGEUSDT,1755158400000,0.24504,0.24511,0.24138,0.24206,101204686.0,1755161999999,24567021.5462,97016
DOGEUSDT,1755162000000,0.24206,0.24282,0.24044,0.24244,76651798.0,1755165599999,18519648.32287,88302
DOGEUSDT,1755165600000,0.24244,0.2425,0.23624,0.23839,150343295.0,1755169199999,35983203.23505,111666
DOGEUSDT,1755169200000,0.2384,0.23873,0.23689,0.23797,84888276.0,1755172799999,20184343.19004,80328
DOGEUSDT,1755172800000,0.23797,0.23926,0.21839,0.22618,514891221.0,1755176399999,117819893.39661,359210
DOGEUSDT,1755176400000,0.22619,0.22864,0.2214,0.22653,369834541.0,1755179999999,83529242.50479,272721
DOGEUSDT,1755180000000,0.22654,0.22939,0.2255,0.22821,124761503.0,1755183599999,28396324.42539,116492
DOGEUSDT,1755183600000,0.22822,0.22839,0.22483,0.22542,107181370.0,1755187199999,24266661.70414,108884
DOGEUSDT,1755187200000,0.22541,0.22552,0.22151,0.22365,171625810.0,1755190799999,38326002.0147,116011
DOGEUSDT,1755190800000,0.22365,0.22437,0.22164,0.22384,89313169.0,1755194399999,19940363.15825,71565
DOGEUSDT,1755194400000,0.22383,0.22467,0.2208,0.22421,84028265.0,1755197999999,18738694.10318,62499
DOGEUSDT,1755198000000,0.22422,0.22508,0.22321,0.22348,47284568.0,1755201599999,10607939.97599,43007
DOGEUSDT,1755201600000,0.22348,0.22377,0.22108,0.22266,79237532.0,1755205199999,17603890.65253,45351
DOGEUSDT,1755205200000,0.22265,0.223,0.21578,0.21996,243956972.0,1755208799999,53470065.74945,84420
DOGEUSDT,1755208800000,0.21995,0.22255,0.21838,0.22242,58795229.0,1755212399999,12965498.76884,44512
DOGEUSDT,1755212400000,0.22242,0.2243,0.2223,0.22382,42149540.0,1755215999999,9417946.5735,34009
DOGEUSDT,1755216000000,0.22381,0.2252,0.22286,0.22349,60383937.0,1755219599999,13536334.39421,75951
DOGEUSDT,1755219600000,0.2235,0.22639,0.22296,0.22602,69706470.0,1755223199999,15679392.28338,74599
DOGEUSDT,1755223200000,0.22601,0.22734,0.22538,0.22624,55699757.0,1755226799999,12620599.7461,65375
DOGEUSDT,1755226800000,0.22625,0.23,0.22542,0.22989,72668480.0,1755230399999,16562037.01617,68649
DOGEUSDT,1755230400000,0.22988,0.23265,0.22791,0.22803,85343818.0,1755233999999,19644919.78704,103759
DOGEUSDT,1755234000000,0.22804,0.23148,0.22744,0.23124,42264279.0,1755237599999,9674091.13171,64449
DOGEUSDT,1755237600000,0.23124,0.23299,0.22971,0.23055,74355064.0,1755241199999,17227293.32694,89288
DOGEUSDT,1755241200000,0.23056,0.23111,0.22909,0.23059,52899131.0,1755244799999,12176248.71446,59537
DOGEUSDT,1755244800000,0.23057,0.23215,0.23025,0.23101,50101951.0,1755248399999,11582282.73525,58417
DOGEUSDT,1755248400000,0.23101,0.23168,0.22882,0.23005,58307865.0,1755251999999,13440176.34949,62532
DOGEUSDT,1755252000000,0.23006,0.23278,0.22989,0.23044,76815908.0,1755255599999,17778484.00854,82161
DOGEUSDT,1755255600000,0.23043,0.23132,0.2295,0.22974,30961175.0,1755259199999,7133137.39196,51693
DOGEUSDT,1755259200000,0.22974,0.23227,0.22713,0.22968,125485163.0,1755262799999,28832332.1754,147449
DOGEUSDT,1755262800000,0.22968,0.23048,0.22607,0.2273,111642806.0,1755266399999,25463428.23686,134591
DOGEUSDT,1755266400000,0.22729,0.22928,0.22395,0.22464,108864871.0,1755269999999,24646183.89196,122694
DOGEUSDT,1755270000000,0.22464,0.22592,0.22097,0.22231,131581565.0,1755273599999,29355700.77401,146556
DOGEUSDT,1755273600000,0.22231,0.22443,0.22006,0.22336,118528184.0,1755277199999,26289695.83934,111301
DOGEUSDT,1755277200000,0.22337,0.22538,0.22092,0.22427,66949710.0,1755280799999,14985289.27375,90092
DOGEUSDT,1755280800000,0.22427,0.22483,0.22115,0.22215,45655202.0,1755284399999,10190066.27908,55429
DOGEUSDT,1755284400000,0.22214,0.22419,0.22123,0.22178,27242370.0,1755287999999,6055250.67224,37039
DOGEUSDT,1755288000000,0.22178,0.22693,0.22075,0.22678,40806015.0,1755291599999,9134774.75909,43086
DOGEUSDT,1755291600000,0.22679,0.22978,0.226,0.22978,90628640.0,1755295199999,20665226.6486,82658
DOGEUSDT,1755295200000,0.22978,0.23085,0.2272,0.23076,42698263.0,1755298799999,9773007.76063,41336
DOGEUSDT,1755298800000,0.23075,0.23185,0.22686,0.22886,56701691.0,1755302399999,12977385.74914,52342
DOGEUSDT,1755302400000,0.22885,0.23622,0.2281,0.23526,113547418.0,1755305999999,26377678.00532,113039
DOGEUSDT,1755306000000,0.23527,0.23561,0.2325,0.23435,63821766.0,1755309599999,14952647.12192,81206
DOGEUSDT,1755309600000,0.23434,0.23435,0.23184,0.23216,40716325.0,1755313199999,9487174.20645,59275
DOGEUSDT,1755313200000,0.23216,0.23497,0.23198,0.23271,43896445.0,1755316799999,10256245.25788,58637
DOGEUSDT,1755316800000,0.2327,0.23383,0.23224,0.23339,31070081.0,1755320399999,7241303.56651,47463
DOGEUSDT,1755320400000,0.23339,0.23341,0.23061,0.23119,43445392.0,1755323999999,10059132.18184,48709
DOGEUSDT,1755324000000,0.23119,0.23132,0.22964,0.23105,47879607.0,1755327599999,11042064.22239,44343
DOGEUSDT,1755327600000,0.23106,0.23364,0.23105,0.2331,44517198.0,1755331199999,10357194.60872,45942
DOGEUSDT,1755331200000,0.23311,0.2337,0.23204,0.23261,56927736.0,1755334799999,13251513.07931,41683
DOGEUSDT,1755334800000,0.2326,0.23497,0.23122,0.23123,66386003.0,1755338399999,15510732.26226,76362
DOGEUSDT,1755338400000,0.23124,0.23251,0.22887,0.22929,78967195.0,1755341999999,18224338.62588,93617
DOGEUSDT,1755342000000,0.22929,0.23105,0.22711,0.22724,46748115.0,1755345599999,10703853.70723,66424
DOGEUSDT,1755345600000,0.22724,0.22826,0.22522,0.22814,55102030.0,1755349199999,12513330.23077,82222
DOGEUSDT,1755349200000,0.22815,0.23027,0.22692,0.22706,50232117.0,1755352799999,11484683.39501,65885
DOGEUSDT,1755352800000,0.22706,0.22944,0.22672,0.22903,28687470.0,1755356399999,6547882.50695,58272
DOGEUSDT,1755356400000,0.22903,0.22977,0.22789,0.22863,38621121.0,1755359999999,8839406.67004,64190
DOGEUSDT,1755360000000,0.22863,0.23118,0.22853,0.22959,94732179.0,1755363599999,21812606.99393,75349
DOGEUSDT,1755363600000,0.2296,0.2297,0.22801,0.22894,22444518.0,1755367199999,5133882.06947,41634
DOGEUSDT,1755367200000,0.22893,0.23012,0.22829,0.22921,12987156.0,1755370799999,2977754.57906,25545
DOGEUSDT,1755370800000,0.22921,0.23055,0.22912,0.22932,14047893.0,1755374399999,3226152.93737,22222
DOGEUSDT,1755374400000,0.22932,0.23057,0.22886,0.23055,19406562.0,1755377999999,4461902.49011,20261
DOGEUSDT,1755378000000,0.23055,0.23068,0.22929,0.22981,11721463.0,1755381599999,2695442.75809,14656
DOGEUSDT,1755381600000,0.22982,0.23152,0.22914,0.23103,18950226.0,1755385199999,4363313.24584,21846
DOGEUSDT,1755385200000,0.23102,0.23127,0.22972,0.23115,16581448.0,1755388799999,3820533.84997,16232
DOGEUSDT,1755388800000,0.23115,0.23118,0.22991,0.2305,13222353.0,1755392399999,3048900.05749,22080
DOGEUSDT,1755392400000,0.2305,0.23197,0.22835,0.23121,38449278.0,1755395999999,8857634.04454,58510
DOGEUSDT,1755396000000,0.23121,0.23339,0.23033,0.23318,44846401.0,1755399599999,10409869.37511,63112
DOGEUSDT,1755399600000,0.23318,0.23448,0.2324,0.23359,41349416.0,1755403199999,9650218.28807,56225
DOGEUSDT,1755403200000,0.23359,0.23605,0.23354,0.23549,55533014.0,1755406799999,13045091.55823,56123
DOGEUSDT,1755406800000,0.2355,0.2358,0.23364,0.23369,57241513.0,1755410399999,13444211.92122,42246
DOGEUSDT,1755410400000,0.2337,0.23446,0.23259,0.23281,32760177.0,1755413999999,7647483.20714,35261
DOGEUSDT,1755414000000,0.23281,0.23407,0.23227,0.23282,71018070.0,1755417599999,16541918.07472,41892
DOGEUSDT,1755417600000,0.23282,0.23545,0.23258,0.2354,38964093.0,1755421199999,9115253.4919,42823
DOGEUSDT,1755421200000,0.23539,0.23561,0.2324,0.2337,44753324.0,1755424799999,10469623.73209,57719
DOGEUSDT,1755424800000,0.2337,0.23423,0.23256,0.23391,25022971.0,1755428399999,5836857.63091,40330
DOGEUSDT,1755428400000,0.23391,0.23476,0.23281,0.23457,27725868.0,1755431999999,6479603.56661,35429
DOGEUSDT,1755432000000,0.23457,0.2348,0.2328,0.23302,29192869.0,1755435599999,6813656.12998,38460
DOGEUSDT,1755435600000,0.23302,0.23496,0.23219,0.23443,46904548.0,1755439199999,10960479.06122,47309
DOGEUSDT,1755439200000,0.23444,0.23564,0.23309,0.23459,38510550.0,1755442799999,9025329.8205,51627
DOGEUSDT,1755442800000,0.23458,0.24237,0.23451,0.24161,168320512.0,1755446399999,40173227.34956,137035
DOGEUSDT,1755446400000,0.2416,0.24259,0.23629,0.23668,113410245.0,1755449999999,27160881.64376,130053
DOGEUSDT,1755450000000,0.23667,0.23797,0.23545,0.23584,51083050.0,1755453599999,12095912.07182,65752
DOGEUSDT,1755453600000,0.23585,0.23644,0.23064,0.23311,82136925.0,1755457199999,19171616.11831,77312
DOGEUSDT,1755457200000,0.23311,0.23392,0.23191,0.23227,43758021.0,1755460799999,10199320.90952,62556
DOGEUSDT,1755460800000,0.23227,0.23422,0.23185,0.23301,23956136.0,1755464399999,5579073.99392,41957
DOGEUSDT,1755464400000,0.23302,0.23399,0.23265,0.23336,27496211.0,1755467999999,6415532.20125,32163
DOGEUSDT,1755468000000,0.23336,0.23821,0.23315,0.23736,54605557.0,1755471599999,12896042.2303,71204
DOGEUSDT,1755471600000,0.23736,0.23749,0.2342,0.23456,39717689.0,1755475199999,9356321.09103,41378
DOGEUSDT,1755475200000,0.23457,0.23553,0.23278,0.23345,35643445.0,1755478799999,8340173.28944,60911
DOGEUSDT,1755478800000,0.23345,0.23361,0.22812,0.22866,97133745.0,1755482399999,22362237.32717,121165
DOGEUSDT,1755482400000,0.22866,0.22903,0.22434,0.22449,121501650.0,1755485999999,27530937.59416,143948
DOGEUSDT,1755486000000,0.22449,0.22555,0.22242,0.22437,123799844.0,1755489599999,27702238.87436,121068
DOGEUSDT,1755489600000,0.22436,0.22612,0.2234,0.22582,52442360.0,1755493199999,11790546.40203,55355
DOGEUSDT,1755493200000,0.22583,0.22649,0.22252,0.22479,57165780.0,1755496799999,12834385.93082,65048
DOGEUSDT,1755496800000,0.2248,0.2248,0.2206,0.22248,106628045.0,1755500399999,23709628.67135,124666
DOGEUSDT,1755500400000,0.22247,0.22324,0.22154,0.22176,44068769.0,1755503999999,9801270.62881,74983
DOGEUSDT,1755504000000,0.22176,0.22292,0.22106,0.22125,46546144.0,1755507599999,10336620.33808,62461
DOGEUSDT,1755507600000,0.22124,0.2235,0.21992,0.22258,105498165.0,1755511199999,23375413.41551,110811
DOGEUSDT,1755511200000,0.22258,0.22301,0.2213,0.22161,74653890.0,1755514799999,16586002.57612,72560
DOGEUSDT,1755514800000,0.22161,0.22256,0.22109,0.22178,44668573.0,1755518399999,9904641.13077,61788
DOGEUSDT,1755518400000,0.22178,0.2244,0.22138,0.22433,103681203.0,1755521999999,23143498.69523,74237
DOGEUSDT,1755522000000,0.22433,0.22461,0.22052,0.22065,131806352.0,1755525599999,29382435.07033,136983
DOGEUSDT,1755525600000,0.22065,0.22312,0.22038,0.22305,107975511.0,1755529199999,23922463.86173,137926
DOGEUSDT,1755529200000,0.22304,0.22409,0.22132,0.22358,101892216.0,1755532799999,22681544.4868,118152
DOGEUSDT,1755532800000,0.22358,0.22446,0.22075,0.22111,115112554.0,1755536399999,25591234.67851,119887
DOGEUSDT,1755536400000,0.22112,0.22549,0.22108,0.22328,86132818.0,1755539999999,19265018.82682,97214
DOGEUSDT,1755540000000,0.22329,0.22442,0.22206,0.22421,40829855.0,1755543599999,9108280.15498,54868
DOGEUSDT,1755543600000,0.22422,0.22463,0.22296,0.22381,40313789.0,1755547199999,9017225.13046,36360
DOGEUSDT,1755547200000,0.2238,0.22438,0.22204,0.22373,44071104.0,1755550799999,9851370.72394,31476
DOGEUSDT,1755550800000,0.22372,0.22542,0.2236,0.22497,36402764.0,1755554399999,8171356.04103,24113
DOGEUSDT,1755554400000,0.22497,0.22693,0.22438,0.22457,50835897.0,1755557999999,11482822.89753,32547
DOGEUSDT,1755558000000,0.22457,0.22511,0.22179,0.22262,58303219.0,1755561599999,13024767.12741,31552
DOGEUSDT,1755561600000,0.22262,0.22484,0.21918,0.22475,79288657.0,1755565199999,17611893.83088,86896
DOGEUSDT,1755565200000,0.22474,0.22567,0.22121,0.22189,37195332.0,1755568799999,8310621.212,56167
DOGEUSDT,1755568800000,0.22188,0.22245,0.22062,0.22094,33383057.0,1755572399999,7393099.43878,55849
DOGEUSDT,1755572400000,0.22094,0.22102,0.21567,0.21638,130713972.0,1755575999999,28510466.33179,136814
DOGEUSDT,1755576000000,0.21638,0.21777,0.21435,0.21776,98632249.0,1755579599999,21274122.02314,121389
DOGEUSDT,1755579600000,0.21775,0.21835,0.21672,0.21702,60257925.0,1755583199999,13111350.52208,85147
DOGEUSDT,1755583200000,0.21701,0.21841,0.21656,0.21805,39288906.0,1755586799999,8552955.69158,79502
DOGEUSDT,1755586800000,0.21806,0.21826,0.21624,0.21776,48703991.0,1755590399999,10581744.22523,72420
DOGEUSDT,1755590400000,0.21775,0.2185,0.21624,0.21781,73797749.0,1755593999999,16015191.21377,74274
DOGEUSDT,1755594000000,0.21781,0.21992,0.21761,0.21873,64603385.0,1755597599999,14136212.25929,78590
DOGEUSDT,1755597600000,0.21873,0.22059,0.21839,0.21994,62613339.0,1755601199999,13747684.75871,69828
DOGEUSDT,1755601200000,0.21995,0.22067,0.21928,0.2203,49632467.0,1755604799999,10911686.37289,51746
DOGEUSDT,1755604800000,0.2203,0.22048,0.21907,0.22025,53800310.0,1755608399999,11830172.99463,58200
DOGEUSDT,1755608400000,0.22024,0.22235,0.21825,0.21981,97939471.0,1755611999999,21554299.44047,133138
DOGEUSDT,1755612000000,0.2198,0.22076,0.214,0.21501,161566513.0,1755615599999,34955512.57186,191028
DOGEUSDT,1755615600000,0.21501,0.21754,0.21369,0.21441,120698546.0,1755619199999,26012725.66568,146022
DOGEUSDT,1755619200000,0.2144,0.21491,0.21201,0.21288,132602692.0,1755622799999,28314012.67551,175448
DOGEUSDT,1755622800000,0.21288,0.21447,0.21156,0.21371,59903578.0,1755626399999,12771201.30215,121289
DOGEUSDT,1755626400000,0.2137,0.21437,0.21114,0.21191,70531119.0,1755629999999,15022590.34076,100972
DOGEUSDT,1755630000000,0.21191,0.21382,0.21043,0.21205,96881015.0,1755633599999,20550787.90659,118280
DOGEUSDT,1755633600000,0.21205,0.21394,0.21112,0.21375,45917286.0,1755637199999,9753452.0532,66824
DOGEUSDT,1755637200000,0.21376,0.21427,0.21322,0.21379,37746301.0,1755640799999,8064389.78811,35746
DOGEUSDT,1755640800000,0.21379,0.21379,0.2119,0.21211,53529500.0,1755644399999,11383445.29648,53072
DOGEUSDT,1755644400000,0.21212,0.21227,0.20869,0.20943,88866901.0,1755647999999,18685048.78807,79482
DOGEUSDT,1755648000000,0.20944,0.21171,0.20937,0.21111,58672227.0,1755651599999,12380982.44524,63996
DOGEUSDT,1755651600000,0.2111,0.21212,0.20804,0.21089,141640161.0,1755655199999,29770607.92186,117174
DOGEUSDT,1755655200000,0.2109,0.2124,0.21025,0.21133,108081017.0,1755658799999,22857325.38416,81942
DOGEUSDT,1755658800000,0.21133,0.21327,0.21082,0.21181,96714891.0,1755662399999,20492736.87761,73003
DOGEUSDT,1755662400000,0.21182,0.21366,0.21172,0.21314,155565410.0,1755665999999,33124258.3937,91053
DOGEUSDT,1755666000000,0.21313,0.21335,0.21192,0.21333,153886450.0,1755669599999,32722085.85569,93894
DOGEUSDT,1755669600000,0.21332,0.21342,0.21155,0.21301,244243083.0,1755673199999,51920396.56277,121490
DOGEUSDT,1755673200000,0.21301,0.21413,0.2125,0.21264,178743784.0,1755676799999,38138041.06294,90867
DOGEUSDT,1755676800000,0.21264,0.21526,0.21232,0.21511,47410365.0,1755680399999,10151747.10197,36958
DOGEUSDT,1755680400000,0.21511,0.21522,0.21363,0.21431,44417916.0,1755683999999,9527654.99191,36221
DOGEUSDT,1755684000000,0.21432,0.21576,0.21391,0.21515,33071228.0,1755687599999,7109071.04844,31493
DOGEUSDT,1755687600000,0.21517,0.2156,0.21132,0.21404,40031215.0,1755691199999,8528610.83947,54838
DOGEUSDT,1755691200000,0.21404,0.21606,0.21334,0.21442,41127470.0,1755694799999,8826974.56308,61740
DOGEUSDT,1755694800000,0.21441,0.21445,0.20925,0.21006,86707683.0,1755698399999,18346566.18877,112212
DOGEUSDT,1755698400000,0.21005,0.21492,0.20747,0.21372,114161621.0,1755701999999,24109886.82358,157423
DOGEUSDT,1755702000000,0.21372,0.218,0.21338,0.21507,112286502.0,1755705599999,24306085.59344,130673
DOGEUSDT,1755705600000,0.21506,0.21847,0.21506,0.21704,59403759.0,1755709199999,12901287.87252,76211
DOGEUSDT,1755709200000,0.21703,0.22032,0.21692,0.21925,126247197.0,1755712799999,27614631.56835,83500
DOGEUSDT,1755712800000,0.21926,0.21947,0.21575,0.21716,53335084.0,1755716399999,11586439.08413,73960
DOGEUSDT,1755716400000,0.21716,0.22174,0.21704,0.22132,43379296.0,1755719999999,9539475.17691,58468
DOGEUSDT,1755720000000,0.22132,0.22199,0.22056,0.22137,28293600.0,1755723599999,6263660.68904,41449
DOGEUSDT,1755723600000,0.22136,0.2227,0.22046,0.22181,82744485.0,1755727199999,18327594.76328,37618
DOGEUSDT,1755727200000,0.22181,0.22287,0.22127,0.22272,32773683.0,1755730799999,7275829.63468,36257
DOGEUSDT,1755730800000,0.22271,0.22277,0.22126,0.22169,19169022.0,1755734399999,4251958.7878,21511
DOGEUSDT,1755734400000,0.22168,0.22194,0.22022,0.22184,27609458.0,1755737999999,6103871.23993,28967
DOGEUSDT,1755738000000,0.22183,0.22375,0.22053,0.2235,52027164.0,1755741599999,11573689.43645,40388
DOGEUSDT,1755741600000,0.22349,0.2241,0.21949,0.22102,53394547.0,1755745199999,11798644.93593,50250
DOGEUSDT,1755745200000,0.22103,0.2245,0.221,0.222,55619163.0,1755748799999,12414481.93805,55522
DOGEUSDT,1755748800000,0.222,0.2237,0.22106,0.22269,27405156.0,1755752399999,6097995.91984,30737
DOGEUSDT,1755752400000,0.2227,0.22416,0.22192,0.2241,33894743.0,1755755999999,7564034.30767,37210
DOGEUSDT,1755756000000,0.2241,0.22414,0.22175,0.22206,26334303.0,1755759599999,5859887.91358,29259
DOGEUSDT,1755759600000,0.22206,0.22245,0.2199,0.22142,69606241.0,1755763199999,15363818.38986,37010
DOGEUSDT,1755763200000,0.22142,0.2218,0.21932,0.21933,34497891.0,1755766799999,7604502.41668,35933
DOGEUSDT,1755766800000,0.21933,0.21947,0.21797,0.21813,46148707.0,1755770399999,10088022.78913,40279
DOGEUSDT,1755770400000,0.21812,0.21899,0.21771,0.21837,21085807.0,1755773999999,4606105.09355,27917
DOGEUSDT,1755774000000,0.21838,0.21916,0.2167,0.21759,28618640.0,1755777599999,6231878.13525,33118
DOGEUSDT,1755777600000,0.21759,0.21832,0.21562,0.21618,46056909.0,1755781199999,9998700.59884,52995
DOGEUSDT,1755781200000,0.21618,0.21901,0.21591,0.21726,78353880.0,1755784799999,17086036.05525,74460
DOGEUSDT,1755784800000,0.21727,0.2207,0.21608,0.21687,105139651.0,1755788399999,22950521.20893,102028
DOGEUSDT,1755788400000,0.21688,0.21714,0.21451,0.2155,52055505.0,1755791999999,11237817.05292,75200
DOGEUSDT,1755792000000,0.2155,0.21719,0.21505,0.21556,38479674.0,1755795599999,8305452.60853,51337
DOGEUSDT,1755795600000,0.21556,0.21681,0.21452,0.21627,31464278.0,1755799199999,6777624.09302,38304
DOGEUSDT,1755799200000,0.21627,0.218,0.21567,0.21764,19926692.0,1755802799999,4319503.22909,29765
DOGEUSDT,1755802800000,0.21763,0.21827,0.21465,0.21515,43068692.0,1755806399999,9300053.29284,30277
DOGEUSDT,1755806400000,0.21515,0.2169,0.21388,0.21594,31955057.0,1755809999999,6878551.20954,29602
DOGEUSDT,1755810000000,0.21594,0.21726,0.21455,0.21667,21825738.0,1755813599999,4713366.90775,27982
DOGEUSDT,1755813600000,0.21667,0.21757,0.21623,0.21681,13241085.0,1755817199999,2873152.2215,15751
DOGEUSDT,1755817200000,0.21682,0.21686,0.214,0.21473,25825433.0,1755820799999,5553929.5025,23273
DOGEUSDT,1755820800000,0.21473,0.21742,0.21467,0.2163,28981090.0,1755824399999,6266212.13267,28748
DOGEUSDT,1755824400000,0.2163,0.21706,0.21456,0.2166,20745411.0,1755827999999,4484068.55652,33076
DOGEUSDT,1755828000000,0.2166,0.2192,0.21618,0.21796,60423466.0,1755831599999,13179253.62916,43013
DOGEUSDT,1755831600000,0.21797,0.21858,0.21517,0.21576,24235752.0,1755835199999,5256101.59489,28421
DOGEUSDT,1755835200000,0.21576,0.21807,0.21574,0.21702,24373629.0,1755838799999,5291458.85337,27683
DOGEUSDT,1755838800000,0.21702,0.21856,0.21674,0.2177,31861705.0,1755842399999,6943135.2935,27129
DOGEUSDT,1755842400000,0.21769,0.21873,0.2152,0.21601,50775781.0,1755845999999,11031336.49165,35921
DOGEUSDT,1755846000000,0.21602,0.21839,0.21577,0.21794,30444705.0,1755849599999,6628847.22928,28186
DOGEUSDT,1755849600000,0.21795,0.21909,0.21747,0.21774,35133687.0,1755853199999,7666932.33344,32596
DOGEUSDT,1755853200000,0.21775,0.21806,0.21648,0.21723,27278833.0,1755856799999,5927218.80876,24899
DOGEUSDT,1755856800000,0.21723,0.21725,0.21356,0.21418,50802173.0,1755860399999,10924382.12251,42670
DOGEUSDT,1755860400000,0.21419,0.21429,0.2118,0.21198,51137444.0,1755863999999,10884483.1865,58658
DOGEUSDT,1755864000000,0.21199,0.21219,0.20828,0.21069,101941402.0,1755867599999,21429019.8034,113010
DOGEUSDT,1755867600000,0.21069,0.21434,0.20925,0.21206,159781946.0,1755871199999,33918071.00315,134068
DOGEUSDT,1755871200000,0.21207,0.23083,0.21207,0.2286,719304597.0,1755874799999,161921304.15704,473022
DOGEUSDT,1755874800000,0.22861,0.23371,0.22858,0.23013,258763347.0,1755878399999,59967531.00754,159222
DOGEUSDT,1755878400000,0.23013,0.2373,0.2301,0.23519,203046238.0,1755881999999,47719284.43494,160176
DOGEUSDT,1755882000000,0.23519,0.23934,0.23517,0.23773,153665447.0,1755885599999,36539685.44722,132407
DOGEUSDT,1755885600000,0.23773,0.23868,0.2362,0.23809,72749335.0,1755889199999,17285801.41511,61480
DOGEUSDT,1755889200000,0.2381,0.23979,0.23792,0.23876,56225188.0,1755892799999,13434327.69934,47017
DOGEUSDT,1755892800000,0.23876,0.24027,0.23865,0.23934,75350743.0,1755896399999,18028929.48635,41650
DOGEUSDT,1755896400000,0.23934,0.24222,0.23898,0.2413,100460093.0,1755899999999,24161904.11755,61029
DOGEUSDT,1755900000000,0.2413,0.24189,0.23895,0.2394,70694138.0,1755903599999,16988851.45262,45743
DOGEUSDT,1755903600000,0.2394,0.24175,0.23916,0.24054,62438791.0,1755907199999,15015585.90753,40205
DOGEUSDT,1755907200000,0.24054,0.2409,0.23761,0.23768,77765949.0,1755910799999,18610572.98432,48547
DOGEUSDT,1755910800000,0.23769,0.23816,0.23312,0.23525,154929684.0,1755914399999,36443710.87121,75167
DOGEUSDT,1755914400000,0.23525,0.23569,0.22902,0.23142,167507287.0,1755917999999,38787221.71264,96747
DOGEUSDT,1755918000000,0.23141,0.23233,0.23033,0.23155,72864480.0,1755921599999,16858055.08753,54329
DOGEUSDT,1755921600000,0.23156,0.23529,0.23133,0.23528,89110437.0,1755925199999,20792018.0084,62016
DOGEUSDT,1755925200000,0.23528,0.23824,0.23488,0.23779,90276397.0,1755928799999,21385809.64478,67258
DOGEUSDT,1755928800000,0.23779,0.23881,0.23648,0.23857,70315025.0,1755932399999,16719002.6025,45251
DOGEUSDT,1755932400000,0.23857,0.23937,0.23642,0.23722,61538563.0,1755935999999,14629727.65264,40275
DOGEUSDT,1755936000000,0.23722,0.23978,0.23716,0.23839,84499679.0,1755939599999,20174057.62769,55614
DOGEUSDT,1755939600000,0.23839,0.23887,0.23692,0.23818,44679419.0,1755943199999,10625045.84309,33865
DOGEUSDT,1755943200000,0.23818,0.23835,0.23578,0.23614,45327451.0,1755946799999,10725988.05373,26472
DOGEUSDT,1755946800000,0.23615,0.23735,0.23549,0.23616,34644564.0,1755950399999,8190925.26234,25898
DOGEUSDT,1755950400000,0.23616,0.23903,0.23508,0.23683,72854441.0,1755953999999,17302307.54295,45336
DOGEUSDT,1755954000000,0.23683,0.2369,0.23444,0.23523,53985478.0,1755957599999,12721411.29626,51829
DOGEUSDT,1755957600000,0.23524,0.23704,0.2344,0.23563,53276438.0,1755961199999,12552293.74367,52961
DOGEUSDT,1755961200000,0.23564,0.23715,0.23482,0.23645,42238234.0,1755964799999,9970878.30854,36989
DOGEUSDT,1755964800000,0.23646,0.23686,0.23552,0.23641,30099539.0,1755968399999,7106142.86808,29489
DOGEUSDT,1755968400000,0.23642,0.23755,0.2363,0.23654,48589486.0,1755971999999,11510105.59822,24738
DOGEUSDT,1755972000000,0.23655,0.23727,0.23635,0.23686,12861463.0,1755975599999,3045638.66816,14971
DOGEUSDT,1755975600000,0.23686,0.23758,0.23666,0.23736,8692522.0,1755979199999,2061455.04598,13403
DOGEUSDT,1755979200000,0.23735,0.23753,0.23577,0.23642,9663224.0,1755982799999,2285442.37755,14682
DOGEUSDT,1755982800000,0.23642,0.23644,0.2339,0.23481,30467241.0,1755986399999,7157238.89152,21108
DOGEUSDT,1755986400000,0.23481,0.23625,0.23479,0.23604,15199635.0,1755989999999,3577240.37663,16134
DOGEUSDT,1755990000000,0.23605,0.23679,0.2357,0.23631,12306507.0,1755993599999,2908202.71128,14685
DOGEUSDT,1755993600000,0.23631,0.23833,0.23625,0.2378,29434888.0,1755997199999,6987356.68169,29386
DOGEUSDT,1755997200000,0.2378,0.23789,0.23589,0.23707,26361673.0,1756000799999,6248418.21693,31818
DOGEUSDT,1756000800000,0.23708,0.2379,0.23576,0.23602,36261756.0,1756004399999,8594919.67612,36284
DOGEUSDT,1756004400000,0.23602,0.23693,0.235,0.2366,19075844.0,1756007999999,4497094.39029,25870
DOGEUSDT,1756008000000,0.23661,0.2371,0.23559,0.23637,14457542.0,1756011599999,3417671.27887,22745
DOGEUSDT,1756011600000,0.23637,0.23643,0.23481,0.23514,14014403.0,1756015199999,3301045.58514,17590
DOGEUSDT,1756015200000,0.23514,0.23519,0.23193,0.23206,60418568.0,1756018799999,14097229.57286,48244
DOGEUSDT,1756018800000,0.23205,0.23384,0.23199,0.23223,29775809.0,1756022399999,6934067.27788,27859
DOGEUSDT,1756022400000,0.23223,0.2332,0.23134,0.2323,25228547.0,1756025999999,5861552.30678,26473
DOGEUSDT,1756026000000,0.2323,0.23297,0.23139,0.23198,40070324.0,1756029599999,9300242.38445,26917
DOGEUSDT,1756029600000,0.23198,0.23218,0.22934,0.22993,53069684.0,1756033199999,12223085.72705,51734
DOGEUSDT,1756033200000,0.22993,0.23044,0.22826,0.22956,56053983.0,1756036799999,12850152.44569,49367
DOGEUSDT,1756036800000,0.22956,0.23032,0.2292,0.23019,23328232.0,1756040399999,5361466.95823,30533
DOGEUSDT,1756040400000,0.23018,0.23141,0.23002,0.23017,57474830.0,1756043999999,13265596.49436,37346
DOGEUSDT,1756044000000,0.23017,0.23221,0.22925,0.23206,50973916.0,1756047599999,11770843.23102,48100
DOGEUSDT,1756047600000,0.23205,0.23402,0.23078,0.23126,71391731.0,1756051199999,16598386.42989,66539
DOGEUSDT,1756051200000,0.23126,0.2326,0.23039,0.23213,29456229.0,1756054799999,6819960.87328,37185
DOGEUSDT,1756054800000,0.23213,0.23677,0.23205,0.23552,66508030.0,1756058399999,15611955.94109,69651
DOGEUSDT,1756058400000,0.23552,0.24258,0.23496,0.24192,129671795.0,1756061999999,31098175.6529,122226
DOGEUSDT,1756062000000,0.24192,0.24496,0.22927,0.23418,450575242.0,1756065599999,106441225.61518,266862
DOGEUSDT,1756065600000,0.23418,0.23457,0.22858,0.23263,283694412.0,1756069199999,65784234.69679,158680
DOGEUSDT,1756069200000,0.23264,0.23518,0.23088,0.23328,48610026.0,1756072799999,11315108.69193,57380
DOGEUSDT,1756072800000,0.23328,0.23353,0.22761,0.23141,107961055.0,1756076399999,24783276.75213,74175
DOGEUSDT,1756076400000,0.23142,0.23322,0.23116,0.23182,34747913.0,1756079999999,8076184.76026,41528
DOGEUSDT,1756080000000,0.23182,0.23309,0.22542,0.22753,125305138.0,1756083599999,28590600.78925,96418
DOGEUSDT,1756083600000,0.22753,0.23116,0.22724,0.22979,85727690.0,1756087199999,19677813.20157,71046
DOGEUSDT,1756087200000,0.22978,0.23413,0.22964,0.23338,59560993.0,1756090799999,13856129.19924,65800
DOGEUSDT,1756090800000,0.23337,0.23459,0.2304,0.23088,53411901.0,1756094399999,12430841.54054,54874
DOGEUSDT,1756094400000,0.23088,0.23138,0.22837,0.22902,46215873.0,1756097999999,10608420.61315,53611
DOGEUSDT,1756098000000,0.22903,0.22959,0.2266,0.22675,51172576.0,1756101599999,11654417.50621,46546
DOGEUSDT,1756101600000,0.22673,0.22702,0.22246,0.22283,87691457.0,1756105199999,19709286.664,77899
DOGEUSDT,1756105200000,0.22283,0.22417,0.21983,0.22077,123387436.0,1756108799999,27369467.9149,91280
DOGEUSDT,1756108800000,0.22077,0.22167,0.21915,0.22094,98998627.0,1756112399999,21831848.51813,70859
DOGEUSDT,1756112400000,0.22093,0.22123,0.21957,0.22111,46966428.0,1756115999999,10349976.99443,33858
DOGEUSDT,1756116000000,0.22112,0.22112,0.21691,0.21844,110537594.0,1756119599999,24160834.15352,85741
DOGEUSDT,1756119600000,0.21845,0.21974,0.21767,0.21967,57849774.0,1756123199999,12648903.0588,46195
DOGEUSDT,1756123200000,0.21967,0.22092,0.21856,0.2209,55725990.0,1756126799999,12242039.13791,43454
DOGEUSDT,1756126800000,0.22089,0.22089,0.21742,0.21896,150553640.0,1756130399999,32996980.92865,103764
DOGEUSDT,1756130400000,0.21896,0.22117,0.21835,0.22027,71655877.0,1756133999999,15760551.44184,83123
DOGEUSDT,1756134000000,0.22026,0.22057,0.21793,0.21849,46617280.0,1756137599999,10223487.30774,56386
DOGEUSDT,1756137600000,0.2185,0.22043,0.21714,0.21813,64676792.0,1756141199999,14149351.91569,58164
DOGEUSDT,1756141200000,0.21814,0.21925,0.21659,0.21854,41364670.0,1756144799999,9008939.12324,50507
DOGEUSDT,1756144800000,0.21855,0.21909,0.21726,0.2177,25368102.0,1756148399999,5533365.23508,31007
DOGEUSDT,1756148400000,0.2177,0.21788,0.21344,0.2138,129496646.0,1756151999999,27902803.00289,87662
DOGEUSDT,1756152000000,0.21381,0.21467,0.20683,0.20711,301281998.0,1756155599999,63353356.62075,189073
DOGEUSDT,1756155600000,0.20712,0.20897,0.20585,0.20748,158305317.0,1756159199999,32860764.4793,112710
DOGEUSDT,1756159200000,0.20749,0.20999,0.20708,0.2091,84056862.0,1756162799999,17538384.27422,59002
DOGEUSDT,1756162800000,0.2091,0.21024,0.20838,0.20965,81444610.0,1756166399999,17045525.33449,45759
DOGEUSDT,1756166400000,0.20965,0.21044,0.20711,0.20823,136741237.0,1756169999999,28547886.42166,110286
DOGEUSDT,1756170000000,0.20823,0.21112,0.20754,0.21109,63788172.0,1756173599999,13391205.74441,54365
DOGEUSDT,1756173600000,0.21109,0.21205,0.20939,0.21008,108388859.0,1756177199999,22807742.94026,57022
DOGEUSDT,1756177200000,0.21007,0.21022,0.20864,0.20978,41055489.0,1756180799999,8610956.27118,41667
DOGEUSDT,1756180800000,0.20979,0.21194,0.20975,0.21172,29156645.0,1756184399999,6157825.78808,31674
DOGEUSDT,1756184400000,0.21172,0.21223,0.21084,0.21089,36260703.0,1756187999999,7670056.31388,27356
DOGEUSDT,1756188000000,0.21088,0.21158,0.20933,0.20984,37699284.0,1756191599999,7927081.26838,39778
DOGEUSDT,1756191600000,0.20983,0.21266,0.20916,0.21126,48664000.0,1756195199999,10269238.3726,48266
DOGEUSDT,1756195200000,0.21126,0.21191,0.21019,0.21058,33058592.0,1756198799999,6972130.37466,35623
DOGEUSDT,1756198800000,0.21059,0.21144,0.21014,0.2107,21276175.0,1756202399999,4484076.47905,25620
DOGEUSDT,1756202400000,0.2107,0.2121,0.21054,0.21137,22583870.0,1756205999999,4771632.67172,22006
DOGEUSDT,1756206000000,0.21138,0.21175,0.20944,0.2105,44608453.0,1756209599999,9385792.90209,34080
DOGEUSDT,1756209600000,0.21051,0.21508,0.20931,0.21336,119974155.0,1756213199999,25560751.90211,112399
DOGEUSDT,1756213200000,0.21336,0.21382,0.20988,0.21199,106453133.0,1756216799999,22560291.51796,102147
DOGEUSDT,1756216800000,0.212,0.21457,0.21073,0.21427,74653571.0,1756220399999,15897055.70534,71492
DOGEUSDT,1756220400000,0.21426,0.21533,0.212,0.21266,61705287.0,1756223999999,13176113.48357,54298
DOGEUSDT,1756224000000,0.21266,0.2153,0.21246,0.21526,43735156.0,1756227599999,9355155.95722,41693
DOGEUSDT,1756227600000,0.21526,0.21568,0.21366,0.21543,37798776.0,1756231199999,8116847.83061,38742
DOGEUSDT,1756231200000,0.21544,0.21717,0.21537,0.21695,32959230.0,1756234799999,7135343.64071,32997
DOGEUSDT,1756234800000,0.21694,0.21982,0.2159,0.21942,45483509.0,1756238399999,9915966.45524,45017
DOGEUSDT,1756238400000,0.21942,0.21952,0.21755,0.21814,34875013.0,1756241999999,7624367.11835,33818
DOGEUSDT,1756242000000,0.21815,0.21928,0.21731,0.21921,27463820.0,1756245599999,5994274.8737,22750
DOGEUSDT,1756245600000,0.21921,0.2197,0.21823,0.21916,24396921.0,1756249199999,5341286.58383,25687
DOGEUSDT,1756249200000,0.21916,0.21999,0.21819,0.21839,28710145.0,1756252799999,6289161.9852,27286
DOGEUSDT,1756252800000,0.21839,0.21845,0.21639,0.21671,28907436.0,1756256399999,6286502.17973,23944
DOGEUSDT,1756256400000,0.21671,0.21904,0.21606,0.21863,33836583.0,1756259999999,7362533.20458,27665
DOGEUSDT,1756260000000,0.21864,0.21944,0.21782,0.21879,35755696.0,1756263599999,7820797.40065,30787
DOGEUSDT,1756263600000,0.21879,0.22201,0.21799,0.22126,124315828.0,1756267199999,27440829.1214,51969
DOGEUSDT,1756267200000,0.22124,0.22314,0.22086,0.22282,57911962.0,1756270799999,12859999.8136,48466
DOGEUSDT,1756270800000,0.22283,0.22323,0.22106,0.22124,44895673.0,1756274399999,9968460.529,34739
DOGEUSDT,1756274400000,0.22125,0.22136,0.21939,0.21993,41621402.0,1756277999999,9176713.74062,31874
DOGEUSDT,1756278000000,0.21993,0.22015,0.21811,0.21882,27603579.0,1756281599999,6044789.48633,29596
DOGEUSDT,1756281600000,0.21883,0.21948,0.2174,0.21925,31599897.0,1756285199999,6904269.19996,18831
DOGEUSDT,1756285200000,0.21925,0.22123,0.21899,0.22016,34824449.0,1756288799999,7672731.43339,31383
DOGEUSDT,1756288800000,0.22017,0.22113,0.21952,0.21995,48288274.0,1756292399999,10646673.80395,22242
DOGEUSDT,1756292400000,0.21994,0.22062,0.21986,0.22037,17302698.0,1756295999999,3810637.17289,10240
DOGEUSDT,1756296000000,0.22036,0.22038,0.21836,0.21971,35859360.0,1756299599999,7855274.51219,36751
DOGEUSDT,1756299600000,0.21971,0.22102,0.21781,0.21929,66042075.0,1756303199999,14500611.30001,65257
DOGEUSDT,1756303200000,0.2193,0.2228,0.21853,0.2203,72111824.0,1756306799999,15950310.90252,83807
DOGEUSDT,1756306800000,0.2203,0.22225,0.22007,0.22163,47575211.0,1756310399999,10518947.27427,52607
DOGEUSDT,1756310400000,0.22163,0.22199,0.21946,0.22126,37313093.0,1756313999999,8242201.66178,39112
DOGEUSDT,1756314000000,0.22125,0.22315,0.22031,0.22247,49057782.0,1756317599999,10882544.80279,35409
DOGEUSDT,1756317600000,0.22247,0.22339,0.22091,0.22093,33606650.0,1756321199999,7480153.38582,34583
DOGEUSDT,1756321200000,0.22094,0.22152,0.21862,0.22022,47811340.0,1756324799999,10521776.81922,53584
DOGEUSDT,1756324800000,0.22022,0.2232,0.21824,0.22279,242293575.0,1756328399999,53500814.62462,159934
DOGEUSDT,1756328400000,0.2228,0.22388,0.21979,0.22036,56493820.0,1756331999999,12546074.68995,47512
DOGEUSDT,1756332000000,0.22036,0.22059,0.21803,0.21954,46479597.0,1756335599999,10190396.97486,41546
DOGEUSDT,1756335600000,0.21953,0.22093,0.21837,0.21892,32037329.0,1756339199999,7035626.65433,31238
DOGEUSDT,1756339200000,0.21891,0.22046,0.21668,0.21922,98853969.0,1756342799999,21585444.99463,62076
DOGEUSDT,1756342800000,0.21922,0.22173,0.21919,0.22108,45203770.0,1756346399999,9971991.36726,39642
DOGEUSDT,1756346400000,0.22109,0.22154,0.21968,0.22004,31133792.0,1756349999999,6871307.72999,30858
DOGEUSDT,1756350000000,0.22004,0.22162,0.21991,0.22128,28258160.0,1756353599999,6248084.46065,28155
DOGEUSDT,1756353600000,0.22128,0.22459,0.22092,0.22417,60999045.0,1756357199999,13605657.67699,56136
DOGEUSDT,1756357200000,0.22418,0.22555,0.22251,0.22313,67606288.0,1756360799999,15179482.0889,49356
DOGEUSDT,1756360800000,0.22313,0.22415,0.22295,0.22373,34869246.0,1756364399999,7793905.14339,28413
DOGEUSDT,1756364400000,0.22372,0.2243,0.22275,0.22398,36434135.0,1756367999999,8146032.45376,32150
DOGEUSDT,1756368000000,0.22398,0.22597,0.22346,0.22386,68600336.0,1756371599999,15431890.29992,53844
DOGEUSDT,1756371600000,0.22386,0.22388,0.2225,0.22294,18841777.0,1756375199999,4204979.15281,25631
DOGEUSDT,1756375200000,0.22293,0.22403,0.22258,0.22395,14049438.0,1756378799999,3137821.97075,18674
DOGEUSDT,1756378800000,0.22396,0.22405,0.22307,0.2239,14726220.0,1756382399999,3291806.22043,19063
DOGEUSDT,1756382400000,0.2239,0.22479,0.22316,0.22434,44723179.0,1756385999999,10022736.00688,43736
DOGEUSDT,1756386000000,0.22435,0.22518,0.22273,0.22339,50209295.0,1756389599999,11248629.43123,57837
DOGEUSDT,1756389600000,0.22338,0.22472,0.2228,0.22434,38654001.0,1756393199999,8652544.43286,47721
DOGEUSDT,1756393200000,0.22434,0.22483,0.22013,0.2212,64656098.0,1756396799999,14359225.15027,60340
DOGEUSDT,1756396800000,0.22121,0.22338,0.21954,0.21955,47197664.0,1756400399999,10461927.75611,42823
DOGEUSDT,1756400400000,0.21954,0.22175,0.2193,0.22143,30268928.0,1756403999999,6674118.2345,28585
DOGEUSDT,1756404000000,0.22144,0.2232,0.22114,0.22272,26051042.0,1756407599999,5793519.14776,22042
DOGEUSDT,1756407600000,0.22271,0.22352,0.21963,0.21965,22860342.0,1756411199999,5066143.52247,25461
DOGEUSDT,1756411200000,0.21965,0.22152,0.21918,0.22114,21326037.0,1756414799999,4700649.10913,19173
DOGEUSDT,1756414800000,0.22114,0.22227,0.22105,0.22208,17232683.0,1756418399999,3822929.71059,12038
DOGEUSDT,1756418400000,0.22208,0.22462,0.22208,0.22428,40324687.0,1756421999999,9024193.0842,25699
DOGEUSDT,1756422000000,0.22427,0.22486,0.22385,0.22437,34992728.0,1756425599999,7852414.62575,22339
DOGEUSDT,1756425600000,0.22438,0.22539,0.22279,0.22308,42738615.0,1756429199999,9574650.33574,43372
DOGEUSDT,1756429200000,0.22307,0.22351,0.21948,0.22046,50464496.0,1756432799999,11150151.88322,47202
DOGEUSDT,1756432800000,0.22045,0.22397,0.22012,0.22297,38709685.0,1756436399999,8612631.45257,37540
DOGEUSDT,1756436400000,0.22297,0.2235,0.22154,0.22258,26461535.0,1756439999999,5890803.575,30827
DOGEUSDT,1756440000000,0.22258,0.22294,0.2204,0.22085,26847366.0,1756443599999,5951304.37695,28273
DOGEUSDT,1756443600000,0.22086,0.22104,0.21995,0.22049,18266289.0,1756447199999,4026625.92989,21929
DOGEUSDT,1756447200000,0.2205,0.22075,0.2176,0.21808,127284168.0,1756450799999,27832170.85955,44159
DOGEUSDT,1756450800000,0.21808,0.21808,0.21428,0.21462,108594080.0,1756454399999,23437891.84831,67088
DOGEUSDT,1756454400000,0.21463,0.21549,0.21248,0.21286,73875054.0,1756457999999,15801766.85337,65825
DOGEUSDT,1756458000000,0.21285,0.2144,0.2117,0.21411,57847756.0,1756461599999,12332159.1873,53389
DOGEUSDT,1756461600000,0.21411,0.2158,0.21395,0.21504,37661134.0,1756465199999,8093767.16559,32559
DOGEUSDT,1756465200000,0.21504,0.21584,0.21431,0.2148,25249360.0,1756468799999,5429937.49002,22609
DOGEUSDT,1756468800000,0.21479,0.22102,0.21468,0.21901,142774038.0,1756472399999,31212303.10841,94158
DOGEUSDT,1756472400000,0.21902,0.2192,0.21365,0.21471,108321094.0,1756475999999,23391656.01921,73305
DOGEUSDT,1756476000000,0.21472,0.21603,0.21216,0.2137,113652469.0,1756479599999,24321357.99341,71412
DOGEUSDT,1756479600000,0.2137,0.21547,0.2128,0.21329,51952067.0,1756483199999,11140669.35475,38047
DOGEUSDT,1756483200000,0.21329,0.21433,0.21155,0.21337,66095587.0,1756486799999,14087571.30701,43704
DOGEUSDT,1756486800000,0.21336,0.21344,0.21066,0.21129,68861103.0,1756490399999,14583459.85155,36347
DOGEUSDT,1756490400000,0.2113,0.21187,0.20977,0.21043,60034542.0,1756493999999,12633418.44743,25089
DOGEUSDT,1756494000000,0.21042,0.21293,0.20981,0.21203,46789892.0,1756497599999,9893159.6311,26845
DOGEUSDT,1756497600000,0.21203,0.21299,0.21006,0.21078,54242438.0,1756501199999,11464706.19976,28400
DOGEUSDT,1756501200000,0.21079,0.21316,0.20981,0.21283,38001235.0,1756504799999,8035651.314,18115
DOGEUSDT,1756504800000,0.21283,0.21294,0.21169,0.21263,18117237.0,1756508399999,3845220.32673,9854
DOGEUSDT,1756508400000,0.21264,0.2146,0.21263,0.21391,21935558.0,1756511999999,4687526.3752,12624
DOGEUSDT,1756512000000,0.21391,0.21456,0.21331,0.21403,31419962.0,1756515599999,6719701.80505,21579
DOGEUSDT,1756515600000,0.21404,0.21493,0.21137,0.21163,46125825.0,1756519199999,9830187.65345,32840
DOGEUSDT,1756519200000,0.21164,0.21593,0.21126,0.21548,50334038.0,1756522799999,10769503.13726,39139
DOGEUSDT,1756522800000,0.21548,0.21885,0.21541,0.21764,70068808.0,1756526399999,15243572.35655,47263
DOGEUSDT,1756526400000,0.21765,0.21828,0.21644,0.21653,25214900.0,1756529999999,5480578.30601,23498
DOGEUSDT,1756530000000,0.21653,0.2176,0.21642,0.21655,28610833.0,1756533599999,6207162.44222,24526
DOGEUSDT,1756533600000,0.21656,0.21718,0.21633,0.21649,15091517.0,1756537199999,3271009.38007,17928
DOGEUSDT,1756537200000,0.2165,0.21729,0.21603,0.21729,25495295.0,1756540799999,5520138.98034,16606
DOGEUSDT,1756540800000,0.2173,0.21768,0.21609,0.21633,21484237.0,1756544399999,4660525.52611,19969
DOGEUSDT,1756544400000,0.21634,0.21639,0.21531,0.21569,25494167.0,1756547999999,5502045.13546,22342
DOGEUSDT,1756548000000,0.21569,0.21636,0.21502,0.2156,22407014.0,1756551599999,4832232.3351,18485
DOGEUSDT,1756551600000,0.21559,0.21596,0.2148,0.21588,9410478.0,1756555199999,2026780.02467,11845
DOGEUSDT,1756555200000,0.21589,0.21607,0.21343,0.21479,27173373.0,1756558799999,5830302.25318,28224
DOGEUSDT,1756558800000,0.21479,0.2154,0.21283,0.21525,35826410.0,1756562399999,7671623.3869,34531
DOGEUSDT,1756562400000,0.21526,0.21555,0.21431,0.21511,16799624.0,1756565999999,3610688.9073,18548
DOGEUSDT,1756566000000,0.21511,0.21672,0.21464,0.21603,24231988.0,1756569599999,5228845.79304,23316
DOGEUSDT,1756569600000,0.21603,0.21603,0.21507,0.21535,10774158.0,1756573199999,2322636.36381,17084
DOGEUSDT,1756573200000,0.21535,0.21605,0.21464,0.21516,9666224.0,1756576799999,2081006.27712,12430
DOGEUSDT,1756576800000,0.21516,0.21552,0.21458,0.21504,7658895.0,1756580399999,1647168.12574,9164
DOGEUSDT,1756580400000,0.21505,0.21546,0.21468,0.21541,5473263.0,1756583999999,1177100.80589,8185
DOGEUSDT,1756584000000,0.21542,0.21545,0.21446,0.21514,6837887.0,1756587599999,1469084.53759,7827
DOGEUSDT,1756587600000,0.21514,0.21556,0.21481,0.2153,4987664.0,1756591199999,1073468.49404,6301
DOGEUSDT,1756591200000,0.2153,0.21551,0.21459,0.2154,9856313.0,1756594799999,2119334.48279,5917
DOGEUSDT,1756594800000,0.2154,0.21612,0.21537,0.21595,8320818.0,1756598399999,1795890.53373,5271
DOGEUSDT,1756598400000,0.21595,0.21844,0.21595,0.2184,23388598.0,1756601999999,5080306.77574,31047
DOGEUSDT,1756602000000,0.2184,0.21948,0.21744,0.21921,24710972.0,1756605599999,5399917.27433,23681
DOGEUSDT,1756605600000,0.21921,0.21962,0.21838,0.21885,33533548.0,1756609199999,7339983.99571,15743
DOGEUSDT,1756609200000,0.21886,0.22134,0.2187,0.22062,40201272.0,1756612799999,8842038.56775,26774
DOGEUSDT,1756612800000,0.22063,0.22071,0.21841,0.21883,27447676.0,1756616399999,6024597.35302,17881
DOGEUSDT,1756616400000,0.21884,0.21891,0.21782,0.2187,18260030.0,1756619999999,3985032.97039,16322
DOGEUSDT,1756620000000,0.21869,0.21883,0.2171,0.21722,22165150.0,1756623599999,4828959.15753,14607
DOGEUSDT,1756623600000,0.21722,0.21844,0.21717,0.21798,13329798.0,1756627199999,2905332.19619,13308
DOGEUSDT,1756627200000,0.21799,0.21932,0.21798,0.21917,16677055.0,1756630799999,3648318.33052,17167
DOGEUSDT,1756630800000,0.21917,0.21918,0.21743,0.21756,17156285.0,1756634399999,3744480.43898,18481
DOGEUSDT,1756634400000,0.21757,0.21778,0.21609,0.21693,27689721.0,1756637999999,6002664.72137,27145
DOGEUSDT,1756638000000,0.21693,0.21838,0.21656,0.21837,18626044.0,1756641599999,4049767.09229,21539
DOGEUSDT,1756641600000,0.21836,0.21853,0.21686,0.21807,16536880.0,1756645199999,3599994.09256,26034
DOGEUSDT,1756645200000,0.21806,0.21863,0.21701,0.21769,14382416.0,1756648799999,3132844.25598,26871
DOGEUSDT,1756648800000,0.21768,0.21794,0.21627,0.21706,16875780.0,1756652399999,3662670.52986,24617
DOGEUSDT,1756652400000,0.21707,0.21858,0.21701,0.21857,13935016.0,1756655999999,3036085.04821,22774
DOGEUSDT,1756656000000,0.21857,0.21862,0.21737,0.21799,15494209.0,1756659599999,3376478.60898,23019
DOGEUSDT,1756659600000,0.21799,0.21814,0.21698,0.2177,21514755.0,1756663199999,4682411.07062,17191
DOGEUSDT,1756663200000,0.2177,0.21862,0.21753,0.21837,7477997.0,1756666799999,1632031.9937,12348
DOGEUSDT,1756666800000,0.21837,0.21855,0.21725,0.21732,10396663.0,1756670399999,2264177.60013,12550
DOGEUSDT,1756670400000,0.21733,0.21804,0.21682,0.21776,7839497.0,1756673999999,1705248.43872,11628
DOGEUSDT,1756674000000,0.21775,0.21816,0.21707,0.21777,8849676.0,1756677599999,1926615.86082,10498
DOGEUSDT,1756677600000,0.21777,0.21789,0.21541,0.2161,23769398.0,1756681199999,5146769.57992,21350
DOGEUSDT,1756681200000,0.2161,0.2161,0.21327,0.21371,50704629.0,1756684799999,10872333.33829,34325
DOGEUSDT,1756684800000,0.21371,0.21385,0.21097,0.21284,65695603.0,1756688399999,13954690.16556,75415
DOGEUSDT,1756688400000,0.21284,0.2141,0.21168,0.21275,35821507.0,1756691999999,7619252.90761,57343
DOGEUSDT,1756692000000,0.21276,0.21289,0.20885,0.20998,87930190.0,1756695599999,18501466.20684,72098
DOGEUSDT,1756695600000,0.20998,0.21078,0.20893,0.21046,45892681.0,1756699199999,9632626.21061,50274
DOGEUSDT,1756699200000,0.21045,0.21077,0.20841,0.20923,75153219.0,1756702799999,15739917.24783,46429
DOGEUSDT,1756702800000,0.20923,0.21094,0.2082,0.21029,39774103.0,1756706399999,8333076.51054,40837
DOGEUSDT,1756706400000,0.21028,0.21151,0.20916,0.21088,46607014.0,1756709999999,9800901.12917,37532
DOGEUSDT,1756710000000,0.21087,0.21805,0.20982,0.218,126161677.0,1756713599999,27105361.68101,92123
DOGEUSDT,1756713600000,0.218,0.21941,0.21616,0.2189,109481846.0,1756717199999,23854850.13272,80577
DOGEUSDT,1756717200000,0.2189,0.21988,0.21779,0.218,60446675.0,1756720799999,13223309.1565,51368
DOGEUSDT,1756720800000,0.218,0.21864,0.21514,0.21653,67990747.0,1756724399999,14743316.34001,57150
DOGEUSDT,1756724400000,0.21652,0.21721,0.2153,0.21595,35731365.0,1756727999999,7724781.04357,33054
DOGEUSDT,1756728000000,0.21595,0.21716,0.21524,0.21616,37849684.0,1756731599999,8190160.23218,32139
DOGEUSDT,1756731600000,0.21616,0.21694,0.2142,0.21457,50939617.0,1756735199999,10977703.48944,55903
DOGEUSDT,1756735200000,0.21457,0.21631,0.21409,0.21537,57438368.0,1756738799999,12357588.7577,46103
DOGEUSDT,1756738800000,0.21537,0.21622,0.21272,0.2134,53447165.0,1756742399999,11454125.67286,47438
DOGEUSDT,1756742400000,0.2134,0.2135,0.21114,0.21157,49625643.0,1756745999999,10530251.13153,44422
DOGEUSDT,1756746000000,0.21158,0.21247,0.2102,0.21069,48663340.0,1756749599999,10271665.73026,40284
DOGEUSDT,1756749600000,0.21069,0.21308,0.21052,0.21272,27789140.0,1756753199999,5885485.79157,24004
DOGEUSDT,1756753200000,0.21272,0.2133,0.21174,0.21237,17539848.0,1756756799999,3726226.71787,17475
DOGEUSDT,1756756800000,0.21238,0.21281,0.20673,0.20914,160652576.0,1756760399999,33567336.58423,78690
DOGEUSDT,1756760400000,0.20913,0.20944,0.20476,0.20654,110258198.0,1756763999999,22802023.53935,60036
DOGEUSDT,1756764000000,0.20653,0.20785,0.20554,0.20753,56285812.0,1756767599999,11637270.65258,36940
DOGEUSDT,1756767600000,0.20753,0.21114,0.20746,0.21073,55385740.0,1756771199999,11583345.93174,36456
DOGEUSDT,1756771200000,0.21074,0.2117,0.20944,0.20992,37693704.0,1756774799999,7941913.61997,48383
DOGEUSDT,1756774800000,0.20992,0.2121,0.2092,0.21061,44097916.0,1756778399999,9284766.10206,51736
DOGEUSDT,1756778400000,0.2106,0.213,0.20986,0.21292,31520869.0,1756781999999,6661953.50113,38565
DOGEUSDT,1756782000000,0.21291,0.21416,0.21228,0.2134,45514232.0,1756785599999,9710572.55004,53687
DOGEUSDT,1756785600000,0.2134,0.21424,0.2127,0.21417,27373102.0,1756789199999,5843925.88605,28232
DOGEUSDT,1756789200000,0.21417,0.21445,0.21334,0.2142,16306595.0,1756792799999,3488615.2912,25863
DOGEUSDT,1756792800000,0.21421,0.2149,0.2139,0.21429,26644024.0,1756796399999,5714350.44975,31008
DOGEUSDT,1756796400000,0.2143,0.21438,0.21168,0.21227,43107367.0,1756799999999,9179594.75007,33714
DOGEUSDT,1756800000000,0.21226,0.2141,0.21218,0.21328,33733914.0,1756803599999,7192555.05771,34632
DOGEUSDT,1756803600000,0.21328,0.21405,0.21282,0.21343,31879533.0,1756807199999,6799327.79161,25511
DOGEUSDT,1756807200000,0.21344,0.21358,0.21262,0.21331,15771554.0,1756810799999,3360022.54731,18767
DOGEUSDT,1756810800000,0.21332,0.21336,0.21114,0.21151,27490199.0,1756814399999,5833637.31915,23262
DOGEUSDT,1756814400000,0.21151,0.21181,0.20658,0.20696,121807680.0,1756817999999,25471900.08283,82099
DOGEUSDT,1756818000000,0.20696,0.21358,0.20684,0.21284,149643604.0,1756821599999,31462358.09712,120596
DOGEUSDT,1756821600000,0.21283,0.21397,0.21087,0.21291,80190493.0,1756825199999,17047715.09469,78949
DOGEUSDT,1756825200000,0.2129,0.21303,0.20892,0.20939,52341843.0,1756828799999,11045954.9232,43459
DOGEUSDT,1756828800000,0.20938,0.21252,0.20933,0.21198,37089264.0,1756832399999,7826437.54595,37691
DOGEUSDT,1756832400000,0.21198,0.21322,0.21181,0.21224,20727285.0,1756835999999,4404450.38755,20281
DOGEUSDT,1756836000000,0.21224,0.21255,0.20974,0.21167,28716326.0,1756839599999,6065056.53425,24514
DOGEUSDT,1756839600000,0.21168,0.21259,0.21024,0.21125,24147016.0,1756843199999,5100602.02578,16247
DOGEUSDT,1756843200000,0.21124,0.21419,0.2108,0.21358,45386724.0,1756846799999,9672919.82808,30030
DOGEUSDT,1756846800000,0.21359,0.21557,0.21323,0.21497,38620150.0,1756850399999,8277530.12532,22767
DOGEUSDT,1756850400000,0.21497,0.21507,0.21374,0.21491,25114482.0,1756853999999,5386189.39036,17836
DOGEUSDT,1756854000000,0.21492,0.21547,0.21439,0.21489,26442620.0,1756857599999,5682593.77876,15101
DOGEUSDT,1756857600000,0.21489,0.21549,0.2137,0.2139,25974434.0,1756861199999,5576605.96434,29157
DOGEUSDT,1756861200000,0.21391,0.21493,0.21249,0.21491,45412533.0,1756864799999,9688010.80154,30498
DOGEUSDT,1756864800000,0.2149,0.21686,0.21387,0.21611,61189670.0,1756868399999,13187399.12767,55971
DOGEUSDT,1756868400000,0.21611,0.21648,0.21456,0.21531,37244229.0,1756871999999,8026691.96364,32138
DOGEUSDT,1756872000000,0.2153,0.21561,0.21436,0.21523,17330113.0,1756875599999,3724536.40255,21733
DOGEUSDT,1756875600000,0.21522,0.21533,0.21417,0.21461,23619331.0,1756879199999,5070297.1137,18530
DOGEUSDT,1756879200000,0.21462,0.21626,0.21409,0.21588,31506763.0,1756882799999,6785722.76255,28884
DOGEUSDT,1756882800000,0.21587,0.21637,0.21485,0.21608,34332614.0,1756886399999,7405900.27951,34801
DOGEUSDT,1756886400000,0.21608,0.21724,0.21512,0.21562,33821438.0,1756889999999,7313418.63569,26038
DOGEUSDT,1756890000000,0.21561,0.2165,0.21471,0.21643,18867401.0,1756893599999,4069928.03765,20420
DOGEUSDT,1756893600000,0.21643,0.21723,0.21587,0.21652,36626840.0,1756897199999,7933122.44476,25787
DOGEUSDT,1756897200000,0.21652,0.217,0.21631,0.21642,21985611.0,1756900799999,4763428.49615,20037
DOGEUSDT,1756900800000,0.21642,0.21682,0.2151,0.21549,21739953.0,1756904399999,4696277.23617,22004
DOGEUSDT,1756904400000,0.2155,0.21891,0.21537,0.217,55607237.0,1756907999999,12082529.53415,54187
DOGEUSDT,1756908000000,0.217,0.21967,0.21668,0.21877,63293555.0,1756911599999,13828458.53358,54633
DOGEUSDT,1756911600000,0.21878,0.2195,0.2181,0.21889,38042598.0,1756915199999,8326987.11099,28256
DOGEUSDT,1756915200000,0.21888,0.21933,0.21741,0.21789,20957590.0,1756918799999,4576447.61806,24001
DOGEUSDT,1756918800000,0.21789,0.21991,0.21789,0.2193,43834889.0,1756922399999,9610577.94554,29620
DOGEUSDT,1756922400000,0.2193,0.21978,0.21863,0.21911,27416196.0,1756925999999,6003767.84144,21499
DOGEUSDT,1756926000000,0.21911,0.22141,0.21863,0.22122,37342376.0,1756929599999,8222439.12905,25503
DOGEUSDT,1756929600000,0.22122,0.22351,0.22122,0.22164,55764327.0,1756933199999,12397063.20593,44818
DOGEUSDT,1756933200000,0.22164,0.22212,0.22053,0.22104,22713398.0,1756936799999,5027526.03369,17038
DOGEUSDT,1756936800000,0.22103,0.22248,0.22072,0.22121,30605951.0,1756940399999,6780784.01483,21919
DOGEUSDT,1756940400000,0.22121,0.22142,0.22026,0.2203,19675546.0,1756943999999,4342263.23782,12062
DOGEUSDT,1756944000000,0.2203,0.22111,0.21986,0.22002,21091440.0,1756947599999,4650338.1604,17794
DOGEUSDT,1756947600000,0.22001,0.22007,0.21846,0.21924,45346312.0,1756951199999,9931352.1662,22822
DOGEUSDT,1756951200000,0.21924,0.21931,0.21747,0.21773,30005603.0,1756954799999,6543320.11478,20933
DOGEUSDT,1756954800000,0.21772,0.21785,0.21594,0.21642,35329053.0,1756958399999,7662780.56826,25482
DOGEUSDT,1756958400000,0.21642,0.21735,0.2162,0.21661,35777032.0,1756961999999,7761123.26498,20488
DOGEUSDT,1756962000000,0.21661,0.21661,0.21448,0.21547,42639137.0,1756965599999,9177487.95855,34273
DOGEUSDT,1756965600000,0.21548,0.21548,0.21413,0.21431,27205154.0,1756969199999,5840744.68841,20090
DOGEUSDT,1756969200000,0.2143,0.21549,0.21421,0.21527,24644013.0,1756972799999,5295127.19551,16365
DOGEUSDT,1756972800000,0.21527,0.21642,0.21488,0.21493,23889471.0,1756976399999,5155348.85895,20515
DOGEUSDT,1756976400000,0.21493,0.21562,0.21478,0.21559,10665793.0,1756979999999,2295008.00138,13838
DOGEUSDT,1756980000000,0.2156,0.21644,0.21541,0.2156,22229744.0,1756983599999,4799975.22778,19230
DOGEUSDT,1756983600000,0.21559,0.21661,0.21525,0.21559,15285360.0,1756987199999,3301493.08648,19156
DOGEUSDT,1756987200000,0.21559,0.21702,0.21547,0.21668,25607031.0,1756990799999,5538432.92207,30287
DOGEUSDT,1756990800000,0.21668,0.21696,0.21493,0.21535,27674534.0,1756994399999,5977580.72748,36292
DOGEUSDT,1756994400000,0.21535,0.21548,0.21276,0.21424,76275922.0,1756997999999,16318365.75771,57760
DOGEUSDT,1756998000000,0.21424,0.21437,0.21162,0.21232,56130890.0,1757001599999,11933332.46143,45921
DOGEUSDT,1757001600000,0.21231,0.2129,0.21162,0.21215,27668418.0,1757005199999,5871248.49943,27164
DOGEUSDT,1757005200000,0.21216,0.21354,0.21191,0.21196,21513983.0,1757008799999,4577701.58557,21694
DOGEUSDT,1757008800000,0.21197,0.21314,0.2109,0.21134,27996531.0,1757012399999,5932441.1297,31965
DOGEUSDT,1757012400000,0.21134,0.21213,0.21047,0.21074,15949171.0,1757015999999,3368700.85224,20904
DOGEUSDT,1757016000000,0.21074,0.21246,0.21056,0.21216,20934939.0,1757019599999,4434954.2763,20549
DOGEUSDT,1757019600000,0.21215,0.21298,0.21193,0.21276,12095948.0,1757023199999,2569364.29581,10292
DOGEUSDT,1757023200000,0.21276,0.21439,0.21265,0.21427,20866524.0,1757026799999,4451918.95383,17843
DOGEUSDT,1757026800000,0.21427,0.21471,0.21226,0.21241,22650851.0,1757030399999,4831447.63358,19520
DOGEUSDT,1757030400000,0.21241,0.21372,0.21182,0.21217,23937944.0,1757033999999,5096249.79244,25398
DOGEUSDT,1757034000000,0.21217,0.21453,0.21188,0.21415,23910944.0,1757037599999,5102752.73099,18949
DOGEUSDT,1757037600000,0.21416,0.21502,0.21391,0.21455,18849258.0,1757041199999,4042739.1021,19482
DOGEUSDT,1757041200000,0.21456,0.21456,0.21287,0.21427,18480770.0,1757044799999,3946975.27377,13619
DOGEUSDT,1757044800000,0.21428,0.21434,0.2135,0.21419,9092424.0,1757048399999,1945772.79005,8429
DOGEUSDT,1757048400000,0.21418,0.21459,0.21397,0.21429,15294553.0,1757051999999,3276677.89189,10088
DOGEUSDT,1757052000000,0.21429,0.2149,0.2137,0.21489,16087534.0,1757055599999,3448254.0787,12424
DOGEUSDT,1757055600000,0.21489,0.21838,0.21482,0.21808,79625761.0,1757059199999,17270591.65769,44517
DOGEUSDT,1757059200000,0.21808,0.21814,0.21645,0.21689,37854170.0,1757062799999,8215979.14278,23765
DOGEUSDT,1757062800000,0.21689,0.21702,0.21529,0.21652,27623236.0,1757066399999,5971009.32374,22695
DOGEUSDT,1757066400000,0.21652,0.2173,0.2163,0.2163,35201678.0,1757069999999,7632925.61033,20335
DOGEUSDT,1757070000000,0.21629,0.217,0.21603,0.21677,16488250.0,1757073599999,3570890.98828,13846
DOGEUSDT,1757073600000,0.21676,0.22037,0.21634,0.22032,195544058.0,1757077199999,42745339.42029,126748
DOGEUSDT,1757077200000,0.22032,0.22097,0.21922,0.22012,98613604.0,1757080799999,21696512.5059,67962
DOGEUSDT,1757080800000,0.22012,0.22014,0.21253,0.21308,227829047.0,1757084399999,49036472.06045,136297
DOGEUSDT,1757084400000,0.21307,0.21549,0.21241,0.21421,51757140.0,1757087999999,11093628.20887,45665
DOGEUSDT,1757088000000,0.2142,0.21531,0.21371,0.21491,24070104.0,1757091599999,5162992.91806,26105
DOGEUSDT,1757091600000,0.2149,0.21512,0.21366,0.21467,14006105.0,1757095199999,3004452.43062,18239
DOGEUSDT,1757095200000,0.21467,0.2165,0.21403,0.21608,16519589.0,1757098799999,3558579.4355,18050
DOGEUSDT,1757098800000,0.21607,0.21735,0.2158,0.2173,28505127.0,1757102399999,6175671.36001,18449
DOGEUSDT,1757102400000,0.2173,0.22014,0.21712,0.22013,73807327.0,1757105999999,16165009.03898,33107
DOGEUSDT,1757106000000,0.22014,0.22019,0.21702,0.21789,79559443.0,1757109599999,17393103.07001,44948
DOGEUSDT,1757109600000,0.2179,0.21879,0.21716,0.21844,18964060.0,1757113199999,4132275.12759,14640
DOGEUSDT,1757113200000,0.21845,0.21887,0.21768,0.21788,25001586.0,1757116799999,5456235.26835,15243
DOGEUSDT,1757116800000,0.21788,0.21888,0.21772,0.21807,20997088.0,1757120399999,4584403.62045,17430
DOGEUSDT,1757120400000,0.21807,0.21823,0.21748,0.21773,9310760.0,1757123999999,2028221.54321,9878
DOGEUSDT,1757124000000,0.21774,0.21806,0.21687,0.21803,14685390.0,1757127599999,3191632.3821,12510
DOGEUSDT,1757127600000,0.21803,0.21827,0.21728,0.21772,14763428.0,1757131199999,3214673.92551,12054
DOGEUSDT,1757131200000,0.21772,0.21786,0.21577,0.21619,22367267.0,1757134799999,4840257.56789,15075
DOGEUSDT,1757134800000,0.2162,0.2162,0.21523,0.21545,16542233.0,1757138399999,3568551.50249,12110
DOGEUSDT,1757138400000,0.21546,0.216,0.21533,0.21591,11674435.0,1757141999999,2518357.95434,8142
DOGEUSDT,1757142000000,0.2159,0.2161,0.2157,0.21588,18408226.0,1757145599999,3974838.99292,8031
DOGEUSDT,1757145600000,0.21589,0.21601,0.21524,0.21532,14347858.0,1757149199999,3093406.77242,11990
DOGEUSDT,1757149200000,0.21531,0.21532,0.21421,0.21431,53055824.0,1757152799999,11381209.77057,18601
DOGEUSDT,1757152800000,0.2143,0.21478,0.21396,0.21474,13266897.0,1757156399999,2842206.33297,12840
DOGEUSDT,1757156400000,0.21473,0.21474,0.21403,0.21427,10438010.0,1757159999999,2236288.86358,9774
DOGEUSDT,1757160000000,0.21427,0.21445,0.21334,0.21408,17941046.0,1757163599999,3837605.07325,15054
DOGEUSDT,1757163600000,0.21408,0.2145,0.21375,0.21425,14416746.0,1757167199999,3086573.29416,14608
DOGEUSDT,1757167200000,0.21426,0.21525,0.21411,0.21469,18283823.0,1757170799999,3928076.18428,16101
DOGEUSDT,1757170800000,0.21469,0.21585,0.2137,0.21388,38814859.0,1757174399999,8339527.16226,30511
DOGEUSDT,1757174400000,0.21388,0.21546,0.2135,0.21468,31315980.0,1757177999999,6714446.21848,29617
DOGEUSDT,1757178000000,0.21469,0.21487,0.21353,0.21375,9767075.0,1757181599999,2092345.44968,12577
DOGEUSDT,1757181600000,0.21374,0.21437,0.21354,0.21422,10314090.0,1757185199999,2207173.50609,10296
DOGEUSDT,1757185200000,0.2142,0.21429,0.21225,0.21284,19837809.0,1757188799999,4226736.29266,15824
DOGEUSDT,1757188800000,0.21284,0.21448,0.21274,0.21447,17197616.0,1757192399999,3676221.89715,12385
DOGEUSDT,1757192400000,0.21448,0.21514,0.21424,0.21514,13412582.0,1757195999999,2879150.35731,9292
DOGEUSDT,1757196000000,0.21513,0.21628,0.21496,0.21554,24337041.0,1757199599999,5247415.46904,18839
DOGEUSDT,1757199600000,0.21554,0.21805,0.21523,0.21595,47458552.0,1757203199999,10288289.03618,26693
DOGEUSDT,1757203200000,0.21595,0.21683,0.21568,0.21657,15701892.0,1757206799999,3396092.03226,13739
DOGEUSDT,1757206800000,0.21657,0.21724,0.21634,0.21689,9233316.0,1757210399999,2002519.12328,11617
DOGEUSDT,1757210400000,0.21688,0.21743,0.2165,0.21735,9994583.0,1757213999999,2168001.25396,9221
DOGEUSDT,1757214000000,0.21735,0.21742,0.21632,0.21651,9516801.0,1757217599999,2064239.92081,8010
DOGEUSDT,1757217600000,0.21652,0.21738,0.21613,0.21722,9639700.0,1757221199999,2089595.60011,8525
DOGEUSDT,1757221200000,0.21722,0.21764,0.21676,0.2175,8641596.0,1757224799999,1876093.70978,8011
DOGEUSDT,1757224800000,0.21749,0.21757,0.21656,0.21675,9063539.0,1757228399999,1967051.32503,6986
DOGEUSDT,1757228400000,0.21674,0.21766,0.21661,0.21729,19094437.0,1757231999999,4147974.92088,10360
DOGEUSDT,1757232000000,0.21729,0.21821,0.21727,0.21747,20165901.0,1757235599999,4390102.93271,14334
DOGEUSDT,1757235600000,0.21746,0.218,0.21693,0.21742,12121453.0,1757239199999,2635333.10132,10837
DOGEUSDT,1757239200000,0.21741,0.21807,0.21731,0.21804,8845168.0,1757242799999,1925171.74938,7551
DOGEUSDT,1757242800000,0.21803,0.21951,0.2179,0.21923,26022722.0,1757246399999,5691302.0348,17199
DOGEUSDT,1757246400000,0.21924,0.21924,0.21829,0.21855,21831880.0,1757249999999,4774983.99541,13168
DOGEUSDT,1757250000000,0.21854,0.21943,0.21834,0.21914,29593831.0,1757253599999,6478565.38131,15131
DOGEUSDT,1757253600000,0.21913,0.22518,0.21881,0.22272,279520071.0,1757257199999,62319653.17176,129467
DOGEUSDT,1757257200000,0.22273,0.22501,0.22261,0.22368,66148220.0,1757260799999,14802675.46239,37189
DOGEUSDT,1757260800000,0.22368,0.22463,0.22219,0.22276,40076477.0,1757264399999,8941821.05645,25117
DOGEUSDT,1757264400000,0.22275,0.22323,0.22136,0.2214,30881604.0,1757267999999,6862374.50157,24700
DOGEUSDT,1757268000000,0.2214,0.22199,0.22026,0.22117,21031112.0,1757271599999,4648808.45934,17313
DOGEUSDT,1757271600000,0.22117,0.22275,0.22117,0.22229,22653962.0,1757275199999,5028382.24053,16548
DOGEUSDT,1757275200000,0.22228,0.22397,0.22218,0.22389,17969887.0,1757278799999,4007140.37137,16972
DOGEUSDT,1757278800000,0.22389,0.22434,0.22376,0.2238,24599745.0,1757282399999,5512464.00028,16095
DOGEUSDT,1757282400000,0.22379,0.22817,0.22371,0.22781,78549339.0,1757285999999,17768686.20085,50736
DOGEUSDT,1757286000000,0.22781,0.22926,0.22733,0.22877,91629835.0,1757289599999,20936229.2907,46390
DOGEUSDT,1757289600000,0.22876,0.22894,0.22653,0.2272,82502650.0,1757293199999,18775660.02452,47141
DOGEUSDT,1757293200000,0.2272,0.22878,0.22685,0.22793,64227239.0,1757296799999,14621998.8091,36042
DOGEUSDT,1757296800000,0.22793,0.23237,0.22728,0.23219,109840495.0,1757300399999,25224096.39708,61770
DOGEUSDT,1757300400000,0.2322,0.235,0.23151,0.23171,157167195.0,1757303999999,36675166.17403,91666
DOGEUSDT,1757304000000,0.2317,0.2323,0.23047,0.23137,64753390.0,1757307599999,14985072.42151,41801
DOGEUSDT,1757307600000,0.23137,0.23279,0.23094,0.2325,43283637.0,1757311199999,10038996.45793,34348
DOGEUSDT,1757311200000,0.23251,0.23281,0.23133,0.23164,39577700.0,1757314799999,9184984.6432,29543
DOGEUSDT,1757314800000,0.23164,0.233,0.23091,0.23261,45713280.0,1757318399999,10611017.75243,33586
DOGEUSDT,1757318400000,0.23261,0.23439,0.2325,0.23298,59159111.0,1757321999999,13813218.85273,49649
DOGEUSDT,1757322000000,0.23297,0.23468,0.23262,0.23376,38005909.0,1757325599999,8885049.88513,36945
DOGEUSDT,1757325600000,0.23377,0.23476,0.23281,0.23407,53740971.0,1757329199999,12571203.85496,37932
DOGEUSDT,1757329200000,0.23407,0.23413,0.23247,0.23337,50497135.0,1757332799999,11775960.01602,34919
DOGEUSDT,1757332800000,0.23336,0.23584,0.23293,0.23508,53111994.0,1757336399999,12460882.12967,39421
DOGEUSDT,1757336400000,0.23509,0.23986,0.23499,0.23617,184376480.0,1757339999999,43841463.85157,117273
DOGEUSDT,1757340000000,0.23618,0.23946,0.23609,0.23835,77610951.0,1757343599999,18473619.28127,63352
DOGEUSDT,1757343600000,0.23835,0.23888,0.23696,0.2384,64574804.0,1757347199999,15360056.80966,43058
DOGEUSDT,1757347200000,0.2384,0.23968,0.23646,0.23737,97674824.0,1757350799999,23270418.62924,59787
DOGEUSDT,1757350800000,0.23736,0.23965,0.2365,0.23768,51873828.0,1757354399999,12355018.70765,43021
DOGEUSDT,1757354400000,0.23769,0.23935,0.23763,0.23892,32156575.0,1757357999999,7671334.72948,29895
DOGEUSDT,1757358000000,0.23892,0.23917,0.23687,0.2376,35720273.0,1757361599999,8504146.66947,35267
DOGEUSDT,1757361600000,0.23761,0.23948,0.23724,0.23941,63795026.0,1757365199999,15213719.72049,39188
DOGEUSDT,1757365200000,0.2394,0.24349,0.23883,0.24178,104392161.0,1757368799999,25197110.88302,65346
DOGEUSDT,1757368800000,0.24178,0.24413,0.24178,0.24298,62229057.0,1757372399999,15120958.58874,46188
DOGEUSDT,1757372400000,0.24299,0.24408,0.24155,0.24164,47704561.0,1757375999999,11580072.6877,38522
DOGEUSDT,1757376000000,0.24165,0.24397,0.23729,0.23867,136447448.0,1757379599999,32743806.2864,101805
DOGEUSDT,1757379600000,0.23866,0.23938,0.23632,0.23733,78866222.0,1757383199999,18741567.31188,58672
DOGEUSDT,1757383200000,0.23732,0.23754,0.23359,0.23456,108150166.0,1757386799999,25503138.96586,69234
DOGEUSDT,1757386800000,0.23456,0.23686,0.23428,0.23648,49689373.0,1757390399999,11701057.41014,41112
DOGEUSDT,1757390400000,0.23648,0.23753,0.23519,0.23661,41240615.0,1757393999999,9754572.05844,38269
DOGEUSDT,1757394000000,0.2366,0.23754,0.23556,0.23743,31496192.0,1757397599999,7445458.68673,27283
DOGEUSDT,1757397600000,0.23744,0.24215,0.23711,0.24108,90446135.0,1757401199999,21707414.29364,71314
DOGEUSDT,1757401200000,0.24108,0.24202,0.23948,0.24025,58374429.0,1757404799999,14047833.89044,52265
DOGEUSDT,1757404800000,0.24024,0.24156,0.23984,0.24156,37031580.0,1757408399999,8910009.9717,39033
DOGEUSDT,1757408400000,0.24157,0.24166,0.23993,0.24079,27395626.0,1757411999999,6596410.76758,28736
DOGEUSDT,1757412000000,0.24079,0.24261,0.24047,0.2409,53843339.0,1757415599999,13003168.045,51603
DOGEUSDT,1757415600000,0.24091,0.24219,0.24059,0.24161,38436332.0,1757419199999,9284873.78111,33989
DOGEUSDT,1757419200000,0.24161,0.24952,0.24099,0.24578,272168330.0,1757422799999,67045986.48731,168859
DOGEUSDT,1757422800000,0.24578,0.2486,0.24447,0.24697,154313768.0,1757426399999,38079618.00787,105367
DOGEUSDT,1757426400000,0.24698,0.2479,0.23761,0.24044,284576949.0,1757429999999,68932774.60131,194691
DOGEUSDT,1757430000000,0.24044,0.24089,0.23678,0.23827,128943955.0,1757433599999,30747478.81834,95387
DOGEUSDT,1757433600000,0.23828,0.24003,0.23743,0.23993,67529666.0,1757437199999,16124720.27917,54952
DOGEUSDT,1757437200000,0.23993,0.24196,0.238,0.23999,74956922.0,1757440799999,17993412.03709,67235
DOGEUSDT,1757440800000,0.23998,0.24114,0.23895,0.24053,35568582.0,1757444399999,8538738.69725,39455
DOGEUSDT,1757444400000,0.24054,0.24345,0.24034,0.24124,43811889.0,1757447999999,10600033.71399,42118
DOGEUSDT,1757448000000,0.24124,0.2419,0.24015,0.24164,29536022.0,1757451599999,7117362.27487,34716
DOGEUSDT,1757451600000,0.24164,0.24274,0.24017,0.24028,37663227.0,1757455199999,9099249.92225,26667
DOGEUSDT,1757455200000,0.24028,0.24149,0.23943,0.24141,32511313.0,1757458799999,7814607.83417,24721
DOGEUSDT,1757458800000,0.24141,0.24208,0.24013,0.24063,19727808.0,1757462399999,4756820.21406,25119
DOGEUSDT,1757462400000,0.24063,0.24092,0.23682,0.23729,56087643.0,1757465999999,13356395.37278,52055
DOGEUSDT,1757466000000,0.23728,0.23962,0.23618,0.23877,32463365.0,1757469599999,7730672.39406,36483
DOGEUSDT,1757469600000,0.23877,0.24213,0.23874,0.2408,48931013.0,1757473199999,11793629.219,41321
DOGEUSDT,1757473200000,0.24081,0.2415,0.23985,0.24111,27718338.0,1757476799999,6670139.35518,25053
DOGEUSDT,1757476800000,0.24112,0.24112,0.23951,0.24038,23685803.0,1757480399999,5687041.50038,22650
DOGEUSDT,1757480400000,0.24038,0.24055,0.23844,0.23957,25151342.0,1757483999999,6025330.69678,30184
DOGEUSDT,1757484000000,0.23956,0.24088,0.23846,0.23998,34392286.0,1757487599999,8239523.70614,28353
DOGEUSDT,1757487600000,0.23998,0.24242,0.23975,0.24137,44587910.0,1757491199999,10752893.8685,36192
DOGEUSDT,1757491200000,0.24137,0.24246,0.24038,0.24063,36194524.0,1757494799999,8736614.8336,35864
DOGEUSDT,1757494800000,0.24064,0.24188,0.23944,0.24173,29042493.0,1757498399999,6993751.66596,28261
DOGEUSDT,1757498400000,0.24173,0.24179,0.23992,0.24026,33480321.0,1757501999999,8060429.1101,22937
DOGEUSDT,1757502000000,0.24027,0.24114,0.23959,0.24015,28553215.0,1757505599999,6858864.80946,21764
DOGEUSDT,1757505600000,0.24016,0.24526,0.23997,0.24252,118961062.0,1757509199999,28880421.34518,87057
DOGEUSDT,1757509200000,0.24252,0.24572,0.24186,0.24453,119014438.0,1757512799999,29024942.86223,79207
DOGEUSDT,1757512800000,0.24454,0.24523,0.243,0.24351,64577888.0,1757516399999,15763402.63528,56071
DOGEUSDT,1757516400000,0.24351,0.24536,0.24351,0.2437,56511771.0,1757519999999,13811378.61725,42736
DOGEUSDT,1757520000000,0.2437,0.2485,0.24235,0.248,90433573.0,1757523599999,22187637.71094,75564
DOGEUSDT,1757523600000,0.248,0.24868,0.24421,0.24539,66586390.0,1757527199999,16403894.64003,66193
DOGEUSDT,1757527200000,0.24539,0.2459,0.24294,0.24452,34008267.0,1757530799999,8310636.89663,41001
DOGEUSDT,1757530800000,0.24453,0.24467,0.238,0.23986,159301066.0,1757534399999,38227160.87976,75816
DOGEUSDT,1757534400000,0.23986,0.24195,0.23972,0.24163,23901558.0,1757537999999,5759679.59275,25099
DOGEUSDT,1757538000000,0.24163,0.24769,0.24137,0.24378,139828548.0,1757541599999,34048846.49212,57514
DOGEUSDT,1757541600000,0.24377,0.24495,0.24359,0.24462,21944325.0,1757545199999,5360092.02052,19486
DOGEUSDT,1757545200000,0.24462,0.24578,0.24419,0.24536,28821493.0,1757548799999,7063627.66847,20370
DOGEUSDT,1757548800000,0.24535,0.24632,0.24375,0.24584,34075258.0,1757552399999,8349588.1865,28264
DOGEUSDT,1757552400000,0.24584,0.24734,0.24535,0.24573,35600149.0,1757555999999,8774319.80975,36520
DOGEUSDT,1757556000000,0.24573,0.24694,0.24546,0.24632,24813554.0,1757559599999,6109472.19388,24079
DOGEUSDT,1757559600000,0.24631,0.25343,0.24631,0.2523,209877579.0,1757563199999,52681157.96897,137822
DOGEUSDT,1757563200000,0.25231,0.25323,0.25138,0.25251,85117904.0,1757566799999,21481992.22052,51635
DOGEUSDT,1757566800000,0.25251,0.2528,0.24932,0.25001,80225209.0,1757570399999,20101530.94491,55487
DOGEUSDT,1757570400000,0.25001,0.25156,0.2495,0.25047,41318751.0,1757573999999,10352350.83749,41490
DOGEUSDT,1757574000000,0.25048,0.25052,0.24823,0.24969,57240676.0,1757577599999,14269972.62875,44436
DOGEUSDT,1757577600000,0.24969,0.25007,0.24875,0.24987,30380349.0,1757581199999,7578091.49217,29967
DOGEUSDT,1757581200000,0.24987,0.25011,0.24883,0.24974,26400349.0,1757584799999,6587771.89769,34356
DOGEUSDT,1757584800000,0.24973,0.25144,0.24945,0.251,37956137.0,1757588399999,9508683.71146,36917
DOGEUSDT,1757588400000,0.251,0.25182,0.25004,0.25086,59070951.0,1757591999999,14828943.49779,45643
DOGEUSDT,1757592000000,0.25087,0.25475,0.24228,0.24799,339431355.0,1757595599999,84226029.92091,230869
DOGEUSDT,1757595600000,0.24799,0.251,0.24527,0.251,148494463.0,1757599199999,36841747.57933,123785
DOGEUSDT,1757599200000,0.251,0.25103,0.24753,0.24956,77886355.0,1757602799999,19426862.34181,79298
DOGEUSDT,1757602800000,0.24956,0.2496,0.24615,0.24692,66894461.0,1757606399999,16572442.0178,62894
DOGEUSDT,1757606400000,0.24691,0.24998,0.24689,0.2497,58286505.0,1757609999999,14494401.67186,52400
DOGEUSDT,1757610000000,0.2497,0.25078,0.24911,0.24992,43557453.0,1757613599999,10889063.29234,49903
DOGEUSDT,1757613600000,0.24991,0.25164,0.24955,0.25123,37751753.0,1757617199999,9459771.96971,47219
DOGEUSDT,1757617200000,0.25123,0.25282,0.2507,0.25217,45287048.0,1757620799999,11398386.45999,46031
DOGEUSDT,1757620800000,0.25218,0.25224,0.25011,0.25034,22561538.0,1757624399999,5662164.05342,29606
DOGEUSDT,1757624400000,0.25034,0.25312,0.25015,0.25272,32866111.0,1757627999999,8270912.28851,28586
DOGEUSDT,1757628000000,0.25271,0.25666,0.25245,0.25539,125050438.0,1757631599999,31878807.78959,95440
DOGEUSDT,1757631600000,0.25538,0.25699,0.25534,0.25603,40650519.0,1757635199999,10412415.46465,45510
DOGEUSDT,1757635200000,0.25604,0.26463,0.25481,0.26179,193449561.0,1757638799999,50385862.29031,173880
DOGEUSDT,1757638800000,0.26179,0.26359,0.25883,0.25906,106543668.0,1757642399999,27843684.78179,99929
DOGEUSDT,1757642400000,0.25906,0.26185,0.25902,0.26166,60703386.0,1757645999999,15826746.11567,60212
DOGEUSDT,1757646000000,0.26166,0.26182,0.25959,0.26099,55198161.0,1757649599999,14377877.48413,46987
DOGEUSDT,1757649600000,0.26098,0.26222,0.25994,0.26138,49215366.0,1757653199999,12855860.98468,47539
DOGEUSDT,1757653200000,0.26137,0.26401,0.26093,0.26335,95685447.0,1757656799999,25158188.46614,66909
DOGEUSDT,1757656800000,0.26334,0.26336,0.26055,0.26098,59142669.0,1757660399999,15492130.3596,44991
DOGEUSDT,1757660400000,0.26097,0.26194,0.25913,0.26015,44093737.0,1757663999999,11477489.34597,41507
DOGEUSDT,1757664000000,0.26015,0.26079,0.25853,0.25979,69483093.0,1757667599999,18050965.11488,45398
DOGEUSDT,1757667600000,0.25979,0.26098,0.25912,0.2602,37641667.0,1757671199999,9788516.21229,37477
DOGEUSDT,1757671200000,0.2602,0.261,0.2591,0.26028,44460889.0,1757674799999,11565926.10818,40474
DOGEUSDT,1757674800000,0.26027,0.26174,0.2597,0.25989,51871489.0,1757678399999,13516445.61885,38482
DOGEUSDT,1757678400000,0.2599,0.26303,0.25788,0.26262,83655934.0,1757681999999,21775382.54785,66267
DOGEUSDT,1757682000000,0.26263,0.26296,0.2611,0.26183,88254070.0,1757685599999,23127960.02236,67227
DOGEUSDT,1757685600000,0.26182,0.2658,0.26127,0.26402,148841533.0,1757689199999,39270738.01444,120274
DOGEUSDT,1757689200000,0.26401,0.2672,0.26304,0.26641,88676781.0,1757692799999,23515107.6386,84868
DOGEUSDT,1757692800000,0.2664,0.27294,0.265,0.27084,220499691.0,1757696399999,59462033.75718,189593
DOGEUSDT,1757696400000,0.27085,0.2731,0.26935,0.27003,119688848.0,1757699999999,32444768.32313,107737
DOGEUSDT,1757700000000,0.27004,0.272,0.2695,0.27136,51669241.0,1757703599999,13993508.32658,61009
DOGEUSDT,1757703600000,0.27136,0.27229,0.27003,0.27157,52422693.0,1757707199999,14222038.90907,55266
DOGEUSDT,1757707200000,0.27157,0.27397,0.27078,0.27204,76839200.0,1757710799999,20913441.87538,77909
DOGEUSDT,1757710800000,0.27204,0.27238,0.27,0.27185,58434916.0,1757714399999,15843018.60923,47485
DOGEUSDT,1757714400000,0.27186,0.2786,0.27185,0.27785,144847127.0,1757717999999,39991111.70174,134969
DOGEUSDT,1757718000000,0.27785,0.27789,0.27491,0.2755,81358874.0,1757721599999,22435933.81708,75787
DOGEUSDT,1757721600000,0.2755,0.2781,0.27266,0.27726,123270176.0,1757725199999,33908075.59566,110939
DOGEUSDT,1757725200000,0.27725,0.2828,0.277,0.27718,213482798.0,1757728799999,59834850.0667,181834
DOGEUSDT,1757728800000,0.27718,0.279,0.27536,0.27813,61304523.0,1757732399999,17013698.25644,76771
DOGEUSDT,1757732400000,0.27812,0.2807,0.2779,0.28029,58377129.0,1757735999999,16315576.0624,61525
DOGEUSDT,1757736000000,0.28029,0.28578,0.27989,0.28435,160542189.0,1757739599999,45442144.07361,135923
DOGEUSDT,1757739600000,0.28435,0.2846,0.28098,0.28251,101146584.0,1757743199999,28579182.21677,97262
DOGEUSDT,1757743200000,0.28251,0.2854,0.28243,0.28382,97605645.0,1757746799999,27702459.35044,92320
DOGEUSDT,1757746800000,0.28383,0.2845,0.2822,0.28316,64853240.0,1757750399999,18370506.10573,55185
DOGEUSDT,1757750400000,0.28315,0.2864,0.28252,0.28636,109711830.0,1757753999999,31251452.93372,77492
DOGEUSDT,1757754000000,0.28637,0.29947,0.2857,0.29859,416874264.0,1757757599999,121977873.73795,286156
DOGEUSDT,1757757600000,0.29858,0.29858,0.29155,0.29391,277898846.0,1757761199999,81870467.26301,214311
DOGEUSDT,1757761200000,0.29392,0.29677,0.29171,0.29626,122771536.0,1757764799999,36143672.36678,107326
DOGEUSDT,1757764800000,0.29627,0.29638,0.29238,0.29574,120953833.0,1757768399999,35632134.15439,101071
DOGEUSDT,1757768400000,0.29574,0.30684,0.29165,0.29704,475640523.0,1757771999999,142602472.64703,403365
DOGEUSDT,1757772000000,0.29704,0.30019,0.2926,0.29692,216191161.0,1757775599999,64113183.50859,219947
DOGEUSDT,1757775600000,0.29692,0.30488,0.29443,0.29699,264743039.0,1757779199999,79309544.91536,244098
DOGEUSDT,1757779200000,0.29699,0.30097,0.29274,0.29333,261416527.0,1757782799999,77717580.80873,262923
DOGEUSDT,1757782800000,0.29332,0.29382,0.28104,0.28708,417071700.0,1757786399999,119727701.84223,279557
DOGEUSDT,1757786400000,0.28707,0.2879,0.28394,0.28702,108130535.0,1757789999999,30903172.18269,101084
DOGEUSDT,1757790000000,0.28702,0.28724,0.28477,0.2861,58518187.0,1757793599999,16741329.69831,63251
DOGEUSDT,1757793600000,0.2861,0.2893,0.2858,0.28851,75863384.0,1757797199999,21868783.35669,64644
DOGEUSDT,1757797200000,0.28851,0.29235,0.28839,0.28926,109710920.0,1757800799999,31920241.70979,63227
DOGEUSDT,1757800800000,0.28927,0.28967,0.28706,0.28836,39950511.0,1757804399999,11513251.35852,40438
DOGEUSDT,1757804400000,0.28836,0.29114,0.28813,0.28938,59563119.0,1757807999999,17253993.65432,52171
DOGEUSDT,1757808000000,0.28937,0.29061,0.28501,0.28608,107223201.0,1757811599999,30852866.15368,106312
DOGEUSDT,1757811600000,0.28607,0.28976,0.2815,0.28936,174406576.0,1757815199999,49569046.51337,156545
DOGEUSDT,1757815200000,0.28936,0.2951,0.28891,0.29252,172263224.0,1757818799999,50288680.46236,181597
DOGEUSDT,1757818800000,0.29252,0.29273,0.28521,0.28635,117006146.0,1757822399999,33789149.36958,121677
DOGEUSDT,1757822400000,0.28636,0.28774,0.28356,0.28665,136698028.0,1757825999999,39053056.81885,105602
DOGEUSDT,1757826000000,0.28666,0.28946,0.28596,0.28932,53099495.0,1757829599999,15310135.98458,54156
DOGEUSDT,1757829600000,0.28931,0.29114,0.28813,0.29074,48136579.0,1757833199999,13920552.10469,62542
DOGEUSDT,1757833200000,0.29075,0.2925,0.28898,0.29172,83665942.0,1757836799999,24333009.9567,82303
DOGEUSDT,1757836800000,0.29173,0.29235,0.2901,0.29098,65281284.0,1757840399999,19003896.01416,67269
DOGEUSDT,1757840400000,0.29099,0.29336,0.29027,0.29108,71854180.0,1757843999999,20959408.02835,63151
DOGEUSDT,1757844000000,0.29109,0.29162,0.28862,0.28984,72561408.0,1757847599999,21040612.56339,62251
DOGEUSDT,1757847600000,0.28985,0.29014,0.28484,0.28551,102550111.0,1757851199999,29440445.03954,102709
DOGEUSDT,1757851200000,0.28551,0.28715,0.28251,0.285,76297334.0,1757854799999,21748185.48463,85990
DOGEUSDT,1757854800000,0.285,0.28565,0.28024,0.28224,128484749.0,1757858399999,36406811.37028,107972
DOGEUSDT,1757858400000,0.28223,0.28465,0.27415,0.27678,324812465.0,1757861999999,90373348.17085,217270
DOGEUSDT,1757862000000,0.27678,0.27738,0.2727,0.27381,167761283.0,1757865599999,46032081.12206,138693
DOGEUSDT,1757865600000,0.27381,0.27719,0.27275,0.27618,131755360.0,1757869199999,36310936.28311,95829
DOGEUSDT,1757869200000,0.27618,0.28338,0.27489,0.28163,133157451.0,1757872799999,37170234.98146,89241
DOGEUSDT,1757872800000,0.28162,0.28201,0.27724,0.27798,54886625.0,1757876399999,15334853.86812,53102
DOGEUSDT,1757876400000,0.27798,0.27981,0.27676,0.27787,44135445.0,1757879999999,12285255.1954,41952
DOGEUSDT,1757880000000,0.27787,0.27964,0.27739,0.27905,22026002.0,1757883599999,6138343.32908,32641
DOGEUSDT,1757883600000,0.27906,0.28291,0.27703,0.28138,59885435.0,1757887199999,16770248.13662,50943
DOGEUSDT,1757887200000,0.28138,0.28263,0.27881,0.28108,36922466.0,1757890799999,10364475.70397,36802
DOGEUSDT,1757890800000,0.28108,0.28126,0.27731,0.27796,43363404.0,1757894399999,12086989.62973,54960
DOGEUSDT,1757894400000,0.27795,0.28082,0.27762,0.2781,65048453.0,1757897999999,18156451.93064,98184
DOGEUSDT,1757898000000,0.27809,0.28051,0.27425,0.27892,103458694.0,1757901599999,28694552.93289,129420
DOGEUSDT,1757901600000,0.27892,0.28145,0.27757,0.27794,69107630.0,1757905199999,19308000.2591,87362
DOGEUSDT,1757905200000,0.27795,0.28064,0.27771,0.28014,41491782.0,1757908799999,11607568.1832,56029
DOGEUSDT,1757908800000,0.28014,0.28205,0.27907,0.28019,64643596.0,1757912399999,18135294.01602,77879
DOGEUSDT,1757912400000,0.28018,0.28187,0.2793,0.28158,54276514.0,1757915999999,15254227.61055,56329
DOGEUSDT,1757916000000,0.28158,0.28175,0.2737,0.27502,112395993.0,1757919599999,31141140.90019,110093
DOGEUSDT,1757919600000,0.27501,0.27668,0.2671,0.26828,280464480.0,1757923199999,75806116.86054,192525
DOGEUSDT,1757923200000,0.26828,0.26833,0.25862,0.25976,565043240.0,1757926799999,148392738.97619,270923
DOGEUSDT,1757926800000,0.25976,0.26378,0.25894,0.26343,172757319.0,1757930399999,45267263.83224,130367
DOGEUSDT,1757930400000,0.26342,0.26467,0.2614,0.26419,88819764.0,1757933999999,23340484.95503,77756
DOGEUSDT,1757934000000,0.2642,0.26585,0.26347,0.26528,90730123.0,1757937599999,24033869.01117,73994
DOGEUSDT,1757937600000,0.26529,0.26554,0.26175,0.26238,85280181.0,1757941199999,22470343.43258,69040
DOGEUSDT,1757941200000,0.26238,0.26513,0.26163,0.26354,112128939.0,1757944799999,29506664.94724,113277
DOGEUSDT,1757944800000,0.26354,0.26478,0.2611,0.26257,91879106.0,1757948399999,24180152.29123,99661
DOGEUSDT,1757948400000,0.26257,0.26463,0.26178,0.26418,77882872.0,1757951999999,20464200.94629,84246
DOGEUSDT,1757952000000,0.26419,0.26687,0.26212,0.26327,77359478.0,1757955599999,20436392.37878,77638
DOGEUSDT,1757955600000,0.26327,0.26641,0.26292,0.26623,90035294.0,1757959199999,23836834.74008,72861
DOGEUSDT,1757959200000,0.26623,0.2663,0.26398,0.26457,40830369.0,1757962799999,10810783.07874,39135
DOGEUSDT,1757962800000,0.26456,0.26651,0.26287,0.26412,61377520.0,1757966399999,16238783.45345,46180
DOGEUSDT,1757966400000,0.26412,0.26744,0.2634,0.26743,51558616.0,1757969999999,13708485.76754,41945
DOGEUSDT,1757970000000,0.26744,0.26943,0.26572,0.26847,50903500.0,1757973599999,13605624.62877,40567
DOGEUSDT,1757973600000,0.26848,0.269,0.26596,0.26722,31445014.0,1757977199999,8411044.56801,32581
DOGEUSDT,1757977200000,0.26721,0.269,0.26656,0.26831,37230957.0,1757980799999,9986625.488,34104
DOGEUSDT,1757980800000,0.2683,0.26833,0.26558,0.26696,58287011.0,1757984399999,15561806.21921,59023
DOGEUSDT,1757984400000,0.26696,0.27014,0.26675,0.26777,68547167.0,1757987999999,18409462.68003,75716
DOGEUSDT,1757988000000,0.26778,0.26938,0.26583,0.2661,53976871.0,1757991599999,14429689.16654,67063
DOGEUSDT,1757991600000,0.26611,0.26855,0.26604,0.26719,36874818.0,1757995199999,9858799.61647,47494
DOGEUSDT,1757995200000,0.2672,0.26745,0.26225,0.26524,94748390.0,1757998799999,25053644.03781,86064
DOGEUSDT,1757998800000,0.26523,0.26855,0.26457,0.26804,56322194.0,1758002399999,15032542.21713,65276
DOGEUSDT,1758002400000,0.26805,0.2696,0.26403,0.26631,88144498.0,1758005999999,23563088.67982,77705
DOGEUSDT,1758006000000,0.26632,0.26818,0.26618,0.26771,34655731.0,1758009599999,9265826.82627,48218
DOGEUSDT,1758009600000,0.26771,0.26965,0.26632,0.26733,63512143.0,1758013199999,17008053.16982,71326
DOGEUSDT,1758013200000,0.26733,0.2675,0.26527,0.26586,58292964.0,1758016799999,15526123.16827,51747
DOGEUSDT,1758016800000,0.26587,0.266,0.26346,0.26369,55549031.0,1758020399999,14699165.38171,70957
DOGEUSDT,1758020400000,0.26368,0.26571,0.26357,0.26459,39703060.0,1758023999999,10507646.43543,53279
DOGEUSDT,1758024000000,0.26459,0.26656,0.264,0.2662,72244371.0,1758027599999,19187533.08723,74706
DOGEUSDT,1758027600000,0.2662,0.26704,0.25867,0.26209,176477214.0,1758031199999,46272519.64054,141118
DOGEUSDT,1758031200000,0.26208,0.2623,0.257,0.26184,192325410.0,1758034799999,49992908.59969,123959
DOGEUSDT,1758034800000,0.26185,0.26656,0.26004,0.26625,126938758.0,1758038399999,33502629.79232,100047
DOGEUSDT,1758038400000,0.26625,0.26783,0.26443,0.26528,90223658.0,1758041999999,23968899.43477,92277
DOGEUSDT,1758042000000,0.26528,0.2698,0.26511,0.26663,121143387.0,1758045599999,32452652.75236,111471
DOGEUSDT,1758045600000,0.26662,0.26861,0.2662,0.26782,63306935.0,1758049199999,16932302.329,68112
DOGEUSDT,1758049200000,0.26781,0.26909,0.26701,0.26839,34846068.0,1758052799999,9337001.7636,49682
DOGEUSDT,1758052800000,0.2684,0.2688,0.26731,0.26809,36422621.0,1758056399999,9761483.06489,35346
DOGEUSDT,1758056400000,0.2681,0.26962,0.26768,0.2694,32440869.0,1758059999999,8715570.84422,31494
DOGEUSDT,1758060000000,0.26941,0.27204,0.26873,0.27079,139891563.0,1758063599999,37919519.4329,80647
DOGEUSDT,1758063600000,0.27078,0.27106,0.2692,0.26995,55020434.0,1758067199999,14856414.45185,38094
DOGEUSDT,1758067200000,0.26994,0.27134,0.26825,0.26983,51824389.0,1758070799999,13994994.23977,68599
DOGEUSDT,1758070800000,0.26984,0.27046,0.26774,0.26869,39247448.0,1758074399999,10562825.25295,58065
DOGEUSDT,1758074400000,0.26869,0.27007,0.26748,0.26841,50462309.0,1758077999999,13565570.43965,63335
DOGEUSDT,1758078000000,0.26841,0.26949,0.26618,0.26666,63354508.0,1758081599999,16977542.83387,65522
DOGEUSDT,1758081600000,0.26666,0.26767,0.26384,0.26495,51400466.0,1758085199999,13654739.38205,58996
DOGEUSDT,1758085200000,0.26494,0.2673,0.26415,0.26707,47755169.0,1758088799999,12686705.50134,58658
DOGEUSDT,1758088800000,0.26706,0.26937,0.26654,0.2691,65233359.0,1758092399999,17491880.18202,70207
DOGEUSDT,1758092400000,0.2691,0.27008,0.26827,0.26851,43306029.0,1758095999999,11652188.1154,45256
DOGEUSDT,1758096000000,0.26851,0.26868,0.26584,0.26711,38114611.0,1758099599999,10174088.4219,59001
DOGEUSDT,1758099600000,0.2671,0.26839,0.26616,0.2666,28347013.0,1758103199999,7577050.9556,40074
DOGEUSDT,1758103200000,0.2666,0.26743,0.26448,0.26505,51058407.0,1758106799999,13555458.67454,50949
DOGEUSDT,1758106800000,0.26505,0.26613,0.26474,0.26539,22903765.0,1758110399999,6080950.13332,28879
DOGEUSDT,1758110400000,0.2654,0.26752,0.26456,0.26676,37913819.0,1758113999999,10089739.14643,50439
DOGEUSDT,1758114000000,0.26676,0.26795,0.2648,0.26664,51161547.0,1758117599999,13634424.16939,78989
DOGEUSDT,1758117600000,0.26665,0.26725,0.2624,0.26455,76859158.0,1758121199999,20319492.79517,75546
DOGEUSDT,1758121200000,0.26455,0.2665,0.26439,0.26539,37018069.0,1758124799999,9825018.88293,44159
DOGEUSDT,1758124800000,0.26539,0.26712,0.26309,0.26693,45336811.0,1758128399999,12010670.2499,56519
DOGEUSDT,1758128400000,0.26694,0.2721,0.26136,0.26148,141571021.0,1758131999999,38015057.55996,140705
DOGEUSDT,1758132000000,0.26175,0.27037,0.26045,0.26357,386772320.0,1758135599999,102456379.95392,331632
DOGEUSDT,1758135600000,0.26357,0.27448,0.26341,0.27272,174605439.0,1758139199999,47111577.65118,191277
DOGEUSDT,1758139200000,0.27271,0.27489,0.26885,0.26948,109340667.0,1758142799999,29812011.12598,109152
DOGEUSDT,1758142800000,0.26948,0.27463,0.26696,0.27462,66708400.0,1758146399999,18090974.1965,83672
DOGEUSDT,1758146400000,0.27462,0.28345,0.2746,0.28148,201796096.0,1758149999999,56494237.16108,156435
DOGEUSDT,1758150000000,0.28148,0.28384,0.2798,0.28256,127780649.0,1758153599999,36030537.61385,87004
DOGEUSDT,1758153600000,0.28257,0.28582,0.28112,0.28167,186697184.0,1758157199999,52894461.81573,158508
DOGEUSDT,1758157200000,0.28166,0.28325,0.28064,0.28159,73107325.0,1758160799999,20613058.65124,80507
DOGEUSDT,1758160800000,0.28159,0.28172,0.27828,0.28132,82375179.0,1758164399999,23063923.9829,80046
DOGEUSDT,1758164400000,0.28132,0.28347,0.28085,0.283,83603474.0,1758167999999,23602576.80466,91583
DOGEUSDT,1758168000000,0.283,0.28349,0.28122,0.28226,42221860.0,1758171599999,11916830.39636,58163
DOGEUSDT,1758171600000,0.28226,0.28228,0.27921,0.27976,44661019.0,1758175199999,12525864.93116,50903
DOGEUSDT,1758175200000,0.27976,0.28022,0.27635,0.27863,108918720.0,1758178799999,30269535.91918,93910
DOGEUSDT,1758178800000,0.27863,0.2804,0.27831,0.27985,39693723.0,1758182399999,11083983.1723,49365
DOGEUSDT,1758182400000,0.27985,0.28211,0.27908,0.2818,62752298.0,1758185999999,17639115.28777,63523
DOGEUSDT,1758186000000,0.28179,0.28198,0.28011,0.28126,40627604.0,1758189599999,11412190.29548,49774
DOGEUSDT,1758189600000,0.28125,0.28153,0.27827,0.27878,60613130.0,1758193199999,16933850.89983,65033
DOGEUSDT,1758193200000,0.27879,0.28071,0.27868,0.27957,43133150.0,1758196799999,12058945.92943,48814
DOGEUSDT,1758196800000,0.27957,0.28235,0.27867,0.28109,55820377.0,1758200399999,15675111.45233,73362
DOGEUSDT,1758200400000,0.28109,0.28444,0.2796,0.28112,122242909.0,1758203999999,34470844.04867,140225
DOGEUSDT,1758204000000,0.28112,0.28296,0.28018,0.28164,83116225.0,1758207599999,23405972.39591,88731
DOGEUSDT,1758207600000,0.28165,0.2878,0.28093,0.28662,129397277.0,1758211199999,36769740.43506,123814
DOGEUSDT,1758211200000,0.28662,0.28879,0.28448,0.28478,126014970.0,1758214799999,36138368.72994,109979
DOGEUSDT,1758214800000,0.28477,0.28602,0.28276,0.28378,70058987.0,1758218399999,19926563.1739,77701
DOGEUSDT,1758218400000,0.28379,0.28609,0.28273,0.28477,41543464.0,1758221999999,11808475.30357,52360
DOGEUSDT,1758222000000,0.28476,0.28481,0.28087,0.28194,44782584.0,1758225599999,12658478.47625,51018
DOGEUSDT,1758225600000,0.28195,0.28262,0.28098,0.281,23103529.0,1758229199999,6509471.86596,30767
DOGEUSDT,1758229200000,0.28101,0.28193,0.28,0.2809,27745953.0,1758232799999,7793077.79402,24387
DOGEUSDT,1758232800000,0.2809,0.28119,0.27768,0.27779,84305481.0,1758236399999,23513933.9292,48116
DOGEUSDT,1758236400000,0.27778,0.27894,0.27559,0.27857,74735273.0,1758239999999,20726943.33621,51997
DOGEUSDT,1758240000000,0.27856,0.28277,0.27841,0.28273,59599233.0,1758243599999,16716762.95897,59732
DOGEUSDT,1758243600000,0.28273,0.28492,0.27974,0.28098,73687559.0,1758247199999,20784421.90929,75842
DOGEUSDT,1758247200000,0.28099,0.28155,0.27875,0.27902,40551522.0,1758250799999,11349376.14596,47136
DOGEUSDT,1758250800000,0.27901,0.28026,0.27642,0.2769,77895860.0,1758254399999,21629026.17487,78151
DOGEUSDT,1758254400000,0.27689,0.27732,0.27351,0.27718,107139743.0,1758257999999,29484056.44971,96237
DOGEUSDT,1758258000000,0.27719,0.27726,0.27444,0.27625,30976236.0,1758261599999,8549752.3512,43515
DOGEUSDT,1758261600000,0.27624,0.27632,0.27341,0.27407,74451657.0,1758265199999,20474946.62237,58787
DOGEUSDT,1758265200000,0.27407,0.27602,0.27328,0.27516,58503925.0,1758268799999,16075023.85679,57913
DOGEUSDT,1758268800000,0.27515,0.27691,0.27501,0.27528,26340079.0,1758272399999,7267358.60072,30775
DOGEUSDT,1758272400000,0.27527,0.27622,0.27243,0.27355,53189020.0,1758275999999,14583244.32449,54586
DOGEUSDT,1758276000000,0.27355,0.27397,0.27234,0.27365,37174582.0,1758279599999,10162860.61446,50000
DOGEUSDT,1758279600000,0.27364,0.27374,0.27023,0.27123,96122856.0,1758283199999,26087836.61968,82497
DOGEUSDT,1758283200000,0.27123,0.27231,0.2698,0.27076,69871546.0,1758286799999,18932800.37534,55029
DOGEUSDT,1758286800000,0.27075,0.27234,0.26981,0.27177,47343777.0,1758290399999,12840671.07254,72327
DOGEUSDT,1758290400000,0.27177,0.27266,0.26821,0.2689,82964056.0,1758293999999,22393379.57992,90296
DOGEUSDT,1758294000000,0.26891,0.26917,0.26424,0.2666,207429116.0,1758297599999,55182956.79087,152542
DOGEUSDT,1758297600000,0.26661,0.26837,0.26626,0.26811,40958565.0,1758301199999,10957345.23918,45151
DOGEUSDT,1758301200000,0.26811,0.2682,0.2648,0.26512,53958009.0,1758304799999,14359108.59805,50588
DOGEUSDT,1758304800000,0.26512,0.26617,0.26312,0.26541,49283763.0,1758308399999,13044889.21276,53273
DOGEUSDT,1758308400000,0.26541,0.26643,0.26482,0.26483,37588598.0,1758311999999,9990727.15194,42279
DOGEUSDT,1758312000000,0.26483,0.26682,0.26476,0.26581,26938559.0,1758315599999,7166868.2202,28906
DOGEUSDT,1758315600000,0.26581,0.26715,0.26492,0.26713,26435123.0,1758319199999,7035372.50471,18477
DOGEUSDT,1758319200000,0.26713,0.26742,0.26654,0.26682,20774236.0,1758322799999,5546411.87408,16902
DOGEUSDT,1758322800000,0.26682,0.26691,0.26324,0.26527,37250552.0,1758326399999,9868999.17556,39721
DOGEUSDT,1758326400000,0.26526,0.26741,0.26478,0.2673,38445421.0,1758329999999,10227592.53915,41790
DOGEUSDT,1758330000000,0.26731,0.26731,0.26496,0.26519,29927842.0,1758333599999,7963796.01682,38302
DOGEUSDT,1758333600000,0.26519,0.26538,0.263,0.26526,65277485.0,1758337199999,17229166.90767,60413
DOGEUSDT,1758337200000,0.26526,0.2654,0.26399,0.265,23080589.0,1758340799999,6107690.06197,33235
DOGEUSDT,1758340800000,0.265,0.26601,0.26423,0.2656,27003795.0,1758344399999,7159101.22617,34122
DOGEUSDT,1758344400000,0.2656,0.26696,0.26505,0.26693,31251168.0,1758347999999,8322878.55335,28257
DOGEUSDT,1758348000000,0.26692,0.26692,0.26577,0.26617,30329179.0,1758351599999,8082094.99606,25232
DOGEUSDT,1758351600000,0.26616,0.26664,0.26519,0.26658,26173416.0,1758355199999,6957748.7802,27339
DOGEUSDT,1758355200000,0.26659,0.26659,0.26409,0.26421,24253457.0,1758358799999,6435025.33176,23761
DOGEUSDT,1758358800000,0.26422,0.26491,0.26324,0.26397,32122965.0,1758362399999,8482461.54505,31217
DOGEUSDT,1758362400000,0.26398,0.26493,0.2637,0.26377,13189331.0,1758365999999,3485949.36809,25960
DOGEUSDT,1758366000000,0.26377,0.26537,0.26359,0.26517,17063025.0,1758369599999,4513649.42291,28610
DOGEUSDT,1758369600000,0.26516,0.26543,0.2642,0.26483,12544393.0,1758373199999,3319927.35701,24384
DOGEUSDT,1758373200000,0.26484,0.26681,0.26451,0.26566,49814723.0,1758376799999,13239142.92929,36743
DOGEUSDT,1758376800000,0.26565,0.26676,0.26427,0.26655,43393827.0,1758380399999,11536461.00176,39569
DOGEUSDT,1758380400000,0.26655,0.26947,0.26655,0.26884,94288923.0,1758383999999,25275792.75873,73605
DOGEUSDT,1758384000000,0.26883,0.26919,0.26676,0.26841,35101084.0,1758387599999,9407024.90292,40445
DOGEUSDT,1758387600000,0.2684,0.26864,0.26652,0.26773,27219178.0,1758391199999,7281682.5359,35437
DOGEUSDT,1758391200000,0.26773,0.26773,0.26583,0.26615,18673074.0,1758394799999,4977274.49161,36853
DOGEUSDT,1758394800000,0.26616,0.26696,0.26547,0.26621,15346316.0,1758398399999,4085034.28153,27620
DOGEUSDT,1758398400000,0.2662,0.26722,0.26597,0.26708,13105393.0,1758401999999,3494344.84031,20141
DOGEUSDT,1758402000000,0.26709,0.26866,0.26707,0.26797,16172908.0,1758405599999,4332158.61608,19062
DOGEUSDT,1758405600000,0.26797,0.26894,0.26733,0.26822,15522395.0,1758409199999,4161670.52132,22375
DOGEUSDT,1758409200000,0.26822,0.26828,0.26673,0.26759,11512969.0,1758412799999,3078029.12164,20234
DOGEUSDT,1758412800000,0.26758,0.26899,0.26688,0.26859,20136494.0,1758416399999,5395482.82188,26437
DOGEUSDT,1758416400000,0.26859,0.26919,0.26699,0.26758,44808428.0,1758419999999,12002665.71856,34395
DOGEUSDT,1758420000000,0.26757,0.26885,0.26727,0.26845,28680310.0,1758423599999,7689530.19109,29754
DOGEUSDT,1758423600000,0.26844,0.26965,0.26789,0.26956,20313336.0,1758427199999,5458840.99652,24349
DOGEUSDT,1758427200000,0.26956,0.26965,0.26808,0.26853,18343356.0,1758430799999,4928369.30279,27316
DOGEUSDT,1758430800000,0.26854,0.26897,0.26771,0.26877,19012415.0,1758434399999,5097924.30876,22964
DOGEUSDT,1758434400000,0.26878,0.26955,0.26848,0.26871,27439355.0,1758437999999,7380997.65169,23386
DOGEUSDT,1758438000000,0.2687,0.26886,0.2679,0.26821,16538619.0,1758441599999,4439015.26149,19008
DOGEUSDT,1758441600000,0.2682,0.26844,0.2661,0.2666,26094380.0,1758445199999,6962222.76479,28165
DOGEUSDT,1758445200000,0.2666,0.26684,0.26353,0.2663,53821969.0,1758448799999,14266182.76209,55081
DOGEUSDT,1758448800000,0.26631,0.26728,0.26538,0.26553,25900410.0,1758452399999,6898205.86385,36749
DOGEUSDT,1758452400000,0.26553,0.26672,0.26517,0.26572,19408118.0,1758455999999,5161497.82008,33029
DOGEUSDT,1758456000000,0.26572,0.26788,0.2656,0.2666,22611322.0,1758459599999,6036130.97797,32899
DOGEUSDT,1758459600000,0.26661,0.26764,0.26644,0.26743,14816846.0,1758463199999,3958340.35171,25047
DOGEUSDT,1758463200000,0.26742,0.26796,0.26634,0.26656,18701202.0,1758466799999,4996232.23506,29807
DOGEUSDT,1758466800000,0.26656,0.26726,0.26543,0.26561,22187044.0,1758470399999,5909847.71264,34136
DOGEUSDT,1758470400000,0.26561,0.26604,0.2617,0.26314,87284671.0,1758473999999,23006267.39576,75343
DOGEUSDT,1758474000000,0.26314,0.2639,0.2606,0.26381,71569708.0,1758477599999,18755043.05199,65819
DOGEUSDT,1758477600000,0.26382,0.26444,0.26283,0.26423,37436673.0,1758481199999,9871343.74918,34385
DOGEUSDT,1758481200000,0.26424,0.26432,0.26225,0.26347,14560436.0,1758484799999,3829557.6054,25122
DOGEUSDT,1758484800000,0.26347,0.26374,0.26161,0.26205,20550289.0,1758488399999,5393889.2543,29086
DOGEUSDT,1758488400000,0.26206,0.26283,0.26142,0.26221,12707034.0,1758491999999,3330034.911,18954
DOGEUSDT,1758492000000,0.26222,0.2631,0.26031,0.26292,33455075.0,1758495599999,8747196.14451,36558
DOGEUSDT,1758495600000,0.26291,0.26297,0.26044,0.26074,33667259.0,1758499199999,8793019.09435,38179
DOGEUSDT,1758499200000,0.26074,0.26239,0.24791,0.24995,470387494.0,1758502799999,119000239.61076,282912
DOGEUSDT,1758502800000,0.24994,0.2515,0.24881,0.24981,145951333.0,1758506399999,36490350.28013,122034
DOGEUSDT,1758506400000,0.24981,0.25092,0.24528,0.24694,227140808.0,1758509999999,56229712.33428,165538
DOGEUSDT,1758510000000,0.24695,0.24892,0.24646,0.24877,81551809.0,1758513599999,20203104.69433,72513
DOGEUSDT,1758513600000,0.24877,0.24974,0.24814,0.24899,71587831.0,1758517199999,17825228.65947,58218
DOGEUSDT,1758517200000,0.24899,0.2494,0.24357,0.24394,117147473.0,1758520799999,28942428.56117,78670
DOGEUSDT,1758520800000,0.2439,0.24438,0.23067,0.2403,606905812.0,1758524399999,144250795.82985,352851
DOGEUSDT,1758524400000,0.24031,0.24044,0.2375,0.23772,138883073.0,1758527999999,33188582.90782,111501
DOGEUSDT,1758528000000,0.23773,0.24068,0.23633,0.23957,154295886.0,1758531599999,36843071.48754,98624
DOGEUSDT,1758531600000,0.23958,0.23984,0.23675,0.23761,125735362.0,1758535199999,29933933.65118,92130
DOGEUSDT,1758535200000,0.2376,0.23997,0.23676,0.23976,63039681.0,1758538799999,15022352.16958,64105
DOGEUSDT,1758538800000,0.23975,0.23999,0.2386,0.23917,67415045.0,1758542399999,16129517.10477,52801
DOGEUSDT,1758542400000,0.23917,0.24095,0.23831,0.24026,58334904.0,1758545999999,13981140.4132,60312
DOGEUSDT,1758546000000,0.24027,0.24277,0.23932,0.24185,126245650.0,1758549599999,30426635.12066,89934
DOGEUSDT,1758549600000,0.24184,0.24324,0.24003,0.24047,106764086.0,1758553199999,25803925.09596,85232
DOGEUSDT,1758553200000,0.24046,0.24106,0.23829,0.23953,76202910.0,1758556799999,18260473.19512,70931
DOGEUSDT,1758556800000,0.23953,0.24152,0.23873,0.23943,62027858.0,1758560399999,14892216.61467,76615
DOGEUSDT,1758560400000,0.23944,0.23989,0.23781,0.23925,64241326.0,1758563999999,15348114.73828,73569
DOGEUSDT,1758564000000,0.23925,0.23961,0.2376,0.23766,36060306.0,1758567599999,8610520.15208,42184
DOGEUSDT,1758567600000,0.23766,0.23828,0.23556,0.2363,61402245.0,1758571199999,14542934.91712,72812
DOGEUSDT,1758571200000,0.23629,0.23888,0.23596,0.2385,32247739.0,1758574799999,7660783.24151,44452
DOGEUSDT,1758574800000,0.2385,0.24151,0.2376,0.24151,45890200.0,1758578399999,11003258.71541,30343
DOGEUSDT,1758578400000,0.2415,0.2415,0.2397,0.2399,25441674.0,1758581999999,6117771.68576,19975
DOGEUSDT,1758582000000,0.23989,0.24168,0.23973,0.24122,16739119.0,1758585599999,4033535.78574,19582
DOGEUSDT,1758585600000,0.24123,0.24299,0.24047,0.24068,61916393.0,1758589199999,14957588.9034,37736
DOGEUSDT,1758589200000,0.24068,0.24081,0.23791,0.23798,38339636.0,1758592799999,9187042.82996,38757
DOGEUSDT,1758592800000,0.23798,0.23939,0.23611,0.23643,89397021.0,1758596399999,21211985.57314,49113
DOGEUSDT,1758596400000,0.23643,0.24219,0.23402,0.24035,147117451.0,1758599999999,35028480.25055,101504
DOGEUSDT,1758600000000,0.24035,0.24114,0.23821,0.24013,43807850.0,1758603599999,10503171.37996,41693
DOGEUSDT,1758603600000,0.24013,0.2414,0.23852,0.23992,51590553.0,1758607199999,12409078.73061,41860
DOGEUSDT,1758607200000,0.23993,0.24343,0.23951,0.24261,130943088.0,1758610799999,31704124.34005,71988
DOGEUSDT,1758610800000,0.2426,0.24268,0.24132,0.2415,50389245.0,1758614399999,12191395.97202,51433
DOGEUSDT,1758614400000,0.24151,0.24228,0.24083,0.24192,47704602.0,1758617999999,11529380.35281,43728
DOGEUSDT,1758618000000,0.24192,0.24296,0.23976,0.24055,49004728.0,1758621599999,11824621.46801,48747
DOGEUSDT,1758621600000,0.24055,0.24114,0.24017,0.2409,21735768.0,1758625199999,5231122.8916,28919
DOGEUSDT,1758625200000,0.24091,0.24104,0.23921,0.24085,30658319.0,1758628799999,7359574.16592,41806
DOGEUSDT,1758628800000,0.24085,0.24206,0.24011,0.24079,67400564.0,1758632399999,16244671.68804,55235
DOGEUSDT,1758632400000,0.2408,0.24142,0.23867,0.23965,67006987.0,1758635999999,16086679.25866,86970
DOGEUSDT,1758636000000,0.23966,0.24174,0.23807,0.23877,79096168.0,1758639599999,18952230.12518,85718
DOGEUSDT,1758639600000,0.23876,0.2416,0.23801,0.24068,57733846.0,1758643199999,13870253.91465,63582
DOGEUSDT,1758643200000,0.24068,0.24389,0.23868,0.24268,107423939.0,1758646799999,25862211.95779,87945
DOGEUSDT,1758646800000,0.24267,0.24304,0.23774,0.2385,59499433.0,1758650399999,14269874.0019,84268
DOGEUSDT,1758650400000,0.2385,0.23961,0.23668,0.23752,48940239.0,1758653999999,11662371.92326,69590
DOGEUSDT,1758654000000,0.23752,0.23997,0.23705,0.23792,46896669.0,1758657599999,11175999.91749,61140
DOGEUSDT,1758657600000,0.23791,0.23936,0.23636,0.23932,33595254.0,1758661199999,7990333.69378,49073
DOGEUSDT,1758661200000,0.23932,0.24145,0.23827,0.2404,45733378.0,1758664799999,10950940.69922,37978
DOGEUSDT,1758664800000,0.2404,0.24075,0.23896,0.23936,21389283.0,1758668399999,5131887.18118,28415
DOGEUSDT,1758668400000,0.23936,0.23982,0.23664,0.23709,31206190.0,1758671999999,7424346.9771,40104
DOGEUSDT,1758672000000,0.23709,0.23994,0.23683,0.23845,33745770.0,1758675599999,8052131.73529,54390
DOGEUSDT,1758675600000,0.23845,0.24058,0.23767,0.24025,32207377.0,1758679199999,7721431.09886,51849
DOGEUSDT,1758679200000,0.24025,0.24041,0.23717,0.23862,79270699.0,1758682799999,18902468.55279,85965
DOGEUSDT,1758682800000,0.23862,0.23909,0.23365,0.23449,116529965.0,1758686399999,27462000.12584,103799
DOGEUSDT,1758686400000,0.23448,0.23756,0.23098,0.23622,274121432.0,1758689999999,63907699.45921,174495
DOGEUSDT,1758690000000,0.23622,0.23975,0.23607,0.23897,45148860.0,1758693599999,10762974.29622,57586
DOGEUSDT,1758693600000,0.23897,0.23945,0.23775,0.2388,78494524.0,1758697199999,18732202.19355,53404
DOGEUSDT,1758697200000,0.2388,0.23957,0.238,0.23955,28656031.0,1758700799999,6841084.65798,41701
DOGEUSDT,1758700800000,0.23955,0.24209,0.23895,0.24087,113555575.0,1758704399999,27322807.1645,52675
DOGEUSDT,1758704400000,0.24088,0.242,0.24034,0.2418,35442997.0,1758707999999,8553688.55838,33505
DOGEUSDT,1758708000000,0.24181,0.24259,0.24126,0.24204,32707970.0,1758711599999,7911403.59541,41461
DOGEUSDT,1758711600000,0.24204,0.24369,0.24176,0.2431,50468281.0,1758715199999,12258790.45131,50417
DOGEUSDT,1758715200000,0.24309,0.24368,0.24241,0.24286,38312869.0,1758718799999,9310940.59783,37117
DOGEUSDT,1758718800000,0.24286,0.24565,0.24268,0.24348,83850814.0,1758722399999,20459572.10811,86553
DOGEUSDT,1758722400000,0.24348,0.25057,0.24337,0.24878,147502652.0,1758725999999,36514105.94698,131045
DOGEUSDT,1758726000000,0.24878,0.24926,0.24523,0.24557,106636164.0,1758729599999,26390150.18731,96715
DOGEUSDT,1758729600000,0.24558,0.24642,0.24447,0.24474,55561769.0,1758733199999,13639249.08733,66703
DOGEUSDT,1758733200000,0.24474,0.24648,0.2446,0.24543,48796656.0,1758736799999,11988918.22535,38965
DOGEUSDT,1758736800000,0.24544,0.24555,0.24376,0.24454,29803463.0,1758740399999,7286283.02231,27753
DOGEUSDT,1758740400000,0.24453,0.24496,0.24192,0.24352,120703054.0,1758743999999,29321501.75569,44470
DOGEUSDT,1758744000000,0.24352,0.24396,0.24184,0.24329,27271997.0,1758747599999,6629085.36227,30846
DOGEUSDT,1758747600000,0.24328,0.24394,0.24068,0.24115,33440055.0,1758751199999,8109279.96255,23384
DOGEUSDT,1758751200000,0.24115,0.24235,0.24074,0.24098,43720135.0,1758754799999,10555794.93249,44627
DOGEUSDT,1758754800000,0.24097,0.24174,0.24035,0.24107,29789261.0,1758758399999,7181117.31619,40320
DOGEUSDT,1758758400000,0.24107,0.24197,0.23865,0.23946,64757263.0,1758761999999,15552820.2889,68576
DOGEUSDT,1758762000000,0.23946,0.24021,0.23691,0.23755,74857184.0,1758765599999,17857710.78846,98904
DOGEUSDT,1758765600000,0.23755,0.24039,0.23621,0.23908,66070838.0,1758769199999,15750818.92338,84396
DOGEUSDT,1758769200000,0.23907,0.23909,0.23381,0.23616,113198330.0,1758772799999,26650318.03471,90204
DOGEUSDT,1758772800000,0.23615,0.23661,0.23184,0.23338,140051302.0,1758776399999,32728492.6687,117948
DOGEUSDT,1758776400000,0.23337,0.23585,0.2323,0.2349,50757615.0,1758779999999,11900637.10862,60364
DOGEUSDT,1758780000000,0.23489,0.23502,0.23301,0.23338,41825942.0,1758783599999,9775017.24092,60197
DOGEUSDT,1758783600000,0.23339,0.23471,0.23299,0.23328,46105039.0,1758787199999,10779096.93968,61730
DOGEUSDT,1758787200000,0.23328,0.23485,0.23248,0.23324,46180618.0,1758790799999,10792121.04451,59422
DOGEUSDT,1758790800000,0.23324,0.23474,0.232,0.23217,49463561.0,1758794399999,11556887.57376,51327
DOGEUSDT,1758794400000,0.23217,0.23392,0.23148,0.23165,28503363.0,1758797999999,6626842.22006,42603
DOGEUSDT,1758798000000,0.23165,0.2325,0.23026,0.23128,65032161.0,1758801599999,15036761.29837,75335
DOGEUSDT,1758801600000,0.23128,0.2322,0.22578,0.22959,223350402.0,1758805199999,51215029.34107,141617
DOGEUSDT,1758805200000,0.22958,0.23249,0.22791,0.23123,168412750.0,1758808799999,38758134.90693,120851
DOGEUSDT,1758808800000,0.23124,0.23479,0.23104,0.23186,93341189.0,1758812399999,21732680.05162,88473
DOGEUSDT,1758812400000,0.23186,0.23214,0.22976,0.23109,82955722.0,1758815999999,19141353.39915,66317
DOGEUSDT,1758816000000,0.23109,0.23179,0.22673,0.22728,93784827.0,1758819599999,21477028.98337,84833
DOGEUSDT,1758819600000,0.22728,0.22739,0.22046,0.22141,279249225.0,1758823199999,62596402.68954,177422
DOGEUSDT,1758823200000,0.22142,0.22777,0.22069,0.22764,198352441.0,1758826799999,44513937.29159,133694
DOGEUSDT,1758826800000,0.22764,0.22921,0.22589,0.22646,61338712.0,1758830399999,13964634.50593,65267
DOGEUSDT,1758830400000,0.22647,0.22683,0.22388,0.22441,63627759.0,1758833999999,14341529.3868,50736
DOGEUSDT,1758834000000,0.22441,0.22635,0.22307,0.22499,43755191.0,1758837599999,9823233.73546,38825
DOGEUSDT,1758837600000,0.22498,0.2265,0.22306,0.22395,45028625.0,1758841199999,10119126.22388,36951
DOGEUSDT,1758841200000,0.22395,0.22534,0.22087,0.22292,101106642.0,1758844799999,22528084.36474,57933
DOGEUSDT,1758844800000,0.22292,0.22658,0.22268,0.22607,98767168.0,1758848399999,22194961.89409,92670
DOGEUSDT,1758848400000,0.22607,0.22773,0.22518,0.22636,72505304.0,1758851999999,16429943.13561,86728
DOGEUSDT,1758852000000,0.22635,0.22767,0.22523,0.22603,39732533.0,1758855599999,8995407.6986,62519
DOGEUSDT,1758855600000,0.22603,0.22737,0.22513,0.22718,30924603.0,1758859199999,6999781.56707,45556
DOGEUSDT,1758859200000,0.22718,0.2277,0.22569,0.22636,26289702.0,1758862799999,5963410.73722,43012
DOGEUSDT,1758862800000,0.22636,0.22793,0.22544,0.22596,34751422.0,1758866399999,7882132.77398,48908
DOGEUSDT,1758866400000,0.22596,0.22802,0.22471,0.22656,74855353.0,1758869999999,16949046.31312,66565
DOGEUSDT,1758870000000,0.22656,0.22764,0.2248,0.22703,43947571.0,1758873599999,9950137.37794,59407
DOGEUSDT,1758873600000,0.22702,0.22797,0.226,0.22645,58524693.0,1758877199999,13289272.26139,54462
DOGEUSDT,1758877200000,0.22645,0.22706,0.22436,0.22543,49649329.0,1758880799999,11217209.98263,49520
DOGEUSDT,1758880800000,0.22544,0.22557,0.22219,0.22291,99238215.0,1758884399999,22173198.82418,68875
DOGEUSDT,1758884400000,0.2229,0.22547,0.22134,0.22452,67339059.0,1758887999999,15038975.54847,64301
DOGEUSDT,1758888000000,0.22452,0.22809,0.22171,0.22648,180258319.0,1758891599999,40521052.78898,125454
DOGEUSDT,1758891600000,0.22648,0.22804,0.22429,0.22748,98473682.0,1758895199999,22297856.88775,80055
DOGEUSDT,1758895200000,0.22748,0.2279,0.22431,0.22531,51704789.0,1758898799999,11677316.11961,71940
DOGEUSDT,1758898800000,0.22532,0.22795,0.2251,0.22726,53152442.0,1758902399999,12068340.77168,52116
DOGEUSDT,1758902400000,0.22727,0.22999,0.2271,0.22945,72533674.0,1758905999999,16611804.99987,61239
DOGEUSDT,1758906000000,0.22944,0.23194,0.2286,0.2316,72434085.0,1758909599999,16721634.11347,58417
DOGEUSDT,1758909600000,0.2316,0.23331,0.23127,0.23245,46582197.0,1758913199999,10829018.32963,44709
DOGEUSDT,1758913200000,0.23245,0.23282,0.22983,0.23091,68816842.0,1758916799999,15911416.7036,48130
DOGEUSDT,1758916800000,0.23091,0.23168,0.23022,0.23054,20160798.0,1758920399999,4654530.84831,27443
DOGEUSDT,1758920400000,0.23054,0.23159,0.22987,0.23109,25237244.0,1758923999999,5823022.88757,21151
DOGEUSDT,1758924000000,0.2311,0.23235,0.23081,0.23147,22671931.0,1758927599999,5253258.12946,22036
DOGEUSDT,1758927600000,0.23147,0.23262,0.23095,0.23244,17653110.0,1758931199999,4094291.12575,19305
DOGEUSDT,1758931200000,0.23244,0.23333,0.23178,0.23293,29814714.0,1758934799999,6929952.00616,29884
DOGEUSDT,1758934800000,0.23293,0.23319,0.23126,0.23221,22754931.0,1758938399999,5281097.19114,33570
DOGEUSDT,1758938400000,0.23221,0.23306,0.23181,0.23246,18448418.0,1758941999999,4288448.06809,24148
DOGEUSDT,1758942000000,0.23246,0.23431,0.23237,0.23357,33741668.0,1758945599999,7878180.02386,38149
DOGEUSDT,1758945600000,0.23357,0.23399,0.23294,0.23332,22283749.0,1758949199999,5201439.45295,27471
DOGEUSDT,1758949200000,0.23331,0.23331,0.23194,0.23277,24467294.0,1758952799999,5688452.35986,25139
DOGEUSDT,1758952800000,0.23276,0.23283,0.23103,0.2317,24113168.0,1758956399999,5586542.78274,25971
DOGEUSDT,1758956400000,0.2317,0.23204,0.23058,0.2311,19556917.0,1758959999999,4521418.86344,23231
DOGEUSDT,1758960000000,0.2311,0.2311,0.22932,0.22956,52036124.0,1758963599999,11963974.60613,35642
DOGEUSDT,1758963600000,0.22956,0.23002,0.22849,0.22984,60617555.0,1758967199999,13891464.94023,38874
DOGEUSDT,1758967200000,0.22985,0.23078,0.22912,0.23019,32808379.0,1758970799999,7549533.98154,25840
DOGEUSDT,1758970800000,0.23019,0.23053,0.22988,0.23003,9995993.0,1758974399999,2300143.48674,13584
DOGEUSDT,1758974400000,0.23004,0.2309,0.22934,0.2307,25331175.0,1758977999999,5829795.36373,24655
DOGEUSDT,1758978000000,0.23069,0.2308,0.23008,0.23044,14381535.0,1758981599999,3314815.92629,17504
DOGEUSDT,1758981600000,0.23043,0.23071,0.22919,0.22921,17612815.0,1758985199999,4051890.71415,17579
DOGEUSDT,1758985200000,0.22921,0.23035,0.22795,0.2302,42584146.0,1758988799999,9749381.75924,34214
DOGEUSDT,1758988800000,0.23021,0.23054,0.22921,0.22943,25513686.0,1758992399999,5863636.16286,28821
DOGEUSDT,1758992400000,0.22943,0.22946,0.2278,0.22901,25886851.0,1758995999999,5919951.30941,33785
DOGEUSDT,1758996000000,0.229,0.22936,0.22844,0.22936,6864728.0,1758999599999,1571493.71832,16834
DOGEUSDT,1758999600000,0.22937,0.23003,0.22904,0.22979,7196354.0,1759003199999,1651130.41833,13934
DOGEUSDT,1759003200000,0.2298,0.23011,0.22938,0.22967,5572678.0,1759006799999,1280029.73223,9049
DOGEUSDT,1759006800000,0.22967,0.23061,0.2295,0.23049,7702350.0,1759010399999,1773275.4538,9566
DOGEUSDT,1759010400000,0.23049,0.23252,0.23048,0.23143,23483019.0,1759013999999,5441457.383,33373
DOGEUSDT,1759014000000,0.23143,0.23203,0.23052,0.23077,13896338.0,1759017599999,3211351.88132,24096
DOGEUSDT,1759017600000,0.23077,0.23096,0.22929,0.22947,23515285.0,1759021199999,5406857.54046,32323
DOGEUSDT,1759021200000,0.22947,0.22958,0.22765,0.22766,27156682.0,1759024799999,6208558.95565,36347
DOGEUSDT,1759024800000,0.22765,0.22906,0.22756,0.22859,18604643.0,1759028399999,4248078.19184,22823
DOGEUSDT,1759028400000,0.22859,0.22908,0.2281,0.22855,9693256.0,1759031999999,2216737.89491,17842
DOGEUSDT,1759032000000,0.22854,0.22888,0.22816,0.22876,7868256.0,1759035599999,1798305.19842,12013
DOGEUSDT,1759035600000,0.22877,0.22925,0.2281,0.22826,13147095.0,1759039199999,3003808.53524,16540
DOGEUSDT,1759039200000,0.22826,0.22876,0.22722,0.22849,20153489.0,1759042799999,4596589.88492,20785
DOGEUSDT,1759042800000,0.22848,0.22935,0.22794,0.2292,11859397.0,1759046399999,2714003.39354,18826
DOGEUSDT,1759046400000,0.22921,0.22929,0.22666,0.22705,49078508.0,1759049999999,11188651.06749,39948
DOGEUSDT,1759050000000,0.22704,0.22745,0.22581,0.22651,26832623.0,1759053599999,6079259.14942,37122
DOGEUSDT,1759053600000,0.22651,0.22678,0.22561,0.22658,17292343.0,1759057199999,3911855.92287,24741
DOGEUSDT,1759057200000,0.22657,0.22663,0.22556,0.22646,21356573.0,1759060799999,4827785.65171,30366
DOGEUSDT,1759060800000,0.22646,0.22655,0.225,0.2259,33836640.0,1759064399999,7635765.03958,40080
DOGEUSDT,1759064400000,0.2259,0.22865,0.22572,0.22837,36316305.0,1759067999999,8266357.29406,35465
DOGEUSDT,1759068000000,0.22837,0.2294,0.22776,0.22912,21165390.0,1759071599999,4837644.23304,28045
DOGEUSDT,1759071600000,0.22912,0.2299,0.22891,0.22983,20104603.0,1759075199999,4614293.01361,30231
DOGEUSDT,1759075200000,0.22983,0.23153,0.22935,0.23034,38437895.0,1759078799999,8852773.25355,45617
DOGEUSDT,1759078800000,0.23034,0.23185,0.23025,0.2312,36913275.0,1759082399999,8530104.74806,32373
DOGEUSDT,1759082400000,0.2312,0.23184,0.23076,0.23183,12324362.0,1759085999999,2849168.0972,17769
DOGEUSDT,1759086000000,0.23184,0.23199,0.23097,0.23186,20447134.0,1759089599999,4737091.6984,16995
DOGEUSDT,1759089600000,0.23187,0.23385,0.2316,0.23296,38189226.0,1759093199999,8888809.62556,31095
DOGEUSDT,1759093200000,0.23296,0.23392,0.23267,0.23332,19076921.0,1759096799999,4448400.41312,16897
DOGEUSDT,1759096800000,0.23333,0.23708,0.23333,0.23614,83129061.0,1759100399999,19608382.05487,79229
DOGEUSDT,1759100400000,0.23615,0.23768,0.23592,0.23735,23716183.0,1759103999999,5614105.75262,34542
DOGEUSDT,1759104000000,0.23735,0.23746,0.23527,0.23572,36240042.0,1759107599999,8555412.52859,38058
DOGEUSDT,1759107600000,0.23573,0.23621,0.23426,0.23448,29934475.0,1759111199999,7042718.73225,38548
DOGEUSDT,1759111200000,0.23448,0.23672,0.23392,0.23586,29724384.0,1759114799999,6993793.46563,41199
DOGEUSDT,1759114800000,0.23587,0.23591,0.23486,0.2358,23017864.0,1759118399999,5419659.13202,27204
DOGEUSDT,1759118400000,0.23581,0.23588,0.23426,0.23468,18848107.0,1759121999999,4431135.46695,22602
DOGEUSDT,1759122000000,0.23468,0.23479,0.23304,0.23395,19998044.0,1759125599999,4671523.32757,29340
DOGEUSDT,1759125600000,0.23395,0.23401,0.23194,0.23197,43108592.0,1759129199999,10023721.31129,38254
DOGEUSDT,1759129200000,0.23197,0.23279,0.23096,0.23255,30328175.0,1759132799999,7035030.34502,35529
DOGEUSDT,1759132800000,0.23255,0.23376,0.23188,0.23271,30888629.0,1759136399999,7192380.02872,35816
DOGEUSDT,1759136400000,0.2327,0.23297,0.23115,0.23165,27349955.0,1759139999999,6346127.23168,30242
DOGEUSDT,1759140000000,0.23165,0.23198,0.23022,0.2303,27864337.0,1759143599999,6438956.37009,32591
DOGEUSDT,1759143600000,0.2303,0.23108,0.22914,0.2309,37574878.0,1759147199999,8645371.20651,43267
DOGEUSDT,1759147200000,0.2309,0.2323,0.22904,0.22955,56246977.0,1759150799999,12979574.0107,48845
DOGEUSDT,1759150800000,0.22955,0.23473,0.22862,0.23399,144098619.0,1759154399999,33429879.86665,106254
DOGEUSDT,1759154400000,0.23399,0.23767,0.23373,0.23678,122950925.0,1759157999999,29010161.98083,110411
DOGEUSDT,1759158000000,0.23678,0.23712,0.23332,0.23374,59975779.0,1759161599999,14090073.17045,66986
DOGEUSDT,1759161600000,0.23375,0.2351,0.2318,0.23202,36303621.0,1759165199999,8483523.11972,43927
DOGEUSDT,1759165200000,0.23201,0.23355,0.23062,0.23327,49473550.0,1759168799999,11480697.6978,57240
DOGEUSDT,1759168800000,0.23327,0.23333,0.23213,0.2333,18661988.0,1759172399999,4344489.88846,30461
DOGEUSDT,1759172400000,0.23331,0.235,0.23277,0.23465,18416571.0,1759175999999,4307120.7535,30794
DOGEUSDT,1759176000000,0.23465,0.23896,0.23453,0.23851,43092105.0,1759179599999,10218979.26118,58087
DOGEUSDT,1759179600000,0.23851,0.23883,0.23696,0.23707,24549576.0,1759183199999,5840660.32896,28366
DOGEUSDT,1759183200000,0.23706,0.23731,0.23567,0.23634,22025141.0,1759186799999,5209029.00572,24757
DOGEUSDT,1759186800000,0.23634,0.23653,0.23468,0.23478,17932318.0,1759190399999,4222281.32405,24318
DOGEUSDT,1759190400000,0.23478,0.23592,0.23288,0.23327,62597155.0,1759193999999,14671300.23865,65069
DOGEUSDT,1759194000000,0.23327,0.23537,0.23195,0.23326,50478015.0,1759197599999,11783341.19987,70405
DOGEUSDT,1759197600000,0.23325,0.23387,0.23263,0.23275,23723280.0,1759201199999,5531850.79366,42134
DOGEUSDT,1759201200000,0.23275,0.23371,0.23185,0.2327,25102484.0,1759204799999,5844443.4655,39756
DOGEUSDT,1759204800000,0.23271,0.23417,0.23256,0.23264,31352869.0,1759208399999,7324579.57508,34013
DOGEUSDT,1759208400000,0.23265,0.23324,0.23131,0.23237,23865916.0,1759211999999,5542574.38617,37561
DOGEUSDT,1759212000000,0.23237,0.23378,0.23154,0.23304,21267218.0,1759215599999,4953524.30935,31656
DOGEUSDT,1759215600000,0.23304,0.2335,0.23122,0.23204,22472399.0,1759219199999,5219414.35206,26418
DOGEUSDT,1759219200000,0.23204,0.23244,0.23077,0.23085,22302775.0,1759222799999,5162684.25725,33103
DOGEUSDT,1759222800000,0.23085,0.23127,0.22938,0.22979,35984197.0,1759226399999,8279823.55355,46329
DOGEUSDT,1759226400000,0.22979,0.2301,0.229,0.2296,28959497.0,1759229999999,6646860.02602,36047
DOGEUSDT,1759230000000,0.22961,0.23046,0.22876,0.23029,27813521.0,1759233599999,6385433.00913,29314
DOGEUSDT,1759233600000,0.23029,0.23038,0.2288,0.22895,23539148.0,1759237199999,5408466.69756,31351
DOGEUSDT,1759237200000,0.22894,0.23125,0.22855,0.22973,49683890.0,1759240799999,11411970.33374,71806
DOGEUSDT,1759240800000,0.22973,0.23012,0.2276,0.22963,49602220.0,1759244399999,11338990.57145,80935
DOGEUSDT,1759244400000,0.22963,0.22965,0.2263,0.22801,47265830.0,1759247999999,10746491.01554,69696
DOGEUSDT,1759248000000,0.22801,0.22886,0.22737,0.22844,17870229.0,1759251599999,4074568.47821,35550
DOGEUSDT,1759251600000,0.22844,0.22986,0.22839,0.2292,27450462.0,1759255199999,6290872.36585,43553
DOGEUSDT,1759255200000,0.22921,0.23125,0.22857,0.23096,16286602.0,1759258799999,3748912.99681,31425
DOGEUSDT,1759258800000,0.23096,0.23285,0.23017,0.2326,33133139.0,1759262399999,7672177.90427,43718
DOGEUSDT,1759262400000,0.23261,0.23399,0.23183,0.23371,25373874.0,1759265999999,5903029.0454,46804
DOGEUSDT,1759266000000,0.23371,0.23408,0.23229,0.23236,24571916.0,1759269599999,5731549.80289,31888
DOGEUSDT,1759269600000,0.23237,0.23357,0.23127,0.23164,33173633.0,1759273199999,7717466.05798,37064
DOGEUSDT,1759273200000,0.23164,0.233,0.23087,0.23293,37148428.0,1759276799999,8611795.53894,22436
DOGEUSDT,1759276800000,0.23294,0.23357,0.23124,0.23231,23368663.0,1759280399999,5429602.5307,31515
DOGEUSDT,1759280400000,0.23232,0.23394,0.23186,0.23384,27159561.0,1759283999999,6325132.70637,33859
DOGEUSDT,1759284000000,0.23384,0.23429,0.23263,0.23278,30529765.0,1759287599999,7130551.90177,29963
DOGEUSDT,1759287600000,0.23277,0.23301,0.2307,0.23075,20623882.0,1759291199999,4784545.31282,31809
DOGEUSDT,1759291200000,0.23075,0.23357,0.23034,0.23254,25283475.0,1759294799999,5877369.40683,46621
DOGEUSDT,1759294800000,0.23255,0.23408,0.23255,0.23326,20916526.0,1759298399999,4884326.30077,31816
DOGEUSDT,1759298400000,0.23325,0.23371,0.23209,0.23227,21324097.0,1759301999999,4969747.45418,47555
DOGEUSDT,1759302000000,0.23227,0.2339,0.23214,0.23346,14968373.0,1759305599999,3492051.2924,29568
DOGEUSDT,1759305600000,0.23345,0.24228,0.2333,0.24227,167002113.0,1759309199999,39947714.289,139007
DOGEUSDT,1759309200000,0.24227,0.24484,0.24092,0.24395,183652012.0,1759312799999,44662907.84846,124701
DOGEUSDT,1759312800000,0.24395,0.24449,0.24133,0.24144,59766261.0,1759316399999,14491011.11872,64796
DOGEUSDT,1759316400000,0.24145,0.24301,0.24143,0.24281,34504661.0,1759319999999,8366302.81578,37054
DOGEUSDT,1759320000000,0.24282,0.24352,0.24198,0.24224,48040789.0,1759323599999,11657580.46938,49912
DOGEUSDT,1759323600000,0.24224,0.24502,0.24224,0.24345,77025730.0,1759327199999,18779912.5806,71388
DOGEUSDT,1759327200000,0.24344,0.24623,0.24304,0.24403,85765039.0,1759330799999,20981444.15141,85179
DOGEUSDT,1759330800000,0.24403,0.24534,0.2428,0.24533,56397259.0,1759334399999,13780224.50958,45826
DOGEUSDT,1759334400000,0.24534,0.24639,0.24434,0.24467,60278617.0,1759337999999,14789916.367,55438
DOGEUSDT,1759338000000,0.24466,0.24543,0.24325,0.24331,38576224.0,1759341599999,9418983.48501,43890
DOGEUSDT,1759341600000,0.24332,0.24693,0.24332,0.24632,39174330.0,1759345199999,9618972.94419,42314
DOGEUSDT,1759345200000,0.24632,0.2474,0.24599,0.2467,27287178.0,1759348799999,6734741.58938,34279
DOGEUSDT,1759348800000,0.24671,0.24712,0.2461,0.24641,21433574.0,1759352399999,5283875.67751,27927
DOGEUSDT,1759352400000,0.24642,0.24669,0.2448,0.24543,20917919.0,1759355999999,5140504.74828,22929
DOGEUSDT,1759356000000,0.24543,0.24697,0.24542,0.24581,19914952.0,1759359599999,4901463.99994,27130
DOGEUSDT,1759359600000,0.24582,0.24921,0.24567,0.24906,51299733.0,1759363199999,12697286.8821,41845
DOGEUSDT,1759363200000,0.24906,0.2511,0.247,0.24707,87550290.0,1759366799999,21823871.10594,86258
DOGEUSDT,1759366800000,0.24707,0.25307,0.2467,0.25271,56726943.0,1759370399999,14185061.24018,75434
DOGEUSDT,1759370400000,0.25271,0.25584,0.25104,0.25496,103753277.0,1759373999999,26291695.4076,118008
DOGEUSDT,1759374000000,0.25497,0.25566,0.25382,0.25386,43351223.0,1759377599999,11040710.17939,58600
DOGEUSDT,1759377600000,0.25385,0.25465,0.25228,0.25328,51982263.0,1759381199999,13158979.20077,46810
DOGEUSDT,1759381200000,0.25329,0.25468,0.25294,0.25375,35837076.0,1759384799999,9090114.87308,36681
DOGEUSDT,1759384800000,0.25375,0.25715,0.25316,0.257,79781151.0,1759388399999,20407065.22037,69825
DOGEUSDT,1759388400000,0.25699,0.25798,0.25525,0.25589,54452315.0,1759391999999,13977892.53817,59142
DOGEUSDT,1759392000000,0.2559,0.25769,0.2554,0.25764,33069178.0,1759395599999,8488511.92894,42707
DOGEUSDT,1759395600000,0.25763,0.2588,0.25693,0.2582,35547242.0,1759399199999,9167963.94294,47561
DOGEUSDT,1759399200000,0.2582,0.2597,0.25668,0.25786,49854464.0,1759402799999,12870838.92105,54864
DOGEUSDT,1759402800000,0.25786,0.25862,0.25557,0.25603,35966933.0,1759406399999,9259725.09195,51175
DOGEUSDT,1759406400000,0.25604,0.25687,0.25483,0.2568,59089667.0,1759409999999,15120949.96557,62353
DOGEUSDT,1759410000000,0.2568,0.25722,0.25261,0.25519,83474127.0,1759413599999,21239527.96071,111203
DOGEUSDT,1759413600000,0.25519,0.2555,0.25046,0.2516,85431515.0,1759417199999,21565259.4235,110708
DOGEUSDT,1759417200000,0.25161,0.2551,0.25079,0.25495,68144055.0,1759420799999,17239742.14007,96308
DOGEUSDT,1759420800000,0.25496,0.2578,0.25421,0.25589,84614220.0,1759424399999,21667706.91093,96832
DOGEUSDT,1759424400000,0.25588,0.25712,0.25482,0.25623,38196246.0,1759427999999,9773034.69854,52844
DOGEUSDT,1759428000000,0.25622,0.2595,0.25622,0.25883,58721220.0,1759431599999,15148328.8744,62480
DOGEUSDT,1759431600000,0.25882,0.2608,0.25839,0.25908,62356558.0,1759435199999,16192645.62337,69440
DOGEUSDT,1759435200000,0.25909,0.26082,0.25834,0.26073,36770734.0,1759438799999,9539542.27081,50197
DOGEUSDT,1759438800000,0.26074,0.26414,0.25975,0.26181,51383189.0,1759442399999,13454445.50204,63694
DOGEUSDT,1759442400000,0.2618,0.26226,0.25959,0.26032,49113975.0,1759445999999,12804982.63903,62698
DOGEUSDT,1759446000000,0.26032,0.26231,0.26032,0.262,41424932.0,1759449599999,10828477.63524,45591
DOGEUSDT,1759449600000,0.26201,0.26225,0.25917,0.26021,49134869.0,1759453199999,12803486.26543,70495
DOGEUSDT,1759453200000,0.26021,0.26175,0.25659,0.25679,87420049.0,1759456799999,22606054.07586,97719
DOGEUSDT,1759456800000,0.25678,0.25922,0.25664,0.25911,42950313.0,1759460399999,11080526.86311,57661
DOGEUSDT,1759460400000,0.2591,0.26155,0.25881,0.25926,52169155.0,1759463999999,13570323.5174,66222
DOGEUSDT,1759464000000,0.25925,0.26146,0.25898,0.26029,44630580.0,1759467599999,11611925.80297,50695
DOGEUSDT,1759467600000,0.26029,0.26042,0.25686,0.25739,40801924.0,1759471199999,10527788.35521,48403
DOGEUSDT,1759471200000,0.25739,0.25759,0.25447,0.2558,55804115.0,1759474799999,14293712.39534,60358
DOGEUSDT,1759474800000,0.25579,0.25612,0.25416,0.25538,51606119.0,1759478399999,13164916.45291,57527
DOGEUSDT,1759478400000,0.25539,0.25643,0.25361,0.25634,49549107.0,1759481999999,12634140.94951,54478
DOGEUSDT,1759482000000,0.25634,0.2572,0.25528,0.25682,33623596.0,1759485599999,8624619.29106,41504
DOGEUSDT,1759485600000,0.25682,0.25738,0.25649,0.25667,19804365.0,1759489199999,5085895.32255,27119
DOGEUSDT,1759489200000,0.25667,0.25672,0.25509,0.25574,22156154.0,1759492799999,5666927.17698,35351
DOGEUSDT,1759492800000,0.25575,0.25643,0.25485,0.25543,35025911.0,1759496399999,8952204.28488,52355
DOGEUSDT,1759496400000,0.25543,0.25793,0.25386,0.25593,51231729.0,1759499999999,13115942.48398,83623
DOGEUSDT,1759500000000,0.25593,0.25816,0.25274,0.25706,84544170.0,1759503599999,21552233.43943,109167
DOGEUSDT,1759503600000,0.25705,0.26107,0.25605,0.26066,97298946.0,1759507199999,25212975.74555,103562
DOGEUSDT,1759507200000,0.26065,0.26534,0.25959,0.25998,172182341.0,1759510799999,45194725.03386,147353
DOGEUSDT,1759510800000,0.25997,0.26059,0.25505,0.25634,195066215.0,1759514399999,50292764.26911,175378
DOGEUSDT,1759514400000,0.25635,0.26008,0.25517,0.2598,55141933.0,1759517999999,14222446.59849,81905
DOGEUSDT,1759518000000,0.2598,0.26123,0.25894,0.25926,40968055.0,1759521599999,10653550.07785,58619
DOGEUSDT,1759521600000,0.25926,0.26053,0.25801,0.26,23000101.0,1759525199999,5963343.22215,36079
DOGEUSDT,1759525200000,0.26001,0.26041,0.25796,0.25878,26635532.0,1759528799999,6902508.5995,23917
DOGEUSDT,1759528800000,0.25878,0.25983,0.25877,0.2591,27269480.0,1759532399999,7072529.88516,24842
DOGEUSDT,1759532400000,0.2591,0.25943,0.25807,0.25819,23536556.0,1759535999999,6089935.0999,24482
DOGEUSDT,1759536000000,0.25819,0.25979,0.25715,0.25746,55572839.0,1759539599999,14350642.69327,61558
DOGEUSDT,1759539600000,0.25746,0.25767,0.25469,0.25536,53738640.0,1759543199999,13748915.71526,56596
DOGEUSDT,1759543200000,0.25535,0.25591,0.25336,0.25402,62908450.0,1759546799999,15997313.05381,56746
DOGEUSDT,1759546800000,0.25402,0.25422,0.25149,0.25322,95154997.0,1759550399999,24028260.17083,58953
DOGEUSDT,1759550400000,0.25322,0.25388,0.25233,0.25308,29161498.0,1759553999999,7378519.60594,39770
DOGEUSDT,1759554000000,0.25308,0.25433,0.25282,0.25395,46146318.0,1759557599999,11706394.02402,37230
DOGEUSDT,1759557600000,0.25394,0.25557,0.25387,0.25556,32017684.0,1759561199999,8160890.10646,42590
DOGEUSDT,1759561200000,0.25556,0.25571,0.25354,0.25401,19949934.0,1759564799999,5083658.11074,27711
DOGEUSDT,1759564800000,0.254,0.2543,0.25214,0.25242,38801295.0,1759568399999,9826927.60124,40726
DOGEUSDT,1759568400000,0.25241,0.25342,0.25064,0.25085,42994666.0,1759571999999,10826368.41877,42435
DOGEUSDT,1759572000000,0.25085,0.25195,0.24915,0.24947,48350727.0,1759575599999,12099778.00788,45664
DOGEUSDT,1759575600000,0.24947,0.25016,0.24853,0.24952,54974452.0,1759579199999,13700008.50913,42161
DOGEUSDT,1759579200000,0.24952,0.25017,0.24872,0.24916,22867457.0,1759582799999,5706610.87326,31850
DOGEUSDT,1759582800000,0.24916,0.25177,0.24897,0.2512,48393174.0,1759586399999,12139264.51229,45375
DOGEUSDT,1759586400000,0.25119,0.25268,0.2492,0.24923,31599655.0,1759589999999,7934970.80187,46333
DOGEUSDT,1759590000000,0.24923,0.25005,0.24727,0.24773,64853045.0,1759593599999,16103010.44312,84447
DOGEUSDT,1759593600000,0.24774,0.24887,0.2467,0.2485,43245827.0,1759597199999,10718689.37156,52675
DOGEUSDT,1759597200000,0.24849,0.24956,0.24815,0.24902,18141994.0,1759600799999,4515392.93472,28049
DOGEUSDT,1759600800000,0.24902,0.24933,0.2482,0.24847,13327238.0,1759604399999,3314368.40457,21822
DOGEUSDT,1759604400000,0.24847,0.24949,0.24847,0.24945,8983981.0,1759607999999,2238451.76686,14949
DOGEUSDT,1759608000000,0.24946,0.25048,0.24935,0.24938,18158736.0,1759611599999,4536530.19079,21364
DOGEUSDT,1759611600000,0.24938,0.25042,0.24929,0.25009,10287856.0,1759615199999,2571291.11837,13554
DOGEUSDT,1759615200000,0.25009,0.25099,0.24951,0.25027,14346355.0,1759618799999,3591877.3509,23134
DOGEUSDT,1759618800000,0.25026,0.25126,0.25013,0.25084,11547391.0,1759622399999,2894612.74024,20362
DOGEUSDT,1759622400000,0.25085,0.2516,0.24953,0.24969,22347052.0,1759625999999,5601394.56355,29268
DOGEUSDT,1759626000000,0.24969,0.25191,0.24961,0.25183,24654709.0,1759629599999,6190071.75152,29455
DOGEUSDT,1759629600000,0.25184,0.25698,0.25133,0.25668,101801805.0,1759633199999,25864428.15101,100780
DOGEUSDT,1759633200000,0.25668,0.25966,0.25522,0.25833,110895827.0,1759636799999,28590261.74153,116281
DOGEUSDT,1759636800000,0.25833,0.26398,0.25696,0.2625,131495350.0,1759640399999,34341640.08562,133666
DOGEUSDT,1759640400000,0.2625,0.26364,0.26073,0.26155,70489614.0,1759643999999,18462883.12002,83883
DOGEUSDT,1759644000000,0.26156,0.26187,0.26035,0.26067,50901352.0,1759647599999,13294452.75083,49186
DOGEUSDT,1759647600000,0.26066,0.26422,0.26062,0.26399,81895868.0,1759651199999,21508617.04232,67730
DOGEUSDT,1759651200000,0.26398,0.26471,0.26277,0.26382,64084662.0,1759654799999,16906486.00216,58664
DOGEUSDT,1759654800000,0.26381,0.26518,0.26056,0.26104,136820683.0,1759658399999,35956248.14061,115416
DOGEUSDT,1759658400000,0.26103,0.26124,0.25744,0.25907,112521749.0,1759661999999,29133505.1479,103358
DOGEUSDT,1759662000000,0.25906,0.2597,0.2575,0.25873,56409714.0,1759665599999,14593531.54922,57755
DOGEUSDT,1759665600000,0.25873,0.25877,0.25612,0.25659,39218961.0,1759669199999,10087754.20237,61489
DOGEUSDT,1759669200000,0.25658,0.25755,0.25529,0.25702,55213219.0,1759672799999,14163951.92957,60105
DOGEUSDT,1759672800000,0.25701,0.25805,0.25449,0.25547,54041982.0,1759676399999,13833651.1574,65365
DOGEUSDT,1759676400000,0.25547,0.25697,0.25529,0.25636,33619833.0,1759679999999,8613100.05213,40985
DOGEUSDT,1759680000000,0.25635,0.25721,0.25392,0.25709,51168326.0,1759683599999,13078520.6025,58675
DOGEUSDT,1759683600000,0.2571,0.25793,0.25422,0.25485,77647814.0,1759687199999,19901462.84433,51852
DOGEUSDT,1759687200000,0.25485,0.25565,0.25363,0.25506,24116669.0,1759690799999,6138010.59729,37810
DOGEUSDT,1759690800000,0.25507,0.2551,0.25071,0.25146,67380875.0,1759694399999,17014265.74638,61078
DOGEUSDT,1759694400000,0.25146,0.25303,0.25078,0.25223,27612480.0,1759697999999,6959742.59842,39214
DOGEUSDT,1759698000000,0.25222,0.253,0.25143,0.25275,20918448.0,1759701599999,5275312.95544,25450
DOGEUSDT,1759701600000,0.25275,0.25352,0.25137,0.2531,21583214.0,1759705199999,5450460.23755,30128
DOGEUSDT,1759705200000,0.25309,0.25391,0.2527,0.25284,17315186.0,1759708799999,4383632.09325,24359
DOGEUSDT,1759708800000,0.25283,0.25533,0.25104,0.25182,63778990.0,1759712399999,16134337.60249,85146
DOGEUSDT,1759712400000,0.25183,0.25508,0.25057,0.25401,52578392.0,1759715999999,13331321.68212,74888
DOGEUSDT,1759716000000,0.254,0.25506,0.25151,0.25415,36268177.0,1759719599999,9184496.57642,62745
DOGEUSDT,1759719600000,0.25414,0.25469,0.25347,0.25389,18446743.0,1759723199999,4688731.26619,37942
DOGEUSDT,1759723200000,0.25389,0.25425,0.25242,0.25268,18848022.0,1759726799999,4772547.3697,34915
DOGEUSDT,1759726800000,0.25269,0.25384,0.25214,0.25366,19609284.0,1759730399999,4959459.24874,37502
DOGEUSDT,1759730400000,0.25367,0.25843,0.25361,0.25727,61314627.0,1759733999999,15721263.95648,75159
DOGEUSDT,1759734000000,0.25727,0.25805,0.25406,0.25507,40453976.0,1759737599999,10358217.80246,62429
DOGEUSDT,1759737600000,0.25508,0.25799,0.25508,0.25746,45608756.0,1759741199999,11719320.86902,47870
DOGEUSDT,1759741200000,0.25747,0.25916,0.25735,0.25838,43650891.0,1759744799999,11277398.23483,55069
DOGEUSDT,1759744800000,0.25837,0.2593,0.25731,0.25909,40445011.0,1759748399999,10448002.40549,49986
DOGEUSDT,1759748400000,0.25909,0.26191,0.25806,0.25989,71227449.0,1759751999999,18514982.2347,73902
DOGEUSDT,1759752000000,0.25989,0.26151,0.25985,0.26041,49913759.0,1759755599999,13007984.81337,64650
DOGEUSDT,1759755600000,0.2604,0.26257,0.25928,0.26213,91660324.0,1759759199999,23918140.02201,116060
DOGEUSDT,1759759200000,0.26213,0.26522,0.26099,0.26215,152370981.0,1759762799999,40096105.05205,134591
DOGEUSDT,1759762800000,0.26215,0.26837,0.26212,0.26688,174747026.0,1759766399999,46567694.12303,135263
DOGEUSDT,1759766400000,0.26688,0.26816,0.26333,0.2653,109092405.0,1759769999999,28950461.48589,94678
DOGEUSDT,1759770000000,0.2653,0.27024,0.26471,0.26741,125929103.0,1759773599999,33705371.66827,114211
DOGEUSDT,1759773600000,0.2674,0.27044,0.26689,0.2694,62314166.0,1759777199999,16766463.87768,63821
DOGEUSDT,1759777200000,0.26941,0.26965,0.26716,0.26842,57258209.0,1759780799999,15363109.4839,62627
DOGEUSDT,1759780800000,0.26843,0.26941,0.26722,0.26785,44104606.0,1759784399999,11831092.70199,40068
DOGEUSDT,1759784400000,0.26784,0.26903,0.26549,0.26903,52736967.0,1759787999999,14095377.4018,43827
DOGEUSDT,1759788000000,0.26904,0.26978,0.26791,0.26888,38386951.0,1759791599999,10316618.73539,41507
DOGEUSDT,1759791600000,0.26889,0.26953,0.26588,0.26603,46765436.0,1759795199999,12493037.01303,41999
DOGEUSDT,1759795200000,0.26604,0.26715,0.26416,0.26584,61902257.0,1759798799999,16425357.06062,58383
DOGEUSDT,1759798800000,0.26583,0.26752,0.26417,0.26513,43259556.0,1759802399999,11485247.14222,63739
DOGEUSDT,1759802400000,0.26514,0.26796,0.26482,0.26717,48785006.0,1759805999999,13002708.33251,59527
DOGEUSDT,1759806000000,0.26717,0.26819,0.26579,0.26655,28857866.0,1759809599999,7703518.59886,48108
DOGEUSDT,1759809600000,0.26656,0.26831,0.26453,0.26723,43094869.0,1759813199999,11477341.37176,53451
DOGEUSDT,1759813200000,0.26723,0.26743,0.26544,0.26585,35095667.0,1759816799999,9356643.43915,53739
DOGEUSDT,1759816800000,0.26585,0.26613,0.26043,0.26051,98075239.0,1759820399999,25765479.95134,99554
DOGEUSDT,1759820400000,0.26051,0.2615,0.25944,0.26033,61311602.0,1759823999999,15963524.80571,65846
DOGEUSDT,1759824000000,0.26033,0.26037,0.25747,0.2596,81492830.0,1759827599999,21083866.43069,79254
DOGEUSDT,1759827600000,0.25959,0.26082,0.2593,0.26046,53584660.0,1759831199999,13942105.37867,58083
DOGEUSDT,1759831200000,0.26045,0.26167,0.25973,0.2615,58243138.0,1759834799999,15204312.07573,53128
DOGEUSDT,1759834800000,0.26151,0.26221,0.2606,0.26169,45362000.0,1759838399999,11851199.2823,51756
DOGEUSDT,1759838400000,0.26168,0.26472,0.26089,0.26435,58611443.0,1759841999999,15380140.42036,70749
DOGEUSDT,1759842000000,0.26434,0.26548,0.25865,0.26103,126367962.0,1759845599999,33118472.69141,139382
DOGEUSDT,1759845600000,0.26103,0.26135,0.25438,0.25479,173640060.0,1759849199999,44605424.39272,161853
DOGEUSDT,1759849200000,0.25479,0.25567,0.25026,0.2515,244548977.0,1759852799999,61744702.97462,176579
DOGEUSDT,1759852800000,0.2515,0.2538,0.24831,0.25248,176772303.0,1759856399999,44314725.50495,129241
DOGEUSDT,1759856400000,0.25247,0.25307,0.25036,0.25039,51352826.0,1759859999999,12923711.93995,68404
DOGEUSDT,1759860000000,0.25039,0.25122,0.24791,0.24848,74453607.0,1759863599999,18566858.83001,66184
DOGEUSDT,1759863600000,0.24847,0.25047,0.2482,0.24928,83571412.0,1759867199999,20849623.44485,59386
DOGEUSDT,1759867200000,0.24929,0.25214,0.24913,0.25135,41142965.0,1759870799999,10334331.27708,40787
DOGEUSDT,1759870800000,0.25136,0.25196,0.2489,0.2497,35877537.0,1759874399999,8992457.92005,33201
DOGEUSDT,1759874400000,0.24971,0.25061,0.24879,0.24981,36093629.0,1759877999999,9014147.84515,37225
DOGEUSDT,1759878000000,0.24981,0.24988,0.24622,0.24682,76910351.0,1759881599999,19052217.17582,64779
DOGEUSDT,1759881600000,0.24681,0.24967,0.24669,0.24874,65622361.0,1759885199999,16275664.83535,66755
DOGEUSDT,1759885200000,0.24873,0.25022,0.24831,0.24977,32374592.0,1759888799999,8070309.41882,46241
DOGEUSDT,1759888800000,0.24977,0.25061,0.24885,0.24886,30532099.0,1759892399999,7622540.37504,42886
DOGEUSDT,1759892400000,0.24886,0.24886,0.24384,0.24473,101265767.0,1759895999999,24874564.66276,94559
DOGEUSDT,1759896000000,0.24474,0.24706,0.24291,0.24692,70123942.0,1759899599999,17196274.98828,69367
DOGEUSDT,1759899600000,0.24692,0.24695,0.24416,0.24538,31369741.0,1759903199999,7700031.24699,44007
DOGEUSDT,1759903200000,0.24538,0.24633,0.24407,0.24616,40922415.0,1759906799999,10043346.03608,42181
DOGEUSDT,1759906800000,0.24616,0.2471,0.24539,0.24663,36910700.0,1759910399999,9085338.75881,40855
DOGEUSDT,1759910400000,0.24664,0.24949,0.24659,0.24836,60242230.0,1759913999999,14948522.59596,51430
DOGEUSDT,1759914000000,0.24835,0.24908,0.24742,0.24846,28309854.0,1759917599999,7023534.84895,33772
DOGEUSDT,1759917600000,0.24845,0.25039,0.24809,0.2501,34557895.0,1759921199999,8618749.00236,37554
DOGEUSDT,1759921200000,0.2501,0.25065,0.2487,0.24929,30747989.0,1759924799999,7677364.02942,30729
DOGEUSDT,1759924800000,0.2493,0.2526,0.24885,0.25231,56810006.0,1759928399999,14246854.23038,64019
DOGEUSDT,1759928400000,0.2523,0.2535,0.24914,0.25289,73251759.0,1759931999999,18425296.09246,92220
DOGEUSDT,1759932000000,0.25288,0.25678,0.25147,0.25223,123269440.0,1759935599999,31368577.60389,140362
DOGEUSDT,1759935600000,0.25222,0.25543,0.25197,0.25323,51686027.0,1759939199999,13127176.68504,69281
DOGEUSDT,1759939200000,0.25323,0.25673,0.25265,0.25666,64730362.0,1759942799999,16483038.66708,65059
DOGEUSDT,1759942800000,0.25665,0.2611,0.25663,0.26035,108541036.0,1759946399999,28157076.36606,117251
DOGEUSDT,1759946400000,0.26035,0.26082,0.258,0.25856,72843471.0,1759949999999,18881738.69926,74668
DOGEUSDT,1759950000000,0.25855,0.25955,0.25722,0.25929,43298659.0,1759953599999,11185921.2102,47230
DOGEUSDT,1759953600000,0.25929,0.25994,0.25655,0.25684,36669916.0,1759957199999,9470721.1415,37004
DOGEUSDT,1759957200000,0.25684,0.25839,0.25679,0.25771,19566977.0,1759960799999,5040988.8691,18488
DOGEUSDT,1759960800000,0.25771,0.25862,0.25665,0.25666,27472722.0,1759964399999,7082511.49166,22552
DOGEUSDT,1759964400000,0.25666,0.25673,0.25486,0.25564,35503552.0,1759967999999,9081937.31541,30101
DOGEUSDT,1759968000000,0.25565,0.25593,0.25326,0.25386,37466562.0,1759971599999,9526487.31293,41535
DOGEUSDT,1759971600000,0.25385,0.25398,0.25104,0.25267,61909910.0,1759975199999,15629896.89607,55761
DOGEUSDT,1759975200000,0.25266,0.25279,0.2466,0.24729,89459973.0,1759978799999,22274618.20749,86175
DOGEUSDT,1759978800000,0.24728,0.2494,0.24728,0.24914,52854299.0,1759982399999,13142140.24183,47472
DOGEUSDT,1759982400000,0.24913,0.25064,0.24843,0.25063,54814415.0,1759985999999,13685989.6906,44528
DOGEUSDT,1759986000000,0.25063,0.25096,0.24908,0.24979,36917617.0,1759989599999,9230345.5821,39678
DOGEUSDT,1759989600000,0.24978,0.24981,0.24754,0.24776,38695677.0,1759993199999,9626809.83968,42673
DOGEUSDT,1759993200000,0.24775,0.24862,0.24649,0.24731,41893823.0,1759996799999,10368250.30813,41641
DOGEUSDT,1759996800000,0.24732,0.24766,0.24305,0.24322,136427631.0,1760000399999,33381054.90067,108425
DOGEUSDT,1760000400000,0.24322,0.2453,0.24315,0.24487,62884711.0,1760003999999,15373965.00435,54590
DOGEUSDT,1760004000000,0.24488,0.24621,0.24399,0.24581,114958168.0,1760007599999,28187256.87763,47422
DOGEUSDT,1760007600000,0.2458,0.24806,0.2458,0.24756,49166521.0,1760011199999,12142889.48809,44605
DOGEUSDT,1760011200000,0.24756,0.25071,0.24735,0.2496,76989214.0,1760014799999,19191510.72933,77238
DOGEUSDT,1760014800000,0.24959,0.24998,0.24505,0.24545,85654646.0,1760018399999,21177507.78779,96481
DOGEUSDT,1760018400000,0.24545,0.24736,0.24228,0.24482,127742815.0,1760021999999,31218907.60521,126198
DOGEUSDT,1760022000000,0.24483,0.24624,0.24311,0.24475,43988507.0,1760025599999,10762172.92433,76160
DOGEUSDT,1760025600000,0.24475,0.24534,0.24099,0.24191,66846711.0,1760029199999,16276020.55025,79878
DOGEUSDT,1760029200000,0.2419,0.24662,0.24153,0.24622,69497660.0,1760032799999,16965665.33155,88800
DOGEUSDT,1760032800000,0.24621,0.24674,0.24493,0.245,34819067.0,1760036399999,8554791.53575,47945
DOGEUSDT,1760036400000,0.24501,0.24717,0.24492,0.24655,28401783.0,1760039999999,6995002.62787,36493
DOGEUSDT,1760040000000,0.24655,0.24755,0.24586,0.24752,29219904.0,1760043599999,7215718.23491,40737
DOGEUSDT,1760043600000,0.24752,0.24892,0.24698,0.24882,28482687.0,1760047199999,7064601.47988,30444
DOGEUSDT,1760047200000,0.24883,0.25037,0.24843,0.24937,28338990.0,1760050799999,7070816.02472,32248
DOGEUSDT,1760050800000,0.24937,0.24941,0.24795,0.24849,17971122.0,1760054399999,4466639.64274,23122
DOGEUSDT,1760054400000,0.2485,0.24992,0.24779,0.24897,34546166.0,1760057999999,8594681.2241,39813
DOGEUSDT,1760058000000,0.24897,0.25007,0.2482,0.24869,25398465.0,1760061599999,6328684.52656,39162
DOGEUSDT,1760061600000,0.24869,0.25002,0.24736,0.24858,38838112.0,1760065199999,9658358.67524,41290
DOGEUSDT,1760065200000,0.24859,0.25347,0.24717,0.25128,97414017.0,1760068799999,24481066.68408,98503
DOGEUSDT,1760068800000,0.25128,0.25296,0.25035,0.25115,53578599.0,1760072399999,13469399.8384,60909
DOGEUSDT,1760072400000,0.25115,0.25244,0.24856,0.25198,70116274.0,1760075999999,17531656.31473,65298
DOGEUSDT,1760076000000,0.25199,0.25283,0.24901,0.24961,40083530.0,1760079599999,10059782.59809,61019
DOGEUSDT,1760079600000,0.2496,0.24972,0.24683,0.24731,55153239.0,1760083199999,13675419.88433,66347
DOGEUSDT,1760083200000,0.24732,0.24936,0.24666,0.24914,35225866.0,1760086799999,8744028.56422,52479
DOGEUSDT,1760086800000,0.24915,0.2507,0.24794,0.24866,32139964.0,1760090399999,8012430.93422,44745
DOGEUSDT,1760090400000,0.24865,0.25118,0.2484,0.25064,36084073.0,1760093999999,9023199.65077,46654
DOGEUSDT,1760094000000,0.25064,0.25114,0.24964,0.25075,24928627.0,1760097599999,6241818.10826,39931
DOGEUSDT,1760097600000,0.25076,0.25146,0.24958,0.25084,25595183.0,1760101199999,6408627.93447,38729
DOGEUSDT,1760101200000,0.25085,0.25403,0.25061,0.25185,87507161.0,1760104799999,22061865.1368,103348
DOGEUSDT,1760104800000,0.25185,0.25304,0.2466,0.24702,102904940.0,1760108399999,25679938.09023,97399
DOGEUSDT,1760108400000,0.24702,0.24734,0.23602,0.23788,429181454.0,1760111999999,103219429.593,323064
DOGEUSDT,1760112000000,0.23787,0.23968,0.23632,0.23654,160999398.0,1760115599999,38280129.40631,131384
DOGEUSDT,1760115600000,0.23653,0.23714,0.23407,0.23492,101989153.0,1760119199999,24039763.0739,104962
DOGEUSDT,1760119200000,0.23493,0.23597,0.23351,0.23406,73089294.0,1760122799999,17145706.32074,80493
DOGEUSDT,1760122800000,0.23405,0.23468,0.23014,0.23183,172570109.0,1760126399999,40059859.31834,142979
DOGEUSDT,1760126400000,0.23183,0.23455,0.21607,0.21904,406770749.0,1760129999999,92080155.09787,197167
DOGEUSDT,1760130000000,0.21904,0.22132,0.095,0.18614,1826014741.0,1760133599999,317163063.2568,2126193
DOGEUSDT,1760133600000,0.18615,0.19509,0.16923,0.19412,1267238858.0,1760137199999,235235422.46128,707112
DOGEUSDT,1760137200000,0.19413,0.2,0.18495,0.19349,833183025.0,1760140799999,161944840.78612,467577
DOGEUSDT,1760140800000,0.19348,0.1985,0.1889,0.19537,544101248.0,1760144399999,105574949.75033,350048
DOGEUSDT,1760144400000,0.19537,0.19567,0.18627,0.18926,351982258.0,1760147999999,67107266.07768,259900
DOGEUSDT,1760148000000,0.18927,0.20048,0.189,0.1989,300226375.0,1760151599999,59044054.8356,206175
DOGEUSDT,1760151600000,0.19889,0.19987,0.1904,0.19328,300005840.0,1760155199999,58102851.44339,224699
DOGEUSDT,1760155200000,0.19328,0.1971,0.19296,0.19666,198051431.0,1760158799999,38541349.61464,168577
DOGEUSDT,1760158800000,0.19666,0.19674,0.18994,0.19139,316264098.0,1760162399999,60788463.20798,168070
DOGEUSDT,1760162400000,0.19138,0.197,0.19095,0.1921,304876946.0,1760165999999,59259202.08569,183406
DOGEUSDT,1760166000000,0.1921,0.19355,0.1881,0.1912,420381898.0,1760169599999,80399735.0095,195122
DOGEUSDT,1760169600000,0.1912,0.19605,0.1904,0.19535,208742979.0,1760173199999,40493429.81416,143187
DOGEUSDT,1760173200000,0.19534,0.19776,0.19381,0.19409,186143541.0,1760176799999,36418560.94008,153853
DOGEUSDT,1760176800000,0.19409,0.19664,0.1927,0.19388,136224621.0,1760180399999,26499386.18531,139986
DOGEUSDT,1760180400000,0.19388,0.19448,0.19124,0.19392,131382701.0,1760183999999,25339979.42915,138588
DOGEUSDT,1760184000000,0.19392,0.19446,0.18961,0.1911,148869666.0,1760187599999,28568139.75641,160103
DOGEUSDT,1760187600000,0.1911,0.192,0.18584,0.19096,219254745.0,1760191199999,41574102.47989,206669
DOGEUSDT,1760191200000,0.19097,0.1916,0.18895,0.19066,121898661.0,1760194799999,23181703.25357,130999
DOGEUSDT,1760194800000,0.19066,0.19316,0.19057,0.19204,108973282.0,1760198399999,20939782.46034,119561
DOGEUSDT,1760198400000,0.19203,0.19419,0.19141,0.19261,82291571.0,1760201999999,15849966.48703,99767
DOGEUSDT,1760202000000,0.1926,0.19373,0.19203,0.19359,70253160.0,1760205599999,13553832.2549,69972
DOGEUSDT,1760205600000,0.19359,0.19359,0.19206,0.19213,33860035.0,1760209199999,6528316.3242,45429
DOGEUSDT,1760209200000,0.19212,0.19212,0.18286,0.18444,229028066.0,1760212799999,42713391.19851,179075
DOGEUSDT,1760212800000,0.18443,0.18506,0.18034,0.18167,208811452.0,1760216399999,38119148.66975,179512
DOGEUSDT,1760216400000,0.18168,0.18486,0.17816,0.18435,206226926.0,1760219999999,37443370.06984,123067
DOGEUSDT,1760220000000,0.18435,0.18622,0.18376,0.18503,87353147.0,1760223599999,16142148.3387,87381
DOGEUSDT,1760223600000,0.18503,0.18579,0.1843,0.18527,45574432.0,1760227199999,8435375.67509,60941
DOGEUSDT,1760227200000,0.18527,0.18605,0.18189,0.1824,95847754.0,1760230799999,17621000.89722,100805
DOGEUSDT,1760230800000,0.18239,0.185,0.1815,0.18182,74285138.0,1760234399999,13613519.63225,119808
DOGEUSDT,1760234400000,0.18183,0.18464,0.18072,0.18213,83266446.0,1760237999999,15179914.52748,116233
DOGEUSDT,1760238000000,0.18212,0.18675,0.18171,0.18523,88745204.0,1760241599999,16409463.25275,121554
DOGEUSDT,1760241600000,0.18523,0.18894,0.1848,0.18798,103008390.0,1760245199999,19338470.6519,103714
DOGEUSDT,1760245200000,0.18799,0.18945,0.18715,0.18862,44484022.0,1760248799999,8382885.08731,62256
DOGEUSDT,1760248800000,0.18862,0.19118,0.18825,0.19081,57819397.0,1760252399999,10988044.36173,62153
DOGEUSDT,1760252400000,0.19081,0.19101,0.18895,0.18984,58209245.0,1760255999999,11060268.87203,48272
DOGEUSDT,1760256000000,0.18983,0.19075,0.18876,0.18876,51331270.0,1760259599999,9747748.17295,51926
DOGEUSDT,1760259600000,0.18875,0.18982,0.18695,0.18959,71460832.0,1760263199999,13460552.44,66694
DOGEUSDT,1760263200000,0.18959,0.19054,0.18862,0.18885,54116354.0,1760266799999,10251433.22259,54463
DOGEUSDT,1760266800000,0.18886,0.19002,0.18846,0.18876,33206982.0,1760270399999,6280613.6517,46642
DOGEUSDT,1760270400000,0.18876,0.19067,0.18857,0.18984,58263218.0,1760273999999,11059998.15758,59615
DOGEUSDT,1760274000000,0.18984,0.19055,0.18624,0.18692,79512666.0,1760277599999,14944430.72313,72158
DOGEUSDT,1760277600000,0.18692,0.19986,0.18682,0.19615,369736889.0,1760281199999,71897317.3599,184083
DOGEUSDT,1760281200000,0.19614,0.20676,0.19562,0.20514,531884456.0,1760284799999,107464031.21786,298794
DOGEUSDT,1760284800000,0.20514,0.2095,0.20397,0.20666,432741160.0,1760288399999,89539480.76662,259719
DOGEUSDT,1760288400000,0.20665,0.20827,0.20526,0.20679,146828129.0,1760291999999,30363806.38355,112081
DOGEUSDT,1760292000000,0.20679,0.2092,0.20611,0.20759,105003474.0,1760295599999,21814734.25499,80281
DOGEUSDT,1760295600000,0.20759,0.21053,0.20753,0.21019,92735352.0,1760299199999,19410740.50464,67308
DOGEUSDT,1760299200000,0.2102,0.21421,0.20926,0.21083,234711768.0,1760302799999,49701536.22463,138528
DOGEUSDT,1760302800000,0.21084,0.21145,0.20445,0.20681,240448173.0,1760306399999,50101035.57117,106617
DOGEUSDT,1760306400000,0.20682,0.20871,0.20617,0.20752,108146114.0,1760309999999,22436705.54537,106905
DOGEUSDT,1760310000000,0.20752,0.20809,0.20577,0.20717,74697726.0,1760313599999,15452952.63069,74555
DOGEUSDT,1760313600000,0.20717,0.20882,0.20465,0.20652,150069649.0,1760317199999,30947978.16639,133044
DOGEUSDT,1760317200000,0.20651,0.20943,0.20548,0.20932,81400272.0,1760320799999,16877719.55782,96220
DOGEUSDT,1760320800000,0.20933,0.20999,0.20642,0.20885,66655258.0,1760324399999,13869370.60653,82614
DOGEUSDT,1760324400000,0.20886,0.2097,0.20666,0.20723,50486380.0,1760327999999,10509181.6979,76157
DOGEUSDT,1760328000000,0.20724,0.2099,0.20658,0.2095,67965350.0,1760331599999,14154373.05545,76479
DOGEUSDT,1760331600000,0.20949,0.20982,0.20726,0.2078,54139820.0,1760335199999,11273447.76611,79391
DOGEUSDT,1760335200000,0.2078,0.21138,0.20634,0.21034,95605054.0,1760338799999,20013949.83975,98035
DOGEUSDT,1760338800000,0.21035,0.21279,0.20902,0.20991,161138076.0,1760342399999,34023273.73154,114178
DOGEUSDT,1760342400000,0.20991,0.21277,0.20932,0.21231,75091803.0,1760345999999,15859649.02232,70372
DOGEUSDT,1760346000000,0.2123,0.21262,0.21004,0.21146,69320177.0,1760349599999,14641701.81857,61315
DOGEUSDT,1760349600000,0.21146,0.21154,0.2088,0.20992,78663519.0,1760353199999,16501557.31238,66444
DOGEUSDT,1760353200000,0.20991,0.21013,0.20188,0.20574,266105838.0,1760356799999,54785885.20539,195512
DOGEUSDT,1760356800000,0.20574,0.20785,0.20422,0.20572,123249463.0,1760360399999,25410309.34381,121250
DOGEUSDT,1760360400000,0.20572,0.21313,0.20543,0.21124,349195072.0,1760363999999,73191023.3746,225419
DOGEUSDT,1760364000000,0.21124,0.21192,0.20517,0.20609,189278160.0,1760367599999,39341928.89002,147586
DOGEUSDT,1760367600000,0.20609,0.21137,0.20585,0.21017,126410676.0,1760371199999,26437625.56411,91998
DOGEUSDT,1760371200000,0.21017,0.21172,0.20837,0.21079,97139419.0,1760374799999,20429689.70569,92630
DOGEUSDT,1760374800000,0.2108,0.21442,0.21016,0.21409,148663544.0,1760378399999,31530983.0175,104325
DOGEUSDT,1760378400000,0.21408,0.21606,0.21234,0.21418,159703236.0,1760381999999,34192756.34475,114305
DOGEUSDT,1760382000000,0.21418,0.21714,0.21341,0.216,73249190.0,1760385599999,15796948.22661,83599
DOGEUSDT,1760385600000,0.216,0.21823,0.21593,0.21812,46954858.0,1760389199999,10184857.43289,56421
DOGEUSDT,1760389200000,0.21811,0.2183,0.21529,0.21545,33301869.0,1760392799999,7226239.89625,33606
DOGEUSDT,1760392800000,0.21544,0.21603,0.21458,0.21536,44578264.0,1760396399999,9600734.12971,36296
DOGEUSDT,1760396400000,0.21536,0.21539,0.21353,0.2138,37498020.0,1760399999999,8039546.43782,33131
DOGEUSDT,1760400000000,0.2138,0.21565,0.21316,0.21427,44706218.0,1760403599999,9584598.16923,62600
DOGEUSDT,1760403600000,0.21426,0.21438,0.21128,0.2117,67454655.0,1760407199999,14342883.09131,63714
DOGEUSDT,1760407200000,0.2117,0.21189,0.20857,0.20887,92928882.0,1760410799999,19521483.75027,84395
DOGEUSDT,1760410800000,0.20887,0.20905,0.2066,0.20781,107777810.0,1760414399999,22391602.80418,103167
DOGEUSDT,1760414400000,0.2078,0.20834,0.20402,0.20492,112922971.0,1760417999999,23291058.86254,112842
DOGEUSDT,1760418000000,0.20492,0.20678,0.20167,0.20339,192961900.0,1760421599999,39250669.78374,155423
DOGEUSDT,1760421600000,0.20338,0.20439,0.19486,0.19878,354006038.0,1760425199999,70629329.43981,264184
DOGEUSDT,1760425200000,0.19878,0.19998,0.19675,0.19786,204805073.0,1760428799999,40569878.84907,184005
DOGEUSDT,1760428800000,0.19787,0.20153,0.19661,0.19974,106512480.0,1760432399999,21170870.57147,141207
DOGEUSDT,1760432400000,0.19973,0.20113,0.1988,0.19958,78233825.0,1760435999999,15653338.17763,94894
DOGEUSDT,1760436000000,0.19958,0.19959,0.19436,0.19749,159308254.0,1760439599999,31311319.36579,186677
DOGEUSDT,1760439600000,0.1975,0.20041,0.19731,0.19905,89200777.0,1760443199999,17750825.12711,105186
DOGEUSDT,1760443200000,0.19906,0.19916,0.1957,0.19613,95622424.0,1760446799999,18853023.74409,114736
DOGEUSDT,1760446800000,0.19613,0.19916,0.1933,0.19802,178465752.0,1760450399999,35070800.22068,215282
DOGEUSDT,1760450400000,0.19802,0.20175,0.19749,0.19895,144063808.0,1760453999999,28790303.5847,182823
DOGEUSDT,1760454000000,0.19895,0.20388,0.19781,0.2035,117516080.0,1760457599999,23616920.16791,149382
DOGEUSDT,1760457600000,0.2035,0.2071,0.20204,0.20293,177519321.0,1760461199999,36264251.11307,191839
DOGEUSDT,1760461200000,0.20294,0.20491,0.19991,0.20337,117422273.0,1760464799999,23813463.39012,130432
DOGEUSDT,1760464800000,0.20337,0.20527,0.203,0.20382,46439689.0,1760468399999,9477346.76667,74907
DOGEUSDT,1760468400000,0.20382,0.20574,0.20036,0.20309,162624253.0,1760471999999,33102614.08744,146004
DOGEUSDT,1760472000000,0.20309,0.2044,0.20198,0.20398,62332340.0,1760475599999,12679675.72221,63820
DOGEUSDT,1760475600000,0.20398,0.20423,0.20215,0.20358,27374572.0,1760479199999,5565097.68597,31918
DOGEUSDT,1760479200000,0.20359,0.20516,0.20306,0.2038,21320491.0,1760482799999,4351161.60363,37237
DOGEUSDT,1760482800000,0.20379,0.20518,0.20371,0.20437,20055861.0,1760486399999,4105418.46992,26272
DOGEUSDT,1760486400000,0.20436,0.2049,0.20262,0.20454,43491111.0,1760489999999,8859364.62154,55012
DOGEUSDT,1760490000000,0.20454,0.20471,0.20242,0.20409,42574668.0,1760493599999,8662131.08627,47771
DOGEUSDT,1760493600000,0.20409,0.20682,0.2039,0.20491,50554979.0,1760497199999,10385656.7523,62191
DOGEUSDT,1760497200000,0.20491,0.20518,0.2015,0.2025,56862728.0,1760500799999,11549470.20816,62342
DOGEUSDT,1760500800000,0.20251,0.20441,0.20168,0.20407,28036556.0,1760504399999,5693109.66911,42996
DOGEUSDT,1760504400000,0.20408,0.20491,0.20284,0.20404,29506859.0,1760507999999,6018808.02813,45957
DOGEUSDT,1760508000000,0.20403,0.20486,0.2018,0.20452,42507417.0,1760511599999,8641864.85973,65204
DOGEUSDT,1760511600000,0.20452,0.20509,0.20342,0.20471,25278111.0,1760515199999,5160892.9544,38635
DOGEUSDT,1760515200000,0.2047,0.20853,0.20447,0.20602,79547721.0,1760518799999,16438807.21301,101320
DOGEUSDT,1760518800000,0.20601,0.20601,0.20322,0.20391,53565858.0,1760522399999,10949048.47834,66469
DOGEUSDT,1760522400000,0.20391,0.2044,0.20237,0.20282,45073088.0,1760525999999,9157471.44053,52710
DOGEUSDT,1760526000000,0.20281,0.20356,0.20069,0.2022,60247789.0,1760529599999,12176902.99421,65315
DOGEUSDT,1760529600000,0.20219,0.20284,0.20048,0.20179,59834732.0,1760533199999,12062426.72581,70092
DOGEUSDT,1760533200000,0.20179,0.20233,0.197,0.20075,146292068.0,1760536799999,29237937.33331,159233
DOGEUSDT,1760536800000,0.20075,0.20328,0.19855,0.2,99984937.0,1760540399999,20155189.5895,139565
DOGEUSDT,1760540400000,0.2,0.20099,0.19753,0.19867,109828765.0,1760543999999,21858873.41012,158750
DOGEUSDT,1760544000000,0.19868,0.20021,0.19822,0.19891,48047026.0,1760547599999,9567015.18822,85942
DOGEUSDT,1760547600000,0.19892,0.19931,0.19623,0.19922,92374032.0,1760551199999,18247946.05576,105127
DOGEUSDT,1760551200000,0.19922,0.19959,0.19791,0.19936,25417908.0,1760554799999,5050069.96031,47971
DOGEUSDT,1760554800000,0.19935,0.19938,0.19653,0.1972,39145254.0,1760558399999,7744528.55332,51945
DOGEUSDT,1760558400000,0.1972,0.19886,0.1942,0.19662,77950294.0,1760561999999,15300233.88317,93529
DOGEUSDT,1760562000000,0.19662,0.19778,0.19442,0.19512,43934623.0,1760565599999,8618064.26015,58109
DOGEUSDT,1760565600000,0.19511,0.19684,0.1946,0.19517,25020556.0,1760569199999,4898788.08005,48289
DOGEUSDT,1760569200000,0.19516,0.19666,0.19482,0.19621,31226268.0,1760572799999,6115778.04353,48933
DOGEUSDT,1760572800000,0.19621,0.19684,0.1954,0.19585,34596460.0,1760576399999,6785628.45398,52879
DOGEUSDT,1760576400000,0.19584,0.19844,0.19574,0.19807,23163212.0,1760579999999,4569344.79909,45797
DOGEUSDT,1760580000000,0.19808,0.1991,0.1966,0.19798,55888089.0,1760583599999,11040709.09648,59523
DOGEUSDT,1760583600000,0.19799,0.19824,0.19628,0.19644,33477258.0,1760587199999,6603254.41658,48993
DOGEUSDT,1760587200000,0.19643,0.19775,0.19552,0.19583,25772999.0,1760590799999,5071302.41506,37005
DOGEUSDT,1760590800000,0.19584,0.19758,0.19501,0.19598,38059655.0,1760594399999,7465823.32712,61628
DOGEUSDT,1760594400000,0.19598,0.20077,0.1959,0.1989,134311440.0,1760597999999,26661856.08695,81184
DOGEUSDT,1760598000000,0.19891,0.19915,0.1967,0.19744,49073372.0,1760601599999,9698264.47284,45476
DOGEUSDT,1760601600000,0.19743,0.19777,0.19552,0.19633,26431673.0,1760605199999,5197159.94038,41075
DOGEUSDT,1760605200000,0.19633,0.19912,0.19015,0.19815,237499349.0,1760608799999,46175884.2735,164712
DOGEUSDT,1760608800000,0.19814,0.20062,0.19777,0.19939,53313608.0,1760612399999,10625060.83863,82280
DOGEUSDT,1760612400000,0.19939,0.20038,0.19795,0.20034,33298943.0,1760615999999,6630305.21081,49717
DOGEUSDT,1760616000000,0.20034,0.2015,0.19951,0.20003,71127957.0,1760619599999,14267823.661,71595
DOGEUSDT,1760619600000,0.20003,0.20035,0.19729,0.198,55755146.0,1760623199999,11102861.62564,93926
DOGEUSDT,1760623200000,0.198,0.19826,0.1937,0.19513,143838131.0,1760626799999,28147150.36658,198366
DOGEUSDT,1760626800000,0.19514,0.19609,0.18784,0.18942,178454149.0,1760630399999,34190955.32662,232936
DOGEUSDT,1760630400000,0.18942,0.19484,0.1875,0.19481,188254731.0,1760633999999,35807550.96781,273988
DOGEUSDT,1760634000000,0.1948,0.1948,0.19066,0.19127,88609903.0,1760637599999,17047000.07966,133533
DOGEUSDT,1760637600000,0.19127,0.19142,0.18844,0.19051,120918588.0,1760641199999,22928681.92209,140557
DOGEUSDT,1760641200000,0.19051,0.19088,0.18572,0.18778,89229304.0,1760644799999,16756300.73716,169154
DOGEUSDT,1760644800000,0.18777,0.18864,0.18469,0.18557,110515527.0,1760648399999,20557636.47199,122321
DOGEUSDT,1760648400000,0.18557,0.18832,0.18548,0.18816,51917908.0,1760651999999,9706591.30824,51694
DOGEUSDT,1760652000000,0.18816,0.18852,0.18638,0.18642,29810892.0,1760655599999,5585563.97092,47932
DOGEUSDT,1760655600000,0.18642,0.18894,0.18616,0.1885,30604671.0,1760659199999,5752999.65424,54118
DOGEUSDT,1760659200000,0.1885,0.19011,0.18791,0.18967,36636636.0,1760662799999,6927702.4399,60253
DOGEUSDT,1760662800000,0.18968,0.19114,0.18896,0.18966,45300058.0,1760666399999,8615371.6883,59996
DOGEUSDT,1760666400000,0.18966,0.19027,0.18819,0.1897,36069493.0,1760669999999,6817244.74412,47965
DOGEUSDT,1760670000000,0.18971,0.19051,0.18937,0.19034,28903146.0,1760673599999,5489913.30196,42069
DOGEUSDT,1760673600000,0.19033,0.1905,0.1891,0.18931,17347748.0,1760677199999,3291697.98467,32007
DOGEUSDT,1760677200000,0.18932,0.18987,0.18791,0.18823,37171392.0,1760680799999,7021457.38152,46322
DOGEUSDT,1760680800000,0.18824,0.189,0.1818,0.18251,142370906.0,1760684399999,26260388.4078,182910
DOGEUSDT,1760684400000,0.1825,0.18303,0.17831,0.17858,246845489.0,1760687999999,44560625.43399,271626
DOGEUSDT,1760688000000,0.17859,0.1799,0.17592,0.17715,232972664.0,1760691599999,41438091.52063,231317
DOGEUSDT,1760691600000,0.17716,0.18194,0.17645,0.17858,119270268.0,1760695199999,21313878.57251,144638
DOGEUSDT,1760695200000,0.17857,0.17958,0.17555,0.17902,125861861.0,1760698799999,22327859.27839,151164
DOGEUSDT,1760698800000,0.17901,0.184,0.17882,0.18273,134598710.0,1760702399999,24492036.80638,175831
DOGEUSDT,1760702400000,0.18272,0.18431,0.18221,0.18229,55047639.0,1760705999999,10079764.05912,88191
DOGEUSDT,1760706000000,0.18228,0.18463,0.18074,0.1833,122554142.0,1760709599999,22427828.28895,157569
DOGEUSDT,1760709600000,0.1833,0.18393,0.17968,0.18146,76420392.0,1760713199999,13885746.04471,153105
DOGEUSDT,1760713200000,0.18146,0.18494,0.18119,0.18488,56068783.0,1760716799999,10248121.61891,119046
DOGEUSDT,1760716800000,0.18488,0.18726,0.18332,0.18381,119363985.0,1760720399999,22134623.87324,137867
DOGEUSDT,1760720400000,0.18381,0.18518,0.18341,0.18461,32941688.0,1760723999999,6069098.73971,74411
DOGEUSDT,1760724000000,0.18461,0.18615,0.18431,0.18491,23459151.0,1760727599999,4342763.7118,51669
DOGEUSDT,1760727600000,0.18491,0.18554,0.18336,0.18443,20264191.0,1760731199999,3740124.55537,50142
DOGEUSDT,1760731200000,0.18444,0.1865,0.18399,0.18601,23211496.0,1760734799999,4307538.29094,33843
DOGEUSDT,1760734800000,0.18602,0.18761,0.18596,0.18735,27557180.0,1760738399999,5153979.99565,28271
DOGEUSDT,1760738400000,0.18735,0.18776,0.18558,0.18613,23235581.0,1760741999999,4331452.89533,23193
DOGEUSDT,1760742000000,0.18613,0.18616,0.18455,0.1847,17518362.0,1760745599999,3243222.72953,21116
DOGEUSDT,1760745600000,0.18471,0.1863,0.18426,0.186,29677111.0,1760749199999,5506765.51136,26247
DOGEUSDT,1760749200000,0.18601,0.18791,0.18596,0.18763,29750047.0,1760752799999,5563144.45251,32604
DOGEUSDT,1760752800000,0.18764,0.18854,0.18568,0.18602,38844141.0,1760756399999,7259243.57696,37610
DOGEUSDT,1760756400000,0.18601,0.18745,0.18596,0.18692,22330326.0,1760759999999,4169473.07686,24455
DOGEUSDT,1760760000000,0.18692,0.18692,0.18505,0.18527,22721514.0,1760763599999,4222302.84474,26568
DOGEUSDT,1760763600000,0.18527,0.18665,0.18507,0.18659,16483609.0,1760767199999,3065515.14269,21130
DOGEUSDT,1760767200000,0.18659,0.18759,0.18616,0.18724,23888028.0,1760770799999,4466540.48144,28352
DOGEUSDT,1760770800000,0.18725,0.18988,0.18717,0.18787,71720983.0,1760774399999,13544072.8546,72834
DOGEUSDT,1760774400000,0.18788,0.18843,0.18704,0.1871,22586705.0,1760777999999,4239385.62003,31741
DOGEUSDT,1760778000000,0.18709,0.18794,0.1866,0.1876,26180519.0,1760781599999,4904686.93484,28575
DOGEUSDT,1760781600000,0.1876,0.18804,0.18672,0.18746,23226662.0,1760785199999,4352583.19953,31188
DOGEUSDT,1760785200000,0.18746,0.18803,0.18687,0.18801,24366608.0,1760788799999,4569204.56546,27455
DOGEUSDT,1760788800000,0.18801,0.18881,0.18726,0.18782,18743366.0,1760792399999,3523098.28011,29731
DOGEUSDT,1760792400000,0.18782,0.18785,0.1863,0.18696,29418534.0,1760795999999,5497906.08862,40021
DOGEUSDT,1760796000000,0.18697,0.1879,0.18586,0.18755,26739392.0,1760799599999,4998895.95136,38420
DOGEUSDT,1760799600000,0.18756,0.1879,0.18657,0.18762,17239586.0,1760803199999,3229035.78274,29917
DOGEUSDT,1760803200000,0.18762,0.18794,0.18598,0.18708,21807358.0,1760806799999,4072945.51739,35266
DOGEUSDT,1760806800000,0.18708,0.1903,0.18678,0.19,35755561.0,1760810399999,6744531.54283,43366
DOGEUSDT,1760810400000,0.19,0.19057,0.18901,0.18919,20942393.0,1760813999999,3973108.18603,29556
DOGEUSDT,1760814000000,0.18918,0.18957,0.18855,0.1894,18551317.0,1760817599999,3510282.0844,21800
DOGEUSDT,1760817600000,0.1894,0.19024,0.18882,0.18882,14081822.0,1760821199999,2668697.06527,26585
DOGEUSDT,1760821200000,0.18883,0.18962,0.18824,0.18932,14113431.0,1760824799999,2665483.96675,19076
DOGEUSDT,1760824800000,0.18932,0.18988,0.18899,0.18933,10363207.0,1760828399999,1964049.96953,17814
DOGEUSDT,1760828400000,0.18932,0.1897,0.18895,0.18962,6968326.0,1760831999999,1319705.62991,13822
DOGEUSDT,1760832000000,0.18961,0.18989,0.18777,0.1886,28841236.0,1760835599999,5433477.46215,27325
DOGEUSDT,1760835600000,0.18861,0.18901,0.1878,0.18901,9730338.0,1760839199999,1834149.66891,15526
DOGEUSDT,1760839200000,0.18902,0.18907,0.18794,0.18855,11577288.0,1760842799999,2182297.4388,17570
DOGEUSDT,1760842800000,0.18855,0.19078,0.18834,0.19059,19008972.0,1760846399999,3606655.41033,30093
DOGEUSDT,1760846400000,0.19059,0.19077,0.18941,0.19,14579181.0,1760849999999,2768954.52941,23199
DOGEUSDT,1760850000000,0.19001,0.19118,0.18954,0.19007,18833924.0,1760853599999,3586023.1385,31170
DOGEUSDT,1760853600000,0.19006,0.19032,0.1886,0.18908,17772845.0,1760857199999,3367084.1388,24272
DOGEUSDT,1760857200000,0.18908,0.18959,0.18818,0.18879,17269259.0,1760860799999,3260607.95417,21849
DOGEUSDT,1760860800000,0.18879,0.19096,0.18645,0.187,147112330.0,1760864399999,27672946.37987,89705
DOGEUSDT,1760864400000,0.187,0.19184,0.186,0.18986,132342198.0,1760867999999,25020492.05645,120637
DOGEUSDT,1760868000000,0.18986,0.1968,0.18895,0.1943,158584044.0,1760871599999,30760350.44116,164528
DOGEUSDT,1760871600000,0.19429,0.19581,0.19278,0.19329,49245575.0,1760875199999,9569275.19346,70845
DOGEUSDT,1760875200000,0.1933,0.19404,0.19259,0.19396,31264531.0,1760878799999,6047638.60143,44616
DOGEUSDT,1760878800000,0.19396,0.19805,0.19362,0.19727,63733941.0,1760882399999,12467438.94696,77796
DOGEUSDT,1760882400000,0.19728,0.19807,0.19607,0.19779,74486524.0,1760885999999,14694302.01293,89655
DOGEUSDT,1760886000000,0.19778,0.19807,0.19587,0.19651,41913253.0,1760889599999,8241086.34537,53885
DOGEUSDT,1760889600000,0.19651,0.19761,0.19545,0.19692,24531683.0,1760893199999,4821425.24048,40673
DOGEUSDT,1760893200000,0.19692,0.19861,0.1965,0.19677,49858684.0,1760896799999,9852977.60499,57625
DOGEUSDT,1760896800000,0.19677,0.19762,0.19655,0.19718,22767764.0,1760900399999,4488756.75437,31901
DOGEUSDT,1760900400000,0.19718,0.19718,0.19606,0.19679,14672133.0,1760903999999,2885637.84078,25230
DOGEUSDT,1760904000000,0.19678,0.19756,0.19658,0.19731,14387283.0,1760907599999,2836607.0175,23566
DOGEUSDT,1760907600000,0.19732,0.19745,0.19576,0.19645,15505223.0,1760911199999,3046175.91828,19478
DOGEUSDT,1760911200000,0.19646,0.1976,0.19626,0.19689,33399999.0,1760914799999,6579824.28416,33816
DOGEUSDT,1760914800000,0.19688,0.19688,0.1948,0.19535,32902990.0,1760918399999,6430833.01855,30084
DOGEUSDT,1760918400000,0.19534,0.19534,0.19168,0.19418,78434775.0,1760921999999,15178696.05596,89124
DOGEUSDT,1760922000000,0.19418,0.19498,0.19358,0.19404,43927735.0,1760925599999,8534293.99585,45516
DOGEUSDT,1760925600000,0.19404,0.19566,0.19282,0.1949,28376160.0,1760929199999,5516183.90419,45335
DOGEUSDT,1760929200000,0.19491,0.19999,0.19423,0.19919,84018214.0,1760932799999,16628260.09073,87587
DOGEUSDT,1760932800000,0.1992,0.20104,0.1992,0.20095,112317466.0,1760936399999,22478557.63668,95257
DOGEUSDT,1760936400000,0.20095,0.20181,0.20009,0.20134,46981725.0,1760939999999,9439856.46108,58059
DOGEUSDT,1760940000000,0.20135,0.20249,0.20082,0.20197,45518252.0,1760943599999,9183446.47624,59896
DOGEUSDT,1760943600000,0.20196,0.20219,0.20072,0.20125,39452835.0,1760947199999,7952840.54636,35110
DOGEUSDT,1760947200000,0.20124,0.2019,0.1998,0.20053,48009490.0,1760950799999,9634784.7098,45504
DOGEUSDT,1760950800000,0.20053,0.20112,0.19988,0.20103,24473831.0,1760954399999,4903617.5267,37649
DOGEUSDT,1760954400000,0.20103,0.20246,0.19977,0.20044,52753204.0,1760957999999,10612140.78651,58444
DOGEUSDT,1760958000000,0.20044,0.20054,0.19954,0.20029,33629032.0,1760961599999,6726788.62917,43084
DOGEUSDT,1760961600000,0.20028,0.20095,0.19987,0.20067,22261865.0,1760965199999,4461222.43897,36236
DOGEUSDT,1760965200000,0.20067,0.20187,0.19985,0.20152,42340206.0,1760968799999,8510515.69622,58079
DOGEUSDT,1760968800000,0.20152,0.20173,0.19955,0.20133,55296051.0,1760972399999,11106759.38519,55455
DOGEUSDT,1760972400000,0.20133,0.20196,0.19924,0.19929,95334376.0,1760975999999,19099585.0088,64263
DOGEUSDT,1760976000000,0.19929,0.19999,0.19582,0.19836,133743396.0,1760979599999,26471134.7071,135901
DOGEUSDT,1760979600000,0.19836,0.19928,0.19667,0.19814,42809936.0,1760983199999,8469089.93117,56811
DOGEUSDT,1760983200000,0.19814,0.1988,0.19741,0.19872,18802674.0,1760986799999,3725343.79595,33090
DOGEUSDT,1760986800000,0.19871,0.20036,0.19775,0.19963,24138759.0,1760990399999,4807750.70156,39370
DOGEUSDT,1760990400000,0.19964,0.2002,0.19897,0.19995,16904724.0,1760993999999,3375290.06955,37948
DOGEUSDT,1760994000000,0.19994,0.20075,0.19839,0.19882,22798008.0,1760997599999,4546214.6794,24484
DOGEUSDT,1760997600000,0.19882,0.20054,0.19849,0.20032,16435210.0,1761001199999,3284551.40574,26920
DOGEUSDT,1761001200000,0.20033,0.20041,0.19947,0.2,12061082.0,1761004799999,2411643.63676,20126
DOGEUSDT,1761004800000,0.2,0.20072,0.19917,0.20007,18465604.0,1761008399999,3693641.13968,30640
DOGEUSDT,1761008400000,0.20007,0.20015,0.19729,0.19822,34512943.0,1761011999999,6856529.02541,45124
DOGEUSDT,1761012000000,0.19823,0.19832,0.19621,0.19636,50453863.0,1761015599999,9940839.66904,51120
DOGEUSDT,1761015600000,0.19637,0.19744,0.19587,0.1966,26672295.0,1761019199999,5244745.50226,39391
DOGEUSDT,1761019200000,0.19659,0.19661,0.19283,0.19319,113594869.0,1761022799999,22059565.36788,148941
DOGEUSDT,1761022800000,0.1932,0.19408,0.19291,0.19361,41431431.0,1761026399999,8018097.17132,56829
DOGEUSDT,1761026400000,0.19362,0.19456,0.1931,0.1939,33837680.0,1761029999999,6561502.25229,46178
DOGEUSDT,1761030000000,0.1939,0.19452,0.19331,0.19427,25418491.0,1761033599999,4930202.84018,28799
DOGEUSDT,1761033600000,0.19428,0.19428,0.19201,0.19321,34485226.0,1761037199999,6660194.19322,33974
DOGEUSDT,1761037200000,0.19321,0.19388,0.19277,0.19359,16687056.0,1761040799999,3227410.12725,23213
DOGEUSDT,1761040800000,0.1936,0.19541,0.19314,0.19441,46926643.0,1761044399999,9128673.42164,41872
DOGEUSDT,1761044400000,0.19441,0.19487,0.1933,0.19453,38054221.0,1761047999999,7388021.27957,35187
DOGEUSDT,1761048000000,0.19453,0.19649,0.19419,0.19469,46738782.0,1761051599999,9134118.75305,55490
DOGEUSDT,1761051600000,0.1947,0.19604,0.19372,0.19488,52656448.0,1761055199999,10258954.8821,89733
DOGEUSDT,1761055200000,0.19489,0.20355,0.19488,0.20304,150371109.0,1761058799999,29973599.07477,158220
DOGEUSDT,1761058800000,0.20305,0.20563,0.20181,0.2044,176859113.0,1761062399999,36120711.1999,171870
DOGEUSDT,1761062400000,0.2044,0.205,0.20035,0.20088,127750816.0,1761065999999,25962666.72184,116789
DOGEUSDT,1761066000000,0.20089,0.20259,0.1991,0.20146,118537320.0,1761069599999,23830395.42227,142139
DOGEUSDT,1761069600000,0.20146,0.20199,0.2006,0.20181,28361890.0,1761073199999,5708889.17297,46549
DOGEUSDT,1761073200000,0.20181,0.20239,0.20113,0.20147,17569467.0,1761076799999,3544768.19315,32742
DOGEUSDT,1761076800000,0.20148,0.20177,0.19875,0.19947,47941290.0,1761080399999,9580351.40086,64125
DOGEUSDT,1761080400000,0.19946,0.20044,0.19544,0.19901,87897387.0,1761083999999,17368949.22608,68862
DOGEUSDT,1761084000000,0.199,0.19939,0.19491,0.19587,75875185.0,1761087599999,14927185.9602,97765
DOGEUSDT,1761087600000,0.19587,0.19657,0.19362,0.19427,45342269.0,1761091199999,8838806.23657,74014
DOGEUSDT,1761091200000,0.19427,0.19544,0.19251,0.19355,59591755.0,1761094799999,11547268.16353,87143
DOGEUSDT,1761094800000,0.19355,0.19511,0.19333,0.19459,34125800.0,1761098399999,6630529.03486,53596
DOGEUSDT,1761098400000,0.1946,0.19519,0.19425,0.19432,17553065.0,1761101999999,3417846.21842,35820
DOGEUSDT,1761102000000,0.19432,0.19432,0.19263,0.19381,29416494.0,1761105599999,5688016.75001,39469
DOGEUSDT,1761105600000,0.1938,0.19525,0.19366,0.19485,23961149.0,1761109199999,4663517.55609,33143
DOGEUSDT,1761109200000,0.19484,0.19484,0.18958,0.19184,125017183.0,1761112799999,23921190.96181,80001
DOGEUSDT,1761112800000,0.19183,0.19211,0.19121,0.19129,34030041.0,1761116399999,6519266.65099,38966
DOGEUSDT,1761116400000,0.19128,0.19214,0.19029,0.19194,45817131.0,1761119999999,8763021.06917,48908
DOGEUSDT,1761120000000,0.19193,0.19199,0.1908,0.19151,20079847.0,1761123599999,3843011.95959,26733
DOGEUSDT,1761123600000,0.19151,0.19169,0.19003,0.19068,24638781.0,1761127199999,4699593.81874,40275
DOGEUSDT,1761127200000,0.19069,0.19129,0.18978,0.19005,43893373.0,1761130799999,8352161.55101,41749
DOGEUSDT,1761130800000,0.19005,0.19185,0.18663,0.191,107633474.0,1761134399999,20398234.04487,120368
DOGEUSDT,1761134400000,0.191,0.19233,0.19044,0.1913,44083242.0,1761137999999,8449754.88952,53018
DOGEUSDT,1761138000000,0.19131,0.19275,0.19001,0.19236,68646213.0,1761141599999,13126286.59456,83827
DOGEUSDT,1761141600000,0.19236,0.19244,0.18814,0.19238,142546302.0,1761145199999,27108266.90977,172720
DOGEUSDT,1761145200000,0.19238,0.19339,0.18969,0.19213,78986808.0,1761148799999,15131077.22103,125068
DOGEUSDT,1761148800000,0.19213,0.19314,0.1904,0.19164,72957880.0,1761152399999,13986045.1256,110862
DOGEUSDT,1761152400000,0.19163,0.1924,0.19005,0.19041,32558623.0,1761155999999,6231062.13663,56472
DOGEUSDT,1761156000000,0.19041,0.19132,0.18945,0.19079,36758349.0,1761159599999,7002194.80501,67407
DOGEUSDT,1761159600000,0.19079,0.19228,0.18862,0.19048,47857040.0,1761163199999,9127173.55011,67377
DOGEUSDT,1761163200000,0.19048,0.19104,0.18894,0.18958,32923705.0,1761166799999,6259472.78903,59983
DOGEUSDT,1761166800000,0.18958,0.18966,0.18467,0.18763,144924158.0,1761170399999,27128118.06714,120103
DOGEUSDT,1761170400000,0.18762,0.1888,0.18671,0.18743,32503869.0,1761173999999,6098902.37116,58117
DOGEUSDT,1761174000000,0.18743,0.19055,0.18732,0.18993,35339083.0,1761177599999,6697351.5506,44205
DOGEUSDT,1761177600000,0.18993,0.19094,0.18959,0.19055,22022149.0,1761181199999,4193169.41059,31886
DOGEUSDT,1761181200000,0.19055,0.19158,0.1904,0.19085,28934675.0,1761184799999,5525769.75483,37919
DOGEUSDT,1761184800000,0.19085,0.19108,0.19042,0.19103,11987766.0,1761188399999,2287587.37947,23019
DOGEUSDT,1761188400000,0.19102,0.19176,0.19079,0.19107,18144461.0,1761191999999,3469517.84533,21979
DOGEUSDT,1761192000000,0.19107,0.19242,0.1908,0.19154,32073002.0,1761195599999,6145133.19875,22834
DOGEUSDT,1761195600000,0.19155,0.19217,0.1913,0.1921,15462536.0,1761199199999,2963026.10226,17462
DOGEUSDT,1761199200000,0.1921,0.19498,0.19194,0.19477,69976465.0,1761202799999,13564916.83673,64190
DOGEUSDT,1761202800000,0.19477,0.19494,0.1931,0.194,40769144.0,1761206399999,7903034.84255,35553
DOGEUSDT,1761206400000,0.19401,0.19514,0.19396,0.19424,35715322.0,1761209999999,6949558.35979,37122
DOGEUSDT,1761210000000,0.19424,0.19511,0.19402,0.1949,88045701.0,1761213599999,17145592.31964,44448
DOGEUSDT,1761213600000,0.19491,0.19598,0.19477,0.19481,34899027.0,1761217199999,6821137.44097,33482
DOGEUSDT,1761217200000,0.1948,0.19494,0.19316,0.19331,109834791.0,1761220799999,21319205.97152,54399
DOGEUSDT,1761220800000,0.19331,0.1939,0.19148,0.19386,55967432.0,1761224399999,10796491.76624,58731
DOGEUSDT,1761224400000,0.19385,0.19514,0.19265,0.19426,55694633.0,1761227999999,10821090.02258,63915
DOGEUSDT,1761228000000,0.19426,0.19492,0.1926,0.1944,38085531.0,1761231599999,7383637.18842,64139
DOGEUSDT,1761231600000,0.19441,0.19616,0.19409,0.19553,45572049.0,1761235199999,8900521.97256,75099
DOGEUSDT,1761235200000,0.19553,0.19705,0.19496,0.19686,36385410.0,1761238799999,7127002.1182,46640
DOGEUSDT,1761238800000,0.19687,0.19745,0.19501,0.19704,50867535.0,1761242399999,9993616.1679,63078
DOGEUSDT,1761242400000,0.19704,0.1972,0.19538,0.19578,25925123.0,1761245999999,5087417.42436,34691
DOGEUSDT,1761246000000,0.19578,0.196,0.19483,0.19585,18585282.0,1761249599999,3632473.80518,25438
DOGEUSDT,1761249600000,0.19585,0.19588,0.19245,0.19356,49197982.0,1761253199999,9564732.92136,42903
DOGEUSDT,1761253200000,0.19355,0.19421,0.19318,0.19394,23933764.0,1761256799999,4639136.84575,24689
DOGEUSDT,1761256800000,0.19394,0.19491,0.19385,0.19461,19645431.0,1761260399999,3821007.66695,22102
DOGEUSDT,1761260400000,0.19462,0.19493,0.19431,0.19493,12399301.0,1761263999999,2412655.65918,14764
DOGEUSDT,1761264000000,0.19492,0.19594,0.19434,0.19536,23932687.0,1761267599999,4669450.95805,35457
DOGEUSDT,1761267600000,0.19535,0.1956,0.19451,0.19547,29835568.0,1761271199999,5824737.67092,25194
DOGEUSDT,1761271200000,0.19547,0.19586,0.19475,0.19544,19591862.0,1761274799999,3828417.3568,20349
DOGEUSDT,1761274800000,0.19544,0.19553,0.19481,0.19532,10536200.0,1761278399999,2056257.41487,14990
DOGEUSDT,1761278400000,0.19532,0.19824,0.19502,0.19763,38879761.0,1761281999999,7661417.863,51064
DOGEUSDT,1761282000000,0.19763,0.19835,0.19722,0.19781,38399838.0,1761285599999,7590715.60926,32377
DOGEUSDT,1761285600000,0.19782,0.19849,0.19753,0.19837,28120180.0,1761289199999,5567196.90778,24429
DOGEUSDT,1761289200000,0.19837,0.19844,0.19608,0.19673,40598723.0,1761292799999,8004007.2743,33518
DOGEUSDT,1761292800000,0.19674,0.19794,0.19607,0.19719,21375675.0,1761296399999,4208387.03493,28805
DOGEUSDT,1761296400000,0.1972,0.1976,0.19688,0.19731,17292176.0,1761299999999,3410918.27206,22360
DOGEUSDT,1761300000000,0.1973,0.1975,0.19657,0.19672,13886174.0,1761303599999,2734656.64921,20261
DOGEUSDT,1761303600000,0.19672,0.19749,0.19538,0.19735,22813430.0,1761307199999,4486339.20606,32645
DOGEUSDT,1761307200000,0.19735,0.20095,0.19707,0.19811,109356585.0,1761310799999,21767166.84853,100578
DOGEUSDT,1761310800000,0.19812,0.19839,0.19567,0.19731,54906178.0,1761314399999,10819849.0024,65845
DOGEUSDT,1761314400000,0.19731,0.19733,0.19391,0.19487,114349700.0,1761317999999,22356634.78318,85348
DOGEUSDT,1761318000000,0.19487,0.19606,0.19428,0.19493,46445104.0,1761321599999,9065925.10148,44641
DOGEUSDT,1761321600000,0.19492,0.19558,0.1941,0.19489,20511937.0,1761325199999,3992204.81835,26258
DOGEUSDT,1761325200000,0.19489,0.19594,0.19474,0.19516,18923111.0,1761328799999,3698769.12899,20548
DOGEUSDT,1761328800000,0.19517,0.19611,0.19497,0.19608,8812513.0,1761332399999,1725155.19182,16451
DOGEUSDT,1761332400000,0.19608,0.19709,0.19603,0.19674,28792142.0,1761335999999,5663340.90019,23672
DOGEUSDT,1761336000000,0.19674,0.19785,0.19664,0.19761,16000690.0,1761339599999,3156422.71996,16595
DOGEUSDT,1761339600000,0.19762,0.19819,0.19705,0.19815,17632515.0,1761343199999,3484348.91198,14102
DOGEUSDT,1761343200000,0.19815,0.1985,0.1977,0.19802,11809108.0,1761346799999,2339671.07812,11967
DOGEUSDT,1761346800000,0.19802,0.19802,0.19732,0.19775,10176983.0,1761350399999,2010775.66623,10152
DOGEUSDT,1761350400000,0.19774,0.19884,0.19737,0.19818,144537676.0,1761353999999,28602253.96659,57269
DOGEUSDT,1761354000000,0.19818,0.19985,0.19796,0.19953,110971127.0,1761357599999,22053711.16168,45132
DOGEUSDT,1761357600000,0.19954,0.19961,0.19844,0.19895,21114252.0,1761361199999,4199463.96786,17088
DOGEUSDT,1761361200000,0.19895,0.19907,0.19778,0.19782,21940450.0,1761364799999,4351581.85545,15127
DOGEUSDT,1761364800000,0.19783,0.19914,0.19782,0.19865,24649587.0,1761368399999,4896440.58182,14403
DOGEUSDT,1761368400000,0.19865,0.19904,0.19806,0.19904,32594369.0,1761371999999,6472623.0626,22096
DOGEUSDT,1761372000000,0.19904,0.1994,0.19844,0.19854,25961897.0,1761375599999,5162127.12599,14449
DOGEUSDT,1761375600000,0.19855,0.19888,0.19768,0.19797,23060548.0,1761379199999,4572931.67419,18841
DOGEUSDT,1761379200000,0.19797,0.19883,0.19789,0.19876,10922698.0,1761382799999,2168088.32734,14285
DOGEUSDT,1761382800000,0.19877,0.19885,0.19758,0.19769,23592855.0,1761386399999,4677672.90797,18406
DOGEUSDT,1761386400000,0.19768,0.19781,0.19674,0.197,18895800.0,1761389999999,3724667.1831,21346
DOGEUSDT,1761390000000,0.19699,0.19774,0.19682,0.19752,9239145.0,1761393599999,1823699.45077,12624
DOGEUSDT,1761393600000,0.19752,0.1985,0.19742,0.19818,15540124.0,1761397199999,3077583.93742,18811
DOGEUSDT,1761397200000,0.19817,0.19827,0.19689,0.19743,32154396.0,1761400799999,6348556.1772,24232
DOGEUSDT,1761400800000,0.19743,0.19747,0.19673,0.19697,26180187.0,1761404399999,5159465.46301,21521
DOGEUSDT,1761404400000,0.19697,0.19697,0.19595,0.19622,31616760.0,1761407999999,6205915.2407,20813
DOGEUSDT,1761408000000,0.19622,0.19674,0.19607,0.19663,24920836.0,1761411599999,4893777.45668,19179
DOGEUSDT,1761411600000,0.19662,0.19727,0.19659,0.19694,15538624.0,1761415199999,3060245.15033,13521
DOGEUSDT,1761415200000,0.19693,0.19816,0.19666,0.19793,12747523.0,1761418799999,2518395.68381,14834
DOGEUSDT,1761418800000,0.19794,0.19794,0.19726,0.19735,8787452.0,1761422399999,1735314.31419,8701
DOGEUSDT,1761422400000,0.19736,0.19761,0.19649,0.1966,10990626.0,1761425999999,2165111.16635,11691
DOGEUSDT,1761426000000,0.19661,0.19714,0.19653,0.19696,10953707.0,1761429599999,2155276.80696,8582
DOGEUSDT,1761429600000,0.19697,0.19748,0.19628,0.19724,13171544.0,1761433199999,2594454.60277,14322
DOGEUSDT,1761433200000,0.19724,0.19728,0.19638,0.19652,10211833.0,1761436799999,2008965.23643,10434
DOGEUSDT,1761436800000,0.19651,0.19703,0.19573,0.19631,27128540.0,1761440399999,5326939.07208,21662
DOGEUSDT,1761440400000,0.1963,0.19648,0.19502,0.19544,22151827.0,1761443999999,4337487.75399,21738
DOGEUSDT,1761444000000,0.19544,0.1956,0.19465,0.19499,18337608.0,1761447599999,3578667.20558,19930
DOGEUSDT,1761447600000,0.19498,0.19534,0.19466,0.195,12340435.0,1761451199999,2405951.01037,17900
DOGEUSDT,1761451200000,0.195,0.19577,0.19488,0.19561,11893280.0,1761454799999,2324061.82864,8670
DOGEUSDT,1761454800000,0.19562,0.19614,0.19513,0.1959,12483913.0,1761458399999,2441711.40907,10709
DOGEUSDT,1761458400000,0.19591,0.19635,0.19561,0.19612,9601146.0,1761461999999,1881681.7862,10448
DOGEUSDT,1761462000000,0.19613,0.1967,0.19594,0.19669,14483782.0,1761465599999,2844414.9958,11145
DOGEUSDT,1761465600000,0.19669,0.19731,0.19645,0.19709,16312516.0,1761469199999,3211397.51396,15153
DOGEUSDT,1761469200000,0.19709,0.20094,0.19678,0.19957,71030192.0,1761472799999,14157317.90721,68430
DOGEUSDT,1761472800000,0.19958,0.20016,0.1984,0.1991,41040580.0,1761476399999,8178318.80838,32937
DOGEUSDT,1761476400000,0.1991,0.20246,0.19833,0.20183,78719287.0,1761479999999,15796345.91614,73850
DOGEUSDT,1761480000000,0.20183,0.20286,0.20135,0.20254,99996661.0,1761483599999,20202682.05668,71839
DOGEUSDT,1761483600000,0.20255,0.20389,0.20163,0.20295,72715880.0,1761487199999,14751246.79894,58254
DOGEUSDT,1761487200000,0.20296,0.20327,0.20225,0.20258,38196112.0,1761490799999,7744347.80873,41365
DOGEUSDT,1761490800000,0.20258,0.20377,0.20232,0.20307,35799766.0,1761494399999,7271800.71172,29059
DOGEUSDT,1761494400000,0.20308,0.20318,0.20176,0.20221,38586815.0,1761497999999,7803518.70065,31237
DOGEUSDT,1761498000000,0.2022,0.20308,0.2018,0.20231,29524702.0,1761501599999,5975154.40746,19735
DOGEUSDT,1761501600000,0.20232,0.20297,0.20231,0.20251,16292532.0,1761505199999,3302558.72564,16704
DOGEUSDT,1761505200000,0.20251,0.20256,0.20155,0.20186,16074165.0,1761508799999,3246428.3278,15390
DOGEUSDT,1761508800000,0.20186,0.2019,0.20063,0.20106,32985323.0,1761512399999,6642596.78511,18392
DOGEUSDT,1761512400000,0.20106,0.2024,0.20031,0.20216,18766803.0,1761515999999,3779274.7198,16917
DOGEUSDT,1761516000000,0.20217,0.20742,0.20217,0.20553,133901287.0,1761519599999,27444063.81315,102873
DOGEUSDT,1761519600000,0.20554,0.20686,0.20535,0.20577,41259756.0,1761523199999,8500376.92525,36080
DOGEUSDT,1761523200000,0.20577,0.20816,0.20527,0.20755,56084344.0,1761526799999,11618451.08155,47147
DOGEUSDT,1761526800000,0.20754,0.2093,0.20696,0.20905,47185391.0,1761530399999,9826080.75225,35909
DOGEUSDT,1761530400000,0.20905,0.20953,0.20748,0.2077,42219316.0,1761533999999,8800185.85631,34774
DOGEUSDT,1761534000000,0.2077,0.20832,0.20635,0.20686,71120404.0,1761537599999,14756657.29033,39538
DOGEUSDT,1761537600000,0.20687,0.20765,0.20636,0.20763,25255858.0,1761541199999,5225760.27089,24894
DOGEUSDT,1761541200000,0.20762,0.20892,0.20731,0.20748,41704697.0,1761544799999,8682051.00786,33934
DOGEUSDT,1761544800000,0.20748,0.20826,0.20663,0.20801,38974349.0,1761548399999,8086260.09827,38798
DOGEUSDT,1761548400000,0.20801,0.20867,0.20517,0.20629,46927621.0,1761551999999,9697905.13877,52470
DOGEUSDT,1761552000000,0.20629,0.2065,0.20354,0.20411,100418885.0,1761555599999,20562304.64126,62312
DOGEUSDT,1761555600000,0.2041,0.20413,0.20231,0.20297,63432892.0,1761559199999,12883692.24889,69871
DOGEUSDT,1761559200000,0.20296,0.20343,0.20243,0.20296,39178628.0,1761562799999,7951735.25883,32931
DOGEUSDT,1761562800000,0.20297,0.20385,0.20158,0.20336,42046598.0,1761566399999,8530251.98289,44596
DOGEUSDT,1761566400000,0.20336,0.20345,0.20187,0.20209,22541767.0,1761569999999,4566040.85365,32702
DOGEUSDT,1761570000000,0.2021,0.20381,0.20053,0.20324,55860124.0,1761573599999,11307430.40982,73439
DOGEUSDT,1761573600000,0.20325,0.20352,0.20114,0.20195,37552166.0,1761577199999,7586217.66668,59154
DOGEUSDT,1761577200000,0.20195,0.20355,0.2019,0.203,26639123.0,1761580799999,5407688.70428,48378
DOGEUSDT,1761580800000,0.20299,0.20535,0.20299,0.20495,54923921.0,1761584399999,11221725.29229,51681
DOGEUSDT,1761584400000,0.20495,0.20542,0.20398,0.2053,29330579.0,1761587999999,6003079.75585,37694
DOGEUSDT,1761588000000,0.20529,0.20569,0.20431,0.20499,19807902.0,1761591599999,4063454.21484,28256
DOGEUSDT,1761591600000,0.205,0.20514,0.20295,0.20314,26107503.0,1761595199999,5319868.04017,36838
DOGEUSDT,1761595200000,0.20315,0.20315,0.2014,0.2014,32966923.0,1761598799999,6669176.66584,41434
DOGEUSDT,1761598800000,0.2014,0.20275,0.20083,0.20173,23890700.0,1761602399999,4819804.93646,30418
DOGEUSDT,1761602400000,0.20173,0.2025,0.20081,0.20101,20072919.0,1761605999999,4046588.49736,33663
DOGEUSDT,1761606000000,0.20102,0.20107,0.19887,0.20038,46054772.0,1761609599999,9218642.33836,46100
DOGEUSDT,1761609600000,0.20038,0.20125,0.19965,0.20052,34138517.0,1761613199999,6841869.65093,35384
DOGEUSDT,1761613200000,0.20053,0.20159,0.20044,0.20103,22357138.0,1761616799999,4494798.9326,30902
DOGEUSDT,1761616800000,0.20104,0.20131,0.19828,0.19951,36765129.0,1761620399999,7340892.84077,44711
DOGEUSDT,1761620400000,0.1995,0.20016,0.19857,0.19971,51149763.0,1761623999999,10192659.09651,42319
DOGEUSDT,1761624000000,0.1997,0.2002,0.19907,0.19987,15190282.0,1761627599999,3032155.06027,27854
DOGEUSDT,1761627600000,0.19987,0.20019,0.19815,0.19839,29157788.0,1761631199999,5804063.0195,37208
DOGEUSDT,1761631200000,0.19839,0.20131,0.19838,0.20123,28930802.0,1761634799999,5778124.29327,43654
DOGEUSDT,1761634800000,0.20124,0.20206,0.20012,0.20034,28083225.0,1761638399999,5646824.37709,37575
DOGEUSDT,1761638400000,0.20034,0.20119,0.19995,0.2004,29078535.0,1761641999999,5830809.14495,25986
DOGEUSDT,1761642000000,0.2004,0.20108,0.19969,0.2004,25222014.0,1761645599999,5049850.46866,27530
DOGEUSDT,1761645600000,0.20041,0.20049,0.1995,0.20035,17227796.0,1761649199999,3446229.82119,20407
DOGEUSDT,1761649200000,0.20035,0.20078,0.19961,0.19977,23442020.0,1761652799999,4692402.39497,26498
DOGEUSDT,1761652800000,0.19977,0.20127,0.19932,0.20104,37024944.0,1761656399999,7418369.2403,30419
DOGEUSDT,1761656400000,0.20105,0.20256,0.20105,0.20196,58779682.0,1761659999999,11865293.97135,69372
DOGEUSDT,1761660000000,0.20196,0.20311,0.19617,0.19944,127228364.0,1761663599999,25329101.3708,125026
DOGEUSDT,1761663600000,0.19945,0.20057,0.19858,0.19972,40195948.0,1761667199999,8020313.77233,60490
DOGEUSDT,1761667200000,0.19973,0.20204,0.19925,0.20143,38298919.0,1761670799999,7692135.12266,53842
DOGEUSDT,1761670800000,0.20144,0.2025,0.20138,0.20224,23488248.0,1761674399999,4745112.79177,34791
DOGEUSDT,1761674400000,0.20225,0.20245,0.20012,0.20072,26427134.0,1761677999999,5315953.13977,33828
DOGEUSDT,1761678000000,0.20073,0.20126,0.19617,0.19679,58254600.0,1761681599999,11553237.05344,82164
DOGEUSDT,1761681600000,0.19679,0.19687,0.19189,0.19295,195157340.0,1761685199999,37845870.17001,214084
DOGEUSDT,1761685200000,0.19295,0.19363,0.19006,0.19278,112910827.0,1761688799999,21667294.03744,91965
DOGEUSDT,1761688800000,0.19278,0.1942,0.19202,0.19408,41360455.0,1761692399999,7984502.38575,46587
DOGEUSDT,1761692400000,0.19408,0.19413,0.19303,0.19362,28746781.0,1761695999999,5566006.56172,28846
DOGEUSDT,1761696000000,0.19362,0.1942,0.19311,0.19336,23954970.0,1761699599999,4638143.12052,35960
DOGEUSDT,1761699600000,0.19336,0.19475,0.19304,0.19383,24501376.0,1761703199999,4746638.09814,38275
DOGEUSDT,1761703200000,0.19382,0.19406,0.19351,0.19385,10144521.0,1761706799999,1966327.73639,18566
DOGEUSDT,1761706800000,0.19385,0.19385,0.19263,0.193,20286361.0,1761710399999,3917736.88644,24906
DOGEUSDT,1761710400000,0.193,0.19407,0.19292,0.19383,16763578.0,1761713999999,3244569.44489,21900
DOGEUSDT,1761714000000,0.19383,0.19486,0.19368,0.19401,22836221.0,1761717599999,4434874.88512,29125
DOGEUSDT,1761717600000,0.19401,0.19442,0.19359,0.19419,21853167.0,1761721199999,4236921.75902,24835
DOGEUSDT,1761721200000,0.19419,0.19456,0.19377,0.19435,26079197.0,1761724799999,5062061.15657,21655
DOGEUSDT,1761724800000,0.19436,0.19445,0.19298,0.1933,27901835.0,1761728399999,5398875.03935,23011
DOGEUSDT,1761728400000,0.19329,0.19371,0.19261,0.19332,20546478.0,1761731999999,3968083.9111,22269
DOGEUSDT,1761732000000,0.19332,0.19491,0.19321,0.19398,16705195.0,1761735599999,3242161.77715,28942
DOGEUSDT,1761735600000,0.19399,0.19567,0.19371,0.19542,22540817.0,1761739199999,4398194.97968,35412
DOGEUSDT,1761739200000,0.19541,0.1965,0.19501,0.19611,28141276.0,1761742799999,5506518.95457,27647
DOGEUSDT,1761742800000,0.19611,0.19728,0.19301,0.19396,86494261.0,1761746399999,16891482.02084,84407
DOGEUSDT,1761746400000,0.19396,0.19409,0.1924,0.19324,41774125.0,1761749999999,8077976.8547,63079
DOGEUSDT,1761750000000,0.19325,0.19367,0.19029,0.19114,75871384.0,1761753599999,14561242.17893,90115
DOGEUSDT,1761753600000,0.19114,0.1926,0.19022,0.19216,47392766.0,1761757199999,9080775.74758,74405
DOGEUSDT,1761757200000,0.19215,0.19609,0.192,0.19605,41653391.0,1761760799999,8086862.93688,61181
DOGEUSDT,1761760800000,0.19604,0.197,0.1871,0.19287,374780309.0,1761764399999,71783291.21813,356027
DOGEUSDT,1761764400000,0.19288,0.19526,0.19232,0.19404,74398708.0,1761767999999,14423652.17424,137401
DOGEUSDT,1761768000000,0.19404,0.19662,0.19329,0.19602,68752551.0,1761771599999,13416513.02341,88105
DOGEUSDT,1761771600000,0.19603,0.19691,0.19501,0.19607,47450376.0,1761775199999,9309267.56243,33512
DOGEUSDT,1761775200000,0.19607,0.19651,0.19468,0.19485,43211642.0,1761778799999,8463445.58003,37039
DOGEUSDT,1761778800000,0.19485,0.19494,0.19147,0.19237,92709249.0,1761782399999,17868911.89757,55293
DOGEUSDT,1761782400000,0.19237,0.19311,0.19098,0.19304,40708518.0,1761785999999,7817662.33899,51465
DOGEUSDT,1761786000000,0.19304,0.19373,0.19189,0.19317,27527950.0,1761789599999,5305298.04316,50382
DOGEUSDT,1761789600000,0.19316,0.1946,0.19268,0.19445,28955357.0,1761793199999,5614055.67618,41446
DOGEUSDT,1761793200000,0.19446,0.19451,0.19305,0.19372,27119241.0,1761796799999,5255969.38142,38505
DOGEUSDT,1761796800000,0.19372,0.19373,0.1858,0.18755,218924089.0,1761800399999,41231496.49584,222548
DOGEUSDT,1761800400000,0.18754,0.19151,0.18712,0.19105,62727563.0,1761803999999,11847901.69288,95786
DOGEUSDT,1761804000000,0.19105,0.19225,0.19026,0.1913,39668965.0,1761807599999,7582566.29962,62680
DOGEUSDT,1761807600000,0.1913,0.19346,0.19088,0.19264,27110181.0,1761811199999,5220293.71031,42368
DOGEUSDT,1761811200000,0.19264,0.19266,0.19099,0.19112,37455509.0,1761814799999,7179336.04771,36687
DOGEUSDT,1761814800000,0.19111,0.19135,0.1893,0.18935,24523963.0,1761818399999,4660337.71761,40853
DOGEUSDT,1761818400000,0.18935,0.18999,0.1884,0.18873,29712558.0,1761821999999,5618662.37466,46122
DOGEUSDT,1761822000000,0.18872,0.18911,0.18784,0.18795,33487526.0,1761825599999,6310360.6078,49336
DOGEUSDT,1761825600000,0.18796,0.18833,0.18275,0.18415,161682319.0,1761829199999,29890235.05194,162380
DOGEUSDT,1761829200000,0.18415,0.185,0.18149,0.18237,138551900.0,1761832799999,25374551.82963,159018
DOGEUSDT,1761832800000,0.18237,0.18361,0.18135,0.18238,82966701.0,1761836399999,15126565.49879,124878
DOGEUSDT,1761836400000,0.18237,0.18265,0.17989,0.18067,97133645.0,1761839999999,17580117.00297,111563
DOGEUSDT,1761840000000,0.18067,0.18211,0.1796,0.18186,79607101.0,1761843599999,14424306.21814,83608
DOGEUSDT,1761843600000,0.18186,0.18187,0.17822,0.18059,103769266.0,1761847199999,18672037.60214,118392
DOGEUSDT,1761847200000,0.18058,0.1808,0.17835,0.17875,45181096.0,1761850799999,8108431.1471,59879
DOGEUSDT,1761850800000,0.17874,0.17913,0.17645,0.17694,108354944.0,1761854399999,19240125.84951,118661
DOGEUSDT,1761854400000,0.17693,0.17987,0.17642,0.17951,82965918.0,1761857999999,14783339.47623,105489
DOGEUSDT,1761858000000,0.17951,0.18034,0.17868,0.17988,48198298.0,1761861599999,8650667.62079,40419
DOGEUSDT,1761861600000,0.17988,0.18062,0.17952,0.18062,25493705.0,1761865199999,4586942.16885,35529
DOGEUSDT,1761865200000,0.18062,0.18287,0.17981,0.18268,85635752.0,1761868799999,15557105.07263,58549
DOGEUSDT,1761868800000,0.18268,0.18492,0.18228,0.18447,38264102.0,1761872399999,7019184.73742,45634
DOGEUSDT,1761872400000,0.18448,0.18585,0.18414,0.18549,40751125.0,1761875999999,7548183.16646,45607
DOGEUSDT,1761876000000,0.18548,0.18554,0.18335,0.18412,29559852.0,1761879599999,5444929.37879,39082
DOGEUSDT,1761879600000,0.18413,0.18479,0.18356,0.18453,24860860.0,1761883199999,4582507.65909,30853
DOGEUSDT,1761883200000,0.18453,0.18608,0.18431,0.18587,39625911.0,1761886799999,7348141.83381,42380
DOGEUSDT,1761886800000,0.18586,0.18586,0.18477,0.18507,14277087.0,1761890399999,2645366.17452,20522
DOGEUSDT,1761890400000,0.18506,0.18523,0.1842,0.18453,15757426.0,1761893999999,2908171.61919,25228
DOGEUSDT,1761894000000,0.18453,0.18535,0.18399,0.18451,28035858.0,1761897599999,5178330.68453,24418
DOGEUSDT,1761897600000,0.1845,0.18569,0.18368,0.18549,21636215.0,1761901199999,3995670.42473,31316
DOGEUSDT,1761901200000,0.18549,0.18599,0.18502,0.18518,17124705.0,1761904799999,3174443.28947,27543
DOGEUSDT,1761904800000,0.18519,0.1859,0.18507,0.18557,11919196.0,1761908399999,2210833.77264,21772
DOGEUSDT,1761908400000,0.18556,0.18734,0.18498,0.18674,30800390.0,1761911999999,5722895.34334,36569
DOGEUSDT,1761912000000,0.18673,0.18725,0.18485,0.18494,43471630.0,1761915599999,8095711.54652,45311
DOGEUSDT,1761915600000,0.18495,0.18659,0.18458,0.18642,35457820.0,1761919199999,6576501.8875,52988
DOGEUSDT,1761919200000,0.18643,0.18695,0.18518,0.18669,44381069.0,1761922799999,8260986.215,52644
DOGEUSDT,1761922800000,0.18669,0.18735,0.18562,0.186,41410923.0,1761926399999,7723937.75489,53443
DOGEUSDT,1761926400000,0.18599,0.18616,0.18308,0.18355,44635687.0,1761929999999,8239478.43329,55226
DOGEUSDT,1761930000000,0.18354,0.18522,0.18275,0.18446,36356464.0,1761933599999,6684541.88806,62617
DOGEUSDT,1761933600000,0.18447,0.18614,0.18393,0.18536,38224801.0,1761937199999,7071303.16853,43380
DOGEUSDT,1761937200000,0.18535,0.18816,0.18454,0.18748,38000271.0,1761940799999,7100412.02604,42867
DOGEUSDT,1761940800000,0.18748,0.1876,0.18576,0.18599,20423137.0,1761944399999,3810903.81829,27644
DOGEUSDT,1761944400000,0.18598,0.18656,0.18538,0.1863,14790334.0,1761947999999,2750898.05495,20667
DOGEUSDT,1761948000000,0.1863,0.18685,0.18599,0.18627,11038925.0,1761951599999,2057352.72651,20293
DOGEUSDT,1761951600000,0.18627,0.18686,0.18609,0.18644,12760552.0,1761955199999,2380885.80015,12423
DOGEUSDT,1761955200000,0.18644,0.18656,0.18535,0.18625,25615125.0,1761958799999,4763436.44943,19190
DOGEUSDT,1761958800000,0.18625,0.18675,0.1857,0.18571,12161325.0,1761962399999,2266366.68284,14961
DOGEUSDT,1761962400000,0.1857,0.18646,0.18512,0.1864,11576722.0,1761965999999,2150166.82446,16006
DOGEUSDT,1761966000000,0.18641,0.18717,0.18641,0.18698,20148208.0,1761969599999,3765653.73074,20194
DOGEUSDT,1761969600000,0.18699,0.1872,0.18628,0.18693,12651424.0,1761973199999,2362861.95742,17491
DOGEUSDT,1761973200000,0.18693,0.18705,0.18603,0.18606,10081434.0,1761976799999,1880480.58578,12606
DOGEUSDT,1761976800000,0.18606,0.18633,0.18556,0.18609,13670156.0,1761980399999,2542431.92563,16301
DOGEUSDT,1761980400000,0.18609,0.18723,0.18593,0.18709,26328009.0,1761983999999,4917815.60118,20655
DOGEUSDT,1761984000000,0.18709,0.18785,0.1867,0.1878,24058264.0,1761987599999,4501255.81362,21669
DOGEUSDT,1761987600000,0.1878,0.188,0.18675,0.18697,13434644.0,1761991199999,2517753.86975,19147
DOGEUSDT,1761991200000,0.18697,0.18747,0.18678,0.18716,11139962.0,1761994799999,2085510.21538,14958
DOGEUSDT,1761994800000,0.18716,0.18755,0.18675,0.18705,11241759.0,1761998399999,2102520.44903,10851
DOGEUSDT,1761998400000,0.18704,0.18743,0.18683,0.18701,8641302.0,1762001999999,1617499.90334,13266
DOGEUSDT,1762002000000,0.18701,0.18745,0.18596,0.18659,28898886.0,1762005599999,5391072.93596,21390
DOGEUSDT,1762005600000,0.1866,0.18689,0.18544,0.18605,32960615.0,1762009199999,6127934.36841,29570
DOGEUSDT,1762009200000,0.18606,0.18773,0.18591,0.18734,25053790.0,1762012799999,4682586.52843,34333
DOGEUSDT,1762012800000,0.18734,0.18789,0.18691,0.18739,19074032.0,1762016399999,3574921.46535,27329
DOGEUSDT,1762016400000,0.18739,0.1875,0.18664,0.18675,13658525.0,1762019999999,2553564.37405,21033
DOGEUSDT,1762020000000,0.18674,0.1873,0.18662,0.18714,10199803.0,1762023599999,1907456.69445,13125
DOGEUSDT,1762023600000,0.18715,0.18745,0.18684,0.18738,6471089.0,1762027199999,1211025.20282,9156
DOGEUSDT,1762027200000,0.18739,0.18837,0.18727,0.18778,13093705.0,1762030799999,2461131.08594,12968
DOGEUSDT,1762030800000,0.18777,0.188,0.18616,0.18624,14674020.0,1762034399999,2748220.39064,13708
DOGEUSDT,1762034400000,0.18624,0.18699,0.18624,0.18698,7499391.0,1762037999999,1399466.28373,14471
DOGEUSDT,1762038000000,0.18699,0.18754,0.18676,0.18736,8972433.0,1762041599999,1678526.62378,7715
DOGEUSDT,1762041600000,0.18736,0.18738,0.18665,0.18694,5186670.0,1762045199999,969488.08654,11891
DOGEUSDT,1762045200000,0.18694,0.18702,0.18605,0.1861,11513328.0,1762048799999,2146968.75746,13894
DOGEUSDT,1762048800000,0.1861,0.18695,0.18588,0.18645,9672244.0,1762052399999,1801987.75785,15346
DOGEUSDT,1762052400000,0.18645,0.18653,0.18602,0.1862,6832281.0,1762055999999,1272485.11425,11568
DOGEUSDT,1762056000000,0.18619,0.18823,0.18601,0.18802,21027094.0,1762059599999,3933837.10693,21155
DOGEUSDT,1762059600000,0.18802,0.18812,0.18701,0.18767,11889629.0,1762063199999,2229162.34778,19333
DOGEUSDT,1762063200000,0.18768,0.18795,0.18714,0.18779,9677294.0,1762066799999,1815381.11468,14669
DOGEUSDT,1762066800000,0.18779,0.18884,0.18732,0.18822,14022448.0,1762070399999,2637087.06671,18597
DOGEUSDT,1762070400000,0.18822,0.1884,0.18712,0.18736,13565418.0,1762073999999,2546352.06135,18072
DOGEUSDT,1762074000000,0.18735,0.18791,0.18624,0.18636,14723619.0,1762077599999,2752329.59016,22696
DOGEUSDT,1762077600000,0.18636,0.18663,0.18484,0.1855,44164662.0,1762081199999,8197229.75005,34316
DOGEUSDT,1762081200000,0.1855,0.18711,0.18537,0.18698,17047845.0,1762084799999,3180858.26082,22352
DOGEUSDT,1762084800000,0.18697,0.18704,0.1862,0.18641,19334268.0,1762088399999,3609537.39044,19408
DOGEUSDT,1762088400000,0.18642,0.18647,0.1845,0.18516,20078738.0,1762091999999,3720874.23052,28990
DOGEUSDT,1762092000000,0.18515,0.18557,0.18284,0.18376,39883614.0,1762095599999,7337573.56304,57217
DOGEUSDT,1762095600000,0.18376,0.18461,0.18311,0.18345,19963342.0,1762099199999,3670822.34608,30095
DOGEUSDT,1762099200000,0.18344,0.18388,0.18172,0.18386,45011337.0,1762102799999,8232303.61398,50210
DOGEUSDT,1762102800000,0.18385,0.18407,0.18325,0.18406,10961159.0,1762106399999,2012989.00064,18615
DOGEUSDT,1762106400000,0.18406,0.1843,0.18346,0.18393,6335007.0,1762109999999,1165208.74087,15252
DOGEUSDT,1762110000000,0.18392,0.18408,0.18244,0.18326,13987086.0,1762113599999,2560107.08208,18783
DOGEUSDT,1762113600000,0.18326,0.18342,0.18282,0.18327,5946387.0,1762117199999,1089285.09453,9859
DOGEUSDT,1762117200000,0.18328,0.18436,0.18328,0.18379,7506714.0,1762120799999,1379672.70548,11830
DOGEUSDT,1762120800000,0.1838,0.18419,0.18295,0.18413,10510039.0,1762124399999,1930673.93151,14841
DOGEUSDT,1762124400000,0.18414,0.18677,0.18414,0.18638,43302711.0,1762127999999,8032212.10996,45445
DOGEUSDT,1762128000000,0.18639,0.18666,0.18355,0.18373,33491813.0,1762131599999,6202650.21354,30413
DOGEUSDT,1762131600000,0.18372,0.18442,0.18248,0.18297,22173685.0,1762135199999,4067178.73948,45480
DOGEUSDT,1762135200000,0.18296,0.18316,0.18001,0.18096,54104808.0,1762138799999,9807594.74081,75863
DOGEUSDT,1762138800000,0.18097,0.18129,0.17456,0.17514,180169556.0,1762142399999,31883353.06326,156136
DOGEUSDT,1762142400000,0.17513,0.176,0.17333,0.17598,105093104.0,1762145999999,18354485.01105,97715
DOGEUSDT,1762146000000,0.17597,0.17672,0.17374,0.17395,90139139.0,1762149599999,15815264.85894,56888
DOGEUSDT,1762149600000,0.17395,0.17447,0.17111,0.17317,108550856.0,1762153199999,18770204.2092,98272
DOGEUSDT,1762153200000,0.17316,0.17453,0.17236,0.17355,56697083.0,1762156799999,9835680.02336,63431
DOGEUSDT,1762156800000,0.17354,0.17413,0.1724,0.17381,36048609.0,1762160399999,6250453.38721,48069
DOGEUSDT,1762160400000,0.1738,0.17534,0.17255,0.17272,39125199.0,1762163999999,6806275.15495,51727
DOGEUSDT,1762164000000,0.17272,0.17363,0.1714,0.17205,48650828.0,1762167599999,8402639.88852,50951
DOGEUSDT,1762167600000,0.17206,0.17492,0.17204,0.17424,60082999.0,1762171199999,10436943.88135,63734
DOGEUSDT,1762171200000,0.17423,0.17564,0.17402,0.17431,44020637.0,1762174799999,7697293.00685,43767
DOGEUSDT,1762174800000,0.17431,0.17517,0.17358,0.17441,38425367.0,1762178399999,6698083.76474,42225
DOGEUSDT,1762178400000,0.17442,0.17581,0.17372,0.17519,54213777.0,1762181999999,9471179.28886,86772
DOGEUSDT,1762182000000,0.17519,0.17545,0.16017,0.16701,710120809.0,1762185599999,118784285.17566,470868
DOGEUSDT,1762185600000,0.16702,0.16936,0.16553,0.16881,169467372.0,1762189199999,28404416.70787,238100
DOGEUSDT,1762189200000,0.16881,0.17159,0.16851,0.17136,74518429.0,1762192799999,12686475.54884,115027
DOGEUSDT,1762192800000,0.17137,0.1717,0.16897,0.16926,37108706.0,1762196399999,6325749.08704,76766
DOGEUSDT,1762196400000,0.16925,0.16968,0.16795,0.1681,37880041.0,1762199999999,6394889.61731,72068
DOGEUSDT,1762200000000,0.1681,0.16845,0.16527,0.16608,59862761.0,1762203599999,9989736.93544,101158
DOGEUSDT,1762203600000,0.16607,0.1679,0.16444,0.16772,89888431.0,1762207199999,14914772.27478,112497
DOGEUSDT,1762207200000,0.16772,0.16784,0.16458,0.1658,52335637.0,1762210799999,8686766.04009,82495
DOGEUSDT,1762210800000,0.16581,0.16745,0.16433,0.16741,31796621.0,1762214399999,5281357.25305,69896
DOGEUSDT,1762214400000,0.16741,0.16953,0.16561,0.16868,63788811.0,1762217999999,10699017.1793,107738
DOGEUSDT,1762218000000,0.16869,0.17033,0.16796,0.17003,61264540.0,1762221599999,10384396.82328,85419
DOGEUSDT,1762221600000,0.17003,0.17045,0.16901,0.16937,33457869.0,1762225199999,5674743.04794,63120
DOGEUSDT,1762225200000,0.16938,0.17095,0.168,0.17041,103907988.0,1762228799999,17593307.0505,83207
DOGEUSDT,1762228800000,0.17041,0.1711,0.16947,0.16951,65776308.0,1762232399999,11217870.74959,73438
DOGEUSDT,1762232400000,0.16951,0.16983,0.16073,0.16109,263171554.0,1762235999999,43280868.94657,269434
DOGEUSDT,1762236000000,0.16109,0.16735,0.16086,0.16444,162495631.0,1762239599999,26752505.06791,198684
DOGEUSDT,1762239600000,0.16444,0.16468,0.16062,0.162,130231169.0,1762243199999,21151463.27781,142555
DOGEUSDT,1762243200000,0.16201,0.16586,0.16091,0.1645,87377466.0,1762246799999,14279702.95591,157025
DOGEUSDT,1762246800000,0.1645,0.16559,0.16364,0.16534,57629254.0,1762250399999,9493103.38031,99937
DOGEUSDT,1762250400000,0.16534,0.16603,0.16464,0.16535,58896814.0,1762253999999,9739198.23367,93106
DOGEUSDT,1762254000000,0.16536,0.16702,0.16512,0.16612,47237272.0,1762257599999,7843036.75199,80810
DOGEUSDT,1762257600000,0.16613,0.16632,0.16365,0.1641,36235741.0,1762261199999,5972670.37679,68304
DOGEUSDT,1762261200000,0.16409,0.16464,0.162,0.16286,62179876.0,1762264799999,10146330.20143,98998
DOGEUSDT,1762264800000,0.16286,0.1678,0.1608,0.16692,214708356.0,1762268399999,35212558.9465,287543
DOGEUSDT,1762268400000,0.16693,0.16853,0.16326,0.16397,116466360.0,1762271999999,19399676.49136,187926
DOGEUSDT,1762272000000,0.16398,0.16517,0.15985,0.16016,167787436.0,1762275599999,27141711.22772,224984
DOGEUSDT,1762275600000,0.16016,0.16128,0.1562,0.15924,219605001.0,1762279199999,34836137.21569,322551
DOGEUSDT,1762279200000,0.15923,0.16035,0.15419,0.15983,255542521.0,1762282799999,40134606.38234,345714
DOGEUSDT,1762282800000,0.15983,0.16152,0.15767,0.15797,98318370.0,1762286399999,15693714.11196,178024
DOGEUSDT,1762286400000,0.15797,0.16069,0.15159,0.15889,376822952.0,1762289999999,58499944.66836,382944
DOGEUSDT,1762290000000,0.15889,0.15972,0.15159,0.15909,350548286.0,1762293599999,54478021.12626,284941
DOGEUSDT,1762293600000,0.1591,0.16436,0.15835,0.16344,142943068.0,1762297199999,23112877.21583,122191
DOGEUSDT,1762297200000,0.16344,0.16427,0.16216,0.16223,63153643.0,1762300799999,10302509.85811,63803
DOGEUSDT,1762300800000,0.16224,0.16344,0.16016,0.16087,65187276.0,1762304399999,10526269.61295,80869
DOGEUSDT,1762304400000,0.16088,0.16103,0.15456,0.15973,170012434.0,1762307999999,26740902.1975,242516
DOGEUSDT,1762308000000,0.15973,0.16467,0.15973,0.16431,138058371.0,1762311599999,22428040.60548,195349
DOGEUSDT,1762311600000,0.16431,0.16498,0.16313,0.16445,62679706.0,1762315199999,10293816.36263,98243
DOGEUSDT,1762315200000,0.16444,0.16538,0.16363,0.16476,52571392.0,1762318799999,8646639.83995,67581
DOGEUSDT,1762318800000,0.16476,0.16619,0.1646,0.16498,46778261.0,1762322399999,7731826.51061,64916
DOGEUSDT,1762322400000,0.16498,0.16548,0.16422,0.16537,30305835.0,1762325999999,4993707.23916,49748
DOGEUSDT,1762326000000,0.16537,0.16549,0.16403,0.16493,21466767.0,1762329599999,3539539.60849,46356
DOGEUSDT,1762329600000,0.16492,0.16492,0.16189,0.16285,80027834.0,1762333199999,13044399.75955,103257
DOGEUSDT,1762333200000,0.16284,0.1642,0.16251,0.16389,35352846.0,1762336799999,5781847.67751,75714
DOGEUSDT,1762336800000,0.16389,0.16392,0.161,0.16145,56262032.0,1762340399999,9120646.9279,72323
DOGEUSDT,1762340400000,0.16146,0.16408,0.16138,0.16387,37208572.0,1762343999999,6072795.71298,69057
DOGEUSDT,1762344000000,0.16388,0.16514,0.163,0.16428,52123287.0,1762347599999,8555419.29194,74548
DOGEUSDT,1762347600000,0.16427,0.16617,0.16353,0.16554,49297152.0,1762351199999,8126597.04613,72506
DOGEUSDT,1762351200000,0.16553,0.16709,0.16342,0.16581,158848072.0,1762354799999,26313089.88317,136088
DOGEUSDT,1762354800000,0.16582,0.16736,0.16523,0.16733,72818624.0,1762358399999,12115384.49812,116683
DOGEUSDT,1762358400000,0.16734,0.16792,0.16573,0.16747,77783178.0,1762361999999,13000709.92731,92794
DOGEUSDT,1762362000000,0.16747,0.16828,0.16676,0.16737,69451687.0,1762365599999,11623895.52362,65238
DOGEUSDT,1762365600000,0.16736,0.16886,0.16668,0.16811,35915221.0,1762369199999,6024384.86113,53851
DOGEUSDT,1762369200000,0.1681,0.1684,0.16707,0.16728,37587909.0,1762372799999,6305688.50507,44458
DOGEUSDT,1762372800000,0.16728,0.16826,0.16682,0.16748,34426881.0,1762376399999,5766353.23351,59446
DOGEUSDT,1762376400000,0.16747,0.16747,0.16604,0.16702,26090360.0,1762379999999,4348896.25761,46106
DOGEUSDT,1762380000000,0.16701,0.16811,0.16633,0.16804,18236511.0,1762383599999,3050718.26692,29961
DOGEUSDT,1762383600000,0.16804,0.16831,0.16711,0.16719,22159344.0,1762387199999,3714560.00747,38097
DOGEUSDT,1762387200000,0.16718,0.16718,0.16601,0.16691,34220064.0,1762390799999,5697492.27248,48849
DOGEUSDT,1762390800000,0.1669,0.1669,0.16434,0.16626,45086025.0,1762394399999,7458325.97362,65295
DOGEUSDT,1762394400000,0.16625,0.1678,0.16494,0.16694,33752923.0,1762397999999,5616310.85192,58159
DOGEUSDT,1762398000000,0.16695,0.16758,0.16666,0.16706,25092761.0,1762401599999,4193877.45137,44580
DOGEUSDT,1762401600000,0.16707,0.16741,0.16629,0.16675,24691759.0,1762405199999,4119291.69132,37931
DOGEUSDT,1762405200000,0.16675,0.16685,0.16319,0.16378,71494473.0,1762408799999,11742600.07309,67721
DOGEUSDT,1762408800000,0.16378,0.16448,0.16325,0.16333,30380928.0,1762412399999,4978579.46305,52772
DOGEUSDT,1762412400000,0.16334,0.16447,0.16275,0.16323,60336721.0,1762415999999,9854899.66726,58091
DOGEUSDT,1762416000000,0.16323,0.16413,0.16283,0.16351,22620882.0,1762419599999,3698558.30138,44063
DOGEUSDT,1762419600000,0.16351,0.16395,0.16262,0.16285,26760493.0,1762423199999,4371011.36849,45649
DOGEUSDT,1762423200000,0.16285,0.1641,0.16216,0.16333,29194851.0,1762426799999,4760806.73742,51236
DOGEUSDT,1762426800000,0.16334,0.16336,0.16234,0.16304,19709021.0,1762430399999,3210463.26446,35485
DOGEUSDT,1762430400000,0.16304,0.16322,0.16098,0.16129,36988079.0,1762433999999,5981852.62882,54074
DOGEUSDT,1762434000000,0.16128,0.16384,0.16124,0.16309,52876606.0,1762437599999,8629421.62552,69587
DOGEUSDT,1762437600000,0.16309,0.1635,0.16027,0.16067,55776721.0,1762441199999,8993807.75214,120563
DOGEUSDT,1762441200000,0.16067,0.16234,0.15853,0.15915,110777528.0,1762444799999,17710402.27556,173273
DOGEUSDT,1762444800000,0.15915,0.16004,0.15693,0.15867,72613761.0,1762448399999,11530168.20144,125817
DOGEUSDT,1762448400000,0.15866,0.16069,0.1583,0.16036,52559180.0,1762451999999,8390003.9424,97695
DOGEUSDT,1762452000000,0.16035,0.16212,0.15869,0.16104,51654205.0,1762455599999,8294929.29817,75934
DOGEUSDT,1762455600000,0.16104,0.16141,0.15975,0.16076,33366547.0,1762459199999,5358228.2068,61801
DOGEUSDT,1762459200000,0.16077,0.16157,0.15954,0.16047,26733723.0,1762462799999,4292940.24444,65114
DOGEUSDT,1762462800000,0.16047,0.16291,0.1601,0.16238,24168194.0,1762466399999,3906734.85212,47864
DOGEUSDT,1762466400000,0.16237,0.16274,0.16078,0.16195,18506795.0,1762469999999,2995280.84513,34652
DOGEUSDT,1762470000000,0.16195,0.16195,0.16024,0.16164,31656918.0,1762473599999,5096432.0847,51010
DOGEUSDT,1762473600000,0.16164,0.16332,0.16131,0.16303,44737657.0,1762477199999,7264046.67373,79826
DOGEUSDT,1762477200000,0.16303,0.16345,0.16095,0.16323,46913974.0,1762480799999,7609644.64869,86242
DOGEUSDT,1762480800000,0.16323,0.16423,0.1621,0.16413,48991464.0,1762484399999,8004796.02697,62031
DOGEUSDT,1762484400000,0.16414,0.16509,0.16403,0.16436,30940435.0,1762487999999,5093033.6082,53491
DOGEUSDT,1762488000000,0.16435,0.16473,0.16366,0.16461,29829727.0,1762491599999,4896163.8277,43340
DOGEUSDT,1762491600000,0.16461,0.16649,0.16451,0.16624,43153394.0,1762495199999,7153936.59079,57863
DOGEUSDT,1762495200000,0.16623,0.16642,0.16557,0.16557,35190769.0,1762498799999,5839811.07073,33462
DOGEUSDT,1762498800000,0.16557,0.16725,0.16535,0.16701,32495930.0,1762502399999,5402490.06477,43543
DOGEUSDT,1762502400000,0.16701,0.16735,0.166,0.1663,25238112.0,1762505999999,4203789.75368,38636
DOGEUSDT,1762506000000,0.16631,0.16644,0.16384,0.16506,47644447.0,1762509599999,7860609.62241,71254
DOGEUSDT,1762509600000,0.16505,0.16589,0.16376,0.16462,40899879.0,1762513199999,6745945.7706,60077
DOGEUSDT,1762513200000,0.16462,0.16479,0.16215,0.16375,66939296.0,1762516799999,10918659.22294,119341
DOGEUSDT,1762516800000,0.16374,0.16428,0.16034,0.16122,63858328.0,1762520399999,10333128.96914,97666
DOGEUSDT,1762520400000,0.16122,0.16286,0.1607,0.16206,46381177.0,1762523999999,7503883.50823,98667
DOGEUSDT,1762524000000,0.16205,0.16597,0.1596,0.16544,103075979.0,1762527599999,16790650.89349,187735
DOGEUSDT,1762527600000,0.16545,0.17027,0.16408,0.16902,180183926.0,1762531199999,30148396.13479,285866
DOGEUSDT,1762531200000,0.16902,0.17555,0.16834,0.17431,198002838.0,1762534799999,34179399.82151,285265
DOGEUSDT,1762534800000,0.17431,0.17978,0.17334,0.17964,188979446.0,1762538399999,33490371.52622,243782
DOGEUSDT,1762538400000,0.17965,0.18166,0.17882,0.17933,120224801.0,1762541999999,21680886.22874,189987
DOGEUSDT,1762542000000,0.17932,0.18114,0.1782,0.18062,73397535.0,1762545599999,13200601.07453,126165
DOGEUSDT,1762545600000,0.18062,0.1808,0.179,0.18024,41729138.0,1762549199999,7504324.83041,83220
DOGEUSDT,1762549200000,0.18025,0.1816,0.17992,0.18052,31328388.0,1762552799999,5663446.08471,59119
DOGEUSDT,1762552800000,0.18052,0.18077,0.17959,0.18056,27971705.0,1762556399999,5042638.97946,45367
DOGEUSDT,1762556400000,0.18057,0.18063,0.17837,0.17877,44187316.0,1762559999999,7917157.213,62819
DOGEUSDT,1762560000000,0.17877,0.18049,0.17739,0.17759,89232391.0,1762563599999,15973020.13231,122354
DOGEUSDT,1762563600000,0.17758,0.18197,0.17731,0.18098,88403152.0,1762567199999,15924662.54374,134969
DOGEUSDT,1762567200000,0.18097,0.18297,0.18049,0.18138,83948722.0,1762570799999,15271394.82507,119040
DOGEUSDT,1762570800000,0.18138,0.18332,0.17974,0.17978,92186935.0,1762574399999,16750442.701,106199
DOGEUSDT,1762574400000,0.17978,0.18227,0.17977,0.18148,48217347.0,1762577999999,8719190.86683,78644
DOGEUSDT,1762578000000,0.18147,0.18189,0.17864,0.17873,62627989.0,1762581599999,11270794.41348,83352
DOGEUSDT,1762581600000,0.17873,0.18023,0.17762,0.17959,77222200.0,1762585199999,13799730.9496,90896
DOGEUSDT,1762585200000,0.17959,0.18051,0.17807,0.18021,40070572.0,1762588799999,7187029.06998,64303
DOGEUSDT,1762588800000,0.18022,0.1822,0.17922,0.1814,52155845.0,1762592399999,9440819.68822,80162
DOGEUSDT,1762592400000,0.18139,0.18187,0.17972,0.18024,52871351.0,1762595999999,9552335.63978,65784
DOGEUSDT,1762596000000,0.18025,0.1808,0.17993,0.18044,29840214.0,1762599599999,5383580.42558,48491
DOGEUSDT,1762599600000,0.18044,0.18117,0.17853,0.17912,55258704.0,1762603199999,9916145.36532,71983
DOGEUSDT,1762603200000,0.17912,0.17963,0.17833,0.17949,29589884.0,1762606799999,5300027.47581,57344
DOGEUSDT,1762606800000,0.17949,0.17956,0.17581,0.17596,100648558.0,1762610399999,17840311.27417,131378
DOGEUSDT,1762610400000,0.17597,0.1765,0.17425,0.17584,77068203.0,1762613999999,13521820.87701,125772
DOGEUSDT,1762614000000,0.17584,0.17619,0.17323,0.17397,64238315.0,1762617599999,11221797.41745,94856
DOGEUSDT,1762617600000,0.17398,0.17504,0.173,0.1745,42381932.0,1762621199999,7381667.66018,84835
DOGEUSDT,1762621200000,0.1745,0.17518,0.17375,0.17477,32668571.0,1762624799999,5702533.53875,49809
DOGEUSDT,1762624800000,0.17478,0.17599,0.17413,0.17568,25168675.0,1762628399999,4408847.78107,40681
DOGEUSDT,1762628400000,0.17567,0.17573,0.17357,0.17506,17782994.0,1762631999999,3106038.70265,40469
DOGEUSDT,1762632000000,0.17506,0.17632,0.17456,0.17562,16676214.0,1762635599999,2924359.40877,36305
DOGEUSDT,1762635600000,0.17562,0.17593,0.17508,0.17573,12275751.0,1762639199999,2154948.57169,28532
DOGEUSDT,1762639200000,0.17573,0.17627,0.17522,0.17602,15863975.0,1762642799999,2787493.48518,25918
DOGEUSDT,1762642800000,0.17602,0.17663,0.17539,0.17605,26461785.0,1762646399999,4657795.46565,27777
DOGEUSDT,1762646400000,0.17605,0.17609,0.17437,0.17475,35495719.0,1762649999999,6213053.37679,41849
DOGEUSDT,1762650000000,0.17475,0.17582,0.17421,0.17544,12231363.0,1762653599999,2142227.56347,36345
DOGEUSDT,1762653600000,0.17544,0.17544,0.17182,0.17217,43251110.0,1762657199999,7490375.17294,72778
DOGEUSDT,1762657200000,0.17217,0.17306,0.17123,0.17202,35242088.0,1762660799999,6065518.29816,65608
DOGEUSDT,1762660800000,0.17202,0.17377,0.17189,0.17315,19742362.0,1762664399999,3411701.06946,39373
DOGEUSDT,1762664400000,0.17314,0.17414,0.17267,0.17393,15939338.0,1762667999999,2764373.17221,33513
DOGEUSDT,1762668000000,0.17393,0.17532,0.17351,0.17433,15508938.0,1762671599999,2705792.78667,32407
DOGEUSDT,1762671600000,0.17433,0.17543,0.17416,0.1752,15689948.0,1762675199999,2744385.53817,34281
DOGEUSDT,1762675200000,0.17519,0.17519,0.17361,0.17414,16065275.0,1762678799999,2800028.67397,27210
DOGEUSDT,1762678800000,0.17414,0.17507,0.17335,0.17344,21588450.0,1762682399999,3763275.57363,39455
DOGEUSDT,1762682400000,0.17344,0.17432,0.17243,0.17429,29848387.0,1762685999999,5166188.9993,50428
DOGEUSDT,1762686000000,0.17429,0.17551,0.17429,0.17515,40389091.0,1762689599999,7073636.03517,65696
DOGEUSDT,1762689600000,0.17514,0.17601,0.17478,0.17546,34840848.0,1762693199999,6112737.97138,46898
DOGEUSDT,1762693200000,0.17546,0.17675,0.17523,0.17611,51393597.0,1762696799999,9048097.59746,53475
DOGEUSDT,1762696800000,0.1761,0.17961,0.17501,0.17693,125628767.0,1762700399999,22313561.87594,131429
DOGEUSDT,1762700400000,0.17693,0.17933,0.17691,0.17807,61060636.0,1762703999999,10894835.80013,88472
DOGEUSDT,1762704000000,0.17807,0.17918,0.17671,0.17869,34823094.0,1762707599999,6195929.42609,66368
DOGEUSDT,1762707600000,0.17869,0.17877,0.17683,0.17749,37199297.0,1762711199999,6614095.18098,47879
DOGEUSDT,1762711200000,0.1775,0.179,0.17654,0.17881,23921188.0,1762714799999,4250956.06594,42446
DOGEUSDT,1762714800000,0.17881,0.18015,0.17834,0.18013,27492551.0,1762718399999,4930421.25124,53927
DOGEUSDT,1762718400000,0.18013,0.18042,0.1789,0.17943,29068399.0,1762721999999,5222169.71409,45264
DOGEUSDT,1762722000000,0.17944,0.18025,0.17921,0.17992,23468215.0,1762725599999,4220422.99273,35927
DOGEUSDT,1762725600000,0.17993,0.18003,0.17854,0.17967,30655464.0,1762729199999,5500185.6758,35855
DOGEUSDT,1762729200000,0.17967,0.18158,0.17846,0.1793,44136808.0,1762732799999,7939507.67163,76153
DOGEUSDT,1762732800000,0.1793,0.18376,0.17806,0.18243,98096399.0,1762736399999,17771879.23118,127146
DOGEUSDT,1762736400000,0.18242,0.18329,0.18079,0.1808,56030905.0,1762739999999,10189322.51965,108671
DOGEUSDT,1762740000000,0.1808,0.18163,0.17996,0.18118,50489492.0,1762743599999,9128656.78399,72393
DOGEUSDT,1762743600000,0.18119,0.18226,0.18107,0.18167,34756017.0,1762747199999,6307679.79974,69680
DOGEUSDT,1762747200000,0.18166,0.182,0.18035,0.1814,42352722.0,1762750799999,7668847.81804,59204
DOGEUSDT,1762750800000,0.18141,0.18201,0.18012,0.18098,29982745.0,1762754399999,5430840.07844,53657
DOGEUSDT,1762754400000,0.18099,0.18159,0.18011,0.18088,22030257.0,1762757999999,3983709.49472,44529
DOGEUSDT,1762758000000,0.18089,0.18178,0.1804,0.18134,32571804.0,1762761599999,5899544.85919,47183
DOGEUSDT,1762761600000,0.18133,0.18148,0.17963,0.18094,38213829.0,1762765199999,6898716.11442,52959
DOGEUSDT,1762765200000,0.18094,0.18575,0.1807,0.18432,67555145.0,1762768799999,12387759.87214,94462
DOGEUSDT,1762768800000,0.18432,0.18499,0.18222,0.18261,43353160.0,1762772399999,7947172.13957,79133
DOGEUSDT,1762772400000,0.18261,0.1841,0.18256,0.18304,50949935.0,1762775999999,9351018.4486,61909
DOGEUSDT,1762776000000,0.18304,0.18319,0.18141,0.18203,41808993.0,1762779599999,7611975.15492,63114
DOGEUSDT,1762779600000,0.18203,0.184,0.18185,0.18297,32562504.0,1762783199999,5956069.06471,57201
DOGEUSDT,1762783200000,0.18297,0.18297,0.17818,0.17941,117632190.0,1762786799999,21214639.52993,157879
DOGEUSDT,1762786800000,0.17941,0.1805,0.17774,0.17921,95924626.0,1762790399999,17194963.07399,138507
DOGEUSDT,1762790400000,0.17921,0.18026,0.17722,0.17816,51717008.0,1762793999999,9233069.46171,103543
DOGEUSDT,1762794000000,0.17816,0.18048,0.17801,0.17989,34281668.0,1762797599999,6143977.71239,63796
DOGEUSDT,1762797600000,0.1799,0.18022,0.17846,0.1785,20647523.0,1762801199999,3700845.81673,41919
DOGEUSDT,1762801200000,0.17849,0.18117,0.17836,0.17992,44581627.0,1762804799999,8028859.43924,54635
DOGEUSDT,1762804800000,0.17992,0.18116,0.17975,0.18032,22128487.0,1762808399999,3993650.72807,47516
DOGEUSDT,1762808400000,0.18032,0.18034,0.17824,0.17938,32172056.0,1762811999999,5757916.87778,54692
DOGEUSDT,1762812000000,0.17939,0.18418,0.17884,0.18333,41373716.0,1762815599999,7513860.00487,60566
DOGEUSDT,1762815600000,0.18332,0.18348,0.18161,0.18179,21982226.0,1762819199999,4011168.66399,52525
DOGEUSDT,1762819200000,0.18178,0.18246,0.17933,0.18106,42949829.0,1762822799999,7779001.86991,72067
DOGEUSDT,1762822800000,0.18105,0.1864,0.1806,0.18084,113656244.0,1762826399999,20833912.38459,179557
DOGEUSDT,1762826400000,0.18085,0.18443,0.17973,0.18294,103797693.0,1762829999999,18886228.48319,142803
DOGEUSDT,1762830000000,0.18294,0.18394,0.18268,0.18281,56303855.0,1762833599999,10320354.32508,76336
DOGEUSDT,1762833600000,0.18281,0.18337,0.17972,0.18003,69098475.0,1762837199999,12525428.6407,76102
DOGEUSDT,1762837200000,0.18003,0.18006,0.17816,0.17826,49644632.0,1762840799999,8880298.22561,74940
DOGEUSDT,1762840800000,0.17826,0.17856,0.17686,0.17808,60271353.0,1762844399999,10710979.75719,72953
DOGEUSDT,1762844400000,0.17807,0.17838,0.17625,0.17639,47261454.0,1762847999999,8375759.31468,79746
DOGEUSDT,1762848000000,0.17639,0.17755,0.17618,0.17729,26774527.0,1762851599999,4738322.36341,61255
DOGEUSDT,1762851600000,0.17729,0.17859,0.17718,0.17748,28961961.0,1762855199999,5152284.72829,54745
DOGEUSDT,1762855200000,0.17747,0.17786,0.17685,0.1776,25788617.0,1762858799999,4575692.51678,42624
DOGEUSDT,1762858800000,0.1776,0.17881,0.17708,0.17767,23458187.0,1762862399999,4174738.16469,46587
DOGEUSDT,1762862400000,0.17766,0.17858,0.17671,0.17791,25552197.0,1762865999999,4536540.76462,55036
DOGEUSDT,1762866000000,0.17791,0.17855,0.17684,0.17714,27396880.0,1762869599999,4869796.77088,58186
DOGEUSDT,1762869600000,0.17715,0.17886,0.1759,0.1787,97851403.0,1762873199999,17315566.28918,101457
DOGEUSDT,1762873200000,0.1787,0.1787,0.17527,0.17617,90902555.0,1762876799999,16057401.19513,103277
DOGEUSDT,1762876800000,0.17616,0.17713,0.17545,0.17599,53123306.0,1762880399999,9373742.31783,71287
DOGEUSDT,1762880400000,0.176,0.17695,0.17427,0.17574,45013646.0,1762883999999,7899047.79539,70588
DOGEUSDT,1762884000000,0.17573,0.17631,0.17462,0.1749,23040121.0,1762887599999,4038638.65138,52214
DOGEUSDT,1762887600000,0.1749,0.17521,0.17344,0.17435,30465352.0,1762891199999,5310047.5011,48091
DOGEUSDT,1762891200000,0.17435,0.17461,0.17259,0.17308,43545825.0,1762894799999,7555127.57547,57593
DOGEUSDT,1762894800000,0.17309,0.17378,0.17172,0.17235,37994444.0,1762898399999,6561284.22195,58093
DOGEUSDT,1762898400000,0.17234,0.17375,0.17171,0.17322,29383691.0,1762901999999,5082561.03785,37956
DOGEUSDT,1762902000000,0.17323,0.17337,0.17154,0.17206,41954875.0,1762905599999,7240721.13162,43065
DOGEUSDT,1762905600000,0.17207,0.17293,0.17142,0.1716,34747119.0,1762909199999,5985780.05917,61149
DOGEUSDT,1762909200000,0.17161,0.17309,0.1714,0.17272,27139157.0,1762912799999,4684416.09434,49485
DOGEUSDT,1762912800000,0.17272,0.17305,0.17094,0.17187,35206230.0,1762916399999,6056012.61679,47109
DOGEUSDT,1762916400000,0.17188,0.17218,0.17151,0.17161,13727865.0,1762919999999,2358824.62255,29444
DOGEUSDT,1762920000000,0.17161,0.17215,0.17109,0.17154,20727060.0,1762923599999,3555334.45652,27662
DOGEUSDT,1762923600000,0.17155,0.17234,0.17125,0.17202,21647767.0,1762927199999,3720073.28533,30741
DOGEUSDT,1762927200000,0.17202,0.17298,0.17195,0.17222,19577697.0,1762930799999,3377530.38847,25375
DOGEUSDT,1762930800000,0.17222,0.17245,0.17118,0.17144,25382753.0,1762934399999,4363271.10923,28798
DOGEUSDT,1762934400000,0.17144,0.17459,0.17144,0.17409,69631287.0,1762937999999,12091611.59023,53346
DOGEUSDT,1762938000000,0.1741,0.17554,0.17404,0.17515,45726343.0,1762941599999,8003414.14081,48971
DOGEUSDT,1762941600000,0.17514,0.17655,0.1751,0.1764,38498362.0,1762945199999,6773253.40686,37828
DOGEUSDT,1762945200000,0.1764,0.17713,0.1759,0.17622,30104936.0,1762948799999,5315518.26064,43474
DOGEUSDT,1762948800000,0.17623,0.17708,0.17577,0.17645,25867532.0,1762952399999,4564132.08378,41335
DOGEUSDT,1762952400000,0.17645,0.17806,0.1757,0.17801,31416197.0,1762955999999,5562749.62573,43094
DOGEUSDT,1762956000000,0.17801,0.17855,0.17347,0.17535,88376507.0,1762959599999,15546872.88564,119732
DOGEUSDT,1762959600000,0.17535,0.17669,0.1708,0.17136,107198671.0,1762963199999,18614652.09526,186917
DOGEUSDT,1762963200000,0.17136,0.17181,0.1679,0.16924,135216795.0,1762966799999,22945354.26186,223013
DOGEUSDT,1762966800000,0.16924,0.17076,0.16808,0.16949,60593055.0,1762970399999,10251013.46323,105503
DOGEUSDT,1762970400000,0.16949,0.16999,0.16834,0.16856,42874489.0,1762973999999,7260638.26659,61219
DOGEUSDT,1762974000000,0.16857,0.16932,0.16721,0.16902,39202472.0,1762977599999,6589984.48494,69391
DOGEUSDT,1762977600000,0.16902,0.17097,0.16853,0.17044,19594885.0,1762981199999,3327551.91856,46917
DOGEUSDT,1762981200000,0.17045,0.17144,0.1703,0.17068,12450991.0,1762984799999,2126370.48874,26638
DOGEUSDT,1762984800000,0.17068,0.17122,0.16949,0.17105,14776976.0,1762988399999,2515696.51188,25494
DOGEUSDT,1762988400000,0.17105,0.17105,0.16956,0.17018,15175623.0,1762991999999,2583087.18504,33305
DOGEUSDT,1762992000000,0.17018,0.17171,0.17004,0.17054,19263235.0,1762995599999,3289741.90401,39512
DOGEUSDT,1762995600000,0.17053,0.17224,0.17047,0.17107,46293886.0,1762999199999,7939987.02655,62728
DOGEUSDT,1762999200000,0.17107,0.17192,0.17053,0.17125,15726546.0,1763002799999,2694855.13719,33005
DOGEUSDT,1763002800000,0.17125,0.17564,0.16922,0.17405,111655567.0,1763006399999,19303531.23696,135734
DOGEUSDT,1763006400000,0.17406,0.17528,0.17325,0.17474,58945812.0,1763009999999,10280863.9927,85360
DOGEUSDT,1763010000000,0.17473,0.17659,0.17342,0.17602,57814314.0,1763013599999,10110319.9174,76915
DOGEUSDT,1763013600000,0.17603,0.17684,0.17551,0.17621,35103498.0,1763017199999,6184957.02558,54938
DOGEUSDT,1763017200000,0.17621,0.17709,0.17519,0.17574,57463734.0,1763020799999,10109869.33293,52505
DOGEUSDT,1763020800000,0.17573,0.17641,0.1754,0.17551,24323548.0,1763024399999,4278997.69609,36493
DOGEUSDT,1763024400000,0.17552,0.17574,0.17421,0.17481,63225936.0,1763027999999,11051509.77146,63152
DOGEUSDT,1763028000000,0.17482,0.17687,0.17482,0.17597,24605355.0,1763031599999,4331247.8501,39281
DOGEUSDT,1763031600000,0.17597,0.17632,0.17522,0.17586,15443532.0,1763035199999,2717330.43353,29968
DOGEUSDT,1763035200000,0.17586,0.17619,0.17523,0.17553,18313135.0,1763038799999,3219314.35039,30638
DOGEUSDT,1763038800000,0.17553,0.1759,0.17365,0.17447,54304722.0,1763042399999,9496852.72433,71398
DOGEUSDT,1763042400000,0.17447,0.17766,0.17293,0.17629,87268757.0,1763045999999,15280320.79588,159822
DOGEUSDT,1763046000000,0.17628,0.17687,0.17213,0.17273,104203342.0,1763049599999,18143825.43709,157431
DOGEUSDT,1763049600000,0.17273,0.17323,0.16952,0.16976,98262716.0,1763053199999,16817738.89092,116166
DOGEUSDT,1763053200000,0.16976,0.16997,0.16535,0.16568,127773437.0,1763056799999,21482899.76069,169965
DOGEUSDT,1763056800000,0.16569,0.16598,0.162,0.16268,132998972.0,1763060399999,21780545.6084,216810
DOGEUSDT,1763060400000,0.16269,0.16364,0.1602,0.16127,121621106.0,1763063999999,19687090.96012,186296
DOGEUSDT,1763064000000,0.16127,0.16264,0.16,0.1612,90845770.0,1763067599999,14637513.51651,169529
DOGEUSDT,1763067600000,0.1612,0.16187,0.16015,0.16141,54616531.0,1763071199999,8794343.59027,87770
DOGEUSDT,1763071200000,0.1614,0.16384,0.16104,0.16382,49001594.0,1763074799999,7967082.34279,68889
DOGEUSDT,1763074800000,0.16382,0.16535,0.1629,0.16384,99570496.0,1763078399999,16362762.49399,88989
DOGEUSDT,1763078400000,0.16383,0.16502,0.16257,0.16309,65809671.0,1763081999999,10766688.67726,116078
DOGEUSDT,1763082000000,0.1631,0.16436,0.16257,0.16324,65344746.0,1763085599999,10684670.13509,100325
DOGEUSDT,1763085600000,0.16324,0.16568,0.16317,0.16497,44746968.0,1763089199999,7365610.81274,68772
DOGEUSDT,1763089200000,0.16496,0.16516,0.1635,0.16408,46489468.0,1763092799999,7635175.51274,57319
DOGEUSDT,1763092800000,0.16408,0.16415,0.1591,0.16261,179896004.0,1763096399999,29033134.35111,192231
DOGEUSDT,1763096400000,0.16261,0.16461,0.16239,0.16427,92688024.0,1763099999999,15141780.76811,133060
DOGEUSDT,1763100000000,0.16427,0.16569,0.16123,0.16551,80520969.0,1763103599999,13155521.47846,128517
DOGEUSDT,1763103600000,0.16551,0.16628,0.16416,0.1651,69628615.0,1763107199999,11494518.61384,126282
DOGEUSDT,1763107200000,0.1651,0.1653,0.16323,0.16396,39002159.0,1763110799999,6412405.82178,64484
DOGEUSDT,1763110800000,0.16396,0.16456,0.16188,0.1621,51740099.0,1763114399999,8422060.16479,64124
DOGEUSDT,1763114400000,0.1621,0.16414,0.16204,0.16328,26248210.0,1763117999999,4282575.66357,45041
DOGEUSDT,1763118000000,0.16328,0.16346,0.16072,0.16206,90870479.0,1763121599999,14715583.03744,93312
DOGEUSDT,1763121600000,0.16207,0.16208,0.15767,0.161,158557029.0,1763125199999,25295404.16741,187102
DOGEUSDT,1763125200000,0.16101,0.16197,0.1582,0.15973,111980286.0,1763128799999,17888714.15489,152229
DOGEUSDT,1763128800000,0.15973,0.16407,0.15803,0.16264,170608224.0,1763132399999,27551400.11409,207890
DOGEUSDT,1763132400000,0.16265,0.1647,0.16114,0.16287,99986476.0,1763135999999,16268880.79273,147057
DOGEUSDT,1763136000000,0.16288,0.16477,0.1622,0.16402,78051098.0,1763139599999,12774343.22067,90561
DOGEUSDT,1763139600000,0.16401,0.16455,0.1609,0.16165,57751389.0,1763143199999,9392991.64386,66287
DOGEUSDT,1763143200000,0.16165,0.16332,0.16115,0.16153,48994247.0,1763146799999,7936728.76989,70648
DOGEUSDT,1763146800000,0.16153,0.16383,0.16117,0.16331,35010937.0,1763150399999,5692023.16379,52276
DOGEUSDT,1763150400000,0.16331,0.1634,0.15771,0.1589,60942934.0,1763153999999,9722376.25756,89455
DOGEUSDT,1763154000000,0.15891,0.16077,0.15808,0.16016,28935470.0,1763157599999,4626820.34733,56925
DOGEUSDT,1763157600000,0.16016,0.16111,0.15874,0.15933,30590192.0,1763161199999,4889279.05555,49584
DOGEUSDT,1763161200000,0.15933,0.15933,0.15472,0.15765,103844884.0,1763164799999,16274340.31563,142485
DOGEUSDT,1763164800000,0.15765,0.16027,0.15721,0.16013,50337950.0,1763168399999,8001117.39397,87544
DOGEUSDT,1763168400000,0.16013,0.16171,0.15942,0.16137,48480059.0,1763171999999,7789329.1824,61937
DOGEUSDT,1763172000000,0.16137,0.16243,0.161,0.1624,23579373.0,1763175599999,3813067.82725,42231
DOGEUSDT,1763175600000,0.1624,0.16307,0.16188,0.16288,44908612.0,1763179199999,7300106.32636,46377
DOGEUSDT,1763179200000,0.16289,0.16338,0.16225,0.16248,30515925.0,1763182799999,4962828.71465,30692
DOGEUSDT,1763182800000,0.16248,0.16339,0.16225,0.16327,27716937.0,1763186399999,4513782.46477,30221
DOGEUSDT,1763186400000,0.16327,0.1642,0.16301,0.1633,30732486.0,1763189999999,5024893.93619,28108
DOGEUSDT,1763190000000,0.16329,0.16365,0.16272,0.16305,27952386.0,1763193599999,4559770.40257,24920
DOGEUSDT,1763193600000,0.16305,0.16313,0.16077,0.16111,43033771.0,1763197199999,6968467.10743,49710
DOGEUSDT,1763197200000,0.1611,0.16266,0.16082,0.16148,38995112.0,1763200799999,6315289.10415,39749
DOGEUSDT,1763200800000,0.16148,0.16218,0.16093,0.16195,19999064.0,1763204399999,3228374.70618,30426
DOGEUSDT,1763204400000,0.16195,0.16227,0.16134,0.16183,13472395.0,1763207999999,2179666.80063,27915
DOGEUSDT,1763208000000,0.16182,0.16322,0.16159,0.16306,25859667.0,1763211599999,4204513.13082,36596
DOGEUSDT,1763211600000,0.16306,0.16385,0.16277,0.1635,38655111.0,1763215199999,6309574.0292,48162
DOGEUSDT,1763215200000,0.1635,0.16384,0.16321,0.16375,22735713.0,1763218799999,3718007.37439,35724
DOGEUSDT,1763218800000,0.16375,0.1641,0.16295,0.16311,28320790.0,1763222399999,4628129.73312,40975
DOGEUSDT,1763222400000,0.16311,0.16337,0.16209,0.16326,31718443.0,1763225999999,5161614.65437,46221
DOGEUSDT,1763226000000,0.16327,0.16482,0.16317,0.16444,33801919.0,1763229599999,5539314.5544,50940
DOGEUSDT,1763229600000,0.16444,0.16447,0.1636,0.16388,15572670.0,1763233199999,2555056.19464,24740
DOGEUSDT,1763233200000,0.16389,0.16408,0.16334,0.16374,9767617.0,1763236799999,1598493.66136,14794
DOGEUSDT,1763236800000,0.16375,0.164,0.16245,0.16264,20799074.0,1763240399999,3392609.27331,27758
DOGEUSDT,1763240400000,0.16265,0.16384,0.16189,0.1623,25059261.0,1763243999999,4079747.80084,31451
DOGEUSDT,1763244000000,0.16229,0.16369,0.16214,0.16365,12828498.0,1763247599999,2091482.81263,23580
DOGEUSDT,1763247600000,0.16365,0.16395,0.16313,0.16316,9019195.0,1763251199999,1475700.10552,22667
DOGEUSDT,1763251200000,0.16316,0.16334,0.16158,0.16209,15655561.0,1763254799999,2541337.92003,34405
DOGEUSDT,1763254800000,0.16208,0.1622,0.15998,0.16174,65821138.0,1763258399999,10604566.35764,80843
DOGEUSDT,1763258400000,0.16174,0.16383,0.1611,0.16372,59232558.0,1763261999999,9627930.98329,61517
DOGEUSDT,1763262000000,0.16373,0.16445,0.1632,0.16387,17011185.0,1763265599999,2788033.52513,28553
DOGEUSDT,1763265600000,0.16387,0.16413,0.16271,0.1632,13410995.0,1763269199999,2189710.49563,24358
DOGEUSDT,1763269200000,0.16321,0.1643,0.16318,0.16341,14917395.0,1763272799999,2443440.3436,27694
DOGEUSDT,1763272800000,0.16341,0.16393,0.16307,0.16315,7664710.0,1763276399999,1254252.93884,17608
DOGEUSDT,1763276400000,0.16316,0.16411,0.16295,0.16407,8891700.0,1763279999999,1454203.21456,16844
DOGEUSDT,1763280000000,0.16408,0.16445,0.16337,0.16389,12452761.0,1763283599999,2039127.7746,20029
DOGEUSDT,1763283600000,0.1639,0.16563,0.16353,0.16544,23892874.0,1763287199999,3937815.75029,30326
DOGEUSDT,1763287200000,0.16544,0.16555,0.16464,0.16468,30059991.0,1763290799999,4960506.97574,30257
DOGEUSDT,1763290800000,0.16468,0.165,0.161,0.1614,75393076.0,1763294399999,12250255.9304,75824
DOGEUSDT,1763294400000,0.1614,0.1623,0.1604,0.16114,31828289.0,1763297999999,5135879.44348,56955
DOGEUSDT,1763298000000,0.16114,0.16182,0.16011,0.16074,29920512.0,1763301599999,4814324.937,44433
DOGEUSDT,1763301600000,0.16074,0.16217,0.16065,0.16162,21702792.0,1763305199999,3502322.86049,33398
DOGEUSDT,1763305200000,0.16162,0.16165,0.15831,0.15859,63918443.0,1763308799999,10208089.88429,71773
DOGEUSDT,1763308800000,0.15859,0.15957,0.15567,0.15632,84648353.0,1763312399999,13343694.02937,141835
DOGEUSDT,1763312400000,0.15631,0.15704,0.1536,0.15548,123609298.0,1763315999999,19207424.77075,129683
DOGEUSDT,1763316000000,0.15547,0.15794,0.15422,0.15486,73905090.0,1763319599999,11542371.80525,128733
DOGEUSDT,1763319600000,0.15485,0.15728,0.15477,0.1559,31321448.0,1763323199999,4890040.93679,65409
DOGEUSDT,1763323200000,0.15589,0.15773,0.15567,0.15646,25608319.0,1763326799999,4017343.64938,41082
DOGEUSDT,1763326800000,0.15646,0.15657,0.15505,0.15633,39136206.0,1763330399999,6092279.60712,59202
DOGEUSDT,1763330400000,0.15633,0.1586,0.15511,0.15804,45564436.0,1763333999999,7140816.8273,74618
DOGEUSDT,1763334000000,0.15805,0.15968,0.15501,0.15857,117065809.0,1763337599999,18460507.84404,164731
DOGEUSDT,1763337600000,0.15856,0.16069,0.157,0.15997,64332962.0,1763341199999,10231433.11163,109835
DOGEUSDT,1763341200000,0.15998,0.16021,0.15893,0.15903,31217179.0,1763344799999,4979825.83962,52127
DOGEUSDT,1763344800000,0.15904,0.16043,0.1581,0.16007,111111064.0,1763348399999,17704980.00853,59043
DOGEUSDT,1763348400000,0.16007,0.16166,0.16002,0.16149,36533166.0,1763351999999,5883287.10088,47449
DOGEUSDT,1763352000000,0.1615,0.16218,0.16104,0.16109,26076584.0,1763355599999,4211500.78083,39895
DOGEUSDT,1763355600000,0.16109,0.16157,0.16083,0.16123,18647452.0,1763359199999,3005205.11754,28321
DOGEUSDT,1763359200000,0.16124,0.16175,0.16069,0.16165,23997819.0,1763362799999,3869616.25764,27929
DOGEUSDT,1763362800000,0.16164,0.16239,0.16142,0.16185,24398522.0,1763366399999,3950974.56963,42051
DOGEUSDT,1763366400000,0.16186,0.16217,0.16136,0.16159,20557845.0,1763369999999,3324661.82543,28293
DOGEUSDT,1763370000000,0.16158,0.16279,0.16114,0.16225,20987431.0,1763373599999,3399411.83396,27624
DOGEUSDT,1763373600000,0.16225,0.1629,0.1621,0.1624,14796971.0,1763377199999,2404946.32048,26345
DOGEUSDT,1763377200000,0.16241,0.16303,0.16195,0.16217,19093714.0,1763380799999,3100181.61473,25744
DOGEUSDT,1763380800000,0.16216,0.16264,0.16144,0.16181,35423489.0,1763384399999,5735618.36845,26572
DOGEUSDT,1763384400000,0.16181,0.16217,0.15758,0.15887,116727733.0,1763387999999,18714551.09374,101582
DOGEUSDT,1763388000000,0.15886,0.1651,0.15788,0.16231,228437776.0,1763391599999,37027676.76482,280946
DOGEUSDT,1763391600000,0.16231,0.16367,0.15785,0.15843,104278028.0,1763395199999,16733775.96524,233032
DOGEUSDT,1763395200000,0.15844,0.16077,0.15562,0.16059,105868113.0,1763398799999,16678978.07574,190112
DOGEUSDT,1763398800000,0.1606,0.16082,0.1557,0.15614,59915915.0,1763402399999,9442870.68239,117423
DOGEUSDT,1763402400000,0.15613,0.15697,0.15372,0.15446,125265520.0,1763405999999,19429504.54952,166567
DOGEUSDT,1763406000000,0.15445,0.1549,0.15183,0.15229,142521978.0,1763409599999,21829827.53353,172543
DOGEUSDT,1763409600000,0.15229,0.15342,0.15104,0.15254,124839383.0,1763413199999,18994060.11067,167448
DOGEUSDT,1763413200000,0.15254,0.15332,0.15066,0.15211,76602188.0,1763416799999,11622985.71366,78241
DOGEUSDT,1763416800000,0.15212,0.15298,0.15154,0.15256,34001896.0,1763420399999,5181574.66369,39086
DOGEUSDT,1763420400000,0.15257,0.15284,0.15145,0.15214,42714026.0,1763423999999,6492744.61203,57147
DOGEUSDT,1763424000000,0.15214,0.1527,0.14943,0.15241,131757809.0,1763427599999,19894725.1937,116245
DOGEUSDT,1763427600000,0.15241,0.15336,0.15195,0.15254,34719524.0,1763431199999,5299794.83502,77759
DOGEUSDT,1763431200000,0.15254,0.15455,0.15045,0.15192,109373582.0,1763434799999,16683783.7416,135111
DOGEUSDT,1763434800000,0.15192,0.15479,0.1502,0.15458,139819112.0,1763438399999,21365370.81774,163727
DOGEUSDT,1763438400000,0.15459,0.15544,0.1522,0.15519,94814127.0,1763441999999,14575880.05253,126141
DOGEUSDT,1763442000000,0.15519,0.15623,0.15398,0.15467,68793397.0,1763445599999,10677209.63814,76496
DOGEUSDT,1763445600000,0.15467,0.15512,0.15342,0.1536,53603259.0,1763449199999,8263687.62872,67831
DOGEUSDT,1763449200000,0.1536,0.15567,0.15295,0.15508,53127794.0,1763452799999,8213669.34055,74191
DOGEUSDT,1763452800000,0.15508,0.15744,0.15503,0.15731,64907856.0,1763456399999,10148658.40315,82423
DOGEUSDT,1763456400000,0.1573,0.15756,0.15629,0.15741,51551809.0,1763459999999,8096175.6743,53489
DOGEUSDT,1763460000000,0.15741,0.15786,0.15661,0.15724,27451845.0,1763463599999,4316156.73333,35923
DOGEUSDT,1763463600000,0.15723,0.15754,0.15652,0.15698,28819799.0,1763467199999,4526947.88721,38185
DOGEUSDT,1763467200000,0.15698,0.15787,0.15629,0.15745,38329538.0,1763470799999,6019419.15052,48479
DOGEUSDT,1763470800000,0.15745,0.15753,0.15584,0.15646,43350431.0,1763474399999,6787616.18951,51680
DOGEUSDT,1763474400000,0.15645,0.15876,0.15616,0.15663,96540072.0,1763477999999,15209444.51645,155947
DOGEUSDT,1763478000000,0.15662,0.16055,0.15608,0.15921,114651015.0,1763481599999,18216369.13361,173879
DOGEUSDT,1763481600000,0.15922,0.16142,0.1587,0.16096,72078763.0,1763485199999,11556482.6619,86370
DOGEUSDT,1763485200000,0.16095,0.16102,0.15971,0.16049,43882676.0,1763488799999,7039214.17593,45182
DOGEUSDT,1763488800000,0.16049,0.16171,0.16049,0.16122,42408584.0,1763492399999,6836953.85015,36151
DOGEUSDT,1763492400000,0.16123,0.16294,0.16094,0.16223,34366036.0,1763495999999,5569773.91481,35894
DOGEUSDT,1763496000000,0.16224,0.16261,0.16134,0.16138,29142369.0,1763499599999,4718902.77143,36142
DOGEUSDT,1763499600000,0.16138,0.16186,0.16052,0.16085,27399062.0,1763503199999,4416343.15497,31252
DOGEUSDT,1763503200000,0.16085,0.16269,0.16084,0.16221,27875955.0,1763506799999,4519108.90776,23947
DOGEUSDT,1763506800000,0.16221,0.16232,0.16134,0.16173,25102219.0,1763510399999,4059505.09238,31306
DOGEUSDT,1763510400000,0.16172,0.16173,0.15985,0.1609,32600159.0,1763513999999,5238530.00321,52743
DOGEUSDT,1763514000000,0.16091,0.16183,0.16004,0.16126,26619655.0,1763517599999,4282703.95307,55285
DOGEUSDT,1763517600000,0.16126,0.1625,0.16085,0.16122,22895146.0,1763521199999,3701305.9016,45953
DOGEUSDT,1763521200000,0.16122,0.16138,0.15924,0.15955,32654897.0,1763524799999,5231980.65539,46154
DOGEUSDT,1763524800000,0.15954,0.16015,0.15841,0.1587,73048759.0,1763528399999,11616695.20568,56340
DOGEUSDT,1763528400000,0.1587,0.15899,0.15536,0.1565,80118295.0,1763531999999,12580744.78733,89012
DOGEUSDT,1763532000000,0.1565,0.1575,0.15583,0.15705,58183602.0,1763535599999,9128118.66305,61851
DOGEUSDT,1763535600000,0.15705,0.15911,0.15691,0.15894,43055107.0,1763539199999,6806048.61099,49975
DOGEUSDT,1763539200000,0.15894,0.15946,0.15787,0.15808,35111447.0,1763542799999,5570389.97277,36561
DOGEUSDT,1763542800000,0.15807,0.15838,0.15726,0.1582,26637809.0,1763546399999,4203431.40856,36236
DOGEUSDT,1763546400000,0.1582,0.15892,0.15795,0.15851,20968992.0,1763549999999,3323479.92965,25956
DOGEUSDT,1763550000000,0.1585,0.15904,0.15813,0.15816,41549935.0,1763553599999,6590788.21104,25340
DOGEUSDT,1763553600000,0.15817,0.15924,0.15777,0.15901,32751273.0,1763557199999,5184993.40265,33486
DOGEUSDT,1763557200000,0.15902,0.15905,0.15716,0.15735,22658251.0,1763560799999,3579308.45178,38013
DOGEUSDT,1763560800000,0.15736,0.1578,0.1559,0.15755,58064735.0,1763564399999,9111571.36843,106956
DOGEUSDT,1763564400000,0.15756,0.15973,0.1542,0.15451,123050684.0,1763567999999,19295127.7441,164293
DOGEUSDT,1763568000000,0.1545,0.15536,0.15176,0.15226,80904869.0,1763571599999,12424069.29814,139130
DOGEUSDT,1763571600000,0.15226,0.1529,0.14853,0.14939,155473999.0,1763575199999,23329840.13962,163986
DOGEUSDT,1763575200000,0.14939,0.14999,0.14712,0.14799,131003197.0,1763578799999,19414001.98516,158650
DOGEUSDT,1763578800000,0.148,0.14927,0.14726,0.14881,63329965.0,1763582399999,9370681.80326,95545
DOGEUSDT,1763582400000,0.14881,0.15089,0.148,0.1504,65447895.0,1763585999999,9780387.99406,83748
DOGEUSDT,1763586000000,0.1504,0.15449,0.15007,0.15416,107653301.0,1763589599999,16431808.50001,131433
DOGEUSDT,1763589600000,0.15416,0.1542,0.15263,0.15316,30939478.0,1763593199999,4741388.40111,49796
DOGEUSDT,1763593200000,0.15315,0.15515,0.15309,0.1546,46574253.0,1763596799999,7194272.35485,60295
DOGEUSDT,1763596800000,0.15459,0.15538,0.15375,0.15445,33018226.0,1763600399999,5101816.68011,49185
DOGEUSDT,1763600400000,0.15446,0.15639,0.15409,0.1563,30901427.0,1763603999999,4800300.67129,44226
DOGEUSDT,1763604000000,0.15629,0.15833,0.15612,0.15817,51206486.0,1763607599999,8059541.41606,64510
DOGEUSDT,1763607600000,0.15818,0.15829,0.1573,0.15767,32251951.0,1763611199999,5086669.39875,41503
DOGEUSDT,1763611200000,0.15767,0.15858,0.15682,0.15843,52762565.0,1763614799999,8309061.70346,44946
DOGEUSDT,1763614800000,0.15844,0.15882,0.15751,0.15781,27835675.0,1763618399999,4400510.74857,32078
DOGEUSDT,1763618400000,0.15781,0.15807,0.15638,0.15705,43191965.0,1763621999999,6788795.81596,39017
DOGEUSDT,1763622000000,0.15705,0.1583,0.15686,0.15822,30638174.0,1763625599999,4829699.20516,38743
DOGEUSDT,1763625600000,0.15822,0.15842,0.15745,0.15776,26465083.0,1763629199999,4177121.77184,33189
DOGEUSDT,1763629200000,0.15777,0.15783,0.1567,0.15732,39912023.0,1763632799999,6277546.14999,40017
DOGEUSDT,1763632800000,0.15732,0.15788,0.15644,0.1578,28090426.0,1763636399999,4413140.90017,30433
DOGEUSDT,1763636400000,0.15779,0.15829,0.15724,0.158,29930055.0,1763639999999,4723016.96821,28979
DOGEUSDT,1763640000000,0.158,0.15925,0.15749,0.15877,31134825.0,1763643599999,4932680.88853,38914
DOGEUSDT,1763643600000,0.15878,0.15972,0.15745,0.15781,78950019.0,1763647199999,12510506.43305,95042
DOGEUSDT,1763647200000,0.15782,0.15957,0.15625,0.15908,102873408.0,1763650799999,16260471.18096,165121
DOGEUSDT,1763650800000,0.15908,0.15913,0.15713,0.15739,89319056.0,1763654399999,14117650.04915,110128
DOGEUSDT,1763654400000,0.15739,0.15761,0.15,0.15069,276750425.0,1763657999999,42309017.3122,341756
DOGEUSDT,1763658000000,0.15068,0.15137,0.1475,0.14843,184266796.0,1763661599999,27423182.10931,237321
DOGEUSDT,1763661600000,0.14842,0.14972,0.14671,0.14734,109165909.0,1763665199999,16163173.00674,137978
DOGEUSDT,1763665200000,0.14733,0.14988,0.14623,0.14965,86033342.0,1763668799999,12712432.95231,120132
DOGEUSDT,1763668800000,0.14965,0.15017,0.14822,0.1493,46666584.0,1763672399999,6968138.49873,73828
DOGEUSDT,1763672400000,0.14931,0.1523,0.14923,0.15102,52355455.0,1763675999999,7902430.87697,65859
DOGEUSDT,1763676000000,0.15101,0.15317,0.15084,0.15272,37762352.0,1763679599999,5758576.30662,48210
DOGEUSDT,1763679600000,0.15272,0.15286,0.14873,0.14892,78892455.0,1763683199999,11881763.83489,87045
DOGEUSDT,1763683200000,0.14892,0.15062,0.14874,0.15012,41525409.0,1763686799999,6218233.04506,81234
DOGEUSDT,1763686800000,0.15012,0.15109,0.14923,0.14978,28195441.0,1763690399999,4234632.50001,65880
DOGEUSDT,1763690400000,0.14977,0.14991,0.14504,0.14542,117482536.0,1763693999999,17357291.93378,166824
DOGEUSDT,1763694000000,0.14541,0.14825,0.14534,0.14691,59567218.0,1763697599999,8755624.85087,140553
DOGEUSDT,1763697600000,0.14691,0.14776,0.145,0.14763,70502162.0,1763701199999,10329798.64484,105154
DOGEUSDT,1763701200000,0.14764,0.14824,0.14614,0.14658,32769557.0,1763704799999,4820592.44896,74014
DOGEUSDT,1763704800000,0.14658,0.14689,0.14522,0.1461,39931905.0,1763708399999,5833192.27928,86155
DOGEUSDT,1763708400000,0.1461,0.14666,0.13441,0.14035,563597055.0,1763711999999,78954469.4011,330906
DOGEUSDT,1763712000000,0.14035,0.14234,0.13969,0.14108,109085052.0,1763715599999,15405759.29199,163051
DOGEUSDT,1763715600000,0.14108,0.14195,0.13796,0.13804,139841661.0,1763719199999,19496230.57985,135911
DOGEUSDT,1763719200000,0.13803,0.13914,0.13697,0.13779,144035609.0,1763722799999,19904684.56361,199307
DOGEUSDT,1763722800000,0.1378,0.13916,0.13638,0.13677,149053572.0,1763726399999,20510124.16528,121123
DOGEUSDT,1763726400000,0.13677,0.13982,0.13321,0.13892,372582435.0,1763729999999,50830074.20123,339101
DOGEUSDT,1763730000000,0.13891,0.14094,0.13831,0.14011,131951216.0,1763733599999,18420408.13064,147400
DOGEUSDT,1763733600000,0.14011,0.14209,0.1388,0.14133,122521305.0,1763737199999,17232697.88387,186646
DOGEUSDT,1763737200000,0.14133,0.14169,0.13746,0.13799,101396693.0,1763740799999,14123334.03486,147038
DOGEUSDT,1763740800000,0.13798,0.14148,0.13575,0.14145,158493870.0,1763744399999,21827176.74541,249287
DOGEUSDT,1763744400000,0.14145,0.1435,0.14119,0.14163,90131992.0,1763747999999,12848767.4224,161947
DOGEUSDT,1763748000000,0.14163,0.14239,0.1384,0.14108,100031418.0,1763751599999,14039803.7273,161620
DOGEUSDT,1763751600000,0.14108,0.14171,0.1394,0.13995,33245801.0,1763755199999,4678434.76059,76714
DOGEUSDT,1763755200000,0.13995,0.14013,0.13756,0.13896,63487145.0,1763758799999,8805321.99343,116177
DOGEUSDT,1763758800000,0.13896,0.14167,0.13806,0.14097,61278695.0,1763762399999,8596483.99888,84274
DOGEUSDT,1763762400000,0.14097,0.14156,0.13654,0.13657,59252094.0,1763765999999,8233606.59327,67472
DOGEUSDT,1763766000000,0.13657,0.14087,0.13574,0.14029,45482424.0,1763769599999,6300073.643,91490
DOGEUSDT,1763769600000,0.14029,0.1412,0.13952,0.14012,35419900.0,1763773199999,4971819.07618,72521
DOGEUSDT,1763773200000,0.14012,0.14148,0.13992,0.14135,25321368.0,1763776799999,3565026.0057,53750
DOGEUSDT,1763776800000,0.14136,0.14141,0.13852,0.13936,30441603.0,1763780399999,4257543.8818,49110
DOGEUSDT,1763780400000,0.13935,0.14011,0.1388,0.1393,55166422.0,1763783999999,7687348.16841,58881
DOGEUSDT,1763784000000,0.13929,0.13939,0.13565,0.13762,82221152.0,1763787599999,11265004.46684,114841
DOGEUSDT,1763787600000,0.13763,0.13814,0.13579,0.13704,60046291.0,1763791199999,8219825.44941,75652
DOGEUSDT,1763791200000,0.13704,0.13947,0.13606,0.13906,47104404.0,1763794799999,6504026.97228,82343
DOGEUSDT,1763794800000,0.13906,0.14016,0.13869,0.13969,29573336.0,1763798399999,4122073.63976,54105
DOGEUSDT,1763798400000,0.13969,0.13973,0.13549,0.13643,61136937.0,1763801999999,8361306.79447,91153
DOGEUSDT,1763802000000,0.13643,0.14011,0.13582,0.13806,82116273.0,1763805599999,11345622.27333,99534
DOGEUSDT,1763805600000,0.13806,0.13872,0.13601,0.13677,56519403.0,1763809199999,7738288.89456,69451
DOGEUSDT,1763809200000,0.13677,0.13908,0.13633,0.13819,43409588.0,1763812799999,5991486.46308,60602
DOGEUSDT,1763812800000,0.13818,0.13829,0.1364,0.13703,28086796.0,1763816399999,3851364.80885,52952
DOGEUSDT,1763816400000,0.13703,0.13751,0.13563,0.13641,50780078.0,1763819999999,6921030.87115,72512
DOGEUSDT,1763820000000,0.1364,0.13943,0.13632,0.1391,77437066.0,1763823599999,10723385.09066,102863
DOGEUSDT,1763823600000,0.13909,0.13952,0.13729,0.13816,39565268.0,1763827199999,5477787.13293,70888
DOGEUSDT,1763827200000,0.13816,0.13977,0.13811,0.13952,40943070.0,1763830799999,5697041.79452,58736
DOGEUSDT,1763830800000,0.13953,0.13958,0.13868,0.13902,20888917.0,1763834399999,2906756.037,38467
DOGEUSDT,1763834400000,0.13903,0.13995,0.13865,0.13966,16809444.0,1763837999999,2341525.94947,31146
DOGEUSDT,1763838000000,0.13967,0.14018,0.13912,0.13947,11639280.0,1763841599999,1624473.03888,25616
DOGEUSDT,1763841600000,0.13947,0.14015,0.13874,0.13916,18893525.0,1763845199999,2635650.00265,31329
DOGEUSDT,1763845200000,0.13915,0.14014,0.13901,0.14008,16756397.0,1763848799999,2340987.02456,26338
DOGEUSDT,1763848800000,0.14009,0.1424,0.13939,0.14145,26843225.0,1763852399999,3782182.07213,42583
DOGEUSDT,1763852400000,0.14145,0.14162,0.13992,0.14027,21024293.0,1763855999999,2956555.58029,43932
DOGEUSDT,1763856000000,0.14027,0.14102,0.13966,0.14022,17510959.0,1763859599999,2457861.77951,38382
DOGEUSDT,1763859600000,0.14023,0.14227,0.1402,0.14171,36760862.0,1763863199999,5199240.57168,48241
DOGEUSDT,1763863200000,0.14171,0.14345,0.14124,0.14265,91920573.0,1763866799999,13116018.08466,71984
DOGEUSDT,1763866800000,0.14265,0.14294,0.14192,0.14289,33499039.0,1763870399999,4772054.24629,45833
DOGEUSDT,1763870400000,0.14289,0.1447,0.14279,0.14375,71079860.0,1763873999999,10220802.06758,68483
DOGEUSDT,1763874000000,0.14375,0.14385,0.14297,0.14367,31046622.0,1763877599999,4453752.06974,32304
DOGEUSDT,1763877600000,0.14367,0.14405,0.1427,0.14285,31912756.0,1763881199999,4575985.48094,32281
DOGEUSDT,1763881200000,0.14284,0.14326,0.14196,0.1429,45387660.0,1763884799999,6467718.28534,39635
DOGEUSDT,1763884800000,0.1429,0.14357,0.14284,0.14339,17543899.0,1763888399999,2512242.88206,27008
DOGEUSDT,1763888400000,0.14339,0.1441,0.14327,0.14349,16565934.0,1763891999999,2380134.36686,26166
DOGEUSDT,1763892000000,0.14349,0.14395,0.14291,0.14384,13932432.0,1763895599999,1997624.96324,25549
DOGEUSDT,1763895600000,0.14384,0.14432,0.14327,0.14382,19888362.0,1763899199999,2860814.85082,34008
DOGEUSDT,1763899200000,0.14382,0.14533,0.14367,0.14518,46225898.0,1763902799999,6685877.14327,51336
DOGEUSDT,1763902800000,0.14519,0.14559,0.14438,0.14548,36710121.0,1763906399999,5324018.5729,37034
DOGEUSDT,1763906400000,0.14548,0.14644,0.14454,0.14491,58779810.0,1763909999999,8538452.03433,62700
DOGEUSDT,1763910000000,0.14492,0.14775,0.14467,0.14724,45885260.0,1763913599999,6716180.11842,66577
DOGEUSDT,1763913600000,0.14724,0.14767,0.1454,0.14551,36337475.0,1763917199999,5336014.32238,60212
DOGEUSDT,1763917200000,0.14552,0.14571,0.14463,0.14493,33291549.0,1763920799999,4835274.32642,51368
DOGEUSDT,1763920800000,0.14493,0.14655,0.14493,0.14612,19447559.0,1763924399999,2836213.95134,34207
DOGEUSDT,1763924400000,0.14612,0.1474,0.1459,0.14658,17000790.0,1763927999999,2495533.57349,34795
DOGEUSDT,1763928000000,0.14659,0.14716,0.14621,0.1465,17522429.0,1763931599999,2569204.94037,30635
DOGEUSDT,1763931600000,0.14651,0.14736,0.14579,0.14704,17038266.0,1763935199999,2498327.50898,32708
DOGEUSDT,1763935200000,0.14705,0.14754,0.14636,0.14744,19410283.0,1763938799999,2851040.97072,34183
DOGEUSDT,1763938800000,0.14744,0.14757,0.1443,0.145,71824507.0,1763942399999,10432720.92069,67496
DOGEUSDT,1763942400000,0.145,0.14589,0.14355,0.14501,60428235.0,1763945999999,8737462.52697,76379
DOGEUSDT,1763946000000,0.14502,0.14593,0.14399,0.14593,38450893.0,1763949599999,5569608.17272,67502
DOGEUSDT,1763949600000,0.14593,0.1493,0.14583,0.14718,149775673.0,1763953199999,22160099.21567,130940
DOGEUSDT,1763953200000,0.14718,0.14848,0.1466,0.14732,31273449.0,1763956799999,4608871.67576,49258
DOGEUSDT,1763956800000,0.14732,0.14776,0.14453,0.14535,45876069.0,1763960399999,6688929.86904,63591
DOGEUSDT,1763960400000,0.14534,0.1489,0.14511,0.14794,46488152.0,1763963999999,6861645.35569,74328
DOGEUSDT,1763964000000,0.14793,0.14805,0.146,0.1469,36024791.0,1763967599999,5279622.84389,58691
DOGEUSDT,1763967600000,0.14689,0.14711,0.14593,0.14623,18115816.0,1763971199999,2652406.21186,39075
DOGEUSDT,1763971200000,0.14623,0.147,0.14575,0.14674,22331684.0,1763974799999,3265988.01491,38749
DOGEUSDT,1763974800000,0.14673,0.14684,0.14395,0.14464,46409850.0,1763978399999,6727475.61413,65286
DOGEUSDT,1763978400000,0.14464,0.14591,0.14453,0.14562,19152811.0,1763981999999,2781319.76082,36423
DOGEUSDT,1763982000000,0.14562,0.14585,0.1448,0.14551,12922836.0,1763985599999,1878631.13141,30226
DOGEUSDT,1763985600000,0.1455,0.1455,0.14448,0.14497,23382159.0,1763989199999,3391258.7261,35650
DOGEUSDT,1763989200000,0.14497,0.14699,0.14478,0.14578,45062383.0,1763992799999,6592535.74285,51426
DOGEUSDT,1763992800000,0.14577,0.1471,0.14279,0.14536,95640194.0,1763996399999,13847693.48331,142857
DOGEUSDT,1763996400000,0.14537,0.14763,0.14468,0.14681,60595830.0,1763999999999,8857427.9036,120249
DOGEUSDT,1764000000000,0.14682,0.14854,0.14673,0.14755,57016537.0,1764003599999,8414525.52852,95757
DOGEUSDT,1764003600000,0.14756,0.15237,0.14755,0.1521,93008608.0,1764007199999,13968610.75562,121515
DOGEUSDT,1764007200000,0.15211,0.153,0.15174,0.15254,66635988.0,1764010799999,10155275.43004,88846
DOGEUSDT,1764010800000,0.15254,0.15331,0.15211,0.15248,36973459.0,1764014399999,5648029.34199,54579
DOGEUSDT,1764014400000,0.15249,0.15397,0.15224,0.15321,45844905.0,1764017999999,7027449.04168,63250
DOGEUSDT,1764018000000,0.1532,0.15322,0.15175,0.1522,31332469.0,1764021599999,4777104.68361,36778
DOGEUSDT,1764021600000,0.15219,0.15315,0.15204,0.15278,25671674.0,1764025199999,3918576.93328,30679
DOGEUSDT,1764025200000,0.15277,0.1529,0.15172,0.15181,25237909.0,1764028799999,3842752.66135,28292
DOGEUSDT,1764028800000,0.1518,0.15217,0.15076,0.15184,37293649.0,1764032399999,5652743.61923,47952
DOGEUSDT,1764032400000,0.15183,0.1523,0.15119,0.15122,27482981.0,1764035999999,4171569.57869,42519
DOGEUSDT,1764036000000,0.15122,0.15174,0.15023,0.15163,28378291.0,1764039599999,4283484.28984,46281
DOGEUSDT,1764039600000,0.15164,0.15194,0.15072,0.15119,19903914.0,1764043199999,3012420.90321,27977
DOGEUSDT,1764043200000,0.15118,0.15201,0.15092,0.15184,15226257.0,1764046799999,2306695.72644,24484
DOGEUSDT,1764046800000,0.15185,0.15185,0.15087,0.15142,16483098.0,1764050399999,2496984.46044,26735
DOGEUSDT,1764050400000,0.15142,0.15146,0.1506,0.1509,12343093.0,1764053999999,1863355.1773,23693
DOGEUSDT,1764054000000,0.1509,0.15099,0.14915,0.14927,34687587.0,1764057599999,5203586.52062,43639
DOGEUSDT,1764057600000,0.14927,0.14974,0.14823,0.14833,27897057.0,1764061199999,4157850.94401,42043
DOGEUSDT,1764061200000,0.14834,0.14867,0.14752,0.14862,27376433.0,1764064799999,4055623.77684,43904
DOGEUSDT,1764064800000,0.14862,0.1491,0.14792,0.14899,18191112.0,1764068399999,2702691.40861,23755
DOGEUSDT,1764068400000,0.149,0.14909,0.14837,0.14863,17618394.0,1764071999999,2621878.46867,19968
DOGEUSDT,1764072000000,0.14864,0.15013,0.14829,0.14947,72267361.0,1764075599999,10808934.68045,52324
DOGEUSDT,1764075600000,0.14946,0.14977,0.14767,0.14806,58190964.0,1764079199999,8653607.78538,54109
DOGEUSDT,1764079200000,0.14807,0.14898,0.14585,0.14743,84974496.0,1764082799999,12527395.74373,108315
DOGEUSDT,1764082800000,0.14744,0.1487,0.14608,0.14798,56468225.0,1764086399999,8317700.34681,84381
DOGEUSDT,1764086400000,0.14798,0.15052,0.14793,0.14975,42857679.0,1764089999999,6404317.65957,62381
DOGEUSDT,1764090000000,0.14974,0.15197,0.14915,0.15106,47202844.0,1764093599999,7115035.01474,66872
DOGEUSDT,1764093600000,0.15106,0.15222,0.15079,0.15106,29069479.0,1764097199999,4406072.34169,42892
DOGEUSDT,1764097200000,0.15106,0.15135,0.14842,0.15107,59456834.0,1764100799999,8903487.45581,66761
DOGEUSDT,1764100800000,0.15108,0.15362,0.15083,0.15291,43364286.0,1764104399999,6600555.52372,72025
DOGEUSDT,1764104400000,0.1529,0.15341,0.15235,0.15269,18470277.0,1764107999999,2823054.24592,33444
DOGEUSDT,1764108000000,0.15269,0.15377,0.15117,0.15339,58494130.0,1764111599999,8923274.70571,47615
DOGEUSDT,1764111600000,0.15338,0.15504,0.15289,0.15301,82443260.0,1764115199999,12688132.39586,70712
DOGEUSDT,1764115200000,0.15301,0.15359,0.15257,0.15274,32414216.0,1764118799999,4963041.64151,46165
DOGEUSDT,1764118800000,0.15275,0.15404,0.15197,0.15302,35885468.0,1764122399999,5489300.53952,48314
DOGEUSDT,1764122400000,0.15303,0.15319,0.15173,0.15177,18268801.0,1764125999999,2784468.4005,27372
DOGEUSDT,1764126000000,0.15176,0.15214,0.15033,0.15057,30907150.0,1764129599999,4675808.28318,31565
DOGEUSDT,1764129600000,0.15058,0.15084,0.15001,0.15037,26503854.0,1764133199999,3984959.18073,25082
DOGEUSDT,1764133200000,0.15037,0.15173,0.15031,0.15166,20063076.0,1764136799999,3030379.08975,23994
DOGEUSDT,1764136800000,0.15166,0.1523,0.151,0.1521,17841878.0,1764140399999,2706929.29492,26260
DOGEUSDT,1764140400000,0.1521,0.15246,0.15182,0.1524,12788544.0,1764143999999,1945040.01615,21905
DOGEUSDT,1764144000000,0.1524,0.15241,0.15108,0.1511,21357755.0,1764147599999,3236825.06941,23766
DOGEUSDT,1764147600000,0.15111,0.15143,0.14995,0.15011,23440791.0,1764151199999,3528007.72882,33467
DOGEUSDT,1764151200000,0.15011,0.15066,0.14965,0.15046,22234063.0,1764154799999,3338884.75868,25848
DOGEUSDT,1764154800000,0.15046,0.15048,0.14967,0.14989,18294660.0,1764158399999,2745851.00153,28604
DOGEUSDT,1764158400000,0.14988,0.15019,0.14862,0.14945,41170158.0,1764161999999,6146011.24559,56812
DOGEUSDT,1764162000000,0.14944,0.15104,0.14921,0.15076,34295738.0,1764165599999,5154674.28223,47575
DOGEUSDT,1764165600000,0.15075,0.152,0.14971,0.15017,82952648.0,1764169199999,12530000.77277,77589
DOGEUSDT,1764169200000,0.15017,0.15149,0.14979,0.1507,59587865.0,1764172799999,8972445.66021,76369
DOGEUSDT,1764172800000,0.1507,0.15277,0.15069,0.1521,46291849.0,1764176399999,7035531.30094,53561
DOGEUSDT,1764176400000,0.1521,0.15606,0.152,0.15573,89728021.0,1764179999999,13846964.84456,110520
DOGEUSDT,1764180000000,0.15573,0.15681,0.15539,0.15666,68727899.0,1764183599999,10726849.40146,76668
DOGEUSDT,1764183600000,0.15666,0.15676,0.1556,0.15589,32331849.0,1764187199999,5043441.20486,37457
DOGEUSDT,1764187200000,0.15588,0.15633,0.15507,0.15538,27796546.0,1764190799999,4325870.03978,34392
DOGEUSDT,1764190800000,0.15537,0.15615,0.15471,0.15568,19205357.0,1764194399999,2986689.43967,27976
DOGEUSDT,1764194400000,0.15569,0.15623,0.15506,0.15527,22081079.0,1764197999999,3433030.16198,24290
DOGEUSDT,1764198000000,0.15526,0.15575,0.15428,0.15474,54616721.0,1764201599999,8456710.40786,32924
DOGEUSDT,1764201600000,0.15473,0.15501,0.15391,0.15446,32541015.0,1764205199999,5023357.79162,30271
DOGEUSDT,1764205200000,0.15446,0.1554,0.1541,0.15513,24414741.0,1764208799999,3780889.79615,34287
DOGEUSDT,1764208800000,0.15512,0.15559,0.15451,0.15467,26556189.0,1764212399999,4120135.03939,38848
DOGEUSDT,1764212400000,0.15467,0.15511,0.15375,0.15392,18160191.0,1764215999999,2802177.5383,25844
DOGEUSDT,1764216000000,0.15391,0.15486,0.1539,0.1547,12833220.0,1764219599999,1983111.59548,18730
DOGEUSDT,1764219600000,0.1547,0.15481,0.15373,0.15395,27396989.0,1764223199999,4223345.15367,29246
DOGEUSDT,1764223200000,0.15395,0.15463,0.15381,0.15424,17049284.0,1764226799999,2628800.00459,18919
DOGEUSDT,1764226800000,0.15424,0.1546,0.15388,0.15425,10857297.0,1764230399999,1674251.04601,16990
DOGEUSDT,1764230400000,0.15425,0.15426,0.15301,0.15372,17068043.0,1764233999999,2619319.57809,24259
DOGEUSDT,1764234000000,0.15373,0.15457,0.15347,0.15384,19785500.0,1764237599999,3047218.29899,23724
DOGEUSDT,1764237600000,0.15383,0.15383,0.15267,0.15322,20037054.0,1764241199999,3069340.37757,23979
DOGEUSDT,1764241200000,0.15322,0.15333,0.15238,0.15286,11523418.0,1764244799999,1760317.43583,17845
DOGEUSDT,1764244800000,0.15286,0.15301,0.1521,0.15234,23937049.0,1764248399999,3651335.91242,25026
DOGEUSDT,1764248400000,0.15234,0.15314,0.15229,0.15264,29101808.0,1764251999999,4442531.20446,29838
DOGEUSDT,1764252000000,0.15264,0.15307,0.15226,0.15289,14236290.0,1764255599999,2173273.4037,25258
DOGEUSDT,1764255600000,0.15288,0.15406,0.15252,0.15399,24950298.0,1764259199999,3824450.11476,27492
DOGEUSDT,1764259200000,0.15399,0.15406,0.15293,0.15328,22467204.0,1764262799999,3448154.02808,35607
DOGEUSDT,1764262800000,0.15328,0.1534,0.15265,0.15319,17272163.0,1764266399999,2642850.515,20822
DOGEUSDT,1764266400000,0.1532,0.15442,0.15296,0.15413,15304569.0,1764269999999,2351477.32947,20789
DOGEUSDT,1764270000000,0.15412,0.15417,0.1537,0.15396,9561595.0,1764273599999,1471501.81601,15666
DOGEUSDT,1764273600000,0.15396,0.1546,0.15392,0.15431,10051425.0,1764277199999,1550666.66543,17517
DOGEUSDT,1764277200000,0.1543,0.1548,0.15372,0.15373,13874084.0,1764280799999,2140412.98102,16835
DOGEUSDT,1764280800000,0.15372,0.15395,0.15225,0.15249,14814875.0,1764284399999,2268431.88247,21942
DOGEUSDT,1764284400000,0.15249,0.15317,0.15225,0.15264,8797739.0,1764287999999,1343508.6975,21602
DOGEUSDT,1764288000000,0.15264,0.15292,0.15183,0.15204,15178798.0,1764291599999,2311704.82013,24816
DOGEUSDT,1764291600000,0.15203,0.15204,0.15005,0.15025,28261065.0,1764295199999,4269977.13854,38218
DOGEUSDT,1764295200000,0.15026,0.15108,0.14966,0.15103,39962863.0,1764298799999,6008954.47696,40373
DOGEUSDT,1764298800000,0.15103,0.15117,0.15048,0.15098,23485006.0,1764302399999,3542214.92018,23576
DOGEUSDT,1764302400000,0.15098,0.15115,0.15031,0.15046,29079081.0,1764305999999,4381344.73423,20678
DOGEUSDT,1764306000000,0.15046,0.15122,0.15022,0.15102,16124299.0,1764309599999,2431528.03154,21322
DOGEUSDT,1764309600000,0.15102,0.15102,0.14961,0.14995,26202037.0,1764313199999,3932498.29092,24269
DOGEUSDT,1764313200000,0.14996,0.15058,0.14975,0.14984,15767117.0,1764316799999,2366559.55692,18226
DOGEUSDT,1764316800000,0.14984,0.1532,0.14983,0.15319,35676745.0,1764320399999,5409950.94374,50965
DOGEUSDT,1764320400000,0.15319,0.15354,0.15198,0.15225,30179465.0,1764323999999,4607123.53017,35902
DOGEUSDT,1764324000000,0.15225,0.1525,0.15189,0.15227,11129468.0,1764327599999,1693787.42584,18558
DOGEUSDT,1764327600000,0.15226,0.15226,0.14975,0.15043,33832375.0,1764331199999,5088945.15216,49988
DOGEUSDT,1764331200000,0.15043,0.15106,0.15019,0.15099,19208909.0,1764334799999,2894016.60739,23892
DOGEUSDT,1764334800000,0.151,0.15304,0.15025,0.15253,68840935.0,1764338399999,10405574.94165,50895
DOGEUSDT,1764338400000,0.15253,0.15395,0.1518,0.15257,52820371.0,1764341999999,8073983.31731,77602
DOGEUSDT,1764342000000,0.15257,0.15554,0.15242,0.15375,59873272.0,1764345599999,9232394.45346,86355
DOGEUSDT,1764345600000,0.15376,0.15379,0.15034,0.15049,41731613.0,1764349199999,6337874.40421,72866
DOGEUSDT,1764349200000,0.1505,0.15099,0.14867,0.14948,57276309.0,1764352799999,8566893.3523,86395
DOGEUSDT,1764352800000,0.14947,0.14996,0.14825,0.14976,27649562.0,1764356399999,4124085.68692,52374
DOGEUSDT,1764356400000,0.14977,0.1512,0.14964,0.151,15770781.0,1764359999999,2371572.70008,27704
DOGEUSDT,1764360000000,0.151,0.15134,0.15008,0.15093,16512731.0,1764363599999,2489824.91494,24800
DOGEUSDT,1764363600000,0.15093,0.15111,0.14978,0.1498,17500075.0,1764367199999,2632351.31907,20148
DOGEUSDT,1764367200000,0.14981,0.1512,0.14952,0.15095,19800520.0,1764370799999,2976432.98183,24341
DOGEUSDT,1764370800000,0.15095,0.15124,0.15015,0.15017,6282904.0,1764374399999,946208.34819,11961
DOGEUSDT,1764374400000,0.15016,0.15054,0.14999,0.15028,11040622.0,1764377999999,1658656.18524,15615
DOGEUSDT,1764378000000,0.15027,0.15095,0.15008,0.15018,7563134.0,1764381599999,1138118.62597,12459
DOGEUSDT,1764381600000,0.15018,0.15025,0.14948,0.15004,17739575.0,1764385199999,2659404.55469,15724
DOGEUSDT,1764385200000,0.15004,0.15037,0.14963,0.14989,11913687.0,1764388799999,1786930.68068,13472
DOGEUSDT,1764388800000,0.14989,0.15072,0.14955,0.15059,8527288.0,1764392399999,1279721.61424,13505
DOGEUSDT,1764392400000,0.1506,0.15062,0.14958,0.14961,12116373.0,1764395999999,1817879.55905,9573
DOGEUSDT,1764396000000,0.14961,0.1501,0.14853,0.14929,28358697.0,1764399599999,4232118.8352,26042
DOGEUSDT,1764399600000,0.14928,0.14939,0.14868,0.14904,12963893.0,1764403199999,1933106.94529,14240
DOGEUSDT,1764403200000,0.14904,0.14954,0.14892,0.1493,6129066.0,1764406799999,914956.08998,17116
DOGEUSDT,1764406800000,0.1493,0.14954,0.14896,0.14939,8707050.0,1764410399999,1299785.44007,14103
DOGEUSDT,1764410400000,0.14939,0.14939,0.14843,0.14905,8155718.0,1764413999999,1215029.14707,18392
DOGEUSDT,1764414000000,0.14905,0.14959,0.14885,0.1495,7131756.0,1764417599999,1064411.1566,14690
DOGEUSDT,1764417600000,0.1495,0.15005,0.14912,0.14926,10259514.0,1764421199999,1534199.63273,16252
DOGEUSDT,1764421200000,0.14926,0.14937,0.14883,0.14894,9239713.0,1764424799999,1377807.31916,15413
DOGEUSDT,1764424800000,0.14893,0.14894,0.14833,0.1484,11112201.0,1764428399999,1651269.98347,16507
DOGEUSDT,1764428400000,0.14839,0.14974,0.14839,0.14948,13273351.0,1764431999999,1981023.6443,23584
DOGEUSDT,1764432000000,0.14948,0.14952,0.14863,0.14894,11430921.0,1764435599999,1703257.77184,17053
DOGEUSDT,1764435600000,0.14894,0.14909,0.14744,0.14777,22958492.0,1764439199999,3400790.61237,28476
DOGEUSDT,1764439200000,0.14776,0.14828,0.14725,0.14818,23173228.0,1764442799999,3424050.02654,32306
DOGEUSDT,1764442800000,0.14818,0.14854,0.148,0.14822,11850151.0,1764446399999,1756164.97888,11135
DOGEUSDT,1764446400000,0.14822,0.14892,0.14802,0.14885,9506131.0,1764449999999,1410196.31279,15425
DOGEUSDT,1764450000000,0.14886,0.149,0.14824,0.1489,7946233.0,1764453599999,1180595.92254,14561
DOGEUSDT,1764453600000,0.14889,0.14889,0.14782,0.14806,22203599.0,1764457199999,3287927.12019,18670
DOGEUSDT,1764457200000,0.14807,0.14888,0.14784,0.14837,8205713.0,1764460799999,1218277.42525,14872
DOGEUSDT,1764460800000,0.14837,0.1489,0.14836,0.14867,5889170.0,1764464399999,875467.89362,11037
DOGEUSDT,1764464400000,0.14867,0.14921,0.14856,0.14896,7640346.0,1764467999999,1137695.83097,13369
DOGEUSDT,1764468000000,0.14896,0.14941,0.14855,0.14859,5669249.0,1764471599999,844994.26336,11265
DOGEUSDT,1764471600000,0.1486,0.14955,0.14796,0.14936,18657038.0,1764475199999,2774652.52195,22877
DOGEUSDT,1764475200000,0.14937,0.14949,0.1489,0.14921,6315909.0,1764478799999,942628.95036,13239
DOGEUSDT,1764478800000,0.14921,0.14921,0.14839,0.14877,8106957.0,1764482399999,1205559.50548,15389
DOGEUSDT,1764482400000,0.14876,0.14946,0.14857,0.1489,19704124.0,1764485999999,2936133.38408,14532
DOGEUSDT,1764486000000,0.1489,0.14938,0.14883,0.14925,6682990.0,1764489599999,996226.34678,11178
DOGEUSDT,1764489600000,0.14924,0.14988,0.14872,0.14923,10625714.0,1764493199999,1586256.88968,23335
DOGEUSDT,1764493200000,0.14923,0.14974,0.1491,0.14961,12637214.0,1764496799999,1888970.74308,18232
DOGEUSDT,1764496800000,0.14961,0.1497,0.1489,0.14899,11173695.0,1764500399999,1666959.68186,13540
DOGEUSDT,1764500400000,0.149,0.14929,0.14862,0.14882,9161278.0,1764503999999,1364233.57102,14937
DOGEUSDT,1764504000000,0.14882,0.15015,0.14854,0.14953,23834502.0,1764507599999,3560186.62724,23647
DOGEUSDT,1764507600000,0.14954,0.15059,0.14948,0.1505,33926239.0,1764511199999,5094388.40385,28030
DOGEUSDT,1764511200000,0.15051,0.15057,0.14928,0.14958,18957447.0,1764514799999,2838703.45166,20762
DOGEUSDT,1764514800000,0.14958,0.14977,0.14894,0.14937,16776589.0,1764518399999,2503937.96338,19962
DOGEUSDT,1764518400000,0.14937,0.15055,0.14928,0.15032,16562193.0,1764521999999,2484844.27457,18581
DOGEUSDT,1764522000000,0.15032,0.15032,0.1495,0.15004,15970105.0,1764525599999,2392133.048,17433
DOGEUSDT,1764525600000,0.15004,0.15008,0.14926,0.15,10449275.0,1764529199999,1564220.06114,18837
DOGEUSDT,1764529200000,0.14999,0.15023,0.1496,0.14976,11277705.0,1764532799999,1691600.34975,13448
DOGEUSDT,1764532800000,0.14975,0.15043,0.14925,0.14966,8314038.0,1764536399999,1245203.78104,13525
DOGEUSDT,1764536400000,0.14965,0.14967,0.1484,0.14885,12772189.0,1764539999999,1901399.98516,17773
DOGEUSDT,1764540000000,0.14885,0.14989,0.14877,0.14944,15579455.0,1764543599999,2324781.51626,21929
DOGEUSDT,1764543600000,0.14944,0.14949,0.14588,0.14599,52494924.0,1764547199999,7727512.67672,60992
DOGEUSDT,1764547200000,0.14599,0.14637,0.13876,0.13892,255620401.0,1764550799999,36380806.13562,314885
DOGEUSDT,1764550800000,0.13891,0.14064,0.1387,0.1392,67975862.0,1764554399999,9498594.38861,116690
DOGEUSDT,1764554400000,0.1392,0.1398,0.13821,0.13852,61129140.0,1764557999999,8492054.65824,61221
DOGEUSDT,1764558000000,0.13851,0.13869,0.13694,0.13717,58826010.0,1764561599999,8101316.80906,61993
DOGEUSDT,1764561600000,0.13717,0.13775,0.13667,0.13683,48855987.0,1764565199999,6706844.36272,56171
DOGEUSDT,1764565200000,0.13683,0.13737,0.13668,0.13711,27617148.0,1764568799999,3783595.91104,36298
DOGEUSDT,1764568800000,0.13712,0.13749,0.13667,0.13701,21759695.0,1764572399999,2982624.51037,26792
DOGEUSDT,1764572400000,0.13701,0.13778,0.13655,0.13774,30691617.0,1764575999999,4213068.9575,26413
DOGEUSDT,1764576000000,0.13774,0.13824,0.13747,0.13813,17374716.0,1764579599999,2395148.40636,25373
DOGEUSDT,1764579600000,0.13813,0.13848,0.13702,0.13711,27381519.0,1764583199999,3765018.00678,29342
DOGEUSDT,1764583200000,0.13711,0.13761,0.1371,0.13728,12930725.0,1764586799999,1775096.49236,13642
DOGEUSDT,1764586800000,0.13728,0.13733,0.13662,0.13706,21592683.0,1764590399999,2956921.46737,23797
DOGEUSDT,1764590400000,0.13705,0.13712,0.13429,0.13612,76457800.0,1764593999999,10382866.78359,70450
DOGEUSDT,1764594000000,0.13611,0.13682,0.13477,0.13524,40772820.0,1764597599999,5527648.6139,54796
DOGEUSDT,1764597600000,0.13524,0.13632,0.13472,0.13504,69080648.0,1764601199999,9351054.1169,71185
DOGEUSDT,1764601200000,0.13504,0.13521,0.13177,0.13385,114591729.0,1764604799999,15293560.82502,143452
DOGEUSDT,1764604800000,0.13385,0.13393,0.13217,0.13232,50977551.0,1764608399999,6778789.51702,69543
DOGEUSDT,1764608400000,0.13233,0.13345,0.13211,0.13292,38176209.0,1764611999999,5071402.98289,52122
DOGEUSDT,1764612000000,0.13293,0.13391,0.13268,0.13347,28316911.0,1764615599999,3773238.69819,39717
DOGEUSDT,1764615600000,0.13347,0.13359,0.13262,0.13328,15942185.0,1764619199999,2121243.37515,31108
DOGEUSDT,1764619200000,0.13327,0.13493,0.13324,0.1338,42981688.0,1764622799999,5761244.35658,51509
DOGEUSDT,1764622800000,0.1338,0.13548,0.13376,0.13505,34082377.0,1764626399999,4596437.90543,43861
DOGEUSDT,1764626400000,0.13506,0.13647,0.13506,0.13584,18513759.0,1764629999999,2512644.4894,27859
DOGEUSDT,1764630000000,0.13584,0.13663,0.13545,0.13547,13002771.0,1764633599999,1769619.37845,24266
DOGEUSDT,1764633600000,0.13546,0.13592,0.13493,0.13564,12729419.0,1764637199999,1724533.52762,30090
DOGEUSDT,1764637200000,0.13563,0.13732,0.13546,0.13578,22085058.0,1764640799999,3009274.04106,49123
DOGEUSDT,1764640800000,0.13578,0.1365,0.13542,0.13574,12366854.0,1764644399999,1682526.83301,30756
DOGEUSDT,1764644400000,0.13573,0.13665,0.13504,0.13635,11636958.0,1764647999999,1580541.72132,24826
DOGEUSDT,1764648000000,0.13634,0.13676,0.13594,0.13599,6594084.0,1764651599999,898927.81329,18211
DOGEUSDT,1764651600000,0.13598,0.13628,0.13566,0.13589,15208496.0,1764655199999,2067412.51668,15023
DOGEUSDT,1764655200000,0.13588,0.13627,0.13554,0.13618,11166830.0,1764658799999,1517513.74217,15769
DOGEUSDT,1764658800000,0.13617,0.13619,0.13542,0.13562,6971483.0,1764662399999,945831.67476,13937
DOGEUSDT,1764662400000,0.13561,0.13566,0.13443,0.13472,32017907.0,1764665999999,4319487.01303,31005
DOGEUSDT,1764666000000,0.13471,0.136,0.13466,0.1356,10305749.0,1764669599999,1397070.523,22072
DOGEUSDT,1764669600000,0.1356,0.13727,0.1355,0.1367,14550205.0,1764673199999,1984592.87972,26875
DOGEUSDT,1764673200000,0.1367,0.1373,0.1362,0.13699,18048352.0,1764676799999,2469505.97843,23669
DOGEUSDT,1764676800000,0.137,0.13758,0.1368,0.13723,32873134.0,1764680399999,4508999.94974,29806
DOGEUSDT,1764680400000,0.13723,0.13833,0.13681,0.1381,27321944.0,1764683999999,3763260.83183,41380
DOGEUSDT,1764684000000,0.13809,0.14178,0.13789,0.14177,92384728.0,1764687599999,12920104.62553,104046
DOGEUSDT,1764687600000,0.14178,0.14783,0.14173,0.14632,203495299.0,1764691199999,29446211.29369,224280
DOGEUSDT,1764691200000,0.14632,0.14694,0.14489,0.14576,75693053.0,1764694799999,11035276.9895,109384
DOGEUSDT,1764694800000,0.14575,0.14732,0.14535,0.14625,48953205.0,1764698399999,7162170.28643,61684
DOGEUSDT,1764698400000,0.14625,0.14709,0.14593,0.14624,35383407.0,1764701999999,5179501.41715,39575
DOGEUSDT,1764702000000,0.14624,0.1466,0.14574,0.14603,16830376.0,1764705599999,2460502.12767,25624
DOGEUSDT,1764705600000,0.14603,0.14616,0.14473,0.14546,43001317.0,1764709199999,6254212.42405,51984
DOGEUSDT,1764709200000,0.14545,0.14613,0.14531,0.14599,14378470.0,1764712799999,2094702.50866,27106
DOGEUSDT,1764712800000,0.14599,0.14685,0.14597,0.14679,19912659.0,1764716399999,2915903.79439,25450
DOGEUSDT,1764716400000,0.14679,0.14733,0.14572,0.14577,21827380.0,1764719999999,3199820.80493,28166
DOGEUSDT,1764720000000,0.14578,0.14642,0.1452,0.14624,19136150.0,1764723599999,2788942.08686,31493
DOGEUSDT,1764723600000,0.14624,0.14675,0.1458,0.14625,16460314.0,1764727199999,2405722.89835,30652
DOGEUSDT,1764727200000,0.14625,0.14777,0.14618,0.14727,36724850.0,1764730799999,5403663.45031,44414
DOGEUSDT,1764730800000,0.14728,0.14795,0.14705,0.14737,36993832.0,1764734399999,5455916.48785,25992
DOGEUSDT,1764734400000,0.14737,0.14946,0.14721,0.1493,52884562.0,1764737999999,7853880.45275,43645
DOGEUSDT,1764738000000,0.1493,0.1509,0.1493,0.15043,53251201.0,1764741599999,7988886.30051,49079
DOGEUSDT,1764741600000,0.15043,0.15206,0.14979,0.15053,57523009.0,1764745199999,8694276.14518,60165
DOGEUSDT,1764745200000,0.15053,0.15089,0.15023,0.1505,27583628.0,1764748799999,4151533.04743,27668
DOGEUSDT,1764748800000,0.1505,0.15093,0.1498,0.15067,69767864.0,1764752399999,10477818.89846,33869
DOGEUSDT,1764752400000,0.15066,0.15077,0.14968,0.1501,19248056.0,1764755999999,2890812.60035,31957
DOGEUSDT,1764756000000,0.1501,0.15063,0.14941,0.14947,35948532.0,1764759599999,5389733.15858,28066
DOGEUSDT,1764759600000,0.14947,0.15025,0.14914,0.15004,35013951.0,1764763199999,5245516.24737,27621
DOGEUSDT,1764763200000,0.15003,0.15017,0.14946,0.14981,25341051.0,1764766799999,3798607.75275,25239
DOGEUSDT,1764766800000,0.14982,0.15029,0.14917,0.14935,17159724.0,1764770399999,2569906.15022,25866
DOGEUSDT,1764770400000,0.14936,0.15093,0.14651,0.14841,128748880.0,1764773999999,19110096.76063,174160
DOGEUSDT,1764774000000,0.14842,0.14969,0.14792,0.14918,29796958.0,1764777599999,4436705.57696,67541
DOGEUSDT,1764777600000,0.14918,0.15055,0.1484,0.14989,23631273.0,1764781199999,3534079.54153,49649
DOGEUSDT,1764781200000,0.14989,0.15168,0.14988,0.15137,34334854.0,1764784799999,5173427.76954,49927
DOGEUSDT,1764784800000,0.15136,0.15195,0.1502,0.15055,22484156.0,1764788399999,3399193.41811,35898
DOGEUSDT,1764788400000,0.15054,0.15108,0.15033,0.15065,15417152.0,1764791999999,2322912.62744,21608
DOGEUSDT,1764792000000,0.15065,0.1515,0.15014,0.15073,18434939.0,1764795599999,2778384.374,32477
DOGEUSDT,1764795600000,0.15073,0.15242,0.15062,0.15223,34839109.0,1764799199999,5277021.64218,31916
DOGEUSDT,1764799200000,0.15222,0.15294,0.15145,0.15238,50610302.0,1764802799999,7696777.67024,49247
DOGEUSDT,1764802800000,0.15239,0.1534,0.15146,0.15166,39316929.0,1764806399999,5994249.50242,37390
DOGEUSDT,1764806400000,0.15167,0.15191,0.15068,0.15153,25788889.0,1764809999999,3904365.1196,32731
DOGEUSDT,1764810000000,0.15152,0.1532,0.15111,0.15117,27482102.0,1764813599999,4179841.83317,42297
DOGEUSDT,1764813600000,0.15117,0.15269,0.151,0.15206,18191511.0,1764817199999,2765102.71013,32184
DOGEUSDT,1764817200000,0.15206,0.15229,0.15092,0.15106,13820019.0,1764820799999,2092219.03036,22529
DOGEUSDT,1764820800000,0.15107,0.15163,0.15067,0.15098,10949793.0,1764824399999,1653657.24163,17625
DOGEUSDT,1764824400000,0.15099,0.15108,0.14977,0.15018,23348038.0,1764827999999,3509010.89446,20933
DOGEUSDT,1764828000000,0.15018,0.15077,0.14979,0.1504,19350628.0,1764831599999,2908033.46744,23737
DOGEUSDT,1764831600000,0.1504,0.15041,0.14923,0.14988,24608938.0,1764835199999,3683275.84585,24810
DOGEUSDT,1764835200000,0.14988,0.15029,0.14929,0.14949,14279294.0,1764838799999,2138002.38135,22523
DOGEUSDT,1764838800000,0.14949,0.15042,0.14949,0.15002,19342279.0,1764842399999,2902193.41501,25153
DOGEUSDT,1764842400000,0.15002,0.15017,0.14949,0.14971,17674173.0,1764845999999,2647070.59069,20741
DOGEUSDT,1764846000000,0.14968,0.1498,0.14908,0.14938,18944449.0,1764849599999,2831202.72058,23628
DOGEUSDT,1764849600000,0.14938,0.14976,0.14885,0.14946,22784603.0,1764853199999,3402165.42869,24751
DOGEUSDT,1764853200000,0.14947,0.15008,0.14891,0.14909,34998857.0,1764856799999,5229572.09645,39299
DOGEUSDT,1764856800000,0.14908,0.14965,0.14781,0.14805,49832487.0,1764860399999,7417900.15683,68734
DOGEUSDT,1764860400000,0.14804,0.15103,0.148,0.15022,54831314.0,1764863999999,8207218.97505,74844
DOGEUSDT,1764864000000,0.15022,0.15043,0.14894,0.14928,48356953.0,1764867599999,7235250.07823,53471
DOGEUSDT,1764867600000,0.14927,0.14965,0.14815,0.14915,25680716.0,1764871199999,3823278.01641,39689
DOGEUSDT,1764871200000,0.14915,0.14954,0.14824,0.14864,21018858.0,1764874799999,3130782.48573,38766
DOGEUSDT,1764874800000,0.14865,0.14868,0.14557,0.14801,82716606.0,1764878399999,12151324.32066,94301
DOGEUSDT,1764878400000,0.14801,0.14855,0.14751,0.14821,26966369.0,1764881999999,3990994.91145,41054
DOGEUSDT,1764882000000,0.14822,0.14855,0.14715,0.14726,13989877.0,1764885599999,2069532.78462,23543
DOGEUSDT,1764885600000,0.14726,0.14824,0.14726,0.14797,13738231.0,1764889199999,2031143.92218,18622
DOGEUSDT,1764889200000,0.14797,0.14807,0.14729,0.14739,8667902.0,1764892799999,1279520.17878,16459
DOGEUSDT,1764892800000,0.14739,0.14838,0.14737,0.14788,9677017.0,1764896399999,1430433.72004,21121
DOGEUSDT,1764896400000,0.14788,0.14835,0.14765,0.14791,10542593.0,1764899999999,1560407.82116,22227
DOGEUSDT,1764900000000,0.1479,0.14837,0.1475,0.14784,13793811.0,1764903599999,2040092.62486,18644
DOGEUSDT,1764903600000,0.14785,0.14823,0.14718,0.14745,16119564.0,1764907199999,2377959.25774,16257
DOGEUSDT,1764907200000,0.14745,0.14788,0.14643,0.14693,23352930.0,1764910799999,3432175.75149,23673
DOGEUSDT,1764910800000,0.14692,0.14703,0.14619,0.14643,10210551.0,1764914399999,1496025.80665,13538
DOGEUSDT,1764914400000,0.14643,0.14708,0.14642,0.14692,14506807.0,1764917999999,2129809.42689,16502
DOGEUSDT,1764918000000,0.14692,0.14792,0.1468,0.14746,11752062.0,1764921599999,1732307.978,17161
DOGEUSDT,1764921600000,0.14746,0.14747,0.14604,0.14632,16271985.0,1764925199999,2387733.30933,18306
DOGEUSDT,1764925200000,0.14631,0.14631,0.14409,0.14433,44398390.0,1764928799999,6432164.50101,50036
DOGEUSDT,1764928800000,0.14432,0.14528,0.14421,0.14487,19749324.0,1764932399999,2860452.48365,25715
DOGEUSDT,1764932400000,0.14487,0.145,0.14364,0.14432,27161977.0,1764935999999,3916457.67256,26416
DOGEUSDT,1764936000000,0.14432,0.14453,0.14385,0.1445,13995300.0,1764939599999,2017575.39075,17902
DOGEUSDT,1764939600000,0.14449,0.14492,0.14295,0.14313,69494390.0,1764943199999,9971120.80129,49643
DOGEUSDT,1764943200000,0.14314,0.14339,0.14182,0.14236,52258364.0,1764946799999,7452702.89515,65748
DOGEUSDT,1764946800000,0.14236,0.14466,0.14213,0.14252,65727118.0,1764950399999,9432403.438,94691
DOGEUSDT,1764950400000,0.14251,0.14257,0.13756,0.13878,119264498.0,1764953999999,16637414.40662,167987
DOGEUSDT,1764954000000,0.13877,0.13937,0.13788,0.13856,33271440.0,1764957599999,4615846.00462,77324
DOGEUSDT,1764957600000,0.13856,0.1394,0.13744,0.13776,41806309.0,1764961199999,5784382.54435,58855
DOGEUSDT,1764961200000,0.13776,0.13942,0.13722,0.13903,37889280.0,1764964799999,5237143.46885,48689
DOGEUSDT,1764964800000,0.13902,0.1391,0.13803,0.13828,19928441.0,1764968399999,2759322.70787,31029
DOGEUSDT,1764968400000,0.13828,0.13906,0.13827,0.13873,16653180.0,1764971999999,2309480.36501,22275
DOGEUSDT,1764972000000,0.13874,0.13944,0.13815,0.13918,17164885.0,1764975599999,2382938.30717,19687
DOGEUSDT,1764975600000,0.13918,0.13966,0.13852,0.13956,14222969.0,1764979199999,1979216.5384,14872
DOGEUSDT,1764979200000,0.13956,0.13999,0.13895,0.1399,6950963.0,1764982799999,969422.82608,15115
DOGEUSDT,1764982800000,0.1399,0.14039,0.13966,0.13991,11142302.0,1764986399999,1560336.49138,15309
DOGEUSDT,1764986400000,0.13991,0.13994,0.13913,0.1395,15622982.0,1764989999999,2177658.93845,16400
DOGEUSDT,1764990000000,0.13949,0.1403,0.13948,0.13996,13880850.0,1764993599999,1943085.66451,18508
DOGEUSDT,1764993600000,0.13996,0.14005,0.13925,0.13961,10448131.0,1764997199999,1458098.84455,15091
DOGEUSDT,1764997200000,0.1396,0.13989,0.13905,0.13932,9956320.0,1765000799999,1388169.40628,11649
DOGEUSDT,1765000800000,0.13931,0.13955,0.139,0.13908,9077283.0,1765004399999,1264505.80732,12824
DOGEUSDT,1765004400000,0.13909,0.13968,0.1388,0.13928,10007957.0,1765007999999,1393273.73077,13564
DOGEUSDT,1765008000000,0.13928,0.13942,0.13836,0.13847,19192542.0,1765011599999,2668932.7862,18647
DOGEUSDT,1765011600000,0.13846,0.13943,0.13845,0.1392,12536237.0,1765015199999,1744013.87929,16808
DOGEUSDT,1765015200000,0.1392,0.13949,0.13897,0.13911,5151000.0,1765018799999,716882.99337,10481
DOGEUSDT,1765018800000,0.1391,0.13987,0.13901,0.13968,11559934.0,1765022399999,1614317.37695,13704
DOGEUSDT,1765022400000,0.13968,0.13992,0.13926,0.13948,7852906.0,1765025999999,1096213.16241,14154
DOGEUSDT,1765026000000,0.13949,0.14018,0.13941,0.13977,9986044.0,1765029599999,1396333.41172,13856
DOGEUSDT,1765029600000,0.13977,0.14076,0.13958,0.14003,34962295.0,1765033199999,4896149.32777,35858
DOGEUSDT,1765033200000,0.14004,0.14013,0.13902,0.13959,20078024.0,1765036799999,2800947.59651,27441
DOGEUSDT,1765036800000,0.13959,0.14039,0.13954,0.13975,11052839.0,1765040399999,1547384.2408,16936
DOGEUSDT,1765040400000,0.13974,0.14028,0.13953,0.13989,19036375.0,1765043999999,2662943.62342,16015
DOGEUSDT,1765044000000,0.1399,0.14058,0.1397,0.13991,13755906.0,1765047599999,1926901.56382,15128
DOGEUSDT,1765047600000,0.13991,0.14008,0.13907,0.13935,18267200.0,1765051199999,2546946.45283,20166
DOGEUSDT,1765051200000,0.13935,0.1398,0.1392,0.13974,7577235.0,1765054799999,1057508.63517,10195
DOGEUSDT,1765054800000,0.13973,0.1405,0.13956,0.13992,16871756.0,1765058399999,2361914.87029,32162
DOGEUSDT,1765058400000,0.13992,0.14023,0.13952,0.13959,7794729.0,1765061999999,1089682.01177,13146
DOGEUSDT,1765062000000,0.13959,0.13978,0.13906,0.13975,9682492.0,1765065599999,1349420.7665,19194
DOGEUSDT,1765065600000,0.13976,0.14039,0.1397,0.14018,9755478.0,1765069199999,1365946.72322,18131
DOGEUSDT,1765069200000,0.14017,0.14033,0.13958,0.13958,6014248.0,1765072799999,842042.77109,11209
DOGEUSDT,1765072800000,0.13957,0.14043,0.13957,0.14025,5151829.0,1765076399999,720686.83959,9551
DOGEUSDT,1765076400000,0.14025,0.14042,0.14,0.14035,6974126.0,1765079999999,977512.15206,8670
DOGEUSDT,1765080000000,0.14035,0.1404,0.13979,0.14003,5916252.0,1765083599999,828864.73353,8480
DOGEUSDT,1765083600000,0.14002,0.14025,0.13993,0.14014,4807367.0,1765087199999,673512.08572,7323
DOGEUSDT,1765087200000,0.14014,0.1409,0.14008,0.14075,13667697.0,1765090799999,1922852.10786,11810
DOGEUSDT,1765090800000,0.14076,0.14084,0.13934,0.13949,13784249.0,1765094399999,1926890.58515,16804
DOGEUSDT,1765094400000,0.13949,0.13985,0.13904,0.13924,8412251.0,1765097999999,1172274.34702,14789
DOGEUSDT,1765098000000,0.13923,0.13948,0.13844,0.13874,11459441.0,1765101599999,1591670.95859,18537
DOGEUSDT,1765101600000,0.13875,0.1393,0.13864,0.13882,7291371.0,1765105199999,1013150.98165,13615
DOGEUSDT,1765105200000,0.13883,0.1391,0.13873,0.1389,4662800.0,1765108799999,647736.65005,10604
DOGEUSDT,1765108800000,0.13891,0.1399,0.13882,0.13972,5650807.0,1765112399999,787465.02972,13206
DOGEUSDT,1765112400000,0.13972,0.13974,0.13785,0.13827,20060005.0,1765115999999,2780365.60818,32676
DOGEUSDT,1765116000000,0.13827,0.13829,0.13486,0.13515,144332325.0,1765119599999,19620555.27459,130314
DOGEUSDT,1765119600000,0.13514,0.13955,0.13504,0.13931,89968721.0,1765123199999,12392582.99368,96002
DOGEUSDT,1765123200000,0.13931,0.13931,0.13818,0.13924,31817368.0,1765126799999,4413024.55427,42722
DOGEUSDT,1765126800000,0.13923,0.1421,0.13866,0.14145,80391059.0,1765130399999,11315905.06735,100681
DOGEUSDT,1765130400000,0.14145,0.14291,0.14144,0.14219,36261548.0,1765133999999,5161406.21808,45675
DOGEUSDT,1765134000000,0.14219,0.14236,0.14126,0.1421,12672489.0,1765137599999,1795547.58056,21514
DOGEUSDT,1765137600000,0.1421,0.14229,0.14178,0.14214,5632828.0,1765141199999,800045.57154,13256
DOGEUSDT,1765141200000,0.14214,0.14214,0.13841,0.13919,27725015.0,1765144799999,3882763.49514,40465
DOGEUSDT,1765144800000,0.13918,0.13918,0.13584,0.13769,67122111.0,1765148399999,9218262.23737,123102
DOGEUSDT,1765148400000,0.13769,0.13879,0.13741,0.13867,18818857.0,1765151999999,2597286.07965,40465
DOGEUSDT,1765152000000,0.13868,0.13925,0.13799,0.13816,14334450.0,1765155599999,1985954.73755,29975
DOGEUSDT,1765155600000,0.13817,0.14153,0.13813,0.13998,32771287.0,1765159199999,4589934.51972,54832
DOGEUSDT,1765159200000,0.13999,0.14066,0.1396,0.14052,13463282.0,1765162799999,1884988.51608,27707
DOGEUSDT,1765162800000,0.14052,0.14073,0.14008,0.14031,11673624.0,1765166399999,1638394.33322,19449
DOGEUSDT,1765166400000,0.14031,0.14144,0.14025,0.14095,15310259.0,1765169999999,2155156.54392,23497
DOGEUSDT,1765170000000,0.14094,0.14162,0.14068,0.14143,8995312.0,1765173599999,1269945.93897,15935
DOGEUSDT,1765173600000,0.14142,0.14221,0.14128,0.14176,13842217.0,1765177199999,1963335.38823,18352
DOGEUSDT,1765177200000,0.14176,0.14263,0.14153,0.14221,18604656.0,1765180799999,2643009.45379,21246
DOGEUSDT,1765180800000,0.14221,0.14281,0.14195,0.14268,9735563.0,1765184399999,1386705.16465,19480
DOGEUSDT,1765184400000,0.14267,0.14483,0.1426,0.14387,45631884.0,1765187999999,6566618.93215,59801
DOGEUSDT,1765188000000,0.14387,0.14415,0.14354,0.14384,13174601.0,1765191599999,1895603.68933,22792
DOGEUSDT,1765191600000,0.14384,0.14401,0.14297,0.14325,24842433.0,1765195199999,3563193.08803,23357
DOGEUSDT,1765195200000,0.14324,0.14367,0.14267,0.14349,22411703.0,1765198799999,3205447.61158,23096
DOGEUSDT,1765198800000,0.14348,0.14422,0.14323,0.14372,22000606.0,1765202399999,3160786.10358,31727
DOGEUSDT,1765202400000,0.14373,0.14505,0.14274,0.14335,60721673.0,1765205999999,8735334.90995,94678
DOGEUSDT,1765206000000,0.14336,0.14405,0.14189,0.14247,62600259.0,1765209599999,8940432.48818,108322
DOGEUSDT,1765209600000,0.14248,0.14396,0.14161,0.14301,39120160.0,1765213199999,5589662.5094,69315
DOGEUSDT,1765213200000,0.14301,0.14355,0.14172,0.14301,32898149.0,1765216799999,4694292.99223,52893
DOGEUSDT,1765216800000,0.14301,0.14348,0.1412,0.14169,47030901.0,1765220399999,6701324.47708,63415
DOGEUSDT,1765220400000,0.14169,0.14323,0.14165,0.14266,18804980.0,1765223999999,2677767.38645,37117
DOGEUSDT,1765224000000,0.14267,0.14382,0.14259,0.1436,16223852.0,1765227599999,2322091.04077,30497
DOGEUSDT,1765227600000,0.14361,0.14405,0.14299,0.14383,15489197.0,1765231199999,2224442.7318,28773
DOGEUSDT,1765231200000,0.14382,0.14394,0.14277,0.14324,10772866.0,1765234799999,1542681.23579,17129
DOGEUSDT,1765234800000,0.14323,0.14341,0.14191,0.14259,67114413.0,1765238399999,9551050.95168,26569
DOGEUSDT,1765238400000,0.1426,0.14271,0.1415,0.14171,13380417.0,1765241999999,1901686.27021,22676
DOGEUSDT,1765242000000,0.14171,0.14203,0.14041,0.14071,29708236.0,1765245599999,4189105.94989,30449
DOGEUSDT,1765245600000,0.14072,0.14135,0.14056,0.14059,19529863.0,1765249199999,2753990.82603,23044
DOGEUSDT,1765249200000,0.1406,0.14175,0.14026,0.1416,24372381.0,1765252799999,3434835.78794,26047
DOGEUSDT,1765252800000,0.1416,0.14167,0.14036,0.14046,15725959.0,1765256399999,2215055.94685,18760
DOGEUSDT,1765256400000,0.14045,0.14085,0.13987,0.14014,19442357.0,1765259999999,2727484.75337,25030
DOGEUSDT,1765260000000,0.14015,0.14045,0.13942,0.14015,20269947.0,1765263599999,2835782.70909,22962
DOGEUSDT,1765263600000,0.14015,0.14092,0.13983,0.1408,15861019.0,1765267199999,2225935.82216,20721
DOGEUSDT,1765267200000,0.1408,0.14103,0.14044,0.1408,9563860.0,1765270799999,1346294.05224,20611
DOGEUSDT,1765270800000,0.1408,0.1408,0.14003,0.14012,9256071.0,1765274399999,1299450.42796,12812
DOGEUSDT,1765274400000,0.14013,0.14053,0.13961,0.14027,13509101.0,1765277999999,1892403.0322,17472
DOGEUSDT,1765278000000,0.14027,0.14091,0.13995,0.14087,10002595.0,1765281599999,1403778.78219,12195
DOGEUSDT,1765281600000,0.14087,0.14179,0.14067,0.14158,15353297.0,1765285199999,2169882.01647,25688
DOGEUSDT,1765285200000,0.14157,0.14244,0.14135,0.14178,26524722.0,1765288799999,3762768.20529,33968
DOGEUSDT,1765288800000,0.14178,0.14236,0.14049,0.141,65824496.0,1765292399999,9297476.3064,74746
DOGEUSDT,1765292400000,0.14101,0.14682,0.14094,0.1463,147027731.0,1765295999999,21270791.81311,207450
DOGEUSDT,1765296000000,0.1463,0.15236,0.1463,0.15141,216475550.0,1765299599999,32448581.9593,212186
DOGEUSDT,1765299600000,0.15141,0.15319,0.15063,0.15094,120605586.0,1765303199999,18319009.53156,129512
DOGEUSDT,1765303200000,0.15095,0.15201,0.1506,0.15131,47808253.0,1765306799999,7235001.90939,54810
DOGEUSDT,1765306800000,0.15131,0.15158,0.15047,0.1509,25727433.0,1765310399999,3887576.12235,36677
DOGEUSDT,1765310400000,0.15089,0.15158,0.14876,0.14919,62676338.0,1765313999999,9390518.63167,78539
DOGEUSDT,1765314000000,0.14918,0.1499,0.14683,0.14797,34351014.0,1765317599999,5099971.86423,63260
DOGEUSDT,1765317600000,0.14797,0.14927,0.14788,0.1487,16943787.0,1765321199999,2516059.07947,40436
DOGEUSDT,1765321200000,0.14869,0.14899,0.14793,0.14797,13104359.0,1765324799999,1943727.16935,25221
DOGEUSDT,1765324800000,0.14796,0.14828,0.14668,0.14671,21542264.0,1765328399999,3175655.48884,34323
DOGEUSDT,1765328400000,0.1467,0.14718,0.14622,0.14665,21316958.0,1765331999999,3125436.13745,33586
DOGEUSDT,1765332000000,0.14664,0.14731,0.146,0.14725,21813739.0,1765335599999,3200871.86951,28297
DOGEUSDT,1765335600000,0.14726,0.14772,0.14684,0.14742,18800303.0,1765339199999,2768864.95302,21048
DOGEUSDT,1765339200000,0.14741,0.14784,0.14689,0.14728,13790645.0,1765342799999,2032792.75176,23451
DOGEUSDT,1765342800000,0.14728,0.14771,0.14664,0.14689,12622964.0,1765346399999,1857282.69367,18724
DOGEUSDT,1765346400000,0.14689,0.14699,0.14652,0.14683,7437841.0,1765349999999,1091535.24447,14013
DOGEUSDT,1765350000000,0.14683,0.14683,0.14606,0.14671,10291584.0,1765353599999,1506518.58133,15062
DOGEUSDT,1765353600000,0.1467,0.14708,0.14637,0.14642,14486692.0,1765357199999,2125483.05631,20003
DOGEUSDT,1765357200000,0.14641,0.14754,0.14571,0.14737,19837242.0,1765360799999,2905991.52698,29327
DOGEUSDT,1765360800000,0.14737,0.14814,0.14561,0.14563,29676943.0,1765364399999,4352546.35019,45427
DOGEUSDT,1765364400000,0.14563,0.14622,0.14519,0.14587,24679678.0,1765367999999,3595071.12781,32250
DOGEUSDT,1765368000000,0.14587,0.14591,0.145,0.14575,13474548.0,1765371599999,1959894.41977,25619
DOGEUSDT,1765371600000,0.14574,0.14674,0.14556,0.146,24680352.0,1765375199999,3610129.84432,27445
DOGEUSDT,1765375200000,0.14599,0.14599,0.14484,0.1455,18723391.0,1765378799999,2722598.26993,48385
DOGEUSDT,1765378800000,0.14549,0.14606,0.14456,0.14516,18407111.0,1765382399999,2674435.50035,44911
DOGEUSDT,1765382400000,0.14517,0.14621,0.14492,0.14586,22177868.0,1765385999999,3229128.35752,38030
DOGEUSDT,1765386000000,0.14586,0.14681,0.14535,0.14613,14048251.0,1765389599999,2053553.92646,35929
DOGEUSDT,1765389600000,0.14612,0.14856,0.14573,0.14693,33608732.0,1765393199999,4943513.09542,75499
DOGEUSDT,1765393200000,0.14694,0.14933,0.14541,0.14752,140462144.0,1765396799999,20712992.31102,254344
DOGEUSDT,1765396800000,0.14753,0.15031,0.14554,0.1462,114654902.0,1765400399999,16993212.88893,182677
DOGEUSDT,1765400400000,0.14619,0.1468,0.14435,0.14454,43069968.0,1765403999999,6272161.41461,79288
DOGEUSDT,1765404000000,0.14455,0.14526,0.14235,0.14437,79939437.0,1765407599999,11488923.72089,78488
DOGEUSDT,1765407600000,0.14436,0.14484,0.14322,0.14332,31075469.0,1765411199999,4478625.84271,37518
DOGEUSDT,1765411200000,0.14332,0.1436,0.14052,0.1412,36593112.0,1765414799999,5193902.29701,68672
DOGEUSDT,1765414800000,0.1412,0.14125,0.13944,0.13972,45470592.0,1765418399999,6373906.77405,71775
DOGEUSDT,1765418400000,0.13972,0.13977,0.13817,0.13855,70056414.0,1765421999999,9730374.70128,80332
DOGEUSDT,1765422000000,0.13854,0.13856,0.13719,0.13808,65194666.0,1765425599999,8992576.1865,77382
DOGEUSDT,1765425600000,0.13809,0.13908,0.13739,0.13887,62796030.0,1765429199999,8675341.61124,46949
DOGEUSDT,1765429200000,0.13887,0.13905,0.13827,0.13889,23409330.0,1765432799999,3246602.28517,19330
DOGEUSDT,1765432800000,0.13888,0.13895,0.1379,0.13857,25217175.0,1765436399999,3492003.73729,26380
DOGEUSDT,1765436400000,0.13857,0.13858,0.13797,0.13811,22745872.0,1765439999999,3144402.42585,19782
DOGEUSDT,1765440000000,0.1381,0.1381,0.13715,0.13803,24429467.0,1765443599999,3362113.08716,30232
DOGEUSDT,1765443600000,0.13802,0.13826,0.1376,0.13777,19995011.0,1765447199999,2758397.34089,21815
DOGEUSDT,1765447200000,0.13777,0.13814,0.1375,0.13807,12785499.0,1765450799999,1761575.39329,13544
DOGEUSDT,1765450800000,0.13808,0.13845,0.13781,0.13801,17362744.0,1765454399999,2397499.02653,19017
DOGEUSDT,1765454400000,0.138,0.13808,0.13752,0.13788,24950008.0,1765457999999,3439585.36635,23251
DOGEUSDT,1765458000000,0.13788,0.13821,0.13762,0.13807,18986179.0,1765461599999,2619363.61315,24839
DOGEUSDT,1765461600000,0.13806,0.1382,0.13658,0.13719,54788799.0,1765465199999,7528641.85029,83245
DOGEUSDT,1765465200000,0.13719,0.13834,0.13672,0.13712,49800917.0,1765468799999,6841793.58392,77387
DOGEUSDT,1765468800000,0.13712,0.13764,0.13623,0.13694,34013105.0,1765472399999,4653509.78543,49793
DOGEUSDT,1765472400000,0.13695,0.13766,0.13678,0.13706,19551440.0,1765475999999,2682614.78264,30202
DOGEUSDT,1765476000000,0.13706,0.13925,0.13687,0.13805,42972889.0,1765479599999,5935142.02994,50876
DOGEUSDT,1765479600000,0.13806,0.13965,0.13787,0.1384,38549346.0,1765483199999,5346388.54275,48049
DOGEUSDT,1765483200000,0.13839,0.14023,0.13835,0.14005,24290078.0,1765486799999,3389469.26673,36502
DOGEUSDT,1765486800000,0.14006,0.14281,0.14003,0.14176,51417539.0,1765490399999,7279243.75525,81172
DOGEUSDT,1765490400000,0.14176,0.14225,0.13993,0.14049,22979186.0,1765493999999,3237473.56005,44227
DOGEUSDT,1765494000000,0.14048,0.14094,0.13994,0.14033,21641241.0,1765497599999,3040699.89993,29963
DOGEUSDT,1765497600000,0.14034,0.14078,0.13871,0.13884,20680855.0,1765501199999,2893677.28702,31296
DOGEUSDT,1765501200000,0.13885,0.1407,0.13885,0.14038,15829723.0,1765504799999,2217852.8269,33750
DOGEUSDT,1765504800000,0.14037,0.14132,0.1401,0.14118,10129146.0,1765508399999,1427046.97925,25467
DOGEUSDT,1765508400000,0.14118,0.14133,0.14034,0.14059,11790508.0,1765511999999,1660083.38103,16896
DOGEUSDT,1765512000000,0.14058,0.14069,0.14014,0.14028,7827980.0,1765515599999,1098551.85808,13013
DOGEUSDT,1765515600000,0.14028,0.14103,0.13976,0.14087,23042006.0,1765519199999,3235110.09117,19271
DOGEUSDT,1765519200000,0.14086,0.14155,0.14061,0.14083,16164794.0,1765522799999,2280649.96156,21444
DOGEUSDT,1765522800000,0.14084,0.14093,0.14035,0.14063,10505511.0,1765526399999,1478427.64028,14670
DOGEUSDT,1765526400000,0.14062,0.14075,0.13992,0.14043,12298503.0,1765529999999,1725111.75313,15691
DOGEUSDT,1765530000000,0.14044,0.14104,0.13997,0.14093,14109815.0,1765533599999,1981333.49066,13449
DOGEUSDT,1765533600000,0.14093,0.14138,0.14088,0.14109,11257829.0,1765537199999,1588634.01319,13165
DOGEUSDT,1765537200000,0.14109,0.14119,0.14068,0.1411,11570852.0,1765540799999,1631287.61874,14471
DOGEUSDT,1765540800000,0.14109,0.1414,0.14075,0.14139,9610316.0,1765544399999,1355247.98345,14529
DOGEUSDT,1765544400000,0.14139,0.14139,0.14086,0.14096,12893280.0,1765547999999,1818785.72428,15254
DOGEUSDT,1765548000000,0.14097,0.1412,0.13998,0.14066,20062206.0,1765551599999,2820859.96067,38675
DOGEUSDT,1765551600000,0.14065,0.14065,0.13503,0.13561,107842607.0,1765555199999,14827603.21713,150838
DOGEUSDT,1765555200000,0.13561,0.13641,0.13428,0.13532,94075594.0,1765558799999,12729886.3505,138616
DOGEUSDT,1765558800000,0.13531,0.13674,0.13523,0.13569,46180308.0,1765562399999,6280497.12076,69836
DOGEUSDT,1765562400000,0.13569,0.13728,0.13552,0.13657,28193905.0,1765565999999,3849041.62969,47174
DOGEUSDT,1765566000000,0.13657,0.13663,0.13579,0.1361,12631364.0,1765569599999,1719885.53393,30349
DOGEUSDT,1765569600000,0.13609,0.13629,0.13547,0.13611,12076550.0,1765573199999,1642442.2273,24824
DOGEUSDT,1765573200000,0.13611,0.13686,0.13602,0.13648,7983619.0,1765576799999,1089187.83721,13714
DOGEUSDT,1765576800000,0.13648,0.13705,0.13635,0.13694,8315638.0,1765580399999,1137040.4854,13818
DOGEUSDT,1765580400000,0.13693,0.13733,0.13682,0.13692,7223900.0,1765583999999,990116.68176,15042
DOGEUSDT,1765584000000,0.13692,0.13758,0.13691,0.13724,6678232.0,1765587599999,917239.92944,13918
DOGEUSDT,1765587600000,0.13724,0.1375,0.13706,0.13729,5024988.0,1765591199999,689764.37852,12306
DOGEUSDT,1765591200000,0.1373,0.13767,0.13727,0.13732,8575884.0,1765594799999,1178952.92289,12038
DOGEUSDT,1765594800000,0.13731,0.1377,0.137,0.13752,11751528.0,1765598399999,1613638.01623,13051
DOGEUSDT,1765598400000,0.13752,0.13767,0.13733,0.13753,3690195.0,1765601999999,507376.65352,8344
DOGEUSDT,1765602000000,0.13752,0.13789,0.13716,0.13735,9178353.0,1765605599999,1261866.15275,12825
DOGEUSDT,1765605600000,0.13734,0.13755,0.13713,0.13741,8785282.0,1765609199999,1205989.67316,10223
DOGEUSDT,1765609200000,0.13741,0.13792,0.1374,0.13777,8295217.0,1765612799999,1142715.29837,8878
DOGEUSDT,1765612800000,0.13777,0.13873,0.13777,0.1384,18292955.0,1765616399999,2530968.05132,22650
DOGEUSDT,1765616400000,0.1384,0.13864,0.1382,0.13839,6396378.0,1765619999999,885520.26842,10595
DOGEUSDT,1765620000000,0.13838,0.13955,0.13836,0.1395,15334836.0,1765623599999,2132457.4364,15669
DOGEUSDT,1765623600000,0.1395,0.13952,0.13869,0.13882,10249237.0,1765627199999,1425164.7843,16455
DOGEUSDT,1765627200000,0.13881,0.14002,0.13881,0.13944,13965828.0,1765630799999,1948668.83208,24968
DOGEUSDT,1765630800000,0.13944,0.13954,0.13891,0.13921,6781562.0,1765634399999,944022.31641,14490
DOGEUSDT,1765634400000,0.13922,0.13951,0.13854,0.13919,15089380.0,1765637999999,2098369.85711,22597
DOGEUSDT,1765638000000,0.13919,0.13999,0.13914,0.1395,8005096.0,1765641599999,1116785.43127,18130
DOGEUSDT,1765641600000,0.13949,0.13992,0.13909,0.13945,8941141.0,1765645199999,1247484.18583,22062
DOGEUSDT,1765645200000,0.13944,0.13947,0.1389,0.13904,8779804.0,1765648799999,1220563.52496,15959
DOGEUSDT,1765648800000,0.13904,0.1394,0.13867,0.13874,12546505.0,1765652399999,1744987.64808,14432
DOGEUSDT,1765652400000,0.13874,0.13926,0.13869,0.13899,4150176.0,1765655999999,576949.00808,10661
DOGEUSDT,1765656000000,0.13899,0.13906,0.13865,0.13877,3219281.0,1765659599999,446984.51407,8210
DOGEUSDT,1765659600000,0.13876,0.13909,0.13789,0.13894,11814535.0,1765663199999,1635552.54092,23322
DOGEUSDT,1765663200000,0.13894,0.13944,0.13848,0.13923,6014149.0,1765666799999,836273.61598,18373
DOGEUSDT,1765666800000,0.13922,0.13922,0.13873,0.13905,3841642.0,1765670399999,533812.56589,12578
DOGEUSDT,1765670400000,0.13906,0.13919,0.13866,0.13887,6597444.0,1765673999999,916406.82166,13887
DOGEUSDT,1765674000000,0.13887,0.1391,0.13858,0.13878,5109048.0,1765677599999,709336.35751,8586
DOGEUSDT,1765677600000,0.13879,0.13924,0.13872,0.13905,8063049.0,1765681199999,1120499.54801,8314
DOGEUSDT,1765681200000,0.13904,0.13925,0.13867,0.13883,6050574.0,1765684799999,840390.80897,9398
DOGEUSDT,1765684800000,0.13883,0.13891,0.13824,0.13845,8982514.0,1765688399999,1245273.04937,10948
DOGEUSDT,1765688400000,0.13844,0.13844,0.13765,0.13804,12155552.0,1765691999999,1676202.89792,15079
DOGEUSDT,1765692000000,0.13803,0.13819,0.13753,0.13802,7767278.0,1765695599999,1070761.85765,11393
DOGEUSDT,1765695600000,0.13803,0.13844,0.13799,0.13824,6848591.0,1765699199999,946264.96496,9774
DOGEUSDT,1765699200000,0.13825,0.13844,0.1378,0.13787,5232357.0,1765702799999,723018.86203,9539
DOGEUSDT,1765702800000,0.13787,0.13787,0.13746,0.13763,6442031.0,1765706399999,887016.95824,11476
DOGEUSDT,1765706400000,0.13764,0.13771,0.13682,0.13748,18480855.0,1765709999999,2537667.62041,23134
DOGEUSDT,1765710000000,0.13748,0.13764,0.13573,0.13679,32254546.0,1765713599999,4409788.92685,57210
DOGEUSDT,1765713600000,0.13679,0.13723,0.13628,0.13694,13820230.0,1765717199999,1890953.54926,25925
DOGEUSDT,1765717200000,0.13694,0.13695,0.13636,0.13691,10758538.0,1765720799999,1469995.63155,21296
DOGEUSDT,1765720800000,0.13691,0.13711,0.13513,0.13556,25707590.0,1765724399999,3495320.7289,34951
DOGEUSDT,1765724400000,0.13557,0.13568,0.13494,0.13548,25808200.0,1765727999999,3492133.18597,32387
DOGEUSDT,1765728000000,0.13547,0.13617,0.13513,0.13555,21548355.0,1765731599999,2919990.24714,35684
DOGEUSDT,1765731600000,0.13556,0.13584,0.13332,0.13386,93464560.0,1765735199999,12546115.22031,71018
DOGEUSDT,1765735200000,0.13385,0.13492,0.13367,0.13485,17928647.0,1765738799999,2407053.94468,29216
DOGEUSDT,1765738800000,0.13485,0.13494,0.13396,0.13432,13477956.0,1765742399999,1811489.23756,23185
DOGEUSDT,1765742400000,0.13432,0.13481,0.13352,0.13389,25866747.0,1765745999999,3469990.36898,33824
DOGEUSDT,1765746000000,0.13388,0.13443,0.13343,0.13383,11806936.0,1765749599999,1581505.81987,20361
DOGEUSDT,1765749600000,0.13384,0.13443,0.13346,0.13426,13289044.0,1765753199999,1780680.49588,36127
DOGEUSDT,1765753200000,0.13427,0.13477,0.13261,0.13408,49519874.0,1765756799999,6614117.93088,63686
DOGEUSDT,1765756800000,0.13407,0.1353,0.13404,0.13503,27154651.0,1765760399999,3656624.5269,47918
DOGEUSDT,1765760400000,0.13504,0.13683,0.13485,0.13639,28946766.0,1765763999999,3934258.68374,57761
DOGEUSDT,1765764000000,0.1364,0.13845,0.1364,0.13662,39048296.0,1765767599999,5367944.98256,62449
DOGEUSDT,1765767600000,0.13662,0.13725,0.13612,0.13619,13334322.0,1765771199999,1822365.33069,26498
DOGEUSDT,1765771200000,0.13619,0.13688,0.13601,0.13662,15944055.0,1765774799999,2177001.38065,23680
DOGEUSDT,1765774800000,0.13662,0.13694,0.13655,0.13678,8301519.0,1765778399999,1135186.24085,12345
DOGEUSDT,1765778400000,0.13678,0.13727,0.13639,0.13688,7769853.0,1765781999999,1062459.68375,14571
DOGEUSDT,1765782000000,0.13689,0.1371,0.13601,0.13635,13824029.0,1765785599999,1886647.37996,18229
DOGEUSDT,1765785600000,0.13635,0.13682,0.13614,0.13633,8000412.0,1765789199999,1092049.61998,16459
DOGEUSDT,1765789200000,0.13633,0.13738,0.13629,0.13711,11923962.0,1765792799999,1633101.88059,18123
DOGEUSDT,1765792800000,0.13711,0.13774,0.13691,0.13708,13688093.0,1765796399999,1879025.29798,21380
DOGEUSDT,1765796400000,0.13708,0.13721,0.1365,0.13682,5652872.0,1765799999999,773644.18608,12714
DOGEUSDT,1765800000000,0.13682,0.1371,0.13645,0.13693,6484143.0,1765803599999,887155.50347,12642
DOGEUSDT,1765803600000,0.13692,0.1371,0.13593,0.13638,20885179.0,1765807199999,2851607.33989,29142
DOGEUSDT,1765807200000,0.13637,0.13749,0.13272,0.13362,81944008.0,1765810799999,11049428.59995,122984
DOGEUSDT,1765810800000,0.13362,0.13374,0.12977,0.13076,208790407.0,1765814399999,27416363.84895,308917
DOGEUSDT,1765814400000,0.13076,0.13121,0.12872,0.12967,66954982.0,1765817999999,8700086.7875,125631
DOGEUSDT,1765818000000,0.12966,0.12991,0.12785,0.12793,55198795.0,1765821599999,7108928.93772,92098
DOGEUSDT,1765821600000,0.12793,0.12848,0.12661,0.12839,41797142.0,1765825199999,5333067.44684,88760
DOGEUSDT,1765825200000,0.1284,0.12942,0.1281,0.12889,32633817.0,1765828799999,4204713.40151,58992
DOGEUSDT,1765828800000,0.12888,0.12888,0.12752,0.12796,24081384.0,1765832399999,3085385.97299,51141
DOGEUSDT,1765832400000,0.12797,0.12904,0.12769,0.12884,18889717.0,1765835999999,2426914.45558,33662
DOGEUSDT,1765836000000,0.12885,0.1289,0.12824,0.1289,15853474.0,1765839599999,2038092.19539,22923
DOGEUSDT,1765839600000,0.1289,0.12979,0.12883,0.12975,17302558.0,1765843199999,2238334.29088,31609
DOGEUSDT,1765843200000,0.12975,0.13014,0.12876,0.12889,19145820.0,1765846799999,2478662.22166,28552
DOGEUSDT,1765846800000,0.12889,0.12977,0.12876,0.12926,25624334.0,1765850399999,3313635.81261,41681
DOGEUSDT,1765850400000,0.12927,0.12993,0.12882,0.12936,12388242.0,1765853999999,1601697.69366,34463
DOGEUSDT,1765854000000,0.12937,0.12956,0.12834,0.12925,20094663.0,1765857599999,2592490.21778,31709
DOGEUSDT,1765857600000,0.12925,0.12942,0.12716,0.12898,28654350.0,1765861199999,3675765.49593,43518
DOGEUSDT,1765861200000,0.12898,0.12945,0.1287,0.12905,11332260.0,1765864799999,1461419.56561,26059
DOGEUSDT,1765864800000,0.12905,0.1302,0.12902,0.12993,11346048.0,1765868399999,1472033.05512,15110
DOGEUSDT,1765868400000,0.12994,0.13001,0.12831,0.12843,15672375.0,1765871999999,2026978.79756,28932
DOGEUSDT,1765872000000,0.12843,0.12917,0.12837,0.12869,8857227.0,1765875599999,1140441.99678,24959
DOGEUSDT,1765875600000,0.12868,0.12921,0.12867,0.12892,7563063.0,1765879199999,974556.64913,19747
DOGEUSDT,1765879200000,0.12893,0.13149,0.12874,0.13087,20511636.0,1765882799999,2675238.36567,49382
DOGEUSDT,1765882800000,0.13087,0.13205,0.13056,0.13165,39848545.0,1765886399999,5241704.00033,45176
DOGEUSDT,1765886400000,0.13166,0.13191,0.13103,0.1314,17166764.0,1765889999999,2257153.63725,34098
DOGEUSDT,1765890000000,0.13139,0.13263,0.12975,0.12983,74773378.0,1765893599999,9809957.81915,98523
DOGEUSDT,1765893600000,0.12984,0.13258,0.12888,0.13136,74157609.0,1765897199999,9701178.90965,163120
DOGEUSDT,1765897200000,0.13137,0.13305,0.13069,0.13268,44459394.0,1765900799999,5860270.24498,109851
DOGEUSDT,1765900800000,0.13269,0.13282,0.13124,0.13164,32015104.0,1765904399999,4227287.74822,67285
DOGEUSDT,1765904400000,0.13164,0.13225,0.13102,0.13113,14808173.0,1765907999999,1948521.04656,38275
DOGEUSDT,1765908000000,0.13114,0.133,0.13095,0.13233,19667409.0,1765911599999,2596539.68001,41941
DOGEUSDT,1765911600000,0.13232,0.13257,0.13137,0.13207,10530391.0,1765915199999,1388716.34673,32333
DOGEUSDT,1765915200000,0.13206,0.13248,0.1318,0.13192,7187192.0,1765918799999,949713.96644,27743
DOGEUSDT,1765918800000,0.13192,0.13238,0.13179,0.13214,5496427.0,1765922399999,726112.10772,14948
DOGEUSDT,1765922400000,0.13213,0.13227,0.13175,0.13199,5548270.0,1765925999999,732604.04897,11775
DOGEUSDT,1765926000000,0.13199,0.13203,0.1314,0.13179,10827881.0,1765929599999,1425437.66882,18557
DOGEUSDT,1765929600000,0.13179,0.13179,0.13109,0.13144,10832990.0,1765933199999,1423075.63892,19405
DOGEUSDT,1765933200000,0.13145,0.13244,0.13145,0.13173,12836515.0,1765936799999,1694591.01914,20516
DOGEUSDT,1765936800000,0.13174,0.13211,0.13101,0.13187,5435868.0,1765940399999,715093.64582,19057
DOGEUSDT,1765940400000,0.13188,0.13208,0.13115,0.13125,4572849.0,1765943999999,601097.97213,11945
DOGEUSDT,1765944000000,0.13125,0.13127,0.13063,0.13099,8437046.0,1765947599999,1104505.72768,18892
DOGEUSDT,1765947600000,0.13099,0.13112,0.13,0.13099,13736062.0,1765951199999,1793616.83263,26465
DOGEUSDT,1765951200000,0.13099,0.13136,0.13081,0.1309,8851618.0,1765954799999,1160306.33786,17891
DOGEUSDT,1765954800000,0.1309,0.13142,0.13044,0.13091,11832102.0,1765958399999,1549341.22194,23597
DOGEUSDT,1765958400000,0.13091,0.13091,0.13016,0.13029,9977303.0,1765961999999,1301411.83435,15608
DOGEUSDT,1765962000000,0.1303,0.1303,0.12949,0.1297,22066053.0,1765965599999,2864706.4356,22472
DOGEUSDT,1765965600000,0.12971,0.13019,0.12935,0.12979,11122758.0,1765969199999,1443836.83906,22535
DOGEUSDT,1765969200000,0.12979,0.13053,0.12973,0.1303,7005593.0,1765972799999,912277.36066,19986
DOGEUSDT,1765972800000,0.13029,0.13033,0.12966,0.13015,15023776.0,1765976399999,1952964.34055,26126
DOGEUSDT,1765976400000,0.13015,0.13136,0.12956,0.13109,25202432.0,1765979999999,3285697.80245,43306
DOGEUSDT,1765980000000,0.13109,0.13464,0.12942,0.13448,101879908.0,1765983599999,13470680.83911,167696
DOGEUSDT,1765983600000,0.13448,0.13631,0.12967,0.12994,173485329.0,1765987199999,23118175.89709,286950
DOGEUSDT,1765987200000,0.12994,0.13076,0.12583,0.12746,155353100.0,1765990799999,19818245.27035,261713
DOGEUSDT,1765990800000,0.12745,0.12814,0.12622,0.12669,58024808.0,1765994399999,7373795.85824,105281
DOGEUSDT,1765994400000,0.1267,0.12752,0.12534,0.12565,42905201.0,1765997999999,5417086.39153,89803
DOGEUSDT,1765998000000,0.12566,0.12646,0.12481,0.12645,41887450.0,1766001599999,5255020.09102,80568
DOGEUSDT,1766001600000,0.12646,0.12782,0.12605,0.12679,21578080.0,1766005199999,2738978.69391,51579
DOGEUSDT,1766005200000,0.12678,0.12702,0.12572,0.12579,17403100.0,1766008799999,2197784.33007,29361
DOGEUSDT,1766008800000,0.1258,0.12686,0.12533,0.12669,18794675.0,1766012399999,2369791.32262,27167
DOGEUSDT,1766012400000,0.1267,0.1267,0.12566,0.12633,20655522.0,1766015999999,2603103.42737,21241
DOGEUSDT,1766016000000,0.12633,0.12656,0.12601,0.12641,12275706.0,1766019599999,1550632.6041,21898
DOGEUSDT,1766019600000,0.12641,0.12641,0.12513,0.12554,35844580.0,1766023199999,4501656.34434,44405
DOGEUSDT,1766023200000,0.12554,0.12679,0.12524,0.12627,20581613.0,1766026799999,2597323.18362,37245
DOGEUSDT,1766026800000,0.12627,0.12628,0.12522,0.12541,12440754.0,1766030399999,1562454.77002,21247
DOGEUSDT,1766030400000,0.12542,0.1259,0.12535,0.12549,13885594.0,1766033999999,1744077.32328,19804
DOGEUSDT,1766034000000,0.12548,0.12548,0.12385,0.1242,35688509.0,1766037599999,4442834.86614,42119
DOGEUSDT,1766037600000,0.1242,0.12507,0.12401,0.12467,25484287.0,1766041199999,3175723.50503,27655
DOGEUSDT,1766041200000,0.12467,0.12508,0.12447,0.12484,19351150.0,1766044799999,2414982.0002,25631
DOGEUSDT,1766044800000,0.12485,0.12567,0.12467,0.12523,32319209.0,1766048399999,4048904.14925,34836
DOGEUSDT,1766048400000,0.12523,0.12594,0.12483,0.12589,21160034.0,1766051999999,2652889.76328,45992
DOGEUSDT,1766052000000,0.12589,0.12646,0.1257,0.12635,19971376.0,1766055599999,2518284.67071,21774
DOGEUSDT,1766055600000,0.12635,0.12638,0.1257,0.12614,15794248.0,1766059199999,1989985.91112,19449
DOGEUSDT,1766059200000,0.12614,0.12681,0.12578,0.12631,21714753.0,1766062799999,2741909.92972,28370
DOGEUSDT,1766062800000,0.12631,0.12972,0.12631,0.12929,139154548.0,1766066399999,17886181.27099,136363
DOGEUSDT,1766066400000,0.12929,0.13047,0.12769,0.12863,76084383.0,1766069999999,9820290.25559,164289
DOGEUSDT,1766070000000,0.12863,0.13072,0.12789,0.12953,61334728.0,1766073599999,7934789.78086,104123
DOGEUSDT,1766073600000,0.12953,0.12979,0.12843,0.12866,33658313.0,1766077199999,4342052.8147,60866
DOGEUSDT,1766077200000,0.12865,0.12869,0.12137,0.12362,240135384.0,1766080799999,29651232.12922,308044
DOGEUSDT,1766080800000,0.12362,0.12506,0.12276,0.12317,61787314.0,1766084399999,7660979.816,89903
DOGEUSDT,1766084400000,0.12317,0.12338,0.11993,0.12026,114160387.0,1766087999999,13852814.63949,156930
DOGEUSDT,1766088000000,0.12025,0.12177,0.12009,0.12078,47878226.0,1766091599999,5800122.83343,100057
DOGEUSDT,1766091600000,0.12078,0.12322,0.12077,0.1232,56644934.0,1766095199999,6920953.18018,67020
DOGEUSDT,1766095200000,0.12321,0.12373,0.12277,0.12302,22193163.0,1766098799999,2735252.86664,32644
DOGEUSDT,1766098800000,0.12302,0.12305,0.1219,0.12207,30460506.0,1766102399999,3722833.80076,28560
DOGEUSDT,1766102400000,0.12207,0.12242,0.12153,0.12231,33999523.0,1766105999999,4147658.4138,36315
DOGEUSDT,1766106000000,0.12231,0.12231,0.12056,0.12119,23999926.0,1766109599999,2911869.39791,41153
DOGEUSDT,1766109600000,0.12118,0.12196,0.12058,0.12158,37097542.0,1766113199999,4496522.48539,53336
DOGEUSDT,1766113200000,0.12158,0.1263,0.1215,0.12551,101036422.0,1766116799999,12600966.38879,159541
DOGEUSDT,1766116800000,0.12551,0.1265,0.12543,0.12611,50486381.0,1766120399999,6359638.0135,54114
DOGEUSDT,1766120400000,0.12612,0.12617,0.12541,0.12569,26182534.0,1766123999999,3290139.28571,37189
DOGEUSDT,1766124000000,0.12569,0.12673,0.12539,0.12648,19144892.0,1766127599999,2412826.57098,29522
DOGEUSDT,1766127600000,0.12649,0.12885,0.12649,0.12795,46281163.0,1766131199999,5915775.45942,78473
DOGEUSDT,1766131200000,0.12795,0.12865,0.12767,0.1282,19622977.0,1766134799999,2514505.37425,34284
DOGEUSDT,1766134800000,0.12819,0.12831,0.12757,0.12799,16907273.0,1766138399999,2163591.29664,22240
DOGEUSDT,1766138400000,0.12799,0.12835,0.12785,0.12819,16162826.0,1766141999999,2071514.71352,20256
DOGEUSDT,1766142000000,0.12819,0.12861,0.128,0.12822,10129617.0,1766145599999,1299402.19375,20616
DOGEUSDT,1766145600000,0.12822,0.12896,0.12792,0.12859,19293091.0,1766149199999,2479485.07468,29671
DOGEUSDT,1766149200000,0.1286,0.1291,0.12819,0.12856,22678707.0,1766152799999,2918203.20255,24869
DOGEUSDT,1766152800000,0.12857,0.13048,0.12794,0.12946,66183391.0,1766156399999,8541093.29713,97417
DOGEUSDT,1766156400000,0.12947,0.13207,0.12915,0.12962,91014316.0,1766159999999,11860333.51128,153784
DOGEUSDT,1766160000000,0.12961,0.1325,0.12957,0.13102,82895603.0,1766163599999,10907850.94187,98712
DOGEUSDT,1766163600000,0.13102,0.13225,0.12967,0.12968,52256342.0,1766167199999,6839714.0315,83541
DOGEUSDT,1766167200000,0.12968,0.13149,0.12968,0.13124,28282853.0,1766170799999,3698016.05036,50289
DOGEUSDT,1766170800000,0.13125,0.13353,0.13125,0.13288,41835761.0,1766174399999,5548028.78126,59694
DOGEUSDT,1766174400000,0.13289,0.13342,0.1326,0.13303,32838984.0,1766177999999,4368139.96782,52029
DOGEUSDT,1766178000000,0.13302,0.13305,0.13176,0.13197,18715866.0,1766181599999,2476346.23754,23498
DOGEUSDT,1766181600000,0.13197,0.13293,0.13196,0.13252,15247541.0,1766185199999,2021114.77022,20181
DOGEUSDT,1766185200000,0.13252,0.13258,0.13215,0.13222,14210556.0,1766188799999,1881244.90231,16864
DOGEUSDT,1766188800000,0.13222,0.13229,0.13101,0.13112,16123233.0,1766192399999,2121321.16393,22464
DOGEUSDT,1766192400000,0.13111,0.13125,0.13088,0.13106,12896686.0,1766195999999,1690429.55333,16183
DOGEUSDT,1766196000000,0.13106,0.13142,0.13073,0.13109,17031161.0,1766199599999,2231476.52742,14132
DOGEUSDT,1766199600000,0.13109,0.13182,0.1309,0.13147,22044987.0,1766203199999,2899374.85456,14273
DOGEUSDT,1766203200000,0.13148,0.13157,0.13069,0.13086,11347258.0,1766206799999,1488313.57813,15003
DOGEUSDT,1766206800000,0.13087,0.13151,0.13077,0.13107,6544610.0,1766210399999,858749.90087,14992
DOGEUSDT,1766210400000,0.13108,0.1314,0.13105,0.13121,2591831.0,1766213999999,340083.04181,9617
DOGEUSDT,1766214000000,0.13122,0.13167,0.13094,0.13157,6700017.0,1766217599999,879495.55103,14658
DOGEUSDT,1766217600000,0.13157,0.13261,0.13151,0.13193,17889037.0,1766221199999,2365221.40582,24922
DOGEUSDT,1766221200000,0.13193,0.13251,0.13192,0.13225,12268810.0,1766224799999,1622738.41056,15667
DOGEUSDT,1766224800000,0.13226,0.13236,0.13159,0.13171,10669268.0,1766228399999,1407364.57483,13616
DOGEUSDT,1766228400000,0.13171,0.13217,0.13156,0.13197,7798795.0,1766231999999,1028370.26642,13188
DOGEUSDT,1766232000000,0.13198,0.13214,0.13175,0.13181,5997510.0,1766235599999,791087.32333,7552
DOGEUSDT,1766235600000,0.1318,0.13218,0.13135,0.13206,17954005.0,1766239199999,2364931.03867,23482
DOGEUSDT,1766239200000,0.13207,0.13238,0.13122,0.13227,9927831.0,1766242799999,1308017.97916,19759
DOGEUSDT,1766242800000,0.13228,0.13234,0.13164,0.1321,14346432.0,1766246399999,1892995.00237,16194
DOGEUSDT,1766246400000,0.1321,0.1323,0.13168,0.13189,9907924.0,1766249999999,1307333.7027,12671
DOGEUSDT,1766250000000,0.13189,0.13217,0.1316,0.13172,5507079.0,1766253599999,726015.59416,12753
DOGEUSDT,1766253600000,0.13172,0.13234,0.1316,0.13216,12948820.0,1766257199999,1709176.11993,13430
DOGEUSDT,1766257200000,0.13215,0.13236,0.13193,0.13217,3424482.0,1766260799999,452677.32023,8404
DOGEUSDT,1766260800000,0.13218,0.13232,0.132,0.13228,6671644.0,1766264399999,881712.34877,8255
DOGEUSDT,1766264400000,0.13227,0.13246,0.1321,0.13213,9036989.0,1766267999999,1195693.48326,10316
DOGEUSDT,1766268000000,0.13214,0.13237,0.13153,0.13221,10972435.0,1766271599999,1447660.00072,12623
DOGEUSDT,1766271600000,0.1322,0.13238,0.13192,0.13194,6296857.0,1766275199999,831829.75827,11817
DOGEUSDT,1766275200000,0.13193,0.13219,0.13174,0.13195,4652138.0,1766278799999,613779.87374,9545
DOGEUSDT,1766278800000,0.13194,0.13194,0.13112,0.13114,9722670.0,1766282399999,1278152.02087,12445
DOGEUSDT,1766282400000,0.13115,0.13142,0.13049,0.13087,17412485.0,1766285999999,2278502.39518,22066
DOGEUSDT,1766286000000,0.13087,0.13163,0.13076,0.13112,8131844.0,1766289599999,1066320.58893,15313
DOGEUSDT,1766289600000,0.13112,0.13131,0.13095,0.13116,4583972.0,1766293199999,601256.21662,9520
DOGEUSDT,1766293200000,0.13115,0.13178,0.13112,0.13149,6187099.0,1766296799999,813723.22049,10895
DOGEUSDT,1766296800000,0.13149,0.13168,0.13138,0.13151,3762895.0,1766300399999,494895.16875,10693
DOGEUSDT,1766300400000,0.13151,0.13155,0.13122,0.13136,4518899.0,1766303999999,593517.06776,9246
DOGEUSDT,1766304000000,0.13136,0.13307,0.13122,0.13281,15075498.0,1766307599999,1993531.75637,27729
DOGEUSDT,1766307600000,0.13281,0.13342,0.13233,0.13277,20547907.0,1766311199999,2730963.2954,38729
DOGEUSDT,1766311200000,0.13278,0.13296,0.1317,0.13193,12966193.0,1766314799999,1714750.47791,23665
DOGEUSDT,1766314800000,0.13193,0.13199,0.13138,0.13174,5352913.0,1766318399999,704829.53644,15917
DOGEUSDT,1766318400000,0.13174,0.13233,0.13116,0.13172,12239231.0,1766321999999,1612320.60677,27908
DOGEUSDT,1766322000000,0.13172,0.13175,0.12871,0.12897,65694245.0,1766325599999,8539810.56178,108526
DOGEUSDT,1766325600000,0.12896,0.13008,0.12881,0.12968,23315557.0,1766329199999,3020912.04647,38228
DOGEUSDT,1766329200000,0.12969,0.12989,0.12898,0.12953,19813469.0,1766332799999,2563368.7059,26606
DOGEUSDT,1766332800000,0.12952,0.13032,0.12912,0.1301,15333055.0,1766336399999,1987855.14847,26505
DOGEUSDT,1766336400000,0.13011,0.13049,0.12974,0.13002,12449542.0,1766339999999,1619942.2329,21093
DOGEUSDT,1766340000000,0.13001,0.13004,0.12914,0.12973,12059774.0,1766343599999,1561089.2379,21140
DOGEUSDT,1766343600000,0.12973,0.13057,0.12949,0.13037,12705304.0,1766347199999,1652273.58559,20609
DOGEUSDT,1766347200000,0.13037,0.13039,0.12979,0.12992,2866730.0,1766350799999,372609.87574,8939
DOGEUSDT,1766350800000,0.12993,0.13015,0.12936,0.12957,4618710.0,1766354399999,599422.88513,13511
DOGEUSDT,1766354400000,0.12957,0.13063,0.12944,0.13057,7583651.0,1766357999999,987550.00939,15084
DOGEUSDT,1766358000000,0.13057,0.1314,0.13057,0.13112,13423944.0,1766361599999,1759679.6479,27689
DOGEUSDT,1766361600000,0.13113,0.13424,0.13113,0.13165,56576132.0,1766365199999,7514913.28291,112144
DOGEUSDT,1766365200000,0.13165,0.13301,0.13138,0.1314,23034047.0,1766368799999,3042244.56605,45361
DOGEUSDT,1766368800000,0.13141,0.13144,0.12952,0.13095,43026372.0,1766372399999,5606061.28446,59575
DOGEUSDT,1766372400000,0.13096,0.13287,0.1306,0.13204,17942117.0,1766375999999,2369898.01308,36695
DOGEUSDT,1766376000000,0.13205,0.13274,0.13202,0.13247,16246218.0,1766379599999,2150708.95691,29907
DOGEUSDT,1766379600000,0.13247,0.13263,0.13186,0.13191,14658524.0,1766383199999,1938412.13106,19173
DOGEUSDT,1766383200000,0.13191,0.13204,0.13151,0.13164,8288337.0,1766386799999,1092034.30789,17823
DOGEUSDT,1766386800000,0.13164,0.13241,0.13152,0.1321,5976833.0,1766390399999,789612.05047,18205
DOGEUSDT,1766390400000,0.1321,0.1333,0.13171,0.13227,31823087.0,1766393999999,4222325.72984,49950
DOGEUSDT,1766394000000,0.13228,0.13263,0.13182,0.13232,12699795.0,1766397599999,1679009.4898,23595
DOGEUSDT,1766397600000,0.13231,0.13258,0.13198,0.13222,11552115.0,1766401199999,1528612.27909,16824
DOGEUSDT,1766401200000,0.13223,0.13327,0.13191,0.13288,14050552.0,1766404799999,1863655.38742,25082
DOGEUSDT,1766404800000,0.13289,0.1342,0.13259,0.13329,33004173.0,1766408399999,4400481.25585,45813
DOGEUSDT,1766408400000,0.13329,0.13349,0.13253,0.13293,29007093.0,1766411999999,3858044.25386,27483
DOGEUSDT,1766412000000,0.13293,0.13444,0.13273,0.13407,43243155.0,1766415599999,5779666.33897,90220
DOGEUSDT,1766415600000,0.13408,0.1354,0.13267,0.13439,39903110.0,1766419199999,5344277.79295,116537
DOGEUSDT,1766419200000,0.13439,0.13521,0.13367,0.13369,25024550.0,1766422799999,3364564.95365,59083
DOGEUSDT,1766422800000,0.1337,0.13407,0.13307,0.13392,16435425.0,1766426399999,2195112.30671,38083
DOGEUSDT,1766426400000,0.13392,0.13519,0.13372,0.1343,24947878.0,1766429999999,3356507.07529,37078
DOGEUSDT,1766430000000,0.1343,0.13439,0.13166,0.13193,37355298.0,1766433599999,4956164.00471,84280
DOGEUSDT,1766433600000,0.13192,0.13241,0.13089,0.13122,28820997.0,1766437199999,3789557.23428,70600
DOGEUSDT,1766437200000,0.13121,0.13217,0.13121,0.13143,10397810.0,1766440799999,1368659.12282,25331
DOGEUSDT,1766440800000,0.13144,0.13269,0.13111,0.1325,21427828.0,1766444399999,2827837.60158,30017
DOGEUSDT,1766444400000,0.13249,0.13263,0.13202,0.13258,13112349.0,1766447999999,1735016.50227,19206
DOGEUSDT,1766448000000,0.13258,0.13342,0.1323,0.13327,15882742.0,1766451599999,2110402.317,21524
DOGEUSDT,1766451600000,0.13328,0.13348,0.13243,0.13291,12081783.0,1766455199999,1606472.5307,21066
DOGEUSDT,1766455200000,0.1329,0.13369,0.13201,0.13227,14500894.0,1766458799999,1925739.15851,34331
DOGEUSDT,1766458800000,0.13227,0.13276,0.13133,0.13251,19505084.0,1766462399999,2572892.10852,33263
DOGEUSDT,1766462400000,0.13252,0.13307,0.13192,0.13192,10105395.0,1766465999999,1338802.51305,20337
DOGEUSDT,1766466000000,0.13191,0.132,0.13053,0.13116,20690740.0,1766469599999,2714508.15267,35098
DOGEUSDT,1766469600000,0.13115,0.1314,0.1301,0.13078,26245146.0,1766473199999,3426941.38004,51646
DOGEUSDT,1766473200000,0.13078,0.13093,0.12991,0.13046,43884388.0,1766476799999,5718973.81535,41441
DOGEUSDT,1766476800000,0.13046,0.13091,0.12996,0.13008,11497027.0,1766480399999,1498992.93734,16943
DOGEUSDT,1766480400000,0.13007,0.13049,0.12997,0.13025,14752502.0,1766483999999,1920866.47152,21329
DOGEUSDT,1766484000000,0.13026,0.13096,0.1302,0.13086,8108667.0,1766487599999,1058694.31722,14334
DOGEUSDT,1766487600000,0.13085,0.1314,0.13069,0.13111,9893913.0,1766491199999,1297150.23978,20755
DOGEUSDT,1766491200000,0.13111,0.13112,0.1301,0.13028,13237996.0,1766494799999,1727587.64774,28478
DOGEUSDT,1766494800000,0.13027,0.13052,0.12915,0.1296,32043652.0,1766498399999,4157199.59789,45431
DOGEUSDT,1766498400000,0.12959,0.13053,0.12789,0.12891,70149887.0,1766501999999,9059999.65101,99485
DOGEUSDT,1766502000000,0.1289,0.12978,0.12853,0.12951,33933466.0,1766505599999,4383841.08123,68404
DOGEUSDT,1766505600000,0.12951,0.13095,0.12907,0.1305,44935083.0,1766509199999,5847684.37889,65743
DOGEUSDT,1766509200000,0.1305,0.1307,0.12825,0.12839,32438503.0,1766512799999,4204882.68379,46048
DOGEUSDT,1766512800000,0.12838,0.13013,0.1283,0.12981,21338978.0,1766516399999,2759397.61503,41990
DOGEUSDT,1766516400000,0.12982,0.12998,0.12874,0.129,10308849.0,1766519999999,1332656.36552,20464
DOGEUSDT,1766520000000,0.12899,0.13051,0.12862,0.1295,17005686.0,1766523599999,2199942.1427,32170
DOGEUSDT,1766523600000,0.12951,0.12962,0.12922,0.12955,6394773.0,1766527199999,827789.90548,15107
DOGEUSDT,1766527200000,0.12955,0.12997,0.12904,0.12943,10619692.0,1766530799999,1375815.46065,18804
DOGEUSDT,1766530800000,0.12942,0.12968,0.129,0.12928,7860024.0,1766534399999,1016604.26857,18421
DOGEUSDT,1766534400000,0.12929,0.13006,0.12912,0.13002,8772040.0,1766537999999,1137294.21642,16391
DOGEUSDT,1766538000000,0.13002,0.13038,0.12945,0.12976,11980313.0,1766541599999,1556791.95384,18355
DOGEUSDT,1766541600000,0.12976,0.12978,0.12781,0.12826,21356710.0,1766545199999,2747208.91641,32769
DOGEUSDT,1766545200000,0.12826,0.12866,0.12751,0.1285,20504275.0,1766548799999,2622563.60978,27460
DOGEUSDT,1766548800000,0.12849,0.12893,0.12762,0.12763,10688586.0,1766552399999,1371441.52814,22407
DOGEUSDT,1766552400000,0.12762,0.12799,0.127,0.12732,19712153.0,1766555999999,2511494.04647,28673
DOGEUSDT,1766556000000,0.12733,0.12734,0.1267,0.12723,15583255.0,1766559599999,1979253.75415,19877
DOGEUSDT,1766559600000,0.12724,0.1277,0.12708,0.12709,16221800.0,1766563199999,2066367.60328,18197
DOGEUSDT,1766563200000,0.12709,0.12736,0.12651,0.12721,19125297.0,1766566799999,2428358.09496,22321
DOGEUSDT,1766566800000,0.12722,0.12769,0.12722,0.12756,6496332.0,1766570399999,828077.15068,15927
DOGEUSDT,1766570400000,0.12755,0.12797,0.12733,0.12759,9267293.0,1766573999999,1183049.92243,17891
DOGEUSDT,1766574000000,0.12759,0.12842,0.12759,0.128,10025062.0,1766577599999,1285031.6645,17122
DOGEUSDT,1766577600000,0.12801,0.12852,0.12772,0.12842,6870780.0,1766581199999,880171.02725,15644
DOGEUSDT,1766581200000,0.12841,0.12844,0.12773,0.1281,5729350.0,1766584799999,733820.66093,15109
DOGEUSDT,1766584800000,0.12811,0.12862,0.1268,0.12736,40182945.0,1766588399999,5138523.54745,66660
DOGEUSDT,1766588400000,0.12737,0.12846,0.12695,0.12837,19862421.0,1766591999999,2537566.46754,60773
DOGEUSDT,1766592000000,0.12836,0.12946,0.12806,0.1287,26788268.0,1766595599999,3449883.62167,53347
DOGEUSDT,1766595600000,0.12871,0.12908,0.12791,0.12796,12671398.0,1766599199999,1628312.5428,27001
DOGEUSDT,1766599200000,0.12796,0.12824,0.12762,0.12796,9897889.0,1766602799999,1266681.67357,19294
DOGEUSDT,1766602800000,0.12796,0.1282,0.12766,0.12817,9270052.0,1766606399999,1185643.39516,13538
DOGEUSDT,1766606400000,0.12817,0.12873,0.1281,0.12822,7184089.0,1766609999999,922213.12414,11866
DOGEUSDT,1766610000000,0.12821,0.12875,0.12821,0.12856,8619716.0,1766613599999,1107624.70543,13334
DOGEUSDT,1766613600000,0.12855,0.12938,0.12851,0.12921,10490529.0,1766617199999,1353516.68363,15604
DOGEUSDT,1766617200000,0.12921,0.12927,0.12852,0.12856,8394201.0,1766620799999,1081060.11765,14546
DOGEUSDT,1766620800000,0.12855,0.12867,0.12791,0.12797,7837375.0,1766624399999,1005530.12889,12945
DOGEUSDT,1766624400000,0.12798,0.12872,0.12797,0.12863,8114101.0,1766627999999,1041677.2981,10663
DOGEUSDT,1766628000000,0.12862,0.12903,0.1284,0.12876,5047233.0,1766631599999,649611.54597,10892
DOGEUSDT,1766631600000,0.12876,0.12909,0.12851,0.12879,7083139.0,1766635199999,911891.22451,11510
DOGEUSDT,1766635200000,0.12878,0.12885,0.12858,0.12874,9537026.0,1766638799999,1227510.74612,9681
DOGEUSDT,1766638800000,0.12874,0.12874,0.12828,0.12839,11046028.0,1766642399999,1418850.64237,11448
DOGEUSDT,1766642400000,0.12838,0.12857,0.1281,0.12835,8469924.0,1766645999999,1086608.23544,9798
DOGEUSDT,1766646000000,0.12834,0.12837,0.12773,0.12795,11507992.0,1766649599999,1472431.82766,11511
DOGEUSDT,1766649600000,0.12795,0.12858,0.12681,0.1274,28607447.0,1766653199999,3647514.46813,42153
DOGEUSDT,1766653200000,0.1274,0.12753,0.12714,0.12746,8843882.0,1766656799999,1125954.2104,10954
DOGEUSDT,1766656800000,0.12746,0.12747,0.12561,0.12606,33234723.0,1766660399999,4199601.38394,36216
DOGEUSDT,1766660400000,0.12606,0.12653,0.126,0.12623,11336271.0,1766663999999,1431457.26226,14906
DOGEUSDT,1766664000000,0.12624,0.1267,0.12613,0.12668,9646725.0,1766667599999,1219428.16457,14493
DOGEUSDT,1766667600000,0.12668,0.1267,0.1259,0.1264,16218698.0,1766671199999,2048341.04725,22197
DOGEUSDT,1766671200000,0.12639,0.12654,0.12591,0.12636,19259501.0,1766674799999,2432511.90982,16891
DOGEUSDT,1766674800000,0.12637,0.12826,0.12622,0.12762,36768196.0,1766678399999,4675682.56566,58012
DOGEUSDT,1766678400000,0.12762,0.12801,0.12672,0.12708,27368125.0,1766681999999,3490217.1317,32600
DOGEUSDT,1766682000000,0.12708,0.12725,0.1268,0.12705,12495030.0,1766685599999,1587145.93834,17956
DOGEUSDT,1766685600000,0.12706,0.12764,0.12706,0.12742,14683848.0,1766689199999,1869755.93191,14858
DOGEUSDT,1766689200000,0.12741,0.12748,0.12693,0.12714,7206381.0,1766692799999,916203.82905,8707
DOGEUSDT,1766692800000,0.12714,0.12728,0.12668,0.12707,11141295.0,1766696399999,1415006.20631,14342
DOGEUSDT,1766696400000,0.12706,0.1273,0.12692,0.12692,6860879.0,1766699999999,872228.28006,8183
DOGEUSDT,1766700000000,0.12691,0.12695,0.12319,0.12401,59410621.0,1766703599999,7408917.62128,66368
DOGEUSDT,1766703600000,0.12402,0.12472,0.123,0.12365,47074023.0,1766707199999,5824794.35843,68680
DOGEUSDT,1766707200000,0.12364,0.124,0.12313,0.12371,38679578.0,1766710799999,4778251.88356,44884
DOGEUSDT,1766710800000,0.12371,0.12417,0.12358,0.12398,21465604.0,1766714399999,2660959.25133,21445
DOGEUSDT,1766714400000,0.12398,0.12752,0.12384,0.12628,84797402.0,1766717999999,10703425.05313,113736
DOGEUSDT,1766718000000,0.12629,0.1265,0.12546,0.12604,29446047.0,1766721599999,3705882.92664,43645
DOGEUSDT,1766721600000,0.12603,0.12607,0.12536,0.12572,53410393.0,1766725199999,6710379.10116,34809
DOGEUSDT,1766725200000,0.12572,0.12578,0.12528,0.12566,24272048.0,1766728799999,3044992.5407,20662
DOGEUSDT,1766728800000,0.12566,0.12624,0.12562,0.12599,19364760.0,1766732399999,2438803.72938,22182
DOGEUSDT,1766732400000,0.12599,0.12669,0.12522,0.12537,26632289.0,1766735999999,3355233.11,34347
DOGEUSDT,1766736000000,0.12537,0.126,0.12535,0.12583,14579099.0,1766739599999,1833025.71009,24082
DOGEUSDT,1766739600000,0.12582,0.12611,0.12552,0.12588,20080819.0,1766743199999,2526960.40343,16358
DOGEUSDT,1766743200000,0.12588,0.12591,0.12556,0.12573,7239108.0,1766746799999,910245.42012,13286
DOGEUSDT,1766746800000,0.12573,0.12573,0.12527,0.12537,9659207.0,1766750399999,1211812.15917,11150
DOGEUSDT,1766750400000,0.12537,0.12588,0.12536,0.12577,9508642.0,1766753999999,1194604.7999,11662
DOGEUSDT,1766754000000,0.12577,0.1264,0.12563,0.12621,12623072.0,1766757599999,1590952.97237,19383
DOGEUSDT,1766757600000,0.12621,0.12626,0.12238,0.12268,73351280.0,1766761199999,9078023.52024,103979
DOGEUSDT,1766761200000,0.12268,0.12268,0.12129,0.12214,89334312.0,1766764799999,10899152.29912,141253
DOGEUSDT,1766764800000,0.12214,0.12228,0.12064,0.12078,57724196.0,1766768399999,7029357.57149,59746
DOGEUSDT,1766768400000,0.12077,0.12198,0.12068,0.12163,31734942.0,1766771999999,3852797.15751,43632
DOGEUSDT,1766772000000,0.12163,0.12224,0.12156,0.12186,12060238.0,1766775599999,1470420.05344,21521
DOGEUSDT,1766775600000,0.12186,0.12247,0.12174,0.12211,17234721.0,1766779199999,2105055.61756,16958
DOGEUSDT,1766779200000,0.12212,0.12262,0.12186,0.12222,17433572.0,1766782799999,2130849.18468,22676
DOGEUSDT,1766782800000,0.12222,0.12227,0.12175,0.12179,10255447.0,1766786399999,1251001.08759,13511
DOGEUSDT,1766786400000,0.12179,0.12221,0.12165,0.12216,15853232.0,1766789999999,1934361.3778,14101
DOGEUSDT,1766790000000,0.12215,0.12218,0.12173,0.12211,23142132.0,1766793599999,2822767.25998,12789
DOGEUSDT,1766793600000,0.12211,0.12248,0.12193,0.12221,9700137.0,1766797199999,1184651.9782,9543
DOGEUSDT,1766797200000,0.12222,0.12269,0.12214,0.12268,6347767.0,1766800799999,776573.24799,7274
DOGEUSDT,1766800800000,0.12268,0.12279,0.12231,0.12265,9240918.0,1766804399999,1132888.80241,11147
DOGEUSDT,1766804400000,0.12265,0.12342,0.12248,0.12329,11600567.0,1766807999999,1427388.21895,14409
DOGEUSDT,1766808000000,0.1233,0.12337,0.12274,0.12281,7718587.0,1766811599999,948917.42923,10501
DOGEUSDT,1766811600000,0.12281,0.12295,0.1227,0.12284,7420405.0,1766815199999,911400.18111,8143
DOGEUSDT,1766815200000,0.12283,0.12292,0.12257,0.12269,10732591.0,1766818799999,1317441.7186,9266
DOGEUSDT,1766818800000,0.12269,0.12323,0.12269,0.12271,8917206.0,1766822399999,1096404.42519,10723
DOGEUSDT,1766822400000,0.1227,0.12285,0.12245,0.12253,7968663.0,1766825999999,977387.8035,8005
DOGEUSDT,1766826000000,0.12254,0.12287,0.1225,0.1227,10014808.0,1766829599999,1228733.77051,10305
DOGEUSDT,1766829600000,0.1227,0.12287,0.12204,0.1225,12926110.0,1766833199999,1583287.8953,16499
DOGEUSDT,1766833200000,0.12251,0.12312,0.12224,0.12305,12192517.0,1766836799999,1496810.38536,16391
DOGEUSDT,1766836800000,0.12305,0.1234,0.12278,0.12289,15466681.0,1766840399999,1903243.71393,14418
DOGEUSDT,1766840400000,0.12289,0.12298,0.12261,0.1227,9241173.0,1766843999999,1134955.79055,11399
DOGEUSDT,1766844000000,0.1227,0.12297,0.12242,0.12279,7639890.0,1766847599999,937548.12447,11150
DOGEUSDT,1766847600000,0.1228,0.12322,0.12273,0.12304,8784306.0,1766851199999,1080281.423,12979
DOGEUSDT,1766851200000,0.12304,0.1233,0.12264,0.12274,12029478.0,1766854799999,1480129.59766,17779
DOGEUSDT,1766854800000,0.12274,0.12304,0.12264,0.123,5140856.0,1766858399999,631595.69361,11755
DOGEUSDT,1766858400000,0.12299,0.12307,0.12283,0.12292,6170677.0,1766861999999,758730.88132,8312
DOGEUSDT,1766862000000,0.12291,0.12298,0.12275,0.12293,3720519.0,1766865599999,457209.44742,6240
DOGEUSDT,1766865600000,0.12294,0.12335,0.12292,0.12301,6108061.0,1766869199999,751782.29836,8540
DOGEUSDT,1766869200000,0.12301,0.1237,0.12301,0.12359,13096461.0,1766872799999,1616854.17076,13492
DOGEUSDT,1766872800000,0.1236,0.12452,0.12316,0.12327,14029359.0,1766876399999,1736517.81434,25685
DOGEUSDT,1766876400000,0.12327,0.12492,0.12327,0.12435,26013510.0,1766879999999,3230955.40847,26856
DOGEUSDT,1766880000000,0.12435,0.12466,0.12399,0.1241,12551504.0,1766883599999,1559798.32005,16061
DOGEUSDT,1766883600000,0.1241,0.1242,0.12368,0.12382,8585025.0,1766887199999,1063293.97478,10582
DOGEUSDT,1766887200000,0.12382,0.12429,0.12377,0.12405,7858272.0,1766890799999,974756.72941,7982
DOGEUSDT,1766890800000,0.12406,0.1242,0.12395,0.12412,8225756.0,1766894399999,1020469.77322,8526
DOGEUSDT,1766894400000,0.12411,0.12424,0.124,0.12402,6324261.0,1766897999999,784977.94056,7467
DOGEUSDT,1766898000000,0.12402,0.12409,0.12376,0.1239,8210971.0,1766901599999,1017690.09788,11163
DOGEUSDT,1766901600000,0.1239,0.1243,0.12382,0.12419,6552989.0,1766905199999,812900.09631,9535
DOGEUSDT,1766905200000,0.12419,0.12439,0.12407,0.12417,6265789.0,1766908799999,778410.72341,9137
DOGEUSDT,1766908800000,0.12418,0.1244,0.12391,0.12404,7877249.0,1766912399999,977769.56062,11229
DOGEUSDT,1766912400000,0.12404,0.12405,0.12349,0.12372,10856915.0,1766915999999,1344184.29748,12358
DOGEUSDT,1766916000000,0.12372,0.12422,0.12368,0.12386,8049380.0,1766919599999,998280.85238,10640
DOGEUSDT,1766919600000,0.12387,0.12414,0.12375,0.12397,4839042.0,1766923199999,599899.02318,9072
DOGEUSDT,1766923200000,0.12398,0.12424,0.12383,0.12394,5666116.0,1766926799999,702692.91414,9325
DOGEUSDT,1766926800000,0.12395,0.12423,0.12393,0.12418,5650002.0,1766930399999,701057.5575,9103
DOGEUSDT,1766930400000,0.12418,0.1248,0.12414,0.12449,17266779.0,1766933999999,2149176.83552,19230
DOGEUSDT,1766934000000,0.12449,0.1249,0.12418,0.12425,10346004.0,1766937599999,1288567.39786,15800
DOGEUSDT,1766937600000,0.12425,0.12467,0.12398,0.12416,8708116.0,1766941199999,1081847.92462,13926
DOGEUSDT,1766941200000,0.12416,0.12459,0.12414,0.12423,4073466.0,1766944799999,506544.94219,8099
DOGEUSDT,1766944800000,0.12424,0.12428,0.12314,0.12336,24643660.0,1766948399999,3046524.21536,25435
DOGEUSDT,1766948400000,0.12337,0.12385,0.12318,0.12346,11101162.0,1766951999999,1371082.96597,15633
DOGEUSDT,1766952000000,0.12346,0.12358,0.12318,0.12322,6666325.0,1766955599999,822718.38455,10999
DOGEUSDT,1766955600000,0.12321,0.12346,0.12277,0.12346,16003510.0,1766959199999,1968918.39591,15948
DOGEUSDT,1766959200000,0.12346,0.12407,0.12293,0.12396,7209172.0,1766962799999,889899.14302,13687
DOGEUSDT,1766962800000,0.12396,0.12411,0.12324,0.12393,7862734.0,1766966399999,973191.63708,15840
DOGEUSDT,1766966400000,0.12394,0.1257,0.12378,0.12515,30718762.0,1766969999999,3840352.34679,44776
DOGEUSDT,1766970000000,0.12514,0.12604,0.12437,0.12576,36191489.0,1766973599999,4542753.2542,43667
DOGEUSDT,1766973600000,0.12576,0.12709,0.12576,0.12638,61035571.0,1766977199999,7721420.22198,64090
DOGEUSDT,1766977200000,0.12639,0.12777,0.12629,0.12749,39603895.0,1766980799999,5032974.97306,44656
DOGEUSDT,1766980800000,0.12749,0.12805,0.1273,0.12737,31446087.0,1766984399999,4014632.54038,34392
DOGEUSDT,1766984400000,0.12737,0.12766,0.12682,0.12688,22078034.0,1766987999999,2809781.16264,21963
DOGEUSDT,1766988000000,0.12689,0.12722,0.12655,0.12696,19240864.0,1766991599999,2441965.65618,17740
DOGEUSDT,1766991600000,0.12697,0.12724,0.12622,0.12715,26862296.0,1766995199999,3406119.1588,27598
DOGEUSDT,1766995200000,0.12716,0.12723,0.12647,0.12666,21285759.0,1766998799999,2701728.57518,19108
DOGEUSDT,1766998800000,0.12666,0.12676,0.12432,0.12496,57362604.0,1767002399999,7191212.37786,65867
DOGEUSDT,1767002400000,0.12495,0.1258,0.12481,0.12528,21482071.0,1767005999999,2695253.19137,31392
DOGEUSDT,1767006000000,0.12528,0.12549,0.12488,0.1249,14968018.0,1767009599999,1873944.10446,21652
DOGEUSDT,1767009600000,0.12489,0.12502,0.12251,0.12393,56390875.0,1767013199999,6965591.62084,91036
DOGEUSDT,1767013200000,0.12393,0.12404,0.12315,0.12357,18743384.0,1767016799999,2316056.68808,26649
DOGEUSDT,1767016800000,0.12356,0.12491,0.12323,0.1237,55910343.0,1767020399999,6938382.31397,73948
DOGEUSDT,1767020400000,0.1237,0.12475,0.12354,0.1241,37914228.0,1767023999999,4708789.95795,43385
DOGEUSDT,1767024000000,0.1241,0.12413,0.12325,0.12365,16510260.0,1767027599999,2042356.26265,28017
DOGEUSDT,1767027600000,0.12366,0.12404,0.12325,0.12402,16291385.0,1767031199999,2014333.83215,19351
DOGEUSDT,1767031200000,0.12402,0.12417,0.12273,0.12303,18390832.0,1767034799999,2269921.36324,20018
DOGEUSDT,1767034800000,0.12304,0.12348,0.1228,0.12286,19459782.0,1767038399999,2395248.45823,18744
DOGEUSDT,1767038400000,0.12287,0.12304,0.12228,0.1225,18774861.0,1767041999999,2301872.26059,23770
DOGEUSDT,1767042000000,0.1225,0.12304,0.12242,0.12291,10038875.0,1767045599999,1232311.94544,11124
DOGEUSDT,1767045600000,0.12291,0.1233,0.12238,0.12288,11813445.0,1767049199999,1452100.57816,14526
DOGEUSDT,1767049200000,0.12289,0.12317,0.12272,0.12288,11012404.0,1767052799999,1354053.26462,12391
DOGEUSDT,1767052800000,0.12288,0.1231,0.12255,0.12285,7785526.0,1767056399999,956764.82806,12673
DOGEUSDT,1767056400000,0.12286,0.12307,0.12253,0.1229,8126196.0,1767059999999,997463.01245,11867
DOGEUSDT,1767060000000,0.1229,0.12292,0.1224,0.12272,9546800.0,1767063599999,1171029.15447,16166
DOGEUSDT,1767063600000,0.12273,0.12374,0.12247,0.12348,12702624.0,1767067199999,1564111.8115,17965
DOGEUSDT,1767067200000,0.12348,0.12365,0.12323,0.12348,16054163.0,1767070799999,1981844.22729,13735
DOGEUSDT,1767070800000,0.12347,0.1235,0.12288,0.12296,6440955.0,1767074399999,793426.17438,10641
DOGEUSDT,1767074400000,0.12296,0.12363,0.12293,0.12329,8604054.0,1767077999999,1061596.61626,12530
DOGEUSDT,1767078000000,0.12328,0.12384,0.12323,0.1237,13397202.0,1767081599999,1656106.64989,11251
DOGEUSDT,1767081600000,0.12371,0.12486,0.12371,0.12452,36343195.0,1767085199999,4523519.28798,35883
DOGEUSDT,1767085200000,0.12452,0.1249,0.1243,0.12459,13307814.0,1767088799999,1657965.74482,18663
DOGEUSDT,1767088800000,0.12459,0.12525,0.12454,0.12455,96762003.0,1767092399999,12089460.71703,38324
DOGEUSDT,1767092400000,0.12455,0.12498,0.12443,0.12457,27032884.0,1767095999999,3371456.97419,15822
DOGEUSDT,1767096000000,0.12458,0.12489,0.12353,0.12375,111311104.0,1767099599999,13802583.75098,36293
DOGEUSDT,1767099600000,0.12375,0.12435,0.12356,0.12418,46831582.0,1767103199999,5806079.30112,25401
DOGEUSDT,1767103200000,0.12418,0.12537,0.12317,0.12489,61591102.0,1767106799999,7645510.97129,74437
DOGEUSDT,1767106800000,0.12488,0.12508,0.12384,0.12455,20296345.0,1767110399999,2525397.40166,47831
DOGEUSDT,1767110400000,0.12455,0.12502,0.12388,0.12416,22556533.0,1767113999999,2808087.51822,32560
DOGEUSDT,1767114000000,0.12416,0.12443,0.12338,0.12373,18524122.0,1767117599999,2294673.32523,23060
DOGEUSDT,1767117600000,0.12372,0.12384,0.12311,0.1234,19449410.0,1767121199999,2400016.07509,13512
DOGEUSDT,1767121200000,0.12341,0.12348,0.1226,0.12331,23753234.0,1767124799999,2922329.44306,22273
DOGEUSDT,1767124800000,0.1233,0.12333,0.12257,0.12264,13099096.0,1767128399999,1609250.98462,13493
DOGEUSDT,1767128400000,0.12264,0.12299,0.12256,0.12286,15487418.0,1767131999999,1901878.62406,11052
DOGEUSDT,1767132000000,0.12286,0.12332,0.12281,0.12326,9708859.0,1767135599999,1195623.82099,10357
DOGEUSDT,1767135600000,0.12326,0.12347,0.12308,0.12336,8788476.0,1767139199999,1083623.56657,11093
DOGEUSDT,1767139200000,0.12335,0.12336,0.12291,0.12302,10248567.0,1767142799999,1261592.09509,12115
DOGEUSDT,1767142800000,0.12302,0.12376,0.12293,0.12331,13453096.0,1767146399999,1660629.49243,14592
DOGEUSDT,1767146400000,0.12331,0.12362,0.12305,0.12356,17499846.0,1767149999999,2160177.58419,12532
DOGEUSDT,1767150000000,0.12355,0.12362,0.12301,0.12312,6005754.0,1767153599999,740371.09541,6376
DOGEUSDT,1767153600000,0.12313,0.12325,0.12296,0.12298,5538674.0,1767157199999,681758.24645,6335
DOGEUSDT,1767157200000,0.12299,0.12332,0.12297,0.12317,7982833.0,1767160799999,983298.17552,6533
DOGEUSDT,1767160800000,0.12316,0.12321,0.12304,0.12307,4527302.0,1767164399999,557406.0172,4858
DOGEUSDT,1767164400000,0.12308,0.12338,0.12289,0.12338,10537503.0,1767167999999,1297010.10928,8039
DOGEUSDT,1767168000000,0.12338,0.1237,0.12298,0.12307,8794768.0,1767171599999,1084975.77497,9963
DOGEUSDT,1767171600000,0.12307,0.12326,0.123,0.12315,5802077.0,1767175199999,714378.56829,6449
DOGEUSDT,1767175200000,0.12314,0.12326,0.12282,0.12305,8678570.0,1767178799999,1068129.00175,8719
DOGEUSDT,1767178800000,0.12305,0.12361,0.12299,0.12343,14652582.0,1767182399999,1807958.25735,14283
DOGEUSDT,1767182400000,0.12342,0.12346,0.12288,0.123,8853705.0,1767185999999,1090159.98752,9353
DOGEUSDT,1767186000000,0.12299,0.1233,0.12285,0.1232,10175891.0,1767189599999,1252566.46866,10134
DOGEUSDT,1767189600000,0.12321,0.12381,0.12276,0.12298,19116562.0,1767193199999,2355980.07174,28654
DOGEUSDT,1767193200000,0.12298,0.12298,0.12058,0.12116,70082469.0,1767196799999,8508226.66481,67693
DOGEUSDT,1767196800000,0.12116,0.12153,0.11626,0.119,198914160.0,1767200399999,23590043.6848,123946
DOGEUSDT,1767200400000,0.11899,0.11903,0.11793,0.11802,44340192.0,1767203999999,5256114.90545,42039
DOGEUSDT,1767204000000,0.11802,0.11829,0.11714,0.1172,44209622.0,1767207599999,5206285.15366,44615
DOGEUSDT,1767207600000,0.11721,0.11758,0.11715,0.11727,29220505.0,1767211199999,3430654.49996,25752
DOGEUSDT,1767211200000,0.11727,0.11738,0.11612,0.11716,58282361.0,1767214799999,6803645.20824,49787
DOGEUSDT,1767214800000,0.11717,0.11765,0.11712,0.11751,16306055.0,1767218399999,1914393.17678,15713
DOGEUSDT,1767218400000,0.1175,0.11782,0.11707,0.11769,30850534.0,1767221999999,3623660.63106,20391
DOGEUSDT,1767222000000,0.11768,0.11768,0.11731,0.11747,26261980.0,1767225599999,3085852.97764,15454
