symbol,open_time,open,high,low,close,volume,close_time,quote_volume,trades_count
DOTUSDT,1735689600000,6.642,6.754,6.632,6.747,155812.2,1735693199999,1041236.87921,2995
DOTUSDT,1735693200000,6.746,6.747,6.663,6.674,67406.25,1735696799999,451479.06382,1594
DOTUSDT,1735696800000,6.674,6.693,6.653,6.683,74415.49,1735700399999,496531.79762,1727
DOTUSDT,1735700400000,6.683,6.685,6.655,6.663,67129.07,1735703999999,447547.92626,1918
DOTUSDT,1735704000000,6.662,6.663,6.626,6.629,58965.46,1735707599999,391583.47341,1442
DOTUSDT,1735707600000,6.628,6.685,6.624,6.672,72934.88,1735711199999,485880.87367,1591
DOTUSDT,1735711200000,6.675,6.681,6.641,6.671,44945.13,1735714799999,299383.40296,1152
DOTUSDT,1735714800000,6.672,6.673,6.646,6.648,37451.39,1735718399999,249305.30657,1108
DOTUSDT,1735718400000,6.647,6.663,6.59,6.591,158588.03,1735721999999,1049370.161,3084
DOTUSDT,1735722000000,6.591,6.606,6.52,6.553,274908.15,1735725599999,1801034.21752,4856
DOTUSDT,1735725600000,6.552,6.585,6.549,6.567,91167.42,1735729199999,598675.2474,1948
DOTUSDT,1735729200000,6.567,6.65,6.54,6.622,127705.54,1735732799999,841116.27341,2567
DOTUSDT,1735732800000,6.621,6.71,6.617,6.704,166306.24,1735736399999,1109573.73773,3199
DOTUSDT,1735736400000,6.705,6.752,6.671,6.7,243978.21,1735739999999,1637033.59138,4137
DOTUSDT,1735740000000,6.701,6.751,6.647,6.699,161232.08,1735743599999,1080555.5811,2979
DOTUSDT,1735743600000,6.7,6.81,6.67,6.8,205868.78,1735747199999,1389002.29884,3955
DOTUSDT,1735747200000,6.8,6.878,6.776,6.808,328674.07,1735750799999,2241183.67206,6805
DOTUSDT,1735750800000,6.81,6.849,6.725,6.834,224021.56,1735754399999,1520132.76651,4433
DOTUSDT,1735754400000,6.835,6.987,6.794,6.97,391306.25,1735757999999,2699929.67169,8238
DOTUSDT,1735758000000,6.97,7.038,6.914,6.995,677557.11,1735761599999,4734006.88737,11670
DOTUSDT,1735761600000,6.996,7.128,6.995,7.104,438895.21,1735765199999,3110165.50472,8090
DOTUSDT,1735765200000,7.105,7.141,7.071,7.122,318885.14,1735768799999,2266334.36337,5501
DOTUSDT,1735768800000,7.123,7.134,7.048,7.101,289320.19,1735772399999,2052125.31305,4937
DOTUSDT,1735772400000,7.102,7.103,7.022,7.051,177176.34,1735775999999,1250371.04705,4614
DOTUSDT,1735776000000,7.052,7.229,7.051,7.184,622103.01,1735779599999,4457251.8738,13820
DOTUSDT,1735779600000,7.183,7.226,7.146,7.179,344852.14,1735783199999,2482084.19188,5844
DOTUSDT,1735783200000,7.179,7.21,7.15,7.197,186212.31,1735786799999,1338232.49491,3654
DOTUSDT,1735786800000,7.199,7.212,7.162,7.162,85846.02,1735790399999,616509.19919,2215
DOTUSDT,1735790400000,7.163,7.27,7.147,7.247,245923.7,1735793999999,1773104.1149,5146
DOTUSDT,1735794000000,7.249,7.26,7.183,7.192,172318.05,1735797599999,1244413.61469,3549
DOTUSDT,1735797600000,7.198,7.224,7.124,7.141,132124.06,1735801199999,946205.90635,3517
DOTUSDT,1735801200000,7.142,7.245,7.129,7.227,263563.82,1735804799999,1897231.29672,4582
DOTUSDT,1735804800000,7.227,7.27,7.177,7.263,245386.38,1735808399999,1772306.07198,4216
DOTUSDT,1735808400000,7.263,7.359,7.255,7.333,355986.5,1735811999999,2602318.00018,8915
DOTUSDT,1735812000000,7.333,7.36,7.287,7.335,230120.48,1735815599999,1684379.47552,4450
DOTUSDT,1735815600000,7.337,7.341,7.281,7.296,191472.98,1735819199999,1398160.50048,3903
DOTUSDT,1735819200000,7.297,7.332,7.255,7.29,222972.31,1735822799999,1627606.18826,3866
DOTUSDT,1735822800000,7.289,7.302,7.225,7.239,272947.56,1735826399999,1982361.23211,5151
DOTUSDT,1735826400000,7.24,7.333,7.17,7.255,679233.93,1735829999999,4918181.77156,13065
DOTUSDT,1735830000000,7.254,7.261,7.159,7.188,329862.05,1735833599999,2374001.00432,6933
DOTUSDT,1735833600000,7.19,7.239,7.15,7.206,253500.36,1735837199999,1827335.03076,5023
DOTUSDT,1735837200000,7.205,7.25,7.109,7.157,216507.91,1735840799999,1552115.83456,4531
DOTUSDT,1735840800000,7.157,7.188,7.141,7.185,120251.27,1735844399999,861751.01405,2913
DOTUSDT,1735844400000,7.185,7.203,7.15,7.158,95770.57,1735847999999,687392.23875,2264
DOTUSDT,1735848000000,7.158,7.205,7.134,7.164,93549.39,1735851599999,671142.90942,2221
DOTUSDT,1735851600000,7.164,7.186,7.143,7.173,76636.75,1735855199999,548877.12097,1715
DOTUSDT,1735855200000,7.17,7.171,7.102,7.159,130462.64,1735858799999,931585.20054,2527
DOTUSDT,1735858800000,7.158,7.199,7.141,7.177,95394.58,1735862399999,684577.48351,2121
DOTUSDT,1735862400000,7.179,7.224,7.158,7.168,148828.39,1735865999999,1069143.74846,3028
DOTUSDT,1735866000000,7.167,7.238,7.135,7.221,149381.85,1735869599999,1072153.79383,3375
DOTUSDT,1735869600000,7.222,7.322,7.212,7.259,222239.34,1735873199999,1617733.07348,4501
DOTUSDT,1735873200000,7.259,7.349,7.225,7.326,191408.32,1735876799999,1391936.64204,3582
DOTUSDT,1735876800000,7.326,7.326,7.223,7.246,301605.05,1735880399999,2188997.63385,5391
DOTUSDT,1735880400000,7.248,7.259,7.194,7.235,130365.36,1735883999999,941462.34257,2879
DOTUSDT,1735884000000,7.235,7.336,7.235,7.261,179573.96,1735887599999,1309016.99524,3891
DOTUSDT,1735887600000,7.26,7.269,7.203,7.22,199126.33,1735891199999,1440013.95675,3663
DOTUSDT,1735891200000,7.221,7.358,7.221,7.333,411295.81,1735894799999,3005333.12938,7244
DOTUSDT,1735894800000,7.331,7.514,7.329,7.497,685202.47,1735898399999,5106535.30156,14025
DOTUSDT,1735898400000,7.498,7.591,7.457,7.589,675260.73,1735901999999,5080813.34006,11572
DOTUSDT,1735902000000,7.588,7.794,7.588,7.689,1163167.77,1735905599999,8932166.29878,19357
DOTUSDT,1735905600000,7.689,7.821,7.688,7.733,643527.06,1735909199999,4998542.80154,10701
DOTUSDT,1735909200000,7.737,7.811,7.68,7.728,717011.19,1735912799999,5556996.20543,10886
DOTUSDT,1735912800000,7.729,7.881,7.729,7.845,627186.41,1735916399999,4903730.26253,10865
DOTUSDT,1735916400000,7.845,7.939,7.832,7.865,582542.47,1735919999999,4593410.68909,10334
DOTUSDT,1735920000000,7.866,8.044,7.829,7.895,1490390.76,1735923599999,11827136.24354,22910
DOTUSDT,1735923600000,7.897,7.911,7.743,7.781,872073.02,1735927199999,6809015.28102,11810
DOTUSDT,1735927200000,7.782,7.817,7.771,7.789,286430.32,1735930799999,2232830.86226,5371
DOTUSDT,1735930800000,7.79,7.814,7.749,7.756,284560.15,1735934399999,2213904.25016,5006
DOTUSDT,1735934400000,7.754,7.757,7.673,7.673,285529.34,1735937999999,2202544.6601,6070
DOTUSDT,1735938000000,7.673,7.73,7.637,7.71,289874.65,1735941599999,2229568.26741,5912
DOTUSDT,1735941600000,7.71,7.769,7.704,7.75,167281.87,1735945199999,1295019.63083,4134
DOTUSDT,1735945200000,7.75,7.775,7.735,7.754,188207.55,1735948799999,1459899.63747,3778
DOTUSDT,1735948800000,7.753,7.774,7.67,7.689,217361.08,1735952399999,1677475.62287,3804
DOTUSDT,1735952400000,7.69,7.805,7.631,7.793,277498.46,1735955999999,2136081.45436,5131
DOTUSDT,1735956000000,7.795,7.846,7.743,7.793,309362.54,1735959599999,2409788.13701,6267
DOTUSDT,1735959600000,7.798,7.801,7.735,7.771,165595.16,1735963199999,1286572.37924,3007
DOTUSDT,1735963200000,7.771,7.78,7.693,7.766,167370.47,1735966799999,1296131.32573,3321
DOTUSDT,1735966800000,7.767,7.775,7.731,7.763,94275.88,1735970399999,731231.92117,1952
DOTUSDT,1735970400000,7.764,7.82,7.761,7.784,258339.53,1735973999999,2012971.26216,4862
DOTUSDT,1735974000000,7.783,7.797,7.748,7.756,129915.64,1735977599999,1009800.07788,2699
DOTUSDT,1735977600000,7.756,7.759,7.663,7.678,247043.83,1735981199999,1903405.325,4295
DOTUSDT,1735981200000,7.678,7.718,7.673,7.674,130486.3,1735984799999,1004196.0434,2479
DOTUSDT,1735984800000,7.674,7.69,7.635,7.673,164819.09,1735988399999,1262802.05846,3172
DOTUSDT,1735988400000,7.672,7.695,7.651,7.692,122147.51,1735991999999,937035.56315,2394
DOTUSDT,1735992000000,7.69,7.805,7.686,7.8,326776.09,1735995599999,2534997.0309,6949
DOTUSDT,1735995600000,7.801,7.829,7.761,7.802,343522.51,1735999199999,2677126.18669,5410
DOTUSDT,1735999200000,7.802,7.882,7.763,7.848,359457.42,1736002799999,2811974.40683,6333
DOTUSDT,1736002800000,7.849,7.858,7.604,7.69,735629.94,1736006399999,5657683.8368,12236
DOTUSDT,1736006400000,7.691,7.755,7.675,7.702,262291.61,1736009999999,2020598.23643,4947
DOTUSDT,1736010000000,7.703,7.742,7.681,7.715,135380.62,1736013599999,1043962.02589,2598
DOTUSDT,1736013600000,7.718,7.723,7.673,7.683,274890.29,1736017199999,2116276.76565,3569
DOTUSDT,1736017200000,7.683,7.717,7.661,7.683,78973.4,1736020799999,607015.02553,1866
DOTUSDT,1736020800000,7.681,7.74,7.67,7.711,183274.15,1736024399999,1413772.94022,2634
DOTUSDT,1736024400000,7.713,7.73,7.662,7.672,161235.29,1736027999999,1238995.7311,2341
DOTUSDT,1736028000000,7.673,7.708,7.648,7.701,105368.16,1736031599999,808356.3536,2185
DOTUSDT,1736031600000,7.7,7.718,7.672,7.677,148704.12,1736035199999,1144514.74907,2421
DOTUSDT,1736035200000,7.678,7.711,7.639,7.671,185691.26,1736038799999,1425438.20678,2746
DOTUSDT,1736038800000,7.673,7.676,7.57,7.62,285286.78,1736042399999,2171028.47336,4896
DOTUSDT,1736042400000,7.621,7.658,7.612,7.641,114162.13,1736045999999,871474.02755,2578
DOTUSDT,1736046000000,7.64,7.64,7.578,7.61,106105.68,1736049599999,807197.96445,1900
DOTUSDT,1736049600000,7.611,7.68,7.61,7.67,99046.51,1736053199999,757679.94819,2424
DOTUSDT,1736053200000,7.67,7.683,7.617,7.621,56997.04,1736056799999,435926.94904,1551
DOTUSDT,1736056800000,7.619,7.683,7.599,7.674,75689.92,1736060399999,578200.39775,1646
DOTUSDT,1736060400000,7.674,7.735,7.646,7.653,172611.26,1736063999999,1327085.86996,3490
DOTUSDT,1736064000000,7.653,7.665,7.557,7.609,204216.42,1736067599999,1552591.84922,4431
DOTUSDT,1736067600000,7.61,7.621,7.538,7.542,174075.26,1736071199999,1318959.95478,3092
DOTUSDT,1736071200000,7.542,7.571,7.503,7.559,175296.17,1736074799999,1322121.74549,3096
DOTUSDT,1736074800000,7.556,7.591,7.538,7.548,127382.32,1736078399999,963258.36928,2229
DOTUSDT,1736078400000,7.546,7.607,7.508,7.57,194345.08,1736081999999,1468891.06333,3011
DOTUSDT,1736082000000,7.568,7.61,7.551,7.553,172088.96,1736085599999,1305675.6717,2668
DOTUSDT,1736085600000,7.553,7.588,7.46,7.564,332909.32,1736089199999,2500060.34985,6433
DOTUSDT,1736089200000,7.563,7.599,7.526,7.573,173986.61,1736092799999,1316998.5563,3156
DOTUSDT,1736092800000,7.573,7.609,7.537,7.563,161780.97,1736096399999,1224081.65244,3522
DOTUSDT,1736096400000,7.564,7.649,7.562,7.583,133830.83,1736099999999,1016860.05814,2802
DOTUSDT,1736100000000,7.582,7.63,7.545,7.624,144465.79,1736103599999,1096580.10849,2679
DOTUSDT,1736103600000,7.624,7.632,7.586,7.61,129355.51,1736107199999,984378.89114,2331
DOTUSDT,1736107200000,7.613,7.667,7.576,7.592,159024.24,1736110799999,1212371.71858,3053
DOTUSDT,1736110800000,7.594,7.663,7.586,7.647,127494.12,1736114399999,972165.95184,2413
DOTUSDT,1736114400000,7.648,7.702,7.625,7.691,156467.77,1736117999999,1201322.94599,2860
DOTUSDT,1736118000000,7.692,7.729,7.663,7.671,202652.41,1736121599999,1559569.62101,3375
DOTUSDT,1736121600000,7.672,7.695,7.575,7.583,125096.47,1736125199999,954569.81573,3061
DOTUSDT,1736125200000,7.584,7.742,7.54,7.716,226315.58,1736128799999,1727198.54422,4730
DOTUSDT,1736128800000,7.713,7.828,7.702,7.74,618189.28,1736132399999,4805733.15753,10995
DOTUSDT,1736132400000,7.742,7.823,7.73,7.81,199238.51,1736135999999,1549744.00673,3579
DOTUSDT,1736136000000,7.815,7.834,7.767,7.813,164648.27,1736139599999,1283960.97536,3088
DOTUSDT,1736139600000,7.813,7.837,7.777,7.794,180880.46,1736143199999,1412555.54015,3165
DOTUSDT,1736143200000,7.795,7.815,7.729,7.735,123248.99,1736146799999,956162.69713,2679
DOTUSDT,1736146800000,7.738,7.764,7.674,7.707,156630.46,1736150399999,1207332.70187,3452
DOTUSDT,1736150400000,7.712,7.765,7.664,7.666,196672.56,1736153999999,1517153.06514,3319
DOTUSDT,1736154000000,7.667,7.747,7.646,7.653,267076.69,1736157599999,2053769.60699,3931
DOTUSDT,1736157600000,7.65,7.667,7.584,7.644,217522.64,1736161199999,1658652.55896,3973
DOTUSDT,1736161200000,7.644,7.741,7.622,7.705,212759.78,1736164799999,1636425.51293,3599
DOTUSDT,1736164800000,7.704,7.728,7.644,7.654,206889.67,1736168399999,1591821.74191,3258
DOTUSDT,1736168400000,7.655,7.713,7.604,7.709,219452.25,1736171999999,1681452.11036,3955
DOTUSDT,1736172000000,7.709,7.83,7.601,7.765,573462.32,1736175599999,4428950.58538,10813
DOTUSDT,1736175600000,7.765,7.884,7.722,7.88,849568.8,1736179199999,6651342.87762,14392
DOTUSDT,1736179200000,7.881,7.988,7.821,7.865,809218.5,1736182799999,6402378.60402,14093
DOTUSDT,1736182800000,7.865,7.871,7.695,7.762,516558.69,1736186399999,4012578.91701,8951
DOTUSDT,1736186400000,7.761,7.796,7.717,7.763,238165.23,1736189999999,1849055.07553,3845
DOTUSDT,1736190000000,7.763,7.855,7.744,7.811,206092.49,1736193599999,1610414.16147,3779
DOTUSDT,1736193600000,7.81,7.839,7.766,7.795,148882.74,1736197199999,1163063.94111,3023
DOTUSDT,1736197200000,7.802,7.806,7.703,7.717,221795.26,1736200799999,1715530.53679,3855
DOTUSDT,1736200800000,7.717,7.772,7.705,7.749,123478.28,1736204399999,955083.39417,2503
DOTUSDT,1736204400000,7.749,7.78,7.685,7.768,279573.06,1736207999999,2159764.87455,4290
DOTUSDT,1736208000000,7.77,7.783,7.715,7.719,188209.07,1736211599999,1457958.23791,3106
DOTUSDT,1736211600000,7.719,7.788,7.673,7.784,222086.44,1736215199999,1715673.81715,3296
DOTUSDT,1736215200000,7.784,7.787,7.654,7.667,180349.7,1736218799999,1388759.07078,3419
DOTUSDT,1736218800000,7.669,7.727,7.653,7.715,99392.29,1736222399999,764947.25074,2175
DOTUSDT,1736222400000,7.715,7.735,7.672,7.676,97555.43,1736225999999,751149.7593,2069
DOTUSDT,1736226000000,7.677,7.707,7.659,7.703,61865.67,1736229599999,475042.33501,1397
DOTUSDT,1736229600000,7.704,7.838,7.691,7.82,237998.28,1736233199999,1851719.32881,4374
DOTUSDT,1736233200000,7.821,7.85,7.751,7.769,170500.64,1736236799999,1330800.56451,3108
DOTUSDT,1736236800000,7.769,7.888,7.769,7.862,294581.62,1736240399999,2307187.0276,4981
DOTUSDT,1736240400000,7.865,7.885,7.751,7.795,222100.35,1736243999999,1735691.7933,4220
DOTUSDT,1736244000000,7.794,7.83,7.753,7.794,200845.91,1736247599999,1564542.23573,3607
DOTUSDT,1736247600000,7.792,7.82,7.65,7.725,345016.4,1736251199999,2669162.45616,6560
DOTUSDT,1736251200000,7.726,7.79,7.697,7.779,335033.58,1736254799999,2594767.47392,5229
DOTUSDT,1736254800000,7.782,7.86,7.769,7.802,391002.78,1736258399999,3057490.02893,6186
DOTUSDT,1736258400000,7.805,7.857,7.672,7.729,701479.6,1736261999999,5472316.70359,10599
DOTUSDT,1736262000000,7.728,7.75,7.195,7.306,4440578.78,1736265599999,32910537.12483,86703
DOTUSDT,1736265600000,7.306,7.4,7.24,7.293,716811.35,1736269199999,5246242.05332,11842
DOTUSDT,1736269200000,7.293,7.334,7.152,7.215,656075.73,1736272799999,4746324.47172,9879
DOTUSDT,1736272800000,7.213,7.265,7.101,7.134,598883.41,1736276399999,4288663.77145,9175
DOTUSDT,1736276400000,7.134,7.197,7.043,7.098,594480.18,1736279999999,4226725.54592,9266
DOTUSDT,1736280000000,7.099,7.116,7.014,7.099,421148.06,1736283599999,2977672.40985,6945
DOTUSDT,1736283600000,7.094,7.163,7.026,7.027,331084.95,1736287199999,2348871.01112,5661
DOTUSDT,1736287200000,7.026,7.11,7.006,7.109,288864.93,1736290799999,2039706.75005,4420
DOTUSDT,1736290800000,7.109,7.109,7.009,7.014,207431.96,1736294399999,1461933.89248,3610
DOTUSDT,1736294400000,7.013,7.136,7.006,7.13,208168.26,1736297999999,1474891.89211,3904
DOTUSDT,1736298000000,7.131,7.131,6.988,7.056,295566.34,1736301599999,2080518.02183,4573
DOTUSDT,1736301600000,7.058,7.093,6.993,6.994,201281.53,1736305199999,1419404.88172,4158
DOTUSDT,1736305200000,6.994,7.015,6.869,6.945,881452.04,1736308799999,6116550.28401,12999
DOTUSDT,1736308800000,6.944,6.966,6.844,6.874,363886.19,1736312399999,2510879.82878,5736
DOTUSDT,1736312400000,6.875,6.934,6.841,6.859,190007.28,1736315999999,1309213.58336,3764
DOTUSDT,1736316000000,6.859,6.894,6.714,6.715,604417.73,1736319599999,4103385.96375,10542
DOTUSDT,1736319600000,6.714,6.883,6.711,6.872,556494.15,1736323199999,3788139.51884,9578
DOTUSDT,1736323200000,6.871,7.014,6.868,6.987,696897.17,1736326799999,4855179.74411,13460
DOTUSDT,1736326800000,6.986,6.998,6.895,6.901,351246.56,1736330399999,2439819.37393,6025
DOTUSDT,1736330400000,6.901,6.97,6.9,6.935,258984.7,1736333999999,1795691.12224,4027
DOTUSDT,1736334000000,6.935,6.94,6.796,6.872,394864.35,1736337599999,2710530.1627,7362
DOTUSDT,1736337600000,6.874,6.903,6.764,6.776,610273.31,1736341199999,4168381.65132,7680
DOTUSDT,1736341200000,6.777,6.875,6.776,6.807,503682.43,1736344799999,3438323.83555,7579
DOTUSDT,1736344800000,6.808,6.92,6.808,6.863,558391.07,1736348399999,3830699.02867,8616
DOTUSDT,1736348400000,6.86,6.944,6.776,6.849,583846.87,1736351999999,4005954.82597,8331
DOTUSDT,1736352000000,6.851,6.857,6.681,6.701,458096.21,1736355599999,3092851.7069,7512
DOTUSDT,1736355600000,6.701,6.734,6.421,6.663,2151728.21,1736359199999,14113153.97261,39326
DOTUSDT,1736359200000,6.662,6.798,6.624,6.683,890498.58,1736362799999,5982964.48212,13227
DOTUSDT,1736362800000,6.683,6.742,6.643,6.649,363836.26,1736366399999,2432341.23968,6894
DOTUSDT,1736366400000,6.649,6.689,6.607,6.664,244541.78,1736369999999,1626282.5751,3649
DOTUSDT,1736370000000,6.666,6.724,6.605,6.679,325316.01,1736373599999,2169331.01788,5163
DOTUSDT,1736373600000,6.678,6.793,6.678,6.785,231129.02,1736377199999,1558808.59817,4448
DOTUSDT,1736377200000,6.785,6.791,6.729,6.76,233986.84,1736380799999,1582542.41635,3117
DOTUSDT,1736380800000,6.759,6.802,6.725,6.799,213437.26,1736384399999,1442662.87894,2971
DOTUSDT,1736384400000,6.799,6.847,6.774,6.786,274727.6,1736387999999,1868324.56527,3621
DOTUSDT,1736388000000,6.787,6.804,6.681,6.781,322542.58,1736391599999,2175529.51109,5582
DOTUSDT,1736391600000,6.781,6.786,6.72,6.729,133149.81,1736395199999,897442.79486,2090
DOTUSDT,1736395200000,6.731,6.766,6.691,6.76,130378.26,1736398799999,876487.31705,2361
DOTUSDT,1736398800000,6.759,6.763,6.72,6.727,70163.84,1736402399999,472956.66024,1549
DOTUSDT,1736402400000,6.727,6.745,6.672,6.679,196860.94,1736405999999,1320395.73775,2774
DOTUSDT,1736406000000,6.679,6.709,6.559,6.574,415798.05,1736409599999,2746648.84183,6081
DOTUSDT,1736409600000,6.574,6.689,6.551,6.647,243664.82,1736413199999,1613286.98864,4465
DOTUSDT,1736413200000,6.652,6.704,6.639,6.658,191973.4,1736416799999,1281704.74856,3655
DOTUSDT,1736416800000,6.658,6.677,6.558,6.637,283350.3,1736420399999,1875435.45937,5206
DOTUSDT,1736420400000,6.637,6.719,6.61,6.69,264658.37,1736423999999,1765394.81571,4731
DOTUSDT,1736424000000,6.688,6.748,6.661,6.705,300118.31,1736427599999,2010732.07542,5282
DOTUSDT,1736427600000,6.704,6.738,6.496,6.499,880838.9,1736431199999,5803149.39375,13247
DOTUSDT,1736431200000,6.5,6.637,6.464,6.618,588471.52,1736434799999,3859229.52939,10076
DOTUSDT,1736434800000,6.617,6.84,6.58,6.795,551891.85,1736438399999,3713648.3878,8964
DOTUSDT,1736438400000,6.795,6.836,6.725,6.799,296546.07,1736441999999,2010597.21003,5503
DOTUSDT,1736442000000,6.799,6.8,6.594,6.647,326310.51,1736445599999,2182433.73973,5805
DOTUSDT,1736445600000,6.65,6.71,6.629,6.673,285732.4,1736449199999,1903622.67647,4520
DOTUSDT,1736449200000,6.674,6.68,6.527,6.537,292096.36,1736452799999,1922791.13738,5631
DOTUSDT,1736452800000,6.537,6.578,6.454,6.541,519939.85,1736456399999,3386975.48965,8951
DOTUSDT,1736456400000,6.541,6.593,6.499,6.511,163989.12,1736459999999,1073422.50056,3279
DOTUSDT,1736460000000,6.505,6.618,6.491,6.578,188627.55,1736463599999,1234742.98835,3371
DOTUSDT,1736463600000,6.576,6.584,6.535,6.559,101331.23,1736467199999,664209.00149,1894
DOTUSDT,1736467200000,6.558,6.606,6.557,6.571,187522.37,1736470799999,1234480.67648,2622
DOTUSDT,1736470800000,6.571,6.619,6.539,6.611,188491.4,1736474399999,1239049.52221,2735
DOTUSDT,1736474400000,6.611,6.663,6.594,6.628,133888.61,1736477999999,888008.9902,2663
DOTUSDT,1736478000000,6.631,6.642,6.599,6.625,107106.97,1736481599999,709093.49413,1791
DOTUSDT,1736481600000,6.627,6.659,6.595,6.612,134032.02,1736485199999,887153.06013,2115
DOTUSDT,1736485200000,6.613,6.696,6.582,6.647,121805.38,1736488799999,809064.58104,2691
DOTUSDT,1736488800000,6.648,6.698,6.619,6.694,169506.37,1736492399999,1127964.98674,2447
DOTUSDT,1736492400000,6.696,6.81,6.667,6.759,354959.62,1736495999999,2396450.13355,5467
DOTUSDT,1736496000000,6.76,6.795,6.73,6.745,182969.85,1736499599999,1237278.07788,2788
DOTUSDT,1736499600000,6.743,6.768,6.714,6.732,160482.14,1736503199999,1081621.28902,2844
DOTUSDT,1736503200000,6.733,6.776,6.706,6.768,133672.89,1736506799999,900268.79217,2545
DOTUSDT,1736506800000,6.766,6.774,6.681,6.727,192530.7,1736510399999,1293837.6207,3706
DOTUSDT,1736510400000,6.727,6.74,6.663,6.73,226680.86,1736513999999,1517330.52338,3788
DOTUSDT,1736514000000,6.729,6.792,6.482,6.576,1714266.96,1736517599999,11313153.05329,32257
DOTUSDT,1736517600000,6.573,6.719,6.557,6.637,480302.61,1736521199999,3193709.7095,8945
DOTUSDT,1736521200000,6.636,6.697,6.494,6.631,575231.39,1736524799999,3784468.82858,9971
DOTUSDT,1736524800000,6.633,6.647,6.556,6.586,206988.44,1736528399999,1366944.46916,4223
DOTUSDT,1736528400000,6.587,6.809,6.559,6.803,403763.22,1736531999999,2708819.58718,6767
DOTUSDT,1736532000000,6.801,6.803,6.704,6.738,345665.94,1736535599999,2333473.27629,5047
DOTUSDT,1736535600000,6.743,6.777,6.686,6.771,124885.77,1736539199999,841156.82839,2664
DOTUSDT,1736539200000,6.771,6.779,6.702,6.741,197615.93,1736542799999,1329105.09431,2541
DOTUSDT,1736542800000,6.742,6.765,6.725,6.727,49866.2,1736546399999,336360.34997,1152
DOTUSDT,1736546400000,6.727,6.785,6.713,6.766,183241.28,1736549999999,1236230.2674,2106
DOTUSDT,1736550000000,6.766,6.766,6.728,6.732,70450.82,1736553599999,475380.39903,1301
DOTUSDT,1736553600000,6.731,6.758,6.708,6.749,103498.75,1736557199999,696914.23623,1962
DOTUSDT,1736557200000,6.75,6.77,6.677,6.696,96596.4,1736560799999,649810.92014,2062
DOTUSDT,1736560800000,6.697,6.723,6.662,6.696,152819.02,1736564399999,1020728.11757,2164
DOTUSDT,1736564400000,6.696,6.696,6.647,6.659,77235.41,1736567999999,514592.76301,1962
DOTUSDT,1736568000000,6.66,6.688,6.628,6.654,69840.03,1736571599999,464984.6169,1847
DOTUSDT,1736571600000,6.653,6.684,6.636,6.676,75915.08,1736575199999,505966.68508,2208
DOTUSDT,1736575200000,6.676,6.701,6.646,6.646,101305.41,1736578799999,676547.9395,1912
DOTUSDT,1736578800000,6.646,6.666,6.619,6.639,105305.42,1736582399999,698918.72477,2034
DOTUSDT,1736582400000,6.638,6.668,6.593,6.611,90139.56,1736585999999,596959.72257,2188
DOTUSDT,1736586000000,6.61,6.648,6.608,6.636,75882.72,1736589599999,503049.77209,3158
DOTUSDT,1736589600000,6.636,6.704,6.636,6.689,89270.02,1736593199999,595305.54571,2316
DOTUSDT,1736593200000,6.689,6.728,6.67,6.704,100395.91,1736596799999,673295.55108,2742
DOTUSDT,1736596800000,6.703,6.717,6.658,6.668,97853.56,1736600399999,653202.69094,2319
DOTUSDT,1736600400000,6.669,6.678,6.614,6.634,76499.89,1736603999999,507609.7185,1771
DOTUSDT,1736604000000,6.634,6.673,6.615,6.669,87512.99,1736607599999,581624.70489,1934
DOTUSDT,1736607600000,6.669,6.673,6.631,6.639,92565.62,1736611199999,616111.25003,1730
DOTUSDT,1736611200000,6.638,6.667,6.582,6.654,299294.92,1736614799999,1980119.90295,6055
DOTUSDT,1736614800000,6.653,6.658,6.603,6.621,137448.99,1736618399999,910404.19993,3868
DOTUSDT,1736618400000,6.622,6.644,6.591,6.631,124184.37,1736621999999,821132.72579,2401
DOTUSDT,1736622000000,6.628,6.644,6.606,6.639,57831.35,1736625599999,383202.48577,1338
DOTUSDT,1736625600000,6.639,6.799,6.629,6.796,220800.23,1736629199999,1484668.69537,5957
DOTUSDT,1736629200000,6.796,6.878,6.789,6.857,343720.55,1736632799999,2345597.18494,6180
DOTUSDT,1736632800000,6.857,6.876,6.748,6.758,331926.48,1736636399999,2258220.68329,4541
DOTUSDT,1736636400000,6.758,6.782,6.731,6.742,101756.13,1736639999999,687720.85743,2185
DOTUSDT,1736640000000,6.741,6.797,6.712,6.763,224299.73,1736643599999,1515696.71492,3194
DOTUSDT,1736643600000,6.764,6.797,6.725,6.795,77857.62,1736647199999,525857.50825,1628
DOTUSDT,1736647200000,6.795,6.812,6.75,6.809,89156.56,1736650799999,604363.08327,1569
DOTUSDT,1736650800000,6.809,6.817,6.743,6.783,62627.11,1736654399999,423983.78137,1346
DOTUSDT,1736654400000,6.784,6.789,6.751,6.761,46566.98,1736657999999,315102.69065,950
DOTUSDT,1736658000000,6.762,6.771,6.729,6.742,75992.96,1736661599999,512654.38365,1304
DOTUSDT,1736661600000,6.743,6.757,6.693,6.695,104998.6,1736665199999,706189.23953,1576
DOTUSDT,1736665200000,6.694,6.732,6.663,6.723,90740.59,1736668799999,607126.08077,2398
DOTUSDT,1736668800000,6.724,6.753,6.67,6.682,71965.21,1736672399999,482631.13898,1624
DOTUSDT,1736672400000,6.686,6.705,6.64,6.659,86887.18,1736675999999,578923.88222,1696
DOTUSDT,1736676000000,6.658,6.672,6.612,6.666,66478.8,1736679599999,441494.34704,1805
DOTUSDT,1736679600000,6.666,6.706,6.649,6.677,71997.74,1736683199999,481262.7928,1610
DOTUSDT,1736683200000,6.677,6.724,6.644,6.664,123019.97,1736686799999,820693.78044,2107
DOTUSDT,1736686800000,6.664,6.718,6.658,6.701,116639.27,1736690399999,780337.24989,2320
DOTUSDT,1736690400000,6.701,6.719,6.68,6.689,95558.7,1736693999999,640369.08628,2788
DOTUSDT,1736694000000,6.693,6.759,6.667,6.736,110041.6,1736697599999,739505.9954,2469
DOTUSDT,1736697600000,6.737,6.751,6.689,6.721,99565.17,1736701199999,668972.60127,1820
DOTUSDT,1736701200000,6.722,6.747,6.702,6.733,74988.5,1736704799999,504462.07759,1665
DOTUSDT,1736704800000,6.731,6.765,6.691,6.7,105512.1,1736708399999,709727.23373,1813
DOTUSDT,1736708400000,6.699,6.715,6.676,6.697,43969.64,1736711999999,294284.47496,1041
DOTUSDT,1736712000000,6.697,6.71,6.656,6.674,53398.12,1736715599999,356888.86322,1107
DOTUSDT,1736715600000,6.675,6.685,6.617,6.62,75379.75,1736719199999,500126.96935,1812
DOTUSDT,1736719200000,6.62,6.623,6.542,6.581,191375.83,1736722799999,1259212.26627,3976
DOTUSDT,1736722800000,6.582,6.636,6.575,6.632,82598.11,1736726399999,546193.25922,1554
DOTUSDT,1736726400000,6.632,6.808,6.617,6.739,363708.67,1736729999999,2458493.06513,6745
DOTUSDT,1736730000000,6.739,6.747,6.607,6.623,157257.68,1736733599999,1049556.61323,3657
DOTUSDT,1736733600000,6.623,6.638,6.447,6.508,495731.15,1736737199999,3237439.18875,8774
DOTUSDT,1736737200000,6.507,6.547,6.424,6.453,294215.54,1736740799999,1906184.78372,6172
DOTUSDT,1736740800000,6.454,6.563,6.435,6.525,175164.15,1736744399999,1140691.11728,3499
DOTUSDT,1736744400000,6.524,6.532,6.429,6.462,358838.66,1736747999999,2322981.44977,6770
DOTUSDT,1736748000000,6.462,6.504,6.342,6.37,450402.48,1736751599999,2888404.06424,8661
DOTUSDT,1736751600000,6.371,6.445,6.342,6.404,322138.24,1736755199999,2063058.15639,4826
DOTUSDT,1736755200000,6.405,6.412,6.307,6.35,351066.79,1736758799999,2230783.35449,5806
DOTUSDT,1736758800000,6.35,6.378,6.244,6.283,597259.62,1736762399999,3763866.77359,10370
DOTUSDT,1736762400000,6.284,6.288,6.141,6.171,686142.73,1736765999999,4255445.82775,11366
DOTUSDT,1736766000000,6.173,6.188,6.058,6.059,641752.27,1736769599999,3926422.63034,11635
DOTUSDT,1736769600000,6.059,6.164,6.051,6.122,517378.78,1736773199999,3163770.65715,9538
DOTUSDT,1736773200000,6.121,6.266,6.095,6.179,583334.83,1736776799999,3610878.27056,9145
DOTUSDT,1736776800000,6.179,6.311,6.0,6.245,1596921.56,1736780399999,9822105.86874,29629
DOTUSDT,1736780400000,6.247,6.352,6.211,6.286,566448.04,1736783999999,3567678.26062,11894
DOTUSDT,1736784000000,6.286,6.32,6.193,6.204,311771.71,1736787599999,1952689.4521,5960
DOTUSDT,1736787600000,6.204,6.263,6.17,6.196,300394.61,1736791199999,1867979.35417,5687
DOTUSDT,1736791200000,6.196,6.248,6.121,6.186,274296.5,1736794799999,1695404.2502,5460
DOTUSDT,1736794800000,6.188,6.242,6.137,6.196,242955.94,1736798399999,1504363.88416,4326
DOTUSDT,1736798400000,6.195,6.389,6.158,6.358,289918.8,1736801999999,1823382.34395,6089
DOTUSDT,1736802000000,6.359,6.423,6.318,6.401,265880.3,1736805599999,1693250.69904,5214
DOTUSDT,1736805600000,6.402,6.481,6.394,6.434,256035.44,1736809199999,1649677.01835,4869
DOTUSDT,1736809200000,6.434,6.434,6.386,6.396,100664.02,1736812799999,644697.75089,2137
DOTUSDT,1736812800000,6.397,6.421,6.367,6.375,191554.09,1736816399999,1224054.6549,3538
DOTUSDT,1736816400000,6.379,6.439,6.378,6.391,118808.99,1736819999999,761365.57764,2315
DOTUSDT,1736820000000,6.39,6.461,6.382,6.406,182910.69,1736823599999,1175244.67111,3153
DOTUSDT,1736823600000,6.406,6.453,6.405,6.41,80824.83,1736827199999,519441.78129,2041
DOTUSDT,1736827200000,6.412,6.462,6.412,6.457,127628.86,1736830799999,821374.47943,2542
DOTUSDT,1736830800000,6.455,6.5,6.412,6.419,228014.86,1736834399999,1472964.99929,3525
DOTUSDT,1736834400000,6.421,6.453,6.402,6.443,151615.49,1736837999999,974873.74866,2585
DOTUSDT,1736838000000,6.447,6.456,6.401,6.403,165385.25,1736841599999,1063141.37967,2441
DOTUSDT,1736841600000,6.403,6.474,6.403,6.422,246352.67,1736845199999,1584251.93936,4085
DOTUSDT,1736845200000,6.422,6.59,6.413,6.544,357924.59,1736848799999,2334827.96828,7455
DOTUSDT,1736848800000,6.548,6.55,6.492,6.517,228864.3,1736852399999,1491526.44765,4424
DOTUSDT,1736852400000,6.516,6.522,6.446,6.466,194447.86,1736855999999,1258978.0739,4607
DOTUSDT,1736856000000,6.467,6.484,6.395,6.417,283993.12,1736859599999,1825653.85845,5398
DOTUSDT,1736859600000,6.417,6.524,6.393,6.484,590999.22,1736863199999,3828039.90717,10499
DOTUSDT,1736863200000,6.484,6.574,6.454,6.5,332635.41,1736866799999,2167725.29874,6385
DOTUSDT,1736866800000,6.5,6.561,6.488,6.524,187067.6,1736870399999,1222638.26669,4017
DOTUSDT,1736870400000,6.523,6.526,6.468,6.517,225208.11,1736873999999,1462315.00097,4223
DOTUSDT,1736874000000,6.512,6.594,6.495,6.582,228597.88,1736877599999,1499829.75069,4828
DOTUSDT,1736877600000,6.583,6.683,6.581,6.661,310578.08,1736881199999,2060282.00783,5872
DOTUSDT,1736881200000,6.662,6.666,6.613,6.628,258656.45,1736884799999,1716227.30113,3037
DOTUSDT,1736884800000,6.627,6.656,6.569,6.633,162950.22,1736888399999,1077308.33717,3190
DOTUSDT,1736888400000,6.631,6.658,6.619,6.64,122459.26,1736891999999,812628.17646,2039
DOTUSDT,1736892000000,6.641,6.69,6.641,6.678,113716.48,1736895599999,758462.71771,2180
DOTUSDT,1736895600000,6.676,6.684,6.649,6.665,83184.41,1736899199999,554455.78059,1529
DOTUSDT,1736899200000,6.668,6.706,6.644,6.653,161204.89,1736902799999,1075827.36695,2480
DOTUSDT,1736902800000,6.651,6.735,6.613,6.687,292326.0,1736906399999,1954333.99646,4861
DOTUSDT,1736906400000,6.69,6.74,6.653,6.686,220628.98,1736909999999,1478655.92129,4133
DOTUSDT,1736910000000,6.687,6.706,6.633,6.704,117348.87,1736913599999,782288.30244,2525
DOTUSDT,1736913600000,6.705,6.734,6.661,6.686,141958.54,1736917199999,950605.09549,2791
DOTUSDT,1736917200000,6.683,6.703,6.638,6.697,175325.45,1736920799999,1169678.89998,2719
DOTUSDT,1736920800000,6.697,6.712,6.672,6.7,123210.94,1736924399999,823815.6615,2274
DOTUSDT,1736924400000,6.699,6.802,6.695,6.775,317361.69,1736927999999,2147080.0254,5353
DOTUSDT,1736928000000,6.775,6.839,6.752,6.772,286975.64,1736931599999,1949240.5922,5043
DOTUSDT,1736931600000,6.771,6.787,6.622,6.641,315308.67,1736935199999,2112340.1606,6822
DOTUSDT,1736935200000,6.642,6.688,6.642,6.652,177209.63,1736938799999,1180788.79991,3132
DOTUSDT,1736938800000,6.653,6.656,6.56,6.593,352195.33,1736942399999,2322227.41457,5917
DOTUSDT,1736942400000,6.595,6.63,6.558,6.589,167562.47,1736945999999,1104133.02764,3843
DOTUSDT,1736946000000,6.587,6.912,6.586,6.911,1388895.03,1736949599999,9465774.18269,28097
DOTUSDT,1736949600000,6.91,6.971,6.854,6.959,743583.46,1736953199999,5143450.46295,12958
DOTUSDT,1736953200000,6.96,7.066,6.92,7.018,939187.72,1736956799999,6574028.97435,17384
DOTUSDT,1736956800000,7.019,7.098,6.96,6.966,695456.03,1736960399999,4900148.34177,11963
DOTUSDT,1736960400000,6.966,7.0,6.876,6.892,470970.61,1736963999999,3270805.31109,8877
DOTUSDT,1736964000000,6.892,6.996,6.892,6.994,266838.61,1736967599999,1854984.79214,4744
DOTUSDT,1736967600000,6.996,7.04,6.974,7.03,437542.75,1736971199999,3064666.25977,5976
DOTUSDT,1736971200000,7.029,7.09,6.963,6.988,410725.08,1736974799999,2888745.10855,6909
DOTUSDT,1736974800000,6.989,7.022,6.971,6.998,263080.82,1736978399999,1840628.38647,3715
DOTUSDT,1736978400000,6.997,7.066,6.984,7.061,269361.47,1736981999999,1891794.12092,3968
DOTUSDT,1736982000000,7.064,7.196,7.041,7.165,443564.7,1736985599999,3163110.79252,8836
DOTUSDT,1736985600000,7.166,7.195,6.989,7.044,466923.51,1736989199999,3314493.78272,8438
DOTUSDT,1736989200000,7.043,7.126,7.043,7.105,271430.62,1736992799999,1923968.37185,4338
DOTUSDT,1736992800000,7.104,7.11,7.042,7.068,164003.77,1736996399999,1160218.83348,3225
DOTUSDT,1736996400000,7.068,7.118,7.01,7.061,214359.08,1736999999999,1513900.18455,4266
DOTUSDT,1737000000000,7.064,7.088,7.041,7.079,122045.86,1737003599999,862018.89128,2606
DOTUSDT,1737003600000,7.077,7.08,7.037,7.041,112823.37,1737007199999,796734.15544,4571
DOTUSDT,1737007200000,7.041,7.058,7.014,7.045,161261.43,1737010799999,1134443.29894,3228
DOTUSDT,1737010800000,7.046,7.064,7.013,7.016,196563.23,1737014399999,1383647.63006,3627
DOTUSDT,1737014400000,7.013,7.029,6.847,6.886,592873.92,1737017999999,4107672.15736,11529
DOTUSDT,1737018000000,6.888,6.936,6.856,6.93,341371.72,1737021599999,2352766.93761,7061
DOTUSDT,1737021600000,6.929,6.955,6.91,6.948,140069.19,1737025199999,971554.58162,3125
DOTUSDT,1737025200000,6.95,7.09,6.913,7.081,584561.88,1737028799999,4089951.43522,11897
DOTUSDT,1737028800000,7.081,7.386,7.037,7.292,1451990.3,1737032399999,10515814.81174,24868
DOTUSDT,1737032400000,7.293,7.393,7.124,7.173,1136396.45,1737035999999,8214704.44175,22198
DOTUSDT,1737036000000,7.177,7.229,6.984,7.042,1303664.46,1737039599999,9238827.29356,24155
DOTUSDT,1737039600000,7.043,7.242,7.017,7.238,680035.54,1737043199999,4845987.4147,13493
DOTUSDT,1737043200000,7.238,7.355,7.234,7.273,721095.81,1737046799999,5260969.89683,14313
DOTUSDT,1737046800000,7.272,7.321,7.219,7.293,522422.64,1737050399999,3803355.71094,11214
DOTUSDT,1737050400000,7.295,7.346,7.206,7.229,358128.46,1737053999999,2603773.54982,7144
DOTUSDT,1737054000000,7.226,7.332,7.213,7.328,224393.62,1737057599999,1636415.33487,4633
DOTUSDT,1737057600000,7.328,7.351,7.254,7.283,258688.61,1737061199999,1887469.87916,5401
DOTUSDT,1737061200000,7.284,7.299,7.214,7.231,229818.64,1737064799999,1666847.77501,4725
DOTUSDT,1737064800000,7.23,7.24,7.103,7.136,294164.78,1737068399999,2106680.45305,6607
DOTUSDT,1737068400000,7.134,7.164,7.1,7.15,232287.13,1737071999999,1658493.23908,4674
DOTUSDT,1737072000000,7.154,7.25,7.152,7.25,167565.5,1737075599999,1206727.90838,3523
DOTUSDT,1737075600000,7.249,7.35,7.214,7.342,402747.73,1737079199999,2935984.41699,6711
DOTUSDT,1737079200000,7.343,7.416,7.294,7.333,530689.69,1737082799999,3906078.32803,10022
DOTUSDT,1737082800000,7.333,7.345,7.277,7.288,185676.8,1737086399999,1356573.27979,3613
DOTUSDT,1737086400000,7.288,7.355,7.248,7.348,344866.15,1737089999999,2512629.66092,5795
DOTUSDT,1737090000000,7.347,7.393,7.31,7.377,282956.59,1737093599999,2081534.30868,4669
DOTUSDT,1737093600000,7.378,7.409,7.342,7.381,228042.16,1737097199999,1682488.18972,3809
DOTUSDT,1737097200000,7.382,7.385,7.319,7.326,292613.32,1737100799999,2150942.73558,5692
DOTUSDT,1737100800000,7.327,7.415,7.288,7.4,458894.19,1737104399999,3379969.68481,8440
DOTUSDT,1737104400000,7.401,7.433,7.355,7.394,394008.82,1737107999999,2914323.20084,6653
DOTUSDT,1737108000000,7.392,7.444,7.39,7.419,255079.92,1737111599999,1893348.31548,4914
DOTUSDT,1737111600000,7.42,7.43,7.372,7.397,393378.35,1737115199999,2914298.12248,5249
DOTUSDT,1737115200000,7.397,7.407,7.291,7.305,443180.67,1737118799999,3253351.92213,6894
DOTUSDT,1737118800000,7.307,7.382,7.291,7.33,342325.69,1737122399999,2513983.46598,6912
DOTUSDT,1737122400000,7.332,7.419,7.316,7.376,380731.16,1737125999999,2804308.02859,8204
DOTUSDT,1737126000000,7.379,7.45,7.339,7.411,403533.75,1737129599999,2987675.07997,7854
DOTUSDT,1737129600000,7.41,7.483,7.378,7.464,439722.7,1737133199999,3274674.16011,8814
DOTUSDT,1737133200000,7.463,7.504,7.373,7.384,385332.52,1737136799999,2866994.90618,8066
DOTUSDT,1737136800000,7.385,7.455,7.357,7.412,217481.5,1737140399999,1612203.03243,4445
DOTUSDT,1737140400000,7.41,7.502,7.41,7.48,288564.0,1737143999999,2156505.36281,5246
DOTUSDT,1737144000000,7.48,7.593,7.465,7.544,406788.33,1737147599999,3072268.45246,8862
DOTUSDT,1737147600000,7.544,7.585,7.523,7.563,427353.15,1737151199999,3227239.9327,7026
DOTUSDT,1737151200000,7.561,7.6,7.532,7.534,205080.75,1737154799999,1553045.81303,4215
DOTUSDT,1737154800000,7.531,7.533,7.49,7.503,141363.31,1737158399999,1061844.11689,3637
DOTUSDT,1737158400000,7.504,7.589,7.504,7.557,207162.1,1737161999999,1567255.63825,4417
DOTUSDT,1737162000000,7.557,7.557,7.439,7.449,224946.16,1737165599999,1684119.57663,5055
DOTUSDT,1737165600000,7.45,7.49,7.415,7.427,185023.6,1737169199999,1379476.49684,4028
DOTUSDT,1737169200000,7.428,7.455,7.239,7.286,605187.11,1737172799999,4434076.51724,14918
DOTUSDT,1737172800000,7.286,7.319,7.211,7.261,332925.61,1737176399999,2419590.38811,7356
DOTUSDT,1737176400000,7.261,7.292,6.985,6.985,881237.96,1737179999999,6285545.59706,16113
DOTUSDT,1737180000000,6.984,7.16,6.982,7.131,565426.01,1737183599999,4009453.38911,9887
DOTUSDT,1737183600000,7.131,7.144,7.012,7.04,296432.65,1737187199999,2096391.56669,5113
DOTUSDT,1737187200000,7.039,7.089,6.934,7.083,533583.02,1737190799999,3738147.36853,8877
DOTUSDT,1737190800000,7.082,7.09,6.976,7.018,271500.67,1737194399999,1907345.59432,4776
DOTUSDT,1737194400000,7.018,7.04,6.925,6.996,373080.06,1737197999999,2604297.2925,6730
DOTUSDT,1737198000000,6.995,7.112,6.956,7.092,304804.23,1737201599999,2146921.17255,5524
DOTUSDT,1737201600000,7.091,7.097,6.991,7.033,257366.15,1737205199999,1812611.88155,4402
DOTUSDT,1737205200000,7.033,7.122,7.001,7.121,332941.3,1737208799999,2354615.0404,5640
DOTUSDT,1737208800000,7.121,7.123,7.0,7.01,303811.2,1737212399999,2143939.5557,4884
DOTUSDT,1737212400000,7.009,7.102,6.965,7.012,395673.6,1737215999999,2786917.12046,7718
DOTUSDT,1737216000000,7.012,7.029,6.855,6.868,818781.8,1737219599999,5694082.38227,13106
DOTUSDT,1737219600000,6.869,6.957,6.865,6.885,365145.7,1737223199999,2525511.72463,7703
DOTUSDT,1737223200000,6.884,6.957,6.839,6.884,413110.65,1737226799999,2852380.11365,6600
DOTUSDT,1737226800000,6.881,6.981,6.881,6.979,176684.55,1737230399999,1227935.75519,3468
DOTUSDT,1737230400000,6.979,6.982,6.875,6.901,195532.02,1737233999999,1350779.26272,3286
DOTUSDT,1737234000000,6.902,6.953,6.895,6.91,159771.24,1737237599999,1106954.26677,3001
DOTUSDT,1737237600000,6.909,6.981,6.893,6.95,118992.59,1737241199999,826715.68373,2455
DOTUSDT,1737241200000,6.95,7.06,6.943,7.043,209710.05,1737244799999,1470300.95605,4705
DOTUSDT,1737244800000,7.043,7.133,7.012,7.098,323270.81,1737248399999,2292896.54122,6016
DOTUSDT,1737248400000,7.098,7.233,7.084,7.215,297124.78,1737251999999,2131562.42032,5787
DOTUSDT,1737252000000,7.216,7.237,7.147,7.158,182905.36,1737255599999,1314849.8587,3521
DOTUSDT,1737255600000,7.157,7.161,7.04,7.041,409249.92,1737259199999,2902790.14852,6469
DOTUSDT,1737259200000,7.041,7.052,6.895,6.905,1201965.74,1737262799999,8361288.70386,14683
DOTUSDT,1737262800000,6.906,6.943,6.849,6.939,419405.66,1737266399999,2889322.24237,8169
DOTUSDT,1737266400000,6.94,6.943,6.853,6.857,191000.39,1737269999999,1317819.77059,3908
DOTUSDT,1737270000000,6.859,6.885,6.757,6.794,702632.06,1737273599999,4784631.88832,9923
DOTUSDT,1737273600000,6.794,6.795,6.59,6.602,925159.4,1737277199999,6166446.76966,17761
DOTUSDT,1737277200000,6.6,6.65,6.447,6.649,1696203.11,1737280799999,11082545.12272,32770
DOTUSDT,1737280800000,6.648,6.668,6.539,6.607,637204.74,1737284399999,4210039.57477,9987
DOTUSDT,1737284400000,6.606,6.619,6.411,6.461,680537.99,1737287999999,4429759.16406,12799
DOTUSDT,1737288000000,6.462,6.598,6.45,6.584,507684.6,1737291599999,3310725.54883,10257
DOTUSDT,1737291600000,6.584,6.694,6.562,6.693,495374.69,1737295199999,3282262.93285,8474
DOTUSDT,1737295200000,6.693,6.87,6.665,6.858,1296435.3,1737298799999,8790049.67339,21651
DOTUSDT,1737298800000,6.858,6.903,6.774,6.816,594644.99,1737302399999,4063422.48428,10444
DOTUSDT,1737302400000,6.815,6.857,6.739,6.795,383373.78,1737305999999,2611819.63029,7084
DOTUSDT,1737306000000,6.797,6.894,6.761,6.893,294151.11,1737309599999,2004121.05159,5573
DOTUSDT,1737309600000,6.891,6.904,6.801,6.804,340137.81,1737313199999,2328723.70887,5512
DOTUSDT,1737313200000,6.804,6.829,6.771,6.829,320646.89,1737316799999,2179294.8822,5990
DOTUSDT,1737316800000,6.829,6.849,6.721,6.756,552944.98,1737320399999,3759316.67857,10017
DOTUSDT,1737320400000,6.757,6.765,6.401,6.411,1906975.31,1737323999999,12472169.12274,42450
DOTUSDT,1737324000000,6.411,6.52,6.135,6.355,1903096.95,1737327599999,12088964.62426,38098
DOTUSDT,1737327600000,6.353,6.356,6.11,6.247,2201209.16,1737331199999,13672295.86833,44622
DOTUSDT,1737331200000,6.246,6.26,6.054,6.063,2830182.12,1737334799999,17411822.62038,51246
DOTUSDT,1737334800000,6.065,6.186,6.061,6.131,1057867.77,1737338399999,6477588.40438,20217
DOTUSDT,1737338400000,6.13,6.372,6.114,6.24,817387.63,1737341999999,5123293.63012,14502
DOTUSDT,1737342000000,6.239,6.325,6.203,6.304,601472.58,1737345599999,3776071.85078,12903
DOTUSDT,1737345600000,6.303,6.373,6.228,6.305,503380.87,1737349199999,3166600.12049,8658
DOTUSDT,1737349200000,6.306,6.395,6.288,6.349,482943.36,1737352799999,3063761.09771,7573
DOTUSDT,1737352800000,6.349,6.69,6.338,6.623,1537796.7,1737356399999,10063337.94487,23870
DOTUSDT,1737356400000,6.621,7.109,6.614,6.768,3050570.18,1737359999999,20827320.18744,65862
DOTUSDT,1737360000000,6.773,6.868,6.746,6.809,551701.83,1737363599999,3765736.69689,10808
DOTUSDT,1737363600000,6.811,6.835,6.677,6.708,515084.05,1737367199999,3476260.80672,10260
DOTUSDT,1737367200000,6.709,6.742,6.617,6.648,477076.88,1737370799999,3188208.83831,7183
DOTUSDT,1737370800000,6.649,6.695,6.603,6.694,371381.33,1737374399999,2472528.00646,5937
DOTUSDT,1737374400000,6.694,6.7,6.401,6.531,1478939.2,1737377999999,9624367.44527,24666
DOTUSDT,1737378000000,6.532,6.614,6.503,6.606,662870.84,1737381599999,4352007.97192,10248
DOTUSDT,1737381600000,6.605,6.649,6.578,6.644,499018.09,1737385199999,3301975.82349,6817
DOTUSDT,1737385200000,6.641,6.654,6.473,6.501,959395.46,1737388799999,6299012.37062,14886
DOTUSDT,1737388800000,6.502,6.612,6.382,6.6,853558.46,1737392399999,5539269.29637,14691
DOTUSDT,1737392400000,6.601,6.606,6.152,6.302,3042370.31,1737395999999,19388466.90586,81928
DOTUSDT,1737396000000,6.304,6.454,6.297,6.439,370329.59,1737399599999,2367984.46215,9554
DOTUSDT,1737399600000,6.44,6.461,6.376,6.434,233629.23,1737403199999,1500868.0541,4761
DOTUSDT,1737403200000,6.433,6.479,6.38,6.455,430568.24,1737406799999,2772059.73177,5918
DOTUSDT,1737406800000,6.453,6.482,6.345,6.348,165370.78,1737410399999,1062965.91077,4054
DOTUSDT,1737410400000,6.351,6.452,6.285,6.43,254298.91,1737413999999,1619769.15824,6639
DOTUSDT,1737414000000,6.431,6.446,6.349,6.381,234951.35,1737417599999,1504139.90185,4841
DOTUSDT,1737417600000,6.381,6.404,6.269,6.278,321021.73,1737421199999,2036830.52828,7125
DOTUSDT,1737421200000,6.278,6.401,6.234,6.288,663724.02,1737424799999,4196642.53421,11342
DOTUSDT,1737424800000,6.287,6.311,6.194,6.274,389248.77,1737428399999,2433185.00688,6894
DOTUSDT,1737428400000,6.272,6.308,6.233,6.283,242800.11,1737431999999,1522906.12452,4630
DOTUSDT,1737432000000,6.28,6.28,6.155,6.262,285634.81,1737435599999,1775934.51703,6853
DOTUSDT,1737435600000,6.261,6.277,6.193,6.207,231550.34,1737439199999,1445526.78794,4899
DOTUSDT,1737439200000,6.21,6.28,6.171,6.254,218369.6,1737442799999,1361286.72141,4383
DOTUSDT,1737442800000,6.253,6.358,6.231,6.317,309197.49,1737446399999,1948515.58843,6633
DOTUSDT,1737446400000,6.319,6.381,6.283,6.332,335685.6,1737449999999,2125226.06859,5737
DOTUSDT,1737450000000,6.332,6.413,6.303,6.402,415949.78,1737453599999,2644944.83177,6805
DOTUSDT,1737453600000,6.403,6.545,6.392,6.525,450241.99,1737457199999,2919618.66926,8589
DOTUSDT,1737457200000,6.523,6.539,6.461,6.524,376942.16,1737460799999,2448231.51524,6888
DOTUSDT,1737460800000,6.524,6.611,6.501,6.562,322823.39,1737464399999,2118547.68982,6691
DOTUSDT,1737464400000,6.562,6.593,6.517,6.562,233975.21,1737467999999,1533002.21872,4357
DOTUSDT,1737468000000,6.563,6.612,6.498,6.523,396410.76,1737471599999,2598280.0886,7997
DOTUSDT,1737471600000,6.523,6.593,6.476,6.567,294447.48,1737475199999,1923995.86181,6566
DOTUSDT,1737475200000,6.565,6.714,6.547,6.681,569632.85,1737478799999,3790222.02979,11633
DOTUSDT,1737478800000,6.68,6.79,6.677,6.782,359881.75,1737482399999,2423290.70393,9570
DOTUSDT,1737482400000,6.781,6.845,6.759,6.815,533511.25,1737485999999,3630798.66449,9572
DOTUSDT,1737486000000,6.813,6.818,6.691,6.717,224627.81,1737489599999,1514905.42332,6555
DOTUSDT,1737489600000,6.718,6.748,6.681,6.747,201727.46,1737493199999,1354646.09544,4724
DOTUSDT,1737493200000,6.746,6.765,6.716,6.732,158294.62,1737496799999,1067382.20244,3962
DOTUSDT,1737496800000,6.731,6.745,6.651,6.655,301542.69,1737500399999,2019866.35403,6294
DOTUSDT,1737500400000,6.654,6.667,6.6,6.622,418181.27,1737503999999,2772929.51578,7818
DOTUSDT,1737504000000,6.623,6.696,6.612,6.688,282736.87,1737507599999,1880115.33889,5606
DOTUSDT,1737507600000,6.687,6.688,6.592,6.605,170931.78,1737511199999,1133579.85592,4590
DOTUSDT,1737511200000,6.603,6.675,6.562,6.648,284890.93,1737514799999,1882211.06647,5627
DOTUSDT,1737514800000,6.648,6.654,6.595,6.61,248850.98,1737518399999,1646702.91624,4099
DOTUSDT,1737518400000,6.61,6.631,6.556,6.593,374743.52,1737521999999,2469577.06792,4898
DOTUSDT,1737522000000,6.591,6.625,6.584,6.586,77077.6,1737525599999,509171.997,2043
DOTUSDT,1737525600000,6.586,6.62,6.564,6.617,157779.92,1737529199999,1040332.93043,3310
DOTUSDT,1737529200000,6.615,6.62,6.573,6.584,127836.54,1737532799999,843207.29021,2861
DOTUSDT,1737532800000,6.584,6.599,6.493,6.584,306291.78,1737536399999,2005706.32209,6757
DOTUSDT,1737536400000,6.585,6.603,6.546,6.579,110947.08,1737539999999,729852.32215,3045
DOTUSDT,1737540000000,6.578,6.604,6.534,6.594,319115.65,1737543599999,2097331.47838,4988
DOTUSDT,1737543600000,6.594,6.64,6.566,6.627,179016.29,1737547199999,1182277.49328,4764
DOTUSDT,1737547200000,6.628,6.657,6.598,6.605,135755.38,1737550799999,899571.01014,3634
DOTUSDT,1737550800000,6.604,6.605,6.51,6.527,216558.86,1737554399999,1420016.56162,5483
DOTUSDT,1737554400000,6.528,6.577,6.487,6.55,252615.68,1737557999999,1649145.57592,6377
DOTUSDT,1737558000000,6.55,6.589,6.498,6.518,188326.05,1737561599999,1232107.29276,4537
DOTUSDT,1737561600000,6.52,6.559,6.466,6.544,217193.85,1737565199999,1415071.02196,5862
DOTUSDT,1737565200000,6.544,6.603,6.528,6.581,139401.9,1737568799999,916080.82215,3764
DOTUSDT,1737568800000,6.582,6.598,6.459,6.477,140062.26,1737572399999,915005.00023,4064
DOTUSDT,1737572400000,6.477,6.573,6.476,6.522,152523.68,1737575999999,996050.16671,4532
DOTUSDT,1737576000000,6.525,6.56,6.497,6.505,158704.87,1737579599999,1035223.98918,3277
DOTUSDT,1737579600000,6.504,6.523,6.462,6.495,131675.96,1737583199999,853850.48931,3245
DOTUSDT,1737583200000,6.495,6.518,6.431,6.437,180360.9,1737586799999,1167553.45509,3350
DOTUSDT,1737586800000,6.435,6.468,6.412,6.447,120756.68,1737590399999,777772.44755,2642
DOTUSDT,1737590400000,6.447,6.474,6.415,6.429,135032.06,1737593999999,870489.81444,2850
DOTUSDT,1737594000000,6.427,6.437,6.353,6.356,218728.17,1737597599999,1399209.76308,4052
DOTUSDT,1737597600000,6.356,6.364,6.294,6.342,280669.06,1737601199999,1775689.49355,4746
DOTUSDT,1737601200000,6.34,6.4,6.327,6.357,93952.56,1737604799999,598700.52253,2012
DOTUSDT,1737604800000,6.358,6.368,6.278,6.312,134447.98,1737608399999,848973.73445,2814
DOTUSDT,1737608400000,6.314,6.364,6.314,6.342,86996.65,1737611999999,552067.93954,1937
DOTUSDT,1737612000000,6.341,6.364,6.309,6.32,142894.68,1737615599999,905366.51752,2346
DOTUSDT,1737615600000,6.32,6.368,6.287,6.361,211443.75,1737619199999,1337145.02543,3417
DOTUSDT,1737619200000,6.362,6.379,6.308,6.317,105221.94,1737622799999,668066.11828,2211
DOTUSDT,1737622800000,6.316,6.344,6.272,6.288,143387.99,1737626399999,904549.70989,3056
DOTUSDT,1737626400000,6.289,6.319,6.241,6.274,304719.18,1737629999999,1915023.86508,4466
DOTUSDT,1737630000000,6.274,6.336,6.252,6.311,212779.17,1737633599999,1341220.58369,4166
DOTUSDT,1737633600000,6.312,6.315,6.243,6.264,190726.05,1737637199999,1196664.39068,3293
DOTUSDT,1737637200000,6.261,6.36,6.241,6.339,286366.88,1737640799999,1803373.58049,5084
DOTUSDT,1737640800000,6.339,6.482,6.3,6.434,498596.18,1737644399999,3193080.94056,9262
DOTUSDT,1737644400000,6.435,6.459,6.305,6.403,758074.69,1737647999999,4835004.53453,15555
DOTUSDT,1737648000000,6.403,6.503,6.368,6.37,470137.25,1737651599999,3026487.04955,8864
DOTUSDT,1737651600000,6.371,6.403,6.306,6.395,342100.64,1737655199999,2171067.48445,6442
DOTUSDT,1737655200000,6.397,6.407,6.304,6.307,200404.06,1737658799999,1271078.59177,3949
DOTUSDT,1737658800000,6.309,6.312,6.21,6.233,380263.74,1737662399999,2379324.00744,7088
DOTUSDT,1737662400000,6.231,6.415,6.22,6.292,1073081.43,1737665999999,6785698.59034,20932
DOTUSDT,1737666000000,6.291,6.308,6.191,6.243,341496.28,1737669599999,2132687.02891,6739
DOTUSDT,1737669600000,6.244,6.373,6.234,6.361,229600.34,1737673199999,1447455.06457,4526
DOTUSDT,1737673200000,6.365,6.389,6.338,6.351,117476.75,1737676799999,747502.77785,2412
DOTUSDT,1737676800000,6.351,6.37,6.243,6.245,187440.27,1737680399999,1182818.97268,3641
DOTUSDT,1737680400000,6.246,6.29,6.214,6.273,415637.49,1737683999999,2599435.62863,5148
DOTUSDT,1737684000000,6.274,6.288,6.203,6.213,239241.52,1737687599999,1495221.96854,3159
DOTUSDT,1737687600000,6.214,6.309,6.203,6.283,264654.65,1737691199999,1657472.22577,3814
DOTUSDT,1737691200000,6.283,6.392,6.258,6.381,170567.95,1737694799999,1079000.67209,3658
DOTUSDT,1737694800000,6.381,6.495,6.367,6.493,257675.49,1737698399999,1659463.07797,3927
DOTUSDT,1737698400000,6.494,6.503,6.423,6.438,180140.49,1737701999999,1164324.69792,3136
DOTUSDT,1737702000000,6.44,6.464,6.391,6.419,169098.8,1737705599999,1085968.58437,3297
DOTUSDT,1737705600000,6.42,6.478,6.399,6.475,192967.47,1737709199999,1244219.87469,2899
DOTUSDT,1737709200000,6.473,6.497,6.424,6.447,179650.78,1737712799999,1161135.49408,3144
DOTUSDT,1737712800000,6.446,6.499,6.421,6.492,166308.85,1737716399999,1073835.88376,2672
DOTUSDT,1737716400000,6.493,6.494,6.452,6.461,101620.26,1737719999999,657676.16869,2024
DOTUSDT,1737720000000,6.46,6.508,6.446,6.503,159940.71,1737723599999,1035468.2022,2469
DOTUSDT,1737723600000,6.504,6.546,6.472,6.492,186050.4,1737727199999,1209291.02367,3297
DOTUSDT,1737727200000,6.494,6.533,6.44,6.5,293002.52,1737730799999,1901298.37157,4483
DOTUSDT,1737730800000,6.502,6.527,6.411,6.467,228014.66,1737734399999,1473330.45673,3735
DOTUSDT,1737734400000,6.467,6.485,6.427,6.432,155829.6,1737737999999,1006198.81763,2451
DOTUSDT,1737738000000,6.434,6.503,6.409,6.473,142969.85,1737741599999,923074.79869,2571
DOTUSDT,1737741600000,6.473,6.495,6.457,6.464,123090.96,1737745199999,797546.34628,2352
DOTUSDT,1737745200000,6.462,6.478,6.416,6.43,135476.75,1737748799999,872810.11708,2366
DOTUSDT,1737748800000,6.434,6.453,6.321,6.324,267078.38,1737752399999,1703256.3264,4210
DOTUSDT,1737752400000,6.326,6.382,6.318,6.365,150366.11,1737755999999,954668.66362,2829
DOTUSDT,1737756000000,6.364,6.364,6.307,6.315,168718.65,1737759599999,1069694.84722,2437
DOTUSDT,1737759600000,6.317,6.321,6.285,6.32,104114.25,1737763199999,655808.49698,2103
DOTUSDT,1737763200000,6.319,6.32,6.25,6.255,191573.45,1737766799999,1203108.84532,3136
DOTUSDT,1737766800000,6.252,6.374,6.246,6.311,485003.7,1737770399999,3062539.11803,6169
DOTUSDT,1737770400000,6.311,6.339,6.295,6.33,57786.17,1737773999999,365091.59041,1198
DOTUSDT,1737774000000,6.331,6.388,6.314,6.381,75742.82,1737777599999,481132.75698,1738
DOTUSDT,1737777600000,6.381,6.383,6.329,6.332,99864.08,1737781199999,634342.4327,1528
DOTUSDT,1737781200000,6.333,6.344,6.302,6.318,118671.31,1737784799999,750780.90729,2030
DOTUSDT,1737784800000,6.316,6.351,6.302,6.32,444782.44,1737788399999,2816520.44288,5384
DOTUSDT,1737788400000,6.317,6.324,6.29,6.297,102580.55,1737791999999,646748.22178,1667
DOTUSDT,1737792000000,6.298,6.32,6.276,6.297,89267.02,1737795599999,562008.16192,1690
DOTUSDT,1737795600000,6.296,6.309,6.272,6.283,88733.63,1737799199999,558638.60894,1482
DOTUSDT,1737799200000,6.283,6.307,6.262,6.304,158409.95,1737802799999,994886.47123,2202
DOTUSDT,1737802800000,6.303,6.335,6.292,6.327,113711.66,1737806399999,717851.61192,1774
DOTUSDT,1737806400000,6.325,6.33,6.284,6.329,110763.34,1737809999999,698222.92242,1902
DOTUSDT,1737810000000,6.331,6.359,6.313,6.326,110584.22,1737813599999,700643.28339,1950
DOTUSDT,1737813600000,6.328,6.329,6.282,6.323,101440.68,1737817199999,639311.09549,2037
DOTUSDT,1737817200000,6.323,6.379,6.322,6.367,209038.41,1737820799999,1327493.03427,3247
DOTUSDT,1737820800000,6.367,6.41,6.355,6.38,234051.88,1737824399999,1494060.11645,3609
DOTUSDT,1737824400000,6.38,6.383,6.342,6.37,103030.36,1737827999999,655160.60866,1869
DOTUSDT,1737828000000,6.37,6.384,6.342,6.356,86392.82,1737831599999,549939.99715,1712
DOTUSDT,1737831600000,6.357,6.372,6.342,6.36,120201.63,1737835199999,763986.02546,1734
DOTUSDT,1737835200000,6.36,6.397,6.358,6.36,100922.62,1737838799999,643692.33433,1641
DOTUSDT,1737838800000,6.36,6.367,6.333,6.361,86552.05,1737842399999,549634.64419,1421
DOTUSDT,1737842400000,6.364,6.391,6.352,6.362,47636.19,1737845999999,303570.33165,1186
DOTUSDT,1737846000000,6.361,6.368,6.312,6.323,81911.71,1737849599999,519206.00488,1536
DOTUSDT,1737849600000,6.323,6.347,6.273,6.273,278662.93,1737853199999,1755601.85898,3733
DOTUSDT,1737853200000,6.272,6.318,6.268,6.299,212932.7,1737856799999,1338302.12942,3140
DOTUSDT,1737856800000,6.296,6.296,6.263,6.293,81242.38,1737860399999,510365.6818,1422
DOTUSDT,1737860400000,6.296,6.353,6.292,6.329,86014.51,1737863999999,543837.44391,1490
DOTUSDT,1737864000000,6.326,6.394,6.319,6.363,176697.27,1737867599999,1125620.70118,2458
DOTUSDT,1737867600000,6.365,6.367,6.335,6.348,53472.71,1737871199999,339484.47494,1202
DOTUSDT,1737871200000,6.35,6.37,6.334,6.35,80291.31,1737874799999,509952.3389,1249
DOTUSDT,1737874800000,6.351,6.367,6.331,6.361,66265.17,1737878399999,420880.51535,1236
DOTUSDT,1737878400000,6.361,6.386,6.336,6.347,89066.26,1737881999999,566558.71235,1540
DOTUSDT,1737882000000,6.346,6.346,6.28,6.297,132789.27,1737885599999,836998.16084,2263
DOTUSDT,1737885600000,6.295,6.335,6.286,6.333,206714.76,1737889199999,1303576.86243,2702
DOTUSDT,1737889200000,6.334,6.376,6.334,6.371,365819.88,1737892799999,2324588.5928,5335
DOTUSDT,1737892800000,6.372,6.375,6.337,6.372,95669.33,1737896399999,608284.09006,2191
DOTUSDT,1737896400000,6.372,6.391,6.358,6.377,98491.67,1737899999999,627849.54543,2295
DOTUSDT,1737900000000,6.378,6.379,6.354,6.369,100604.74,1737903599999,640366.52979,2016
DOTUSDT,1737903600000,6.369,6.382,6.351,6.355,79967.52,1737907199999,509409.14205,2017
DOTUSDT,1737907200000,6.356,6.363,6.322,6.351,129643.75,1737910799999,822393.41382,2835
DOTUSDT,1737910800000,6.352,6.391,6.339,6.384,101023.04,1737914399999,643298.01944,2249
DOTUSDT,1737914400000,6.385,6.437,6.375,6.414,190569.65,1737917999999,1221851.37266,3539
DOTUSDT,1737918000000,6.414,6.464,6.411,6.453,106754.22,1737921599999,687161.42345,2514
DOTUSDT,1737921600000,6.453,6.47,6.428,6.433,101814.82,1737925199999,657285.60789,2415
DOTUSDT,1737925200000,6.434,6.436,6.354,6.355,166863.53,1737928799999,1065949.34313,3955
DOTUSDT,1737928800000,6.354,6.394,6.308,6.343,163402.95,1737932399999,1036624.13998,4273
DOTUSDT,1737932400000,6.342,6.342,6.166,6.177,636325.31,1737935999999,3959796.83047,11818
DOTUSDT,1737936000000,6.176,6.212,6.088,6.095,575385.14,1737939599999,3529436.88631,9592
DOTUSDT,1737939600000,6.096,6.114,6.007,6.01,635240.4,1737943199999,3843934.23777,8648
DOTUSDT,1737943200000,6.008,6.009,5.905,5.927,741288.55,1737946799999,4416972.33797,12258
DOTUSDT,1737946800000,5.926,6.023,5.879,5.987,603402.58,1737950399999,3578109.61074,7328
DOTUSDT,1737950400000,5.987,5.988,5.879,5.885,235672.6,1737953999999,1396381.9009,4258
DOTUSDT,1737954000000,5.886,5.913,5.808,5.862,605910.01,1737957599999,3544693.10275,8259
DOTUSDT,1737957600000,5.862,5.889,5.719,5.75,826174.33,1737961199999,4781052.85278,12408
DOTUSDT,1737961200000,5.747,5.774,5.485,5.704,2267231.25,1737964799999,12763613.34471,39053
DOTUSDT,1737964800000,5.704,5.707,5.574,5.665,815874.53,1737968399999,4596823.99325,12583
DOTUSDT,1737968400000,5.667,5.732,5.628,5.705,481414.99,1737971999999,2735743.2802,8188
DOTUSDT,1737972000000,5.703,5.703,5.573,5.589,427295.14,1737975599999,2406730.71787,7823
DOTUSDT,1737975600000,5.588,5.695,5.587,5.634,295393.17,1737979199999,1669051.68718,5206
DOTUSDT,1737979200000,5.634,5.793,5.595,5.76,582368.86,1737982799999,3311375.55874,9298
DOTUSDT,1737982800000,5.763,5.853,5.729,5.761,627398.81,1737986399999,3638305.91121,9948
DOTUSDT,1737986400000,5.761,5.906,5.736,5.886,645977.79,1737989999999,3756689.46313,9577
DOTUSDT,1737990000000,5.885,5.901,5.827,5.841,345607.56,1737993599999,2029031.4054,5578
DOTUSDT,1737993600000,5.842,5.863,5.733,5.745,385702.3,1737997199999,2239997.38529,6011
DOTUSDT,1737997200000,5.745,5.793,5.707,5.734,200889.7,1738000799999,1154740.49247,3668
DOTUSDT,1738000800000,5.732,5.786,5.686,5.701,259932.78,1738004399999,1489147.59373,3997
DOTUSDT,1738004400000,5.703,5.783,5.703,5.758,140612.83,1738007999999,808645.86669,2709
DOTUSDT,1738008000000,5.76,5.948,5.759,5.933,290614.15,1738011599999,1705550.67083,5740
DOTUSDT,1738011600000,5.928,6.019,5.894,5.912,650881.26,1738015199999,3876572.94727,8798
DOTUSDT,1738015200000,5.913,5.97,5.892,5.945,145122.49,1738018799999,860875.77097,2784
DOTUSDT,1738018800000,5.946,5.97,5.917,5.953,147019.93,1738022399999,872400.69304,2301
DOTUSDT,1738022400000,5.953,6.001,5.921,5.927,194674.76,1738025999999,1161648.13635,3307
DOTUSDT,1738026000000,5.926,5.932,5.878,5.894,136114.0,1738029599999,803292.79851,2475
DOTUSDT,1738029600000,5.892,5.957,5.887,5.948,123158.15,1738033199999,729433.44569,2418
DOTUSDT,1738033200000,5.949,5.992,5.912,5.969,122081.15,1738036799999,727623.00799,2172
DOTUSDT,1738036800000,5.97,6.032,5.968,6.005,170738.53,1738040399999,1024997.48567,3211
DOTUSDT,1738040400000,6.005,6.037,5.987,5.996,133367.2,1738043999999,802149.63636,2830
DOTUSDT,1738044000000,5.997,5.999,5.936,5.938,153972.29,1738047599999,918499.20489,3160
DOTUSDT,1738047600000,5.937,5.977,5.916,5.931,142739.63,1738051199999,848516.86569,3064
DOTUSDT,1738051200000,5.932,5.975,5.911,5.945,504197.55,1738054799999,2996684.98839,5894
DOTUSDT,1738054800000,5.946,5.951,5.889,5.931,171606.65,1738058399999,1015293.34618,2863
DOTUSDT,1738058400000,5.931,5.969,5.914,5.927,142035.73,1738061999999,844639.67914,2550
DOTUSDT,1738062000000,5.929,5.963,5.898,5.924,108151.62,1738065599999,641619.89593,2221
DOTUSDT,1738065600000,5.925,5.948,5.864,5.881,147157.25,1738069199999,868876.79112,3501
DOTUSDT,1738069200000,5.885,5.918,5.878,5.89,154793.99,1738072799999,913072.49078,3043
DOTUSDT,1738072800000,5.889,5.89,5.816,5.851,298229.77,1738076399999,1744199.57071,5995
DOTUSDT,1738076400000,5.851,5.956,5.85,5.9,426374.3,1738079999999,2519656.34181,6923
DOTUSDT,1738080000000,5.9,5.907,5.783,5.815,386455.29,1738083599999,2255687.37234,6298
DOTUSDT,1738083600000,5.814,5.876,5.804,5.825,163629.03,1738087199999,955862.01907,3115
DOTUSDT,1738087200000,5.824,5.859,5.765,5.778,238460.99,1738090799999,1385730.81506,4796
DOTUSDT,1738090800000,5.778,5.815,5.747,5.805,228961.91,1738094399999,1322902.22626,4256
DOTUSDT,1738094400000,5.806,5.828,5.707,5.713,205610.55,1738097999999,1184160.51141,3526
DOTUSDT,1738098000000,5.711,5.756,5.625,5.629,281951.95,1738101599999,1605866.58142,5404
DOTUSDT,1738101600000,5.629,5.684,5.6,5.675,287478.36,1738105199999,1621473.6302,4956
DOTUSDT,1738105200000,5.676,5.691,5.612,5.649,126113.0,1738108799999,712767.00422,2430
DOTUSDT,1738108800000,5.648,5.709,5.637,5.681,127810.51,1738112399999,725101.5693,2461
DOTUSDT,1738112400000,5.686,5.746,5.683,5.737,110432.67,1738115999999,631084.72368,2033
DOTUSDT,1738116000000,5.737,5.801,5.733,5.742,80652.09,1738119599999,464948.93216,1992
DOTUSDT,1738119600000,5.74,5.79,5.73,5.777,87425.16,1738123199999,503594.30466,1649
DOTUSDT,1738123200000,5.777,5.807,5.758,5.784,61095.06,1738126799999,353453.76485,1267
DOTUSDT,1738126800000,5.783,5.805,5.76,5.79,66292.99,1738130399999,383392.6449,1260
DOTUSDT,1738130400000,5.792,5.839,5.789,5.831,107078.78,1738133999999,622280.72553,2148
DOTUSDT,1738134000000,5.83,5.848,5.8,5.835,83599.31,1738137599999,487046.01424,1577
DOTUSDT,1738137600000,5.834,5.851,5.799,5.805,107103.71,1738141199999,623379.97858,2383
DOTUSDT,1738141200000,5.804,5.809,5.739,5.755,155786.97,1738144799999,898032.23763,2989
DOTUSDT,1738144800000,5.755,5.798,5.73,5.758,132833.72,1738148399999,766150.63919,2574
DOTUSDT,1738148400000,5.759,5.768,5.701,5.738,468448.21,1738151999999,2682974.50011,7124
DOTUSDT,1738152000000,5.737,5.746,5.679,5.685,183597.61,1738155599999,1047970.30202,3346
DOTUSDT,1738155600000,5.685,5.695,5.615,5.64,257919.21,1738159199999,1456079.95113,4640
DOTUSDT,1738159200000,5.64,5.679,5.6,5.63,266273.58,1738162799999,1502778.58733,4386
DOTUSDT,1738162800000,5.632,5.68,5.624,5.648,121151.59,1738166399999,684441.60615,2312
DOTUSDT,1738166400000,5.648,5.651,5.591,5.624,194232.2,1738169999999,1091665.5446,3116
DOTUSDT,1738170000000,5.626,5.704,5.624,5.665,213091.49,1738173599999,1209756.34802,3368
DOTUSDT,1738173600000,5.666,5.732,5.619,5.716,232680.32,1738177199999,1316446.80886,3233
DOTUSDT,1738177200000,5.716,5.839,5.544,5.753,1478752.5,1738180799999,8443659.08817,27413
DOTUSDT,1738180800000,5.753,5.881,5.673,5.801,773239.82,1738184399999,4473034.54933,13410
DOTUSDT,1738184400000,5.801,5.878,5.753,5.837,371593.27,1738187999999,2164484.96446,5560
DOTUSDT,1738188000000,5.837,5.879,5.771,5.812,184198.59,1738191599999,1073197.47847,3389
DOTUSDT,1738191600000,5.811,5.836,5.757,5.768,181950.99,1738195199999,1055623.62469,2884
DOTUSDT,1738195200000,5.767,5.808,5.722,5.803,142747.03,1738198799999,822087.54111,2424
DOTUSDT,1738198800000,5.806,5.886,5.788,5.838,193870.58,1738202399999,1133061.24872,2976
DOTUSDT,1738202400000,5.838,5.898,5.814,5.895,186661.57,1738205999999,1092762.24092,2199
DOTUSDT,1738206000000,5.898,5.96,5.89,5.955,216826.7,1738209599999,1285044.7164,3685
DOTUSDT,1738209600000,5.954,5.981,5.925,5.971,221693.95,1738213199999,1322020.14162,3761
DOTUSDT,1738213200000,5.971,5.987,5.923,5.947,131531.75,1738216799999,782809.2406,2224
DOTUSDT,1738216800000,5.948,5.964,5.931,5.937,123587.22,1738220399999,735372.01235,1836
DOTUSDT,1738220400000,5.938,5.951,5.897,5.923,157691.42,1738223999999,932930.1339,2384
DOTUSDT,1738224000000,5.922,5.943,5.896,5.93,116871.39,1738227599999,691948.86923,2351
DOTUSDT,1738227600000,5.929,5.981,5.927,5.971,172213.53,1738231199999,1025863.97299,3297
DOTUSDT,1738231200000,5.971,5.992,5.931,5.99,155462.3,1738234799999,926357.6284,2725
DOTUSDT,1738234800000,5.989,6.013,5.975,6.007,175683.91,1738238399999,1052502.01109,3375
DOTUSDT,1738238400000,6.009,6.045,5.982,6.038,204993.98,1738241999999,1231994.22154,3870
DOTUSDT,1738242000000,6.039,6.11,5.998,6.068,387899.56,1738245599999,2351549.84864,7353
DOTUSDT,1738245600000,6.067,6.192,6.065,6.186,522982.96,1738249199999,3200868.0959,8476
DOTUSDT,1738249200000,6.186,6.257,6.175,6.217,679302.21,1738252799999,4222877.93959,11498
DOTUSDT,1738252800000,6.217,6.251,6.16,6.177,351039.09,1738256399999,2177709.76964,5965
DOTUSDT,1738256400000,6.176,6.186,6.132,6.167,210818.08,1738259999999,1297577.6938,4556
DOTUSDT,1738260000000,6.166,6.197,6.135,6.177,205820.95,1738263599999,1269490.34741,4252
DOTUSDT,1738263600000,6.178,6.185,6.133,6.179,170200.76,1738267199999,1048325.98123,3614
DOTUSDT,1738267200000,6.18,6.208,6.123,6.134,283377.13,1738270799999,1746576.97702,4730
DOTUSDT,1738270800000,6.132,6.161,6.111,6.133,109901.69,1738274399999,674366.85663,2648
DOTUSDT,1738274400000,6.135,6.171,6.115,6.148,101086.58,1738277999999,621139.01616,2609
DOTUSDT,1738278000000,6.149,6.182,6.121,6.125,100584.88,1738281599999,619290.20995,2280
DOTUSDT,1738281600000,6.125,6.18,6.092,6.171,325284.49,1738285199999,1997575.05129,4613
DOTUSDT,1738285200000,6.171,6.181,6.131,6.154,105956.21,1738288799999,652630.717,2091
DOTUSDT,1738288800000,6.154,6.156,6.082,6.084,109600.3,1738292399999,669921.27307,2567
DOTUSDT,1738292400000,6.083,6.085,6.029,6.061,174118.69,1738295999999,1055000.47549,2983
DOTUSDT,1738296000000,6.061,6.068,6.031,6.038,140228.92,1738299599999,848852.03966,2570
DOTUSDT,1738299600000,6.04,6.12,6.035,6.116,101623.63,1738303199999,618535.52401,2344
DOTUSDT,1738303200000,6.116,6.23,6.11,6.229,238890.96,1738306799999,1476160.618,5032
DOTUSDT,1738306800000,6.229,6.313,6.207,6.212,385283.74,1738310399999,2411873.08186,8014
DOTUSDT,1738310400000,6.212,6.237,6.135,6.145,224704.83,1738313999999,1386456.54266,3665
DOTUSDT,1738314000000,6.145,6.24,6.139,6.212,165763.36,1738317599999,1026996.41463,2839
DOTUSDT,1738317600000,6.211,6.238,6.158,6.216,157880.9,1738321199999,979223.17281,2698
DOTUSDT,1738321200000,6.216,6.309,6.208,6.3,326356.36,1738324799999,2047206.3136,5018
DOTUSDT,1738324800000,6.299,6.356,6.289,6.338,233825.97,1738328399999,1479392.9026,4234
DOTUSDT,1738328400000,6.341,6.408,6.321,6.332,371927.37,1738331999999,2369955.30477,6104
DOTUSDT,1738332000000,6.331,6.382,6.3,6.364,394375.73,1738335599999,2498283.22773,5764
DOTUSDT,1738335600000,6.365,6.487,6.355,6.47,499419.67,1738339199999,3209640.00293,7494
DOTUSDT,1738339200000,6.47,6.499,6.443,6.456,523870.41,1738342799999,3388742.1802,7421
DOTUSDT,1738342800000,6.455,6.457,6.344,6.355,284199.6,1738346399999,1816306.055,4948
DOTUSDT,1738346400000,6.354,6.383,6.236,6.266,606972.8,1738349999999,3822224.37091,8858
DOTUSDT,1738350000000,6.266,6.328,6.24,6.265,323718.33,1738353599999,2034501.67486,4709
DOTUSDT,1738353600000,6.265,6.282,6.192,6.232,378774.02,1738357199999,2358110.76771,5358
DOTUSDT,1738357200000,6.23,6.429,6.193,6.369,1825586.76,1738360799999,11486781.97119,28823
DOTUSDT,1738360800000,6.369,6.454,6.334,6.373,580721.54,1738364399999,3717429.69589,11665
DOTUSDT,1738364400000,6.371,6.371,6.296,6.321,189705.7,1738367999999,1199518.54305,3504
DOTUSDT,1738368000000,6.322,6.408,6.293,6.405,402307.9,1738371599999,2554537.38577,5342
DOTUSDT,1738371600000,6.405,6.433,6.362,6.363,184442.18,1738375199999,1180147.0153,2589
DOTUSDT,1738375200000,6.363,6.442,6.352,6.425,174078.64,1738378799999,1114547.91974,3134
DOTUSDT,1738378800000,6.424,6.437,6.378,6.398,177148.37,1738382399999,1134397.16283,3146
DOTUSDT,1738382400000,6.398,6.421,6.345,6.351,193246.12,1738385999999,1231734.95111,3570
DOTUSDT,1738386000000,6.35,6.488,6.348,6.479,291945.45,1738389599999,1877873.35342,5409
DOTUSDT,1738389600000,6.479,6.492,6.413,6.464,315125.82,1738393199999,2030311.68562,4594
DOTUSDT,1738393200000,6.464,6.481,6.403,6.41,185720.99,1738396799999,1195116.85719,3529
DOTUSDT,1738396800000,6.41,6.43,6.334,6.416,482225.73,1738400399999,3077751.8742,8048
DOTUSDT,1738400400000,6.415,6.423,6.287,6.304,335990.81,1738403999999,2132517.92323,6181
DOTUSDT,1738404000000,6.304,6.342,6.252,6.258,340619.25,1738407599999,2145900.46529,5730
DOTUSDT,1738407600000,6.258,6.405,6.246,6.4,375310.32,1738411199999,2377241.65972,6013
DOTUSDT,1738411200000,6.4,6.415,6.332,6.35,226904.76,1738414799999,1445888.80305,4452
DOTUSDT,1738414800000,6.35,6.368,6.258,6.258,179969.21,1738418399999,1135022.98111,3709
DOTUSDT,1738418400000,6.259,6.317,6.245,6.249,202001.24,1738421999999,1267823.91418,3966
DOTUSDT,1738422000000,6.248,6.267,6.181,6.231,354348.46,1738425599999,2203636.4233,5297
DOTUSDT,1738425600000,6.233,6.258,6.188,6.195,190863.67,1738429199999,1188800.65338,3792
DOTUSDT,1738429200000,6.197,6.264,6.195,6.233,213473.56,1738432799999,1329605.60281,3500
DOTUSDT,1738432800000,6.234,6.255,6.16,6.17,209552.47,1738436399999,1299752.21371,4158
DOTUSDT,1738436400000,6.169,6.171,6.054,6.091,394086.63,1738439999999,2403788.05249,7047
DOTUSDT,1738440000000,6.092,6.094,5.977,6.031,510745.09,1738443599999,3076900.85455,7873
DOTUSDT,1738443600000,6.03,6.081,5.985,6.004,314345.1,1738447199999,1897368.82108,5219
DOTUSDT,1738447200000,6.004,6.032,5.935,5.988,293936.35,1738450799999,1758705.05107,5445
DOTUSDT,1738450800000,5.988,5.988,5.861,5.905,450763.46,1738454399999,2670419.62361,7754
DOTUSDT,1738454400000,5.906,6.048,5.884,6.013,298285.14,1738457999999,1785561.59724,5035
DOTUSDT,1738458000000,6.014,6.034,5.967,5.98,131656.84,1738461599999,789711.70655,2426
DOTUSDT,1738461600000,5.979,5.983,5.841,5.848,229337.03,1738465199999,1352979.66864,4584
DOTUSDT,1738465200000,5.849,5.884,5.707,5.716,690217.39,1738468799999,3981334.78542,12707
DOTUSDT,1738468800000,5.718,5.802,5.703,5.74,406839.88,1738472399999,2339151.06556,6588
DOTUSDT,1738472400000,5.741,5.857,5.734,5.842,264722.11,1738475999999,1536963.71162,4466
DOTUSDT,1738476000000,5.84,5.874,5.809,5.828,217205.29,1738479599999,1270634.16394,3439
DOTUSDT,1738479600000,5.827,5.831,5.77,5.806,202540.09,1738483199999,1174297.48911,3601
DOTUSDT,1738483200000,5.805,5.914,5.792,5.866,293563.64,1738486799999,1720859.45543,5316
DOTUSDT,1738486800000,5.865,5.865,5.812,5.842,191932.48,1738490399999,1120259.60136,3037
DOTUSDT,1738490400000,5.842,5.842,5.722,5.742,690126.72,1738493999999,3986645.81466,8770
DOTUSDT,1738494000000,5.743,5.763,5.609,5.629,468574.55,1738497599999,2659589.44108,8413
DOTUSDT,1738497600000,5.629,5.682,5.572,5.575,729022.03,1738501199999,4097242.6361,8861
DOTUSDT,1738501200000,5.575,5.717,5.575,5.716,419115.21,1738504799999,2370879.85183,6792
DOTUSDT,1738504800000,5.714,5.736,5.665,5.665,274956.19,1738508399999,1568502.59334,4951
DOTUSDT,1738508400000,5.668,5.668,5.564,5.648,379505.71,1738511999999,2133668.8776,6426
DOTUSDT,1738512000000,5.648,5.649,5.418,5.461,910510.43,1738515599999,5025003.53135,15689
DOTUSDT,1738515600000,5.461,5.5,5.205,5.25,1945439.01,1738519199999,10398028.61253,33016
DOTUSDT,1738519200000,5.252,5.341,5.121,5.149,1833816.48,1738522799999,9584185.03347,29144
DOTUSDT,1738522800000,5.151,5.353,5.085,5.296,1864628.29,1738526399999,9731045.67934,24532
DOTUSDT,1738526400000,5.296,5.362,5.186,5.196,961318.96,1738529999999,5053736.90509,10328
DOTUSDT,1738530000000,5.196,5.224,5.111,5.133,617077.86,1738533599999,3186817.8468,8784
DOTUSDT,1738533600000,5.133,5.227,4.863,5.143,1888560.6,1738537199999,9557855.15311,30345
DOTUSDT,1738537200000,5.142,5.159,4.933,5.153,1515025.36,1738540799999,7629627.73234,28142
DOTUSDT,1738540800000,5.155,5.156,4.73,4.925,3208497.41,1738544399999,15738600.20378,58242
DOTUSDT,1738544400000,4.926,4.948,4.0,4.247,5714133.06,1738547999999,26089949.68989,96153
DOTUSDT,1738548000000,4.248,4.346,3.78,4.159,7346819.11,1738551599999,30638373.90357,129823
DOTUSDT,1738551600000,4.159,4.394,4.152,4.341,3048115.67,1738555199999,13121405.36821,35331
DOTUSDT,1738555200000,4.343,4.393,4.135,4.146,1981809.22,1738558799999,8383311.94349,28389
DOTUSDT,1738558800000,4.147,4.404,4.144,4.397,1373373.18,1738562399999,5907909.55502,23253
DOTUSDT,1738562400000,4.397,4.559,4.337,4.535,1756246.32,1738565999999,7839376.42897,29376
DOTUSDT,1738566000000,4.535,4.718,4.507,4.71,2053514.82,1738569599999,9478037.25245,34567
DOTUSDT,1738569600000,4.71,4.71,4.515,4.578,1295456.1,1738573199999,5942704.33202,21287
DOTUSDT,1738573200000,4.578,4.662,4.552,4.584,1229960.41,1738576799999,5661535.42472,21890
DOTUSDT,1738576800000,4.585,4.786,4.583,4.774,1040388.49,1738580399999,4873550.21669,15328
DOTUSDT,1738580400000,4.775,4.778,4.663,4.687,666943.02,1738583999999,3146477.60605,11837
DOTUSDT,1738584000000,4.687,4.8,4.639,4.651,1025367.81,1738587599999,4838359.41301,14425
DOTUSDT,1738587600000,4.651,4.694,4.575,4.628,608774.55,1738591199999,2817058.17523,10438
DOTUSDT,1738591200000,4.629,4.772,4.488,4.732,3941741.68,1738594799999,18381373.79288,60138
DOTUSDT,1738594800000,4.729,4.942,4.686,4.911,2392074.38,1738598399999,11587011.45856,39569
DOTUSDT,1738598400000,4.911,4.992,4.866,4.932,1262495.93,1738601999999,6226353.03043,23741
DOTUSDT,1738602000000,4.931,4.983,4.879,4.947,700337.64,1738605599999,3451704.73546,14629
DOTUSDT,1738605600000,4.946,5.015,4.904,5.011,562313.9,1738609199999,2784931.2225,11843
DOTUSDT,1738609200000,5.011,5.18,5.007,5.17,903411.41,1738612799999,4603278.80306,16146
DOTUSDT,1738612800000,5.169,5.17,4.994,5.032,771092.8,1738616399999,3894388.34954,11180
DOTUSDT,1738616400000,5.032,5.198,5.031,5.186,445312.14,1738619999999,2284130.45249,7831
DOTUSDT,1738620000000,5.187,5.28,5.167,5.225,714952.28,1738623599999,3734147.67481,12318
DOTUSDT,1738623600000,5.227,5.243,5.143,5.176,293550.72,1738627199999,1523703.50137,5285
DOTUSDT,1738627200000,5.177,5.229,5.121,5.123,364707.49,1738630799999,1888667.46323,5777
DOTUSDT,1738630800000,5.124,5.183,5.121,5.163,193373.45,1738634399999,996531.33521,4028
DOTUSDT,1738634400000,5.163,5.174,5.045,5.05,240149.66,1738637999999,1225911.45518,4839
DOTUSDT,1738638000000,5.051,5.077,4.994,5.034,336587.41,1738641599999,1693831.5329,6194
DOTUSDT,1738641600000,5.033,5.061,4.933,4.945,753582.62,1738645199999,3768193.14675,10649
DOTUSDT,1738645200000,4.946,4.953,4.685,4.699,1078389.42,1738648799999,5144373.96131,20983
DOTUSDT,1738648800000,4.7,4.802,4.7,4.802,762012.04,1738652399999,3619717.07943,10041
DOTUSDT,1738652400000,4.8,4.803,4.635,4.647,525652.08,1738655999999,2479474.75993,8760
DOTUSDT,1738656000000,4.645,4.719,4.63,4.672,556245.07,1738659599999,2599908.76879,8711
DOTUSDT,1738659600000,4.671,4.734,4.668,4.678,312754.61,1738663199999,1470196.17118,5983
DOTUSDT,1738663200000,4.677,4.824,4.674,4.799,421666.49,1738666799999,2005602.38376,6725
DOTUSDT,1738666800000,4.798,4.894,4.767,4.776,1102379.45,1738670399999,5317688.23042,12462
DOTUSDT,1738670400000,4.777,4.833,4.742,4.803,1756521.29,1738673999999,8388151.84988,15853
DOTUSDT,1738674000000,4.803,4.867,4.784,4.798,427728.16,1738677599999,2068459.21653,7486
DOTUSDT,1738677600000,4.798,4.918,4.752,4.863,800045.83,1738681199999,3881184.74279,14508
DOTUSDT,1738681200000,4.862,4.888,4.724,4.798,930637.67,1738684799999,4460849.82137,16639
DOTUSDT,1738684800000,4.799,4.866,4.772,4.803,493850.97,1738688399999,2376666.43998,9435
DOTUSDT,1738688400000,4.803,4.871,4.758,4.792,496294.69,1738691999999,2386542.41479,8921
DOTUSDT,1738692000000,4.791,4.858,4.766,4.833,359762.17,1738695599999,1734011.2858,7231
DOTUSDT,1738695600000,4.833,4.946,4.748,4.749,858194.66,1738699199999,4175918.63169,13876
DOTUSDT,1738699200000,4.75,4.801,4.661,4.709,1441234.38,1738702799999,6800102.32715,21021
DOTUSDT,1738702800000,4.71,4.712,4.581,4.589,957630.56,1738706399999,4448144.49766,15990
DOTUSDT,1738706400000,4.589,4.715,4.585,4.703,581501.99,1738709999999,2700445.31056,7207
DOTUSDT,1738710000000,4.701,4.781,4.682,4.742,413273.84,1738713599999,1955248.08684,6305
DOTUSDT,1738713600000,4.743,4.754,4.698,4.724,263017.55,1738717199999,1243557.3307,4260
DOTUSDT,1738717200000,4.723,4.794,4.705,4.711,267283.08,1738720799999,1270652.76275,4241
DOTUSDT,1738720800000,4.712,4.798,4.691,4.769,340474.87,1738724399999,1617019.35174,6325
DOTUSDT,1738724400000,4.769,4.779,4.73,4.743,191122.1,1738727999999,908137.12875,3263
DOTUSDT,1738728000000,4.742,4.763,4.717,4.743,134600.69,1738731599999,638046.47242,2835
DOTUSDT,1738731600000,4.744,4.807,4.693,4.79,354347.69,1738735199999,1679642.21966,6049
DOTUSDT,1738735200000,4.789,4.789,4.713,4.724,268428.65,1738738799999,1273718.72281,4388
DOTUSDT,1738738800000,4.723,4.771,4.696,4.751,251263.99,1738742399999,1189265.25566,3661
DOTUSDT,1738742400000,4.749,4.78,4.709,4.739,194236.81,1738745999999,921258.41816,4640
DOTUSDT,1738746000000,4.738,4.773,4.698,4.725,275028.28,1738749599999,1300879.51371,4725
DOTUSDT,1738749600000,4.721,4.764,4.72,4.745,154961.22,1738753199999,735412.76094,3807
DOTUSDT,1738753200000,4.744,4.829,4.744,4.825,369442.75,1738756799999,1770654.32275,5586
DOTUSDT,1738756800000,4.825,4.863,4.772,4.783,365575.54,1738760399999,1762916.90808,7951
DOTUSDT,1738760400000,4.783,4.865,4.777,4.843,311683.5,1738763999999,1504195.90242,5823
DOTUSDT,1738764000000,4.842,4.86,4.777,4.787,287792.16,1738767599999,1388958.04494,6743
DOTUSDT,1738767600000,4.788,4.837,4.725,4.815,490575.51,1738771199999,2347545.36145,10232
DOTUSDT,1738771200000,4.814,4.83,4.69,4.745,509832.8,1738774799999,2422918.46991,11044
DOTUSDT,1738774800000,4.746,4.767,4.629,4.668,371295.87,1738778399999,1741953.49849,9544
DOTUSDT,1738778400000,4.666,4.717,4.639,4.661,310324.79,1738781999999,1452797.56372,7654
DOTUSDT,1738782000000,4.66,4.777,4.641,4.764,260417.2,1738785599999,1229955.3212,5812
DOTUSDT,1738785600000,4.765,4.79,4.671,4.718,226996.1,1738789199999,1074782.09804,5194
DOTUSDT,1738789200000,4.72,4.745,4.689,4.705,144702.82,1738792799999,683075.02905,3366
DOTUSDT,1738792800000,4.705,4.727,4.628,4.662,194764.7,1738796399999,910338.32653,3372
DOTUSDT,1738796400000,4.661,4.698,4.653,4.689,160135.36,1738799999999,749715.44124,2791
DOTUSDT,1738800000000,4.689,4.737,4.685,4.687,173162.95,1738803599999,815497.32653,3497
DOTUSDT,1738803600000,4.688,4.754,4.669,4.721,170030.05,1738807199999,801604.23797,2937
DOTUSDT,1738807200000,4.721,4.78,4.714,4.754,190933.33,1738810799999,906984.29975,3535
DOTUSDT,1738810800000,4.754,4.772,4.727,4.754,86653.3,1738814399999,411342.36351,2050
DOTUSDT,1738814400000,4.754,4.787,4.742,4.775,91237.85,1738817999999,434849.50199,2092
DOTUSDT,1738818000000,4.773,4.791,4.75,4.786,91107.9,1738821599999,434727.22105,1935
DOTUSDT,1738821600000,4.787,4.838,4.755,4.83,154722.29,1738825199999,743181.89413,3077
DOTUSDT,1738825200000,4.831,4.831,4.773,4.783,104961.08,1738828799999,503432.37262,2065
DOTUSDT,1738828800000,4.784,4.798,4.747,4.752,130504.07,1738832399999,622567.37051,2559
DOTUSDT,1738832400000,4.751,4.819,4.739,4.803,306652.36,1738835999999,1468494.00704,4902
DOTUSDT,1738836000000,4.803,4.825,4.771,4.801,190727.0,1738839599999,915465.23322,3923
DOTUSDT,1738839600000,4.8,4.807,4.717,4.756,217146.86,1738843199999,1032226.78671,4966
DOTUSDT,1738843200000,4.756,4.762,4.662,4.69,269621.96,1738846799999,1268202.77746,6249
DOTUSDT,1738846800000,4.69,4.759,4.684,4.722,456774.22,1738850399999,2154253.18843,7647
DOTUSDT,1738850400000,4.723,4.732,4.613,4.629,391837.8,1738853999999,1826269.91679,8665
DOTUSDT,1738854000000,4.628,4.653,4.493,4.532,1025229.01,1738857599999,4676326.38718,18037
DOTUSDT,1738857600000,4.533,4.58,4.504,4.523,539633.03,1738861199999,2446512.79814,10136
DOTUSDT,1738861200000,4.522,4.6,4.499,4.528,309245.29,1738864799999,1404739.77926,6297
DOTUSDT,1738864800000,4.529,4.55,4.487,4.506,538231.83,1738868399999,2433982.89404,8409
DOTUSDT,1738868400000,4.505,4.568,4.472,4.502,316589.0,1738871999999,1428970.56714,6550
DOTUSDT,1738872000000,4.501,4.594,4.493,4.581,213303.18,1738875599999,969879.81276,4650
DOTUSDT,1738875600000,4.582,4.583,4.485,4.538,198995.45,1738879199999,901873.67925,4389
DOTUSDT,1738879200000,4.538,4.539,4.471,4.528,198133.71,1738882799999,892534.98869,3330
DOTUSDT,1738882800000,4.528,4.535,4.441,4.49,261527.5,1738886399999,1169760.09601,3885
DOTUSDT,1738886400000,4.49,4.563,4.485,4.517,281891.34,1738889999999,1277179.14452,5066
DOTUSDT,1738890000000,4.518,4.628,4.515,4.593,208038.66,1738893599999,949780.44237,4360
DOTUSDT,1738893600000,4.592,4.618,4.576,4.603,181003.19,1738897199999,832375.54207,3661
DOTUSDT,1738897200000,4.603,4.614,4.551,4.583,188381.37,1738900799999,864302.67533,3019
DOTUSDT,1738900800000,4.584,4.611,4.575,4.586,141293.51,1738904399999,648867.6117,2502
DOTUSDT,1738904400000,4.586,4.615,4.58,4.614,148545.92,1738907999999,682841.50098,2302
DOTUSDT,1738908000000,4.614,4.616,4.508,4.546,247301.83,1738911599999,1126134.78952,4008
DOTUSDT,1738911600000,4.545,4.62,4.545,4.585,216312.09,1738915199999,992606.83957,4527
DOTUSDT,1738915200000,4.585,4.661,4.564,4.631,230158.58,1738918799999,1061540.08471,4202
DOTUSDT,1738918800000,4.631,4.703,4.622,4.7,194241.66,1738922399999,906774.49374,4205
DOTUSDT,1738922400000,4.7,4.719,4.676,4.678,242710.57,1738925999999,1139183.30807,4678
DOTUSDT,1738926000000,4.679,4.729,4.672,4.716,282663.03,1738929599999,1328444.36496,4999
DOTUSDT,1738929600000,4.716,4.759,4.688,4.736,643027.73,1738933199999,3032654.82674,9030
DOTUSDT,1738933200000,4.736,4.858,4.704,4.85,826764.49,1738936799999,3939395.09284,15112
DOTUSDT,1738936800000,4.848,4.938,4.835,4.92,1278086.54,1738940399999,6246514.54503,19898
DOTUSDT,1738940400000,4.919,4.919,4.768,4.833,1216979.32,1738943999999,5892338.81435,20815
DOTUSDT,1738944000000,4.834,4.838,4.743,4.752,457439.65,1738947599999,2192363.28656,10316
DOTUSDT,1738947600000,4.754,4.765,4.668,4.683,577047.09,1738951199999,2715503.12809,9617
DOTUSDT,1738951200000,4.683,4.762,4.674,4.718,225265.8,1738954799999,1064401.00708,5279
DOTUSDT,1738954800000,4.718,4.732,4.673,4.681,237826.14,1738958399999,1119497.80536,4906
DOTUSDT,1738958400000,4.682,4.685,4.507,4.519,649934.63,1738961999999,2986026.10955,11307
DOTUSDT,1738962000000,4.521,4.569,4.504,4.517,269597.49,1738965599999,1223589.61301,5975
DOTUSDT,1738965600000,4.518,4.527,4.459,4.523,430010.28,1738969199999,1932105.44289,5813
DOTUSDT,1738969200000,4.522,4.595,4.509,4.593,421942.81,1738972799999,1915004.0524,5156
DOTUSDT,1738972800000,4.594,4.653,4.562,4.63,178342.0,1738976399999,822771.85733,4582
DOTUSDT,1738976400000,4.627,4.627,4.566,4.57,156268.16,1738979999999,718527.21164,3431
DOTUSDT,1738980000000,4.57,4.612,4.555,4.596,209166.07,1738983599999,960495.1198,3481
DOTUSDT,1738983600000,4.598,4.619,4.561,4.571,184061.28,1738987199999,846040.1046,2852
DOTUSDT,1738987200000,4.572,4.574,4.538,4.545,110945.58,1738990799999,505230.65393,2660
DOTUSDT,1738990800000,4.546,4.553,4.502,4.538,135782.91,1738994399999,614638.32542,2804
DOTUSDT,1738994400000,4.539,4.614,4.526,4.577,421060.67,1738997999999,1929898.49504,6261
DOTUSDT,1738998000000,4.576,4.633,4.532,4.602,211472.02,1739001599999,968516.12122,4497
DOTUSDT,1739001600000,4.603,4.617,4.539,4.541,207591.0,1739005199999,948096.8221,4105
DOTUSDT,1739005200000,4.541,4.572,4.541,4.549,109426.6,1739008799999,498101.65382,2454
DOTUSDT,1739008800000,4.552,4.56,4.519,4.535,196675.78,1739012399999,893394.01651,3370
DOTUSDT,1739012400000,4.534,4.549,4.509,4.535,133562.9,1739015999999,604815.10519,3033
DOTUSDT,1739016000000,4.535,4.555,4.499,4.534,137633.72,1739019599999,623033.44552,3250
DOTUSDT,1739019600000,4.534,4.599,4.525,4.565,177492.23,1739023199999,810034.31093,4048
DOTUSDT,1739023200000,4.564,4.594,4.544,4.586,198233.66,1739026799999,905425.13642,4092
DOTUSDT,1739026800000,4.586,4.621,4.543,4.573,206921.49,1739030399999,947348.38435,4164
DOTUSDT,1739030400000,4.574,4.607,4.549,4.598,227882.4,1739033999999,1043443.26959,4238
DOTUSDT,1739034000000,4.599,4.656,4.599,4.648,329403.59,1739037599999,1527881.87817,5361
DOTUSDT,1739037600000,4.649,4.668,4.617,4.661,268384.85,1739041199999,1246085.57933,4685
DOTUSDT,1739041200000,4.661,4.679,4.64,4.667,131361.57,1739044799999,612066.47129,3289
DOTUSDT,1739044800000,4.666,4.702,4.648,4.692,181176.87,1739048399999,847523.32207,3575
DOTUSDT,1739048400000,4.692,4.715,4.671,4.703,111792.84,1739051999999,525057.29795,2531
DOTUSDT,1739052000000,4.703,4.733,4.693,4.728,241977.59,1739055599999,1140779.64446,3096
DOTUSDT,1739055600000,4.728,4.765,4.721,4.745,183422.51,1739059199999,869420.24407,2976
DOTUSDT,1739059200000,4.745,4.768,4.727,4.739,246559.77,1739062799999,1169823.65484,4614
DOTUSDT,1739062800000,4.74,4.789,4.723,4.766,150180.15,1739066399999,714247.58747,3134
DOTUSDT,1739066400000,4.766,4.774,4.724,4.724,127535.3,1739069999999,604782.90768,2287
DOTUSDT,1739070000000,4.725,4.845,4.714,4.831,377697.44,1739073599999,1805785.27511,5842
DOTUSDT,1739073600000,4.83,4.83,4.741,4.77,614998.79,1739077199999,2928409.40243,7316
DOTUSDT,1739077200000,4.771,4.774,4.74,4.75,99813.89,1739080799999,474722.1548,2280
DOTUSDT,1739080800000,4.751,4.768,4.713,4.767,156574.41,1739084399999,741806.9835,3008
DOTUSDT,1739084400000,4.767,4.8,4.754,4.793,142518.1,1739087999999,682181.37139,3076
DOTUSDT,1739088000000,4.794,4.81,4.78,4.795,159525.52,1739091599999,765442.15884,3047
DOTUSDT,1739091600000,4.795,4.802,4.757,4.786,164565.13,1739095199999,786673.9105,3507
DOTUSDT,1739095200000,4.785,4.878,4.773,4.856,653245.52,1739098799999,3165112.26949,8771
DOTUSDT,1739098800000,4.856,4.871,4.795,4.796,239636.59,1739102399999,1156382.10973,5172
DOTUSDT,1739102400000,4.795,4.846,4.789,4.825,195330.6,1739105999999,941509.05796,4690
DOTUSDT,1739106000000,4.826,4.837,4.696,4.716,633669.5,1739109599999,3009408.0813,10231
DOTUSDT,1739109600000,4.717,4.781,4.712,4.756,239351.06,1739113199999,1135864.16031,5466
DOTUSDT,1739113200000,4.756,4.82,4.755,4.805,191492.04,1739116799999,918335.44673,4098
DOTUSDT,1739116800000,4.805,4.851,4.787,4.826,148812.82,1739120399999,718545.23421,3399
DOTUSDT,1739120400000,4.827,4.84,4.762,4.781,181763.32,1739123999999,871189.29884,3942
DOTUSDT,1739124000000,4.781,4.791,4.753,4.777,99290.46,1739127599999,473915.566,2645
DOTUSDT,1739127600000,4.778,4.789,4.715,4.727,127655.1,1739131199999,605731.88798,3043
DOTUSDT,1739131200000,4.726,4.784,4.722,4.758,168410.03,1739134799999,802110.8021,3612
DOTUSDT,1739134800000,4.758,4.766,4.539,4.573,823268.9,1739138399999,3813247.61759,13492
DOTUSDT,1739138400000,4.572,4.729,4.511,4.687,747457.81,1739141999999,3446022.05962,12637
DOTUSDT,1739142000000,4.686,4.778,4.66,4.762,349612.09,1739145599999,1651703.5579,7473
DOTUSDT,1739145600000,4.763,4.885,4.763,4.803,460482.01,1739149199999,2223397.74052,9519
DOTUSDT,1739149200000,4.803,4.809,4.629,4.656,480390.7,1739152799999,2259447.62884,8385
DOTUSDT,1739152800000,4.657,4.686,4.608,4.651,314862.61,1739156399999,1461821.71426,6947
DOTUSDT,1739156400000,4.651,4.845,4.628,4.783,518823.07,1739159999999,2472821.21798,11553
DOTUSDT,1739160000000,4.784,4.829,4.761,4.768,219183.69,1739163599999,1051334.67902,4639
DOTUSDT,1739163600000,4.768,4.844,4.732,4.796,600635.26,1739167199999,2865818.99521,8604
DOTUSDT,1739167200000,4.798,4.809,4.77,4.808,150056.39,1739170799999,718568.81127,3180
DOTUSDT,1739170800000,4.81,4.834,4.785,4.822,254151.07,1739174399999,1222815.67003,4884
DOTUSDT,1739174400000,4.82,4.887,4.804,4.862,335474.27,1739177999999,1629680.1695,7189
DOTUSDT,1739178000000,4.862,4.886,4.815,4.833,236782.87,1739181599999,1147281.09277,5710
DOTUSDT,1739181600000,4.833,4.85,4.802,4.826,234349.91,1739185199999,1131597.66838,5215
DOTUSDT,1739185200000,4.826,4.865,4.814,4.845,335011.69,1739188799999,1621527.87125,6068
DOTUSDT,1739188800000,4.843,4.857,4.774,4.798,230994.25,1739192399999,1111767.57353,8382
DOTUSDT,1739192400000,4.798,4.918,4.793,4.897,453628.5,1739195999999,2197971.56371,8732
DOTUSDT,1739196000000,4.896,4.92,4.827,4.849,448625.74,1739199599999,2185292.23964,11898
DOTUSDT,1739199600000,4.849,4.868,4.803,4.837,347387.8,1739203199999,1679729.52399,8576
DOTUSDT,1739203200000,4.837,4.891,4.824,4.877,284911.64,1739206799999,1384608.90165,7548
DOTUSDT,1739206800000,4.877,4.907,4.846,4.895,288034.29,1739210399999,1405357.0473,6077
DOTUSDT,1739210400000,4.893,4.913,4.868,4.894,204090.82,1739213999999,998687.09837,4655
DOTUSDT,1739214000000,4.894,4.899,4.846,4.863,134536.75,1739217599999,656510.20662,3074
DOTUSDT,1739217600000,4.862,4.891,4.848,4.871,191235.34,1739221199999,931665.93174,3300
DOTUSDT,1739221200000,4.871,4.872,4.826,4.853,130364.52,1739224799999,631825.67497,2699
DOTUSDT,1739224800000,4.852,4.865,4.822,4.837,94330.7,1739228399999,456494.84998,2193
DOTUSDT,1739228400000,4.835,4.847,4.819,4.845,107037.3,1739231999999,517083.68982,2260
DOTUSDT,1739232000000,4.846,4.926,4.844,4.925,299947.33,1739235599999,1467360.72179,7555
DOTUSDT,1739235600000,4.925,4.949,4.887,4.928,266509.52,1739239199999,1311601.15902,5353
DOTUSDT,1739239200000,4.928,4.936,4.865,4.894,215263.53,1739242799999,1054016.59469,4112
DOTUSDT,1739242800000,4.893,4.992,4.863,4.986,452758.15,1739246399999,2228028.81235,6785
DOTUSDT,1739246400000,4.986,5.138,4.969,5.12,718755.47,1739249999999,3612479.20883,13464
DOTUSDT,1739250000000,5.12,5.209,5.103,5.193,844157.02,1739253599999,4366616.16938,13742
DOTUSDT,1739253600000,5.194,5.21,5.144,5.195,360781.18,1739257199999,1867648.30417,7109
DOTUSDT,1739257200000,5.195,5.195,5.133,5.141,346390.86,1739260799999,1787635.27383,6252
DOTUSDT,1739260800000,5.14,5.177,5.121,5.17,255342.52,1739264399999,1315170.17126,4904
DOTUSDT,1739264400000,5.17,5.185,5.033,5.037,584752.26,1739267999999,2968526.33286,10375
DOTUSDT,1739268000000,5.037,5.077,5.033,5.053,396025.33,1739271599999,1999602.19034,7695
DOTUSDT,1739271600000,5.052,5.094,5.042,5.093,234592.75,1739275199999,1188628.67429,5423
DOTUSDT,1739275200000,5.092,5.106,5.026,5.046,249125.05,1739278799999,1259956.02355,6006
DOTUSDT,1739278800000,5.044,5.073,4.887,4.906,664785.81,1739282399999,3306888.63177,12621
DOTUSDT,1739282400000,4.907,5.016,4.893,4.994,436458.89,1739285999999,2169660.04196,8964
DOTUSDT,1739286000000,4.995,5.037,4.961,4.976,265515.2,1739289599999,1325160.09442,6204
DOTUSDT,1739289600000,4.976,5.008,4.932,4.95,326130.25,1739293199999,1616970.35817,6494
DOTUSDT,1739293200000,4.949,4.952,4.873,4.886,419423.45,1739296799999,2060229.96998,7881
DOTUSDT,1739296800000,4.885,4.886,4.795,4.805,407145.24,1739300399999,1968762.03546,9095
DOTUSDT,1739300400000,4.807,4.83,4.749,4.766,790519.98,1739303999999,3779210.22957,9492
DOTUSDT,1739304000000,4.765,4.838,4.756,4.793,342713.25,1739307599999,1642886.89152,6573
DOTUSDT,1739307600000,4.792,4.873,4.79,4.837,387743.34,1739311199999,1870166.67421,5709
DOTUSDT,1739311200000,4.838,4.878,4.765,4.788,245049.37,1739314799999,1182757.16759,4304
DOTUSDT,1739314800000,4.789,4.83,4.779,4.809,154404.86,1739318399999,742532.66557,3241
DOTUSDT,1739318400000,4.809,4.863,4.787,4.847,329412.56,1739321999999,1586014.46417,5467
DOTUSDT,1739322000000,4.847,4.872,4.825,4.861,151850.86,1739325599999,736403.40368,3684
DOTUSDT,1739325600000,4.862,4.862,4.789,4.806,172245.77,1739329199999,831484.70641,3065
DOTUSDT,1739329200000,4.806,4.851,4.79,4.818,523114.14,1739332799999,2520712.73893,7068
DOTUSDT,1739332800000,4.817,4.838,4.778,4.806,130330.23,1739336399999,626511.17844,3509
DOTUSDT,1739336400000,4.806,4.849,4.793,4.835,100785.63,1739339999999,486821.0219,2382
DOTUSDT,1739340000000,4.835,4.847,4.794,4.803,175349.16,1739343599999,844349.97687,3031
DOTUSDT,1739343600000,4.803,4.853,4.793,4.824,216234.02,1739347199999,1041431.04387,2764
DOTUSDT,1739347200000,4.823,4.882,4.821,4.858,182651.5,1739350799999,887235.78834,3360
DOTUSDT,1739350800000,4.857,4.876,4.817,4.864,163648.57,1739354399999,792314.60249,3596
DOTUSDT,1739354400000,4.863,4.935,4.861,4.912,487768.48,1739357999999,2387742.31774,8329
DOTUSDT,1739358000000,4.911,4.998,4.907,4.956,411236.72,1739361599999,2037794.1393,7274
DOTUSDT,1739361600000,4.957,5.023,4.946,4.95,336047.74,1739365199999,1676248.84381,6541
DOTUSDT,1739365200000,4.95,5.017,4.752,4.88,2252205.1,1739368799999,10929893.52603,39090
DOTUSDT,1739368800000,4.88,4.905,4.759,4.899,967263.8,1739372399999,4691945.54599,17554
DOTUSDT,1739372400000,4.898,5.228,4.815,5.096,3482552.7,1739375999999,17538003.613,57788
DOTUSDT,1739376000000,5.096,5.179,5.013,5.151,818201.94,1739379599999,4153855.84009,17285
DOTUSDT,1739379600000,5.151,5.227,5.142,5.193,638699.62,1739383199999,3311295.02188,12395
DOTUSDT,1739383200000,5.198,5.218,5.137,5.217,388100.8,1739386799999,2012369.28873,8419
DOTUSDT,1739386800000,5.217,5.332,5.147,5.286,1019132.49,1739390399999,5357948.42651,15130
DOTUSDT,1739390400000,5.286,5.32,5.237,5.292,560077.83,1739393999999,2957012.51922,10480
DOTUSDT,1739394000000,5.293,5.297,5.214,5.217,676386.86,1739397599999,3550765.00365,10255
DOTUSDT,1739397600000,5.217,5.308,5.189,5.227,769796.37,1739401199999,4044920.30734,13282
DOTUSDT,1739401200000,5.226,5.255,5.202,5.227,264874.8,1739404799999,1384571.66054,6178
DOTUSDT,1739404800000,5.228,5.263,5.199,5.24,244197.98,1739408399999,1278408.47386,5770
DOTUSDT,1739408400000,5.239,5.277,5.214,5.261,247779.09,1739411999999,1300330.78055,5175
DOTUSDT,1739412000000,5.26,5.26,5.184,5.2,314136.25,1739415599999,1638182.01334,5898
DOTUSDT,1739415600000,5.2,5.237,5.188,5.216,159138.54,1739419199999,828244.53152,3883
DOTUSDT,1739419200000,5.215,5.22,5.125,5.133,264812.98,1739422799999,1368065.24108,5559
DOTUSDT,1739422800000,5.135,5.177,5.108,5.171,292724.05,1739426399999,1506180.00611,5182
DOTUSDT,1739426400000,5.172,5.18,5.067,5.099,287292.17,1739429999999,1468672.62126,6041
DOTUSDT,1739430000000,5.098,5.168,5.076,5.149,331687.49,1739433599999,1703138.42329,7009
DOTUSDT,1739433600000,5.148,5.162,5.093,5.125,311666.66,1739437199999,1597025.43106,6753
DOTUSDT,1739437200000,5.124,5.159,5.11,5.15,172723.67,1739440799999,887432.06787,3967
DOTUSDT,1739440800000,5.149,5.189,5.126,5.174,214095.92,1739444399999,1104447.5828,4835
DOTUSDT,1739444400000,5.174,5.196,5.118,5.157,377476.02,1739447999999,1947726.09664,7448
DOTUSDT,1739448000000,5.157,5.198,5.126,5.145,298531.54,1739451599999,1541655.22517,6140
DOTUSDT,1739451600000,5.146,5.209,5.127,5.163,520288.62,1739455199999,2689719.34733,10220
DOTUSDT,1739455200000,5.162,5.176,5.07,5.125,468523.89,1739458799999,2397631.89759,10447
DOTUSDT,1739458800000,5.124,5.195,5.088,5.163,364790.86,1739462399999,1880009.18806,8935
DOTUSDT,1739462400000,5.164,5.166,5.08,5.1,358524.08,1739465999999,1835140.9371,10084
DOTUSDT,1739466000000,5.099,5.17,5.095,5.118,201926.66,1739469599999,1037352.40532,5725
DOTUSDT,1739469600000,5.118,5.168,5.09,5.167,243308.1,1739473199999,1247993.69959,6123
DOTUSDT,1739473200000,5.167,5.197,5.112,5.137,237812.57,1739476799999,1228607.42865,4106
DOTUSDT,1739476800000,5.137,5.182,5.134,5.149,119471.28,1739480399999,615520.09592,2731
DOTUSDT,1739480400000,5.15,5.193,5.147,5.164,118431.71,1739483999999,612538.7051,2609
DOTUSDT,1739484000000,5.164,5.171,5.115,5.123,151260.09,1739487599999,778235.4404,2804
DOTUSDT,1739487600000,5.125,5.136,5.11,5.131,78090.8,1739491199999,400218.61935,2053
DOTUSDT,1739491200000,5.132,5.143,5.1,5.136,131428.09,1739494799999,673043.65039,2413
DOTUSDT,1739494800000,5.137,5.148,5.105,5.135,170494.71,1739498399999,872893.40105,1879
DOTUSDT,1739498400000,5.135,5.192,5.128,5.158,211454.77,1739501999999,1092318.57404,3197
DOTUSDT,1739502000000,5.158,5.246,5.158,5.231,124718.92,1739505599999,649108.52643,2952
DOTUSDT,1739505600000,5.232,5.236,5.179,5.208,250537.87,1739509199999,1301679.72114,3356
DOTUSDT,1739509200000,5.208,5.246,5.19,5.193,521916.34,1739512799999,2727072.17759,6209
DOTUSDT,1739512800000,5.193,5.197,5.136,5.163,161233.51,1739516399999,832676.81766,3244
DOTUSDT,1739516400000,5.163,5.193,5.153,5.175,135983.62,1739519999999,703663.70362,2665
DOTUSDT,1739520000000,5.176,5.27,5.175,5.222,415030.4,1739523599999,2164226.79646,5668
DOTUSDT,1739523600000,5.221,5.285,5.218,5.274,365591.12,1739527199999,1921708.86571,7328
DOTUSDT,1739527200000,5.273,5.295,5.23,5.237,245589.84,1739530799999,1294229.54055,5664
DOTUSDT,1739530800000,5.236,5.277,5.194,5.226,257218.48,1739534399999,1346411.7808,5887
DOTUSDT,1739534400000,5.226,5.226,5.175,5.198,220619.32,1739537999999,1145864.21845,5475
DOTUSDT,1739538000000,5.198,5.253,5.185,5.238,299802.4,1739541599999,1564625.74273,5934
DOTUSDT,1739541600000,5.239,5.278,5.196,5.245,276938.1,1739545199999,1450864.86847,5835
DOTUSDT,1739545200000,5.245,5.25,5.16,5.227,435069.28,1739548799999,2258547.08218,9212
DOTUSDT,1739548800000,5.228,5.246,5.189,5.244,308839.93,1739552399999,1610356.16704,6986
DOTUSDT,1739552400000,5.243,5.348,5.207,5.327,467376.36,1739555999999,2471068.48791,8626
DOTUSDT,1739556000000,5.327,5.378,5.261,5.271,562326.67,1739559599999,2987285.67569,10928
DOTUSDT,1739559600000,5.272,5.32,5.253,5.289,342352.3,1739563199999,1810975.56789,6115
DOTUSDT,1739563200000,5.289,5.31,5.205,5.221,155834.02,1739566799999,820000.16148,4231
DOTUSDT,1739566800000,5.221,5.264,5.184,5.228,151406.97,1739570399999,790977.77014,4214
DOTUSDT,1739570400000,5.228,5.25,5.128,5.163,189306.94,1739573999999,981587.76067,4147
DOTUSDT,1739574000000,5.163,5.198,5.144,5.17,190655.29,1739577599999,987215.33176,3668
DOTUSDT,1739577600000,5.17,5.177,5.115,5.146,196078.7,1739581199999,1008290.35134,4383
DOTUSDT,1739581200000,5.145,5.205,5.144,5.202,111916.86,1739584799999,579539.48375,2661
DOTUSDT,1739584800000,5.201,5.22,5.18,5.216,106946.9,1739588399999,556009.63497,2924
DOTUSDT,1739588400000,5.217,5.219,5.18,5.187,100406.4,1739591999999,521456.00469,2454
DOTUSDT,1739592000000,5.188,5.207,5.161,5.173,112229.6,1739595599999,581661.47185,2241
DOTUSDT,1739595600000,5.173,5.183,5.151,5.157,54327.1,1739599199999,280634.94166,2054
DOTUSDT,1739599200000,5.157,5.164,5.115,5.128,169591.45,1739602799999,871153.65232,2807
DOTUSDT,1739602800000,5.128,5.135,5.094,5.103,276180.51,1739606399999,1411584.16716,3761
DOTUSDT,1739606400000,5.103,5.128,5.043,5.049,516363.36,1739609999999,2624521.64995,6366
DOTUSDT,1739610000000,5.049,5.08,5.033,5.055,199543.09,1739613599999,1009471.44494,3949
DOTUSDT,1739613600000,5.055,5.078,5.041,5.058,127556.89,1739617199999,645517.21152,3187
DOTUSDT,1739617200000,5.058,5.091,5.036,5.062,146685.88,1739620799999,741946.61378,3292
DOTUSDT,1739620800000,5.062,5.099,5.055,5.092,246367.13,1739624399999,1251922.90019,4939
DOTUSDT,1739624400000,5.092,5.119,5.078,5.099,141680.09,1739627999999,722768.23742,3385
DOTUSDT,1739628000000,5.099,5.099,5.0,5.035,334253.9,1739631599999,1683394.22635,6374
DOTUSDT,1739631600000,5.036,5.061,5.023,5.049,182299.68,1739635199999,919849.29556,3455
DOTUSDT,1739635200000,5.05,5.081,5.038,5.049,102072.12,1739638799999,516625.73193,3177
DOTUSDT,1739638800000,5.049,5.056,5.013,5.036,113718.08,1739642399999,572019.42839,2753
DOTUSDT,1739642400000,5.037,5.12,5.033,5.112,250122.39,1739645999999,1275129.00656,3872
DOTUSDT,1739646000000,5.112,5.126,5.056,5.06,255004.47,1739649599999,1302235.21621,4183
DOTUSDT,1739649600000,5.06,5.069,5.011,5.036,99669.81,1739653199999,501978.29573,2267
DOTUSDT,1739653200000,5.036,5.052,5.028,5.034,82001.02,1739656799999,413341.64375,1687
DOTUSDT,1739656800000,5.033,5.042,4.976,5.018,192199.05,1739660399999,961607.51924,3184
DOTUSDT,1739660400000,5.019,5.037,5.003,5.022,71118.82,1739663999999,356976.24512,1690
DOTUSDT,1739664000000,5.022,5.047,5.005,5.013,86153.95,1739667599999,432681.25789,1797
DOTUSDT,1739667600000,5.013,5.014,4.973,5.003,100393.72,1739671199999,501078.22246,2440
DOTUSDT,1739671200000,5.003,5.007,4.952,4.968,127958.96,1739674799999,636353.29173,3232
DOTUSDT,1739674800000,4.968,4.976,4.943,4.976,107151.11,1739678399999,531316.61949,2715
DOTUSDT,1739678400000,4.977,4.994,4.968,4.986,98563.99,1739681999999,490618.39962,2268
DOTUSDT,1739682000000,4.986,5.009,4.956,4.996,74509.08,1739685599999,371258.45222,1963
DOTUSDT,1739685600000,4.995,5.016,4.984,4.992,117860.27,1739689199999,589360.90303,2211
DOTUSDT,1739689200000,4.992,4.992,4.886,4.909,314225.47,1739692799999,1546429.23194,5638
DOTUSDT,1739692800000,4.91,4.943,4.898,4.925,193554.08,1739696399999,953233.58053,3677
DOTUSDT,1739696400000,4.925,4.973,4.906,4.965,164023.83,1739699999999,810403.02987,3490
DOTUSDT,1739700000000,4.966,4.994,4.96,4.973,98422.4,1739703599999,490104.04988,2171
DOTUSDT,1739703600000,4.972,5.021,4.964,5.014,125784.19,1739707199999,628233.79364,3870
DOTUSDT,1739707200000,5.014,5.027,4.981,4.988,88199.72,1739710799999,441111.51307,2401
DOTUSDT,1739710800000,4.987,4.99,4.9,4.912,220343.27,1739714399999,1089321.26559,4174
DOTUSDT,1739714400000,4.911,4.963,4.879,4.946,241162.21,1739717999999,1185569.02577,4827
DOTUSDT,1739718000000,4.947,4.963,4.931,4.944,131228.7,1739721599999,649616.21374,2516
DOTUSDT,1739721600000,4.943,4.96,4.913,4.933,107361.25,1739725199999,530018.2888,2214
DOTUSDT,1739725200000,4.934,4.946,4.901,4.906,116562.66,1739728799999,573747.51599,2220
DOTUSDT,1739728800000,4.906,4.906,4.826,4.877,537282.81,1739732399999,2607015.3405,7987
DOTUSDT,1739732400000,4.877,4.899,4.855,4.896,140777.59,1739735999999,687468.58418,3073
DOTUSDT,1739736000000,4.894,4.918,4.877,4.88,113497.88,1739739599999,555469.34623,2873
DOTUSDT,1739739600000,4.881,4.929,4.857,4.918,124682.82,1739743199999,609617.37546,2857
DOTUSDT,1739743200000,4.917,4.917,4.868,4.9,101789.63,1739746799999,497882.42155,1896
DOTUSDT,1739746800000,4.901,4.908,4.858,4.88,129834.26,1739750399999,633735.42843,2951
DOTUSDT,1739750400000,4.88,4.932,4.877,4.919,125125.3,1739753999999,614612.11911,2762
DOTUSDT,1739754000000,4.92,4.954,4.904,4.941,110781.73,1739757599999,546618.0106,2395
DOTUSDT,1739757600000,4.942,4.954,4.901,4.904,80839.95,1739761199999,398466.56996,1885
DOTUSDT,1739761200000,4.903,4.906,4.877,4.896,87370.87,1739764799999,427572.96625,2043
DOTUSDT,1739764800000,4.895,4.895,4.846,4.852,288316.7,1739768399999,1402353.94418,4104
DOTUSDT,1739768400000,4.851,4.879,4.79,4.848,438601.41,1739771999999,2115908.57741,8218
DOTUSDT,1739772000000,4.848,4.889,4.834,4.887,297533.57,1739775599999,1447481.98363,5134
DOTUSDT,1739775600000,4.887,4.933,4.848,4.875,489970.58,1739779199999,2403106.25892,7594
DOTUSDT,1739779200000,4.875,4.929,4.858,4.912,239607.09,1739782799999,1170659.37851,3872
DOTUSDT,1739782800000,4.912,4.955,4.903,4.939,247149.04,1739786399999,1218732.46199,3698
DOTUSDT,1739786400000,4.94,4.986,4.933,4.939,294323.0,1739789999999,1459534.15284,4511
DOTUSDT,1739790000000,4.941,4.978,4.926,4.953,119222.08,1739793599999,590002.39571,2739
DOTUSDT,1739793600000,4.952,5.002,4.95,4.993,171915.44,1739797199999,856419.87619,3167
DOTUSDT,1739797200000,4.993,5.017,4.973,5.009,195871.79,1739800799999,979256.68265,3278
DOTUSDT,1739800800000,5.009,5.07,5.002,5.025,359748.06,1739804399999,1811598.25309,6418
DOTUSDT,1739804400000,5.026,5.044,4.891,4.903,446194.31,1739807999999,2213832.7553,7675
DOTUSDT,1739808000000,4.903,4.945,4.838,4.855,369064.16,1739811599999,1803746.14622,8237
DOTUSDT,1739811600000,4.854,4.905,4.853,4.869,158593.06,1739815199999,773918.10734,4164
DOTUSDT,1739815200000,4.869,4.887,4.813,4.818,256001.05,1739818799999,1239719.63553,5870
DOTUSDT,1739818800000,4.817,4.878,4.776,4.863,341502.83,1739822399999,1646696.89502,6094
DOTUSDT,1739822400000,4.862,4.906,4.856,4.891,183727.95,1739825999999,896708.91507,3779
DOTUSDT,1739826000000,4.889,4.933,4.875,4.931,369301.1,1739829599999,1808497.29727,5302
DOTUSDT,1739829600000,4.931,4.933,4.867,4.872,322767.96,1739833199999,1582643.36995,3674
DOTUSDT,1739833200000,4.872,4.906,4.872,4.89,69459.06,1739836799999,339577.08769,1821
DOTUSDT,1739836800000,4.89,4.909,4.841,4.855,132878.98,1739840399999,646827.67405,2839
DOTUSDT,1739840400000,4.853,4.908,4.843,4.901,103054.83,1739843999999,502592.65764,2224
DOTUSDT,1739844000000,4.901,4.914,4.876,4.886,104893.91,1739847599999,513045.52951,1805
DOTUSDT,1739847600000,4.887,4.908,4.873,4.906,102525.75,1739851199999,501987.59601,1796
DOTUSDT,1739851200000,4.904,4.918,4.855,4.87,73542.92,1739854799999,359013.48384,1799
DOTUSDT,1739854800000,4.871,4.881,4.773,4.787,225830.43,1739858399999,1087151.30984,4478
DOTUSDT,1739858400000,4.787,4.792,4.678,4.697,589874.22,1739861999999,2786066.21963,12138
DOTUSDT,1739862000000,4.696,4.742,4.682,4.715,312953.3,1739865599999,1475619.24063,5325
DOTUSDT,1739865600000,4.715,4.749,4.673,4.689,316707.85,1739869199999,1491113.45479,5058
DOTUSDT,1739869200000,4.688,4.786,4.672,4.786,290004.82,1739872799999,1373232.44495,6021
DOTUSDT,1739872800000,4.784,4.808,4.764,4.772,211218.82,1739876399999,1010723.40215,4084
DOTUSDT,1739876400000,4.772,4.798,4.745,4.769,1215610.97,1739879999999,5803249.59394,15520
DOTUSDT,1739880000000,4.769,4.819,4.755,4.812,484097.05,1739883599999,2313841.31507,7983
DOTUSDT,1739883600000,4.811,4.823,4.768,4.789,333305.35,1739887199999,1595782.23735,5189
DOTUSDT,1739887200000,4.789,4.836,4.695,4.735,350737.45,1739890799999,1672356.33149,7778
DOTUSDT,1739890800000,4.736,4.748,4.619,4.658,435905.88,1739894399999,2040318.76408,9885
DOTUSDT,1739894400000,4.658,4.69,4.574,4.594,565320.36,1739897999999,2612774.64573,11953
DOTUSDT,1739898000000,4.595,4.64,4.56,4.628,448341.13,1739901599999,2065118.94326,9349
DOTUSDT,1739901600000,4.628,4.701,4.61,4.663,354959.92,1739905199999,1654775.02788,7985
DOTUSDT,1739905200000,4.663,4.698,4.634,4.673,176003.53,1739908799999,820178.39836,4973
DOTUSDT,1739908800000,4.674,4.699,4.652,4.679,152471.71,1739912399999,713262.02074,3951
DOTUSDT,1739912400000,4.678,4.743,4.674,4.719,280486.55,1739915999999,1322091.44969,5772
DOTUSDT,1739916000000,4.72,4.768,4.709,4.736,106475.07,1739919599999,504680.51951,2504
DOTUSDT,1739919600000,4.736,4.771,4.718,4.769,112643.47,1739923199999,535531.46,2323
DOTUSDT,1739923200000,4.77,4.787,4.732,4.738,207200.61,1739926799999,987353.41578,3372
DOTUSDT,1739926800000,4.738,4.746,4.705,4.743,124476.02,1739930399999,588315.71611,3164
DOTUSDT,1739930400000,4.743,4.796,4.743,4.784,168382.2,1739933999999,803939.03648,3646
DOTUSDT,1739934000000,4.784,4.788,4.747,4.78,167577.67,1739937599999,798725.59046,2876
DOTUSDT,1739937600000,4.779,4.789,4.705,4.705,101590.25,1739941199999,481811.67559,2694
DOTUSDT,1739941200000,4.706,4.751,4.699,4.743,103376.19,1739944799999,488252.21938,2784
DOTUSDT,1739944800000,4.743,4.795,4.736,4.783,175364.32,1739948399999,836029.35309,3796
DOTUSDT,1739948400000,4.783,4.827,4.772,4.796,238143.98,1739951999999,1143286.24094,4511
DOTUSDT,1739952000000,4.795,4.808,4.767,4.769,159495.22,1739955599999,763540.44767,3567
DOTUSDT,1739955600000,4.768,4.804,4.759,4.792,151128.03,1739959199999,722746.18532,3654
DOTUSDT,1739959200000,4.793,4.819,4.783,4.797,159765.53,1739962799999,766767.12287,3447
DOTUSDT,1739962800000,4.796,4.848,4.785,4.838,312408.27,1739966399999,1505090.7535,5726
DOTUSDT,1739966400000,4.839,4.882,4.813,4.84,521658.3,1739969999999,2533552.05798,7900
DOTUSDT,1739970000000,4.84,4.89,4.835,4.863,227382.48,1739973599999,1105955.33718,4825
DOTUSDT,1739973600000,4.864,4.894,4.797,4.802,305219.21,1739977199999,1482428.03556,7726
DOTUSDT,1739977200000,4.801,4.855,4.786,4.825,283584.81,1739980799999,1367349.7601,7362
DOTUSDT,1739980800000,4.825,4.888,4.809,4.873,312782.24,1739984399999,1518015.57013,6552
DOTUSDT,1739984400000,4.873,4.89,4.84,4.871,171665.08,1739987999999,836091.83955,3946
DOTUSDT,1739988000000,4.871,4.876,4.839,4.839,121975.42,1739991599999,592439.90382,2955
DOTUSDT,1739991600000,4.84,4.88,4.817,4.869,130119.63,1739995199999,631585.04216,3485
DOTUSDT,1739995200000,4.867,4.893,4.858,4.872,104858.93,1739998799999,511408.95294,2834
DOTUSDT,1739998800000,4.873,4.888,4.823,4.84,130288.06,1740002399999,634003.46772,2605
DOTUSDT,1740002400000,4.839,4.886,4.824,4.873,150956.56,1740005999999,732946.6424,2465
DOTUSDT,1740006000000,4.873,4.908,4.873,4.886,129238.51,1740009599999,631672.408,2768
DOTUSDT,1740009600000,4.886,4.958,4.881,4.952,255940.76,1740013199999,1257826.23837,5040
DOTUSDT,1740013200000,4.951,4.991,4.888,4.918,546217.9,1740016799999,2689790.17948,8164
DOTUSDT,1740016800000,4.919,4.997,4.915,4.98,294956.73,1740020399999,1462507.24445,5623
DOTUSDT,1740020400000,4.98,5.002,4.963,4.978,191259.94,1740023999999,952697.35103,3574
DOTUSDT,1740024000000,4.978,5.021,4.977,5.0,294515.17,1740027599999,1474074.52817,4237
DOTUSDT,1740027600000,5.001,5.041,4.982,4.992,372555.03,1740031199999,1867918.0755,5330
DOTUSDT,1740031200000,4.992,4.995,4.956,4.965,268907.5,1740034799999,1336785.19835,3801
DOTUSDT,1740034800000,4.966,4.975,4.939,4.939,128964.8,1740038399999,638980.75452,2808
DOTUSDT,1740038400000,4.939,4.978,4.928,4.97,184929.12,1740041999999,916292.54133,3422
DOTUSDT,1740042000000,4.97,4.987,4.959,4.965,118373.42,1740045599999,588436.42248,2557
DOTUSDT,1740045600000,4.966,4.99,4.953,4.988,217377.57,1740049199999,1080916.55317,3298
DOTUSDT,1740049200000,4.989,4.994,4.956,4.965,171130.62,1740052799999,851632.48194,3115
DOTUSDT,1740052800000,4.965,4.978,4.952,4.96,150846.39,1740056399999,748838.41459,3061
DOTUSDT,1740056400000,4.96,4.987,4.935,4.978,270109.47,1740059999999,1339677.74283,6026
DOTUSDT,1740060000000,4.978,5.036,4.952,4.955,659364.19,1740063599999,3290810.46193,11353
DOTUSDT,1740063600000,4.956,4.978,4.919,4.928,356504.49,1740067199999,1764611.44925,7996
DOTUSDT,1740067200000,4.928,5.02,4.92,4.99,303737.2,1740070799999,1512873.28637,6893
DOTUSDT,1740070800000,4.99,5.016,4.986,5.015,233092.61,1740074399999,1165451.5364,4556
DOTUSDT,1740074400000,5.013,5.066,5.011,5.024,314501.1,1740077999999,1583349.45299,7405
DOTUSDT,1740078000000,5.023,5.053,5.015,5.044,188310.85,1740081599999,948278.39943,3796
DOTUSDT,1740081600000,5.044,5.062,5.025,5.037,227432.77,1740085199999,1146289.5386,4342
DOTUSDT,1740085200000,5.037,5.057,5.017,5.029,182292.3,1740088799999,918355.88897,3760
DOTUSDT,1740088800000,5.03,5.058,5.013,5.045,114554.17,1740092399999,576586.93975,2243
DOTUSDT,1740092400000,5.044,5.069,5.035,5.047,155140.38,1740095999999,783556.60448,2687
DOTUSDT,1740096000000,5.047,5.064,5.024,5.042,163978.72,1740099599999,827729.74149,2978
DOTUSDT,1740099600000,5.043,5.055,5.028,5.044,129425.16,1740103199999,652491.71853,2823
DOTUSDT,1740103200000,5.043,5.055,5.027,5.033,118850.82,1740106799999,598899.8472,2456
DOTUSDT,1740106800000,5.032,5.062,5.025,5.029,115850.33,1740110399999,584264.58481,2456
DOTUSDT,1740110400000,5.03,5.086,5.028,5.084,247169.87,1740113999999,1251519.3086,3557
DOTUSDT,1740114000000,5.084,5.096,5.042,5.052,189360.07,1740117599999,958322.44901,3756
DOTUSDT,1740117600000,5.053,5.087,5.051,5.079,177361.74,1740121199999,898919.26608,2846
DOTUSDT,1740121200000,5.079,5.079,5.037,5.04,208768.47,1740124799999,1055455.78349,3485
DOTUSDT,1740124800000,5.041,5.097,5.034,5.08,151498.27,1740128399999,767041.25546,3216
DOTUSDT,1740128400000,5.081,5.154,5.08,5.109,537377.51,1740131999999,2750077.31666,8759
DOTUSDT,1740132000000,5.109,5.155,5.096,5.147,268671.88,1740135599999,1378521.43328,5117
DOTUSDT,1740135600000,5.147,5.183,5.133,5.159,419324.18,1740139199999,2164715.32533,5866
DOTUSDT,1740139200000,5.158,5.212,5.157,5.212,310569.22,1740142799999,1611591.53835,5941
DOTUSDT,1740142800000,5.212,5.339,5.202,5.321,1104274.21,1740146399999,5834399.08979,16343
DOTUSDT,1740146400000,5.32,5.331,5.235,5.304,973677.14,1740149999999,5153308.01102,15666
DOTUSDT,1740150000000,5.303,5.328,5.096,5.206,1620720.83,1740153599999,8441863.75321,28094
DOTUSDT,1740153600000,5.207,5.27,5.187,5.254,742263.52,1740157199999,3881367.00124,16091
DOTUSDT,1740157200000,5.253,5.299,5.134,5.144,1253927.7,1740160799999,6553865.29874,20531
DOTUSDT,1740160800000,5.144,5.176,5.121,5.122,738028.61,1740164399999,3797218.03516,12647
DOTUSDT,1740164400000,5.122,5.129,4.952,4.985,780511.48,1740167999999,3925858.37584,14824
DOTUSDT,1740168000000,4.983,5.072,4.972,5.036,378758.91,1740171599999,1905098.03327,8461
DOTUSDT,1740171600000,5.036,5.062,4.985,5.031,273547.44,1740175199999,1373908.64894,6017
DOTUSDT,1740175200000,5.031,5.12,5.025,5.091,334105.44,1740178799999,1694271.9195,5436
DOTUSDT,1740178800000,5.09,5.09,5.04,5.061,214193.54,1740182399999,1083938.26561,3895
DOTUSDT,1740182400000,5.062,5.216,5.044,5.191,659879.34,1740185999999,3381638.25183,10214
DOTUSDT,1740186000000,5.191,5.211,5.155,5.165,222567.29,1740189599999,1152594.48466,5108
DOTUSDT,1740189600000,5.165,5.167,5.116,5.131,187699.74,1740193199999,964831.62458,4044
DOTUSDT,1740193200000,5.131,5.152,5.106,5.139,239909.12,1740196799999,1230177.9439,3840
DOTUSDT,1740196800000,5.139,5.19,5.13,5.181,181928.84,1740200399999,939756.02932,3843
DOTUSDT,1740200400000,5.181,5.2,5.162,5.166,147562.04,1740203999999,764474.90842,3570
DOTUSDT,1740204000000,5.166,5.173,5.077,5.11,389857.69,1740207599999,1989537.06987,5545
DOTUSDT,1740207600000,5.11,5.133,5.092,5.094,167020.34,1740211199999,854707.26224,3235
DOTUSDT,1740211200000,5.094,5.102,5.074,5.09,159738.82,1740214799999,812727.14845,3169
DOTUSDT,1740214800000,5.09,5.127,5.088,5.105,182205.41,1740218399999,930264.14685,3425
DOTUSDT,1740218400000,5.105,5.125,5.091,5.092,125329.81,1740221999999,640286.50996,3473
DOTUSDT,1740222000000,5.092,5.111,5.088,5.094,79424.43,1740225599999,404886.7973,1876
DOTUSDT,1740225600000,5.094,5.111,5.068,5.108,276781.0,1740229199999,1408526.9781,3670
DOTUSDT,1740229200000,5.109,5.137,5.083,5.083,434056.97,1740232799999,2216790.23093,7070
DOTUSDT,1740232800000,5.084,5.092,5.041,5.044,176767.45,1740236399999,895044.09174,3761
DOTUSDT,1740236400000,5.044,5.077,5.025,5.069,828983.85,1740239999999,4188992.9606,9163
DOTUSDT,1740240000000,5.069,5.11,5.069,5.088,366185.13,1740243599999,1864609.91625,5340
DOTUSDT,1740243600000,5.087,5.144,5.081,5.137,271052.11,1740247199999,1384946.28896,4654
DOTUSDT,1740247200000,5.136,5.143,5.101,5.112,118301.99,1740250799999,606131.18273,2813
DOTUSDT,1740250800000,5.113,5.116,5.09,5.094,178131.13,1740254399999,908633.59372,2856
DOTUSDT,1740254400000,5.094,5.095,5.054,5.062,176509.43,1740257999999,894744.86292,2905
DOTUSDT,1740258000000,5.061,5.075,5.054,5.068,94832.51,1740261599999,480363.39003,2066
DOTUSDT,1740261600000,5.069,5.069,5.047,5.054,81281.87,1740265199999,411230.37052,1681
DOTUSDT,1740265200000,5.053,5.06,5.034,5.043,96030.05,1740268799999,484536.41621,2151
DOTUSDT,1740268800000,5.043,5.096,5.033,5.096,108332.35,1740272399999,548114.89878,2748
DOTUSDT,1740272400000,5.097,5.135,5.054,5.074,484565.82,1740275999999,2472523.64475,6456
DOTUSDT,1740276000000,5.073,5.083,5.043,5.045,69128.38,1740279599999,349769.40445,1927
DOTUSDT,1740279600000,5.045,5.077,5.033,5.062,105882.27,1740283199999,535632.41753,2368
DOTUSDT,1740283200000,5.063,5.064,5.034,5.037,125872.23,1740286799999,634802.72622,2225
DOTUSDT,1740286800000,5.038,5.061,5.032,5.045,82667.36,1740290399999,417128.32455,1913
DOTUSDT,1740290400000,5.046,5.063,5.04,5.052,66607.91,1740293999999,336336.09121,1796
DOTUSDT,1740294000000,5.052,5.113,5.049,5.104,195352.13,1740297599999,994693.5999,3367
DOTUSDT,1740297600000,5.104,5.12,5.081,5.093,192061.91,1740301199999,980080.7506,3059
DOTUSDT,1740301200000,5.093,5.095,5.056,5.072,139885.95,1740304799999,709933.64032,2754
DOTUSDT,1740304800000,5.072,5.075,5.034,5.046,138814.55,1740308399999,700578.50418,2733
DOTUSDT,1740308400000,5.047,5.058,5.011,5.011,116190.75,1740311999999,584321.03333,2846
DOTUSDT,1740312000000,5.011,5.028,4.982,4.997,333312.8,1740315599999,1665640.20537,4850
DOTUSDT,1740315600000,4.996,5.036,4.996,5.023,146052.18,1740319199999,733019.55049,3349
DOTUSDT,1740319200000,5.023,5.031,4.987,4.995,140617.41,1740322799999,703788.70467,3636
DOTUSDT,1740322800000,4.994,5.024,4.946,4.953,266929.86,1740326399999,1329355.93044,5094
DOTUSDT,1740326400000,4.953,4.981,4.95,4.955,87896.17,1740329999999,436596.43017,3106
DOTUSDT,1740330000000,4.956,4.994,4.956,4.972,86387.34,1740333599999,429737.06545,2203
DOTUSDT,1740333600000,4.972,4.975,4.928,4.941,132466.48,1740337199999,655947.85089,3278
DOTUSDT,1740337200000,4.94,4.952,4.934,4.938,80004.55,1740340799999,395456.71303,1901
DOTUSDT,1740340800000,4.939,4.949,4.921,4.946,104579.87,1740344399999,516120.09839,2727
DOTUSDT,1740344400000,4.946,4.946,4.915,4.933,173704.76,1740347999999,855386.38769,2496
DOTUSDT,1740348000000,4.933,4.937,4.905,4.922,97029.64,1740351599999,477416.07183,2295
DOTUSDT,1740351600000,4.922,4.979,4.922,4.953,205199.34,1740355199999,1016992.2155,4580
DOTUSDT,1740355200000,4.953,4.981,4.926,4.934,209937.52,1740358799999,1040955.11735,3902
DOTUSDT,1740358800000,4.934,4.941,4.868,4.882,205065.76,1740362399999,1004159.76593,4816
DOTUSDT,1740362400000,4.882,4.9,4.851,4.863,127926.15,1740365999999,623903.17082,3684
DOTUSDT,1740366000000,4.863,4.863,4.786,4.795,384619.92,1740369599999,1854495.89038,8018
DOTUSDT,1740369600000,4.796,4.798,4.741,4.778,358458.23,1740373199999,1710705.60167,7565
DOTUSDT,1740373200000,4.777,4.826,4.762,4.818,169479.42,1740376799999,813978.68933,3815
DOTUSDT,1740376800000,4.817,4.828,4.795,4.818,136024.64,1740380399999,654423.517,2731
DOTUSDT,1740380400000,4.817,4.833,4.788,4.799,101096.05,1740383999999,485836.70014,2756
DOTUSDT,1740384000000,4.799,4.801,4.711,4.714,454008.66,1740387599999,2152629.44288,8651
DOTUSDT,1740387600000,4.715,4.789,4.707,4.753,279621.09,1740391199999,1329606.2523,6504
DOTUSDT,1740391200000,4.753,4.76,4.66,4.71,657154.04,1740394799999,3083244.5625,10779
DOTUSDT,1740394800000,4.71,4.741,4.684,4.732,245464.41,1740398399999,1157859.66749,5508
DOTUSDT,1740398400000,4.732,4.736,4.702,4.717,236418.76,1740401999999,1114960.60713,6171
DOTUSDT,1740402000000,4.717,4.762,4.688,4.714,362588.29,1740405599999,1715241.14726,7236
DOTUSDT,1740405600000,4.715,4.736,4.644,4.656,511355.19,1740409199999,2398156.26695,9382
DOTUSDT,1740409200000,4.657,4.695,4.605,4.668,832965.6,1740412799999,3870574.9835,14423
DOTUSDT,1740412800000,4.669,4.695,4.646,4.653,252634.05,1740416399999,1179607.78108,5140
DOTUSDT,1740416400000,4.652,4.711,4.645,4.683,224276.32,1740419999999,1050611.8074,4292
DOTUSDT,1740420000000,4.682,4.702,4.644,4.646,149452.96,1740423599999,698412.27365,3247
DOTUSDT,1740423600000,4.645,4.673,4.579,4.618,420569.57,1740427199999,1943370.00132,7374
DOTUSDT,1740427200000,4.62,4.678,4.604,4.633,185073.63,1740430799999,860971.80867,4551
DOTUSDT,1740430800000,4.633,4.657,4.595,4.595,197622.8,1740434399999,913554.10608,4182
DOTUSDT,1740434400000,4.594,4.597,4.336,4.397,2547590.48,1740437999999,11413453.00921,36595
DOTUSDT,1740438000000,4.396,4.489,4.388,4.416,613175.85,1740441599999,2719754.08863,9964
DOTUSDT,1740441600000,4.416,4.451,4.301,4.372,909667.98,1740445199999,3981169.7437,16302
DOTUSDT,1740445200000,4.372,4.426,4.309,4.37,674054.88,1740448799999,2950017.64196,11468
DOTUSDT,1740448800000,4.372,4.457,4.323,4.444,458828.65,1740452399999,2016043.89169,8188
DOTUSDT,1740452400000,4.445,4.465,4.381,4.393,278847.16,1740455999999,1231954.84128,6647
DOTUSDT,1740456000000,4.395,4.408,4.324,4.356,599417.54,1740459599999,2616399.99068,10274
DOTUSDT,1740459600000,4.356,4.426,4.332,4.411,362513.61,1740463199999,1592004.90193,7231
DOTUSDT,1740463200000,4.41,4.42,4.33,4.333,370432.94,1740466799999,1618569.6542,6515
DOTUSDT,1740466800000,4.333,4.344,4.138,4.263,3271818.39,1740470399999,13821161.65565,47333
DOTUSDT,1740470400000,4.263,4.354,4.244,4.314,707072.44,1740473999999,3052147.31068,11532
DOTUSDT,1740474000000,4.315,4.331,4.233,4.252,797188.06,1740477599999,3401334.10054,10449
DOTUSDT,1740477600000,4.253,4.338,4.187,4.302,1093927.04,1740481199999,4651363.30634,16337
DOTUSDT,1740481200000,4.301,4.412,4.235,4.407,812308.16,1740484799999,3505383.16768,12625
DOTUSDT,1740484800000,4.408,4.517,4.368,4.439,2243611.41,1740488399999,9948144.61902,24526
DOTUSDT,1740488400000,4.438,4.467,4.408,4.432,458017.81,1740491999999,2030964.59974,7393
DOTUSDT,1740492000000,4.432,4.47,4.334,4.358,674008.04,1740495599999,2960076.13149,11487
DOTUSDT,1740495600000,4.358,4.465,4.327,4.429,840805.33,1740499199999,3683923.7884,16432
DOTUSDT,1740499200000,4.43,4.5,4.371,4.467,745133.46,1740502799999,3296607.65433,11173
DOTUSDT,1740502800000,4.467,4.536,4.444,4.523,624149.79,1740506399999,2802821.27287,8644
DOTUSDT,1740506400000,4.524,4.559,4.482,4.505,473735.52,1740509999999,2141517.19855,7424
DOTUSDT,1740510000000,4.505,4.638,4.494,4.636,439971.33,1740513599999,2009028.06765,7552
DOTUSDT,1740513600000,4.635,4.758,4.61,4.713,1017659.76,1740517199999,4775915.75505,13750
DOTUSDT,1740517200000,4.711,4.722,4.653,4.718,379456.34,1740520799999,1778730.31972,5979
DOTUSDT,1740520800000,4.718,4.736,4.663,4.699,351449.22,1740524399999,1652387.94536,4237
DOTUSDT,1740524400000,4.7,4.711,4.612,4.64,589971.31,1740527999999,2744349.62093,7486
DOTUSDT,1740528000000,4.64,4.65,4.591,4.593,267150.23,1740531599999,1234290.40695,4716
DOTUSDT,1740531600000,4.593,4.674,4.593,4.664,205777.87,1740535199999,954090.67908,4142
DOTUSDT,1740535200000,4.662,4.736,4.641,4.723,242195.57,1740538799999,1134515.92375,4827
DOTUSDT,1740538800000,4.722,4.746,4.705,4.707,235207.94,1740542399999,1111783.92919,4534
DOTUSDT,1740542400000,4.707,4.761,4.686,4.742,372256.05,1740545999999,1759324.64884,6388
DOTUSDT,1740546000000,4.742,4.752,4.694,4.705,292097.05,1740549599999,1380848.14379,4447
DOTUSDT,1740549600000,4.705,4.769,4.703,4.753,263768.18,1740553199999,1249343.50362,4866
DOTUSDT,1740553200000,4.753,4.8,4.736,4.765,414499.75,1740556799999,1978368.80031,6729
DOTUSDT,1740556800000,4.765,4.778,4.719,4.742,229029.13,1740560399999,1086286.74725,4594
DOTUSDT,1740560400000,4.743,4.842,4.741,4.841,389816.28,1740563999999,1872460.24171,6479
DOTUSDT,1740564000000,4.84,4.859,4.804,4.849,448224.97,1740567599999,2167374.23315,5964
DOTUSDT,1740567600000,4.848,4.873,4.803,4.805,255220.87,1740571199999,1234489.21045,5557
DOTUSDT,1740571200000,4.805,4.852,4.74,4.777,697584.83,1740574799999,3344670.83501,11410
DOTUSDT,1740574800000,4.777,4.815,4.748,4.758,494701.74,1740578399999,2362508.29275,8464
DOTUSDT,1740578400000,4.759,4.84,4.682,4.826,1245320.86,1740581999999,5902439.65171,21453
DOTUSDT,1740582000000,4.827,4.906,4.824,4.847,727461.77,1740585599999,3539147.4812,12970
DOTUSDT,1740585600000,4.847,4.926,4.788,4.905,639515.59,1740589199999,3109447.42722,12540
DOTUSDT,1740589200000,4.904,4.931,4.777,4.822,732237.98,1740592799999,3559802.20679,12666
DOTUSDT,1740592800000,4.82,4.844,4.663,4.683,1169849.14,1740596399999,5551021.50525,22975
DOTUSDT,1740596400000,4.683,4.748,4.647,4.69,770197.97,1740599999999,3612719.17234,13936
DOTUSDT,1740600000000,4.69,4.843,4.617,4.818,905173.81,1740603599999,4261771.76021,18239
DOTUSDT,1740603600000,4.817,4.821,4.754,4.801,522295.03,1740607199999,2500164.68671,10232
DOTUSDT,1740607200000,4.802,4.868,4.792,4.804,402761.05,1740610799999,1945308.54482,6655
DOTUSDT,1740610800000,4.804,4.831,4.737,4.754,263719.0,1740614399999,1258430.15269,4240
DOTUSDT,1740614400000,4.755,4.778,4.714,4.752,344211.96,1740617999999,1635637.32121,5906
DOTUSDT,1740618000000,4.751,4.885,4.723,4.864,797523.59,1740621599999,3848625.9716,11182
DOTUSDT,1740621600000,4.865,4.909,4.797,4.81,527585.11,1740625199999,2569658.86326,7286
DOTUSDT,1740625200000,4.811,4.863,4.795,4.852,286957.51,1740628799999,1385870.73648,4672
DOTUSDT,1740628800000,4.851,4.888,4.806,4.832,264486.15,1740632399999,1280381.79301,4058
DOTUSDT,1740632400000,4.831,4.891,4.831,4.879,224972.23,1740635999999,1094503.38806,4261
DOTUSDT,1740636000000,4.879,4.927,4.853,4.908,285751.95,1740639599999,1397833.68252,4867
DOTUSDT,1740639600000,4.908,5.037,4.908,5.0,589353.23,1740643199999,2934757.12017,9649
DOTUSDT,1740643200000,5.001,5.048,4.969,4.983,580284.0,1740646799999,2908119.26897,8711
DOTUSDT,1740646800000,4.983,5.089,4.98,5.055,646934.8,1740650399999,3259142.91622,9346
DOTUSDT,1740650400000,5.056,5.173,5.048,5.158,663145.92,1740653999999,3395746.82852,10544
DOTUSDT,1740654000000,5.158,5.183,5.064,5.067,647618.25,1740657599999,3321309.17524,9055
DOTUSDT,1740657600000,5.068,5.128,5.044,5.059,739574.15,1740661199999,3751888.64758,8817
DOTUSDT,1740661200000,5.059,5.117,5.037,5.061,874130.7,1740664799999,4442371.10808,12962
DOTUSDT,1740664800000,5.062,5.14,5.027,5.063,1055961.73,1740668399999,5370216.14696,16070
DOTUSDT,1740668400000,5.062,5.17,5.029,5.086,945731.12,1740671999999,4821677.9151,15412
DOTUSDT,1740672000000,5.085,5.111,4.976,4.986,750540.62,1740675599999,3786254.05044,12433
DOTUSDT,1740675600000,4.986,5.018,4.949,4.995,456848.68,1740679199999,2278350.60033,8561
DOTUSDT,1740679200000,4.996,5.032,4.983,4.992,393192.59,1740682799999,1967360.73309,7103
DOTUSDT,1740682800000,4.992,4.992,4.905,4.924,382786.95,1740686399999,1889753.2138,7558
DOTUSDT,1740686400000,4.924,4.928,4.851,4.886,483973.99,1740689999999,2363894.50673,9144
DOTUSDT,1740690000000,4.884,4.906,4.844,4.896,333880.5,1740693599999,1627426.08931,6783
DOTUSDT,1740693600000,4.897,4.958,4.866,4.945,253634.61,1740697199999,1244815.38825,3790
DOTUSDT,1740697200000,4.944,4.956,4.893,4.934,709824.18,1740700799999,3497178.84416,10479
DOTUSDT,1740700800000,4.934,4.935,4.847,4.847,385270.18,1740704399999,1881810.35654,5612
DOTUSDT,1740704400000,4.847,4.866,4.686,4.704,1757918.8,1740707999999,8359428.1886,28879
DOTUSDT,1740708000000,4.703,4.754,4.601,4.655,1049764.15,1740711599999,4900957.52039,24359
DOTUSDT,1740711600000,4.656,4.721,4.592,4.602,507013.61,1740715199999,2364042.51034,9816
DOTUSDT,1740715200000,4.603,4.625,4.531,4.581,797045.82,1740718799999,3648230.76882,16330
DOTUSDT,1740718800000,4.58,4.601,4.508,4.557,479949.52,1740722399999,2182636.45428,9749
DOTUSDT,1740722400000,4.557,4.581,4.49,4.537,954293.49,1740725999999,4318491.28175,15122
DOTUSDT,1740726000000,4.537,4.605,4.503,4.538,579831.24,1740729599999,2640345.84582,12242
DOTUSDT,1740729600000,4.538,4.563,4.454,4.561,795874.84,1740733199999,3581610.31947,13453
DOTUSDT,1740733200000,4.56,4.675,4.548,4.643,672116.94,1740736799999,3106280.0042,12556
DOTUSDT,1740736800000,4.644,4.652,4.542,4.549,315344.67,1740740399999,1446428.02039,6169
DOTUSDT,1740740400000,4.549,4.615,4.547,4.575,351784.22,1740743999999,1611472.36538,8053
DOTUSDT,1740744000000,4.574,4.592,4.482,4.577,1024405.5,1740747599999,4642859.71888,13795
DOTUSDT,1740747600000,4.576,4.671,4.567,4.612,1032748.2,1740751199999,4772736.85031,21143
DOTUSDT,1740751200000,4.615,4.701,4.611,4.673,1004653.94,1740754799999,4684239.31417,19879
DOTUSDT,1740754800000,4.672,4.798,4.668,4.743,977038.71,1740758399999,4622585.89918,22738
DOTUSDT,1740758400000,4.743,4.754,4.684,4.703,481455.9,1740761999999,2269571.16629,8467
DOTUSDT,1740762000000,4.703,4.721,4.668,4.67,338455.67,1740765599999,1587650.79625,6022
DOTUSDT,1740765600000,4.671,4.759,4.662,4.725,443821.32,1740769199999,2088726.7072,7912
DOTUSDT,1740769200000,4.725,4.747,4.708,4.722,173362.5,1740772799999,819402.32787,4410
DOTUSDT,1740772800000,4.721,4.736,4.675,4.7,322600.22,1740776399999,1515854.65951,5379
DOTUSDT,1740776400000,4.7,4.741,4.694,4.716,236169.23,1740779999999,1115106.12507,4567
DOTUSDT,1740780000000,4.716,4.733,4.688,4.703,118314.66,1740783599999,557279.98598,3162
DOTUSDT,1740783600000,4.7,4.736,4.7,4.712,151203.32,1740787199999,713417.34005,2989
DOTUSDT,1740787200000,4.713,4.733,4.686,4.714,223294.94,1740790799999,1051540.06183,4353
DOTUSDT,1740790800000,4.715,4.799,4.702,4.794,585701.44,1740794399999,2775776.85081,8241
DOTUSDT,1740794400000,4.795,4.819,4.766,4.784,379318.57,1740797999999,1816666.3263,6453
DOTUSDT,1740798000000,4.785,4.787,4.721,4.727,268332.79,1740801599999,1273347.42634,4777
DOTUSDT,1740801600000,4.728,4.77,4.719,4.747,228722.3,1740805199999,1086789.99793,4677
DOTUSDT,1740805200000,4.747,4.748,4.7,4.704,193531.5,1740808799999,913367.15858,4041
DOTUSDT,1740808800000,4.705,4.709,4.65,4.672,286596.05,1740812399999,1339214.83123,4595
DOTUSDT,1740812400000,4.672,4.672,4.616,4.62,234442.19,1740815999999,1087009.11111,4371
DOTUSDT,1740816000000,4.62,4.66,4.618,4.651,193640.89,1740819599999,899109.13784,3392
DOTUSDT,1740819600000,4.65,4.687,4.62,4.636,206316.13,1740823199999,959784.38579,3787
DOTUSDT,1740823200000,4.636,4.638,4.581,4.592,254055.69,1740826799999,1168557.32161,4968
DOTUSDT,1740826800000,4.593,4.6,4.558,4.586,332921.75,1740830399999,1525614.95933,8294
DOTUSDT,1740830400000,4.587,4.597,4.559,4.584,181733.5,1740833999999,832361.43542,4120
DOTUSDT,1740834000000,4.585,4.597,4.525,4.564,646541.44,1740837599999,2943300.16542,9651
DOTUSDT,1740837600000,4.564,4.584,4.55,4.57,229874.12,1740841199999,1051090.92349,4764
DOTUSDT,1740841200000,4.569,4.59,4.551,4.579,185856.22,1740844799999,849450.6656,3782
DOTUSDT,1740844800000,4.58,4.609,4.565,4.608,219657.45,1740848399999,1008084.44678,5018
DOTUSDT,1740848400000,4.607,4.607,4.578,4.589,212496.93,1740851999999,975927.45086,3658
DOTUSDT,1740852000000,4.589,4.64,4.579,4.617,187834.13,1740855599999,866031.64762,3605
DOTUSDT,1740855600000,4.616,4.656,4.61,4.645,164734.21,1740859199999,764516.72862,3419
DOTUSDT,1740859200000,4.645,4.652,4.625,4.648,113567.46,1740862799999,526666.59456,3041
DOTUSDT,1740862800000,4.648,4.713,4.637,4.702,186549.16,1740866399999,871558.06429,4229
DOTUSDT,1740866400000,4.703,4.732,4.658,4.674,465955.95,1740869999999,2183011.5568,6816
DOTUSDT,1740870000000,4.673,4.682,4.636,4.664,118347.37,1740873599999,550878.54327,3136
DOTUSDT,1740873600000,4.663,4.695,4.639,4.68,131089.07,1740877199999,611372.18599,3425
DOTUSDT,1740877200000,4.68,4.703,4.664,4.688,108114.56,1740880799999,506631.92615,2649
DOTUSDT,1740880800000,4.689,4.711,4.665,4.682,136197.56,1740884399999,637946.79897,3309
DOTUSDT,1740884400000,4.683,4.705,4.68,4.682,82586.65,1740887999999,387516.57998,2148
DOTUSDT,1740888000000,4.683,4.7,4.664,4.672,108295.14,1740891599999,507279.48239,2255
DOTUSDT,1740891600000,4.673,4.691,4.658,4.669,132989.95,1740895199999,620899.78233,2440
DOTUSDT,1740895200000,4.669,4.683,4.638,4.662,100160.04,1740898799999,467163.21435,2955
DOTUSDT,1740898800000,4.663,4.669,4.627,4.63,132442.01,1740902399999,615288.79514,2632
DOTUSDT,1740902400000,4.631,4.631,4.599,4.616,189239.76,1740905999999,873189.42038,3388
DOTUSDT,1740906000000,4.616,4.665,4.616,4.643,194566.13,1740909599999,903333.85412,3188
DOTUSDT,1740909600000,4.642,4.668,4.636,4.652,118921.18,1740913199999,553261.06159,4606
DOTUSDT,1740913200000,4.652,4.652,4.625,4.636,129665.75,1740916799999,601083.18381,2133
DOTUSDT,1740916800000,4.636,4.636,4.608,4.622,98838.71,1740920399999,456660.10573,2407
DOTUSDT,1740920400000,4.621,4.625,4.588,4.611,171420.19,1740923999999,789794.1984,2635
DOTUSDT,1740924000000,4.611,4.622,4.568,4.594,174486.5,1740927599999,801829.39002,3763
DOTUSDT,1740927600000,4.595,4.845,4.582,4.75,2292726.81,1740931199999,10890063.08024,43540
DOTUSDT,1740931200000,4.75,5.1,4.741,5.044,4000521.62,1740934799999,19837891.79731,73146
DOTUSDT,1740934800000,5.045,5.178,4.984,5.1,1991339.85,1740938399999,10142003.26807,37384
DOTUSDT,1740938400000,5.1,5.132,5.012,5.048,1032604.06,1740941999999,5236305.31817,20005
DOTUSDT,1740942000000,5.049,5.116,5.027,5.106,695868.25,1740945599999,3520229.89355,10895
DOTUSDT,1740945600000,5.106,5.128,5.07,5.11,552441.38,1740949199999,2815579.99209,10435
DOTUSDT,1740949200000,5.11,5.149,5.084,5.123,578471.21,1740952799999,2961787.24347,11920
DOTUSDT,1740952800000,5.123,5.151,5.086,5.141,311661.99,1740956399999,1595618.40459,4968
DOTUSDT,1740956400000,5.141,5.23,5.126,5.205,905951.44,1740959999999,4691110.21131,17339
DOTUSDT,1740960000000,5.205,5.25,5.137,5.194,939138.42,1740963599999,4883734.19447,20514
DOTUSDT,1740963600000,5.194,5.212,5.113,5.126,570445.92,1740967199999,2940471.87869,13127
DOTUSDT,1740967200000,5.125,5.138,5.054,5.129,446512.48,1740970799999,2275128.31249,11460
DOTUSDT,1740970800000,5.127,5.138,5.063,5.095,291796.96,1740974399999,1485587.67673,7532
DOTUSDT,1740974400000,5.095,5.124,5.075,5.118,191704.96,1740977999999,976888.69325,4629
DOTUSDT,1740978000000,5.117,5.144,5.097,5.142,234525.87,1740981599999,1200806.70514,4637
DOTUSDT,1740981600000,5.141,5.148,4.907,4.948,699317.52,1740985199999,3516405.63917,14928
DOTUSDT,1740985200000,4.948,4.978,4.894,4.966,545860.64,1740988799999,2693203.67218,12213
DOTUSDT,1740988800000,4.966,4.978,4.82,4.851,481581.0,1740992399999,2356923.82351,10917
DOTUSDT,1740992400000,4.852,4.9,4.805,4.88,509740.87,1740995999999,2473484.46336,11412
DOTUSDT,1740996000000,4.88,4.94,4.869,4.929,334437.65,1740999599999,1641453.35992,9974
DOTUSDT,1740999600000,4.928,4.937,4.882,4.911,194855.54,1741003199999,956836.32835,5422
DOTUSDT,1741003200000,4.911,4.975,4.892,4.941,340468.05,1741006799999,1679908.91231,8664
DOTUSDT,1741006800000,4.941,5.025,4.936,4.998,316503.91,1741010399999,1576805.42818,8360
DOTUSDT,1741010400000,4.997,4.999,4.8,4.807,967610.46,1741013999999,4743916.84851,22463
DOTUSDT,1741014000000,4.809,4.945,4.802,4.863,1145164.11,1741017599999,5598059.93468,22696
DOTUSDT,1741017600000,4.864,4.886,4.823,4.846,548158.78,1741021199999,2662000.15231,10938
DOTUSDT,1741021200000,4.845,4.913,4.828,4.863,215869.16,1741024799999,1050595.42913,6231
DOTUSDT,1741024800000,4.863,4.871,4.625,4.645,1446347.25,1741028399999,6811940.23603,28359
DOTUSDT,1741028400000,4.646,4.692,4.457,4.498,2191358.62,1741031999999,10006650.35457,36341
DOTUSDT,1741032000000,4.498,4.553,4.444,4.508,758448.15,1741035599999,3423652.88114,18696
DOTUSDT,1741035600000,4.507,4.556,4.435,4.447,585526.7,1741039199999,2637748.7578,12702
DOTUSDT,1741039200000,4.447,4.552,4.446,4.536,295167.94,1741042799999,1329319.36299,6157
DOTUSDT,1741042800000,4.535,4.535,4.466,4.473,248230.26,1741046399999,1118326.48008,5783
DOTUSDT,1741046400000,4.474,4.515,4.434,4.457,399914.03,1741049999999,1790179.14631,9175
DOTUSDT,1741050000000,4.458,4.469,4.229,4.268,2176745.67,1741053599999,9430806.5315,35815
DOTUSDT,1741053600000,4.269,4.302,4.146,4.277,1301183.26,1741057199999,5476860.31834,29255
DOTUSDT,1741057200000,4.276,4.296,4.192,4.228,501685.26,1741060799999,2129521.05727,11273
DOTUSDT,1741060800000,4.228,4.284,4.216,4.253,365798.36,1741064399999,1556635.50388,9811
DOTUSDT,1741064400000,4.253,4.34,4.239,4.296,383264.5,1741067999999,1648122.40207,11193
DOTUSDT,1741068000000,4.296,4.318,4.273,4.281,295783.62,1741071599999,1269216.16316,7108
DOTUSDT,1741071600000,4.28,4.289,4.241,4.249,319574.83,1741075199999,1361240.5334,5511
DOTUSDT,1741075200000,4.247,4.313,4.235,4.298,318024.41,1741078799999,1361187.56722,6466
DOTUSDT,1741078800000,4.298,4.303,4.236,4.239,318954.34,1741082399999,1360890.17899,6155
DOTUSDT,1741082400000,4.24,4.261,4.208,4.238,322615.78,1741085999999,1367582.26828,9044
DOTUSDT,1741086000000,4.239,4.283,4.221,4.23,350547.03,1741089599999,1489198.30933,8484
DOTUSDT,1741089600000,4.23,4.24,4.165,4.219,659770.22,1741093199999,2765778.71532,8563
DOTUSDT,1741093200000,4.218,4.219,4.117,4.142,654887.27,1741096799999,2720385.33804,11611
DOTUSDT,1741096800000,4.142,4.359,4.13,4.183,2485527.23,1741100399999,10641617.01997,36793
DOTUSDT,1741100400000,4.182,4.24,4.105,4.221,904120.22,1741103999999,3773493.01374,19262
DOTUSDT,1741104000000,4.223,4.24,4.017,4.177,1353817.48,1741107599999,5560530.10927,24947
DOTUSDT,1741107600000,4.177,4.326,4.171,4.285,776462.82,1741111199999,3304197.26634,14194
DOTUSDT,1741111200000,4.284,4.347,4.262,4.336,626202.89,1741114799999,2689138.05627,9474
DOTUSDT,1741114800000,4.335,4.388,4.309,4.375,487781.28,1741118399999,2125329.74289,8834
DOTUSDT,1741118400000,4.375,4.386,4.283,4.289,500236.91,1741121999999,2175836.4708,7818
DOTUSDT,1741122000000,4.29,4.423,4.28,4.349,514854.76,1741125599999,2245149.28856,7861
DOTUSDT,1741125600000,4.35,4.381,4.335,4.335,179776.28,1741129199999,783746.03519,2709
DOTUSDT,1741129200000,4.337,4.349,4.308,4.33,163993.23,1741132799999,709474.37931,2961
DOTUSDT,1741132800000,4.33,4.356,4.289,4.311,292687.68,1741136399999,1265245.02215,4874
DOTUSDT,1741136400000,4.311,4.367,4.28,4.366,202879.27,1741139999999,877584.58974,3732
DOTUSDT,1741140000000,4.367,4.399,4.337,4.368,301284.95,1741143599999,1314241.80301,5553
DOTUSDT,1741143600000,4.368,4.378,4.29,4.291,262382.09,1741147199999,1139504.32741,4597
DOTUSDT,1741147200000,4.292,4.321,4.289,4.307,131995.18,1741150799999,568539.82965,2829
DOTUSDT,1741150800000,4.308,4.32,4.293,4.305,114088.45,1741154399999,491465.84128,2526
DOTUSDT,1741154400000,4.305,4.331,4.278,4.323,129801.59,1741157999999,557585.33489,2694
DOTUSDT,1741158000000,4.324,4.345,4.301,4.34,197603.81,1741161599999,854110.06512,2996
DOTUSDT,1741161600000,4.34,4.387,4.331,4.373,364476.38,1741165199999,1592193.48729,3990
DOTUSDT,1741165200000,4.372,4.448,4.368,4.421,501462.2,1741168799999,2213936.26777,9112
DOTUSDT,1741168800000,4.42,4.482,4.396,4.438,662989.34,1741172399999,2940377.01139,7402
DOTUSDT,1741172400000,4.439,4.444,4.389,4.4,257186.41,1741175999999,1136395.20192,3748
DOTUSDT,1741176000000,4.401,4.441,4.395,4.409,267899.67,1741179599999,1182918.73205,3819
DOTUSDT,1741179600000,4.409,4.419,4.363,4.393,415914.14,1741183199999,1825673.66901,5768
DOTUSDT,1741183200000,4.392,4.415,4.333,4.347,755332.65,1741186799999,3309617.75879,8106
DOTUSDT,1741186800000,4.347,4.409,4.31,4.365,608561.36,1741190399999,2654016.86275,8226
DOTUSDT,1741190400000,4.366,4.394,4.331,4.384,341807.79,1741193999999,1492622.22248,5366
DOTUSDT,1741194000000,4.383,4.449,4.371,4.416,346222.88,1741197599999,1527952.27937,5407
DOTUSDT,1741197600000,4.416,4.46,4.387,4.455,211860.04,1741201199999,937425.53032,3795
DOTUSDT,1741201200000,4.456,4.495,4.455,4.486,202654.78,1741204799999,906982.90006,3264
DOTUSDT,1741204800000,4.486,4.546,4.486,4.525,333849.06,1741208399999,1507966.09651,4378
DOTUSDT,1741208400000,4.526,4.547,4.507,4.542,245958.59,1741211999999,1113012.28476,3175
DOTUSDT,1741212000000,4.541,4.549,4.512,4.523,140336.19,1741215599999,635160.92364,1856
DOTUSDT,1741215600000,4.524,4.542,4.497,4.526,264815.99,1741219199999,1198366.86141,3658
DOTUSDT,1741219200000,4.525,4.546,4.478,4.483,267809.89,1741222799999,1210536.68473,3965
DOTUSDT,1741222800000,4.483,4.559,4.45,4.511,561452.66,1741226399999,2517284.0963,7163
DOTUSDT,1741226400000,4.511,4.55,4.503,4.54,191077.34,1741229999999,864286.36321,3371
DOTUSDT,1741230000000,4.54,4.56,4.524,4.559,203956.96,1741233599999,926794.59381,2931
DOTUSDT,1741233600000,4.559,4.631,4.549,4.619,209523.03,1741237199999,960660.55226,3742
DOTUSDT,1741237200000,4.619,4.664,4.602,4.632,300668.49,1741240799999,1394414.45633,5011
DOTUSDT,1741240800000,4.632,4.639,4.575,4.578,156633.06,1741244399999,720635.29392,3182
DOTUSDT,1741244400000,4.579,4.585,4.522,4.53,247858.05,1741247999999,1126808.18973,3396
DOTUSDT,1741248000000,4.53,4.576,4.528,4.564,213212.21,1741251599999,970870.26534,4827
DOTUSDT,1741251600000,4.565,4.565,4.522,4.541,152916.95,1741255199999,694604.36454,3366
DOTUSDT,1741255200000,4.54,4.603,4.534,4.59,296672.98,1741258799999,1356828.20072,4634
DOTUSDT,1741258800000,4.59,4.597,4.567,4.575,88434.06,1741262399999,404958.8426,1626
DOTUSDT,1741262400000,4.576,4.582,4.485,4.508,358087.78,1741265999999,1619622.53589,4987
DOTUSDT,1741266000000,4.508,4.53,4.47,4.476,294183.64,1741269599999,1324159.73808,4827
DOTUSDT,1741269600000,4.476,4.517,4.428,4.466,443720.71,1741273199999,1982365.04562,7295
DOTUSDT,1741273200000,4.465,4.536,4.459,4.496,583375.55,1741276799999,2626818.00926,9524
DOTUSDT,1741276800000,4.497,4.514,4.428,4.433,271174.11,1741280399999,1214269.20002,4804
DOTUSDT,1741280400000,4.432,4.432,4.364,4.392,495475.37,1741283999999,2178852.34375,6898
DOTUSDT,1741284000000,4.391,4.404,4.364,4.384,168551.81,1741287599999,738599.51072,3128
DOTUSDT,1741287600000,4.384,4.412,4.343,4.378,266542.43,1741291199999,1165366.22686,3831
DOTUSDT,1741291200000,4.379,4.412,4.372,4.398,148468.45,1741294799999,652444.84196,2693
DOTUSDT,1741294800000,4.399,4.458,4.397,4.433,377482.22,1741298399999,1671345.99661,4563
DOTUSDT,1741298400000,4.433,4.494,4.431,4.445,337461.16,1741301999999,1505071.26676,4746
DOTUSDT,1741302000000,4.445,4.47,4.428,4.431,539648.47,1741305599999,2400465.94703,6784
DOTUSDT,1741305600000,4.431,4.477,4.213,4.232,2349062.55,1741309199999,10186166.66698,27561
DOTUSDT,1741309200000,4.232,4.427,4.217,4.394,742727.21,1741312799999,3225452.07532,10991
DOTUSDT,1741312800000,4.393,4.459,4.383,4.424,266911.28,1741316399999,1178874.27625,4458
DOTUSDT,1741316400000,4.425,4.442,4.375,4.376,159764.74,1741319999999,704819.02432,2713
DOTUSDT,1741320000000,4.376,4.419,4.369,4.389,115120.93,1741323599999,505744.62363,2139
DOTUSDT,1741323600000,4.389,4.457,4.384,4.436,132537.1,1741327199999,586854.63745,2325
DOTUSDT,1741327200000,4.437,4.482,4.417,4.471,138719.15,1741330799999,617097.21181,2416
DOTUSDT,1741330800000,4.472,4.554,4.466,4.549,372651.62,1741334399999,1681986.05579,5912
DOTUSDT,1741334400000,4.549,4.576,4.523,4.546,305459.34,1741337999999,1389961.53167,4879
DOTUSDT,1741338000000,4.545,4.635,4.539,4.585,517745.67,1741341599999,2381301.8143,7653
DOTUSDT,1741341600000,4.586,4.604,4.561,4.601,405335.79,1741345199999,1858693.49523,4684
DOTUSDT,1741345200000,4.601,4.638,4.594,4.626,345761.29,1741348799999,1598375.50387,5499
DOTUSDT,1741348800000,4.627,4.674,4.577,4.604,961890.29,1741352399999,4454559.87549,11008
DOTUSDT,1741352400000,4.604,4.677,4.585,4.598,949367.94,1741355999999,4399097.95126,13206
DOTUSDT,1741356000000,4.598,4.653,4.552,4.608,540757.71,1741359599999,2490039.94363,9652
DOTUSDT,1741359600000,4.607,4.64,4.52,4.579,530821.61,1741363199999,2432053.14109,9359
DOTUSDT,1741363200000,4.577,4.586,4.478,4.506,647867.66,1741366799999,2931728.59082,11692
DOTUSDT,1741366800000,4.506,4.567,4.463,4.533,416340.49,1741370399999,1877841.69071,7971
DOTUSDT,1741370400000,4.534,4.627,4.523,4.603,333038.21,1741373999999,1527503.24942,6166
DOTUSDT,1741374000000,4.604,4.622,4.536,4.555,212526.58,1741377599999,972878.72799,5039
DOTUSDT,1741377600000,4.554,4.579,4.505,4.523,278108.61,1741381199999,1261812.50522,5540
DOTUSDT,1741381200000,4.523,4.531,4.432,4.459,962421.54,1741384799999,4309934.74006,14544
DOTUSDT,1741384800000,4.459,4.474,4.413,4.458,290109.99,1741388399999,1288217.92859,4433
DOTUSDT,1741388400000,4.456,4.456,4.372,4.413,259943.76,1741391999999,1144778.352,4884
DOTUSDT,1741392000000,4.412,4.446,4.376,4.434,164657.36,1741395599999,724974.3396,3299
DOTUSDT,1741395600000,4.433,4.446,4.321,4.352,387921.53,1741399199999,1691137.90312,6431
DOTUSDT,1741399200000,4.352,4.391,4.311,4.384,425347.03,1741402799999,1845639.13189,5027
DOTUSDT,1741402800000,4.384,4.406,4.335,4.393,147270.39,1741406399999,644404.63576,2416
DOTUSDT,1741406400000,4.392,4.423,4.368,4.42,112527.97,1741409999999,494728.83796,2306
DOTUSDT,1741410000000,4.421,4.421,4.364,4.371,87370.08,1741413599999,383113.15956,1653
DOTUSDT,1741413600000,4.372,4.386,4.354,4.365,91139.53,1741417199999,398147.832,1805
DOTUSDT,1741417200000,4.365,4.395,4.362,4.379,169601.93,1741420799999,743181.51737,2681
DOTUSDT,1741420800000,4.378,4.39,4.344,4.354,147924.15,1741424399999,645420.93384,2600
DOTUSDT,1741424400000,4.353,4.409,4.326,4.331,208784.11,1741427999999,911939.40324,3437
DOTUSDT,1741428000000,4.332,4.374,4.331,4.361,91929.91,1741431599999,400549.32404,1765
DOTUSDT,1741431600000,4.36,4.36,4.292,4.331,349889.34,1741435199999,1511693.2543,5232
DOTUSDT,1741435200000,4.332,4.398,4.33,4.382,159543.38,1741438799999,696752.62767,3032
DOTUSDT,1741438800000,4.382,4.406,4.367,4.37,208297.33,1741442399999,914493.53954,4411
DOTUSDT,1741442400000,4.369,4.399,4.341,4.352,206598.42,1741445999999,902510.5213,3374
DOTUSDT,1741446000000,4.35,4.364,4.332,4.342,110292.7,1741449599999,479473.94466,2189
DOTUSDT,1741449600000,4.342,4.347,4.26,4.307,325526.37,1741453199999,1397302.65915,6323
DOTUSDT,1741453200000,4.308,4.347,4.277,4.321,198148.0,1741456799999,855435.54316,3627
DOTUSDT,1741456800000,4.322,4.368,4.31,4.354,122128.89,1741460399999,530172.1266,2182
DOTUSDT,1741460400000,4.354,4.374,4.336,4.356,85478.78,1741463999999,372367.46187,1830
DOTUSDT,1741464000000,4.356,4.357,4.328,4.329,82847.78,1741467599999,359727.41764,1313
DOTUSDT,1741467600000,4.331,4.346,4.314,4.317,67233.83,1741471199999,291125.99032,1183
DOTUSDT,1741471200000,4.317,4.317,4.268,4.304,117233.13,1741474799999,503237.37422,2171
DOTUSDT,1741474800000,4.304,4.313,4.28,4.289,99197.89,1741478399999,426087.49269,1621
DOTUSDT,1741478400000,4.289,4.313,4.272,4.295,280214.0,1741481999999,1202524.23562,3035
DOTUSDT,1741482000000,4.297,4.312,4.28,4.287,591891.65,1741485599999,2542085.22284,7103
DOTUSDT,1741485600000,4.286,4.299,4.269,4.289,180878.14,1741489199999,774174.53248,3068
DOTUSDT,1741489200000,4.29,4.353,4.288,4.31,442910.96,1741492799999,1917831.1725,6898
DOTUSDT,1741492800000,4.309,4.339,4.301,4.333,98187.57,1741496399999,424199.83755,1671
DOTUSDT,1741496400000,4.333,4.349,4.317,4.322,156567.49,1741499999999,678471.36309,1967
DOTUSDT,1741500000000,4.322,4.322,4.292,4.299,180782.66,1741503599999,778915.92593,2174
DOTUSDT,1741503600000,4.3,4.342,4.292,4.318,80588.12,1741507199999,348191.60227,1478
DOTUSDT,1741507200000,4.318,4.318,4.291,4.294,68966.79,1741510799999,296790.11291,1434
DOTUSDT,1741510800000,4.293,4.299,4.253,4.259,214717.77,1741514399999,918454.65259,3174
DOTUSDT,1741514400000,4.26,4.282,4.205,4.214,376802.03,1741517999999,1601196.70561,6263
DOTUSDT,1741518000000,4.214,4.249,4.205,4.224,214548.67,1741521599999,907045.66676,3067
DOTUSDT,1741521600000,4.222,4.244,4.183,4.243,183107.01,1741525199999,770616.77681,3343
DOTUSDT,1741525200000,4.243,4.27,4.189,4.19,393638.69,1741528799999,1669564.95176,5208
DOTUSDT,1741528800000,4.19,4.231,4.175,4.213,317537.35,1741532399999,1335982.13146,4999
DOTUSDT,1741532400000,4.213,4.231,4.133,4.163,418977.32,1741535999999,1749039.4784,6487
DOTUSDT,1741536000000,4.163,4.191,4.08,4.085,540213.61,1741539599999,2228192.64625,8494
DOTUSDT,1741539600000,4.084,4.123,3.986,4.008,1460979.86,1741543199999,5913154.30722,13980
DOTUSDT,1741543200000,4.007,4.07,3.978,4.024,794188.27,1741546799999,3186846.64228,10843
DOTUSDT,1741546800000,4.025,4.073,4.018,4.06,364431.02,1741550399999,1476853.901,6223
DOTUSDT,1741550400000,4.06,4.094,4.044,4.065,290036.22,1741553999999,1180441.56965,4528
DOTUSDT,1741554000000,4.064,4.072,3.993,4.007,239419.41,1741557599999,962546.21877,4382
DOTUSDT,1741557600000,4.007,4.034,3.988,4.022,305764.48,1741561199999,1226787.0707,4405
DOTUSDT,1741561200000,4.023,4.058,3.994,4.019,372317.08,1741564799999,1497012.08297,5498
DOTUSDT,1741564800000,4.019,4.092,3.97,4.072,446563.38,1741568399999,1799932.30878,7884
DOTUSDT,1741568400000,4.072,4.11,4.053,4.095,360480.94,1741571999999,1474620.28035,5701
DOTUSDT,1741572000000,4.095,4.182,4.091,4.173,399542.9,1741575599999,1654427.61561,5935
DOTUSDT,1741575600000,4.174,4.225,4.152,4.202,346433.3,1741579199999,1450418.90958,6379
DOTUSDT,1741579200000,4.202,4.249,4.198,4.216,314802.61,1741582799999,1330675.50713,4832
DOTUSDT,1741582800000,4.215,4.229,4.158,4.17,458074.02,1741586399999,1913491.94605,5286
DOTUSDT,1741586400000,4.171,4.179,4.149,4.166,153994.91,1741589999999,641490.22542,2131
DOTUSDT,1741590000000,4.166,4.192,4.15,4.169,143725.29,1741593599999,598260.32297,2298
DOTUSDT,1741593600000,4.169,4.173,4.124,4.149,201829.0,1741597199999,836908.57362,3369
DOTUSDT,1741597200000,4.148,4.285,4.135,4.189,936367.23,1741600799999,3946199.44266,10999
DOTUSDT,1741600800000,4.189,4.207,4.157,4.195,200715.5,1741604399999,839290.96275,3148
DOTUSDT,1741604400000,4.196,4.233,4.175,4.216,240482.3,1741607999999,1010595.39295,3622
DOTUSDT,1741608000000,4.218,4.24,4.195,4.223,186073.4,1741611599999,785187.78707,3270
DOTUSDT,1741611600000,4.223,4.229,4.113,4.122,364940.46,1741615199999,1518272.83113,5678
DOTUSDT,1741615200000,4.121,4.121,3.993,4.028,1133230.94,1741618799999,4579724.26348,15837
DOTUSDT,1741618800000,4.029,4.12,4.008,4.066,406297.62,1741622399999,1654593.1194,6579
DOTUSDT,1741622400000,4.065,4.084,4.002,4.011,343096.48,1741625999999,1384932.38996,5515
DOTUSDT,1741626000000,4.011,4.025,3.895,3.912,974355.49,1741629599999,3847862.96566,15782
DOTUSDT,1741629600000,3.911,3.966,3.781,3.787,1059179.87,1741633199999,4092109.81076,15436
DOTUSDT,1741633200000,3.787,3.966,3.775,3.937,1237845.36,1741636799999,4803071.23438,19968
DOTUSDT,1741636800000,3.937,3.945,3.87,3.914,409608.54,1741640399999,1601162.45771,6481
DOTUSDT,1741640400000,3.914,3.967,3.896,3.95,409943.04,1741643999999,1614575.31328,5996
DOTUSDT,1741644000000,3.951,3.974,3.907,3.92,235025.51,1741647599999,924298.77895,3871
DOTUSDT,1741647600000,3.92,3.943,3.864,3.868,282275.64,1741651199999,1100677.56689,4284
DOTUSDT,1741651200000,3.87,3.911,3.65,3.734,2011708.0,1741654799999,7531041.1781,27307
DOTUSDT,1741654800000,3.735,3.886,3.671,3.886,1758950.6,1741658399999,6646864.65204,21678
DOTUSDT,1741658400000,3.886,3.928,3.863,3.901,537349.28,1741661999999,2093345.95946,8587
DOTUSDT,1741662000000,3.901,3.928,3.882,3.887,234846.21,1741665599999,916809.20093,3954
DOTUSDT,1741665600000,3.886,3.93,3.879,3.906,206035.61,1741669199999,805013.951,4687
DOTUSDT,1741669200000,3.905,3.989,3.903,3.956,401241.02,1741672799999,1588317.36669,6281
DOTUSDT,1741672800000,3.957,3.987,3.938,3.941,194280.11,1741676399999,769861.1662,3547
DOTUSDT,1741676400000,3.94,3.991,3.937,3.945,248578.01,1741679999999,984239.4299,3923
DOTUSDT,1741680000000,3.946,4.0,3.937,3.976,291093.77,1741683599999,1155608.945,4358
DOTUSDT,1741683600000,3.976,4.002,3.968,3.972,230196.16,1741687199999,916824.65228,4116
DOTUSDT,1741687200000,3.972,4.008,3.959,3.993,165084.12,1741690799999,657935.56081,3466
DOTUSDT,1741690800000,3.992,4.025,3.967,3.998,271417.1,1741694399999,1084771.51174,4647
DOTUSDT,1741694400000,3.998,4.005,3.932,3.941,413904.54,1741697999999,1646973.89767,4914
DOTUSDT,1741698000000,3.941,4.022,3.892,3.948,918982.78,1741701599999,3636525.37617,14371
DOTUSDT,1741701600000,3.947,3.971,3.818,3.859,878725.43,1741705199999,3423038.79837,13646
DOTUSDT,1741705200000,3.856,3.991,3.853,3.975,439297.18,1741708799999,1725786.03144,6610
DOTUSDT,1741708800000,3.975,4.038,3.948,4.002,436028.99,1741712399999,1747947.06808,5604
DOTUSDT,1741712400000,4.002,4.008,3.936,3.967,234370.91,1741715999999,931939.73813,3674
DOTUSDT,1741716000000,3.968,4.123,3.968,4.094,503449.25,1741719599999,2050548.685,7640
DOTUSDT,1741719600000,4.095,4.115,4.069,4.106,249459.88,1741723199999,1021142.59465,3859
DOTUSDT,1741723200000,4.106,4.115,4.078,4.078,164451.99,1741726799999,673330.61335,2525
DOTUSDT,1741726800000,4.078,4.104,4.075,4.083,122071.9,1741730399999,499461.08424,1881
DOTUSDT,1741730400000,4.082,4.105,4.078,4.097,117839.02,1741733999999,482370.07089,1881
DOTUSDT,1741734000000,4.097,4.099,4.033,4.042,192242.82,1741737599999,779930.9036,2541
DOTUSDT,1741737600000,4.044,4.056,3.997,4.016,196924.85,1741741199999,792988.11569,3088
DOTUSDT,1741741200000,4.018,4.097,4.016,4.067,204695.08,1741744799999,830786.15497,3118
DOTUSDT,1741744800000,4.068,4.073,3.994,4.007,245191.2,1741748399999,988832.07257,3336
DOTUSDT,1741748400000,4.007,4.018,3.949,3.953,242432.05,1741751999999,964954.9108,3135
DOTUSDT,1741752000000,3.955,3.967,3.914,3.938,220945.68,1741755599999,869064.51351,3208
DOTUSDT,1741755600000,3.939,3.982,3.933,3.973,162617.56,1741759199999,643555.52848,2132
DOTUSDT,1741759200000,3.972,3.986,3.946,3.98,166120.71,1741762799999,658363.50537,2287
DOTUSDT,1741762800000,3.98,4.015,3.932,3.989,420091.73,1741766399999,1667437.20691,6910
DOTUSDT,1741766400000,3.989,4.065,3.972,4.032,402389.58,1741769999999,1614860.69714,6459
DOTUSDT,1741770000000,4.033,4.067,3.949,3.982,827391.75,1741773599999,3299601.74085,9403
DOTUSDT,1741773600000,3.983,3.997,3.953,3.97,318872.01,1741777199999,1265975.09494,4778
DOTUSDT,1741777200000,3.97,4.021,3.968,4.017,487432.24,1741780799999,1948410.865,6406
DOTUSDT,1741780800000,4.017,4.095,3.99,4.043,1541795.84,1741784399999,6244702.20237,17807
DOTUSDT,1741784400000,4.044,4.059,3.938,3.96,571083.23,1741787999999,2287496.0865,7649
DOTUSDT,1741788000000,3.959,3.976,3.905,3.906,460779.17,1741791599999,1814235.17828,5976
DOTUSDT,1741791600000,3.907,3.936,3.847,3.93,558023.76,1741795199999,2173803.60379,6380
DOTUSDT,1741795200000,3.931,3.977,3.919,3.95,557821.52,1741798799999,2202875.53547,5800
DOTUSDT,1741798800000,3.95,3.987,3.926,3.93,400644.55,1741802399999,1587899.03308,4470
DOTUSDT,1741802400000,3.93,3.978,3.924,3.959,173387.44,1741805999999,685990.31182,3000
DOTUSDT,1741806000000,3.959,3.986,3.939,3.971,196056.18,1741809599999,777611.27651,3002
DOTUSDT,1741809600000,3.971,3.989,3.946,3.95,471015.12,1741813199999,1867905.26325,3388
DOTUSDT,1741813200000,3.95,3.997,3.947,3.968,231732.7,1741816799999,920180.47379,3678
DOTUSDT,1741816800000,3.969,3.979,3.954,3.969,173897.77,1741820399999,690446.4023,3062
DOTUSDT,1741820400000,3.969,3.98,3.953,3.968,180564.94,1741823999999,716147.67071,2457
DOTUSDT,1741824000000,3.968,3.976,3.93,3.945,366340.7,1741827599999,1449642.31603,3747
DOTUSDT,1741827600000,3.946,4.004,3.926,3.99,1044930.9,1741831199999,4145248.9579,7891
DOTUSDT,1741831200000,3.989,4.031,3.965,3.972,284603.59,1741834799999,1140544.914,4035
DOTUSDT,1741834800000,3.972,4.006,3.963,3.973,156376.66,1741838399999,622723.12877,2301
DOTUSDT,1741838400000,3.973,3.989,3.939,3.953,123795.16,1741841999999,490774.41349,2386
DOTUSDT,1741842000000,3.954,3.981,3.933,3.94,142176.62,1741845599999,562759.07951,2241
DOTUSDT,1741845600000,3.939,3.945,3.914,3.942,146965.38,1741849199999,577089.71678,2288
DOTUSDT,1741849200000,3.943,3.97,3.933,3.949,83454.48,1741852799999,329850.15739,1461
DOTUSDT,1741852800000,3.949,3.968,3.923,3.965,170026.2,1741856399999,670778.83078,2969
DOTUSDT,1741856400000,3.965,4.035,3.963,4.032,276686.67,1741859999999,1104194.57871,4098
DOTUSDT,1741860000000,4.031,4.068,4.014,4.056,318707.57,1741863599999,1286747.42008,4616
DOTUSDT,1741863600000,4.055,4.073,4.022,4.071,263296.72,1741867199999,1065444.45354,4037
DOTUSDT,1741867200000,4.07,4.109,4.023,4.035,474017.62,1741870799999,1929044.23849,7615
DOTUSDT,1741870800000,4.036,4.076,3.956,3.972,631366.44,1741874399999,2529454.2131,7953
DOTUSDT,1741874400000,3.972,4.025,3.956,3.99,493002.17,1741877999999,1968292.00288,6192
DOTUSDT,1741878000000,3.99,4.0,3.944,3.96,339214.47,1741881599999,1345458.87617,4591
DOTUSDT,1741881600000,3.96,3.965,3.887,3.901,320228.97,1741885199999,1255567.31381,4999
DOTUSDT,1741885200000,3.901,3.915,3.826,3.841,347147.12,1741888799999,1343856.5046,5125
DOTUSDT,1741888800000,3.84,3.925,3.838,3.907,987721.31,1741892399999,3851327.18708,7354
DOTUSDT,1741892400000,3.907,3.922,3.878,3.888,115285.85,1741895999999,449559.15881,2087
DOTUSDT,1741896000000,3.888,3.913,3.875,3.885,83951.75,1741899599999,326757.85995,1525
DOTUSDT,1741899600000,3.885,3.918,3.877,3.918,94282.92,1741903199999,367412.13064,1609
DOTUSDT,1741903200000,3.916,3.986,3.909,3.984,108911.79,1741906799999,429852.55677,2003
DOTUSDT,1741906800000,3.985,4.004,3.961,3.981,162868.89,1741910399999,648851.34067,2311
DOTUSDT,1741910400000,3.98,4.049,3.969,4.032,198268.54,1741913999999,795751.6936,3252
DOTUSDT,1741914000000,4.032,4.053,4.015,4.031,98771.12,1741917599999,398296.43297,1856
DOTUSDT,1741917600000,4.031,4.059,4.02,4.053,171893.32,1741921199999,694835.27591,2108
DOTUSDT,1741921200000,4.053,4.062,4.016,4.029,387684.46,1741924799999,1564389.80957,3897
DOTUSDT,1741924800000,4.029,4.05,4.025,4.035,210612.99,1741928399999,849991.80517,2258
DOTUSDT,1741928400000,4.035,4.044,4.021,4.039,72020.79,1741931999999,290326.49755,1348
DOTUSDT,1741932000000,4.04,4.044,4.015,4.029,156502.54,1741935599999,630662.21134,1787
DOTUSDT,1741935600000,4.029,4.05,4.016,4.028,112381.42,1741939199999,452843.84089,1479
DOTUSDT,1741939200000,4.028,4.089,4.024,4.067,173288.48,1741942799999,703999.77507,2658
DOTUSDT,1741942800000,4.067,4.133,4.059,4.121,741647.82,1741946399999,3045192.25799,9129
DOTUSDT,1741946400000,4.122,4.168,4.108,4.16,555714.73,1741949999999,2297652.1948,6507
DOTUSDT,1741950000000,4.16,4.194,4.16,4.164,370946.56,1741953599999,1550059.30923,4998
DOTUSDT,1741953600000,4.164,4.17,4.136,4.15,631928.88,1741957199999,2624817.27916,4547
DOTUSDT,1741957200000,4.151,4.198,4.128,4.139,907124.19,1741960799999,3775772.82079,7812
DOTUSDT,1741960800000,4.14,4.158,4.097,4.144,804110.59,1741964399999,3322185.8599,10261
DOTUSDT,1741964400000,4.145,4.203,4.143,4.168,522064.84,1741967999999,2180146.11917,6481
DOTUSDT,1741968000000,4.168,4.219,4.168,4.205,305453.27,1741971599999,1281332.58903,4532
DOTUSDT,1741971600000,4.203,4.213,4.169,4.188,198602.7,1741975199999,831068.23691,3013
DOTUSDT,1741975200000,4.188,4.208,4.179,4.196,139870.65,1741978799999,586035.3114,2075
DOTUSDT,1741978800000,4.196,4.214,4.17,4.185,134885.25,1741982399999,565339.22252,2189
DOTUSDT,1741982400000,4.184,4.199,4.159,4.194,255679.05,1741985999999,1068948.0995,3321
DOTUSDT,1741986000000,4.195,4.205,4.18,4.202,90176.43,1741989599999,377851.79347,1521
DOTUSDT,1741989600000,4.201,4.228,4.188,4.218,124254.04,1741993199999,523002.69303,2578
DOTUSDT,1741993200000,4.218,4.222,4.178,4.187,200199.55,1741996799999,839069.54099,3210
DOTUSDT,1741996800000,4.187,4.223,4.186,4.218,204066.32,1742000399999,857001.84714,2799
DOTUSDT,1742000400000,4.218,4.227,4.189,4.211,105286.7,1742003999999,442979.76488,2268
DOTUSDT,1742004000000,4.211,4.239,4.197,4.226,102058.11,1742007599999,430763.03702,2560
DOTUSDT,1742007600000,4.227,4.253,4.219,4.239,185922.55,1742011199999,787899.62978,2994
DOTUSDT,1742011200000,4.239,4.298,4.228,4.284,274236.65,1742014799999,1169971.42325,3931
DOTUSDT,1742014800000,4.285,4.31,4.271,4.286,212874.17,1742018399999,913693.28265,3053
DOTUSDT,1742018400000,4.286,4.299,4.271,4.281,184547.34,1742021999999,790418.54725,2645
DOTUSDT,1742022000000,4.283,4.286,4.232,4.257,320943.27,1742025599999,1365378.90959,3552
DOTUSDT,1742025600000,4.258,4.308,4.244,4.3,257726.64,1742029199999,1101902.57576,3732
DOTUSDT,1742029200000,4.299,4.318,4.276,4.313,178211.71,1742032799999,766019.25744,3161
DOTUSDT,1742032800000,4.313,4.341,4.297,4.325,197014.0,1742036399999,850957.2594,3637
DOTUSDT,1742036400000,4.325,4.35,4.317,4.348,165480.69,1742039999999,716453.92041,2554
DOTUSDT,1742040000000,4.348,4.395,4.343,4.388,280156.2,1742043599999,1224312.44548,4592
DOTUSDT,1742043600000,4.389,4.413,4.382,4.396,247425.02,1742047199999,1087180.99545,3565
DOTUSDT,1742047200000,4.396,4.414,4.364,4.4,305832.05,1742050799999,1340805.8221,4418
DOTUSDT,1742050800000,4.4,4.429,4.371,4.379,249772.63,1742054399999,1098495.21812,4193
DOTUSDT,1742054400000,4.38,4.406,4.357,4.395,164106.03,1742057999999,719237.90298,3444
DOTUSDT,1742058000000,4.395,4.403,4.371,4.386,144821.57,1742061599999,635554.49966,2539
DOTUSDT,1742061600000,4.386,4.395,4.355,4.367,176564.87,1742065199999,772804.20521,2432
DOTUSDT,1742065200000,4.365,4.368,4.335,4.354,191155.62,1742068799999,831364.5322,2886
DOTUSDT,1742068800000,4.354,4.377,4.349,4.377,154751.62,1742072399999,674838.70232,2545
DOTUSDT,1742072400000,4.378,4.402,4.37,4.383,133499.75,1742075999999,585809.0276,2239
DOTUSDT,1742076000000,4.384,4.393,4.364,4.375,72075.66,1742079599999,315518.34773,1587
DOTUSDT,1742079600000,4.375,4.376,4.344,4.349,94765.11,1742083199999,412888.62514,1668
DOTUSDT,1742083200000,4.35,4.36,4.333,4.338,92686.59,1742086799999,402654.49933,2249
DOTUSDT,1742086800000,4.338,4.347,4.307,4.309,139386.79,1742090399999,602489.62481,2614
DOTUSDT,1742090400000,4.31,4.327,4.293,4.306,209866.31,1742093999999,904353.09107,3548
DOTUSDT,1742094000000,4.307,4.342,4.304,4.333,75515.35,1742097599999,326817.44147,1755
DOTUSDT,1742097600000,4.333,4.349,4.323,4.34,51278.52,1742101199999,222284.63189,1375
DOTUSDT,1742101200000,4.34,4.358,4.337,4.349,49066.12,1742104799999,213218.58824,1310
DOTUSDT,1742104800000,4.348,4.348,4.317,4.318,64935.17,1742108399999,281181.11001,1611
DOTUSDT,1742108400000,4.318,4.333,4.301,4.314,340964.46,1742111999999,1471194.19595,2992
DOTUSDT,1742112000000,4.314,4.326,4.307,4.317,85218.47,1742115599999,367704.40874,1717
DOTUSDT,1742115600000,4.318,4.319,4.26,4.267,571820.56,1742119199999,2453750.88705,6392
DOTUSDT,1742119200000,4.267,4.282,4.252,4.254,105320.06,1742122799999,449187.92594,2210
DOTUSDT,1742122800000,4.255,4.257,4.183,4.196,400618.7,1742126399999,1688815.28063,6297
DOTUSDT,1742126400000,4.198,4.253,4.195,4.231,224838.32,1742129999999,950594.08631,3451
DOTUSDT,1742130000000,4.231,4.262,4.192,4.201,185548.45,1742133599999,784292.59898,2968
DOTUSDT,1742133600000,4.2,4.253,4.2,4.251,184618.58,1742137199999,780609.84389,3181
DOTUSDT,1742137200000,4.251,4.26,4.221,4.237,107706.03,1742140799999,456396.21886,2299
DOTUSDT,1742140800000,4.236,4.342,4.228,4.288,411695.9,1742144399999,1770036.04739,7809
DOTUSDT,1742144400000,4.287,4.318,4.251,4.275,153080.66,1742147999999,656002.97274,2958
DOTUSDT,1742148000000,4.276,4.279,4.246,4.255,76630.16,1742151599999,326578.49482,2157
DOTUSDT,1742151600000,4.255,4.262,4.203,4.229,185877.67,1742155199999,785812.29224,3976
DOTUSDT,1742155200000,4.23,4.348,4.225,4.347,225674.0,1742158799999,968470.5177,5732
DOTUSDT,1742158800000,4.347,4.366,4.291,4.318,655078.67,1742162399999,2842790.52456,7746
DOTUSDT,1742162400000,4.318,4.337,4.291,4.303,140115.28,1742165999999,604812.63024,2341
DOTUSDT,1742166000000,4.303,4.313,4.269,4.298,123373.21,1742169599999,529131.19589,2388
DOTUSDT,1742169600000,4.298,4.398,4.298,4.39,213464.67,1742173199999,930496.44931,3669
DOTUSDT,1742173200000,4.39,4.449,4.382,4.443,334600.69,1742176799999,1476959.83652,4819
DOTUSDT,1742176800000,4.442,4.468,4.404,4.434,303594.58,1742180399999,1346677.41238,5131
DOTUSDT,1742180400000,4.433,4.467,4.428,4.435,161209.68,1742183999999,716852.03245,4533
DOTUSDT,1742184000000,4.435,4.444,4.407,4.423,194772.77,1742187599999,860504.10217,3042
DOTUSDT,1742187600000,4.423,4.423,4.376,4.383,223310.93,1742191199999,980927.70436,3658
DOTUSDT,1742191200000,4.383,4.4,4.342,4.39,164890.7,1742194799999,721723.61878,3264
DOTUSDT,1742194800000,4.389,4.406,4.384,4.391,161925.36,1742198399999,711760.57736,2792
DOTUSDT,1742198400000,4.39,4.406,4.359,4.389,157229.4,1742201999999,689316.00162,2565
DOTUSDT,1742202000000,4.389,4.438,4.389,4.412,307044.43,1742205599999,1356526.37177,4494
DOTUSDT,1742205600000,4.413,4.414,4.369,4.383,133735.71,1742209199999,586762.88072,3377
DOTUSDT,1742209200000,4.383,4.388,4.363,4.372,145146.36,1742212799999,635132.25393,2833
DOTUSDT,1742212800000,4.371,4.419,4.335,4.345,450005.47,1742216399999,1968964.28344,7445
DOTUSDT,1742216400000,4.342,4.381,4.324,4.353,147993.98,1742219999999,644363.54689,3184
DOTUSDT,1742220000000,4.352,4.379,4.338,4.358,229153.32,1742223599999,999306.0263,4133
DOTUSDT,1742223600000,4.358,4.39,4.341,4.375,142393.36,1742227199999,622583.02503,2768
DOTUSDT,1742227200000,4.376,4.391,4.341,4.362,107259.32,1742230799999,468344.3513,2434
DOTUSDT,1742230800000,4.361,4.403,4.353,4.388,178592.26,1742234399999,783199.51946,3113
DOTUSDT,1742234400000,4.389,4.431,4.384,4.428,273966.37,1742237999999,1208716.8399,3036
DOTUSDT,1742238000000,4.428,4.436,4.401,4.403,123032.61,1742241599999,543748.14296,2484
DOTUSDT,1742241600000,4.404,4.423,4.392,4.407,182207.52,1742245199999,803549.41245,2477
DOTUSDT,1742245200000,4.408,4.434,4.407,4.41,147693.46,1742248799999,653344.50729,2313
DOTUSDT,1742248800000,4.41,4.42,4.386,4.387,88041.91,1742252399999,387570.46995,2734
DOTUSDT,1742252400000,4.387,4.413,4.367,4.37,392949.8,1742255999999,1724675.89786,4804
DOTUSDT,1742256000000,4.372,4.372,4.337,4.35,172803.18,1742259599999,752183.98647,2847
DOTUSDT,1742259600000,4.349,4.361,4.283,4.295,236562.41,1742263199999,1020154.06409,4016
DOTUSDT,1742263200000,4.295,4.319,4.29,4.306,127304.67,1742266799999,547817.15266,2710
DOTUSDT,1742266800000,4.306,4.306,4.26,4.263,135745.65,1742270399999,581127.15831,3031
DOTUSDT,1742270400000,4.262,4.283,4.247,4.259,132319.16,1742273999999,564510.15245,2515
DOTUSDT,1742274000000,4.258,4.295,4.257,4.282,122700.31,1742277599999,525016.35929,3110
DOTUSDT,1742277600000,4.281,4.291,4.232,4.246,133454.77,1742281199999,567914.63057,3076
DOTUSDT,1742281200000,4.245,4.312,4.239,4.299,278942.62,1742284799999,1196752.76552,3707
DOTUSDT,1742284800000,4.299,4.336,4.296,4.317,325339.37,1742288399999,1404858.43297,4367
DOTUSDT,1742288400000,4.318,4.331,4.281,4.283,132823.6,1742291999999,572637.33905,2291
DOTUSDT,1742292000000,4.283,4.296,4.263,4.28,164155.68,1742295599999,702029.63451,2599
DOTUSDT,1742295600000,4.281,4.29,4.252,4.264,113030.76,1742299199999,482946.39979,3135
DOTUSDT,1742299200000,4.263,4.289,4.258,4.278,98679.42,1742302799999,421831.66649,2284
DOTUSDT,1742302800000,4.276,4.333,4.256,4.279,483196.99,1742306399999,2075768.55128,7669
DOTUSDT,1742306400000,4.278,4.331,4.27,4.318,495899.31,1742309999999,2135566.27249,6357
DOTUSDT,1742310000000,4.317,4.321,4.279,4.292,175710.31,1742313599999,755923.8337,2933
DOTUSDT,1742313600000,4.292,4.304,4.256,4.277,241673.2,1742317199999,1035333.38904,3705
DOTUSDT,1742317200000,4.276,4.281,4.242,4.27,124244.51,1742320799999,529700.31994,2452
DOTUSDT,1742320800000,4.271,4.318,4.264,4.311,173612.45,1742324399999,746569.41336,3073
DOTUSDT,1742324400000,4.31,4.399,4.306,4.385,295060.12,1742327999999,1287161.84156,5492
DOTUSDT,1742328000000,4.386,4.4,4.359,4.398,146371.99,1742331599999,641389.99103,2795
DOTUSDT,1742331600000,4.4,4.43,4.39,4.418,192146.25,1742335199999,847832.32874,3448
DOTUSDT,1742335200000,4.417,4.485,4.403,4.473,210957.31,1742338799999,937562.82538,4136
DOTUSDT,1742338800000,4.474,4.487,4.45,4.45,230807.3,1742342399999,1031948.98331,3565
DOTUSDT,1742342400000,4.45,4.511,4.45,4.49,322056.68,1742345999999,1445429.52136,5366
DOTUSDT,1742346000000,4.492,4.507,4.444,4.449,254245.83,1742349599999,1137774.2148,3677
DOTUSDT,1742349600000,4.449,4.504,4.438,4.498,375844.6,1742353199999,1681879.77597,4827
DOTUSDT,1742353200000,4.498,4.533,4.484,4.525,300753.0,1742356799999,1353229.56796,4034
DOTUSDT,1742356800000,4.525,4.544,4.506,4.531,276627.68,1742360399999,1252765.19285,3722
DOTUSDT,1742360400000,4.532,4.549,4.494,4.495,247385.73,1742363999999,1117636.55037,3573
DOTUSDT,1742364000000,4.495,4.554,4.495,4.543,218737.01,1742367599999,989513.87069,3701
DOTUSDT,1742367600000,4.543,4.544,4.506,4.508,152254.46,1742371199999,688818.97936,3231
DOTUSDT,1742371200000,4.508,4.521,4.478,4.487,191616.81,1742374799999,861500.60297,6682
DOTUSDT,1742374800000,4.486,4.516,4.486,4.503,215573.01,1742378399999,970948.14258,3438
DOTUSDT,1742378400000,4.504,4.523,4.472,4.487,331925.28,1742381999999,1494100.28237,4482
DOTUSDT,1742382000000,4.487,4.558,4.482,4.537,364804.62,1742385599999,1649961.59179,5438
DOTUSDT,1742385600000,4.536,4.542,4.49,4.509,243210.13,1742389199999,1097711.84282,4086
DOTUSDT,1742389200000,4.507,4.588,4.497,4.554,777465.66,1742392799999,3531803.97354,12645
DOTUSDT,1742392800000,4.555,4.566,4.505,4.516,361261.41,1742396399999,1639621.32949,5725
DOTUSDT,1742396400000,4.515,4.557,4.5,4.535,257183.72,1742399999999,1165923.94024,3770
DOTUSDT,1742400000000,4.534,4.551,4.508,4.537,185123.37,1742403599999,837811.85288,3478
DOTUSDT,1742403600000,4.539,4.54,4.468,4.499,335432.65,1742407199999,1507686.38339,5434
DOTUSDT,1742407200000,4.499,4.579,4.455,4.562,756666.67,1742410799999,3413055.41437,14032
DOTUSDT,1742410800000,4.562,4.596,4.539,4.567,557477.06,1742414399999,2544929.56272,8630
DOTUSDT,1742414400000,4.567,4.574,4.506,4.515,300507.7,1742417999999,1366355.75428,3325
DOTUSDT,1742418000000,4.514,4.549,4.509,4.542,132894.97,1742421599999,601841.81003,2443
DOTUSDT,1742421600000,4.542,4.58,4.533,4.553,169233.87,1742425199999,771430.3149,2823
DOTUSDT,1742425200000,4.555,4.558,4.528,4.538,164277.04,1742428799999,745869.71808,2930
DOTUSDT,1742428800000,4.538,4.567,4.521,4.535,228131.11,1742432399999,1037185.64389,3942
DOTUSDT,1742432400000,4.535,4.542,4.487,4.491,211403.32,1742435999999,954030.592,2783
DOTUSDT,1742436000000,4.492,4.501,4.475,4.497,100593.96,1742439599999,451405.59371,1931
DOTUSDT,1742439600000,4.498,4.501,4.469,4.474,78748.04,1742443199999,353158.43984,1642
DOTUSDT,1742443200000,4.473,4.474,4.451,4.458,93616.8,1742446799999,417603.18355,1819
DOTUSDT,1742446800000,4.459,4.461,4.434,4.447,83653.02,1742450399999,371986.78497,1740
DOTUSDT,1742450400000,4.446,4.463,4.44,4.456,95128.07,1742453999999,423623.09473,1546
DOTUSDT,1742454000000,4.456,4.478,4.452,4.471,132253.7,1742457599999,590705.72129,2253
DOTUSDT,1742457600000,4.47,4.501,4.456,4.492,180521.16,1742461199999,809513.38887,3199
DOTUSDT,1742461200000,4.491,4.492,4.442,4.453,251197.44,1742464799999,1122865.56645,3851
DOTUSDT,1742464800000,4.452,4.452,4.386,4.388,262903.23,1742468399999,1160043.12927,6155
DOTUSDT,1742468400000,4.389,4.408,4.384,4.398,109564.02,1742471999999,481562.29055,2478
DOTUSDT,1742472000000,4.398,4.411,4.385,4.405,99083.39,1742475599999,435948.29146,2482
DOTUSDT,1742475600000,4.403,4.435,4.391,4.414,161493.69,1742479199999,712657.31938,2917
DOTUSDT,1742479200000,4.413,4.457,4.411,4.447,179723.12,1742482799999,798371.38176,3710
DOTUSDT,1742482800000,4.448,4.449,4.386,4.389,275551.67,1742486399999,1215010.63505,4728
DOTUSDT,1742486400000,4.389,4.407,4.344,4.356,257150.82,1742489999999,1124192.09747,4828
DOTUSDT,1742490000000,4.356,4.381,4.352,4.367,225058.78,1742493599999,982756.35559,3447
DOTUSDT,1742493600000,4.367,4.383,4.331,4.333,160763.75,1742497199999,700981.00822,3392
DOTUSDT,1742497200000,4.333,4.355,4.327,4.346,116769.14,1742500799999,506571.33522,2506
DOTUSDT,1742500800000,4.346,4.399,4.34,4.376,161024.72,1742504399999,704166.61651,3179
DOTUSDT,1742504400000,4.377,4.402,4.348,4.348,138284.14,1742507999999,605496.83973,2969
DOTUSDT,1742508000000,4.348,4.403,4.345,4.388,704735.94,1742511599999,3084039.19009,7296
DOTUSDT,1742511600000,4.388,4.402,4.366,4.399,164774.9,1742515199999,722563.21083,2125
DOTUSDT,1742515200000,4.4,4.451,4.391,4.429,520451.62,1742518799999,2299673.7418,6142
DOTUSDT,1742518800000,4.429,4.476,4.423,4.473,163227.15,1742522399999,727100.82309,3376
DOTUSDT,1742522400000,4.474,4.54,4.47,4.535,269625.74,1742525999999,1215827.18524,5324
DOTUSDT,1742526000000,4.536,4.54,4.463,4.464,236175.67,1742529599999,1061889.68729,3736
DOTUSDT,1742529600000,4.464,4.549,4.464,4.546,177943.62,1742533199999,803003.95938,3696
DOTUSDT,1742533200000,4.546,4.552,4.501,4.53,332178.09,1742536799999,1505130.22912,4963
DOTUSDT,1742536800000,4.529,4.565,4.513,4.527,237045.18,1742540399999,1076277.33868,4437
DOTUSDT,1742540400000,4.527,4.55,4.492,4.509,267839.89,1742543999999,1208845.64997,4681
DOTUSDT,1742544000000,4.509,4.537,4.458,4.487,312234.77,1742547599999,1403157.39285,5134
DOTUSDT,1742547600000,4.488,4.519,4.474,4.482,192498.51,1742551199999,865118.01799,3782
DOTUSDT,1742551200000,4.481,4.488,4.435,4.454,216079.56,1742554799999,962995.79012,3653
DOTUSDT,1742554800000,4.455,4.455,4.409,4.424,184142.75,1742558399999,815616.54012,4574
DOTUSDT,1742558400000,4.424,4.458,4.386,4.393,187950.81,1742561999999,830290.27341,3772
DOTUSDT,1742562000000,4.393,4.44,4.378,4.43,277885.96,1742565599999,1225162.31763,4925
DOTUSDT,1742565600000,4.43,4.452,4.392,4.442,175316.68,1742569199999,775982.88811,3718
DOTUSDT,1742569200000,4.442,4.471,4.411,4.447,442216.95,1742572799999,1965028.22565,5357
DOTUSDT,1742572800000,4.447,4.49,4.422,4.483,332993.39,1742576399999,1483316.45386,4789
DOTUSDT,1742576400000,4.483,4.523,4.46,4.511,158250.91,1742579999999,711370.7364,3077
DOTUSDT,1742580000000,4.51,4.579,4.508,4.556,374306.58,1742583599999,1703646.06294,6200
DOTUSDT,1742583600000,4.557,4.566,4.505,4.517,170148.39,1742587199999,770673.61462,2811
DOTUSDT,1742587200000,4.518,4.586,4.518,4.583,190274.02,1742590799999,867418.74602,3253
DOTUSDT,1742590800000,4.583,4.583,4.536,4.545,125395.73,1742594399999,571840.37181,2727
DOTUSDT,1742594400000,4.546,4.555,4.508,4.523,134569.07,1742597999999,609510.67634,2440
DOTUSDT,1742598000000,4.523,4.525,4.491,4.499,81036.28,1742601599999,365184.14404,2120
DOTUSDT,1742601600000,4.5,4.504,4.474,4.492,118564.06,1742605199999,532232.59638,2486
DOTUSDT,1742605200000,4.492,4.505,4.449,4.452,120660.45,1742608799999,539547.08881,5177
DOTUSDT,1742608800000,4.452,4.478,4.442,4.473,97326.13,1742612399999,434286.21701,1916
DOTUSDT,1742612400000,4.473,4.473,4.448,4.461,66500.09,1742615999999,296465.71895,1372
DOTUSDT,1742616000000,4.461,4.479,4.45,4.474,84146.34,1742619599999,375905.53232,1274
DOTUSDT,1742619600000,4.474,4.493,4.466,4.485,138210.55,1742623199999,618711.56633,1627
DOTUSDT,1742623200000,4.485,4.53,4.481,4.505,149481.02,1742626799999,674733.89623,2448
DOTUSDT,1742626800000,4.505,4.507,4.473,4.475,145994.92,1742630399999,655661.81823,2422
DOTUSDT,1742630400000,4.475,4.476,4.447,4.47,97439.39,1742633999999,434911.17981,3545
DOTUSDT,1742634000000,4.471,4.512,4.465,4.49,149632.55,1742637599999,672459.1038,2898
DOTUSDT,1742637600000,4.491,4.499,4.466,4.472,107070.39,1742641199999,479864.38717,2265
DOTUSDT,1742641200000,4.472,4.474,4.451,4.466,76873.56,1742644799999,343017.06635,1762
DOTUSDT,1742644800000,4.467,4.483,4.451,4.473,74435.75,1742648399999,332306.10716,1773
DOTUSDT,1742648400000,4.473,4.485,4.451,4.464,98444.05,1742651999999,439454.12916,1679
DOTUSDT,1742652000000,4.465,4.466,4.415,4.429,560096.49,1742655599999,2484846.37733,6267
DOTUSDT,1742655600000,4.429,4.469,4.418,4.465,281259.92,1742659199999,1249657.41788,3793
DOTUSDT,1742659200000,4.466,4.488,4.454,4.487,83810.33,1742662799999,374301.62433,2313
DOTUSDT,1742662800000,4.486,4.537,4.482,4.519,249449.07,1742666399999,1126241.13581,3951
DOTUSDT,1742666400000,4.52,4.547,4.51,4.518,154391.74,1742669999999,698987.42599,2593
DOTUSDT,1742670000000,4.518,4.536,4.514,4.525,63848.23,1742673599999,288865.39675,1512
DOTUSDT,1742673600000,4.526,4.533,4.474,4.479,129762.23,1742677199999,583300.58049,2713
DOTUSDT,1742677200000,4.478,4.494,4.461,4.47,110920.0,1742680799999,496592.54518,1963
DOTUSDT,1742680800000,4.47,4.483,4.46,4.461,52871.03,1742684399999,236267.40757,1071
DOTUSDT,1742684400000,4.461,4.461,4.427,4.446,116227.86,1742687999999,516137.65813,1992
DOTUSDT,1742688000000,4.446,4.469,4.43,4.453,174522.2,1742691599999,776604.99891,2216
DOTUSDT,1742691600000,4.453,4.469,4.44,4.456,126757.16,1742695199999,564387.87655,1542
DOTUSDT,1742695200000,4.455,4.461,4.438,4.448,65662.86,1742698799999,292203.6024,1300
DOTUSDT,1742698800000,4.449,4.455,4.433,4.453,71198.63,1742702399999,316241.4165,1299
DOTUSDT,1742702400000,4.454,4.458,4.417,4.424,95950.91,1742705999999,425275.00756,1597
DOTUSDT,1742706000000,4.424,4.436,4.404,4.433,81288.05,1742709599999,359274.75263,1788
DOTUSDT,1742709600000,4.432,4.453,4.417,4.449,94745.91,1742713199999,420266.81982,1413
DOTUSDT,1742713200000,4.449,4.487,4.444,4.457,127989.76,1742716799999,571420.66477,2148
DOTUSDT,1742716800000,4.458,4.461,4.431,4.433,89907.93,1742720399999,399363.96031,1948
DOTUSDT,1742720400000,4.433,4.445,4.42,4.438,93735.07,1742723999999,415405.14159,1974
DOTUSDT,1742724000000,4.438,4.459,4.437,4.458,99410.14,1742727599999,442388.11149,1805
DOTUSDT,1742727600000,4.459,4.488,4.456,4.472,182706.61,1742731199999,817409.16969,2840
DOTUSDT,1742731200000,4.474,4.48,4.457,4.459,73290.91,1742734799999,327576.1261,1642
DOTUSDT,1742734800000,4.459,4.494,4.456,4.489,87785.91,1742738399999,392985.99131,2072
DOTUSDT,1742738400000,4.49,4.498,4.463,4.464,160957.21,1742741999999,721476.77739,2351
DOTUSDT,1742742000000,4.465,4.488,4.452,4.453,120086.86,1742745599999,537058.25764,3149
DOTUSDT,1742745600000,4.452,4.465,4.436,4.451,116493.86,1742749199999,518721.33836,1871
DOTUSDT,1742749200000,4.452,4.457,4.401,4.414,130421.67,1742752799999,576925.20376,2327
DOTUSDT,1742752800000,4.412,4.434,4.4,4.421,124439.82,1742756399999,549326.88948,2226
DOTUSDT,1742756400000,4.42,4.469,4.418,4.469,91186.29,1742759999999,405409.65128,2234
DOTUSDT,1742760000000,4.469,4.518,4.469,4.477,185179.25,1742763599999,832431.43724,3277
DOTUSDT,1742763600000,4.477,4.481,4.445,4.473,112124.27,1742767199999,500430.927,1958
DOTUSDT,1742767200000,4.473,4.495,4.462,4.477,97751.87,1742770799999,437869.19846,2331
DOTUSDT,1742770800000,4.479,4.502,4.478,4.502,75285.21,1742774399999,338319.19551,1798
DOTUSDT,1742774400000,4.503,4.55,4.492,4.51,237728.25,1742777999999,1075571.47165,4693
DOTUSDT,1742778000000,4.51,4.518,4.471,4.475,126509.27,1742781599999,568349.11697,2764
DOTUSDT,1742781600000,4.474,4.511,4.469,4.505,79233.11,1742785199999,356335.40887,1973
DOTUSDT,1742785200000,4.505,4.571,4.503,4.55,251770.76,1742788799999,1144174.2736,5315
DOTUSDT,1742788800000,4.55,4.626,4.55,4.614,329453.28,1742792399999,1515618.99525,6268
DOTUSDT,1742792400000,4.614,4.668,4.614,4.628,302422.61,1742795999999,1403934.07714,5423
DOTUSDT,1742796000000,4.628,4.748,4.628,4.734,428517.83,1742799599999,2009915.33608,9042
DOTUSDT,1742799600000,4.733,4.749,4.703,4.71,280030.5,1742803199999,1322428.55138,5444
DOTUSDT,1742803200000,4.711,4.772,4.711,4.746,306686.75,1742806799999,1458102.7433,6332
DOTUSDT,1742806800000,4.747,4.773,4.725,4.756,208404.77,1742810399999,989617.96409,6027
DOTUSDT,1742810400000,4.756,4.757,4.733,4.747,193028.35,1742813999999,915609.74325,4578
DOTUSDT,1742814000000,4.748,4.753,4.689,4.694,301747.31,1742817599999,1421871.41901,6666
DOTUSDT,1742817600000,4.695,4.705,4.674,4.694,190172.76,1742821199999,891688.73445,4354
DOTUSDT,1742821200000,4.695,4.699,4.661,4.683,222178.39,1742824799999,1040303.36435,4240
DOTUSDT,1742824800000,4.684,4.753,4.676,4.707,334489.59,1742828399999,1579140.25731,5930
DOTUSDT,1742828400000,4.708,4.735,4.693,4.726,158229.38,1742831999999,746319.17118,3609
DOTUSDT,1742832000000,4.726,4.73,4.667,4.691,167590.54,1742835599999,786301.35986,3982
DOTUSDT,1742835600000,4.69,4.73,4.674,4.702,200380.93,1742839199999,943167.92849,4087
DOTUSDT,1742839200000,4.701,4.719,4.671,4.708,136778.06,1742842799999,642247.01952,3184
DOTUSDT,1742842800000,4.708,4.718,4.683,4.689,147984.11,1742846399999,695167.74555,3181
DOTUSDT,1742846400000,4.69,4.696,4.663,4.679,97925.29,1742849999999,458449.76467,2769
DOTUSDT,1742850000000,4.679,4.704,4.665,4.696,100580.96,1742853599999,471224.58973,2662
DOTUSDT,1742853600000,4.696,4.704,4.666,4.681,87566.41,1742857199999,409839.78488,2428
DOTUSDT,1742857200000,4.682,4.683,4.582,4.62,1018135.87,1742860799999,4700473.17188,9965
DOTUSDT,1742860800000,4.62,4.681,4.604,4.643,594990.11,1742864399999,2765680.56729,5174
DOTUSDT,1742864400000,4.643,4.645,4.596,4.616,130018.25,1742867999999,600542.46785,2555
DOTUSDT,1742868000000,4.615,4.645,4.606,4.631,79746.82,1742871599999,369082.59715,2055
DOTUSDT,1742871600000,4.632,4.64,4.582,4.598,122249.47,1742875199999,562558.68975,2527
DOTUSDT,1742875200000,4.597,4.629,4.586,4.61,127206.25,1742878799999,586670.522,3041
DOTUSDT,1742878800000,4.609,4.632,4.598,4.613,95744.56,1742882399999,442019.86248,1806
DOTUSDT,1742882400000,4.613,4.645,4.607,4.618,96744.68,1742885999999,447647.88475,1997
DOTUSDT,1742886000000,4.619,4.638,4.602,4.612,95642.45,1742889599999,441712.96095,1887
DOTUSDT,1742889600000,4.613,4.654,4.613,4.651,149339.3,1742893199999,692855.77957,2176
DOTUSDT,1742893200000,4.651,4.662,4.631,4.653,115867.43,1742896799999,538367.36163,2074
DOTUSDT,1742896800000,4.653,4.658,4.626,4.653,165087.68,1742900399999,766591.86267,2388
DOTUSDT,1742900400000,4.654,4.684,4.65,4.673,153779.74,1742903999999,718323.14432,2547
DOTUSDT,1742904000000,4.672,4.689,4.652,4.657,153235.55,1742907599999,715885.94703,2282
DOTUSDT,1742907600000,4.655,4.717,4.655,4.671,257077.64,1742911199999,1206766.75294,3679
DOTUSDT,1742911200000,4.673,4.721,4.664,4.714,174179.3,1742914799999,818092.3595,3143
DOTUSDT,1742914800000,4.714,4.72,4.656,4.668,443650.3,1742918399999,2078892.28835,4586
DOTUSDT,1742918400000,4.67,4.686,4.633,4.649,193073.18,1742921999999,899686.35121,2985
DOTUSDT,1742922000000,4.652,4.682,4.648,4.675,114654.24,1742925599999,535004.33051,2501
DOTUSDT,1742925600000,4.675,4.682,4.648,4.652,113666.16,1742929199999,530343.96304,2388
DOTUSDT,1742929200000,4.651,4.673,4.651,4.66,55482.9,1742932799999,258755.15327,1535
DOTUSDT,1742932800000,4.66,4.69,4.648,4.649,169221.35,1742936399999,789692.24554,2739
DOTUSDT,1742936400000,4.651,4.686,4.637,4.645,99405.27,1742939999999,463540.91219,2014
DOTUSDT,1742940000000,4.645,4.651,4.618,4.632,79052.19,1742943599999,366257.27432,2086
DOTUSDT,1742943600000,4.632,4.642,4.608,4.637,87058.89,1742947199999,402936.22423,2062
DOTUSDT,1742947200000,4.637,4.675,4.615,4.66,172891.43,1742950799999,804456.75127,4168
DOTUSDT,1742950800000,4.66,4.695,4.654,4.679,97980.13,1742954399999,458486.62707,1806
DOTUSDT,1742954400000,4.679,4.68,4.612,4.617,196264.78,1742957999999,910278.68265,2739
DOTUSDT,1742958000000,4.616,4.638,4.596,4.608,147340.25,1742961599999,679905.23446,2297
DOTUSDT,1742961600000,4.606,4.63,4.601,4.624,95855.99,1742965199999,442410.95507,1486
DOTUSDT,1742965200000,4.624,4.648,4.605,4.642,94114.67,1742968799999,435823.07003,1427
DOTUSDT,1742968800000,4.642,4.672,4.635,4.669,160799.9,1742972399999,749722.08554,2757
DOTUSDT,1742972400000,4.669,4.728,4.661,4.72,295634.81,1742975999999,1389225.00534,3439
DOTUSDT,1742976000000,4.719,4.737,4.682,4.693,204140.17,1742979599999,961208.11448,3071
DOTUSDT,1742979600000,4.693,4.741,4.688,4.705,182768.44,1742983199999,861222.95716,2909
DOTUSDT,1742983200000,4.704,4.76,4.704,4.746,192625.02,1742986799999,912263.23523,2968
DOTUSDT,1742986800000,4.746,4.767,4.738,4.754,172534.45,1742990399999,819967.34126,2254
DOTUSDT,1742990400000,4.753,4.763,4.713,4.744,287951.6,1742993999999,1363637.34006,5089
DOTUSDT,1742994000000,4.743,4.754,4.656,4.656,404444.85,1742997599999,1903048.32939,5114
DOTUSDT,1742997600000,4.655,4.695,4.614,4.663,349455.54,1743001199999,1625855.57384,5617
DOTUSDT,1743001200000,4.663,4.716,4.655,4.712,249265.38,1743004799999,1167572.03929,3654
DOTUSDT,1743004800000,4.711,4.739,4.685,4.708,245371.83,1743008399999,1155991.02613,3403
DOTUSDT,1743008400000,4.708,4.726,4.675,4.679,176972.68,1743011999999,830620.44932,3079
DOTUSDT,1743012000000,4.68,4.715,4.646,4.646,194218.71,1743015599999,909663.71733,2984
DOTUSDT,1743015600000,4.645,4.682,4.606,4.669,530995.05,1743019199999,2463550.09309,5760
DOTUSDT,1743019200000,4.666,4.733,4.662,4.707,482515.37,1743022799999,2271373.84079,5440
DOTUSDT,1743022800000,4.706,4.732,4.647,4.718,377204.65,1743026399999,1776004.30529,4483
DOTUSDT,1743026400000,4.718,4.722,4.657,4.696,156369.72,1743029999999,733430.49348,3464
DOTUSDT,1743030000000,4.697,4.7,4.651,4.694,162219.41,1743033599999,759489.10512,2972
DOTUSDT,1743033600000,4.695,4.75,4.685,4.748,215898.77,1743037199999,1017517.75593,4170
DOTUSDT,1743037200000,4.748,4.753,4.707,4.719,168679.44,1743040799999,796662.71797,3080
DOTUSDT,1743040800000,4.719,4.759,4.716,4.733,424731.61,1743044399999,2011785.20038,6113
DOTUSDT,1743044400000,4.734,4.751,4.717,4.738,111547.22,1743047999999,528214.5687,2517
DOTUSDT,1743048000000,4.736,4.744,4.719,4.723,144760.32,1743051599999,684564.94144,1948
DOTUSDT,1743051600000,4.722,4.725,4.676,4.679,187416.23,1743055199999,881079.93242,2773
DOTUSDT,1743055200000,4.678,4.715,4.676,4.686,82932.25,1743058799999,389334.13339,1697
DOTUSDT,1743058800000,4.687,4.707,4.665,4.676,179267.76,1743062399999,839562.19438,2536
DOTUSDT,1743062400000,4.675,4.688,4.647,4.659,129181.75,1743065999999,602550.03057,2386
DOTUSDT,1743066000000,4.659,4.66,4.625,4.632,159657.15,1743069599999,740203.3016,2679
DOTUSDT,1743069600000,4.633,4.652,4.614,4.615,217844.43,1743073199999,1009234.8106,3081
DOTUSDT,1743073200000,4.614,4.635,4.579,4.581,274445.5,1743076799999,1262753.11003,3878
DOTUSDT,1743076800000,4.581,4.583,4.541,4.561,286406.98,1743080399999,1307586.7931,4140
DOTUSDT,1743080400000,4.561,4.583,4.495,4.541,506533.28,1743083999999,2293306.02208,6746
DOTUSDT,1743084000000,4.539,4.632,4.53,4.628,375192.92,1743087599999,1719626.25613,4777
DOTUSDT,1743087600000,4.628,4.662,4.571,4.574,680229.24,1743091199999,3148483.99182,6190
DOTUSDT,1743091200000,4.574,4.615,4.557,4.557,162542.52,1743094799999,745898.79047,2997
DOTUSDT,1743094800000,4.557,4.599,4.549,4.578,774780.05,1743098399999,3548869.49898,7842
DOTUSDT,1743098400000,4.578,4.616,4.576,4.606,114515.58,1743101999999,526502.7385,2323
DOTUSDT,1743102000000,4.606,4.614,4.584,4.586,77479.21,1743105599999,356200.2342,1773
DOTUSDT,1743105600000,4.587,4.634,4.582,4.634,86816.5,1743109199999,400399.8024,2145
DOTUSDT,1743109200000,4.634,4.665,4.622,4.664,167346.51,1743112799999,777383.06462,3230
DOTUSDT,1743112800000,4.665,4.668,4.633,4.634,56961.16,1743116399999,264561.91487,1632
DOTUSDT,1743116400000,4.635,4.639,4.61,4.625,93000.35,1743119999999,430094.49791,1661
DOTUSDT,1743120000000,4.623,4.626,4.584,4.613,118098.47,1743123599999,543533.07081,2249
DOTUSDT,1743123600000,4.614,4.646,4.588,4.624,150850.58,1743127199999,697032.54154,2321
DOTUSDT,1743127200000,4.625,4.634,4.599,4.601,73412.89,1743130799999,338588.9592,1545
DOTUSDT,1743130800000,4.601,4.602,4.555,4.571,119488.64,1743134399999,546153.08499,2092
DOTUSDT,1743134400000,4.572,4.575,4.441,4.489,528190.18,1743137999999,2370426.17428,8005
DOTUSDT,1743138000000,4.487,4.487,4.387,4.398,351920.11,1743141599999,1557494.19926,5535
DOTUSDT,1743141600000,4.397,4.413,4.333,4.339,303323.1,1743145199999,1325160.19361,5035
DOTUSDT,1743145200000,4.338,4.359,4.308,4.31,304582.08,1743148799999,1320892.80105,4576
DOTUSDT,1743148800000,4.309,4.333,4.282,4.297,317252.12,1743152399999,1366838.46618,4896
DOTUSDT,1743152400000,4.297,4.323,4.276,4.294,337898.35,1743155999999,1451449.97307,4428
DOTUSDT,1743156000000,4.294,4.305,4.267,4.278,161204.75,1743159599999,690875.80862,3425
DOTUSDT,1743159600000,4.277,4.298,4.25,4.293,303059.93,1743163199999,1294833.2368,5045
DOTUSDT,1743163200000,4.292,4.305,4.242,4.255,252780.34,1743166799999,1081285.1813,4372
DOTUSDT,1743166800000,4.254,4.353,4.25,4.309,736111.88,1743170399999,3184349.46077,8589
DOTUSDT,1743170400000,4.309,4.316,4.265,4.283,315102.61,1743173999999,1351278.54546,4116
DOTUSDT,1743174000000,4.283,4.328,4.268,4.289,206011.36,1743177599999,886800.32295,3218
DOTUSDT,1743177600000,4.289,4.318,4.249,4.276,213123.66,1743181199999,913975.89334,3298
DOTUSDT,1743181200000,4.275,4.319,4.268,4.306,290561.06,1743184799999,1248535.86416,3584
DOTUSDT,1743184800000,4.306,4.316,4.28,4.294,108735.36,1743188399999,467322.92074,2113
DOTUSDT,1743188400000,4.295,4.303,4.259,4.27,94730.5,1743191999999,405559.84621,1688
DOTUSDT,1743192000000,4.27,4.304,4.254,4.259,106533.92,1743195599999,456408.45325,2191
DOTUSDT,1743195600000,4.26,4.292,4.25,4.275,89101.62,1743199199999,380495.74311,1755
DOTUSDT,1743199200000,4.273,4.31,4.273,4.307,87899.2,1743202799999,377467.44481,1951
DOTUSDT,1743202800000,4.306,4.306,4.274,4.282,95204.32,1743206399999,407815.23776,1746
DOTUSDT,1743206400000,4.282,4.304,4.267,4.269,99387.18,1743209999999,426275.62658,2430
DOTUSDT,1743210000000,4.267,4.279,4.225,4.244,221980.62,1743213599999,943841.22525,3488
DOTUSDT,1743213600000,4.244,4.257,4.19,4.199,223269.55,1743217199999,941384.33417,2912
DOTUSDT,1743217200000,4.2,4.239,4.168,4.232,187467.55,1743220799999,787668.85662,2922
DOTUSDT,1743220800000,4.231,4.241,4.203,4.213,69388.99,1743224399999,292746.69365,1520
DOTUSDT,1743224400000,4.213,4.213,4.182,4.195,70389.39,1743227999999,295256.61348,1426
DOTUSDT,1743228000000,4.194,4.194,4.145,4.168,187368.72,1743231599999,779843.33621,2521
DOTUSDT,1743231600000,4.168,4.175,4.125,4.14,207741.63,1743235199999,862187.65362,2715
DOTUSDT,1743235200000,4.141,4.18,4.126,4.175,198997.03,1743238799999,826735.2115,3054
DOTUSDT,1743238800000,4.175,4.18,4.102,4.136,224884.07,1743242399999,929003.29982,3178
DOTUSDT,1743242400000,4.136,4.137,4.103,4.108,156785.97,1743245999999,645462.45828,2112
DOTUSDT,1743246000000,4.108,4.127,4.051,4.081,522733.69,1743249599999,2130791.88035,5406
DOTUSDT,1743249600000,4.082,4.092,4.064,4.086,186516.84,1743253199999,760817.74798,2222
DOTUSDT,1743253200000,4.085,4.119,4.085,4.118,166063.86,1743256799999,681551.02377,2088
DOTUSDT,1743256800000,4.118,4.118,4.061,4.081,129173.6,1743260399999,527603.04967,1741
DOTUSDT,1743260400000,4.081,4.1,4.067,4.072,118362.92,1743263999999,483258.38672,1417
DOTUSDT,1743264000000,4.072,4.092,4.049,4.054,257297.63,1743267599999,1046331.77322,3235
DOTUSDT,1743267600000,4.054,4.088,4.005,4.071,439878.69,1743271199999,1780104.58815,4821
DOTUSDT,1743271200000,4.071,4.083,4.05,4.058,125838.36,1743274799999,511942.0696,1878
DOTUSDT,1743274800000,4.058,4.071,4.029,4.071,97066.15,1743278399999,392837.96608,1579
DOTUSDT,1743278400000,4.071,4.071,4.014,4.021,158834.08,1743281999999,641065.4223,1975
DOTUSDT,1743282000000,4.02,4.054,4.013,4.027,87019.38,1743285599999,351017.72997,1311
DOTUSDT,1743285600000,4.026,4.033,4.004,4.015,90169.63,1743289199999,362309.92232,1263
DOTUSDT,1743289200000,4.015,4.059,3.996,4.05,252303.39,1743292799999,1016238.07139,2787
DOTUSDT,1743292800000,4.05,4.066,4.029,4.053,117792.87,1743296399999,477110.75353,1892
DOTUSDT,1743296400000,4.053,4.138,4.053,4.107,354650.2,1743299999999,1454229.69076,5153
DOTUSDT,1743300000000,4.106,4.15,4.106,4.128,157988.88,1743303599999,652241.22884,2302
DOTUSDT,1743303600000,4.129,4.146,4.104,4.106,148366.25,1743307199999,611660.20761,1890
DOTUSDT,1743307200000,4.106,4.135,4.105,4.117,101267.18,1743310799999,417607.1417,1542
DOTUSDT,1743310800000,4.117,4.134,4.098,4.109,120953.58,1743314399999,497709.22599,1836
DOTUSDT,1743314400000,4.108,4.127,4.089,4.118,71692.08,1743317999999,294461.99335,1584
DOTUSDT,1743318000000,4.117,4.135,4.116,4.128,133063.36,1743321599999,549288.26912,1772
DOTUSDT,1743321600000,4.129,4.167,4.118,4.165,163892.48,1743325199999,679121.39351,1992
DOTUSDT,1743325200000,4.164,4.173,4.135,4.14,113389.25,1743328799999,471383.85996,1464
DOTUSDT,1743328800000,4.139,4.151,4.093,4.106,120408.54,1743332399999,495836.6846,2055
DOTUSDT,1743332400000,4.105,4.128,4.09,4.097,69154.42,1743335999999,283780.3105,1231
DOTUSDT,1743336000000,4.097,4.112,4.084,4.094,97934.53,1743339599999,401104.88014,1478
DOTUSDT,1743339600000,4.093,4.101,4.041,4.041,204026.46,1743343199999,829589.79002,3092
DOTUSDT,1743343200000,4.041,4.076,4.027,4.063,193678.6,1743346799999,784224.46676,2602
DOTUSDT,1743346800000,4.062,4.091,4.055,4.062,68983.02,1743350399999,280937.54176,1409
DOTUSDT,1743350400000,4.062,4.079,4.016,4.027,156151.49,1743353999999,631334.18056,2100
DOTUSDT,1743354000000,4.027,4.048,4.001,4.046,147855.52,1743357599999,595323.4098,2067
DOTUSDT,1743357600000,4.045,4.105,4.045,4.104,143513.51,1743361199999,585200.51483,2717
DOTUSDT,1743361200000,4.104,4.121,4.08,4.081,101442.68,1743364799999,415607.59644,1460
DOTUSDT,1743364800000,4.081,4.086,4.062,4.067,58816.45,1743368399999,239541.01827,1124
DOTUSDT,1743368400000,4.068,4.085,4.026,4.044,69689.78,1743371999999,282773.3394,1350
DOTUSDT,1743372000000,4.044,4.063,3.985,4.044,294775.93,1743375599999,1182785.76851,3964
DOTUSDT,1743375600000,4.044,4.047,4.006,4.042,93430.62,1743379199999,376214.72647,1713
DOTUSDT,1743379200000,4.043,4.048,3.974,3.998,196475.65,1743382799999,786837.6779,3515
DOTUSDT,1743382800000,3.999,4.063,3.994,4.058,131562.9,1743386399999,531218.06249,2335
DOTUSDT,1743386400000,4.059,4.082,4.03,4.056,94376.87,1743389999999,382894.05969,1565
DOTUSDT,1743390000000,4.055,4.07,4.011,4.019,91206.34,1743393599999,368206.52536,1490
DOTUSDT,1743393600000,4.019,4.069,4.005,4.065,173944.37,1743397199999,702634.47114,2118
DOTUSDT,1743397200000,4.065,4.086,4.041,4.044,134852.46,1743400799999,548339.51196,1550
DOTUSDT,1743400800000,4.043,4.054,4.009,4.024,135697.57,1743404399999,547246.06292,1644
DOTUSDT,1743404400000,4.024,4.046,3.978,4.001,190680.7,1743407999999,762961.4172,3149
DOTUSDT,1743408000000,4.0,4.029,3.979,3.984,200518.19,1743411599999,804543.92638,2414
DOTUSDT,1743411600000,3.985,4.01,3.949,3.966,213138.29,1743415199999,846999.56827,3251
DOTUSDT,1743415200000,3.966,4.028,3.949,4.02,183392.05,1743418799999,731189.01675,2362
DOTUSDT,1743418800000,4.02,4.042,3.996,4.028,112920.07,1743422399999,453891.74536,1421
DOTUSDT,1743422400000,4.028,4.049,3.994,4.04,859065.11,1743425999999,3446607.10875,5491
DOTUSDT,1743426000000,4.041,4.048,3.964,4.011,448360.44,1743429599999,1795864.2132,4385
DOTUSDT,1743429600000,4.012,4.079,4.012,4.067,305000.05,1743433199999,1234707.15971,3366
DOTUSDT,1743433200000,4.068,4.093,4.054,4.056,299481.68,1743436799999,1221557.39387,2854
DOTUSDT,1743436800000,4.057,4.073,4.035,4.054,157556.3,1743440399999,639164.19159,2971
DOTUSDT,1743440400000,4.054,4.072,4.017,4.034,118466.45,1743443999999,478913.27151,1838
DOTUSDT,1743444000000,4.034,4.085,4.034,4.07,163073.82,1743447599999,662255.67347,2181
DOTUSDT,1743447600000,4.07,4.084,4.035,4.037,76674.04,1743451199999,311552.30782,1322
DOTUSDT,1743451200000,4.037,4.06,4.025,4.031,76040.98,1743454799999,307260.70998,1090
DOTUSDT,1743454800000,4.031,4.05,4.029,4.033,73565.92,1743458399999,297285.25025,1043
DOTUSDT,1743458400000,4.032,4.033,4.009,4.033,89785.61,1743461999999,360873.18236,1287
DOTUSDT,1743462000000,4.031,4.044,4.015,4.02,96726.47,1743465599999,389597.94644,2935
DOTUSDT,1743465600000,4.021,4.058,4.015,4.049,158159.08,1743469199999,638861.49308,1949
DOTUSDT,1743469200000,4.05,4.051,4.015,4.028,123976.34,1743472799999,499064.47956,1465
DOTUSDT,1743472800000,4.028,4.071,4.026,4.069,80817.87,1743476399999,327428.04113,1151
DOTUSDT,1743476400000,4.071,4.091,4.065,4.08,137578.08,1743479999999,561353.67993,1424
DOTUSDT,1743480000000,4.081,4.107,4.077,4.104,123360.14,1743483599999,505436.39115,1556
DOTUSDT,1743483600000,4.103,4.133,4.102,4.104,105599.0,1743487199999,434948.56909,1581
DOTUSDT,1743487200000,4.104,4.163,4.096,4.144,212712.86,1743490799999,881208.36975,3133
DOTUSDT,1743490800000,4.145,4.166,4.141,4.143,131173.11,1743494399999,544784.1965,1930
DOTUSDT,1743494400000,4.143,4.227,4.143,4.226,402463.31,1743497999999,1688894.61357,4580
DOTUSDT,1743498000000,4.226,4.261,4.223,4.25,239278.22,1743501599999,1014793.47895,3263
DOTUSDT,1743501600000,4.251,4.252,4.206,4.209,240992.49,1743505199999,1017944.51896,6631
DOTUSDT,1743505200000,4.209,4.219,4.161,4.193,221463.72,1743508799999,927777.89932,3154
DOTUSDT,1743508800000,4.195,4.213,4.164,4.188,228868.77,1743512399999,958089.04979,2518
DOTUSDT,1743512400000,4.188,4.221,4.182,4.203,159057.7,1743515999999,668407.98081,2199
DOTUSDT,1743516000000,4.203,4.224,4.132,4.21,386652.48,1743519599999,1615833.75435,5172
DOTUSDT,1743519600000,4.21,4.282,4.21,4.253,419778.37,1743523199999,1786282.04955,5210
DOTUSDT,1743523200000,4.253,4.263,4.203,4.212,240423.82,1743526799999,1016017.55647,3207
DOTUSDT,1743526800000,4.213,4.217,4.183,4.185,175501.12,1743530399999,737841.03832,2384
DOTUSDT,1743530400000,4.185,4.188,4.151,4.182,139053.78,1743533999999,579730.2334,3455
DOTUSDT,1743534000000,4.182,4.186,4.147,4.154,108888.64,1743537599999,452779.22498,1566
DOTUSDT,1743537600000,4.154,4.167,4.13,4.163,140673.51,1743541199999,583377.32066,1797
DOTUSDT,1743541200000,4.163,4.185,4.157,4.166,84706.84,1743544799999,353326.17829,1561
DOTUSDT,1743544800000,4.165,4.198,4.163,4.175,65222.49,1743548399999,272672.85719,1057
DOTUSDT,1743548400000,4.175,4.189,4.157,4.171,90947.11,1743551999999,379595.53602,1494
DOTUSDT,1743552000000,4.171,4.176,4.115,4.121,192767.14,1743555599999,797314.69362,2692
DOTUSDT,1743555600000,4.122,4.132,4.1,4.115,156256.57,1743559199999,643097.0943,2293
DOTUSDT,1743559200000,4.116,4.12,4.063,4.081,201527.08,1743562799999,823065.60882,2549
DOTUSDT,1743562800000,4.081,4.119,4.076,4.108,88437.56,1743566399999,362953.68309,1245
DOTUSDT,1743566400000,4.107,4.121,4.082,4.1,101340.24,1743569999999,415935.63785,1238
DOTUSDT,1743570000000,4.1,4.1,4.035,4.037,184583.93,1743573599999,749494.17291,2452
DOTUSDT,1743573600000,4.036,4.056,4.018,4.02,149424.73,1743577199999,603549.34306,1879
DOTUSDT,1743577200000,4.02,4.086,4.016,4.067,254513.83,1743580799999,1032915.9235,2965
DOTUSDT,1743580800000,4.066,4.11,4.051,4.085,264010.43,1743584399999,1077699.0053,2801
DOTUSDT,1743584400000,4.085,4.135,4.083,4.106,151565.96,1743587999999,623341.53791,2152
DOTUSDT,1743588000000,4.107,4.121,4.076,4.08,112894.77,1743591599999,462984.57282,2325
DOTUSDT,1743591600000,4.079,4.093,4.065,4.067,113073.8,1743595199999,461411.21868,1371
DOTUSDT,1743595200000,4.067,4.093,4.051,4.092,108302.58,1743598799999,440705.71094,1650
DOTUSDT,1743598800000,4.092,4.146,4.045,4.102,318546.46,1743602399999,1307583.04418,4496
DOTUSDT,1743602400000,4.101,4.134,4.088,4.125,313749.21,1743605999999,1291739.14793,3558
DOTUSDT,1743606000000,4.125,4.24,4.122,4.212,696856.61,1743609599999,2921150.68986,9071
DOTUSDT,1743609600000,4.213,4.23,4.175,4.186,342539.06,1743613199999,1438916.70115,4288
DOTUSDT,1743613200000,4.186,4.206,4.119,4.141,360410.51,1743616799999,1499750.30801,6581
DOTUSDT,1743616800000,4.142,4.174,4.133,4.148,139632.1,1743620399999,580011.54374,2716
DOTUSDT,1743620400000,4.149,4.151,4.126,4.15,185808.2,1743623999999,768756.00978,2626
DOTUSDT,1743624000000,4.148,4.236,4.081,4.133,1272719.31,1743627599999,5270841.87282,18335
DOTUSDT,1743627600000,4.134,4.143,4.072,4.104,259335.26,1743631199999,1064437.13427,3631
DOTUSDT,1743631200000,4.102,4.102,3.921,3.942,584075.05,1743634799999,2333838.03083,8502
DOTUSDT,1743634800000,3.941,3.983,3.911,3.965,437416.9,1743638399999,1725527.41856,4816
DOTUSDT,1743638400000,3.965,4.041,3.941,4.039,275460.38,1743641999999,1100268.29473,3938
DOTUSDT,1743642000000,4.039,4.078,4.024,4.067,141194.9,1743645599999,572139.64751,2194
DOTUSDT,1743645600000,4.067,4.111,4.052,4.082,242639.73,1743649199999,990489.62715,3407
DOTUSDT,1743649200000,4.081,4.086,4.032,4.038,139169.81,1743652799999,563556.3271,2439
DOTUSDT,1743652800000,4.039,4.065,4.032,4.057,122343.91,1743656399999,495043.73386,2135
DOTUSDT,1743656400000,4.058,4.068,4.026,4.026,87478.19,1743659999999,353690.26976,1312
DOTUSDT,1743660000000,4.027,4.037,3.985,3.988,155775.66,1743663599999,624405.38695,1830
DOTUSDT,1743663600000,3.989,4.011,3.975,4.001,230595.3,1743667199999,920704.10619,2562
DOTUSDT,1743667200000,4.001,4.026,3.991,4.017,155208.85,1743670799999,622303.12827,2744
DOTUSDT,1743670800000,4.018,4.026,3.99,3.996,107698.74,1743674399999,431329.67355,1754
DOTUSDT,1743674400000,3.994,4.009,3.948,3.95,170875.55,1743677999999,679398.44301,5527
DOTUSDT,1743678000000,3.95,3.97,3.928,3.942,267354.76,1743681599999,1054844.87376,3174
DOTUSDT,1743681600000,3.943,3.949,3.845,3.86,655688.5,1743685199999,2551931.44643,7980
DOTUSDT,1743685200000,3.86,3.945,3.852,3.942,322899.31,1743688799999,1258376.82439,5536
DOTUSDT,1743688800000,3.941,3.944,3.862,3.875,525317.68,1743692399999,2049338.09034,6668
DOTUSDT,1743692400000,3.873,3.963,3.872,3.96,254322.18,1743695999999,999108.01335,4012
DOTUSDT,1743696000000,3.959,3.99,3.945,3.953,224732.0,1743699599999,892275.68317,3321
DOTUSDT,1743699600000,3.952,3.991,3.952,3.982,142690.08,1743703199999,567008.11388,2141
DOTUSDT,1743703200000,3.982,4.037,3.97,4.028,225631.56,1743706799999,904971.25264,3289
DOTUSDT,1743706800000,4.029,4.06,4.019,4.025,139909.0,1743710399999,565110.88327,2375
DOTUSDT,1743710400000,4.025,4.049,4.004,4.031,143706.13,1743713999999,578555.6519,1891
DOTUSDT,1743714000000,4.033,4.081,4.031,4.068,94319.99,1743717599999,382098.88359,1908
DOTUSDT,1743717600000,4.067,4.079,4.049,4.054,84775.47,1743721199999,344421.27205,1471
DOTUSDT,1743721200000,4.052,4.064,4.025,4.059,154189.56,1743724799999,623592.6967,1944
DOTUSDT,1743724800000,4.06,4.074,4.022,4.026,114567.3,1743728399999,463294.42534,1747
DOTUSDT,1743728400000,4.027,4.038,3.986,3.994,114949.15,1743731999999,461341.74406,2025
DOTUSDT,1743732000000,3.996,4.05,3.994,4.023,123153.85,1743735599999,495987.91333,1638
DOTUSDT,1743735600000,4.022,4.026,4.002,4.019,58699.65,1743739199999,235698.22724,1108
DOTUSDT,1743739200000,4.021,4.025,3.995,3.998,69673.36,1743742799999,279174.94822,1173
DOTUSDT,1743742800000,3.999,4.038,3.979,4.037,126247.61,1743746399999,506445.59515,1707
DOTUSDT,1743746400000,4.038,4.048,4.023,4.023,111287.8,1743749999999,449410.55418,1553
DOTUSDT,1743750000000,4.024,4.094,4.023,4.082,306995.76,1743753599999,1246657.07548,3476
DOTUSDT,1743753600000,4.084,4.131,4.083,4.11,221396.04,1743757199999,909404.57641,2946
DOTUSDT,1743757200000,4.11,4.123,4.097,4.101,128675.7,1743760799999,528899.34433,1311
DOTUSDT,1743760800000,4.102,4.108,3.986,4.0,340912.0,1743764399999,1376764.97791,5111
DOTUSDT,1743764400000,4.001,4.022,3.946,4.021,254427.34,1743767999999,1013669.97623,3835
DOTUSDT,1743768000000,4.021,4.069,3.994,4.051,391706.36,1743771599999,1577643.20452,5384
DOTUSDT,1743771600000,4.052,4.093,4.018,4.08,295996.89,1743775199999,1201033.64411,5881
DOTUSDT,1743775200000,4.081,4.092,4.027,4.063,222490.29,1743778799999,903151.17539,3930
DOTUSDT,1743778800000,4.062,4.124,4.047,4.056,541969.81,1743782399999,2212533.17403,7226
DOTUSDT,1743782400000,4.057,4.087,4.02,4.048,490736.13,1743785999999,1992347.4762,7164
DOTUSDT,1743786000000,4.046,4.102,4.022,4.087,251292.59,1743789599999,1022332.72991,3634
DOTUSDT,1743789600000,4.087,4.093,4.042,4.047,169096.68,1743793199999,687408.59228,2575
DOTUSDT,1743793200000,4.047,4.059,4.033,4.044,81671.38,1743796799999,330288.83777,1375
DOTUSDT,1743796800000,4.044,4.056,4.026,4.05,107128.29,1743800399999,432976.92668,1359
DOTUSDT,1743800400000,4.049,4.078,4.039,4.052,73312.24,1743803999999,297407.14341,1179
DOTUSDT,1743804000000,4.053,4.059,4.032,4.033,58709.22,1743807599999,237502.22251,867
DOTUSDT,1743807600000,4.033,4.038,4.011,4.035,133908.06,1743811199999,538756.69183,1341
DOTUSDT,1743811200000,4.034,4.041,4.015,4.037,53093.92,1743814799999,213839.75255,842
DOTUSDT,1743814800000,4.037,4.069,4.031,4.047,79414.12,1743818399999,321672.74615,1114
DOTUSDT,1743818400000,4.047,4.048,4.03,4.036,34894.24,1743821999999,140903.7795,818
DOTUSDT,1743822000000,4.036,4.039,4.021,4.024,47499.7,1743825599999,191344.67606,789
DOTUSDT,1743825600000,4.025,4.03,3.999,4.008,64659.27,1743829199999,259599.00378,1148
DOTUSDT,1743829200000,4.008,4.026,4.004,4.005,46234.78,1743832799999,185561.92493,737
DOTUSDT,1743832800000,4.004,4.01,3.991,4.006,56592.95,1743836399999,226418.02506,894
DOTUSDT,1743836400000,4.006,4.018,3.995,4.005,88008.67,1743839999999,352409.69026,1053
DOTUSDT,1743840000000,4.006,4.01,3.992,4.007,61878.86,1743843599999,247570.48078,1057
DOTUSDT,1743843600000,4.006,4.016,3.995,4.006,112965.83,1743847199999,452360.35246,1586
DOTUSDT,1743847200000,4.007,4.012,3.994,3.995,55800.15,1743850799999,223395.66661,1138
DOTUSDT,1743850800000,3.996,3.998,3.981,3.984,107407.01,1743854399999,428340.30457,1616
DOTUSDT,1743854400000,3.984,3.992,3.951,3.964,240036.31,1743857999999,952191.19038,2926
DOTUSDT,1743858000000,3.965,3.968,3.912,3.919,217303.69,1743861599999,854818.09218,3305
DOTUSDT,1743861600000,3.918,3.937,3.91,3.924,190926.1,1743865199999,748839.47271,2993
DOTUSDT,1743865200000,3.924,3.924,3.897,3.914,151168.26,1743868799999,591032.02272,2163
DOTUSDT,1743868800000,3.913,3.923,3.903,3.91,71660.12,1743872399999,280476.28644,1487
DOTUSDT,1743872400000,3.911,3.934,3.904,3.925,52366.37,1743875999999,205364.20281,1100
DOTUSDT,1743876000000,3.925,3.951,3.922,3.949,66416.27,1743879599999,261608.04145,1385
DOTUSDT,1743879600000,3.949,3.955,3.921,3.928,89177.15,1743883199999,351598.18609,1306
DOTUSDT,1743883200000,3.928,3.954,3.921,3.942,68365.38,1743886799999,269161.16559,1416
DOTUSDT,1743886800000,3.943,3.952,3.925,3.93,48964.02,1743890399999,192825.83101,1130
DOTUSDT,1743890400000,3.93,3.945,3.929,3.943,30099.08,1743893999999,118511.43497,671
DOTUSDT,1743894000000,3.944,3.963,3.94,3.956,61520.2,1743897599999,242850.10013,1053
DOTUSDT,1743897600000,3.955,3.976,3.943,3.961,133025.36,1743901199999,527309.09727,3704
DOTUSDT,1743901200000,3.961,3.974,3.942,3.944,120483.92,1743904799999,476942.76303,1639
DOTUSDT,1743904800000,3.946,3.947,3.92,3.922,87152.08,1743908399999,342703.24809,1555
DOTUSDT,1743908400000,3.923,3.934,3.914,3.931,69238.29,1743911999999,271623.97988,1219
DOTUSDT,1743912000000,3.931,3.946,3.907,3.943,135480.71,1743915599999,531863.84448,3138
DOTUSDT,1743915600000,3.944,3.96,3.933,3.952,56224.01,1743919199999,221938.43097,1300
DOTUSDT,1743919200000,3.953,3.956,3.926,3.926,48721.12,1743922799999,191908.10423,1134
DOTUSDT,1743922800000,3.926,3.934,3.917,3.921,73171.95,1743926399999,287096.21545,1349
DOTUSDT,1743926400000,3.921,3.939,3.907,3.933,115478.18,1743929999999,452850.4473,1475
DOTUSDT,1743930000000,3.933,3.941,3.922,3.932,39811.59,1743933599999,156483.57727,1188
DOTUSDT,1743933600000,3.931,3.945,3.922,3.943,54046.19,1743937199999,212634.76241,2325
DOTUSDT,1743937200000,3.942,3.945,3.921,3.94,79730.36,1743940799999,313406.54003,2918
DOTUSDT,1743940800000,3.94,3.944,3.917,3.925,80601.62,1743944399999,316878.78416,3963
DOTUSDT,1743944400000,3.924,3.927,3.838,3.851,511028.24,1743947999999,1979773.37591,8634
DOTUSDT,1743948000000,3.851,3.903,3.843,3.901,160496.09,1743951599999,622517.86533,3096
DOTUSDT,1743951600000,3.901,3.911,3.881,3.894,176136.24,1743955199999,686046.69639,4381
DOTUSDT,1743955200000,3.892,3.901,3.843,3.851,140693.25,1743958799999,544590.49709,2427
DOTUSDT,1743958800000,3.851,3.858,3.777,3.793,427208.01,1743962399999,1628578.22805,7787
DOTUSDT,1743962400000,3.792,3.795,3.685,3.707,867824.3,1743965999999,3237383.57933,14746
DOTUSDT,1743966000000,3.708,3.754,3.693,3.738,602302.7,1743969599999,2245718.24977,9134
DOTUSDT,1743969600000,3.737,3.757,3.637,3.68,642933.42,1743973199999,2369565.85163,10799
DOTUSDT,1743973200000,3.681,3.744,3.676,3.706,454185.94,1743976799999,1688136.62213,5848
DOTUSDT,1743976800000,3.706,3.737,3.648,3.671,478163.75,1743980399999,1766051.23077,7991
DOTUSDT,1743980400000,3.671,3.696,3.601,3.683,468406.83,1743983999999,1708189.54186,7565
DOTUSDT,1743984000000,3.685,3.69,3.61,3.633,363767.7,1743987599999,1330103.98542,5433
DOTUSDT,1743987600000,3.634,3.708,3.626,3.682,610459.33,1743991199999,2245671.2233,6144
DOTUSDT,1743991200000,3.682,3.69,3.625,3.626,581851.35,1743994799999,2123644.79795,4587
DOTUSDT,1743994800000,3.629,3.63,3.441,3.501,1289007.89,1743998399999,4552045.7552,18064
DOTUSDT,1743998400000,3.5,3.541,3.486,3.515,350011.28,1744001999999,1229811.7229,7783
DOTUSDT,1744002000000,3.517,3.546,3.473,3.485,656009.94,1744005599999,2299377.84882,9203
DOTUSDT,1744005600000,3.484,3.508,3.282,3.308,1975312.69,1744009199999,6633124.01269,33149
DOTUSDT,1744009200000,3.309,3.399,3.307,3.332,950797.06,1744012799999,3181099.05417,14600
DOTUSDT,1744012800000,3.33,3.45,3.304,3.406,907123.06,1744016399999,3065698.60858,15105
DOTUSDT,1744016400000,3.405,3.456,3.371,3.412,337024.46,1744019999999,1149359.34235,6687
DOTUSDT,1744020000000,3.414,3.481,3.41,3.432,459854.18,1744023599999,1586388.3404,10228
DOTUSDT,1744023600000,3.432,3.457,3.379,3.404,313453.31,1744027199999,1071618.70319,5103
DOTUSDT,1744027200000,3.404,3.478,3.388,3.456,315304.55,1744030799999,1084656.03428,6809
DOTUSDT,1744030800000,3.455,3.567,3.384,3.555,1301528.06,1744034399999,4526071.76828,15771
DOTUSDT,1744034400000,3.555,3.735,3.544,3.62,2341296.26,1744037999999,8477522.43913,34170
DOTUSDT,1744038000000,3.621,3.653,3.572,3.597,649740.76,1744041599999,2345889.59151,10859
DOTUSDT,1744041600000,3.598,3.607,3.518,3.523,370023.46,1744045199999,1319379.66417,6969
DOTUSDT,1744045200000,3.525,3.65,3.525,3.617,349868.01,1744048799999,1257741.59831,7670
DOTUSDT,1744048800000,3.618,3.629,3.585,3.589,209268.22,1744052399999,754133.4999,3962
DOTUSDT,1744052400000,3.588,3.619,3.564,3.565,182793.07,1744055999999,655949.60774,3900
DOTUSDT,1744056000000,3.567,3.632,3.563,3.616,115059.31,1744059599999,414476.26091,2138
DOTUSDT,1744059600000,3.617,3.636,3.588,3.621,155306.99,1744063199999,560758.85846,2294
DOTUSDT,1744063200000,3.622,3.652,3.617,3.64,101316.2,1744066799999,368935.7048,1895
DOTUSDT,1744066800000,3.639,3.644,3.584,3.593,241549.29,1744070399999,872625.3156,2886
DOTUSDT,1744070400000,3.592,3.617,3.582,3.583,148871.54,1744073999999,535864.53845,2442
DOTUSDT,1744074000000,3.582,3.673,3.574,3.666,234715.46,1744077599999,853558.89367,3776
DOTUSDT,1744077600000,3.667,3.706,3.665,3.68,217298.64,1744081199999,800983.79945,3242
DOTUSDT,1744081200000,3.682,3.696,3.638,3.65,214128.97,1744084799999,784217.55328,2911
DOTUSDT,1744084800000,3.65,3.679,3.642,3.667,170717.5,1744088399999,625444.85608,2294
DOTUSDT,1744088400000,3.667,3.67,3.615,3.624,135535.37,1744091999999,491974.96389,2413
DOTUSDT,1744092000000,3.624,3.624,3.59,3.597,139444.18,1744095599999,502169.30477,2604
DOTUSDT,1744095600000,3.596,3.614,3.58,3.602,135004.39,1744099199999,485815.49992,2683
DOTUSDT,1744099200000,3.601,3.606,3.567,3.588,138287.57,1744102799999,495384.71761,2676
DOTUSDT,1744102800000,3.588,3.61,3.576,3.587,218612.53,1744106399999,785225.7195,2870
DOTUSDT,1744106400000,3.587,3.618,3.582,3.598,79376.93,1744109999999,285891.317,1783
DOTUSDT,1744110000000,3.599,3.677,3.596,3.671,213117.11,1744113599999,777076.00154,3729
DOTUSDT,1744113600000,3.671,3.682,3.623,3.642,271606.56,1744117199999,991522.14809,4439
DOTUSDT,1744117200000,3.641,3.688,3.635,3.666,279549.02,1744120799999,1022664.70256,5971
DOTUSDT,1744120800000,3.664,3.684,3.587,3.589,260535.66,1744124399999,948750.01558,5087
DOTUSDT,1744124400000,3.589,3.609,3.57,3.593,169172.98,1744127999999,607573.05563,3701
DOTUSDT,1744128000000,3.593,3.595,3.506,3.514,318523.01,1744131599999,1131410.53012,6159
DOTUSDT,1744131600000,3.515,3.521,3.429,3.483,585777.85,1744135199999,2035512.17307,10404
DOTUSDT,1744135200000,3.482,3.526,3.466,3.471,272596.06,1744138799999,952271.8901,6829
DOTUSDT,1744138800000,3.472,3.48,3.394,3.405,374353.55,1744142399999,1282023.15075,7610
DOTUSDT,1744142400000,3.405,3.453,3.388,3.431,169864.24,1744145999999,580619.29822,3828
DOTUSDT,1744146000000,3.432,3.441,3.389,3.432,151985.82,1744149599999,519117.20313,2553
DOTUSDT,1744149600000,3.431,3.431,3.367,3.408,211658.79,1744153199999,718523.53071,4528
DOTUSDT,1744153200000,3.407,3.407,3.342,3.378,297127.4,1744156799999,1000440.45141,5343
DOTUSDT,1744156800000,3.377,3.401,3.337,3.357,239761.09,1744160399999,807427.65612,6285
DOTUSDT,1744160400000,3.356,3.384,3.25,3.376,768814.77,1744163999999,2537941.72736,16064
DOTUSDT,1744164000000,3.378,3.423,3.371,3.376,297887.43,1744167599999,1012930.99502,6395
DOTUSDT,1744167600000,3.376,3.386,3.331,3.355,283356.17,1744171199999,950101.72282,5699
DOTUSDT,1744171200000,3.355,3.427,3.347,3.398,320962.46,1744174799999,1088933.9212,8161
DOTUSDT,1744174800000,3.398,3.43,3.393,3.427,171159.88,1744178399999,584232.28676,4167
DOTUSDT,1744178400000,3.426,3.463,3.423,3.437,181181.36,1744181999999,624250.08006,3660
DOTUSDT,1744182000000,3.436,3.492,3.436,3.479,292340.53,1744185599999,1014644.82745,4940
DOTUSDT,1744185600000,3.48,3.492,3.463,3.48,174126.52,1744189199999,605203.6297,2606
DOTUSDT,1744189200000,3.48,3.481,3.447,3.455,128030.62,1744192799999,443189.47365,1965
DOTUSDT,1744192800000,3.456,3.464,3.422,3.448,208633.39,1744196399999,718478.69178,3301
DOTUSDT,1744196400000,3.449,3.452,3.363,3.386,481576.0,1744199999999,1638290.21741,7721
DOTUSDT,1744200000000,3.386,3.401,3.339,3.386,371966.19,1744203599999,1253838.19304,5769
DOTUSDT,1744203600000,3.387,3.455,3.371,3.42,465815.76,1744207199999,1587222.20884,8665
DOTUSDT,1744207200000,3.422,3.447,3.363,3.366,622687.43,1744210799999,2122868.50177,7601
DOTUSDT,1744210800000,3.365,3.398,3.358,3.371,374957.47,1744214399999,1267045.95031,5209
DOTUSDT,1744214400000,3.371,3.431,3.362,3.422,414924.23,1744217999999,1412086.19348,4831
DOTUSDT,1744218000000,3.422,3.706,3.389,3.698,2441826.27,1744221599999,8677778.74987,34953
DOTUSDT,1744221600000,3.697,3.74,3.661,3.664,1121666.71,1744225199999,4153428.47769,14087
DOTUSDT,1744225200000,3.664,3.709,3.656,3.693,423443.11,1744228799999,1559752.84088,5262
DOTUSDT,1744228800000,3.693,3.734,3.693,3.729,339606.65,1744232399999,1260469.05094,3976
DOTUSDT,1744232400000,3.729,3.753,3.698,3.716,261564.17,1744235999999,974721.69741,3928
DOTUSDT,1744236000000,3.715,3.724,3.683,3.686,165064.82,1744239599999,610670.54988,3000
DOTUSDT,1744239600000,3.686,3.688,3.629,3.643,476573.35,1744243199999,1739462.98883,4357
DOTUSDT,1744243200000,3.643,3.65,3.576,3.615,261909.81,1744246799999,945260.01039,4221
DOTUSDT,1744246800000,3.615,3.624,3.574,3.581,185693.96,1744250399999,667473.00354,2478
DOTUSDT,1744250400000,3.581,3.598,3.57,3.581,133010.22,1744253999999,476671.7104,1976
DOTUSDT,1744254000000,3.581,3.582,3.506,3.552,244164.09,1744257599999,864200.24844,3845
DOTUSDT,1744257600000,3.551,3.562,3.519,3.562,276107.81,1744261199999,978739.57988,2804
DOTUSDT,1744261200000,3.562,3.6,3.559,3.587,200430.04,1744264799999,718541.22557,2759
DOTUSDT,1744264800000,3.587,3.61,3.577,3.592,114502.63,1744268399999,411638.54686,1840
DOTUSDT,1744268400000,3.592,3.602,3.548,3.558,340188.85,1744271999999,1217343.02503,4472
DOTUSDT,1744272000000,3.557,3.565,3.527,3.534,190141.28,1744275599999,674116.07106,3259
DOTUSDT,1744275600000,3.534,3.555,3.51,3.526,240701.11,1744279199999,849928.38513,3562
DOTUSDT,1744279200000,3.525,3.535,3.457,3.481,1039321.29,1744282799999,3635991.49451,10393
DOTUSDT,1744282800000,3.482,3.511,3.456,3.503,578689.17,1744286399999,2011920.43937,5593
DOTUSDT,1744286400000,3.502,3.566,3.487,3.513,617277.26,1744289999999,2176517.49643,8214
DOTUSDT,1744290000000,3.514,3.552,3.484,3.501,392972.42,1744293599999,1382953.35249,5726
DOTUSDT,1744293600000,3.5,3.543,3.483,3.504,216543.36,1744297199999,760936.70612,3783
DOTUSDT,1744297200000,3.505,3.51,3.389,3.411,646173.41,1744300799999,2219179.34063,8502
DOTUSDT,1744300800000,3.411,3.445,3.393,3.438,448075.42,1744304399999,1530923.05136,6172
DOTUSDT,1744304400000,3.438,3.452,3.4,3.422,372561.57,1744307999999,1275329.1639,4544
DOTUSDT,1744308000000,3.422,3.458,3.416,3.441,155462.78,1744311599999,534447.18681,2627
DOTUSDT,1744311600000,3.441,3.467,3.425,3.45,180777.34,1744315199999,622241.33216,2968
DOTUSDT,1744315200000,3.45,3.472,3.449,3.464,139025.1,1744318799999,481185.93757,2102
DOTUSDT,1744318800000,3.465,3.48,3.447,3.458,181877.72,1744322399999,630067.90874,2255
DOTUSDT,1744322400000,3.46,3.496,3.452,3.474,97188.58,1744325999999,337962.60268,1720
DOTUSDT,1744326000000,3.474,3.477,3.457,3.463,89305.18,1744329599999,309657.26582,1602
DOTUSDT,1744329600000,3.462,3.476,3.45,3.456,140821.11,1744333199999,487795.8104,2606
DOTUSDT,1744333200000,3.456,3.522,3.455,3.52,202651.62,1744336799999,709544.77465,2874
DOTUSDT,1744336800000,3.521,3.539,3.5,3.513,158585.09,1744340399999,558404.98366,2375
DOTUSDT,1744340400000,3.515,3.54,3.513,3.532,111590.68,1744343999999,393684.75018,2210
DOTUSDT,1744344000000,3.531,3.543,3.519,3.535,107658.66,1744347599999,380138.9023,2004
DOTUSDT,1744347600000,3.535,3.537,3.478,3.502,1055264.82,1744351199999,3693680.58796,6257
DOTUSDT,1744351200000,3.504,3.529,3.5,3.506,127114.8,1744354799999,446519.95836,2049
DOTUSDT,1744354800000,3.507,3.515,3.491,3.504,144471.83,1744358399999,505934.75867,1929
DOTUSDT,1744358400000,3.505,3.523,3.485,3.503,263989.18,1744361999999,925247.98646,3778
DOTUSDT,1744362000000,3.503,3.526,3.485,3.519,277495.28,1744365599999,973133.54701,2986
DOTUSDT,1744365600000,3.519,3.546,3.503,3.534,275979.66,1744369199999,973696.40384,3110
DOTUSDT,1744369200000,3.534,3.539,3.507,3.511,130738.29,1744372799999,459950.8405,2140
DOTUSDT,1744372800000,3.512,3.54,3.499,3.516,230104.15,1744376399999,809568.09399,2927
DOTUSDT,1744376400000,3.515,3.553,3.494,3.541,282566.45,1744379999999,996587.94459,4277
DOTUSDT,1744380000000,3.54,3.54,3.487,3.513,372992.62,1744383599999,1312108.06539,5191
DOTUSDT,1744383600000,3.512,3.537,3.502,3.531,150493.98,1744387199999,530098.2568,2543
DOTUSDT,1744387200000,3.531,3.557,3.522,3.541,160216.97,1744390799999,567964.2456,2497
DOTUSDT,1744390800000,3.542,3.591,3.538,3.582,359478.17,1744394399999,1281756.85382,4104
DOTUSDT,1744394400000,3.581,3.595,3.565,3.567,204092.25,1744397999999,731059.9463,2992
DOTUSDT,1744398000000,3.567,3.58,3.559,3.569,87077.46,1744401599999,310787.83581,1578
DOTUSDT,1744401600000,3.568,3.578,3.56,3.574,57317.89,1744405199999,204540.3477,1104
DOTUSDT,1744405200000,3.573,3.599,3.564,3.573,97196.71,1744408799999,348092.27166,1751
DOTUSDT,1744408800000,3.573,3.577,3.557,3.561,103603.95,1744412399999,369420.12938,1450
DOTUSDT,1744412400000,3.56,3.566,3.541,3.557,67630.31,1744415999999,240386.78343,1396
DOTUSDT,1744416000000,3.558,3.569,3.551,3.56,77347.02,1744419599999,275307.29815,1549
DOTUSDT,1744419600000,3.561,3.571,3.552,3.56,49575.43,1744423199999,176497.13204,1091
DOTUSDT,1744423200000,3.56,3.565,3.53,3.53,85461.31,1744426799999,303069.15968,1600
DOTUSDT,1744426800000,3.53,3.555,3.525,3.548,89323.33,1744430399999,316478.52954,1335
DOTUSDT,1744430400000,3.548,3.575,3.536,3.57,96062.91,1744433999999,342111.44271,1886
DOTUSDT,1744434000000,3.57,3.581,3.565,3.577,102938.0,1744437599999,368015.37423,1502
DOTUSDT,1744437600000,3.577,3.588,3.564,3.574,180540.49,1744441199999,645781.26529,2035
DOTUSDT,1744441200000,3.574,3.583,3.564,3.574,97532.49,1744444799999,348391.49578,1550
DOTUSDT,1744444800000,3.574,3.607,3.568,3.588,141942.83,1744448399999,509517.29282,2049
DOTUSDT,1744448400000,3.588,3.597,3.579,3.587,60926.66,1744451999999,218718.67812,1287
DOTUSDT,1744452000000,3.586,3.597,3.574,3.58,94083.39,1744455599999,337213.57027,1540
DOTUSDT,1744455600000,3.58,3.599,3.58,3.599,88085.16,1744459199999,316626.31946,1102
DOTUSDT,1744459200000,3.598,3.634,3.589,3.627,186946.33,1744462799999,675109.03185,2417
DOTUSDT,1744462800000,3.625,3.682,3.624,3.672,379087.14,1744466399999,1385071.14843,4771
DOTUSDT,1744466400000,3.672,3.739,3.668,3.728,613701.01,1744469999999,2277393.90899,6770
DOTUSDT,1744470000000,3.728,3.756,3.713,3.725,372941.68,1744473599999,1393525.77282,4294
DOTUSDT,1744473600000,3.725,3.741,3.689,3.705,365009.58,1744477199999,1354163.75435,4286
DOTUSDT,1744477200000,3.706,3.71,3.68,3.69,179060.0,1744480799999,661419.78723,3536
DOTUSDT,1744480800000,3.691,3.727,3.691,3.727,161312.04,1744484399999,598732.18647,2305
DOTUSDT,1744484400000,3.728,3.728,3.69,3.701,415017.35,1744487999999,1538572.16854,3101
DOTUSDT,1744488000000,3.702,3.734,3.697,3.714,163111.59,1744491599999,605607.94818,3351
DOTUSDT,1744491600000,3.713,3.732,3.707,3.722,171313.91,1744495199999,637656.82125,2578
DOTUSDT,1744495200000,3.722,3.745,3.722,3.727,84765.64,1744498799999,316544.34559,1609
DOTUSDT,1744498800000,3.728,3.731,3.71,3.713,164675.6,1744502399999,612355.78638,1902
DOTUSDT,1744502400000,3.713,3.734,3.705,3.728,115822.92,1744505999999,430947.75353,1529
DOTUSDT,1744506000000,3.727,3.737,3.679,3.686,189003.06,1744509599999,700899.93785,2677
DOTUSDT,1744509600000,3.685,3.694,3.671,3.686,161475.4,1744513199999,594882.40265,2055
DOTUSDT,1744513200000,3.686,3.692,3.672,3.688,101742.7,1744516799999,374627.88768,1267
DOTUSDT,1744516800000,3.688,3.692,3.645,3.651,208208.48,1744520399999,762479.40067,2114
DOTUSDT,1744520400000,3.651,3.659,3.633,3.642,205502.75,1744523999999,749449.48049,1997
DOTUSDT,1744524000000,3.642,3.663,3.635,3.656,121336.67,1744527599999,443050.32661,1488
DOTUSDT,1744527600000,3.655,3.659,3.637,3.638,93557.78,1744531199999,341222.50287,1168
DOTUSDT,1744531200000,3.638,3.675,3.625,3.674,184278.41,1744534799999,672596.38079,1929
DOTUSDT,1744534800000,3.674,3.722,3.668,3.721,166037.75,1744538399999,612720.63791,2194
DOTUSDT,1744538400000,3.721,3.764,3.703,3.75,686769.84,1744541999999,2562312.62364,5628
DOTUSDT,1744542000000,3.751,3.767,3.708,3.735,552659.01,1744545599999,2066697.11381,5435
DOTUSDT,1744545600000,3.734,3.758,3.715,3.74,218163.02,1744549199999,814837.68606,3044
DOTUSDT,1744549200000,3.741,3.763,3.643,3.66,382260.94,1744552799999,1412651.79221,4614
DOTUSDT,1744552800000,3.66,3.699,3.65,3.691,264463.43,1744556399999,971999.95148,3177
DOTUSDT,1744556400000,3.691,3.705,3.658,3.703,254495.0,1744559999999,936609.46781,3003
DOTUSDT,1744560000000,3.703,3.717,3.692,3.71,207447.98,1744563599999,768856.45292,2773
DOTUSDT,1744563600000,3.709,3.794,3.709,3.784,419803.92,1744567199999,1578800.09113,5152
DOTUSDT,1744567200000,3.784,3.816,3.773,3.805,249066.56,1744570799999,945834.26761,4380
DOTUSDT,1744570800000,3.805,3.805,3.656,3.706,535281.65,1744574399999,1990987.34562,8483
DOTUSDT,1744574400000,3.706,3.766,3.691,3.7,303096.2,1744577999999,1129066.86661,5209
DOTUSDT,1744578000000,3.699,3.71,3.634,3.664,391996.36,1744581599999,1438881.01929,6111
DOTUSDT,1744581600000,3.665,3.684,3.617,3.625,290680.01,1744585199999,1057092.90848,4225
DOTUSDT,1744585200000,3.624,3.671,3.615,3.668,316202.29,1744588799999,1154713.85242,3428
DOTUSDT,1744588800000,3.669,3.754,3.665,3.703,270983.78,1744592399999,1006462.93274,4701
DOTUSDT,1744592400000,3.703,3.717,3.667,3.677,232399.83,1744595999999,856703.0534,3128
DOTUSDT,1744596000000,3.677,3.772,3.667,3.732,339791.83,1744599599999,1270674.75624,4768
DOTUSDT,1744599600000,3.731,3.733,3.684,3.691,114096.18,1744603199999,423080.49591,2493
DOTUSDT,1744603200000,3.69,3.736,3.688,3.716,138337.18,1744606799999,513177.98444,2806
DOTUSDT,1744606800000,3.715,3.734,3.692,3.702,229311.3,1744610399999,852309.64875,2775
DOTUSDT,1744610400000,3.702,3.704,3.664,3.665,103517.54,1744613999999,381254.21845,2301
DOTUSDT,1744614000000,3.665,3.67,3.633,3.668,269340.34,1744617599999,983576.44299,3818
DOTUSDT,1744617600000,3.669,3.691,3.649,3.688,140257.08,1744621199999,514658.81405,2351
DOTUSDT,1744621200000,3.688,3.692,3.641,3.658,107058.79,1744624799999,391771.39336,2269
DOTUSDT,1744624800000,3.658,3.752,3.656,3.75,406766.78,1744628399999,1509527.09937,4873
DOTUSDT,1744628400000,3.751,3.79,3.736,3.775,420992.33,1744631999999,1586650.07239,4595
DOTUSDT,1744632000000,3.775,3.791,3.741,3.757,180824.04,1744635599999,681180.84793,2876
DOTUSDT,1744635600000,3.758,3.774,3.692,3.715,252108.48,1744639199999,940365.03111,4263
DOTUSDT,1744639200000,3.714,3.798,3.708,3.778,314133.86,1744642799999,1180652.5485,4031
DOTUSDT,1744642800000,3.778,3.784,3.684,3.708,413390.88,1744646399999,1541098.56619,5870
DOTUSDT,1744646400000,3.706,3.724,3.678,3.688,356088.44,1744649999999,1318205.43889,4932
DOTUSDT,1744650000000,3.687,3.747,3.683,3.743,265857.34,1744653599999,986226.23956,3576
DOTUSDT,1744653600000,3.743,3.765,3.716,3.737,119976.4,1744657199999,449060.12124,2546
DOTUSDT,1744657200000,3.737,3.757,3.732,3.733,96903.48,1744660799999,362682.66618,2106
DOTUSDT,1744660800000,3.734,3.74,3.708,3.719,103686.73,1744664399999,385945.5738,1976
DOTUSDT,1744664400000,3.718,3.722,3.679,3.712,158231.27,1744667999999,585737.34936,2335
DOTUSDT,1744668000000,3.713,3.724,3.691,3.693,69906.6,1744671599999,258829.816,1446
DOTUSDT,1744671600000,3.694,3.698,3.663,3.677,114054.06,1744675199999,419647.95004,2118
DOTUSDT,1744675200000,3.676,3.7,3.656,3.691,132136.05,1744678799999,485770.18883,2440
DOTUSDT,1744678800000,3.691,3.695,3.658,3.687,138572.66,1744682399999,509016.90224,2323
DOTUSDT,1744682400000,3.688,3.694,3.634,3.669,179669.71,1744685999999,658272.40125,2759
DOTUSDT,1744686000000,3.67,3.702,3.657,3.699,85057.45,1744689599999,313158.80629,2266
DOTUSDT,1744689600000,3.698,3.699,3.655,3.682,116889.03,1744693199999,429157.37681,2315
DOTUSDT,1744693200000,3.682,3.693,3.67,3.673,116818.59,1744696799999,430115.28902,2282
DOTUSDT,1744696800000,3.672,3.678,3.65,3.656,116312.16,1744700399999,426102.98259,2734
DOTUSDT,1744700400000,3.656,3.703,3.655,3.696,104000.08,1744703999999,383524.8055,1803
DOTUSDT,1744704000000,3.697,3.709,3.69,3.693,142223.91,1744707599999,526240.79723,1849
DOTUSDT,1744707600000,3.693,3.735,3.688,3.7,217571.21,1744711199999,806735.83382,2757
DOTUSDT,1744711200000,3.7,3.7,3.635,3.659,637731.56,1744714799999,2332820.87774,6596
DOTUSDT,1744714800000,3.659,3.669,3.643,3.659,122156.69,1744718399999,446574.5595,2256
DOTUSDT,1744718400000,3.659,3.673,3.649,3.673,132424.52,1744721999999,484675.7522,2032
DOTUSDT,1744722000000,3.673,3.722,3.665,3.674,335342.24,1744725599999,1239454.1596,4891
DOTUSDT,1744725600000,3.673,3.687,3.613,3.631,415385.25,1744729199999,1512621.91066,6451
DOTUSDT,1744729200000,3.63,3.653,3.579,3.604,298507.29,1744732799999,1078145.88387,4445
DOTUSDT,1744732800000,3.604,3.62,3.591,3.596,143762.04,1744736399999,518382.10036,2396
DOTUSDT,1744736400000,3.596,3.611,3.566,3.576,167079.9,1744739999999,598553.74206,3122
DOTUSDT,1744740000000,3.576,3.602,3.555,3.586,198540.87,1744743599999,709937.64519,6647
DOTUSDT,1744743600000,3.585,3.604,3.577,3.58,124616.48,1744747199999,447499.46993,1970
DOTUSDT,1744747200000,3.58,3.604,3.55,3.566,265058.98,1744750799999,948470.45004,2896
DOTUSDT,1744750800000,3.565,3.594,3.557,3.577,127076.31,1744754399999,454185.13581,1901
DOTUSDT,1744754400000,3.576,3.578,3.521,3.538,201754.56,1744757999999,715352.12423,2839
DOTUSDT,1744758000000,3.537,3.544,3.516,3.519,173832.11,1744761599999,613148.92048,2197
DOTUSDT,1744761600000,3.519,3.541,3.505,3.516,174419.31,1744765199999,614188.0623,2537
DOTUSDT,1744765200000,3.516,3.561,3.512,3.547,145927.11,1744768799999,516794.81844,2060
DOTUSDT,1744768800000,3.547,3.568,3.543,3.554,103832.47,1744772399999,369250.17684,1509
DOTUSDT,1744772400000,3.555,3.571,3.552,3.553,62371.34,1744775999999,222182.67917,1094
DOTUSDT,1744776000000,3.552,3.559,3.525,3.544,112173.74,1744779599999,397074.38216,1350
DOTUSDT,1744779600000,3.543,3.56,3.514,3.534,233808.51,1744783199999,826455.4988,2971
DOTUSDT,1744783200000,3.535,3.555,3.528,3.543,101073.29,1744786799999,357952.07398,1456
DOTUSDT,1744786800000,3.544,3.549,3.511,3.518,78588.74,1744790399999,276928.80572,1417
DOTUSDT,1744790400000,3.518,3.554,3.486,3.538,281369.43,1744793999999,989426.77505,4208
DOTUSDT,1744794000000,3.539,3.543,3.502,3.502,137340.99,1744797599999,483527.81606,2020
DOTUSDT,1744797600000,3.501,3.527,3.501,3.522,94127.22,1744801199999,330764.62811,1511
DOTUSDT,1744801200000,3.523,3.533,3.507,3.525,79327.77,1744804799999,279264.10661,1545
DOTUSDT,1744804800000,3.525,3.536,3.496,3.498,159491.5,1744808399999,561267.09724,2250
DOTUSDT,1744808400000,3.499,3.532,3.484,3.506,203429.26,1744811999999,712983.49476,3036
DOTUSDT,1744812000000,3.506,3.575,3.505,3.557,232508.71,1744815599999,825138.05473,3372
DOTUSDT,1744815600000,3.557,3.611,3.554,3.557,308361.0,1744819199999,1104974.08353,4094
DOTUSDT,1744819200000,3.557,3.577,3.524,3.56,155628.99,1744822799999,552599.61077,2815
DOTUSDT,1744822800000,3.56,3.607,3.469,3.483,556363.81,1744826399999,1973147.4905,8135
DOTUSDT,1744826400000,3.483,3.564,3.478,3.536,419703.16,1744829999999,1477176.24086,6873
DOTUSDT,1744830000000,3.537,3.592,3.51,3.576,197256.62,1744833599999,700860.09352,3599
DOTUSDT,1744833600000,3.575,3.608,3.563,3.565,147620.15,1744837199999,529945.28541,2395
DOTUSDT,1744837200000,3.565,3.619,3.56,3.604,174022.54,1744840799999,625129.72796,2929
DOTUSDT,1744840800000,3.604,3.607,3.58,3.59,49438.89,1744844399999,177571.25582,1269
DOTUSDT,1744844400000,3.59,3.59,3.542,3.557,70756.91,1744847999999,251695.07421,1304
DOTUSDT,1744848000000,3.557,3.578,3.551,3.561,78019.47,1744851599999,278104.79578,1489
DOTUSDT,1744851600000,3.561,3.595,3.551,3.579,78175.01,1744855199999,279796.39912,1526
DOTUSDT,1744855200000,3.58,3.58,3.552,3.56,121822.97,1744858799999,434301.83753,1458
DOTUSDT,1744858800000,3.561,3.569,3.54,3.561,53599.22,1744862399999,190470.16721,1243
DOTUSDT,1744862400000,3.56,3.592,3.551,3.587,67611.61,1744865999999,241513.75218,1219
DOTUSDT,1744866000000,3.588,3.625,3.588,3.614,110043.11,1744869599999,397092.13079,1794
DOTUSDT,1744869600000,3.615,3.689,3.61,3.685,367718.11,1744873199999,1348947.5436,5703
DOTUSDT,1744873200000,3.686,3.698,3.652,3.658,246988.64,1744876799999,909105.975,4252
DOTUSDT,1744876800000,3.658,3.681,3.629,3.636,189020.91,1744880399999,690515.39295,3807
DOTUSDT,1744880400000,3.637,3.649,3.624,3.638,101538.83,1744883999999,369340.95047,1732
DOTUSDT,1744884000000,3.638,3.645,3.619,3.641,54615.01,1744887599999,198378.17281,1159
DOTUSDT,1744887600000,3.641,3.66,3.639,3.641,129489.93,1744891199999,472418.38359,2000
DOTUSDT,1744891200000,3.642,3.659,3.619,3.629,221867.71,1744894799999,807063.33436,3254
DOTUSDT,1744894800000,3.628,3.64,3.619,3.629,97036.78,1744898399999,352091.27455,1952
DOTUSDT,1744898400000,3.629,3.631,3.571,3.585,218497.11,1744901999999,786305.15505,3838
DOTUSDT,1744902000000,3.586,3.644,3.583,3.64,217259.56,1744905599999,786674.46233,4136
DOTUSDT,1744905600000,3.641,3.687,3.626,3.651,494934.67,1744909199999,1811746.41037,6991
DOTUSDT,1744909200000,3.651,3.67,3.643,3.661,131239.39,1744912799999,479929.22554,2325
DOTUSDT,1744912800000,3.661,3.675,3.65,3.65,121924.88,1744916399999,446957.31071,2344
DOTUSDT,1744916400000,3.65,3.659,3.606,3.633,185109.81,1744919999999,670608.26445,3392
DOTUSDT,1744920000000,3.634,3.664,3.634,3.649,71765.32,1744923599999,262035.55041,1731
DOTUSDT,1744923600000,3.65,3.656,3.634,3.639,185538.12,1744927199999,675681.08208,1853
DOTUSDT,1744927200000,3.637,3.647,3.611,3.612,49836.17,1744930799999,180805.91482,1302
DOTUSDT,1744930800000,3.612,3.636,3.611,3.634,65299.42,1744934399999,236721.92012,1275
DOTUSDT,1744934400000,3.636,3.643,3.617,3.621,99941.76,1744937999999,362912.09315,1840
DOTUSDT,1744938000000,3.621,3.653,3.613,3.636,85578.8,1744941599999,311775.15603,1674
DOTUSDT,1744941600000,3.636,3.662,3.627,3.653,45265.94,1744945199999,165106.77468,1503
DOTUSDT,1744945200000,3.653,3.663,3.633,3.66,48041.37,1744948799999,175277.1424,1431
DOTUSDT,1744948800000,3.662,3.68,3.644,3.675,91437.77,1744952399999,334931.54355,2199
DOTUSDT,1744952400000,3.674,3.687,3.657,3.685,76551.38,1744955999999,281054.14432,1899
DOTUSDT,1744956000000,3.684,3.69,3.66,3.668,94435.36,1744959599999,347237.90894,2199
DOTUSDT,1744959600000,3.667,3.683,3.65,3.677,92329.58,1744963199999,338705.80219,2527
DOTUSDT,1744963200000,3.678,3.694,3.673,3.681,107452.03,1744966799999,396079.04374,2294
DOTUSDT,1744966800000,3.682,3.725,3.679,3.708,170843.45,1744970399999,633233.91158,3078
DOTUSDT,1744970400000,3.708,3.719,3.698,3.705,129615.74,1744973999999,480736.94398,1860
DOTUSDT,1744974000000,3.706,3.717,3.694,3.717,94770.84,1744977599999,351405.77212,1904
DOTUSDT,1744977600000,3.716,3.748,3.713,3.728,228717.11,1744981199999,853365.15126,3343
DOTUSDT,1744981200000,3.729,3.735,3.706,3.721,114335.56,1744984799999,425184.04634,2053
DOTUSDT,1744984800000,3.72,3.728,3.692,3.703,117584.18,1744988399999,435400.45266,1990
DOTUSDT,1744988400000,3.703,3.706,3.676,3.688,109501.69,1744991999999,403803.18824,2218
DOTUSDT,1744992000000,3.688,3.709,3.681,3.698,82027.91,1744995599999,303304.36969,1866
DOTUSDT,1744995600000,3.697,3.714,3.687,3.71,80427.0,1744999199999,297812.34331,1508
DOTUSDT,1744999200000,3.71,3.71,3.693,3.701,64269.34,1745002799999,238018.37091,1240
DOTUSDT,1745002800000,3.702,3.71,3.69,3.696,39958.99,1745006399999,147806.20996,1011
DOTUSDT,1745006400000,3.696,3.703,3.69,3.695,29353.97,1745009999999,108470.27213,776
DOTUSDT,1745010000000,3.695,3.717,3.687,3.711,112169.08,1745013599999,415583.20501,1316
DOTUSDT,1745013600000,3.712,3.714,3.696,3.697,34098.58,1745017199999,126355.00623,844
DOTUSDT,1745017200000,3.696,3.696,3.675,3.675,113012.88,1745020799999,416286.15702,1207
DOTUSDT,1745020800000,3.675,3.679,3.645,3.654,142359.02,1745024399999,521396.80497,2110
DOTUSDT,1745024400000,3.654,3.703,3.646,3.695,218095.32,1745027999999,801951.04148,2741
DOTUSDT,1745028000000,3.695,3.726,3.686,3.72,93997.02,1745031599999,348882.2297,1856
DOTUSDT,1745031600000,3.721,3.74,3.719,3.73,85454.97,1745035199999,318753.68176,1672
DOTUSDT,1745035200000,3.73,3.739,3.717,3.728,133516.6,1745038799999,497588.11167,1647
DOTUSDT,1745038800000,3.728,3.738,3.726,3.729,51417.01,1745042399999,191865.74558,799
DOTUSDT,1745042400000,3.731,3.733,3.715,3.716,97952.78,1745045999999,364875.14659,1579
DOTUSDT,1745046000000,3.716,3.737,3.716,3.729,72598.82,1745049599999,270469.93893,1318
DOTUSDT,1745049600000,3.73,3.736,3.722,3.724,55411.39,1745053199999,206568.90937,954
DOTUSDT,1745053200000,3.725,3.733,3.72,3.73,87727.26,1745056799999,327002.40093,1252
DOTUSDT,1745056800000,3.73,3.733,3.72,3.728,51425.95,1745060399999,191652.52716,904
DOTUSDT,1745060400000,3.728,3.738,3.727,3.737,62672.95,1745063999999,233955.04319,956
DOTUSDT,1745064000000,3.737,3.744,3.733,3.74,90808.85,1745067599999,339643.27261,1326
DOTUSDT,1745067600000,3.739,3.75,3.731,3.736,104633.92,1745071199999,391665.22817,1641
DOTUSDT,1745071200000,3.736,3.739,3.717,3.728,235599.63,1745074799999,877498.47878,2373
DOTUSDT,1745074800000,3.728,3.744,3.718,3.731,131288.85,1745078399999,489751.84926,1713
DOTUSDT,1745078400000,3.731,3.743,3.716,3.721,132533.94,1745081999999,494403.30688,1834
DOTUSDT,1745082000000,3.721,3.765,3.721,3.763,126264.36,1745085599999,473219.14601,2229
DOTUSDT,1745085600000,3.763,3.788,3.76,3.769,148148.88,1745089199999,559402.22709,2455
DOTUSDT,1745089200000,3.768,3.781,3.756,3.781,92556.15,1745092799999,349018.67754,1344
DOTUSDT,1745092800000,3.78,3.799,3.779,3.796,134638.57,1745096399999,510088.41753,1582
DOTUSDT,1745096400000,3.797,3.85,3.797,3.846,220707.77,1745099999999,844677.34811,3516
DOTUSDT,1745100000000,3.846,3.874,3.839,3.872,218339.06,1745103599999,841989.58048,3320
DOTUSDT,1745103600000,3.872,3.892,3.866,3.88,209467.23,1745107199999,812435.21893,3184
DOTUSDT,1745107200000,3.88,3.921,3.873,3.876,285581.11,1745110799999,1112668.92584,4494
DOTUSDT,1745110800000,3.877,3.901,3.866,3.889,125395.18,1745114399999,487230.3478,1883
DOTUSDT,1745114400000,3.89,3.892,3.868,3.877,282809.74,1745117999999,1097167.10597,2676
DOTUSDT,1745118000000,3.878,3.916,3.872,3.914,92439.71,1745121599999,359844.96081,2131
DOTUSDT,1745121600000,3.913,3.941,3.903,3.938,173778.04,1745125199999,681963.12628,3072
DOTUSDT,1745125200000,3.938,3.952,3.923,3.924,236802.31,1745128799999,932593.12993,3598
DOTUSDT,1745128800000,3.923,3.938,3.902,3.909,128336.75,1745132399999,502623.89001,2447
DOTUSDT,1745132400000,3.909,3.909,3.869,3.882,275015.37,1745135999999,1067901.01597,4296
DOTUSDT,1745136000000,3.882,3.883,3.854,3.863,269451.48,1745139599999,1040994.86059,3141
DOTUSDT,1745139600000,3.864,3.878,3.853,3.869,108838.36,1745143199999,421097.69608,1953
DOTUSDT,1745143200000,3.87,3.874,3.81,3.829,288838.79,1745146799999,1109216.06208,4253
DOTUSDT,1745146800000,3.828,3.843,3.811,3.826,160917.17,1745150399999,615785.70549,2866
DOTUSDT,1745150400000,3.826,3.83,3.807,3.811,106589.59,1745153999999,406880.91709,2016
DOTUSDT,1745154000000,3.81,3.842,3.787,3.84,261584.88,1745157599999,997207.31879,3051
DOTUSDT,1745157600000,3.841,3.868,3.837,3.865,160519.87,1745161199999,618995.27084,2707
DOTUSDT,1745161200000,3.864,3.874,3.843,3.862,122568.28,1745164799999,473239.78844,2158
DOTUSDT,1745164800000,3.862,3.914,3.856,3.914,222263.79,1745168399999,864027.89251,3591
DOTUSDT,1745168400000,3.914,3.915,3.886,3.899,68647.3,1745171999999,267786.0923,1641
DOTUSDT,1745172000000,3.898,3.908,3.874,3.89,85858.71,1745175599999,333984.71855,1826
DOTUSDT,1745175600000,3.891,3.896,3.877,3.891,51601.81,1745179199999,200508.23293,1303
DOTUSDT,1745179200000,3.891,3.922,3.888,3.911,135941.39,1745182799999,531527.98315,2411
DOTUSDT,1745182800000,3.912,3.926,3.893,3.903,68808.56,1745186399999,269132.03964,1577
DOTUSDT,1745186400000,3.901,3.901,3.875,3.888,91749.56,1745189999999,356443.63505,1538
DOTUSDT,1745190000000,3.889,3.899,3.872,3.878,73028.52,1745193599999,283636.11107,1202
DOTUSDT,1745193600000,3.879,3.955,3.873,3.933,459475.13,1745197199999,1804859.74528,5803
DOTUSDT,1745197200000,3.933,3.95,3.921,3.943,165526.5,1745200799999,651882.52639,2920
DOTUSDT,1745200800000,3.943,3.947,3.911,3.929,165715.79,1745204399999,651412.44687,2484
DOTUSDT,1745204400000,3.93,3.937,3.904,3.908,113162.49,1745207999999,443116.84203,1744
DOTUSDT,1745208000000,3.908,3.921,3.893,3.907,109323.31,1745211599999,426772.63468,1847
DOTUSDT,1745211600000,3.907,3.936,3.898,3.924,159703.99,1745215199999,625034.63446,2209
DOTUSDT,1745215200000,3.923,3.969,3.923,3.934,195767.85,1745218799999,773246.18534,2960
DOTUSDT,1745218800000,3.933,3.956,3.927,3.953,140234.98,1745222399999,553037.51521,1721
DOTUSDT,1745222400000,3.954,3.982,3.952,3.964,230624.08,1745225999999,915186.90389,3222
DOTUSDT,1745226000000,3.963,3.966,3.921,3.925,188671.7,1745229599999,743318.36011,2607
DOTUSDT,1745229600000,3.925,3.935,3.909,3.919,294453.59,1745233199999,1153166.77431,2754
DOTUSDT,1745233200000,3.92,3.922,3.886,3.899,235927.46,1745236799999,920240.14384,2695
DOTUSDT,1745236800000,3.899,3.916,3.884,3.888,169977.37,1745240399999,662968.56902,2358
DOTUSDT,1745240400000,3.887,3.92,3.882,3.891,186317.91,1745243999999,726589.01695,2958
DOTUSDT,1745244000000,3.89,3.942,3.867,3.922,574630.73,1745247599999,2241529.98269,5732
DOTUSDT,1745247600000,3.921,3.927,3.873,3.885,169928.15,1745251199999,662346.56887,2958
DOTUSDT,1745251200000,3.885,3.898,3.823,3.828,231111.31,1745254799999,892200.76252,3959
DOTUSDT,1745254800000,3.829,3.847,3.795,3.829,312369.55,1745258399999,1195058.19028,5251
DOTUSDT,1745258400000,3.828,3.831,3.811,3.812,84521.23,1745261999999,322906.84701,2039
DOTUSDT,1745262000000,3.812,3.848,3.807,3.843,93255.41,1745265599999,357702.94765,1840
DOTUSDT,1745265600000,3.843,3.843,3.819,3.836,44903.58,1745269199999,172049.38557,1202
DOTUSDT,1745269200000,3.835,3.835,3.804,3.811,87300.81,1745272799999,333339.68243,1544
DOTUSDT,1745272800000,3.81,3.81,3.787,3.792,118500.47,1745276399999,450008.53526,1671
DOTUSDT,1745276400000,3.792,3.797,3.771,3.78,167151.02,1745279999999,632441.21669,2156
DOTUSDT,1745280000000,3.78,3.783,3.723,3.752,198458.02,1745283599999,743749.3401,4127
DOTUSDT,1745283600000,3.751,3.815,3.74,3.794,254042.21,1745287199999,960160.92864,4374
DOTUSDT,1745287200000,3.794,3.803,3.749,3.766,166970.22,1745290799999,629890.34482,3089
DOTUSDT,1745290800000,3.767,3.769,3.743,3.75,115778.06,1745294399999,434412.46014,2588
DOTUSDT,1745294400000,3.75,3.761,3.723,3.726,174965.8,1745297999999,655427.56772,3119
DOTUSDT,1745298000000,3.725,3.749,3.716,3.74,174305.15,1745301599999,650501.11592,3208
DOTUSDT,1745301600000,3.74,3.751,3.689,3.709,263485.47,1745305199999,979126.21746,4646
DOTUSDT,1745305200000,3.709,3.781,3.7,3.766,317794.35,1745308799999,1191199.05269,4792
DOTUSDT,1745308800000,3.765,3.797,3.759,3.767,211886.74,1745312399999,800042.83375,3725
DOTUSDT,1745312400000,3.766,3.772,3.727,3.736,278268.41,1745315999999,1042400.48494,3622
DOTUSDT,1745316000000,3.736,3.772,3.727,3.768,166720.52,1745319599999,625707.47944,2596
DOTUSDT,1745319600000,3.769,3.793,3.768,3.783,185914.88,1745323199999,703056.95713,3003
DOTUSDT,1745323200000,3.783,3.792,3.757,3.773,483318.55,1745326799999,1826200.23855,3560
DOTUSDT,1745326800000,3.774,3.827,3.768,3.82,845323.27,1745330399999,3211685.97851,9417
DOTUSDT,1745330400000,3.82,3.879,3.809,3.878,530236.9,1745333999999,2036210.11843,6940
DOTUSDT,1745334000000,3.879,3.932,3.84,3.865,888817.66,1745337599999,3457277.45493,11956
DOTUSDT,1745337600000,3.866,3.897,3.853,3.876,248599.0,1745341199999,963718.22156,4340
DOTUSDT,1745341200000,3.875,3.908,3.863,3.903,209888.72,1745344799999,816257.82686,3504
DOTUSDT,1745344800000,3.903,3.922,3.896,3.92,182236.03,1745348399999,712351.29277,2402
DOTUSDT,1745348400000,3.92,3.923,3.872,3.904,217091.83,1745351999999,845697.03849,2717
DOTUSDT,1745352000000,3.905,3.915,3.896,3.903,129677.03,1745355599999,506792.55125,1904
DOTUSDT,1745355600000,3.902,4.022,3.896,4.009,523692.87,1745359199999,2074457.04493,9787
DOTUSDT,1745359200000,4.01,4.04,3.99,4.011,417619.91,1745362799999,1674466.41848,6782
DOTUSDT,1745362800000,4.011,4.035,4.0,4.007,395622.81,1745366399999,1589236.93209,5171
DOTUSDT,1745366400000,4.008,4.045,4.007,4.014,356554.28,1745369999999,1435965.68496,5503
DOTUSDT,1745370000000,4.015,4.053,4.005,4.008,246113.03,1745373599999,992095.59386,4269
DOTUSDT,1745373600000,4.008,4.056,3.999,4.05,277865.77,1745377199999,1119196.08737,3748
DOTUSDT,1745377200000,4.049,4.098,4.03,4.092,233475.73,1745380799999,949366.42124,3315
DOTUSDT,1745380800000,4.092,4.117,4.063,4.115,262061.79,1745384399999,1071253.79965,4147
DOTUSDT,1745384400000,4.114,4.114,4.06,4.062,273358.94,1745387999999,1116049.52151,3695
DOTUSDT,1745388000000,4.063,4.093,4.057,4.082,132612.85,1745391599999,540379.18222,2777
DOTUSDT,1745391600000,4.081,4.099,4.052,4.098,239225.92,1745395199999,975416.57698,3683
DOTUSDT,1745395200000,4.098,4.168,4.08,4.166,498041.5,1745398799999,2056605.19877,7045
DOTUSDT,1745398800000,4.166,4.198,4.127,4.127,455960.95,1745402399999,1898610.38816,6139
DOTUSDT,1745402400000,4.127,4.131,4.085,4.122,418653.92,1745405999999,1719117.63493,5170
DOTUSDT,1745406000000,4.123,4.153,4.102,4.11,262106.09,1745409599999,1081783.85088,3527
DOTUSDT,1745409600000,4.11,4.142,4.085,4.125,677324.78,1745413199999,2786253.82191,6054
DOTUSDT,1745413200000,4.125,4.172,4.069,4.076,949670.8,1745416799999,3923479.01733,24632
DOTUSDT,1745416800000,4.078,4.128,4.068,4.082,446460.22,1745420399999,1827078.2762,8544
DOTUSDT,1745420400000,4.083,4.094,4.012,4.079,656813.33,1745423999999,2661566.88121,12672
DOTUSDT,1745424000000,4.08,4.108,4.042,4.1,243406.06,1745427599999,993245.44912,4653
DOTUSDT,1745427600000,4.099,4.132,4.082,4.11,306608.72,1745431199999,1258659.53158,4635
DOTUSDT,1745431200000,4.109,4.15,4.101,4.102,187550.7,1745434799999,773961.97437,3340
DOTUSDT,1745434800000,4.101,4.104,4.05,4.07,259538.62,1745438399999,1057588.46236,3972
DOTUSDT,1745438400000,4.069,4.1,4.069,4.095,109229.73,1745441999999,446438.94322,2004
DOTUSDT,1745442000000,4.095,4.107,4.062,4.085,129383.92,1745445599999,528874.13898,1956
DOTUSDT,1745445600000,4.085,4.114,4.074,4.112,91328.13,1745449199999,373905.51311,1687
DOTUSDT,1745449200000,4.111,4.115,4.083,4.093,140851.34,1745452799999,576468.1135,1606
DOTUSDT,1745452800000,4.093,4.103,4.062,4.076,126343.1,1745456399999,515966.01019,2051
DOTUSDT,1745456400000,4.076,4.082,4.041,4.066,112104.56,1745459999999,455001.01584,2210
DOTUSDT,1745460000000,4.066,4.084,4.026,4.028,159773.65,1745463599999,646767.51542,2430
DOTUSDT,1745463600000,4.028,4.046,3.978,3.982,348177.57,1745467199999,1396930.3896,4341
DOTUSDT,1745467200000,3.982,4.0,3.967,3.997,208624.49,1745470799999,831081.53604,3617
DOTUSDT,1745470800000,3.997,4.021,3.996,4.004,149270.37,1745474399999,598018.85428,2272
DOTUSDT,1745474400000,4.003,4.043,3.985,3.999,156870.2,1745477999999,629382.58303,2767
DOTUSDT,1745478000000,3.999,4.026,3.97,3.978,223968.58,1745481599999,894691.44957,3497
DOTUSDT,1745481600000,3.979,3.995,3.929,3.943,336973.88,1745485199999,1332963.74091,4646
DOTUSDT,1745485200000,3.943,3.989,3.935,3.985,247131.2,1745488799999,980232.2926,3345
DOTUSDT,1745488800000,3.985,4.023,3.98,4.014,151247.29,1745492399999,605648.56188,2263
DOTUSDT,1745492400000,4.014,4.015,3.987,4.0,303296.0,1745495999999,1211798.74008,3197
DOTUSDT,1745496000000,4.001,4.024,3.984,4.024,114986.65,1745499599999,460178.78563,2094
DOTUSDT,1745499600000,4.025,4.057,4.006,4.027,646411.21,1745503199999,2605140.06256,6379
DOTUSDT,1745503200000,4.027,4.121,4.027,4.099,451108.95,1745506799999,1834539.0559,7115
DOTUSDT,1745506800000,4.1,4.169,4.09,4.127,480034.13,1745510399999,1988479.06434,8945
DOTUSDT,1745510400000,4.126,4.21,4.119,4.198,542376.85,1745513999999,2263626.64678,8794
DOTUSDT,1745514000000,4.197,4.227,4.134,4.203,519837.63,1745517599999,2169870.70528,8395
DOTUSDT,1745517600000,4.202,4.244,4.201,4.226,282170.39,1745521199999,1191560.90536,5289
DOTUSDT,1745521200000,4.227,4.233,4.192,4.209,162157.03,1745524799999,682533.17664,3224
DOTUSDT,1745524800000,4.21,4.257,4.21,4.249,208896.65,1745528399999,884797.48995,3656
DOTUSDT,1745528400000,4.248,4.271,4.229,4.255,252633.48,1745531999999,1073953.52884,4187
DOTUSDT,1745532000000,4.255,4.286,4.246,4.257,171186.19,1745535599999,731031.39569,3146
DOTUSDT,1745535600000,4.256,4.271,4.229,4.269,245979.78,1745539199999,1044717.55276,3584
DOTUSDT,1745539200000,4.268,4.31,4.263,4.304,400211.68,1745542799999,1716202.39416,5870
DOTUSDT,1745542800000,4.305,4.374,4.302,4.312,542965.72,1745546399999,2358423.34251,8622
DOTUSDT,1745546400000,4.311,4.325,4.215,4.234,624492.04,1745549999999,2662891.32726,8460
DOTUSDT,1745550000000,4.235,4.274,4.23,4.259,165400.08,1745553599999,703164.10642,3436
DOTUSDT,1745553600000,4.26,4.28,4.239,4.262,286979.66,1745557199999,1222719.71543,3394
DOTUSDT,1745557200000,4.261,4.308,4.26,4.295,214937.87,1745560799999,922578.94243,3315
DOTUSDT,1745560800000,4.296,4.354,4.292,4.343,214545.88,1745564399999,928732.16107,3837
DOTUSDT,1745564400000,4.344,4.364,4.316,4.328,243649.51,1745567999999,1056210.37219,4534
DOTUSDT,1745568000000,4.329,4.348,4.302,4.343,222071.1,1745571599999,959095.35823,3591
DOTUSDT,1745571600000,4.344,4.35,4.295,4.319,247130.83,1745575199999,1066774.97732,4025
DOTUSDT,1745575200000,4.318,4.326,4.261,4.285,303759.06,1745578799999,1302873.42308,4736
DOTUSDT,1745578800000,4.284,4.317,4.281,4.302,198367.78,1745582399999,852625.55502,3332
DOTUSDT,1745582400000,4.303,4.328,4.238,4.251,536281.92,1745585999999,2298645.85952,8532
DOTUSDT,1745586000000,4.252,4.276,4.226,4.253,625271.33,1745589599999,2653745.50885,6855
DOTUSDT,1745589600000,4.254,4.329,4.254,4.318,554042.2,1745593199999,2376549.16056,8493
DOTUSDT,1745593200000,4.319,4.327,4.278,4.306,260588.05,1745596799999,1122088.86588,5545
DOTUSDT,1745596800000,4.305,4.321,4.265,4.308,192434.34,1745600399999,826156.27521,3891
DOTUSDT,1745600400000,4.307,4.324,4.255,4.267,188430.91,1745603999999,807722.7284,3934
DOTUSDT,1745604000000,4.268,4.3,4.268,4.278,86963.81,1745607599999,372654.84607,2301
DOTUSDT,1745607600000,4.278,4.284,4.255,4.272,112192.06,1745611199999,478792.79224,2080
DOTUSDT,1745611200000,4.272,4.28,4.257,4.266,76578.17,1745614799999,326843.1849,1819
DOTUSDT,1745614800000,4.266,4.284,4.23,4.239,123325.02,1745618399999,524525.43622,2229
DOTUSDT,1745618400000,4.239,4.304,4.239,4.292,155698.02,1745621999999,665083.13177,2403
DOTUSDT,1745622000000,4.292,4.294,4.25,4.254,99966.65,1745625599999,426783.8877,1679
DOTUSDT,1745625600000,4.254,4.305,4.254,4.301,167868.99,1745629199999,720081.42696,2987
DOTUSDT,1745629200000,4.302,4.35,4.274,4.35,604550.57,1745632799999,2609746.15082,5636
DOTUSDT,1745632800000,4.35,4.362,4.317,4.337,279747.28,1745636399999,1213460.60692,3540
DOTUSDT,1745636400000,4.337,4.349,4.257,4.268,393768.54,1745639999999,1692825.37965,4540
DOTUSDT,1745640000000,4.267,4.301,4.256,4.257,224351.07,1745643599999,960045.39453,3742
DOTUSDT,1745643600000,4.256,4.28,4.242,4.27,166700.1,1745647199999,710520.57346,2678
DOTUSDT,1745647200000,4.269,4.309,4.264,4.302,161236.52,1745650799999,691617.86033,2570
DOTUSDT,1745650800000,4.301,4.331,4.3,4.306,172016.6,1745654399999,742782.64514,2611
DOTUSDT,1745654400000,4.305,4.342,4.272,4.28,237831.88,1745657999999,1023099.20047,4117
DOTUSDT,1745658000000,4.28,4.292,4.255,4.274,177513.92,1745661599999,758245.89908,3258
DOTUSDT,1745661600000,4.275,4.299,4.268,4.283,116438.8,1745665199999,498786.46903,2317
DOTUSDT,1745665200000,4.283,4.286,4.23,4.238,281308.45,1745668799999,1195980.1905,3670
DOTUSDT,1745668800000,4.238,4.267,4.232,4.233,274737.39,1745672399999,1167519.43052,3305
DOTUSDT,1745672400000,4.233,4.253,4.201,4.234,199526.11,1745675999999,842555.35502,3328
DOTUSDT,1745676000000,4.232,4.275,4.209,4.261,211315.09,1745679599999,895991.40618,3598
DOTUSDT,1745679600000,4.261,4.293,4.259,4.284,125651.24,1745683199999,537390.87957,2394
DOTUSDT,1745683200000,4.284,4.295,4.261,4.276,113513.18,1745686799999,485710.23263,2174
DOTUSDT,1745686800000,4.275,4.294,4.273,4.283,75547.12,1745690399999,323665.00432,1658
DOTUSDT,1745690400000,4.282,4.289,4.272,4.275,92860.73,1745693999999,397441.7626,1788
DOTUSDT,1745694000000,4.274,4.28,4.261,4.278,59460.91,1745697599999,253883.75068,1442
DOTUSDT,1745697600000,4.278,4.292,4.256,4.256,61808.26,1745701199999,264054.37626,1474
DOTUSDT,1745701200000,4.257,4.299,4.256,4.281,215658.47,1745704799999,924357.24124,2508
DOTUSDT,1745704800000,4.283,4.3,4.27,4.278,54560.79,1745708399999,233898.55738,1374
DOTUSDT,1745708400000,4.278,4.28,4.26,4.263,59713.24,1745711999999,254870.60611,1262
DOTUSDT,1745712000000,4.264,4.291,4.255,4.272,111883.08,1745715599999,478139.15722,2654
DOTUSDT,1745715600000,4.272,4.276,4.151,4.157,449692.18,1745719199999,1888087.97271,9820
DOTUSDT,1745719200000,4.158,4.185,4.151,4.175,185806.59,1745722799999,775212.38517,3172
DOTUSDT,1745722800000,4.174,4.192,4.165,4.178,94110.09,1745726399999,393280.10118,1876
DOTUSDT,1745726400000,4.177,4.19,4.137,4.14,152009.61,1745729999999,631649.7228,2538
DOTUSDT,1745730000000,4.14,4.155,4.11,4.135,272201.25,1745733599999,1123420.81349,3552
DOTUSDT,1745733600000,4.135,4.148,4.118,4.129,126648.97,1745737199999,523545.27883,1918
DOTUSDT,1745737200000,4.129,4.146,4.122,4.143,107965.49,1745740799999,446582.51063,1772
DOTUSDT,1745740800000,4.142,4.163,4.132,4.152,146645.98,1745744399999,608136.057,2076
DOTUSDT,1745744400000,4.151,4.153,4.132,4.142,81626.15,1745747999999,338134.609,1783
DOTUSDT,1745748000000,4.142,4.144,4.115,4.126,129480.09,1745751599999,534437.08842,1954
DOTUSDT,1745751600000,4.126,4.131,4.109,4.114,178338.06,1745755199999,734134.97229,1884
DOTUSDT,1745755200000,4.114,4.134,4.087,4.101,245432.3,1745758799999,1007576.24572,4446
DOTUSDT,1745758800000,4.1,4.126,4.073,4.117,245551.87,1745762399999,1007357.74134,4033
DOTUSDT,1745762400000,4.118,4.141,4.106,4.135,219169.19,1745765999999,903718.02448,3156
DOTUSDT,1745766000000,4.134,4.134,4.087,4.094,162689.44,1745769599999,668051.63952,3029
DOTUSDT,1745769600000,4.095,4.101,4.056,4.069,686212.76,1745773199999,2798230.53682,7091
DOTUSDT,1745773200000,4.069,4.092,4.061,4.079,264603.11,1745776799999,1080249.22234,2709
DOTUSDT,1745776800000,4.08,4.117,4.07,4.108,374632.05,1745780399999,1534552.88505,2885
DOTUSDT,1745780400000,4.109,4.139,4.102,4.138,162593.99,1745783999999,670296.33083,2434
DOTUSDT,1745784000000,4.139,4.14,4.116,4.119,205781.48,1745787599999,848657.63117,2409
DOTUSDT,1745787600000,4.119,4.146,4.099,4.137,254469.29,1745791199999,1050300.61522,1941
DOTUSDT,1745791200000,4.137,4.151,4.114,4.116,793394.01,1745794799999,3277281.5653,6469
DOTUSDT,1745794800000,4.115,4.115,4.088,4.09,149633.77,1745798399999,613293.04742,2424
DOTUSDT,1745798400000,4.09,4.111,4.048,4.083,415967.51,1745801999999,1695450.17889,5426
DOTUSDT,1745802000000,4.082,4.089,4.009,4.033,291700.59,1745805599999,1178825.0237,5383
DOTUSDT,1745805600000,4.032,4.086,4.023,4.083,121480.1,1745809199999,493177.975,2756
DOTUSDT,1745809200000,4.082,4.126,4.072,4.114,129587.03,1745812799999,531809.94601,2816
DOTUSDT,1745812800000,4.114,4.15,4.113,4.123,137475.67,1745816399999,567771.04109,2621
DOTUSDT,1745816400000,4.122,4.132,4.108,4.124,94374.96,1745819999999,388602.57117,2227
DOTUSDT,1745820000000,4.124,4.193,4.124,4.179,420763.0,1745823599999,1754820.61991,5625
DOTUSDT,1745823600000,4.179,4.233,4.167,4.221,287011.67,1745827199999,1208050.06184,4499
DOTUSDT,1745827200000,4.221,4.257,4.204,4.213,243787.3,1745830799999,1032381.44047,4055
DOTUSDT,1745830800000,4.214,4.266,4.214,4.223,414656.55,1745834399999,1759407.98915,5713
DOTUSDT,1745834400000,4.223,4.245,4.183,4.227,262644.85,1745837999999,1106601.02234,4673
DOTUSDT,1745838000000,4.226,4.259,4.216,4.228,257310.81,1745841599999,1090098.48505,2828
DOTUSDT,1745841600000,4.229,4.231,4.199,4.205,150385.93,1745845199999,633802.20635,2396
DOTUSDT,1745845200000,4.204,4.216,4.138,4.14,549111.8,1745848799999,2290631.73119,5374
DOTUSDT,1745848800000,4.141,4.198,4.128,4.153,282113.79,1745852399999,1176084.77538,4570
DOTUSDT,1745852400000,4.153,4.164,4.087,4.112,226435.8,1745855999999,930368.68011,4841
DOTUSDT,1745856000000,4.111,4.15,4.087,4.138,293174.15,1745859599999,1205991.86152,3402
DOTUSDT,1745859600000,4.138,4.191,4.133,4.19,229183.63,1745863199999,952579.86457,2924
DOTUSDT,1745863200000,4.19,4.203,4.166,4.199,141638.32,1745866799999,593109.78894,2858
DOTUSDT,1745866800000,4.198,4.246,4.198,4.24,254770.81,1745870399999,1077286.63621,5210
DOTUSDT,1745870400000,4.24,4.252,4.214,4.23,103569.37,1745873999999,438723.85499,2623
DOTUSDT,1745874000000,4.23,4.24,4.207,4.232,163544.62,1745877599999,691325.58287,2440
DOTUSDT,1745877600000,4.232,4.267,4.23,4.255,278797.05,1745881199999,1184125.95926,2902
DOTUSDT,1745881200000,4.256,4.257,4.227,4.242,69940.74,1745884799999,296622.97252,1697
DOTUSDT,1745884800000,4.242,4.303,4.242,4.301,247531.02,1745888399999,1059157.85723,4217
DOTUSDT,1745888400000,4.3,4.313,4.274,4.281,286034.2,1745891999999,1228176.36645,5017
DOTUSDT,1745892000000,4.281,4.286,4.251,4.265,146006.12,1745895599999,622953.68114,3022
DOTUSDT,1745895600000,4.266,4.287,4.266,4.277,112094.52,1745899199999,479160.18873,1803
DOTUSDT,1745899200000,4.277,4.292,4.239,4.248,98455.23,1745902799999,420277.44209,2378
DOTUSDT,1745902800000,4.247,4.271,4.242,4.266,88098.57,1745906399999,374932.56184,2142
DOTUSDT,1745906400000,4.266,4.33,4.265,4.312,213043.51,1745909999999,917900.87252,4479
DOTUSDT,1745910000000,4.313,4.316,4.287,4.298,132620.42,1745913599999,570272.26876,2577
DOTUSDT,1745913600000,4.297,4.31,4.277,4.296,124198.77,1745917199999,533217.84047,3125
DOTUSDT,1745917200000,4.297,4.303,4.264,4.284,107463.48,1745920799999,459672.04569,2405
DOTUSDT,1745920800000,4.284,4.303,4.241,4.252,110639.91,1745924399999,472866.51841,2776
DOTUSDT,1745924400000,4.252,4.271,4.243,4.254,129755.07,1745927999999,552355.51054,2069
DOTUSDT,1745928000000,4.254,4.254,4.208,4.212,168325.87,1745931599999,711490.31604,2808
DOTUSDT,1745931600000,4.21,4.253,4.2,4.244,157360.25,1745935199999,665264.36827,3199
DOTUSDT,1745935200000,4.243,4.288,4.232,4.267,220980.61,1745938799999,943691.8475,4381
DOTUSDT,1745938800000,4.268,4.278,4.24,4.273,112544.45,1745942399999,479384.29382,2375
DOTUSDT,1745942400000,4.272,4.284,4.248,4.255,201319.18,1745945999999,858912.94617,2861
DOTUSDT,1745946000000,4.256,4.265,4.233,4.249,152128.76,1745949599999,646009.59574,2229
DOTUSDT,1745949600000,4.25,4.251,4.234,4.243,150487.03,1745953199999,638743.87227,1816
DOTUSDT,1745953200000,4.243,4.248,4.226,4.228,126791.49,1745956799999,537493.04239,1638
DOTUSDT,1745956800000,4.228,4.232,4.187,4.193,164802.01,1745960399999,692288.67113,2445
DOTUSDT,1745960400000,4.194,4.194,4.146,4.17,255078.59,1745963999999,1062597.00394,3304
DOTUSDT,1745964000000,4.169,4.169,4.122,4.135,151386.79,1745967599999,627251.01678,2759
DOTUSDT,1745967600000,4.134,4.148,4.101,4.147,227447.0,1745971199999,938123.8474,3596
DOTUSDT,1745971200000,4.146,4.152,4.115,4.138,326958.12,1745974799999,1351688.78855,3382
DOTUSDT,1745974800000,4.138,4.14,4.088,4.122,212913.34,1745978399999,873951.72683,3170
DOTUSDT,1745978400000,4.121,4.158,4.11,4.15,153782.79,1745981999999,636615.47071,2508
DOTUSDT,1745982000000,4.149,4.174,4.141,4.17,74578.63,1745985599999,309949.83198,2021
DOTUSDT,1745985600000,4.169,4.175,4.151,4.164,77799.69,1745989199999,323874.82803,1515
DOTUSDT,1745989200000,4.165,4.166,4.138,4.141,49857.6,1745992799999,206923.30652,1334
DOTUSDT,1745992800000,4.142,4.147,4.119,4.123,55914.05,1745996399999,231005.62738,1235
DOTUSDT,1745996400000,4.124,4.13,4.091,4.115,128958.61,1745999999999,530119.92605,2308
DOTUSDT,1746000000000,4.115,4.123,4.084,4.094,130427.94,1746003599999,534876.73542,2533
DOTUSDT,1746003600000,4.095,4.143,4.094,4.129,113477.23,1746007199999,468263.7499,2170
DOTUSDT,1746007200000,4.128,4.165,4.127,4.158,88438.14,1746010799999,366211.37127,2031
DOTUSDT,1746010800000,4.157,4.172,4.155,4.159,106144.24,1746014399999,441908.95666,1804
DOTUSDT,1746014400000,4.16,4.16,4.067,4.097,501453.65,1746017999999,2056932.94927,7479
DOTUSDT,1746018000000,4.097,4.109,4.035,4.041,556409.95,1746021599999,2269196.12677,10099
DOTUSDT,1746021600000,4.041,4.103,4.026,4.079,398475.95,1746025199999,1620875.90006,7444
DOTUSDT,1746025200000,4.079,4.104,4.066,4.076,116572.51,1746028799999,476248.3977,3069
DOTUSDT,1746028800000,4.076,4.079,4.038,4.067,161589.39,1746032399999,655851.86218,2728
DOTUSDT,1746032400000,4.068,4.095,4.047,4.089,171335.22,1746035999999,698186.21612,2320
DOTUSDT,1746036000000,4.09,4.113,4.074,4.077,134632.72,1746039599999,551568.19212,3179
DOTUSDT,1746039600000,4.077,4.09,4.047,4.075,86203.57,1746043199999,350719.00158,2768
DOTUSDT,1746043200000,4.076,4.137,4.073,4.114,230070.84,1746046799999,947164.19011,3823
DOTUSDT,1746046800000,4.115,4.124,4.094,4.1,109971.68,1746050399999,452539.44572,1587
DOTUSDT,1746050400000,4.099,4.116,4.075,4.085,69366.07,1746053999999,283839.51324,1620
DOTUSDT,1746054000000,4.084,4.089,4.064,4.065,144244.12,1746057599999,587391.3171,1914
DOTUSDT,1746057600000,4.066,4.098,4.064,4.096,198853.53,1746061199999,812522.85625,2602
DOTUSDT,1746061200000,4.097,4.124,4.094,4.119,86771.01,1746064799999,356772.6318,1776
DOTUSDT,1746064800000,4.12,4.13,4.094,4.097,235806.94,1746068399999,970306.31934,2477
DOTUSDT,1746068400000,4.098,4.119,4.095,4.099,133953.29,1746071999999,550358.70888,1777
DOTUSDT,1746072000000,4.099,4.099,4.077,4.097,78980.81,1746075599999,322692.32263,1675
DOTUSDT,1746075600000,4.098,4.122,4.092,4.113,65589.37,1746079199999,269657.5349,1509
DOTUSDT,1746079200000,4.113,4.119,4.09,4.096,71898.67,1746082799999,294967.43332,1393
DOTUSDT,1746082800000,4.095,4.123,4.088,4.119,90558.41,1746086399999,372140.5648,1429
DOTUSDT,1746086400000,4.118,4.15,4.108,4.15,107369.66,1746089999999,443588.88483,2052
DOTUSDT,1746090000000,4.149,4.16,4.141,4.151,121634.4,1746093599999,504770.82366,2364
DOTUSDT,1746093600000,4.152,4.186,4.146,4.182,208784.02,1746097199999,870620.31569,3862
DOTUSDT,1746097200000,4.182,4.19,4.164,4.177,206003.29,1746100799999,860412.28308,2480
DOTUSDT,1746100800000,4.177,4.184,4.16,4.178,174791.48,1746104399999,729356.39695,2671
DOTUSDT,1746104400000,4.178,4.194,4.121,4.123,360543.73,1746107999999,1502527.02913,4338
DOTUSDT,1746108000000,4.123,4.178,4.123,4.175,489665.26,1746111599999,2034748.81879,5549
DOTUSDT,1746111600000,4.176,4.214,4.152,4.157,361839.31,1746115199999,1514682.7654,4860
DOTUSDT,1746115200000,4.157,4.208,4.155,4.176,146034.34,1746118799999,610628.43161,2796
DOTUSDT,1746118800000,4.177,4.201,4.157,4.17,127240.16,1746122399999,531080.09561,2258
DOTUSDT,1746122400000,4.171,4.175,4.141,4.173,140086.78,1746125999999,582224.70625,2213
DOTUSDT,1746126000000,4.174,4.191,4.161,4.168,80096.79,1746129599999,334505.13823,1819
DOTUSDT,1746129600000,4.167,4.204,4.155,4.194,91847.85,1746133199999,384436.61327,2218
DOTUSDT,1746133200000,4.194,4.224,4.194,4.2,131163.08,1746136799999,552252.56839,2314
DOTUSDT,1746136800000,4.202,4.215,4.185,4.188,87070.08,1746140399999,365643.83403,1646
DOTUSDT,1746140400000,4.188,4.197,4.161,4.177,129278.05,1746143999999,539314.51186,1602
DOTUSDT,1746144000000,4.177,4.221,4.168,4.219,131103.56,1746147599999,550346.31461,2225
DOTUSDT,1746147600000,4.219,4.233,4.189,4.215,160255.06,1746151199999,675400.216,2338
DOTUSDT,1746151200000,4.214,4.269,4.207,4.267,173229.11,1746154799999,735277.87808,3065
DOTUSDT,1746154800000,4.268,4.287,4.24,4.242,214638.46,1746158399999,915620.33202,3990
DOTUSDT,1746158400000,4.242,4.25,4.185,4.198,225026.37,1746161999999,948471.81614,3365
DOTUSDT,1746162000000,4.198,4.207,4.171,4.187,103438.38,1746165599999,433055.27398,2090
DOTUSDT,1746165600000,4.186,4.236,4.176,4.22,184012.85,1746169199999,774303.17201,2792
DOTUSDT,1746169200000,4.219,4.219,4.184,4.187,259795.59,1746172799999,1091266.63689,2699
DOTUSDT,1746172800000,4.187,4.234,4.183,4.222,137657.18,1746176399999,580420.66257,3199
DOTUSDT,1746176400000,4.221,4.23,4.196,4.197,88979.69,1746179999999,375128.15562,1903
DOTUSDT,1746180000000,4.198,4.212,4.166,4.171,130485.84,1746183599999,546063.08459,2190
DOTUSDT,1746183600000,4.17,4.194,4.17,4.175,95652.07,1746187199999,399973.98397,1974
DOTUSDT,1746187200000,4.175,4.207,4.159,4.202,205240.38,1746190799999,859040.2197,3987
DOTUSDT,1746190800000,4.202,4.209,4.176,4.191,121727.44,1746194399999,510238.05925,2468
DOTUSDT,1746194400000,4.192,4.241,4.192,4.235,168882.03,1746197999999,712900.7452,3160
DOTUSDT,1746198000000,4.236,4.239,4.191,4.203,141072.34,1746201599999,594650.42237,2229
DOTUSDT,1746201600000,4.203,4.232,4.203,4.214,147371.06,1746205199999,622004.49938,2259
DOTUSDT,1746205200000,4.213,4.216,4.18,4.184,91671.51,1746208799999,384592.22433,1655
DOTUSDT,1746208800000,4.184,4.2,4.17,4.172,95281.87,1746212399999,398746.0537,1317
DOTUSDT,1746212400000,4.171,4.171,4.126,4.141,144705.35,1746215999999,600481.40644,2693
DOTUSDT,1746216000000,4.139,4.159,4.13,4.152,54206.0,1746219599999,224819.91467,1388
DOTUSDT,1746219600000,4.151,4.17,4.142,4.151,56637.68,1746223199999,235603.09056,1364
DOTUSDT,1746223200000,4.152,4.161,4.14,4.151,46499.5,1746226799999,193108.82895,1364
DOTUSDT,1746226800000,4.149,4.163,4.148,4.161,53723.5,1746230399999,223207.48056,1092
DOTUSDT,1746230400000,4.161,4.162,4.117,4.122,62237.06,1746233999999,257461.04373,1284
DOTUSDT,1746234000000,4.122,4.124,4.101,4.111,174387.23,1746237599999,716625.29828,2154
DOTUSDT,1746237600000,4.112,4.13,4.106,4.122,35569.94,1746241199999,146478.48977,1000
DOTUSDT,1746241200000,4.123,4.145,4.121,4.137,37298.74,1746244799999,154022.32049,1002
DOTUSDT,1746244800000,4.136,4.161,4.133,4.158,48026.24,1746248399999,199323.87358,930
DOTUSDT,1746248400000,4.158,4.172,4.147,4.16,96307.86,1746251999999,400456.02981,1217
DOTUSDT,1746252000000,4.16,4.16,4.139,4.149,83777.28,1746255599999,347506.30265,1268
DOTUSDT,1746255600000,4.148,4.162,4.139,4.142,67905.14,1746259199999,281962.27265,1312
DOTUSDT,1746259200000,4.144,4.151,4.117,4.135,131019.89,1746262799999,541412.41967,1837
DOTUSDT,1746262800000,4.135,4.139,4.112,4.118,66041.72,1746266399999,272643.33118,1180
DOTUSDT,1746266400000,4.117,4.118,4.073,4.08,205630.28,1746269999999,841975.71088,2669
DOTUSDT,1746270000000,4.078,4.099,4.075,4.085,123051.46,1746273599999,502928.80599,2224
DOTUSDT,1746273600000,4.085,4.115,4.085,4.107,106925.23,1746277199999,438603.47525,1681
DOTUSDT,1746277200000,4.107,4.124,4.106,4.112,91519.39,1746280799999,376600.08887,1351
DOTUSDT,1746280800000,4.112,4.127,4.105,4.127,60929.49,1746284399999,250694.32195,1233
DOTUSDT,1746284400000,4.127,4.144,4.113,4.114,79351.85,1746287999999,327720.09616,1529
DOTUSDT,1746288000000,4.114,4.114,4.053,4.07,185535.67,1746291599999,756709.4819,3471
DOTUSDT,1746291600000,4.069,4.069,4.012,4.055,260110.32,1746295199999,1050212.00573,4803
DOTUSDT,1746295200000,4.056,4.07,4.034,4.044,75465.56,1746298799999,305939.82755,1652
DOTUSDT,1746298800000,4.042,4.069,4.034,4.068,71091.42,1746302399999,288132.25429,1560
DOTUSDT,1746302400000,4.069,4.073,4.048,4.058,74867.48,1746305999999,303974.13581,1487
DOTUSDT,1746306000000,4.058,4.075,4.034,4.046,124716.71,1746309599999,505561.23461,1899
DOTUSDT,1746309600000,4.047,4.055,4.032,4.048,41619.38,1746313199999,168199.27495,1014
DOTUSDT,1746313200000,4.048,4.054,4.025,4.028,83053.51,1746316799999,335593.66351,1540
DOTUSDT,1746316800000,4.028,4.038,3.993,4.002,421435.74,1746320399999,1689506.17845,5115
DOTUSDT,1746320400000,4.003,4.027,3.985,4.023,143526.16,1746323999999,574693.15394,2746
DOTUSDT,1746324000000,4.024,4.051,4.007,4.016,115278.08,1746327599999,464375.93406,2271
DOTUSDT,1746327600000,4.016,4.024,3.993,4.004,142638.65,1746331199999,571725.82118,1737
DOTUSDT,1746331200000,4.005,4.016,3.981,3.997,151919.77,1746334799999,607588.07024,2092
DOTUSDT,1746334800000,3.997,4.043,3.991,4.026,392310.49,1746338399999,1579580.41212,4058
DOTUSDT,1746338400000,4.026,4.04,4.001,4.032,92739.06,1746341999999,372992.76629,1668
DOTUSDT,1746342000000,4.033,4.035,4.003,4.021,148113.22,1746345599999,595413.79989,1761
DOTUSDT,1746345600000,4.022,4.026,3.974,3.984,166947.9,1746349199999,667193.63658,2392
DOTUSDT,1746349200000,3.983,3.988,3.957,3.96,153646.92,1746352799999,610441.00563,2251
DOTUSDT,1746352800000,3.96,3.978,3.953,3.97,91838.06,1746356399999,364285.47138,1453
DOTUSDT,1746356400000,3.969,3.981,3.96,3.964,120433.59,1746359999999,478255.93819,1304
DOTUSDT,1746360000000,3.964,3.975,3.954,3.965,88102.42,1746363599999,349331.9608,1244
DOTUSDT,1746363600000,3.965,3.973,3.928,3.947,197355.05,1746367199999,779119.74627,2731
DOTUSDT,1746367200000,3.949,3.995,3.945,3.988,209617.63,1746370799999,834409.12485,2477
DOTUSDT,1746370800000,3.989,3.997,3.949,3.965,437879.84,1746374399999,1739105.55854,4426
DOTUSDT,1746374400000,3.963,3.969,3.908,3.921,320215.13,1746377999999,1258539.17712,4070
DOTUSDT,1746378000000,3.923,3.939,3.894,3.932,258401.38,1746381599999,1011918.82279,3282
DOTUSDT,1746381600000,3.933,3.947,3.921,3.923,94280.12,1746385199999,371001.84754,1704
DOTUSDT,1746385200000,3.924,3.954,3.918,3.943,56010.58,1746388799999,220629.40886,1132
DOTUSDT,1746388800000,3.943,3.968,3.936,3.964,77056.36,1746392399999,304964.50986,1220
DOTUSDT,1746392400000,3.964,3.974,3.951,3.971,49929.8,1746395999999,197810.51755,950
DOTUSDT,1746396000000,3.97,3.97,3.91,3.938,138091.47,1746399599999,543198.49349,2608
DOTUSDT,1746399600000,3.938,3.939,3.905,3.92,164871.67,1746403199999,646428.97965,2163
DOTUSDT,1746403200000,3.919,3.971,3.916,3.966,169376.24,1746406799999,668274.5302,2008
DOTUSDT,1746406800000,3.966,3.969,3.915,3.937,160757.37,1746410399999,633159.39771,2420
DOTUSDT,1746410400000,3.937,4.006,3.926,3.987,166615.19,1746413999999,662592.84349,3196
DOTUSDT,1746414000000,3.986,3.996,3.972,3.973,50750.34,1746417599999,202049.15724,1183
DOTUSDT,1746417600000,3.974,3.998,3.956,3.997,204742.1,1746421199999,813536.61241,2237
DOTUSDT,1746421200000,3.997,4.016,3.988,4.016,77810.01,1746424799999,311186.90937,1472
DOTUSDT,1746424800000,4.015,4.022,3.98,3.982,69719.61,1746428399999,278420.48066,1412
DOTUSDT,1746428400000,3.982,3.986,3.957,3.981,100964.7,1746431999999,401089.2609,1813
DOTUSDT,1746432000000,3.982,3.991,3.972,3.979,66033.76,1746435599999,262975.91034,1292
DOTUSDT,1746435600000,3.979,3.985,3.956,3.957,62163.17,1746439199999,246737.65162,1293
DOTUSDT,1746439200000,3.956,3.957,3.894,3.922,498711.63,1746442799999,1956114.69384,4348
DOTUSDT,1746442800000,3.924,3.961,3.9,3.915,615893.18,1746446399999,2416692.33017,5434
DOTUSDT,1746446400000,3.916,3.935,3.903,3.923,303023.08,1746449999999,1188555.75171,3487
DOTUSDT,1746450000000,3.922,3.935,3.897,3.92,195995.33,1746453599999,767396.54861,3246
DOTUSDT,1746453600000,3.921,3.938,3.909,3.923,138707.09,1746457199999,544056.49477,2439
DOTUSDT,1746457200000,3.922,3.928,3.887,3.896,139269.94,1746460799999,544156.16683,2386
DOTUSDT,1746460800000,3.896,3.933,3.896,3.919,92165.16,1746464399999,361513.43835,1736
DOTUSDT,1746464400000,3.92,3.965,3.911,3.952,197213.23,1746467999999,775255.01556,2127
DOTUSDT,1746468000000,3.953,3.984,3.951,3.974,87954.32,1746471599999,349210.85241,1576
DOTUSDT,1746471600000,3.975,3.985,3.935,3.937,69971.16,1746475199999,277170.49533,1438
DOTUSDT,1746475200000,3.938,3.941,3.884,3.917,222719.61,1746478799999,872463.9478,2909
DOTUSDT,1746478800000,3.917,3.942,3.911,3.931,105776.52,1746482399999,415381.10855,1819
DOTUSDT,1746482400000,3.932,3.959,3.925,3.945,83220.54,1746485999999,328199.59713,1451
DOTUSDT,1746486000000,3.946,3.948,3.915,3.918,78175.46,1746489599999,307358.68131,1183
DOTUSDT,1746489600000,3.918,3.93,3.9,3.905,198388.34,1746493199999,776596.29522,1912
DOTUSDT,1746493200000,3.907,3.929,3.89,3.899,152012.39,1746496799999,594458.69302,2515
DOTUSDT,1746496800000,3.899,3.905,3.859,3.901,230111.32,1746500399999,894198.77337,3054
DOTUSDT,1746500400000,3.9,3.923,3.89,3.917,79768.12,1746503999999,311645.80713,1384
DOTUSDT,1746504000000,3.917,3.93,3.914,3.916,44945.82,1746507599999,176218.96238,986
DOTUSDT,1746507600000,3.915,3.917,3.882,3.884,67614.26,1746511199999,263470.74067,1207
DOTUSDT,1746511200000,3.884,3.9,3.883,3.9,43390.06,1746514799999,168872.12983,874
DOTUSDT,1746514800000,3.9,3.919,3.888,3.892,128144.08,1746518399999,500217.6006,1932
DOTUSDT,1746518400000,3.891,3.892,3.848,3.886,178626.3,1746521999999,690213.51791,2603
DOTUSDT,1746522000000,3.885,3.904,3.865,3.888,438383.68,1746525599999,1704398.66729,3635
DOTUSDT,1746525600000,3.889,3.895,3.854,3.86,149789.26,1746529199999,580780.77641,2708
DOTUSDT,1746529200000,3.86,3.889,3.823,3.841,249655.24,1746532799999,962900.24913,3610
DOTUSDT,1746532800000,3.841,3.878,3.828,3.869,340712.46,1746536399999,1313795.18735,3242
DOTUSDT,1746536400000,3.869,3.881,3.84,3.859,622455.12,1746539999999,2403074.21454,5389
DOTUSDT,1746540000000,3.86,3.928,3.859,3.901,185198.73,1746543599999,723436.56749,3196
DOTUSDT,1746543600000,3.899,3.932,3.888,3.909,118469.68,1746547199999,463871.06081,2178
DOTUSDT,1746547200000,3.908,3.93,3.885,3.886,125886.21,1746550799999,492141.16934,2774
DOTUSDT,1746550800000,3.886,3.936,3.885,3.91,69247.85,1746554399999,271037.24693,1801
DOTUSDT,1746554400000,3.911,3.955,3.906,3.954,73279.75,1746557999999,288307.02066,1636
DOTUSDT,1746558000000,3.954,3.964,3.925,3.937,93932.81,1746561599999,370939.50409,1597
DOTUSDT,1746561600000,3.938,3.948,3.885,3.905,117151.38,1746565199999,458368.58769,1875
DOTUSDT,1746565200000,3.904,3.92,3.847,3.884,168351.52,1746568799999,653930.25413,2297
DOTUSDT,1746568800000,3.883,3.962,3.881,3.955,224948.95,1746572399999,884691.43771,3533
DOTUSDT,1746572400000,3.956,3.977,3.931,3.971,177026.72,1746575999999,699792.87116,2443
DOTUSDT,1746576000000,3.972,4.001,3.955,3.99,211677.38,1746579599999,843269.90047,2802
DOTUSDT,1746579600000,3.99,4.007,3.982,3.992,127048.5,1746583199999,507416.34388,1783
DOTUSDT,1746583200000,3.992,3.993,3.947,3.955,136720.66,1746586799999,542753.21455,1883
DOTUSDT,1746586800000,3.954,3.965,3.934,3.963,94725.36,1746590399999,374217.72342,1356
DOTUSDT,1746590400000,3.963,3.979,3.954,3.963,50183.29,1746593999999,199009.26218,1032
DOTUSDT,1746594000000,3.962,3.966,3.933,3.939,94520.18,1746597599999,373026.82887,1502
DOTUSDT,1746597600000,3.94,3.956,3.932,3.948,64384.41,1746601199999,253866.75101,1139
DOTUSDT,1746601200000,3.947,3.985,3.946,3.982,116857.63,1746604799999,464208.94706,1716
DOTUSDT,1746604800000,3.98,3.999,3.966,3.996,156195.21,1746608399999,621885.99899,1865
DOTUSDT,1746608400000,3.997,4.003,3.986,3.989,114978.51,1746611999999,459451.45528,1357
DOTUSDT,1746612000000,3.989,4.0,3.973,3.979,69117.85,1746615599999,275584.08642,1181
DOTUSDT,1746615600000,3.979,3.982,3.966,3.977,78114.01,1746619199999,310406.39679,1042
DOTUSDT,1746619200000,3.978,3.98,3.951,3.963,71289.04,1746622799999,282301.74352,1255
DOTUSDT,1746622800000,3.962,3.975,3.937,3.962,132007.48,1746626399999,522421.14543,2126
DOTUSDT,1746626400000,3.961,3.976,3.939,3.95,84283.29,1746629999999,333929.86905,1682
DOTUSDT,1746630000000,3.949,3.949,3.915,3.921,123076.21,1746633599999,483809.36765,2084
DOTUSDT,1746633600000,3.922,3.922,3.88,3.908,143758.97,1746637199999,560984.34335,2781
DOTUSDT,1746637200000,3.909,3.916,3.885,3.9,114669.48,1746640799999,447390.5813,1888
DOTUSDT,1746640800000,3.9,3.94,3.882,3.922,292986.53,1746644399999,1144758.08005,5094
DOTUSDT,1746644400000,3.921,3.924,3.886,3.902,128924.46,1746647999999,503235.07398,2173
DOTUSDT,1746648000000,3.902,3.915,3.892,3.911,60516.21,1746651599999,236182.44815,1084
DOTUSDT,1746651600000,3.912,3.946,3.904,3.929,69989.38,1746655199999,274922.4409,1247
DOTUSDT,1746655200000,3.93,3.968,3.925,3.966,102711.77,1746658799999,405819.91597,1585
DOTUSDT,1746658800000,3.967,3.987,3.962,3.969,75930.55,1746662399999,301576.18886,1194
DOTUSDT,1746662400000,3.968,4.014,3.966,4.011,132151.11,1746665999999,526859.09053,2025
DOTUSDT,1746666000000,4.011,4.062,4.01,4.045,295684.59,1746669599999,1195390.68185,5037
DOTUSDT,1746669600000,4.046,4.102,4.046,4.093,210273.09,1746673199999,857435.92611,3754
DOTUSDT,1746673200000,4.093,4.171,4.09,4.169,359368.37,1746676799999,1486251.87911,6093
DOTUSDT,1746676800000,4.17,4.239,4.17,4.208,574215.68,1746680399999,2417775.75325,10453
DOTUSDT,1746680400000,4.209,4.245,4.209,4.239,273743.67,1746683999999,1158829.47948,5876
DOTUSDT,1746684000000,4.24,4.267,4.221,4.23,413454.96,1746687599999,1754759.05799,4871
DOTUSDT,1746687600000,4.23,4.246,4.209,4.212,376612.53,1746691199999,1591987.04381,5234
DOTUSDT,1746691200000,4.213,4.248,4.212,4.24,214827.69,1746694799999,909453.14479,2922
DOTUSDT,1746694800000,4.24,4.286,4.233,4.279,337200.24,1746698399999,1434106.52581,4164
DOTUSDT,1746698400000,4.279,4.324,4.26,4.276,605626.67,1746701999999,2596579.84242,6878
DOTUSDT,1746702000000,4.275,4.278,4.239,4.247,230580.63,1746705599999,980848.02899,3192
DOTUSDT,1746705600000,4.248,4.255,4.219,4.221,465316.07,1746709199999,1973564.09666,4282
DOTUSDT,1746709200000,4.222,4.24,4.214,4.221,345963.37,1746712799999,1462550.89422,3496
DOTUSDT,1746712800000,4.22,4.257,4.206,4.237,249866.54,1746716399999,1057265.18996,3460
DOTUSDT,1746716400000,4.237,4.35,4.235,4.296,795193.06,1746719999999,3414886.1954,10973
DOTUSDT,1746720000000,4.297,4.331,4.297,4.324,386478.6,1746723599999,1667557.99065,5900
DOTUSDT,1746723600000,4.323,4.332,4.277,4.292,571126.41,1746727199999,2460900.36114,7324
DOTUSDT,1746727200000,4.293,4.319,4.292,4.31,252089.36,1746730799999,1085882.10186,3694
DOTUSDT,1746730800000,4.309,4.334,4.294,4.331,234542.58,1746734399999,1011677.39606,3867
DOTUSDT,1746734400000,4.33,4.442,4.314,4.441,521589.8,1746737999999,2282031.57485,8340
DOTUSDT,1746738000000,4.441,4.494,4.389,4.442,645238.95,1746741599999,2866071.31642,10440
DOTUSDT,1746741600000,4.443,4.446,4.406,4.423,203238.37,1746745199999,899483.0307,3582
DOTUSDT,1746745200000,4.423,4.456,4.408,4.456,172616.01,1746748799999,765398.23543,2880
DOTUSDT,1746748800000,4.455,4.476,4.434,4.468,247181.51,1746752399999,1101242.87015,4001
DOTUSDT,1746752400000,4.467,4.533,4.457,4.517,436203.17,1746755999999,1961287.19646,6752
DOTUSDT,1746756000000,4.516,4.523,4.488,4.509,293455.87,1746759599999,1321830.375,4663
DOTUSDT,1746759600000,4.508,4.554,4.466,4.474,342120.16,1746763199999,1544436.21236,5245
DOTUSDT,1746763200000,4.475,4.497,4.447,4.462,213313.59,1746766799999,953561.21839,3903
DOTUSDT,1746766800000,4.461,4.508,4.453,4.503,213587.34,1746770399999,957242.29117,3039
DOTUSDT,1746770400000,4.503,4.533,4.487,4.53,332742.06,1746773999999,1501141.82235,3889
DOTUSDT,1746774000000,4.53,4.636,4.527,4.605,734375.21,1746777599999,3369083.05529,11336
DOTUSDT,1746777600000,4.604,4.708,4.552,4.624,1332653.38,1746781199999,6167821.84648,24973
DOTUSDT,1746781200000,4.625,4.671,4.56,4.592,553713.48,1746784799999,2548203.81496,12000
DOTUSDT,1746784800000,4.592,4.681,4.573,4.67,517541.13,1746788399999,2396692.35387,8312
DOTUSDT,1746788400000,4.671,4.75,4.646,4.687,726322.73,1746791999999,3412743.04217,19421
DOTUSDT,1746792000000,4.686,4.701,4.633,4.67,476328.08,1746795599999,2218138.25809,7122
DOTUSDT,1746795600000,4.671,4.746,4.663,4.724,513703.99,1746799199999,2418388.23896,7289
DOTUSDT,1746799200000,4.724,4.763,4.624,4.699,1567472.52,1746802799999,7353984.72482,20841
DOTUSDT,1746802800000,4.7,4.741,4.658,4.731,580138.24,1746806399999,2725206.575,9760
DOTUSDT,1746806400000,4.731,4.768,4.693,4.716,391914.25,1746809999999,1854548.25346,7786
DOTUSDT,1746810000000,4.716,4.863,4.708,4.844,850339.56,1746813599999,4095398.81376,12713
DOTUSDT,1746813600000,4.844,4.848,4.769,4.771,371587.3,1746817199999,1783342.76638,5852
DOTUSDT,1746817200000,4.77,4.781,4.734,4.762,253441.34,1746820799999,1206661.44655,4191
DOTUSDT,1746820800000,4.762,4.798,4.745,4.793,235169.73,1746824399999,1120490.27467,3286
DOTUSDT,1746824400000,4.792,4.818,4.768,4.782,142821.97,1746827999999,684324.31648,2711
DOTUSDT,1746828000000,4.783,4.811,4.768,4.78,117967.06,1746831599999,565177.827,2468
DOTUSDT,1746831600000,4.78,4.805,4.76,4.799,170349.32,1746835199999,814777.9104,3507
DOTUSDT,1746835200000,4.799,4.928,4.797,4.82,562487.54,1746838799999,2742983.86586,13509
DOTUSDT,1746838800000,4.819,4.908,4.811,4.878,460500.99,1746842399999,2246582.29638,9480
DOTUSDT,1746842400000,4.879,5.032,4.874,5.025,1204205.51,1746845999999,5971866.95917,18535
DOTUSDT,1746846000000,5.026,5.039,4.95,4.981,455534.95,1746849599999,2276732.29321,10314
DOTUSDT,1746849600000,4.98,5.076,4.93,5.058,434617.49,1746853199999,2174116.45111,9534
DOTUSDT,1746853200000,5.057,5.112,4.994,5.096,514981.99,1746856799999,2596781.90497,10712
DOTUSDT,1746856800000,5.097,5.13,5.048,5.1,601857.41,1746860399999,3065068.54638,12043
DOTUSDT,1746860400000,5.1,5.113,5.025,5.062,374665.73,1746863999999,1898652.99797,8094
DOTUSDT,1746864000000,5.063,5.13,5.04,5.085,536567.51,1746867599999,2729330.30089,10106
DOTUSDT,1746867600000,5.086,5.145,5.044,5.133,376006.47,1746871199999,1917605.08436,8505
DOTUSDT,1746871200000,5.133,5.21,5.102,5.103,1024625.4,1746874799999,5288199.33394,15564
DOTUSDT,1746874800000,5.103,5.168,5.036,5.049,662461.03,1746878399999,3375737.43406,13402
DOTUSDT,1746878400000,5.049,5.084,5.019,5.04,477826.16,1746881999999,2414145.42949,8737
DOTUSDT,1746882000000,5.04,5.067,5.011,5.05,257706.37,1746885599999,1300341.70199,5726
DOTUSDT,1746885600000,5.051,5.098,5.008,5.098,451999.2,1746889199999,2285188.00052,6565
DOTUSDT,1746889200000,5.098,5.117,4.983,5.003,633912.49,1746892799999,3191054.47965,10703
DOTUSDT,1746892800000,5.004,5.077,4.987,5.072,392621.09,1746896399999,1976554.64051,7048
DOTUSDT,1746896400000,5.072,5.14,5.038,5.058,512379.99,1746899999999,2608728.74307,10261
DOTUSDT,1746900000000,5.058,5.108,5.048,5.094,260590.81,1746903599999,1323027.73977,5441
DOTUSDT,1746903600000,5.094,5.094,5.044,5.074,161599.94,1746907199999,819662.21244,2981
DOTUSDT,1746907200000,5.073,5.108,5.042,5.098,135908.02,1746910799999,690218.72214,3225
DOTUSDT,1746910800000,5.1,5.145,5.09,5.13,195329.41,1746914399999,999705.09349,4473
DOTUSDT,1746914400000,5.13,5.179,5.109,5.175,374645.34,1746917999999,1929123.54637,7141
DOTUSDT,1746918000000,5.174,5.323,5.169,5.309,791720.9,1746921599999,4154479.9322,14400
DOTUSDT,1746921600000,5.309,5.362,5.122,5.182,915517.97,1746925199999,4792629.30394,20649
DOTUSDT,1746925200000,5.183,5.198,5.048,5.093,749873.23,1746928799999,3846014.68002,12115
DOTUSDT,1746928800000,5.094,5.139,5.061,5.091,439027.33,1746932399999,2241494.44638,7745
DOTUSDT,1746932400000,5.093,5.175,5.075,5.126,365086.85,1746935999999,1875863.10642,6139
DOTUSDT,1746936000000,5.128,5.212,5.119,5.202,302489.62,1746939599999,1562893.62427,7273
DOTUSDT,1746939600000,5.201,5.201,5.112,5.117,230634.44,1746943199999,1186320.38431,4897
DOTUSDT,1746943200000,5.117,5.135,5.05,5.072,352071.25,1746946799999,1790358.73891,7615
DOTUSDT,1746946800000,5.071,5.075,4.954,5.002,685415.45,1746950399999,3433824.35632,14425
DOTUSDT,1746950400000,5.004,5.06,4.977,4.993,413007.6,1746953999999,2069263.28623,6951
DOTUSDT,1746954000000,4.992,5.079,4.992,5.056,210732.77,1746957599999,1062895.70581,4246
DOTUSDT,1746957600000,5.055,5.112,5.053,5.089,373729.57,1746961199999,1899743.19889,5229
DOTUSDT,1746961200000,5.089,5.115,5.077,5.109,159126.99,1746964799999,811019.51771,2761
DOTUSDT,1746964800000,5.108,5.121,5.068,5.106,229757.98,1746968399999,1170291.99445,3932
DOTUSDT,1746968400000,5.107,5.115,4.998,5.0,450043.49,1746971999999,2269978.09664,6823
DOTUSDT,1746972000000,5.0,5.075,5.0,5.053,221322.14,1746975599999,1115655.47756,4888
DOTUSDT,1746975600000,5.052,5.105,5.004,5.05,215647.64,1746979199999,1090226.96052,5446
DOTUSDT,1746979200000,5.05,5.067,4.985,5.036,243929.88,1746982799999,1225306.84237,6686
DOTUSDT,1746982800000,5.036,5.12,5.024,5.11,338619.95,1746986399999,1719377.30047,5547
DOTUSDT,1746986400000,5.11,5.15,5.062,5.127,355228.95,1746989999999,1818601.18557,7243
DOTUSDT,1746990000000,5.126,5.153,5.093,5.104,250207.31,1746993599999,1282691.58771,4712
DOTUSDT,1746993600000,5.104,5.123,5.078,5.091,150030.96,1746997199999,765220.182,3232
DOTUSDT,1746997200000,5.091,5.13,5.06,5.124,154391.93,1747000799999,786255.17501,2925
DOTUSDT,1747000800000,5.125,5.147,5.057,5.095,177181.39,1747004399999,902440.20594,4551
DOTUSDT,1747004400000,5.096,5.112,5.077,5.097,118309.37,1747007999999,602985.61357,2735
DOTUSDT,1747008000000,5.097,5.146,5.083,5.114,219064.91,1747011599999,1121191.81278,5233
DOTUSDT,1747011600000,5.114,5.158,5.016,5.065,280189.74,1747015199999,1426637.31849,7020
DOTUSDT,1747015200000,5.066,5.139,5.063,5.104,226455.9,1747018799999,1156704.08569,6227
DOTUSDT,1747018800000,5.105,5.148,5.071,5.147,209036.23,1747022399999,1070429.04026,5624
DOTUSDT,1747022400000,5.148,5.175,5.108,5.164,204245.55,1747025999999,1051399.16531,5871
DOTUSDT,1747026000000,5.165,5.179,5.095,5.142,232739.94,1747029599999,1194815.92896,5196
DOTUSDT,1747029600000,5.143,5.209,5.128,5.19,343989.22,1747033199999,1783836.66479,6589
DOTUSDT,1747033200000,5.19,5.4,5.19,5.269,1339429.55,1747036799999,7092405.43206,26836
DOTUSDT,1747036800000,5.269,5.298,5.187,5.291,524080.86,1747040399999,2746428.61258,10977
DOTUSDT,1747040400000,5.292,5.311,5.221,5.229,229227.4,1747043999999,1205942.38966,6082
DOTUSDT,1747044000000,5.229,5.25,5.193,5.245,220453.78,1747047599999,1151940.79203,6247
DOTUSDT,1747047600000,5.244,5.277,5.18,5.2,322598.75,1747051199999,1688369.8829,7274
DOTUSDT,1747051200000,5.199,5.342,5.196,5.321,534418.19,1747054799999,2817868.68184,11345
DOTUSDT,1747054800000,5.321,5.377,5.243,5.293,619260.24,1747058399999,3291988.41414,15092
DOTUSDT,1747058400000,5.295,5.321,5.082,5.131,1125169.82,1747061999999,5827182.00539,23749
DOTUSDT,1747062000000,5.132,5.175,5.06,5.107,661653.26,1747065599999,3385864.66713,14051
DOTUSDT,1747065600000,5.106,5.17,5.073,5.15,258655.97,1747069199999,1325415.74503,7139
DOTUSDT,1747069200000,5.15,5.183,5.083,5.103,258647.4,1747072799999,1330357.50919,6079
DOTUSDT,1747072800000,5.103,5.126,4.89,4.981,1208809.73,1747076399999,6033364.89499,23459
DOTUSDT,1747076400000,4.983,5.062,4.98,5.048,361164.53,1747079999999,1815313.19895,8232
DOTUSDT,1747080000000,5.049,5.115,5.015,5.087,204394.73,1747083599999,1035496.84967,4855
DOTUSDT,1747083600000,5.086,5.115,5.069,5.088,149060.34,1747087199999,758712.34715,3586
DOTUSDT,1747087200000,5.087,5.115,5.074,5.085,83288.97,1747090799999,424618.02145,2305
DOTUSDT,1747090800000,5.085,5.107,5.067,5.068,105508.43,1747094399999,536671.16471,2310
DOTUSDT,1747094400000,5.069,5.07,4.978,4.983,247115.57,1747097999999,1239934.32888,5860
DOTUSDT,1747098000000,4.985,5.014,4.907,4.943,380868.77,1747101599999,1888737.69375,7331
DOTUSDT,1747101600000,4.944,4.962,4.841,4.875,579220.34,1747105199999,2832900.512,11136
DOTUSDT,1747105200000,4.874,4.906,4.823,4.842,390950.69,1747108799999,1897516.51464,7675
DOTUSDT,1747108800000,4.841,4.95,4.831,4.937,274388.05,1747112399999,1346413.13772,5243
DOTUSDT,1747112400000,4.937,4.955,4.906,4.942,198783.2,1747115999999,980978.08186,2930
DOTUSDT,1747116000000,4.943,4.982,4.942,4.948,130163.61,1747119599999,645823.83402,2698
DOTUSDT,1747119600000,4.948,5.013,4.942,4.971,201368.15,1747123199999,1003940.12088,3828
DOTUSDT,1747123200000,4.972,4.999,4.943,4.96,140889.73,1747126799999,699966.77694,3137
DOTUSDT,1747126800000,4.961,5.042,4.959,5.035,212288.25,1747130399999,1065043.60957,4486
DOTUSDT,1747130400000,5.035,5.035,4.996,5.01,136881.03,1747133999999,686053.04159,3078
DOTUSDT,1747134000000,5.009,5.065,4.988,5.004,569577.37,1747137599999,2864867.79469,6381
DOTUSDT,1747137600000,5.003,5.053,4.953,5.026,442115.2,1747141199999,2210898.63464,8523
DOTUSDT,1747141200000,5.027,5.073,5.014,5.036,233724.83,1747144799999,1179324.73949,5226
DOTUSDT,1747144800000,5.036,5.038,4.962,4.991,368966.1,1747148399999,1844105.57209,6037
DOTUSDT,1747148400000,4.991,5.048,4.986,5.044,170323.46,1747151999999,855918.20332,3821
DOTUSDT,1747152000000,5.044,5.127,5.037,5.093,369637.7,1747155599999,1883066.95435,7319
DOTUSDT,1747155600000,5.093,5.148,5.086,5.14,203909.94,1747159199999,1044119.59881,4575
DOTUSDT,1747159200000,5.139,5.175,5.118,5.172,209476.21,1747162799999,1078404.19669,4007
DOTUSDT,1747162800000,5.172,5.273,5.137,5.211,524576.31,1747166399999,2736815.53854,9494
DOTUSDT,1747166400000,5.211,5.233,5.157,5.209,242489.87,1747169999999,1260242.05005,6463
DOTUSDT,1747170000000,5.208,5.213,5.168,5.195,175468.22,1747173599999,910844.39572,3245
DOTUSDT,1747173600000,5.196,5.214,5.16,5.188,207511.87,1747177199999,1077480.65179,3382
DOTUSDT,1747177200000,5.189,5.212,5.161,5.195,137520.64,1747180799999,714117.88049,3239
DOTUSDT,1747180800000,5.194,5.235,5.19,5.223,168829.45,1747184399999,880119.94701,4692
DOTUSDT,1747184400000,5.223,5.267,5.182,5.196,288007.17,1747187999999,1505566.18282,6176
DOTUSDT,1747188000000,5.197,5.198,5.123,5.185,247903.05,1747191599999,1280297.0953,5287
DOTUSDT,1747191600000,5.184,5.198,5.151,5.195,131937.53,1747195199999,682441.23348,2887
DOTUSDT,1747195200000,5.196,5.228,5.164,5.22,201707.73,1747198799999,1048153.73824,3779
DOTUSDT,1747198800000,5.22,5.25,5.21,5.233,275299.83,1747202399999,1440563.41048,3556
DOTUSDT,1747202400000,5.234,5.246,5.186,5.205,187467.54,1747205999999,977177.04144,3830
DOTUSDT,1747206000000,5.206,5.211,5.135,5.15,198762.32,1747209599999,1027389.98364,4513
DOTUSDT,1747209600000,5.15,5.166,5.019,5.025,508445.18,1747213199999,2590122.38863,11372
DOTUSDT,1747213200000,5.027,5.092,5.021,5.08,304841.32,1747216799999,1542649.03044,5965
DOTUSDT,1747216800000,5.08,5.118,5.078,5.095,204137.19,1747220399999,1040944.37232,3262
DOTUSDT,1747220400000,5.096,5.14,5.096,5.127,277379.87,1747223999999,1419772.44421,3219
DOTUSDT,1747224000000,5.126,5.133,5.053,5.066,182973.67,1747227599999,932769.46902,3259
DOTUSDT,1747227600000,5.066,5.097,4.995,5.055,556635.62,1747231199999,2808278.79447,8613
DOTUSDT,1747231200000,5.055,5.057,4.973,5.01,377678.01,1747234799999,1892904.73497,7189
DOTUSDT,1747234800000,5.012,5.036,4.985,5.022,242185.33,1747238399999,1213074.77428,4427
DOTUSDT,1747238400000,5.02,5.045,4.978,5.001,172165.02,1747241999999,862658.34177,3818
DOTUSDT,1747242000000,5.002,5.011,4.953,5.009,192189.03,1747245599999,957624.40679,4031
DOTUSDT,1747245600000,5.008,5.038,4.999,5.027,132282.8,1747249199999,663437.25923,2837
DOTUSDT,1747249200000,5.027,5.041,5.005,5.016,109679.26,1747252799999,550626.6104,1946
DOTUSDT,1747252800000,5.015,5.026,5.0,5.002,61449.46,1747256399999,308346.41328,7899
DOTUSDT,1747256400000,5.001,5.027,4.981,5.021,69173.12,1747259999999,345939.76127,2109
DOTUSDT,1747260000000,5.022,5.025,4.969,4.984,98761.52,1747263599999,492151.63964,1959
DOTUSDT,1747263600000,4.984,4.989,4.947,4.98,94608.58,1747267199999,470276.43046,2278
DOTUSDT,1747267200000,4.981,5.028,4.974,5.006,101955.41,1747270799999,510465.66897,2611
DOTUSDT,1747270800000,5.005,5.011,4.884,4.905,321297.98,1747274399999,1585235.64608,5625
DOTUSDT,1747274400000,4.906,4.949,4.892,4.93,177052.2,1747277999999,872391.7414,3925
DOTUSDT,1747278000000,4.931,4.944,4.896,4.903,111705.63,1747281599999,549657.98418,2822
DOTUSDT,1747281600000,4.903,4.931,4.895,4.918,112363.31,1747285199999,552047.62668,2889
DOTUSDT,1747285200000,4.918,4.922,4.849,4.855,185503.32,1747288799999,904864.66966,3677
DOTUSDT,1747288800000,4.855,4.889,4.824,4.863,264735.52,1747292399999,1285595.03248,5257
DOTUSDT,1747292400000,4.862,4.876,4.756,4.763,708203.32,1747295999999,3402481.2583,9341
DOTUSDT,1747296000000,4.762,4.853,4.761,4.845,297309.33,1747299599999,1431660.18817,5177
DOTUSDT,1747299600000,4.844,4.852,4.747,4.788,435326.81,1747303199999,2090652.30634,5873
DOTUSDT,1747303200000,4.788,4.795,4.718,4.756,315778.2,1747306799999,1500900.97381,5178
DOTUSDT,1747306800000,4.755,4.801,4.753,4.788,172990.88,1747310399999,826483.99023,3644
DOTUSDT,1747310400000,4.789,4.825,4.762,4.794,400684.33,1747313999999,1919764.66681,7489
DOTUSDT,1747314000000,4.794,4.883,4.721,4.766,651964.32,1747317599999,3130969.44554,9892
DOTUSDT,1747317600000,4.765,4.801,4.685,4.74,576255.79,1747321199999,2723107.46207,9479
DOTUSDT,1747321200000,4.74,4.847,4.723,4.838,423809.23,1747324799999,2033015.49039,6257
DOTUSDT,1747324800000,4.837,4.885,4.796,4.884,242480.97,1747328399999,1172426.94943,4416
DOTUSDT,1747328400000,4.884,4.932,4.856,4.888,261865.04,1747331999999,1282211.26355,4837
DOTUSDT,1747332000000,4.887,4.895,4.754,4.769,388313.95,1747335599999,1867428.65928,6712
DOTUSDT,1747335600000,4.767,4.823,4.746,4.806,139016.76,1747339199999,666213.18131,3838
DOTUSDT,1747339200000,4.807,4.844,4.762,4.787,640308.22,1747342799999,3072305.49491,8893
DOTUSDT,1747342800000,4.786,4.787,4.707,4.777,175493.82,1747346399999,833299.34351,3341
DOTUSDT,1747346400000,4.776,4.822,4.758,4.76,136778.69,1747349999999,656174.06371,2266
DOTUSDT,1747350000000,4.76,4.779,4.679,4.779,255341.82,1747353599999,1205805.94178,5098
DOTUSDT,1747353600000,4.778,4.824,4.752,4.798,107251.95,1747357199999,514251.21081,3829
DOTUSDT,1747357200000,4.799,4.834,4.75,4.832,178477.6,1747360799999,855367.75258,4408
DOTUSDT,1747360800000,4.833,4.881,4.815,4.849,310365.48,1747364399999,1504740.50546,6447
DOTUSDT,1747364400000,4.85,4.878,4.839,4.872,129896.92,1747367999999,631301.77613,3248
DOTUSDT,1747368000000,4.872,4.89,4.817,4.849,134289.35,1747371599999,651487.28708,3245
DOTUSDT,1747371600000,4.849,4.882,4.848,4.866,92665.54,1747375199999,451113.51015,2315
DOTUSDT,1747375200000,4.867,4.898,4.855,4.889,82057.42,1747378799999,400252.04396,2370
DOTUSDT,1747378800000,4.888,4.914,4.857,4.88,148157.61,1747382399999,723557.64504,3454
DOTUSDT,1747382400000,4.88,4.892,4.794,4.83,148640.82,1747385999999,718389.12413,3560
DOTUSDT,1747386000000,4.832,4.912,4.829,4.912,132925.4,1747389599999,647775.08293,3331
DOTUSDT,1747389600000,4.912,4.936,4.889,4.934,117663.35,1747393199999,578040.53745,2669
DOTUSDT,1747393200000,4.934,4.956,4.902,4.931,401337.12,1747396799999,1978607.07715,4588
DOTUSDT,1747396800000,4.931,4.942,4.885,4.886,116191.63,1747400399999,570189.8301,2818
DOTUSDT,1747400400000,4.885,4.939,4.882,4.934,123789.28,1747403999999,608079.72003,2935
DOTUSDT,1747404000000,4.933,4.933,4.849,4.874,235366.92,1747407599999,1153429.20258,4926
DOTUSDT,1747407600000,4.873,4.919,4.873,4.908,215672.56,1747411199999,1055379.41123,3998
DOTUSDT,1747411200000,4.907,4.928,4.828,4.879,151243.47,1747414799999,737414.02779,3365
DOTUSDT,1747414800000,4.88,4.887,4.806,4.821,138843.29,1747418399999,673151.56509,2705
DOTUSDT,1747418400000,4.82,4.841,4.807,4.824,87075.25,1747421999999,420358.62346,2523
DOTUSDT,1747422000000,4.824,4.853,4.815,4.841,94393.82,1747425599999,456441.07183,2408
DOTUSDT,1747425600000,4.841,4.843,4.76,4.808,814881.95,1747429199999,3903011.80606,8514
DOTUSDT,1747429200000,4.807,4.828,4.777,4.799,86219.28,1747432799999,414455.30069,2101
DOTUSDT,1747432800000,4.798,4.803,4.711,4.737,269342.43,1747436399999,1278170.02405,4491
DOTUSDT,1747436400000,4.737,4.781,4.737,4.755,103761.64,1747439999999,494313.0086,2182
DOTUSDT,1747440000000,4.755,4.768,4.683,4.706,315083.82,1747443599999,1487616.84552,5628
DOTUSDT,1747443600000,4.705,4.705,4.612,4.636,595170.15,1747447199999,2772224.77723,8493
DOTUSDT,1747447200000,4.636,4.683,4.605,4.658,251318.67,1747450799999,1167066.12405,4298
DOTUSDT,1747450800000,4.659,4.691,4.61,4.685,102929.78,1747454399999,478805.38826,3048
DOTUSDT,1747454400000,4.685,4.752,4.674,4.734,154412.65,1747457999999,728001.71843,2800
DOTUSDT,1747458000000,4.735,4.745,4.685,4.688,92444.45,1747461599999,436128.62183,2284
DOTUSDT,1747461600000,4.688,4.733,4.688,4.727,101432.57,1747465199999,478342.42826,2412
DOTUSDT,1747465200000,4.726,4.763,4.705,4.729,88877.88,1747468799999,420968.40053,2562
DOTUSDT,1747468800000,4.729,4.749,4.696,4.697,126322.02,1747472399999,596687.86286,3681
DOTUSDT,1747472400000,4.697,4.704,4.657,4.677,136125.47,1747475999999,636483.09487,3706
DOTUSDT,1747476000000,4.677,4.718,4.666,4.697,64338.12,1747479599999,302091.75835,2420
DOTUSDT,1747479600000,4.697,4.711,4.655,4.685,82440.57,1747483199999,386136.79562,2126
DOTUSDT,1747483200000,4.686,4.702,4.659,4.662,87229.57,1747486799999,408384.44907,2949
DOTUSDT,1747486800000,4.662,4.683,4.606,4.62,136672.32,1747490399999,633628.82838,3248
DOTUSDT,1747490400000,4.621,4.699,4.621,4.688,109850.8,1747493999999,512506.17686,2751
DOTUSDT,1747494000000,4.689,4.698,4.661,4.662,114642.82,1747497599999,536932.96761,2372
DOTUSDT,1747497600000,4.662,4.674,4.569,4.618,236673.6,1747501199999,1090727.70067,4790
DOTUSDT,1747501200000,4.618,4.671,4.613,4.626,113305.42,1747504799999,525989.2532,2632
DOTUSDT,1747504800000,4.625,4.679,4.596,4.603,284313.84,1747508399999,1318894.0325,5673
DOTUSDT,1747508400000,4.6,4.635,4.584,4.594,101474.65,1747511999999,467220.63829,2640
DOTUSDT,1747512000000,4.593,4.681,4.587,4.668,187565.68,1747515599999,869366.41117,4564
DOTUSDT,1747515600000,4.669,4.673,4.625,4.653,64933.24,1747519199999,301892.60871,1731
DOTUSDT,1747519200000,4.653,4.653,4.557,4.59,162723.07,1747522799999,747155.55576,3489
DOTUSDT,1747522800000,4.59,4.631,4.578,4.612,89683.3,1747526399999,413083.69628,1954
DOTUSDT,1747526400000,4.613,4.624,4.583,4.618,81782.89,1747529999999,376588.94538,2592
DOTUSDT,1747530000000,4.619,4.645,4.594,4.632,54044.27,1747533599999,249534.88854,2062
DOTUSDT,1747533600000,4.631,4.64,4.608,4.617,50444.53,1747537199999,233271.19659,1562
DOTUSDT,1747537200000,4.616,4.636,4.588,4.608,144950.83,1747540799999,668720.51274,2921
DOTUSDT,1747540800000,4.608,4.657,4.606,4.648,86101.02,1747544399999,399854.62599,1474
DOTUSDT,1747544400000,4.649,4.734,4.648,4.727,160706.73,1747547999999,754407.68103,2977
DOTUSDT,1747548000000,4.728,4.729,4.688,4.695,94060.52,1747551599999,442813.55116,2067
DOTUSDT,1747551600000,4.694,4.757,4.691,4.751,145569.31,1747555199999,687668.54447,2799
DOTUSDT,1747555200000,4.75,4.8,4.75,4.785,197369.09,1747558799999,943541.61019,3543
DOTUSDT,1747558800000,4.786,4.803,4.746,4.761,100065.34,1747562399999,477887.75288,2477
DOTUSDT,1747562400000,4.76,4.773,4.735,4.754,55427.44,1747565999999,263381.17764,1739
DOTUSDT,1747566000000,4.754,4.779,4.742,4.745,69648.68,1747569599999,331794.98559,1772
DOTUSDT,1747569600000,4.744,4.769,4.719,4.768,71732.5,1747573199999,340200.81418,1776
DOTUSDT,1747573200000,4.767,4.817,4.757,4.812,183598.9,1747576799999,878954.26736,2821
DOTUSDT,1747576800000,4.813,4.864,4.803,4.855,359497.12,1747580399999,1738644.62922,4905
DOTUSDT,1747580400000,4.856,4.921,4.836,4.91,241063.22,1747583999999,1175879.57124,4482
DOTUSDT,1747584000000,4.911,4.92,4.86,4.882,302809.86,1747587599999,1479645.45317,5552
DOTUSDT,1747587600000,4.88,4.884,4.735,4.74,373102.5,1747591199999,1794174.24256,6863
DOTUSDT,1747591200000,4.741,4.746,4.644,4.684,582834.54,1747594799999,2730575.87324,10384
DOTUSDT,1747594800000,4.683,4.704,4.586,4.587,204593.41,1747598399999,948611.02232,5636
DOTUSDT,1747598400000,4.586,4.631,4.508,4.623,636041.11,1747601999999,2903446.89451,11515
DOTUSDT,1747602000000,4.623,4.686,4.616,4.637,125081.33,1747605599999,581741.49898,3356
DOTUSDT,1747605600000,4.637,4.711,4.596,4.71,184183.43,1747609199999,858602.38779,4459
DOTUSDT,1747609200000,4.709,4.813,4.679,4.793,236792.19,1747612799999,1122563.79414,5191
DOTUSDT,1747612800000,4.794,4.821,4.671,4.682,374354.44,1747616399999,1775793.42612,7704
DOTUSDT,1747616400000,4.681,4.692,4.626,4.635,133410.34,1747619999999,620727.97955,3877
DOTUSDT,1747620000000,4.635,4.651,4.579,4.602,189895.88,1747623599999,874967.81776,3660
DOTUSDT,1747623600000,4.602,4.602,4.543,4.551,255310.9,1747627199999,1164840.82316,5208
DOTUSDT,1747627200000,4.553,4.582,4.463,4.481,390745.59,1747630799999,1763980.16781,8677
DOTUSDT,1747630800000,4.482,4.525,4.455,4.505,496197.35,1747634399999,2230010.76177,8391
DOTUSDT,1747634400000,4.504,4.54,4.414,4.414,398004.1,1747637999999,1779219.63305,7225
DOTUSDT,1747638000000,4.415,4.522,4.412,4.5,268128.66,1747641599999,1202117.6227,5469
DOTUSDT,1747641600000,4.5,4.516,4.468,4.493,204978.6,1747645199999,921100.04911,4348
DOTUSDT,1747645200000,4.493,4.513,4.461,4.489,271444.16,1747648799999,1219814.95442,5785
DOTUSDT,1747648800000,4.49,4.519,4.467,4.497,249004.05,1747652399999,1117947.32499,4766
DOTUSDT,1747652400000,4.497,4.535,4.492,4.523,160453.12,1747655999999,724091.74097,2816
DOTUSDT,1747656000000,4.524,4.53,4.434,4.461,306627.39,1747659599999,1369457.41953,4873
DOTUSDT,1747659600000,4.461,4.55,4.455,4.522,266622.21,1747663199999,1201869.67527,5365
DOTUSDT,1747663200000,4.522,4.572,4.507,4.559,168973.7,1747666799999,767321.45531,3734
DOTUSDT,1747666800000,4.559,4.584,4.536,4.556,204262.43,1747670399999,931992.37752,3904
DOTUSDT,1747670400000,4.558,4.615,4.523,4.609,219223.2,1747673999999,999926.32151,4168
DOTUSDT,1747674000000,4.608,4.651,4.595,4.601,272918.5,1747677599999,1261626.17597,5634
DOTUSDT,1747677600000,4.6,4.617,4.541,4.565,161326.6,1747681199999,737684.7794,3882
DOTUSDT,1747681200000,4.565,4.608,4.554,4.6,165241.49,1747684799999,757300.87666,3283
DOTUSDT,1747684800000,4.6,4.614,4.584,4.591,137202.38,1747688399999,630990.91943,2573
DOTUSDT,1747688400000,4.592,4.602,4.558,4.597,122968.04,1747691999999,563857.96223,1652
DOTUSDT,1747692000000,4.596,4.596,4.565,4.573,86146.81,1747695599999,394576.00928,1526
DOTUSDT,1747695600000,4.572,4.602,4.567,4.596,60486.31,1747699199999,277292.01371,1399
DOTUSDT,1747699200000,4.597,4.649,4.577,4.583,198140.87,1747702799999,913978.16714,4201
DOTUSDT,1747702800000,4.581,4.664,4.575,4.647,190785.39,1747706399999,883415.95584,4177
DOTUSDT,1747706400000,4.648,4.727,4.648,4.68,356421.89,1747709999999,1674288.95392,5900
DOTUSDT,1747710000000,4.682,4.694,4.63,4.648,159364.76,1747713599999,742754.17654,3366
DOTUSDT,1747713600000,4.649,4.669,4.62,4.663,83534.81,1747717199999,387739.74718,2193
DOTUSDT,1747717200000,4.664,4.685,4.651,4.653,87952.03,1747720799999,410592.94152,2247
DOTUSDT,1747720800000,4.653,4.662,4.616,4.632,144524.3,1747724399999,669413.89269,3101
DOTUSDT,1747724400000,4.633,4.638,4.576,4.593,196864.0,1747727999999,906341.14872,4208
DOTUSDT,1747728000000,4.593,4.611,4.559,4.586,97005.08,1747731599999,443968.93348,2772
DOTUSDT,1747731600000,4.586,4.6,4.563,4.567,86426.86,1747735199999,395890.37791,2066
DOTUSDT,1747735200000,4.568,4.584,4.536,4.561,182837.54,1747738799999,833223.73563,4128
DOTUSDT,1747738800000,4.561,4.581,4.528,4.57,114753.78,1747742399999,522420.97713,2761
DOTUSDT,1747742400000,4.571,4.575,4.52,4.548,382442.88,1747745999999,1738417.56592,7561
DOTUSDT,1747746000000,4.549,4.562,4.519,4.533,213608.22,1747749599999,969931.42949,5279
DOTUSDT,1747749600000,4.532,4.571,4.519,4.545,119088.32,1747753199999,541552.31343,3769
DOTUSDT,1747753200000,4.545,4.61,4.544,4.601,107936.16,1747756799999,494704.06244,2691
DOTUSDT,1747756800000,4.601,4.616,4.568,4.569,113936.78,1747760399999,522845.86369,2706
DOTUSDT,1747760400000,4.57,4.639,4.565,4.627,134733.39,1747763999999,621153.3244,3356
DOTUSDT,1747764000000,4.627,4.643,4.524,4.537,296873.89,1747767599999,1360328.51213,5084
DOTUSDT,1747767600000,4.537,4.656,4.528,4.635,209591.2,1747771199999,966446.30773,3632
DOTUSDT,1747771200000,4.635,4.677,4.614,4.66,174351.25,1747774799999,809186.20594,3645
DOTUSDT,1747774800000,4.662,4.704,4.66,4.689,210149.8,1747778399999,983755.26092,3648
DOTUSDT,1747778400000,4.689,4.703,4.636,4.675,171162.89,1747781999999,797963.97555,3147
DOTUSDT,1747782000000,4.675,4.699,4.656,4.677,101282.97,1747785599999,473839.36439,2318
DOTUSDT,1747785600000,4.677,4.706,4.671,4.682,189669.42,1747789199999,889664.82216,3596
DOTUSDT,1747789200000,4.682,4.709,4.653,4.656,150155.71,1747792799999,703205.49195,3196
DOTUSDT,1747792800000,4.657,4.692,4.621,4.688,143376.91,1747796399999,666704.77467,3078
DOTUSDT,1747796400000,4.689,4.752,4.686,4.727,180684.37,1747799999999,853293.34869,3629
DOTUSDT,1747800000000,4.726,4.766,4.703,4.723,208273.04,1747803599999,986496.27654,4213
DOTUSDT,1747803600000,4.723,4.774,4.719,4.759,349835.93,1747807199999,1661947.89832,5599
DOTUSDT,1747807200000,4.76,4.775,4.724,4.751,218806.22,1747810799999,1040253.18728,3835
DOTUSDT,1747810800000,4.752,4.761,4.67,4.683,422068.89,1747814399999,1983176.32673,6457
DOTUSDT,1747814400000,4.684,4.702,4.638,4.642,314461.24,1747817999999,1466173.11366,4788
DOTUSDT,1747818000000,4.642,4.652,4.623,4.639,94474.55,1747821599999,438177.92638,2609
DOTUSDT,1747821600000,4.639,4.661,4.63,4.659,55982.09,1747825199999,260167.38996,1774
DOTUSDT,1747825200000,4.659,4.719,4.657,4.68,282746.91,1747828799999,1327111.60392,3921
DOTUSDT,1747828800000,4.681,4.707,4.66,4.674,129291.4,1747832399999,605645.05799,2658
DOTUSDT,1747832400000,4.675,4.734,4.651,4.706,221798.59,1747835999999,1042376.59667,4112
DOTUSDT,1747836000000,4.706,4.746,4.679,4.746,335957.43,1747839599999,1584663.93871,6281
DOTUSDT,1747839600000,4.745,4.776,4.708,4.76,494072.24,1747843199999,2347604.19919,8811
DOTUSDT,1747843200000,4.761,4.877,4.747,4.829,416630.59,1747846799999,2009326.71255,8123
DOTUSDT,1747846800000,4.829,4.85,4.612,4.649,957545.75,1747850399999,4499252.66834,21986
DOTUSDT,1747850400000,4.65,4.731,4.626,4.689,364513.0,1747853999999,1706752.6849,8562
DOTUSDT,1747854000000,4.689,4.762,4.671,4.754,184409.73,1747857599999,869235.46815,5169
DOTUSDT,1747857600000,4.752,4.764,4.706,4.733,126442.01,1747861199999,598579.06995,3102
DOTUSDT,1747861200000,4.734,4.744,4.707,4.707,100067.25,1747864799999,472864.56633,2160
DOTUSDT,1747864800000,4.708,4.758,4.707,4.749,127076.23,1747868399999,601592.57279,3253
DOTUSDT,1747868400000,4.748,4.803,4.723,4.74,306480.72,1747871999999,1460685.97313,6336
DOTUSDT,1747872000000,4.741,4.802,4.732,4.801,268385.33,1747875599999,1277583.33976,5678
DOTUSDT,1747875600000,4.802,4.814,4.766,4.775,154336.71,1747879199999,739564.54852,3961
DOTUSDT,1747879200000,4.777,4.818,4.772,4.809,180767.94,1747882799999,867612.66197,3772
DOTUSDT,1747882800000,4.809,4.861,4.797,4.844,227688.1,1747886399999,1100230.11842,4650
DOTUSDT,1747886400000,4.845,4.863,4.825,4.86,169935.06,1747889999999,823557.4655,3832
DOTUSDT,1747890000000,4.859,4.865,4.806,4.81,214905.86,1747893599999,1040465.14409,4291
DOTUSDT,1747893600000,4.811,4.829,4.783,4.792,186547.75,1747897199999,895249.29725,3827
DOTUSDT,1747897200000,4.791,4.86,4.786,4.858,186223.32,1747900799999,899617.38517,3689
DOTUSDT,1747900800000,4.858,4.916,4.849,4.891,313321.56,1747904399999,1532774.40277,5748
DOTUSDT,1747904400000,4.891,4.951,4.882,4.908,298201.7,1747907999999,1466371.43334,5421
DOTUSDT,1747908000000,4.907,4.916,4.874,4.877,190880.34,1747911599999,934756.59971,3783
DOTUSDT,1747911600000,4.875,4.893,4.847,4.881,203548.42,1747915199999,990820.14446,3525
DOTUSDT,1747915200000,4.882,4.911,4.858,4.904,227005.64,1747918799999,1109963.07211,3963
DOTUSDT,1747918800000,4.904,4.906,4.845,4.856,284677.44,1747922399999,1386721.94875,5595
DOTUSDT,1747922400000,4.857,4.937,4.856,4.921,323888.23,1747925999999,1589688.42234,5906
DOTUSDT,1747926000000,4.921,4.977,4.913,4.933,326758.34,1747929599999,1616360.30255,5143
DOTUSDT,1747929600000,4.933,4.966,4.912,4.921,203995.45,1747933199999,1006690.91286,3577
DOTUSDT,1747933200000,4.921,4.963,4.909,4.942,130879.36,1747936799999,647123.54197,2525
DOTUSDT,1747936800000,4.942,4.959,4.929,4.945,116133.91,1747940399999,574547.44098,2295
DOTUSDT,1747940400000,4.944,4.951,4.89,4.901,138475.12,1747943999999,680812.5866,2867
DOTUSDT,1747944000000,4.903,4.935,4.894,4.898,220335.93,1747947599999,1081765.55753,3256
DOTUSDT,1747947600000,4.897,4.916,4.883,4.905,127045.76,1747951199999,621989.27677,2535
DOTUSDT,1747951200000,4.905,4.947,4.902,4.917,133908.6,1747954799999,659787.08449,2943
DOTUSDT,1747954800000,4.917,4.958,4.916,4.948,106556.58,1747958399999,526537.97788,1856
DOTUSDT,1747958400000,4.948,4.985,4.929,4.959,218345.17,1747961999999,1083187.21251,5064
DOTUSDT,1747962000000,4.959,5.015,4.938,4.99,244037.48,1747965599999,1216666.23086,4695
DOTUSDT,1747965600000,4.991,5.101,4.982,5.067,1564501.84,1747969199999,7897962.36551,20182
DOTUSDT,1747969200000,5.067,5.112,5.064,5.108,208304.43,1747972799999,1059957.99661,4356
DOTUSDT,1747972800000,5.106,5.12,5.003,5.039,349995.64,1747976399999,1767507.57307,6189
DOTUSDT,1747976400000,5.039,5.044,4.973,5.002,405961.96,1747979999999,2029689.70447,5842
DOTUSDT,1747980000000,5.002,5.005,4.901,4.916,555446.54,1747983599999,2749270.28284,8207
DOTUSDT,1747983600000,4.918,4.967,4.91,4.922,196569.99,1747987199999,970765.38495,3457
DOTUSDT,1747987200000,4.923,4.975,4.923,4.964,211424.72,1747990799999,1046686.39684,3350
DOTUSDT,1747990800000,4.964,5.016,4.953,5.004,219894.88,1747994399999,1098197.69844,4265
DOTUSDT,1747994400000,5.005,5.005,4.939,4.966,217639.05,1747997999999,1080577.92533,3778
DOTUSDT,1747998000000,4.965,4.966,4.719,4.747,1305544.49,1748001599999,6271592.88681,24380
DOTUSDT,1748001600000,4.747,4.75,4.6,4.686,1455779.79,1748005199999,6811582.15661,29422
DOTUSDT,1748005200000,4.686,4.775,4.659,4.769,496446.25,1748008799999,2344354.93301,10738
DOTUSDT,1748008800000,4.769,4.82,4.75,4.781,442045.73,1748012399999,2117036.63998,7648
DOTUSDT,1748012400000,4.781,4.796,4.711,4.715,230806.44,1748015999999,1098119.32365,5713
DOTUSDT,1748016000000,4.715,4.743,4.676,4.735,299980.0,1748019599999,1413168.98517,6255
DOTUSDT,1748019600000,4.734,4.769,4.728,4.745,152150.66,1748023199999,722753.0969,3052
DOTUSDT,1748023200000,4.744,4.76,4.69,4.7,241175.92,1748026799999,1136317.26232,4219
DOTUSDT,1748026800000,4.7,4.73,4.688,4.692,167131.75,1748030399999,786832.04664,3503
DOTUSDT,1748030400000,4.691,4.692,4.643,4.651,214479.59,1748033999999,1000979.52889,4099
DOTUSDT,1748034000000,4.652,4.678,4.621,4.643,231633.65,1748037599999,1077686.89161,4058
DOTUSDT,1748037600000,4.644,4.673,4.609,4.609,134653.09,1748041199999,624442.66153,3642
DOTUSDT,1748041200000,4.609,4.62,4.531,4.561,450282.72,1748044799999,2058583.58276,8680
DOTUSDT,1748044800000,4.562,4.607,4.54,4.569,223286.75,1748048399999,1023808.63722,5492
DOTUSDT,1748048400000,4.568,4.613,4.567,4.577,155174.02,1748051999999,712292.84759,3712
DOTUSDT,1748052000000,4.577,4.617,4.562,4.609,103140.45,1748055599999,474363.63723,2286
DOTUSDT,1748055600000,4.608,4.633,4.604,4.615,106632.61,1748059199999,492431.68017,2385
DOTUSDT,1748059200000,4.615,4.631,4.599,4.62,106597.67,1748062799999,492274.95553,2492
DOTUSDT,1748062800000,4.62,4.624,4.581,4.598,130034.86,1748066399999,597852.22214,2731
DOTUSDT,1748066400000,4.597,4.612,4.564,4.588,112816.99,1748069999999,516952.08184,2676
DOTUSDT,1748070000000,4.588,4.617,4.581,4.591,172596.65,1748073599999,794190.98896,2676
DOTUSDT,1748073600000,4.592,4.613,4.575,4.607,175069.48,1748077199999,804598.40401,2940
DOTUSDT,1748077200000,4.608,4.619,4.585,4.589,92430.6,1748080799999,425408.8115,2430
DOTUSDT,1748080800000,4.591,4.632,4.585,4.618,179556.82,1748084399999,828522.7617,3243
DOTUSDT,1748084400000,4.619,4.632,4.606,4.608,170254.06,1748087999999,786981.3194,2924
DOTUSDT,1748088000000,4.608,4.615,4.585,4.595,138075.24,1748091599999,635002.11646,2682
DOTUSDT,1748091600000,4.596,4.597,4.566,4.569,122425.44,1748095199999,560872.34411,2576
DOTUSDT,1748095200000,4.568,4.592,4.559,4.587,110341.68,1748098799999,504885.462,2353
DOTUSDT,1748098800000,4.587,4.597,4.558,4.569,121150.14,1748102399999,554747.38811,2790
DOTUSDT,1748102400000,4.569,4.59,4.544,4.579,151721.75,1748105999999,692321.69502,3437
DOTUSDT,1748106000000,4.579,4.6,4.577,4.583,87700.69,1748109599999,402504.99495,2266
DOTUSDT,1748109600000,4.582,4.611,4.566,4.57,95501.77,1748113199999,438072.90739,2255
DOTUSDT,1748113200000,4.57,4.594,4.564,4.592,96012.29,1748116799999,439505.32646,2271
DOTUSDT,1748116800000,4.591,4.607,4.582,4.589,72994.23,1748120399999,335177.3394,2086
DOTUSDT,1748120400000,4.589,4.591,4.542,4.574,95032.83,1748123999999,433597.64507,2301
DOTUSDT,1748124000000,4.573,4.573,4.527,4.53,112684.59,1748127599999,512016.22216,2731
DOTUSDT,1748127600000,4.531,4.555,4.511,4.545,159910.65,1748131199999,724913.91916,3465
DOTUSDT,1748131200000,4.546,4.564,4.471,4.486,330306.34,1748134799999,1489809.63787,6139
DOTUSDT,1748134800000,4.487,4.5,4.451,4.478,212151.59,1748138399999,949141.97443,4790
DOTUSDT,1748138400000,4.479,4.516,4.459,4.512,122259.78,1748141999999,548609.56651,3165
DOTUSDT,1748142000000,4.511,4.531,4.51,4.518,81259.26,1748145599999,367550.36538,2214
DOTUSDT,1748145600000,4.517,4.544,4.505,4.542,102022.2,1748149199999,461400.49757,2265
DOTUSDT,1748149200000,4.541,4.547,4.526,4.547,60978.25,1748152799999,276709.2365,1783
DOTUSDT,1748152800000,4.546,4.549,4.523,4.536,53174.93,1748156399999,241102.51722,1803
DOTUSDT,1748156400000,4.536,4.536,4.493,4.511,101189.32,1748159999999,456210.2886,2426
DOTUSDT,1748160000000,4.512,4.512,4.436,4.461,258599.1,1748163599999,1154071.83078,5423
DOTUSDT,1748163600000,4.461,4.472,4.426,4.462,258488.65,1748167199999,1149947.63086,4956
DOTUSDT,1748167200000,4.462,4.47,4.435,4.439,159221.21,1748170799999,708992.09646,3431
DOTUSDT,1748170800000,4.439,4.466,4.433,4.457,148050.26,1748174399999,658906.26592,3918
DOTUSDT,1748174400000,4.457,4.488,4.434,4.482,130821.35,1748177999999,584549.65308,3354
DOTUSDT,1748178000000,4.482,4.491,4.461,4.469,127237.82,1748181599999,569521.93047,2641
DOTUSDT,1748181600000,4.469,4.475,4.414,4.437,152042.59,1748185199999,674780.41295,3110
DOTUSDT,1748185200000,4.438,4.443,4.35,4.411,531989.39,1748188799999,2335623.39553,9426
DOTUSDT,1748188800000,4.411,4.412,4.369,4.409,130425.58,1748192399999,572764.57682,3373
DOTUSDT,1748192400000,4.408,4.423,4.396,4.414,92917.62,1748195999999,409924.49674,2141
DOTUSDT,1748196000000,4.415,4.437,4.408,4.419,88005.28,1748199599999,389140.62861,2135
DOTUSDT,1748199600000,4.419,4.462,4.404,4.444,164391.59,1748203199999,728332.90591,2867
DOTUSDT,1748203200000,4.444,4.448,4.419,4.427,103571.64,1748206799999,459106.54905,2144
DOTUSDT,1748206800000,4.427,4.444,4.397,4.412,89965.21,1748210399999,397740.93441,1959
DOTUSDT,1748210400000,4.412,4.514,4.404,4.513,311074.56,1748213999999,1394281.14871,6435
DOTUSDT,1748214000000,4.514,4.53,4.485,4.523,132171.58,1748217599999,596284.45913,3036
DOTUSDT,1748217600000,4.523,4.569,4.495,4.566,194329.31,1748221199999,881424.65704,3939
DOTUSDT,1748221200000,4.567,4.575,4.535,4.557,211557.1,1748224799999,962922.10222,3461
DOTUSDT,1748224800000,4.557,4.56,4.524,4.531,94807.79,1748228399999,430497.47171,2181
DOTUSDT,1748228400000,4.53,4.572,4.523,4.562,152280.63,1748231999999,693253.06942,2758
DOTUSDT,1748232000000,4.562,4.574,4.545,4.558,256669.64,1748235599999,1170566.20541,3415
DOTUSDT,1748235600000,4.559,4.572,4.548,4.567,67056.84,1748239199999,305907.99894,1832
DOTUSDT,1748239200000,4.567,4.589,4.56,4.582,173131.05,1748242799999,791651.40858,3067
DOTUSDT,1748242800000,4.582,4.617,4.582,4.607,258240.6,1748246399999,1187367.18619,4250
DOTUSDT,1748246400000,4.607,4.609,4.564,4.572,139434.57,1748249999999,639055.54926,2685
DOTUSDT,1748250000000,4.572,4.588,4.552,4.558,135650.08,1748253599999,619798.50045,2777
DOTUSDT,1748253600000,4.558,4.571,4.537,4.548,82167.94,1748257199999,374490.07781,2024
DOTUSDT,1748257200000,4.547,4.55,4.512,4.52,118288.95,1748260799999,536128.35619,2246
DOTUSDT,1748260800000,4.521,4.549,4.504,4.538,143117.27,1748264399999,647778.97174,2917
DOTUSDT,1748264400000,4.538,4.554,4.484,4.494,233935.43,1748267999999,1057872.62427,4329
DOTUSDT,1748268000000,4.492,4.543,4.464,4.49,398177.63,1748271599999,1788900.16297,6564
DOTUSDT,1748271600000,4.49,4.549,4.475,4.527,195540.76,1748275199999,883006.81983,4713
DOTUSDT,1748275200000,4.527,4.547,4.463,4.485,254165.15,1748278799999,1142913.73759,4930
DOTUSDT,1748278800000,4.485,4.499,4.426,4.441,177095.52,1748282399999,789461.18311,3385
DOTUSDT,1748282400000,4.441,4.479,4.43,4.448,96582.55,1748285999999,430737.01638,2049
DOTUSDT,1748286000000,4.449,4.465,4.436,4.448,116024.56,1748289599999,516227.48929,2067
DOTUSDT,1748289600000,4.447,4.484,4.433,4.484,86048.12,1748293199999,384138.65326,2536
DOTUSDT,1748293200000,4.483,4.488,4.458,4.469,50157.14,1748296799999,224312.45282,1605
DOTUSDT,1748296800000,4.47,4.5,4.451,4.454,90257.75,1748300399999,403370.41055,2088
DOTUSDT,1748300400000,4.454,4.472,4.44,4.468,69810.78,1748303999999,310967.38076,1701
DOTUSDT,1748304000000,4.468,4.492,4.441,4.442,68462.73,1748307599999,305747.97129,2178
DOTUSDT,1748307600000,4.442,4.442,4.373,4.41,309357.31,1748311199999,1361050.51678,5289
DOTUSDT,1748311200000,4.409,4.437,4.407,4.418,73692.88,1748314799999,325790.56537,1989
DOTUSDT,1748314800000,4.417,4.455,4.417,4.427,88356.41,1748318399999,392026.92499,2196
DOTUSDT,1748318400000,4.427,4.467,4.426,4.445,96170.89,1748321999999,427984.04338,2016
DOTUSDT,1748322000000,4.444,4.467,4.426,4.467,107179.81,1748325599999,476318.67913,2154
DOTUSDT,1748325600000,4.467,4.533,4.466,4.486,221969.39,1748329199999,1000152.78527,4924
DOTUSDT,1748329200000,4.487,4.538,4.487,4.521,119554.11,1748332799999,540377.49783,2783
DOTUSDT,1748332800000,4.521,4.568,4.521,4.562,191573.76,1748336399999,872744.76775,3973
DOTUSDT,1748336400000,4.563,4.574,4.545,4.562,191350.65,1748339999999,872358.15373,3332
DOTUSDT,1748340000000,4.563,4.571,4.55,4.559,136629.53,1748343599999,623313.30035,2517
DOTUSDT,1748343600000,4.559,4.565,4.532,4.56,143639.43,1748347199999,653239.12295,2820
DOTUSDT,1748347200000,4.56,4.576,4.54,4.565,118490.71,1748350799999,540156.19669,2617
DOTUSDT,1748350800000,4.566,4.614,4.549,4.552,425587.03,1748354399999,1952891.44651,6992
DOTUSDT,1748354400000,4.553,4.576,4.496,4.533,332647.53,1748357999999,1509183.99149,5850
DOTUSDT,1748358000000,4.533,4.588,4.516,4.584,221980.3,1748361599999,1011711.88329,3294
DOTUSDT,1748361600000,4.584,4.611,4.576,4.592,192671.01,1748365199999,885801.14605,3568
DOTUSDT,1748365200000,4.594,4.614,4.574,4.589,217497.19,1748368799999,999806.20019,3328
DOTUSDT,1748368800000,4.589,4.602,4.565,4.568,88856.03,1748372399999,407155.87207,2052
DOTUSDT,1748372400000,4.568,4.572,4.55,4.554,111535.62,1748375999999,508944.90922,2046
DOTUSDT,1748376000000,4.555,4.588,4.55,4.569,160228.8,1748379599999,732560.04209,2570
DOTUSDT,1748379600000,4.569,4.588,4.535,4.545,109206.22,1748383199999,498293.09088,2350
DOTUSDT,1748383200000,4.546,4.549,4.516,4.537,104464.62,1748386799999,473582.4621,2588
DOTUSDT,1748386800000,4.537,4.542,4.521,4.535,43255.47,1748390399999,196079.32855,1454
DOTUSDT,1748390400000,4.536,4.553,4.505,4.553,85877.34,1748393999999,388923.70519,2477
DOTUSDT,1748394000000,4.552,4.562,4.512,4.517,105437.76,1748397599999,478964.70274,2492
DOTUSDT,1748397600000,4.516,4.525,4.486,4.516,131607.65,1748401199999,592940.89444,3084
DOTUSDT,1748401200000,4.517,4.556,4.51,4.549,121669.28,1748404799999,551885.46123,2094
DOTUSDT,1748404800000,4.548,4.575,4.52,4.557,95281.51,1748408399999,433454.38202,1866
DOTUSDT,1748408400000,4.557,4.558,4.531,4.532,140139.82,1748411999999,636559.46128,1851
DOTUSDT,1748412000000,4.532,4.532,4.494,4.504,144584.41,1748415599999,652402.73433,2421
DOTUSDT,1748415600000,4.504,4.553,4.501,4.536,123217.71,1748419199999,558363.76392,2572
DOTUSDT,1748419200000,4.537,4.568,4.516,4.556,184415.2,1748422799999,837678.99807,2745
DOTUSDT,1748422800000,4.557,4.563,4.518,4.532,156382.49,1748426399999,710498.29927,2947
DOTUSDT,1748426400000,4.532,4.564,4.502,4.562,143676.16,1748429999999,650966.34395,2812
DOTUSDT,1748430000000,4.563,4.615,4.56,4.615,263952.73,1748433599999,1211995.32641,4200
DOTUSDT,1748433600000,4.615,4.661,4.594,4.631,371665.37,1748437199999,1720963.43533,5425
DOTUSDT,1748437200000,4.633,4.649,4.548,4.562,350611.65,1748440799999,1612492.96767,7448
DOTUSDT,1748440800000,4.562,4.575,4.516,4.518,334079.55,1748444399999,1517082.01597,6514
DOTUSDT,1748444400000,4.518,4.538,4.474,4.489,390467.67,1748447999999,1757061.39752,5911
DOTUSDT,1748448000000,4.489,4.522,4.484,4.522,141130.04,1748451599999,635483.2007,2971
DOTUSDT,1748451600000,4.523,4.558,4.501,4.519,122685.25,1748455199999,555894.95187,2865
DOTUSDT,1748455200000,4.518,4.527,4.458,4.459,122163.1,1748458799999,548707.29251,2987
DOTUSDT,1748458800000,4.458,4.495,4.419,4.424,173032.94,1748462399999,769002.42268,4322
DOTUSDT,1748462400000,4.424,4.486,4.421,4.483,175453.9,1748465999999,780439.5113,3885
DOTUSDT,1748466000000,4.484,4.512,4.463,4.506,129403.61,1748469599999,580636.94873,2425
DOTUSDT,1748469600000,4.505,4.514,4.479,4.503,64303.28,1748473199999,289082.14198,1867
DOTUSDT,1748473200000,4.504,4.598,4.501,4.587,218493.78,1748476799999,995496.38762,4550
DOTUSDT,1748476800000,4.588,4.645,4.563,4.645,478951.43,1748480399999,2207671.06464,6637
DOTUSDT,1748480400000,4.646,4.648,4.586,4.625,323768.67,1748483999999,1495981.26777,4543
DOTUSDT,1748484000000,4.625,4.679,4.599,4.672,307172.96,1748487599999,1428732.37139,5227
DOTUSDT,1748487600000,4.673,4.682,4.621,4.626,228254.78,1748491199999,1061819.90325,3789
DOTUSDT,1748491200000,4.627,4.634,4.524,4.56,255561.96,1748494799999,1167040.0737,4779
DOTUSDT,1748494800000,4.561,4.573,4.54,4.551,146595.56,1748498399999,668132.46686,2559
DOTUSDT,1748498400000,4.551,4.582,4.55,4.568,78610.06,1748501999999,359256.98084,1898
DOTUSDT,1748502000000,4.567,4.576,4.549,4.554,56163.08,1748505599999,256018.52109,1675
DOTUSDT,1748505600000,4.555,4.576,4.539,4.557,170827.62,1748509199999,778590.11186,2863
DOTUSDT,1748509200000,4.556,4.567,4.54,4.558,86493.73,1748512799999,393829.33739,1978
DOTUSDT,1748512800000,4.56,4.583,4.544,4.582,90992.75,1748516399999,415322.58081,2272
DOTUSDT,1748516400000,4.582,4.598,4.57,4.586,98356.08,1748519999999,450828.90407,2264
DOTUSDT,1748520000000,4.585,4.587,4.517,4.535,178783.29,1748523599999,813469.1533,3407
DOTUSDT,1748523600000,4.536,4.569,4.498,4.51,297147.7,1748527199999,1347534.09857,4715
DOTUSDT,1748527200000,4.508,4.533,4.455,4.528,334195.81,1748530799999,1500034.01188,6470
DOTUSDT,1748530800000,4.529,4.537,4.493,4.498,128883.45,1748534399999,581628.38877,2929
DOTUSDT,1748534400000,4.498,4.519,4.472,4.472,166219.01,1748537999999,747185.47209,3430
DOTUSDT,1748538000000,4.473,4.507,4.465,4.485,166832.15,1748541599999,748223.25335,3673
DOTUSDT,1748541600000,4.486,4.508,4.445,4.446,154016.92,1748545199999,689083.05944,2952
DOTUSDT,1748545200000,4.446,4.456,4.402,4.436,336076.23,1748548799999,1489583.32955,5540
DOTUSDT,1748548800000,4.437,4.458,4.42,4.431,200853.74,1748552399999,892732.50981,3101
DOTUSDT,1748552400000,4.43,4.467,4.423,4.464,85343.28,1748555999999,379363.48163,1458
DOTUSDT,1748556000000,4.464,4.466,4.409,4.409,113844.57,1748559599999,504851.59717,2139
DOTUSDT,1748559600000,4.409,4.419,4.33,4.332,330978.37,1748563199999,1445425.60383,5184
DOTUSDT,1748563200000,4.333,4.358,4.104,4.156,1444607.09,1748566799999,6100196.86261,21867
DOTUSDT,1748566800000,4.157,4.239,4.145,4.204,622758.31,1748570399999,2617611.49408,9176
DOTUSDT,1748570400000,4.204,4.239,4.196,4.204,311268.69,1748573999999,1312988.87416,5663
DOTUSDT,1748574000000,4.204,4.231,4.193,4.212,224380.53,1748577599999,945436.40055,4254
DOTUSDT,1748577600000,4.213,4.222,4.18,4.204,276351.62,1748581199999,1159358.60826,4178
DOTUSDT,1748581200000,4.204,4.224,4.181,4.217,249235.7,1748584799999,1047870.44506,4279
DOTUSDT,1748584800000,4.216,4.218,4.141,4.163,337434.34,1748588399999,1410235.2266,6646
DOTUSDT,1748588400000,4.164,4.215,4.163,4.188,325484.52,1748591999999,1364972.52488,5005
DOTUSDT,1748592000000,4.188,4.211,4.162,4.189,237275.53,1748595599999,992911.7857,4509
DOTUSDT,1748595600000,4.188,4.216,4.162,4.208,290743.06,1748599199999,1219536.0451,5199
DOTUSDT,1748599200000,4.208,4.216,4.179,4.205,149752.5,1748602799999,629081.61868,2833
DOTUSDT,1748602800000,4.204,4.225,4.187,4.217,294300.71,1748606399999,1238897.43943,3683
DOTUSDT,1748606400000,4.215,4.223,4.158,4.198,283288.63,1748609999999,1187317.92396,4721
DOTUSDT,1748610000000,4.199,4.211,4.159,4.162,304705.3,1748613599999,1274817.09599,5120
DOTUSDT,1748613600000,4.162,4.207,4.158,4.189,218499.48,1748617199999,913110.6449,5159
DOTUSDT,1748617200000,4.188,4.21,4.175,4.175,94755.4,1748620799999,397274.00847,2803
DOTUSDT,1748620800000,4.175,4.194,4.042,4.096,1005392.55,1748624399999,4115142.29512,15449
DOTUSDT,1748624400000,4.096,4.139,4.092,4.139,372214.7,1748627999999,1533534.70346,5248
DOTUSDT,1748628000000,4.138,4.185,4.129,4.181,229707.29,1748631599999,956225.18504,3909
DOTUSDT,1748631600000,4.179,4.195,4.175,4.183,140034.0,1748635199999,585785.77101,2261
DOTUSDT,1748635200000,4.184,4.185,4.151,4.151,113106.56,1748638799999,471237.23089,1945
DOTUSDT,1748638800000,4.152,4.168,4.121,4.129,101016.25,1748642399999,418921.58041,1616
DOTUSDT,1748642400000,4.128,4.14,4.042,4.042,368117.88,1748645999999,1503202.51758,5588
DOTUSDT,1748646000000,4.042,4.072,4.008,4.049,492412.61,1748649599999,1989538.98655,8799
DOTUSDT,1748649600000,4.049,4.064,3.955,3.986,715342.92,1748653199999,2861812.22312,12288
DOTUSDT,1748653200000,3.986,4.022,3.913,3.963,740963.15,1748656799999,2932411.79456,13214
DOTUSDT,1748656800000,3.962,4.006,3.935,3.944,342952.21,1748660399999,1361653.61974,5402
DOTUSDT,1748660400000,3.944,3.97,3.895,3.961,363911.87,1748663999999,1431245.69153,7057
DOTUSDT,1748664000000,3.962,3.99,3.927,3.986,228669.27,1748667599999,905933.37603,5068
DOTUSDT,1748667600000,3.986,3.995,3.962,3.963,179164.76,1748671199999,712363.96457,3261
DOTUSDT,1748671200000,3.963,4.007,3.959,3.992,124411.13,1748674799999,496190.74747,2507
DOTUSDT,1748674800000,3.993,4.011,3.985,3.986,288215.08,1748678399999,1152285.70123,3122
DOTUSDT,1748678400000,3.985,4.01,3.967,3.99,197436.78,1748681999999,787542.60622,3285
DOTUSDT,1748682000000,3.99,4.003,3.967,3.98,103399.29,1748685599999,411599.15477,2222
DOTUSDT,1748685600000,3.98,4.017,3.965,3.987,210420.55,1748689199999,839449.52534,3270
DOTUSDT,1748689200000,3.987,3.99,3.966,3.979,70006.06,1748692799999,278366.56291,1405
DOTUSDT,1748692800000,3.98,4.057,3.974,4.056,216147.08,1748696399999,868299.30211,3445
DOTUSDT,1748696400000,4.056,4.084,4.046,4.056,327353.33,1748699999999,1331322.08436,4834
DOTUSDT,1748700000000,4.056,4.094,4.053,4.091,203866.26,1748703599999,831858.15532,3122
DOTUSDT,1748703600000,4.09,4.121,4.071,4.078,233923.59,1748707199999,958348.76726,3409
DOTUSDT,1748707200000,4.079,4.119,4.069,4.105,141779.76,1748710799999,580658.4524,2294
DOTUSDT,1748710800000,4.105,4.105,4.069,4.071,239824.92,1748714399999,980522.63959,2369
DOTUSDT,1748714400000,4.071,4.1,4.068,4.093,74688.77,1748717999999,305259.87982,1376
DOTUSDT,1748718000000,4.094,4.109,4.09,4.095,69569.57,1748721599999,285323.97244,1376
DOTUSDT,1748721600000,4.096,4.106,4.082,4.103,63413.35,1748725199999,259585.01222,1284
DOTUSDT,1748725200000,4.103,4.117,4.097,4.1,109623.48,1748728799999,450464.74404,1855
DOTUSDT,1748728800000,4.101,4.105,4.076,4.077,56537.73,1748732399999,231186.93632,1573
DOTUSDT,1748732400000,4.077,4.097,4.07,4.076,127614.05,1748735999999,520860.07003,1559
DOTUSDT,1748736000000,4.077,4.077,4.049,4.069,83834.48,1748739599999,340364.2802,1901
DOTUSDT,1748739600000,4.068,4.087,4.039,4.052,84477.05,1748743199999,343246.71335,2215
DOTUSDT,1748743200000,4.052,4.073,4.029,4.067,69233.79,1748746799999,280203.16662,1771
DOTUSDT,1748746800000,4.067,4.082,4.045,4.067,94050.76,1748750399999,382374.24425,1642
DOTUSDT,1748750400000,4.067,4.102,4.06,4.086,71907.77,1748753999999,293903.53612,1545
DOTUSDT,1748754000000,4.086,4.096,4.069,4.076,138203.24,1748757599999,564490.81817,1403
DOTUSDT,1748757600000,4.075,4.077,4.049,4.053,43056.96,1748761199999,174784.73111,1288
DOTUSDT,1748761200000,4.053,4.056,4.037,4.046,84001.71,1748764799999,339807.20114,1698
DOTUSDT,1748764800000,4.046,4.049,4.018,4.026,124143.17,1748768399999,500037.99034,2152
DOTUSDT,1748768400000,4.027,4.038,3.971,3.998,166435.66,1748771999999,665416.64612,3537
DOTUSDT,1748772000000,3.996,4.011,3.982,4.009,60735.57,1748775599999,242790.27861,1758
DOTUSDT,1748775600000,4.009,4.036,3.999,4.024,49091.09,1748779199999,197273.90064,1241
DOTUSDT,1748779200000,4.024,4.033,3.991,4.003,89830.52,1748782799999,359667.68346,1829
DOTUSDT,1748782800000,4.003,4.03,4.001,4.018,62912.1,1748786399999,252877.07388,1457
DOTUSDT,1748786400000,4.018,4.066,4.018,4.046,144886.61,1748789999999,587002.70556,2907
DOTUSDT,1748790000000,4.046,4.055,4.035,4.049,79327.44,1748793599999,320947.21903,1739
DOTUSDT,1748793600000,4.048,4.088,4.042,4.066,251721.31,1748797199999,1024672.13186,4446
DOTUSDT,1748797200000,4.065,4.07,4.05,4.056,151917.22,1748800799999,616585.33287,2244
DOTUSDT,1748800800000,4.057,4.057,3.993,4.023,174449.31,1748804399999,700801.60239,3395
DOTUSDT,1748804400000,4.023,4.041,4.02,4.038,114346.74,1748807999999,460916.54825,1959
DOTUSDT,1748808000000,4.038,4.052,4.022,4.028,98044.89,1748811599999,395590.62028,2058
DOTUSDT,1748811600000,4.028,4.07,4.026,4.063,94033.5,1748815199999,381079.39342,1903
DOTUSDT,1748815200000,4.062,4.08,4.052,4.06,88251.8,1748818799999,358738.57365,2074
DOTUSDT,1748818800000,4.06,4.081,4.06,4.066,136603.24,1748822399999,555732.24518,1899
DOTUSDT,1748822400000,4.066,4.074,4.053,4.061,66758.68,1748825999999,271214.32365,2056
DOTUSDT,1748826000000,4.062,4.089,4.059,4.06,92983.05,1748829599999,378630.70624,1976
DOTUSDT,1748829600000,4.059,4.061,4.023,4.029,98113.4,1748833199999,396591.91966,2164
DOTUSDT,1748833200000,4.03,4.032,4.003,4.02,85540.19,1748836799999,343646.51514,2067
DOTUSDT,1748836800000,4.02,4.04,4.013,4.017,67532.7,1748840399999,271822.94492,1615
DOTUSDT,1748840400000,4.017,4.04,4.009,4.027,68105.0,1748843999999,274255.20535,1678
DOTUSDT,1748844000000,4.028,4.04,4.01,4.026,350284.07,1748847599999,1407746.84147,3335
DOTUSDT,1748847600000,4.026,4.05,4.01,4.014,196211.79,1748851199999,791250.49516,3030
DOTUSDT,1748851200000,4.014,4.026,3.972,3.986,181995.07,1748854799999,728062.00134,3545
DOTUSDT,1748854800000,3.986,3.986,3.955,3.964,166580.74,1748858399999,660679.77784,3207
DOTUSDT,1748858400000,3.965,3.984,3.952,3.967,228880.85,1748861999999,908621.32929,3119
DOTUSDT,1748862000000,3.967,3.981,3.956,3.97,81438.98,1748865599999,323174.04539,2004
DOTUSDT,1748865600000,3.97,4.017,3.964,4.014,158182.99,1748869199999,631534.91708,2223
DOTUSDT,1748869200000,4.013,4.045,3.997,4.01,167125.36,1748872799999,671974.34726,3205
DOTUSDT,1748872800000,4.009,4.055,4.001,4.027,198686.58,1748876399999,800305.06053,3986
DOTUSDT,1748876400000,4.027,4.049,4.012,4.034,145981.71,1748879999999,588726.5382,1936
DOTUSDT,1748880000000,4.034,4.047,4.017,4.041,141567.7,1748883599999,570668.41804,1663
DOTUSDT,1748883600000,4.04,4.049,4.021,4.044,143988.25,1748887199999,581147.77606,1859
DOTUSDT,1748887200000,4.043,4.062,4.031,4.039,107768.83,1748890799999,436312.32763,1935
DOTUSDT,1748890800000,4.04,4.056,4.011,4.036,97775.68,1748894399999,393902.03149,1679
DOTUSDT,1748894400000,4.036,4.083,4.036,4.082,115712.64,1748897999999,470429.65754,2493
DOTUSDT,1748898000000,4.082,4.129,4.082,4.128,211414.13,1748901599999,868299.86729,2860
DOTUSDT,1748901600000,4.127,4.171,4.127,4.146,196006.11,1748905199999,813688.80499,3408
DOTUSDT,1748905200000,4.147,4.161,4.138,4.148,232802.02,1748908799999,965909.32807,2820
DOTUSDT,1748908800000,4.149,4.183,4.143,4.179,163602.75,1748912399999,681480.02539,2753
DOTUSDT,1748912400000,4.18,4.221,4.178,4.215,159652.6,1748915999999,670343.55827,3155
DOTUSDT,1748916000000,4.215,4.223,4.169,4.175,259485.52,1748919599999,1088287.75664,3299
DOTUSDT,1748919600000,4.176,4.183,4.145,4.148,134337.24,1748923199999,558804.59553,2182
DOTUSDT,1748923200000,4.149,4.152,4.123,4.129,104884.57,1748926799999,433785.50933,1695
DOTUSDT,1748926800000,4.128,4.174,4.128,4.17,111429.15,1748930399999,463052.54865,1539
DOTUSDT,1748930400000,4.169,4.181,4.158,4.18,75313.32,1748933999999,314059.08262,1216
DOTUSDT,1748934000000,4.18,4.189,4.162,4.164,176141.21,1748937599999,735249.9586,5049
DOTUSDT,1748937600000,4.165,4.174,4.136,4.155,88730.38,1748941199999,368260.23957,1737
DOTUSDT,1748941200000,4.155,4.17,4.141,4.163,73993.37,1748944799999,307613.80539,1393
DOTUSDT,1748944800000,4.163,4.18,4.16,4.172,68051.31,1748948399999,283845.18473,1574
DOTUSDT,1748948400000,4.173,4.181,4.148,4.151,75076.96,1748951999999,312526.41268,1386
DOTUSDT,1748952000000,4.152,4.165,4.132,4.146,163929.38,1748955599999,679389.76388,2248
DOTUSDT,1748955600000,4.146,4.176,4.139,4.158,200861.17,1748959199999,835674.95123,3622
DOTUSDT,1748959200000,4.158,4.203,4.139,4.198,395934.71,1748962799999,1655226.38694,4912
DOTUSDT,1748962800000,4.198,4.206,4.174,4.183,361467.06,1748966399999,1515451.45074,3761
DOTUSDT,1748966400000,4.184,4.2,4.169,4.171,168804.66,1748969999999,706407.37601,2992
DOTUSDT,1748970000000,4.171,4.204,4.167,4.191,105853.7,1748973599999,443234.05116,2081
DOTUSDT,1748973600000,4.191,4.192,4.167,4.182,69901.77,1748977199999,291963.34478,1644
DOTUSDT,1748977200000,4.181,4.207,4.18,4.194,83418.21,1748980799999,349896.58072,1534
DOTUSDT,1748980800000,4.194,4.196,4.119,4.149,193538.1,1748984399999,803058.92787,2873
DOTUSDT,1748984400000,4.149,4.161,4.097,4.117,228681.22,1748987999999,945047.85764,2859
DOTUSDT,1748988000000,4.117,4.16,4.114,4.156,141701.33,1748991599999,585198.62972,2256
DOTUSDT,1748991600000,4.156,4.159,4.133,4.137,64102.65,1748995199999,265690.21917,1344
DOTUSDT,1748995200000,4.137,4.165,4.124,4.162,136553.81,1748998799999,566039.3197,2505
DOTUSDT,1748998800000,4.163,4.207,4.163,4.179,220930.08,1749002399999,925590.27823,3105
DOTUSDT,1749002400000,4.179,4.205,4.17,4.172,107975.06,1749005999999,452160.32545,1896
DOTUSDT,1749006000000,4.172,4.206,4.169,4.19,160950.78,1749009599999,674862.39907,2415
DOTUSDT,1749009600000,4.19,4.21,4.189,4.199,174991.25,1749013199999,734854.03177,2301
DOTUSDT,1749013200000,4.2,4.214,4.18,4.183,114947.13,1749016799999,482609.62323,1885
DOTUSDT,1749016800000,4.184,4.208,4.174,4.195,80594.41,1749020399999,337781.21741,1583
DOTUSDT,1749020400000,4.196,4.204,4.171,4.184,60579.71,1749023999999,253408.48323,1368
DOTUSDT,1749024000000,4.183,4.204,4.17,4.17,119700.8,1749027599999,501238.84517,1927
DOTUSDT,1749027600000,4.171,4.181,4.157,4.175,95904.81,1749031199999,399901.1635,1894
DOTUSDT,1749031200000,4.176,4.186,4.145,4.148,193979.72,1749034799999,808535.8122,2560
DOTUSDT,1749034800000,4.147,4.158,4.127,4.13,149966.34,1749038399999,620310.47594,2168
DOTUSDT,1749038400000,4.13,4.137,4.072,4.075,1505056.65,1749041999999,6158403.44995,9334
DOTUSDT,1749042000000,4.073,4.099,4.055,4.068,251070.39,1749045599999,1023082.41733,3887
DOTUSDT,1749045600000,4.068,4.088,4.038,4.087,230306.39,1749049199999,934027.26795,3825
DOTUSDT,1749049200000,4.088,4.12,4.075,4.108,205653.42,1749052799999,843661.48852,3318
DOTUSDT,1749052800000,4.108,4.108,4.083,4.09,132596.7,1749056399999,542684.99941,2430
DOTUSDT,1749056400000,4.091,4.092,4.032,4.055,157284.12,1749059999999,637336.75099,2701
DOTUSDT,1749060000000,4.056,4.075,4.045,4.054,70490.56,1749063599999,286480.19293,1684
DOTUSDT,1749063600000,4.054,4.069,4.039,4.041,52919.03,1749067199999,214645.54538,1659
DOTUSDT,1749067200000,4.041,4.044,3.99,4.007,290229.48,1749070799999,1164150.61412,4284
DOTUSDT,1749070800000,4.006,4.046,3.985,4.04,244695.19,1749074399999,981438.70999,3312
DOTUSDT,1749074400000,4.039,4.046,4.018,4.029,147416.68,1749077999999,594867.00157,2111
DOTUSDT,1749078000000,4.028,4.035,4.002,4.006,131724.41,1749081599999,528841.95137,2094
DOTUSDT,1749081600000,4.006,4.032,3.997,4.03,96747.68,1749085199999,388434.03996,2290
DOTUSDT,1749085200000,4.029,4.042,4.005,4.015,92007.28,1749088799999,369819.45929,1791
DOTUSDT,1749088800000,4.016,4.047,4.016,4.025,167802.82,1749092399999,676631.07859,2402
DOTUSDT,1749092400000,4.026,4.04,4.015,4.035,98028.53,1749095999999,394680.87243,1621
DOTUSDT,1749096000000,4.034,4.059,4.029,4.054,75488.4,1749099599999,305339.26148,1584
DOTUSDT,1749099600000,4.055,4.058,4.015,4.023,147212.57,1749103199999,594325.38363,2987
DOTUSDT,1749103200000,4.023,4.039,4.009,4.017,130060.26,1749106799999,523515.48749,2078
DOTUSDT,1749106800000,4.017,4.055,4.009,4.029,144156.67,1749110399999,581480.7227,2324
DOTUSDT,1749110400000,4.03,4.04,4.003,4.008,159447.6,1749113999999,640865.70364,2684
DOTUSDT,1749114000000,4.007,4.034,4.007,4.03,100285.22,1749117599999,403626.0458,1701
DOTUSDT,1749117600000,4.03,4.033,3.986,4.009,191002.03,1749121199999,764765.68383,2525
DOTUSDT,1749121200000,4.01,4.013,3.995,4.006,89921.21,1749124799999,360161.10793,1479
DOTUSDT,1749124800000,4.005,4.072,3.997,4.061,295290.0,1749128399999,1194165.48069,3963
DOTUSDT,1749128400000,4.06,4.078,3.995,4.001,279640.22,1749131999999,1128862.59394,4122
DOTUSDT,1749132000000,4.002,4.045,3.961,4.027,392090.39,1749135599999,1567644.29676,5432
DOTUSDT,1749135600000,4.026,4.037,4.011,4.019,109500.47,1749139199999,441146.9031,1800
DOTUSDT,1749139200000,4.018,4.02,3.956,3.969,289470.6,1749142799999,1151397.89921,5316
DOTUSDT,1749142800000,3.969,3.996,3.967,3.989,134500.34,1749146399999,536031.72443,2536
DOTUSDT,1749146400000,3.989,3.994,3.943,3.976,273512.21,1749149999999,1084281.2319,4666
DOTUSDT,1749150000000,3.975,3.975,3.828,3.897,1147739.54,1749153599999,4458302.82916,16903
DOTUSDT,1749153600000,3.898,3.915,3.742,3.751,1022510.5,1749157199999,3897438.72466,17758
DOTUSDT,1749157200000,3.752,3.833,3.747,3.824,598215.44,1749160799999,2271769.97708,10461
DOTUSDT,1749160800000,3.823,3.842,3.787,3.828,274001.85,1749164399999,1044380.06756,4612
DOTUSDT,1749164400000,3.829,3.845,3.809,3.814,331941.01,1749167999999,1270630.24056,4695
DOTUSDT,1749168000000,3.814,3.863,3.802,3.861,248040.36,1749171599999,951175.6279,4664
DOTUSDT,1749171600000,3.861,3.869,3.846,3.866,118905.46,1749175199999,458819.00577,2268
DOTUSDT,1749175200000,3.866,3.893,3.843,3.892,159878.86,1749178799999,618369.61675,2677
DOTUSDT,1749178800000,3.892,3.92,3.881,3.915,197651.65,1749182399999,771142.00439,2685
DOTUSDT,1749182400000,3.916,3.922,3.893,3.918,124676.18,1749185999999,487299.19673,2112
DOTUSDT,1749186000000,3.919,3.923,3.897,3.903,86582.32,1749189599999,338611.72046,2110
DOTUSDT,1749189600000,3.902,3.918,3.889,3.903,105543.51,1749193199999,411677.89507,1979
DOTUSDT,1749193200000,3.903,3.913,3.877,3.881,95472.32,1749196799999,371749.08307,2020
DOTUSDT,1749196800000,3.881,3.894,3.873,3.879,116644.65,1749200399999,452959.69162,2576
DOTUSDT,1749200400000,3.879,3.907,3.879,3.883,135707.65,1749203999999,527966.5195,2229
DOTUSDT,1749204000000,3.883,3.907,3.882,3.9,74055.5,1749207599999,288424.33197,1488
DOTUSDT,1749207600000,3.9,3.919,3.896,3.909,88061.67,1749211199999,344093.88111,1557
DOTUSDT,1749211200000,3.91,3.963,3.909,3.93,374923.96,1749214799999,1476695.17676,5845
DOTUSDT,1749214800000,3.931,3.978,3.931,3.955,277567.4,1749218399999,1097195.55433,3767
DOTUSDT,1749218400000,3.956,3.98,3.951,3.98,178261.53,1749221999999,706735.9016,2363
DOTUSDT,1749222000000,3.98,3.992,3.955,3.969,172348.87,1749225599999,684798.53551,2679
DOTUSDT,1749225600000,3.969,3.981,3.941,3.95,158926.0,1749229199999,629795.93617,2431
DOTUSDT,1749229200000,3.949,3.952,3.918,3.939,136092.82,1749232799999,535137.04891,2184
DOTUSDT,1749232800000,3.939,3.943,3.895,3.9,186393.96,1749236399999,728661.4037,2633
DOTUSDT,1749236400000,3.9,3.904,3.881,3.891,110987.09,1749239999999,431901.5941,2292
DOTUSDT,1749240000000,3.891,3.912,3.887,3.896,97032.84,1749243599999,378508.5061,2167
DOTUSDT,1749243600000,3.896,3.912,3.882,3.905,106539.32,1749247199999,414917.55814,1269
DOTUSDT,1749247200000,3.905,3.906,3.885,3.896,106732.53,1749250799999,415560.0882,1351
DOTUSDT,1749250800000,3.896,3.896,3.876,3.884,73180.48,1749254399999,284403.33836,1094
DOTUSDT,1749254400000,3.886,3.93,3.868,3.93,114287.86,1749257999999,444960.19389,1733
DOTUSDT,1749258000000,3.929,3.936,3.911,3.922,98173.68,1749261599999,385163.21042,1386
DOTUSDT,1749261600000,3.921,3.958,3.917,3.954,90411.66,1749265199999,356115.96525,1409
DOTUSDT,1749265200000,3.954,3.98,3.953,3.978,72160.36,1749268799999,286522.17192,1486
DOTUSDT,1749268800000,3.978,3.979,3.957,3.969,76368.39,1749272399999,303118.58802,1149
DOTUSDT,1749272400000,3.969,4.009,3.963,4.008,208830.87,1749275999999,832774.94842,2353
DOTUSDT,1749276000000,4.008,4.028,3.991,4.027,183142.53,1749279599999,733720.94052,1883
DOTUSDT,1749279600000,4.026,4.032,4.007,4.027,160967.36,1749283199999,647148.29937,1756
DOTUSDT,1749283200000,4.027,4.036,4.007,4.012,81612.85,1749286799999,328132.76089,1510
DOTUSDT,1749286800000,4.012,4.02,3.987,3.994,105697.51,1749290399999,422993.4906,1619
DOTUSDT,1749290400000,3.995,4.034,3.995,4.028,120509.5,1749293999999,483720.45913,1628
DOTUSDT,1749294000000,4.029,4.036,4.018,4.025,88560.8,1749297599999,356660.61719,1307
DOTUSDT,1749297600000,4.026,4.05,4.025,4.036,118277.18,1749301199999,477272.62874,1853
DOTUSDT,1749301200000,4.036,4.05,4.028,4.039,96255.99,1749304799999,388878.63928,1452
DOTUSDT,1749304800000,4.04,4.056,4.031,4.051,80922.7,1749308399999,327240.71669,1375
DOTUSDT,1749308400000,4.052,4.058,4.027,4.038,114626.2,1749311999999,463878.04001,1925
DOTUSDT,1749312000000,4.039,4.047,4.013,4.014,93752.42,1749315599999,377385.1015,1735
DOTUSDT,1749315600000,4.015,4.027,4.004,4.008,53137.02,1749319199999,213342.51929,1105
DOTUSDT,1749319200000,4.009,4.031,4.008,4.015,62546.73,1749322799999,251330.959,1211
DOTUSDT,1749322800000,4.016,4.03,4.014,4.016,28186.81,1749326399999,113359.87339,794
DOTUSDT,1749326400000,4.016,4.028,4.016,4.026,29250.26,1749329999999,117683.13639,701
DOTUSDT,1749330000000,4.026,4.045,4.024,4.035,58945.73,1749333599999,237906.74981,888
DOTUSDT,1749333600000,4.035,4.053,4.028,4.038,53217.66,1749337199999,215076.24873,1108
DOTUSDT,1749337200000,4.038,4.038,4.019,4.031,84632.29,1749340799999,340843.01327,1153
DOTUSDT,1749340800000,4.031,4.034,4.014,4.019,55837.37,1749344399999,224638.90993,916
DOTUSDT,1749344400000,4.02,4.04,4.013,4.039,70152.11,1749347999999,282377.26072,936
DOTUSDT,1749348000000,4.039,4.04,4.024,4.024,50903.33,1749351599999,205295.77816,1003
DOTUSDT,1749351600000,4.025,4.029,4.018,4.02,34141.93,1749355199999,137343.58985,690
DOTUSDT,1749355200000,4.02,4.045,4.016,4.045,70282.81,1749358799999,283203.07615,1043
DOTUSDT,1749358800000,4.045,4.047,4.024,4.029,51852.73,1749362399999,209299.95032,832
DOTUSDT,1749362400000,4.029,4.056,4.028,4.042,101044.57,1749365999999,408347.52942,1399
DOTUSDT,1749366000000,4.043,4.053,4.021,4.022,81338.89,1749369599999,328193.53765,1145
DOTUSDT,1749369600000,4.021,4.031,4.016,4.019,63843.43,1749373199999,256897.7003,1068
DOTUSDT,1749373200000,4.02,4.021,3.977,3.995,219832.05,1749376799999,878212.21915,3286
DOTUSDT,1749376800000,3.996,4.013,3.986,4.012,79808.31,1749380399999,318959.26026,1201
DOTUSDT,1749380400000,4.013,4.046,4.013,4.043,145914.95,1749383999999,588040.67873,2106
DOTUSDT,1749384000000,4.043,4.059,4.029,4.046,126082.72,1749387599999,509895.39177,1740
DOTUSDT,1749387600000,4.046,4.094,4.033,4.058,210472.17,1749391199999,855977.35987,3209
DOTUSDT,1749391200000,4.058,4.085,4.054,4.081,207061.83,1749394799999,843457.13746,2301
DOTUSDT,1749394800000,4.081,4.099,4.07,4.076,101196.86,1749398399999,413495.85193,1852
DOTUSDT,1749398400000,4.077,4.108,4.076,4.104,153801.5,1749401999999,630132.03954,2134
DOTUSDT,1749402000000,4.104,4.112,4.063,4.068,182313.88,1749405599999,746551.07097,2288
DOTUSDT,1749405600000,4.069,4.09,4.06,4.086,199329.23,1749409199999,812676.07176,2007
DOTUSDT,1749409200000,4.087,4.088,4.064,4.079,90475.53,1749412799999,368727.80423,1078
DOTUSDT,1749412800000,4.08,4.084,4.051,4.055,126584.37,1749416399999,514948.64481,1400
DOTUSDT,1749416400000,4.055,4.072,4.048,4.064,76066.37,1749419999999,308828.6934,1086
DOTUSDT,1749420000000,4.064,4.066,4.024,4.028,141040.68,1749423599999,569255.40948,2107
DOTUSDT,1749423600000,4.027,4.034,4.018,4.025,87550.81,1749427199999,352271.1414,1332
DOTUSDT,1749427200000,4.026,4.043,4.009,4.023,192527.22,1749430799999,774643.10519,2656
DOTUSDT,1749430800000,4.023,4.024,3.998,4.003,67828.06,1749434399999,271973.07737,1473
DOTUSDT,1749434400000,4.002,4.021,3.993,3.999,57558.97,1749437999999,230457.51508,1253
DOTUSDT,1749438000000,3.999,4.012,3.986,4.006,80040.53,1749441599999,319703.38511,1470
DOTUSDT,1749441600000,4.006,4.012,3.986,3.992,49098.75,1749445199999,196283.8811,1056
DOTUSDT,1749445200000,3.991,3.993,3.969,3.969,74322.8,1749448799999,295894.81962,1668
DOTUSDT,1749448800000,3.971,3.994,3.963,3.992,72481.58,1749452399999,288315.03263,1453
DOTUSDT,1749452400000,3.991,4.001,3.979,3.986,92618.7,1749455999999,369440.00451,1404
DOTUSDT,1749456000000,3.986,4.012,3.972,4.01,180353.5,1749459599999,718971.01953,1769
DOTUSDT,1749459600000,4.011,4.055,4.002,4.04,190276.97,1749463199999,767451.7423,2618
DOTUSDT,1749463200000,4.041,4.077,4.035,4.051,286712.6,1749466799999,1163945.39056,3859
DOTUSDT,1749466800000,4.051,4.071,4.044,4.055,147827.48,1749470399999,600221.65499,2239
DOTUSDT,1749470400000,4.056,4.058,4.021,4.039,300982.14,1749473999999,1214869.22703,3111
DOTUSDT,1749474000000,4.038,4.042,3.98,3.99,696832.49,1749477599999,2791180.14051,5144
DOTUSDT,1749477600000,3.989,4.024,3.989,4.014,273206.6,1749481199999,1096188.61492,2831
DOTUSDT,1749481200000,4.014,4.042,4.012,4.021,123042.27,1749484799999,495949.42838,1819
DOTUSDT,1749484800000,4.022,4.068,4.022,4.047,241851.54,1749488399999,980242.77411,2958
DOTUSDT,1749488400000,4.047,4.078,4.045,4.072,216190.9,1749491999999,879618.79102,2155
DOTUSDT,1749492000000,4.073,4.096,4.063,4.079,177927.66,1749495599999,726105.91318,2178
DOTUSDT,1749495600000,4.079,4.086,4.053,4.065,150183.37,1749499199999,611025.63174,1667
DOTUSDT,1749499200000,4.065,4.088,4.064,4.086,81417.18,1749502799999,332077.29659,1203
DOTUSDT,1749502800000,4.086,4.145,4.086,4.137,386441.57,1749506399999,1593470.87391,4734
DOTUSDT,1749506400000,4.138,4.159,4.129,4.155,271193.64,1749509999999,1124506.96989,3066
DOTUSDT,1749510000000,4.157,4.162,4.129,4.151,217740.26,1749513599999,902484.33558,2575
DOTUSDT,1749513600000,4.152,4.195,4.149,4.178,283179.13,1749517199999,1182285.81715,3660
DOTUSDT,1749517200000,4.178,4.215,4.165,4.202,220718.23,1749520799999,925729.84771,3253
DOTUSDT,1749520800000,4.202,4.205,4.164,4.171,136822.35,1749524399999,571596.41926,2419
DOTUSDT,1749524400000,4.172,4.173,4.144,4.149,200744.1,1749527999999,833783.06651,2357
DOTUSDT,1749528000000,4.15,4.154,4.124,4.144,122479.13,1749531599999,506885.36333,1652
DOTUSDT,1749531600000,4.144,4.154,4.105,4.119,154718.72,1749535199999,638525.45224,2192
DOTUSDT,1749535200000,4.118,4.14,4.097,4.127,123067.27,1749538799999,506554.75798,1910
DOTUSDT,1749538800000,4.128,4.139,4.106,4.126,200290.17,1749542399999,825536.51823,2409
DOTUSDT,1749542400000,4.127,4.136,4.103,4.106,128146.23,1749545999999,527589.51384,1878
DOTUSDT,1749546000000,4.106,4.144,4.105,4.144,244759.92,1749549599999,1010774.92487,2840
DOTUSDT,1749549600000,4.143,4.146,4.11,4.13,169627.39,1749553199999,700702.59074,1817
DOTUSDT,1749553200000,4.13,4.239,4.113,4.233,571759.5,1749556799999,2397622.47801,7364
DOTUSDT,1749556800000,4.232,4.309,4.219,4.288,725580.48,1749560399999,3095042.76248,8671
DOTUSDT,1749560400000,4.288,4.298,4.214,4.248,580622.85,1749563999999,2472076.07795,7167
DOTUSDT,1749564000000,4.248,4.264,4.194,4.211,285084.14,1749567599999,1203859.713,5008
DOTUSDT,1749567600000,4.21,4.255,4.192,4.239,388156.5,1749571199999,1641424.62621,5453
DOTUSDT,1749571200000,4.24,4.284,4.232,4.233,312889.04,1749574799999,1331718.59574,4010
DOTUSDT,1749574800000,4.234,4.271,4.231,4.24,161009.74,1749578399999,684648.62762,2725
DOTUSDT,1749578400000,4.241,4.288,4.225,4.276,377483.65,1749581999999,1611572.12228,3796
DOTUSDT,1749582000000,4.277,4.315,4.257,4.275,368584.26,1749585599999,1581888.05685,4484
DOTUSDT,1749585600000,4.273,4.275,4.233,4.259,295775.39,1749589199999,1256047.05767,4224
DOTUSDT,1749589200000,4.259,4.272,4.232,4.259,261075.27,1749592799999,1110290.37335,3564
DOTUSDT,1749592800000,4.259,4.317,4.259,4.295,238217.09,1749596399999,1022045.2668,3724
DOTUSDT,1749596400000,4.295,4.3,4.265,4.294,111419.72,1749599999999,476817.86913,2149
DOTUSDT,1749600000000,4.295,4.313,4.264,4.266,189763.66,1749603599999,814136.42151,3137
DOTUSDT,1749603600000,4.266,4.269,4.239,4.251,166926.02,1749607199999,709528.53343,2272
DOTUSDT,1749607200000,4.25,4.269,4.245,4.256,93363.29,1749610799999,397352.73125,1657
DOTUSDT,1749610800000,4.256,4.281,4.248,4.275,142641.11,1749614399999,608504.89128,1941
DOTUSDT,1749614400000,4.275,4.277,4.259,4.266,100402.64,1749617999999,428511.05705,1640
DOTUSDT,1749618000000,4.265,4.278,4.251,4.278,110712.6,1749621599999,472311.89913,1538
DOTUSDT,1749621600000,4.278,4.299,4.27,4.294,117323.52,1749625199999,502936.41749,2073
DOTUSDT,1749625200000,4.295,4.334,4.287,4.315,299976.36,1749628799999,1294722.78595,3988
DOTUSDT,1749628800000,4.315,4.326,4.27,4.283,168801.22,1749632399999,724847.67628,2907
DOTUSDT,1749632400000,4.283,4.291,4.244,4.248,166838.32,1749635999999,711950.52622,2727
DOTUSDT,1749636000000,4.249,4.263,4.235,4.263,202068.02,1749639599999,858809.55542,2599
DOTUSDT,1749639600000,4.263,4.265,4.212,4.229,230001.55,1749643199999,972953.52247,2778
DOTUSDT,1749643200000,4.23,4.308,4.215,4.282,444564.34,1749646799999,1894503.17565,7139
DOTUSDT,1749646800000,4.282,4.3,4.261,4.273,317790.23,1749650399999,1358863.45401,5128
DOTUSDT,1749650400000,4.274,4.344,4.268,4.307,448065.57,1749653999999,1930819.85855,5208
DOTUSDT,1749654000000,4.308,4.346,4.29,4.333,298270.72,1749657599999,1289643.4987,3843
DOTUSDT,1749657600000,4.333,4.34,4.304,4.314,150485.12,1749661199999,649985.56572,2948
DOTUSDT,1749661200000,4.313,4.313,4.253,4.253,158580.9,1749664799999,679313.3866,2771
DOTUSDT,1749664800000,4.253,4.262,4.224,4.234,253624.0,1749668399999,1075827.76774,4111
DOTUSDT,1749668400000,4.235,4.26,4.22,4.244,137721.0,1749671999999,584217.43057,2266
DOTUSDT,1749672000000,4.243,4.258,4.209,4.237,416207.82,1749675599999,1761116.66312,3149
DOTUSDT,1749675600000,4.237,4.267,4.161,4.174,313560.3,1749679199999,1318027.313,4498
DOTUSDT,1749679200000,4.173,4.196,4.146,4.167,282091.25,1749682799999,1175111.39245,4328
DOTUSDT,1749682800000,4.167,4.195,4.163,4.189,118717.66,1749686399999,496215.41963,1539
DOTUSDT,1749686400000,4.188,4.204,4.151,4.172,152005.65,1749689999999,635025.55747,2572
DOTUSDT,1749690000000,4.171,4.188,4.137,4.187,539671.57,1749693599999,2247897.61048,3914
DOTUSDT,1749693600000,4.186,4.201,4.153,4.161,168274.91,1749697199999,701915.58893,1881
DOTUSDT,1749697200000,4.16,4.165,4.125,4.14,175855.96,1749700799999,728699.37261,2700
DOTUSDT,1749700800000,4.141,4.147,4.118,4.137,202243.03,1749704399999,835404.02335,2418
DOTUSDT,1749704400000,4.136,4.148,4.111,4.133,94713.88,1749707999999,391171.88394,1643
DOTUSDT,1749708000000,4.132,4.139,4.096,4.112,176524.97,1749711599999,726339.16228,2664
DOTUSDT,1749711600000,4.112,4.121,4.058,4.059,274337.61,1749715199999,1121468.86817,3601
DOTUSDT,1749715200000,4.058,4.065,4.004,4.06,762814.96,1749718799999,3082830.30774,9966
DOTUSDT,1749718800000,4.061,4.082,4.044,4.08,136953.46,1749722399999,556734.48366,2158
DOTUSDT,1749722400000,4.081,4.083,4.043,4.054,133451.72,1749725999999,541366.08522,2389
DOTUSDT,1749726000000,4.053,4.058,4.012,4.015,173680.79,1749729599999,699561.86365,2457
DOTUSDT,1749729600000,4.016,4.075,4.008,4.065,262292.82,1749733199999,1060749.60897,3493
DOTUSDT,1749733200000,4.065,4.099,4.063,4.081,235397.81,1749736799999,961413.18059,3564
DOTUSDT,1749736800000,4.082,4.105,4.082,4.092,116187.83,1749740399999,475710.84663,1855
DOTUSDT,1749740400000,4.092,4.103,4.015,4.027,206889.76,1749743999999,838989.04546,4060
DOTUSDT,1749744000000,4.027,4.071,4.021,4.061,179155.46,1749747599999,725265.96423,3140
DOTUSDT,1749747600000,4.062,4.096,4.055,4.08,191028.66,1749751199999,779597.43753,2756
DOTUSDT,1749751200000,4.08,4.083,4.023,4.04,253715.34,1749754799999,1027970.16374,3572
DOTUSDT,1749754800000,4.04,4.051,3.968,3.98,275859.15,1749758399999,1105388.50021,4613
DOTUSDT,1749758400000,3.979,3.995,3.907,3.933,619584.27,1749761999999,2444327.86619,8222
DOTUSDT,1749762000000,3.932,3.973,3.924,3.928,291047.72,1749765599999,1148172.89071,3929
DOTUSDT,1749765600000,3.928,3.941,3.911,3.922,209124.8,1749769199999,821186.08312,3010
DOTUSDT,1749769200000,3.921,3.934,3.908,3.919,168893.34,1749772799999,662606.03732,2278
DOTUSDT,1749772800000,3.919,3.919,3.708,3.759,1650442.33,1749776399999,6275935.75651,25565
DOTUSDT,1749776400000,3.758,3.758,3.664,3.723,1168560.99,1749779999999,4334511.40869,17614
DOTUSDT,1749780000000,3.723,3.741,3.681,3.719,639269.43,1749783599999,2373084.77532,9192
DOTUSDT,1749783600000,3.718,3.796,3.709,3.78,646612.57,1749787199999,2425043.74771,7710
DOTUSDT,1749787200000,3.78,3.79,3.753,3.784,207313.29,1749790799999,782171.59777,3338
DOTUSDT,1749790800000,3.784,3.803,3.773,3.792,229675.43,1749794399999,870638.50562,3353
DOTUSDT,1749794400000,3.791,3.825,3.76,3.825,266541.42,1749797999999,1009599.12145,4392
DOTUSDT,1749798000000,3.826,3.833,3.799,3.823,340697.81,1749801599999,1300473.78677,4250
DOTUSDT,1749801600000,3.824,3.855,3.797,3.81,315323.91,1749805199999,1208386.71736,4036
DOTUSDT,1749805200000,3.809,3.82,3.784,3.807,287314.65,1749808799999,1093081.07948,4693
DOTUSDT,1749808800000,3.809,3.855,3.794,3.839,512866.95,1749812399999,1960314.56409,7746
DOTUSDT,1749812400000,3.839,3.85,3.812,3.844,166832.53,1749815999999,639319.28064,2384
DOTUSDT,1749816000000,3.845,3.857,3.812,3.822,240913.95,1749819599999,925538.2473,3096
DOTUSDT,1749819600000,3.822,3.846,3.81,3.819,225250.0,1749823199999,861637.13703,3419
DOTUSDT,1749823200000,3.82,3.843,3.783,3.813,391345.47,1749826799999,1490113.06219,4572
DOTUSDT,1749826800000,3.813,3.85,3.804,3.824,249635.0,1749830399999,957153.34512,3607
DOTUSDT,1749830400000,3.825,3.859,3.813,3.842,274841.45,1749833999999,1053916.25169,3894
DOTUSDT,1749834000000,3.842,3.843,3.809,3.842,186718.79,1749837599999,713512.77216,3516
DOTUSDT,1749837600000,3.841,3.847,3.757,3.775,313068.24,1749841199999,1185969.83236,5049
DOTUSDT,1749841200000,3.775,3.787,3.752,3.766,198140.79,1749844799999,746128.29238,5064
DOTUSDT,1749844800000,3.767,3.82,3.76,3.812,177470.0,1749848399999,673532.89061,3572
DOTUSDT,1749848400000,3.813,3.833,3.793,3.814,128026.04,1749851999999,488091.24007,2078
DOTUSDT,1749852000000,3.816,3.837,3.811,3.829,152941.83,1749855599999,584699.07546,2103
DOTUSDT,1749855600000,3.829,3.849,3.825,3.838,147933.94,1749859199999,567976.36295,2002
DOTUSDT,1749859200000,3.838,3.846,3.817,3.826,263662.15,1749862799999,1010377.21516,2987
DOTUSDT,1749862800000,3.825,3.825,3.797,3.806,163079.98,1749866399999,621517.46245,1973
DOTUSDT,1749866400000,3.805,3.814,3.796,3.809,80634.86,1749869999999,306749.54396,1313
DOTUSDT,1749870000000,3.809,3.823,3.807,3.818,76386.64,1749873599999,291470.95895,1132
DOTUSDT,1749873600000,3.818,3.83,3.812,3.823,136686.45,1749877199999,522375.6763,1610
DOTUSDT,1749877200000,3.823,3.829,3.81,3.825,71521.03,1749880799999,273381.37427,812
DOTUSDT,1749880800000,3.826,3.829,3.808,3.811,104862.45,1749884399999,400347.48029,1277
DOTUSDT,1749884400000,3.812,3.82,3.787,3.812,181971.43,1749887999999,692926.73177,1562
DOTUSDT,1749888000000,3.811,3.812,3.791,3.802,108538.82,1749891599999,412190.94545,1229
DOTUSDT,1749891600000,3.802,3.804,3.783,3.785,105497.37,1749895199999,400240.3988,1233
DOTUSDT,1749895200000,3.786,3.805,3.779,3.796,71270.68,1749898799999,270147.78095,1272
DOTUSDT,1749898800000,3.795,3.812,3.793,3.806,56870.98,1749902399999,216196.45923,1076
DOTUSDT,1749902400000,3.806,3.809,3.783,3.806,63993.3,1749905999999,242810.61886,1264
DOTUSDT,1749906000000,3.806,3.817,3.783,3.796,94764.1,1749909599999,360340.26323,1690
DOTUSDT,1749909600000,3.796,3.797,3.769,3.778,324677.49,1749913199999,1227598.92104,2408
DOTUSDT,1749913200000,3.778,3.785,3.749,3.763,193189.48,1749916799999,726632.55115,2640
DOTUSDT,1749916800000,3.762,3.769,3.716,3.729,176553.09,1749920399999,660450.14809,2898
DOTUSDT,1749920400000,3.728,3.765,3.722,3.753,116071.3,1749923999999,435223.71583,1697
DOTUSDT,1749924000000,3.753,3.769,3.719,3.747,101860.71,1749927599999,380842.06589,1863
DOTUSDT,1749927600000,3.747,3.767,3.742,3.742,91861.95,1749931199999,344796.41791,1552
DOTUSDT,1749931200000,3.743,3.747,3.719,3.743,90851.18,1749934799999,339278.75787,2070
DOTUSDT,1749934800000,3.743,3.785,3.742,3.777,113625.47,1749938399999,427708.05119,1885
DOTUSDT,1749938400000,3.778,3.794,3.77,3.781,108381.36,1749941999999,409987.59055,1395
DOTUSDT,1749942000000,3.782,3.793,3.78,3.781,33296.31,1749945599999,126057.698,730
DOTUSDT,1749945600000,3.782,3.796,3.776,3.795,53149.19,1749949199999,201261.21057,925
DOTUSDT,1749949200000,3.793,3.796,3.769,3.772,88560.14,1749952799999,334634.303,1199
DOTUSDT,1749952800000,3.771,3.792,3.771,3.782,46943.42,1749956399999,177634.49033,864
DOTUSDT,1749956400000,3.783,3.793,3.781,3.787,25294.24,1749959999999,95777.38244,620
DOTUSDT,1749960000000,3.787,3.804,3.785,3.802,52751.1,1749963599999,200144.36688,874
DOTUSDT,1749963600000,3.803,3.816,3.783,3.814,48828.39,1749967199999,185807.40414,974
DOTUSDT,1749967200000,3.813,3.817,3.78,3.782,53114.76,1749970799999,201621.67364,968
DOTUSDT,1749970800000,3.782,3.783,3.768,3.776,47423.7,1749974399999,179102.53284,982
DOTUSDT,1749974400000,3.776,3.78,3.766,3.772,30670.0,1749977999999,115721.61099,834
DOTUSDT,1749978000000,3.771,3.772,3.754,3.761,52751.13,1749981599999,198449.12903,1040
DOTUSDT,1749981600000,3.761,3.79,3.759,3.785,79924.43,1749985199999,301834.71909,977
DOTUSDT,1749985200000,3.785,3.79,3.77,3.781,56909.47,1749988799999,215214.06148,959
DOTUSDT,1749988800000,3.783,3.798,3.773,3.798,53232.39,1749992399999,201585.80495,977
DOTUSDT,1749992400000,3.798,3.815,3.789,3.815,81553.48,1749995999999,310120.6447,1551
DOTUSDT,1749996000000,3.814,3.834,3.794,3.826,168678.57,1749999599999,643102.58501,2533
DOTUSDT,1749999600000,3.827,3.83,3.801,3.804,69982.45,1750003199999,267080.04771,1490
DOTUSDT,1750003200000,3.804,3.812,3.78,3.793,79109.98,1750006799999,300342.51749,1605
DOTUSDT,1750006800000,3.794,3.795,3.775,3.785,132670.96,1750010399999,502066.01198,2130
DOTUSDT,1750010400000,3.784,3.788,3.766,3.786,50633.45,1750013999999,191140.39586,1201
DOTUSDT,1750014000000,3.786,3.798,3.771,3.786,62104.28,1750017599999,235093.47958,1646
DOTUSDT,1750017600000,3.786,3.787,3.736,3.752,111610.41,1750021199999,418810.64742,2475
DOTUSDT,1750021200000,3.752,3.774,3.735,3.774,96671.33,1750024799999,362906.64719,1804
DOTUSDT,1750024800000,3.774,3.823,3.769,3.817,153168.85,1750028399999,582722.54646,2917
DOTUSDT,1750028400000,3.817,3.829,3.807,3.821,78572.4,1750031999999,300047.42425,1313
DOTUSDT,1750032000000,3.821,3.828,3.802,3.818,90276.28,1750035599999,344174.87017,1751
DOTUSDT,1750035600000,3.818,3.839,3.786,3.835,149486.83,1750039199999,569240.32988,2952
DOTUSDT,1750039200000,3.834,3.859,3.834,3.85,182167.0,1750042799999,700892.55167,2530
DOTUSDT,1750042800000,3.85,3.854,3.84,3.843,56335.25,1750046399999,216665.46845,1330
DOTUSDT,1750046400000,3.843,3.867,3.842,3.854,121852.8,1750049999999,470011.97547,1966
DOTUSDT,1750050000000,3.855,3.89,3.843,3.886,152965.7,1750053599999,592134.74162,2523
DOTUSDT,1750053600000,3.886,3.902,3.881,3.888,139372.93,1750057199999,542337.04179,2550
DOTUSDT,1750057200000,3.888,3.907,3.888,3.905,171345.36,1750060799999,668232.09513,1919
DOTUSDT,1750060800000,3.905,3.916,3.887,3.91,127307.19,1750064399999,496986.81406,1794
DOTUSDT,1750064400000,3.91,3.917,3.9,3.906,94054.42,1750067999999,367698.23028,1582
DOTUSDT,1750068000000,3.906,3.918,3.887,3.899,135750.23,1750071599999,529961.46379,1646
DOTUSDT,1750071600000,3.899,3.914,3.877,3.905,182257.64,1750075199999,709682.4209,2211
DOTUSDT,1750075200000,3.906,3.913,3.887,3.904,105010.55,1750078799999,409875.90691,1479
DOTUSDT,1750078800000,3.905,3.945,3.9,3.94,192154.42,1750082399999,753041.02929,3340
DOTUSDT,1750082400000,3.94,3.957,3.93,3.947,318364.9,1750085999999,1256894.63797,3737
DOTUSDT,1750086000000,3.948,3.962,3.93,3.937,178034.04,1750089599999,703663.50234,2046
DOTUSDT,1750089600000,3.938,3.979,3.938,3.957,190465.21,1750093199999,755278.45674,2462
DOTUSDT,1750093200000,3.957,3.98,3.954,3.967,116773.38,1750096799999,463068.29925,1456
DOTUSDT,1750096800000,3.967,3.983,3.965,3.978,142679.95,1750100399999,567105.59937,1814
DOTUSDT,1750100400000,3.979,3.991,3.966,3.973,130683.46,1750103999999,520133.09113,2013
DOTUSDT,1750104000000,3.973,3.991,3.96,3.983,167112.89,1750107599999,664324.6638,2207
DOTUSDT,1750107600000,3.983,3.991,3.959,3.975,88909.91,1750111199999,353474.87117,1301
DOTUSDT,1750111200000,3.975,3.984,3.871,3.898,407226.91,1750114799999,1595384.45126,6724
DOTUSDT,1750114800000,3.897,3.922,3.836,3.847,371279.14,1750118399999,1438793.45161,5153
DOTUSDT,1750118400000,3.846,3.887,3.773,3.883,487062.87,1750121999999,1862736.31951,9191
DOTUSDT,1750122000000,3.884,3.891,3.861,3.863,88199.15,1750125599999,342005.68705,2106
DOTUSDT,1750125600000,3.864,3.887,3.839,3.884,189638.99,1750129199999,731302.2598,2938
DOTUSDT,1750129200000,3.884,3.897,3.868,3.873,90014.6,1750132799999,349299.63265,1852
DOTUSDT,1750132800000,3.873,3.874,3.861,3.866,104358.25,1750136399999,403661.27372,1484
DOTUSDT,1750136400000,3.866,3.875,3.841,3.855,72753.71,1750139999999,280790.56592,1632
DOTUSDT,1750140000000,3.854,3.867,3.836,3.843,91573.95,1750143599999,352499.84049,2015
DOTUSDT,1750143600000,3.843,3.855,3.825,3.833,107848.88,1750147199999,414015.35392,1798
DOTUSDT,1750147200000,3.833,3.836,3.785,3.796,220808.54,1750150799999,839608.09968,3197
DOTUSDT,1750150800000,3.796,3.81,3.787,3.796,184265.72,1750154399999,699664.51518,2691
DOTUSDT,1750154400000,3.795,3.8,3.77,3.795,209988.38,1750157999999,794493.20085,2479
DOTUSDT,1750158000000,3.795,3.795,3.762,3.776,175209.67,1750161599999,661084.91861,2055
DOTUSDT,1750161600000,3.776,3.788,3.76,3.766,111142.96,1750165199999,419273.9868,1516
DOTUSDT,1750165200000,3.766,3.79,3.754,3.757,219735.49,1750168799999,828381.06918,3073
DOTUSDT,1750168800000,3.759,3.789,3.743,3.747,236893.13,1750172399999,892332.82054,3415
DOTUSDT,1750172400000,3.746,3.747,3.698,3.726,547156.85,1750175999999,2036646.32702,7012
DOTUSDT,1750176000000,3.726,3.728,3.666,3.669,501567.31,1750179599999,1856990.21973,6333
DOTUSDT,1750179600000,3.667,3.719,3.663,3.687,508584.22,1750183199999,1873706.81374,5702
DOTUSDT,1750183200000,3.687,3.726,3.681,3.724,170108.95,1750186799999,629071.5334,2677
DOTUSDT,1750186800000,3.724,3.767,3.722,3.747,351674.46,1750190399999,1318615.14411,4025
DOTUSDT,1750190400000,3.746,3.755,3.727,3.73,147949.32,1750193999999,553522.9647,1797
DOTUSDT,1750194000000,3.731,3.738,3.705,3.719,144405.8,1750197599999,537412.85241,1867
DOTUSDT,1750197600000,3.72,3.721,3.697,3.7,103629.31,1750201199999,384327.49024,1504
DOTUSDT,1750201200000,3.7,3.737,3.7,3.719,79964.57,1750204799999,297446.46626,990
DOTUSDT,1750204800000,3.719,3.751,3.716,3.745,113498.83,1750208399999,423970.26586,1667
DOTUSDT,1750208400000,3.745,3.76,3.731,3.733,92500.76,1750211999999,346222.48525,1294
DOTUSDT,1750212000000,3.734,3.747,3.727,3.731,121129.36,1750215599999,452416.58955,1489
DOTUSDT,1750215600000,3.731,3.76,3.73,3.752,131126.34,1750219199999,491346.08994,1387
DOTUSDT,1750219200000,3.753,3.78,3.748,3.775,77995.94,1750222799999,293523.46805,1090
DOTUSDT,1750222800000,3.775,3.786,3.77,3.773,58737.13,1750226399999,221789.25466,1018
DOTUSDT,1750226400000,3.773,3.777,3.741,3.752,88541.75,1750229999999,333065.77057,1222
DOTUSDT,1750230000000,3.751,3.755,3.741,3.75,93536.29,1750233599999,350497.57316,1150
DOTUSDT,1750233600000,3.751,3.76,3.715,3.73,95220.97,1750237199999,355493.04551,1379
DOTUSDT,1750237200000,3.73,3.735,3.702,3.71,103891.62,1750240799999,386249.20262,1277
DOTUSDT,1750240800000,3.711,3.711,3.635,3.647,396485.77,1750244399999,1454071.89643,4476
DOTUSDT,1750244400000,3.646,3.695,3.638,3.69,232756.96,1750247999999,853216.07109,2789
DOTUSDT,1750248000000,3.691,3.699,3.642,3.648,337982.05,1750251599999,1240995.15359,3868
DOTUSDT,1750251600000,3.649,3.651,3.579,3.638,833793.89,1750255199999,3012117.06069,10226
DOTUSDT,1750255200000,3.638,3.69,3.626,3.644,505109.11,1750258799999,1851335.2087,7215
DOTUSDT,1750258800000,3.643,3.656,3.614,3.636,323559.62,1750262399999,1177509.35876,4439
DOTUSDT,1750262400000,3.635,3.639,3.593,3.609,343793.51,1750265999999,1241966.47747,4383
DOTUSDT,1750266000000,3.608,3.63,3.572,3.618,477359.46,1750269599999,1719002.94385,5399
DOTUSDT,1750269600000,3.618,3.645,3.583,3.587,588447.82,1750273199999,2125900.86279,8338
DOTUSDT,1750273200000,3.587,3.637,3.581,3.598,326455.72,1750276799999,1179791.13744,5442
DOTUSDT,1750276800000,3.597,3.675,3.589,3.664,283490.92,1750280399999,1029298.28479,4434
DOTUSDT,1750280400000,3.664,3.672,3.643,3.663,239132.93,1750283999999,874392.73521,3431
DOTUSDT,1750284000000,3.661,3.67,3.633,3.636,186136.77,1750287599999,679438.31291,2329
DOTUSDT,1750287600000,3.635,3.648,3.598,3.622,256822.73,1750291199999,928998.15408,3134
DOTUSDT,1750291200000,3.622,3.657,3.603,3.629,308391.07,1750294799999,1121248.68279,3912
DOTUSDT,1750294800000,3.629,3.63,3.583,3.591,388482.4,1750298399999,1399573.835,4240
DOTUSDT,1750298400000,3.591,3.612,3.582,3.591,423100.82,1750301999999,1521749.49033,3582
DOTUSDT,1750302000000,3.59,3.609,3.59,3.605,169597.3,1750305599999,610272.90267,2575
DOTUSDT,1750305600000,3.605,3.609,3.584,3.605,215901.45,1750309199999,776263.8118,2543
DOTUSDT,1750309200000,3.604,3.617,3.585,3.586,262598.7,1750312799999,946121.60098,2905
DOTUSDT,1750312800000,3.586,3.595,3.561,3.569,330924.21,1750316399999,1182044.91067,3316
DOTUSDT,1750316400000,3.569,3.58,3.567,3.57,283795.79,1750319999999,1014220.67187,2490
DOTUSDT,1750320000000,3.57,3.585,3.558,3.559,261090.36,1750323599999,933219.57519,2531
DOTUSDT,1750323600000,3.558,3.588,3.554,3.576,323736.37,1750327199999,1156433.85628,2874
DOTUSDT,1750327200000,3.576,3.586,3.564,3.57,242392.82,1750330799999,866797.25006,2504
DOTUSDT,1750330800000,3.57,3.581,3.559,3.58,206213.5,1750334399999,735851.40098,1808
DOTUSDT,1750334400000,3.58,3.591,3.568,3.584,202164.67,1750337999999,723854.03419,2136
DOTUSDT,1750338000000,3.584,3.595,3.559,3.564,228987.68,1750341599999,819626.33318,2228
DOTUSDT,1750341600000,3.564,3.581,3.534,3.538,338418.73,1750345199999,1203060.51963,3346
DOTUSDT,1750345200000,3.537,3.559,3.524,3.527,382117.78,1750348799999,1353409.20087,2854
DOTUSDT,1750348800000,3.526,3.538,3.496,3.502,553933.92,1750352399999,1945953.92827,5058
DOTUSDT,1750352400000,3.502,3.567,3.5,3.556,416637.05,1750355999999,1472520.98007,3838
DOTUSDT,1750356000000,3.555,3.58,3.548,3.569,161579.93,1750359599999,576163.3609,2050
DOTUSDT,1750359600000,3.568,3.576,3.547,3.555,125105.57,1750363199999,446016.01898,1694
DOTUSDT,1750363200000,3.555,3.571,3.543,3.551,93473.63,1750366799999,332528.53912,1573
DOTUSDT,1750366800000,3.551,3.567,3.543,3.55,152815.67,1750370399999,543107.22145,2227
DOTUSDT,1750370400000,3.55,3.573,3.55,3.558,163892.21,1750373999999,584521.60518,2029
DOTUSDT,1750374000000,3.558,3.559,3.537,3.548,98295.39,1750377599999,348852.6985,1418
DOTUSDT,1750377600000,3.547,3.563,3.54,3.55,125271.76,1750381199999,445189.85812,1554
DOTUSDT,1750381200000,3.55,3.554,3.53,3.55,159575.11,1750384799999,564872.93266,1548
DOTUSDT,1750384800000,3.551,3.552,3.521,3.526,114826.67,1750388399999,405753.8403,1576
DOTUSDT,1750388400000,3.526,3.527,3.505,3.51,196495.35,1750391999999,690659.71684,1727
DOTUSDT,1750392000000,3.51,3.514,3.467,3.474,498702.96,1750395599999,1739075.93332,4075
DOTUSDT,1750395600000,3.473,3.492,3.459,3.487,511672.62,1750399199999,1780287.2328,3987
DOTUSDT,1750399200000,3.488,3.498,3.47,3.477,242799.59,1750402799999,845408.45849,2430
DOTUSDT,1750402800000,3.476,3.541,3.47,3.54,359872.53,1750406399999,1265217.09232,3770
DOTUSDT,1750406400000,3.54,3.566,3.528,3.537,361904.49,1750409999999,1283264.91239,3786
DOTUSDT,1750410000000,3.536,3.543,3.515,3.516,235099.72,1750413599999,829377.28249,2164
DOTUSDT,1750413600000,3.516,3.535,3.497,3.529,189104.95,1750417199999,665053.74875,2018
DOTUSDT,1750417200000,3.528,3.546,3.522,3.545,117344.0,1750420799999,414689.60279,1532
DOTUSDT,1750420800000,3.545,3.571,3.545,3.561,221681.45,1750424399999,788467.53057,2182
DOTUSDT,1750424400000,3.562,3.577,3.538,3.561,196790.41,1750427999999,700664.29827,2920
DOTUSDT,1750428000000,3.56,3.574,3.476,3.479,312425.66,1750431599999,1100382.52247,4380
DOTUSDT,1750431600000,3.48,3.5,3.463,3.474,449648.72,1750435199999,1565396.16539,4634
DOTUSDT,1750435200000,3.474,3.476,3.423,3.427,469637.1,1750438799999,1616471.24017,5810
DOTUSDT,1750438800000,3.427,3.444,3.33,3.423,1725164.06,1750442399999,5821185.84098,20192
DOTUSDT,1750442400000,3.422,3.445,3.41,3.413,393524.78,1750445999999,1349053.73995,4488
DOTUSDT,1750446000000,3.413,3.429,3.395,3.423,202921.75,1750449599999,691905.77647,2473
DOTUSDT,1750449600000,3.423,3.456,3.422,3.448,142513.13,1750453199999,490440.27764,2030
DOTUSDT,1750453200000,3.448,3.452,3.43,3.433,172034.58,1750456799999,592021.33803,1926
DOTUSDT,1750456800000,3.433,3.435,3.398,3.417,185389.66,1750460399999,632985.83305,2353
DOTUSDT,1750460400000,3.418,3.441,3.409,3.437,145613.15,1750463999999,498874.29367,1713
DOTUSDT,1750464000000,3.437,3.453,3.434,3.436,143340.28,1750467599999,493364.95067,2005
DOTUSDT,1750467600000,3.436,3.462,3.434,3.462,142156.17,1750471199999,491143.17282,1711
DOTUSDT,1750471200000,3.462,3.465,3.444,3.451,111572.23,1750474799999,384948.26675,1204
DOTUSDT,1750474800000,3.45,3.462,3.445,3.459,82892.83,1750478399999,286309.11384,1129
DOTUSDT,1750478400000,3.458,3.462,3.444,3.45,76426.01,1750481999999,264017.72481,1203
DOTUSDT,1750482000000,3.451,3.485,3.45,3.484,167310.86,1750485599999,580906.72629,1658
DOTUSDT,1750485600000,3.484,3.495,3.476,3.489,120348.35,1750489199999,419652.01858,2082
DOTUSDT,1750489200000,3.489,3.496,3.476,3.481,161403.09,1750492799999,562516.3436,1707
DOTUSDT,1750492800000,3.482,3.508,3.473,3.505,93975.82,1750496399999,327957.66295,1402
DOTUSDT,1750496400000,3.505,3.506,3.487,3.491,151586.45,1750499999999,529896.25365,1289
DOTUSDT,1750500000000,3.492,3.498,3.472,3.483,168377.22,1750503599999,587119.50317,1598
DOTUSDT,1750503600000,3.482,3.484,3.46,3.462,147992.44,1750507199999,514013.53748,1546
DOTUSDT,1750507200000,3.462,3.468,3.431,3.433,144823.32,1750510799999,499091.0799,1942
DOTUSDT,1750510800000,3.434,3.444,3.402,3.405,191660.32,1750514399999,656523.43337,2598
DOTUSDT,1750514400000,3.406,3.419,3.388,3.406,305790.98,1750517999999,1040427.25457,3742
DOTUSDT,1750518000000,3.407,3.414,3.39,3.41,212304.79,1750521599999,722196.05488,3492
DOTUSDT,1750521600000,3.41,3.416,3.39,3.407,127057.87,1750525199999,432691.11657,1867
DOTUSDT,1750525200000,3.405,3.424,3.374,3.384,192881.63,1750528799999,654381.48184,2601
DOTUSDT,1750528800000,3.385,3.415,3.368,3.372,208006.63,1750532399999,705571.92497,2907
DOTUSDT,1750532400000,3.371,3.377,3.344,3.347,390917.43,1750535999999,1312501.9175,4978
DOTUSDT,1750536000000,3.346,3.381,3.342,3.372,222135.92,1750539599999,747069.81754,3396
DOTUSDT,1750539600000,3.372,3.376,3.209,3.274,1192208.88,1750543199999,3911230.46881,14597
DOTUSDT,1750543200000,3.277,3.318,3.271,3.316,330812.16,1750546799999,1091726.98809,3418
DOTUSDT,1750546800000,3.317,3.332,3.26,3.324,841385.69,1750550399999,2776305.31629,8287
DOTUSDT,1750550400000,3.325,3.363,3.3,3.34,441725.16,1750553999999,1473726.09424,5545
DOTUSDT,1750554000000,3.338,3.35,3.292,3.292,245639.32,1750557599999,815442.97518,2839
DOTUSDT,1750557600000,3.293,3.309,3.252,3.269,328506.85,1750561199999,1075412.88664,4084
DOTUSDT,1750561200000,3.27,3.277,3.235,3.259,253163.04,1750564799999,822993.8477,3607
DOTUSDT,1750564800000,3.26,3.289,3.248,3.278,194388.66,1750568399999,635779.39932,2510
DOTUSDT,1750568400000,3.278,3.295,3.271,3.293,115188.3,1750571999999,378061.37022,1820
DOTUSDT,1750572000000,3.292,3.322,3.286,3.318,103399.77,1750575599999,342034.81528,1820
DOTUSDT,1750575600000,3.318,3.326,3.278,3.284,217616.65,1750579199999,718135.63526,2978
DOTUSDT,1750579200000,3.284,3.302,3.269,3.29,162398.27,1750582799999,533358.7493,2299
DOTUSDT,1750582800000,3.291,3.306,3.247,3.255,280398.3,1750586399999,917897.8478,3920
DOTUSDT,1750586400000,3.257,3.295,3.249,3.274,160893.88,1750589999999,526571.106,2719
DOTUSDT,1750590000000,3.274,3.296,3.267,3.283,139420.08,1750593599999,457505.45441,1708
DOTUSDT,1750593600000,3.282,3.298,3.253,3.288,136286.18,1750597199999,446366.221,3530
DOTUSDT,1750597200000,3.286,3.295,3.128,3.184,1714462.24,1750600799999,5453271.43936,24306
DOTUSDT,1750600800000,3.182,3.232,3.13,3.229,1098460.74,1750604399999,3486474.81894,13447
DOTUSDT,1750604400000,3.229,3.233,3.168,3.173,485541.06,1750607999999,1555741.48175,6426
DOTUSDT,1750608000000,3.174,3.181,3.147,3.165,328947.21,1750611599999,1040016.20365,4645
DOTUSDT,1750611600000,3.165,3.204,3.148,3.184,311082.84,1750615199999,987140.97442,4127
DOTUSDT,1750615200000,3.185,3.192,3.163,3.166,288902.43,1750618799999,917707.51396,3276
DOTUSDT,1750618800000,3.166,3.178,3.133,3.146,240949.04,1750622399999,759364.59767,3158
DOTUSDT,1750622400000,3.146,3.149,3.007,3.106,2548962.06,1750625999999,7789503.31792,24926
DOTUSDT,1750626000000,3.106,3.136,3.064,3.071,378117.24,1750629599999,1173063.48689,5562
DOTUSDT,1750629600000,3.071,3.149,3.069,3.148,534710.0,1750633199999,1667327.94895,7344
DOTUSDT,1750633200000,3.148,3.16,3.131,3.153,310516.49,1750636799999,977933.78971,5659
DOTUSDT,1750636800000,3.153,3.183,3.134,3.149,460478.34,1750640399999,1453365.05098,11560
DOTUSDT,1750640400000,3.15,3.16,3.123,3.16,175377.45,1750643999999,550662.8151,2034
DOTUSDT,1750644000000,3.16,3.172,3.149,3.165,184752.94,1750647599999,583949.76196,2090
DOTUSDT,1750647600000,3.165,3.182,3.155,3.179,154278.65,1750651199999,489699.13297,1963
DOTUSDT,1750651200000,3.179,3.205,3.166,3.195,194126.98,1750654799999,618486.8031,2152
DOTUSDT,1750654800000,3.195,3.238,3.194,3.227,242534.41,1750658399999,780833.06584,2706
DOTUSDT,1750658400000,3.228,3.245,3.21,3.229,299299.02,1750661999999,966045.77227,2859
DOTUSDT,1750662000000,3.23,3.247,3.199,3.215,252082.21,1750665599999,811808.22848,2582
DOTUSDT,1750665600000,3.215,3.228,3.199,3.208,123940.28,1750669199999,398087.06239,2005
DOTUSDT,1750669200000,3.207,3.211,3.191,3.201,145813.51,1750672799999,466841.56874,2088
DOTUSDT,1750672800000,3.202,3.203,3.176,3.185,137903.73,1750676399999,440000.67156,1767
DOTUSDT,1750676400000,3.185,3.202,3.171,3.193,136548.72,1750679999999,434702.21468,1518
DOTUSDT,1750680000000,3.194,3.229,3.179,3.229,160275.46,1750683599999,513306.25482,2014
DOTUSDT,1750683600000,3.229,3.289,3.188,3.28,648852.88,1750687199999,2103012.50898,7478
DOTUSDT,1750687200000,3.281,3.299,3.244,3.25,362443.76,1750690799999,1185567.02356,4983
DOTUSDT,1750690800000,3.25,3.27,3.204,3.207,229024.77,1750694399999,742175.51986,2755
DOTUSDT,1750694400000,3.207,3.213,3.111,3.13,672200.2,1750697999999,2116331.21371,8014
DOTUSDT,1750698000000,3.13,3.246,3.118,3.229,622617.62,1750701599999,1985290.0636,7967
DOTUSDT,1750701600000,3.231,3.292,3.231,3.272,575878.23,1750705199999,1883543.12307,6619
DOTUSDT,1750705200000,3.272,3.296,3.255,3.284,208742.43,1750708799999,683839.9515,3219
DOTUSDT,1750708800000,3.286,3.364,3.278,3.322,706257.34,1750712399999,2352961.80764,7330
DOTUSDT,1750712400000,3.322,3.338,3.298,3.306,320880.67,1750715999999,1065406.37654,3308
DOTUSDT,1750716000000,3.307,3.421,3.307,3.404,1332897.62,1750719599999,4517836.39273,12041
DOTUSDT,1750719600000,3.404,3.421,3.389,3.416,532372.53,1750723199999,1814002.45318,5193
DOTUSDT,1750723200000,3.416,3.432,3.396,3.415,333160.61,1750726799999,1138192.28646,3122
DOTUSDT,1750726800000,3.415,3.427,3.404,3.421,168917.38,1750730399999,576847.0235,2038
DOTUSDT,1750730400000,3.42,3.426,3.389,3.393,237930.68,1750733999999,810127.57773,2448
DOTUSDT,1750734000000,3.393,3.408,3.386,3.401,160379.36,1750737599999,545045.19344,1677
DOTUSDT,1750737600000,3.401,3.407,3.386,3.398,109221.99,1750741199999,371078.96728,1472
DOTUSDT,1750741200000,3.398,3.472,3.393,3.468,282894.78,1750744799999,972681.95781,3318
DOTUSDT,1750744800000,3.469,3.483,3.452,3.473,264671.25,1750748399999,918899.14569,3152
DOTUSDT,1750748400000,3.472,3.485,3.41,3.414,467806.39,1750751999999,1613750.6724,4408
DOTUSDT,1750752000000,3.414,3.421,3.385,3.405,230773.3,1750755599999,785982.36897,3016
DOTUSDT,1750755600000,3.404,3.451,3.401,3.416,161280.36,1750759199999,552549.43743,2379
DOTUSDT,1750759200000,3.416,3.431,3.411,3.426,114864.17,1750762799999,392747.53938,1598
DOTUSDT,1750762800000,3.425,3.435,3.406,3.429,143893.12,1750766399999,492484.29994,1981
DOTUSDT,1750766400000,3.43,3.442,3.415,3.43,156272.3,1750769999999,535780.63799,1730
DOTUSDT,1750770000000,3.43,3.449,3.417,3.439,165391.22,1750773599999,568132.88001,2503
DOTUSDT,1750773600000,3.439,3.479,3.435,3.464,236796.31,1750777199999,819138.33532,3408
DOTUSDT,1750777200000,3.464,3.475,3.433,3.449,158826.62,1750780799999,548479.86861,2635
DOTUSDT,1750780800000,3.45,3.52,3.449,3.516,324667.22,1750784399999,1133707.68391,4214
DOTUSDT,1750784400000,3.516,3.525,3.46,3.467,256964.24,1750787999999,897288.45365,3747
DOTUSDT,1750788000000,3.467,3.473,3.435,3.447,110794.42,1750791599999,382206.56211,2226
DOTUSDT,1750791600000,3.446,3.449,3.416,3.432,91811.84,1750795199999,314818.77004,2008
DOTUSDT,1750795200000,3.432,3.463,3.424,3.461,87670.47,1750798799999,301769.37657,1643
DOTUSDT,1750798800000,3.46,3.462,3.435,3.456,109383.16,1750802399999,377430.20821,2453
DOTUSDT,1750802400000,3.456,3.457,3.437,3.452,114802.74,1750805999999,395612.5851,2284
DOTUSDT,1750806000000,3.453,3.453,3.419,3.439,198612.82,1750809599999,680679.4344,5040
DOTUSDT,1750809600000,3.438,3.449,3.408,3.446,181140.97,1750813199999,621148.61923,2885
DOTUSDT,1750813200000,3.445,3.452,3.413,3.433,117450.77,1750816799999,403189.59821,1959
DOTUSDT,1750816800000,3.433,3.459,3.427,3.441,147053.19,1750820399999,507019.73995,2034
DOTUSDT,1750820400000,3.441,3.456,3.424,3.427,74780.68,1750823999999,257091.48195,1469
DOTUSDT,1750824000000,3.427,3.432,3.41,3.416,86247.73,1750827599999,295255.56489,1402
DOTUSDT,1750827600000,3.416,3.423,3.4,3.405,111202.81,1750831199999,379011.56572,1572
DOTUSDT,1750831200000,3.405,3.422,3.397,3.421,74055.0,1750834799999,252498.75938,1316
DOTUSDT,1750834800000,3.421,3.442,3.411,3.43,92270.17,1750838399999,316516.36386,1508
DOTUSDT,1750838400000,3.429,3.442,3.389,3.409,262802.32,1750841999999,896764.54039,2255
DOTUSDT,1750842000000,3.408,3.42,3.374,3.391,219464.38,1750845599999,744870.30381,2672
DOTUSDT,1750845600000,3.392,3.404,3.381,3.397,139508.48,1750849199999,473357.77647,1731
DOTUSDT,1750849200000,3.397,3.425,3.387,3.424,106243.66,1750852799999,361999.5569,1876
DOTUSDT,1750852800000,3.424,3.425,3.403,3.415,151451.53,1750856399999,516905.0994,2362
DOTUSDT,1750856400000,3.414,3.465,3.411,3.449,351193.0,1750859999999,1208595.60322,3075
DOTUSDT,1750860000000,3.449,3.449,3.377,3.411,360838.34,1750863599999,1228173.43945,3975
DOTUSDT,1750863600000,3.41,3.41,3.351,3.362,397740.56,1750867199999,1342685.0142,3399
DOTUSDT,1750867200000,3.362,3.384,3.346,3.357,200485.33,1750870799999,674886.63303,2073
DOTUSDT,1750870800000,3.358,3.409,3.354,3.39,175341.86,1750874399999,593611.3641,2034
DOTUSDT,1750874400000,3.389,3.397,3.375,3.387,89176.7,1750877999999,302133.91037,1352
DOTUSDT,1750878000000,3.386,3.414,3.386,3.396,123071.08,1750881599999,418512.92666,1631
DOTUSDT,1750881600000,3.395,3.41,3.385,3.405,70940.08,1750885199999,241057.05568,1147
DOTUSDT,1750885200000,3.405,3.417,3.372,3.382,157994.27,1750888799999,536029.0866,1585
DOTUSDT,1750888800000,3.38,3.38,3.349,3.359,105564.93,1750892399999,354778.39073,1298
DOTUSDT,1750892400000,3.358,3.36,3.341,3.352,98287.58,1750895999999,329481.88001,1372
DOTUSDT,1750896000000,3.352,3.373,3.343,3.355,89625.86,1750899599999,300838.36708,1413
DOTUSDT,1750899600000,3.355,3.4,3.334,3.378,199504.91,1750903199999,672277.99689,2936
DOTUSDT,1750903200000,3.378,3.407,3.366,3.403,207878.11,1750906799999,704324.19405,2453
DOTUSDT,1750906800000,3.403,3.433,3.375,3.381,232639.96,1750910399999,791567.97356,2614
DOTUSDT,1750910400000,3.381,3.384,3.333,3.357,408936.4,1750913999999,1374941.68841,3095
DOTUSDT,1750914000000,3.357,3.357,3.335,3.346,97157.48,1750917599999,325108.35486,1169
DOTUSDT,1750917600000,3.345,3.366,3.34,3.364,80348.07,1750921199999,269408.56049,1136
DOTUSDT,1750921200000,3.364,3.396,3.359,3.373,305565.68,1750924799999,1033494.29834,2603
DOTUSDT,1750924800000,3.374,3.382,3.35,3.356,197292.79,1750928399999,664544.10223,1770
DOTUSDT,1750928400000,3.356,3.361,3.324,3.328,159243.28,1750931999999,531558.4991,1961
DOTUSDT,1750932000000,3.328,3.342,3.323,3.338,121108.11,1750935599999,403678.02933,1433
DOTUSDT,1750935600000,3.338,3.339,3.311,3.328,170042.45,1750939199999,565173.86402,1824
DOTUSDT,1750939200000,3.328,3.331,3.291,3.298,145368.94,1750942799999,480849.93895,2151
DOTUSDT,1750942800000,3.299,3.306,3.272,3.282,242054.2,1750946399999,796242.12942,3287
DOTUSDT,1750946400000,3.28,3.332,3.271,3.311,168907.36,1750949999999,557403.42577,2761
DOTUSDT,1750950000000,3.312,3.325,3.282,3.313,258042.38,1750953599999,853033.35853,2915
DOTUSDT,1750953600000,3.313,3.315,3.288,3.296,131168.9,1750957199999,432524.74253,1797
DOTUSDT,1750957200000,3.298,3.321,3.287,3.289,123165.48,1750960799999,406369.69974,1724
DOTUSDT,1750960800000,3.289,3.313,3.286,3.298,117436.15,1750964399999,387743.51616,1890
DOTUSDT,1750964400000,3.298,3.331,3.293,3.322,95288.31,1750967999999,316126.74828,1619
DOTUSDT,1750968000000,3.322,3.356,3.316,3.345,113939.88,1750971599999,380497.7497,2094
DOTUSDT,1750971600000,3.344,3.344,3.295,3.314,184543.17,1750975199999,612153.33668,2321
DOTUSDT,1750975200000,3.313,3.328,3.297,3.299,84561.5,1750978799999,280022.9323,1437
DOTUSDT,1750978800000,3.3,3.306,3.292,3.299,46330.41,1750982399999,152885.32505,1038
DOTUSDT,1750982400000,3.299,3.321,3.282,3.288,94159.76,1750985999999,310500.59799,1758
DOTUSDT,1750986000000,3.287,3.346,3.274,3.339,183748.3,1750989599999,609140.25086,2967
DOTUSDT,1750989600000,3.339,3.351,3.333,3.346,49752.25,1750993199999,166402.48288,1200
DOTUSDT,1750993200000,3.346,3.355,3.34,3.346,93824.91,1750996799999,314046.88211,1088
DOTUSDT,1750996800000,3.345,3.365,3.333,3.358,382262.33,1751000399999,1280398.79787,2997
DOTUSDT,1751000400000,3.357,3.378,3.31,3.311,326144.04,1751003999999,1088262.30862,3473
DOTUSDT,1751004000000,3.311,3.32,3.29,3.312,436154.13,1751007599999,1440351.12224,4338
DOTUSDT,1751007600000,3.312,3.327,3.287,3.296,121683.87,1751011199999,402168.74417,1782
DOTUSDT,1751011200000,3.295,3.332,3.294,3.323,146219.53,1751014799999,483739.18258,2009
DOTUSDT,1751014800000,3.323,3.328,3.309,3.323,105325.43,1751018399999,349495.84371,1718
DOTUSDT,1751018400000,3.324,3.325,3.304,3.306,77362.18,1751021999999,256185.5379,1255
DOTUSDT,1751022000000,3.307,3.319,3.302,3.311,57174.95,1751025599999,189252.55185,1157
DOTUSDT,1751025600000,3.311,3.327,3.294,3.296,118629.91,1751029199999,392537.68561,1780
DOTUSDT,1751029200000,3.297,3.33,3.293,3.323,259884.05,1751032799999,861051.76273,2806
DOTUSDT,1751032800000,3.324,3.343,3.314,3.326,155988.5,1751036399999,519273.27557,2281
DOTUSDT,1751036400000,3.325,3.362,3.317,3.356,205151.33,1751039999999,685533.39361,2406
DOTUSDT,1751040000000,3.357,3.394,3.348,3.374,244029.0,1751043599999,823214.81215,3104
DOTUSDT,1751043600000,3.374,3.379,3.323,3.331,211045.72,1751047199999,706111.37971,2879
DOTUSDT,1751047200000,3.33,3.333,3.294,3.301,216387.98,1751050799999,717177.03882,2666
DOTUSDT,1751050800000,3.3,3.332,3.297,3.327,123973.45,1751054399999,411476.97595,1888
DOTUSDT,1751054400000,3.326,3.346,3.319,3.344,86591.17,1751057999999,288517.04886,1372
DOTUSDT,1751058000000,3.345,3.363,3.338,3.356,81174.25,1751061599999,271995.26903,1249
DOTUSDT,1751061600000,3.356,3.378,3.356,3.368,109098.92,1751065199999,367644.39117,1252
DOTUSDT,1751065200000,3.367,3.367,3.348,3.359,70080.55,1751068799999,235290.41279,856
DOTUSDT,1751068800000,3.36,3.369,3.353,3.356,77602.2,1751072399999,260786.10699,974
DOTUSDT,1751072400000,3.356,3.376,3.348,3.374,70046.82,1751075999999,235366.44648,1102
DOTUSDT,1751076000000,3.374,3.388,3.364,3.364,81056.18,1751079599999,273559.07798,1005
DOTUSDT,1751079600000,3.364,3.368,3.359,3.361,60808.57,1751083199999,204537.99557,721
DOTUSDT,1751083200000,3.36,3.36,3.347,3.351,87020.82,1751086799999,291905.43627,744
DOTUSDT,1751086800000,3.351,3.361,3.345,3.347,32815.26,1751090399999,109996.31556,567
DOTUSDT,1751090400000,3.347,3.357,3.339,3.349,47046.88,1751093999999,157569.30199,735
DOTUSDT,1751094000000,3.35,3.356,3.341,3.353,30808.07,1751097599999,103122.83147,729
DOTUSDT,1751097600000,3.354,3.357,3.333,3.336,48343.72,1751101199999,161586.99058,712
DOTUSDT,1751101200000,3.335,3.356,3.33,3.348,39326.71,1751104799999,131470.83196,685
DOTUSDT,1751104800000,3.348,3.361,3.343,3.353,46545.91,1751108399999,156078.22293,756
DOTUSDT,1751108400000,3.353,3.362,3.352,3.357,49942.85,1751111999999,167677.87352,684
DOTUSDT,1751112000000,3.357,3.359,3.349,3.351,61599.43,1751115599999,206601.61092,754
DOTUSDT,1751115600000,3.352,3.358,3.34,3.34,64471.44,1751119199999,215923.58552,853
DOTUSDT,1751119200000,3.341,3.357,3.34,3.353,66584.17,1751122799999,222984.55202,709
DOTUSDT,1751122800000,3.354,3.376,3.348,3.375,72184.97,1751126399999,242553.39087,1029
DOTUSDT,1751126400000,3.374,3.391,3.366,3.369,123701.27,1751129999999,418152.29441,1643
DOTUSDT,1751130000000,3.37,3.397,3.365,3.392,115865.91,1751133599999,391502.20768,1222
DOTUSDT,1751133600000,3.394,3.397,3.379,3.397,121466.69,1751137199999,411267.74458,1151
DOTUSDT,1751137200000,3.397,3.419,3.395,3.403,127275.51,1751140799999,433749.55199,1368
DOTUSDT,1751140800000,3.404,3.416,3.399,3.402,112647.2,1751144399999,383830.83776,1106
DOTUSDT,1751144400000,3.401,3.416,3.391,3.415,102895.79,1751147999999,349660.79561,871
DOTUSDT,1751148000000,3.415,3.426,3.407,3.415,74943.96,1751151599999,256076.85144,953
DOTUSDT,1751151600000,3.416,3.417,3.4,3.407,151680.31,1751155199999,516678.26453,1148
DOTUSDT,1751155200000,3.408,3.425,3.402,3.411,119809.98,1751158799999,409134.26018,1357
DOTUSDT,1751158800000,3.411,3.412,3.391,3.393,35465.0,1751162399999,120664.06081,617
DOTUSDT,1751162400000,3.392,3.397,3.384,3.392,60683.77,1751165999999,205690.62187,756
DOTUSDT,1751166000000,3.392,3.398,3.381,3.382,40794.16,1751169599999,138220.43699,616
DOTUSDT,1751169600000,3.381,3.39,3.38,3.386,34142.51,1751173199999,115542.21996,672
DOTUSDT,1751173200000,3.385,3.397,3.379,3.397,34328.83,1751176799999,116254.72956,628
DOTUSDT,1751176800000,3.396,3.411,3.395,3.409,44772.73,1751180399999,152266.02815,646
DOTUSDT,1751180400000,3.409,3.41,3.397,3.41,39931.81,1751183999999,135947.09508,613
DOTUSDT,1751184000000,3.41,3.423,3.408,3.423,72561.21,1751187599999,247896.66146,956
DOTUSDT,1751187600000,3.423,3.43,3.414,3.423,76228.16,1751191199999,260946.37283,1040
DOTUSDT,1751191200000,3.423,3.438,3.416,3.428,113169.81,1751194799999,387956.33115,1364
DOTUSDT,1751194800000,3.428,3.438,3.421,3.436,81748.24,1751198399999,280288.7383,1035
DOTUSDT,1751198400000,3.434,3.44,3.422,3.437,98507.21,1751201999999,338053.37589,1161
DOTUSDT,1751202000000,3.437,3.441,3.418,3.419,129447.87,1751205599999,443324.30454,1356
DOTUSDT,1751205600000,3.419,3.428,3.403,3.406,142112.29,1751209199999,484990.37289,1408
DOTUSDT,1751209200000,3.406,3.41,3.393,3.401,86780.28,1751212799999,295231.54811,1287
DOTUSDT,1751212800000,3.401,3.419,3.397,3.419,102421.07,1751216399999,348830.79462,1087
DOTUSDT,1751216400000,3.419,3.423,3.404,3.422,60654.5,1751219999999,207024.64878,902
DOTUSDT,1751220000000,3.423,3.439,3.418,3.434,69483.27,1751223599999,238102.95696,921
DOTUSDT,1751223600000,3.434,3.439,3.424,3.432,96492.6,1751227199999,331181.34802,968
DOTUSDT,1751227200000,3.432,3.436,3.418,3.418,81913.83,1751230799999,280782.36167,815
DOTUSDT,1751230800000,3.418,3.442,3.402,3.442,112549.07,1751234399999,385311.42409,1510
DOTUSDT,1751234400000,3.443,3.579,3.443,3.567,774263.5,1751237999999,2731874.06657,11595
DOTUSDT,1751238000000,3.568,3.582,3.541,3.541,292571.98,1751241599999,1042203.47376,3948
DOTUSDT,1751241600000,3.542,3.56,3.532,3.541,252072.9,1751245199999,893800.53611,3628
DOTUSDT,1751245200000,3.54,3.541,3.507,3.51,143485.01,1751248799999,505079.82166,2051
DOTUSDT,1751248800000,3.51,3.512,3.485,3.487,132410.23,1751252399999,463041.55627,1541
DOTUSDT,1751252400000,3.487,3.493,3.471,3.479,118604.3,1751255999999,412878.09269,1318
DOTUSDT,1751256000000,3.478,3.482,3.447,3.453,96078.54,1751259599999,332729.2395,1425
DOTUSDT,1751259600000,3.453,3.462,3.447,3.46,68054.63,1751263199999,235135.03153,1009
DOTUSDT,1751263200000,3.46,3.467,3.413,3.431,176913.5,1751266799999,608424.89754,2197
DOTUSDT,1751266800000,3.431,3.464,3.422,3.459,95499.84,1751270399999,329504.10904,1379
DOTUSDT,1751270400000,3.459,3.465,3.427,3.429,95361.07,1751273999999,328101.90152,1564
DOTUSDT,1751274000000,3.429,3.44,3.415,3.417,92528.88,1751277599999,317178.14237,1420
DOTUSDT,1751277600000,3.416,3.423,3.411,3.415,87138.02,1751281199999,297665.28997,1076
DOTUSDT,1751281200000,3.415,3.436,3.41,3.42,146287.17,1751284799999,500819.39492,1781
DOTUSDT,1751284800000,3.42,3.431,3.391,3.403,205202.38,1751288399999,699202.61308,1888
DOTUSDT,1751288400000,3.402,3.426,3.396,3.402,105932.63,1751291999999,361432.35714,1674
DOTUSDT,1751292000000,3.401,3.414,3.381,3.386,262324.9,1751295599999,891266.82923,3037
DOTUSDT,1751295600000,3.388,3.457,3.352,3.396,514650.12,1751299199999,1746297.2407,6349
DOTUSDT,1751299200000,3.397,3.413,3.383,3.404,139174.1,1751302799999,472760.81703,2267
DOTUSDT,1751302800000,3.404,3.422,3.396,3.4,149611.27,1751306399999,510047.8847,2422
DOTUSDT,1751306400000,3.399,3.412,3.383,3.388,96705.54,1751309999999,328227.35285,1671
DOTUSDT,1751310000000,3.389,3.46,3.388,3.456,183061.59,1751313599999,628374.9508,2942
DOTUSDT,1751313600000,3.457,3.465,3.426,3.429,161008.49,1751317199999,554847.36175,2449
DOTUSDT,1751317200000,3.429,3.435,3.4,3.41,136130.71,1751320799999,465328.36585,2070
DOTUSDT,1751320800000,3.411,3.421,3.401,3.405,89407.23,1751324399999,304919.1132,1420
DOTUSDT,1751324400000,3.404,3.418,3.393,3.397,130026.88,1751327999999,442180.29399,1394
DOTUSDT,1751328000000,3.397,3.42,3.386,3.399,106198.99,1751331599999,361262.07435,1581
DOTUSDT,1751331600000,3.4,3.419,3.389,3.393,159022.75,1751335199999,541605.45344,1730
DOTUSDT,1751335200000,3.392,3.408,3.378,3.38,77977.82,1751338799999,264545.03277,1287
DOTUSDT,1751338800000,3.381,3.39,3.373,3.385,63924.87,1751342399999,216230.6096,982
DOTUSDT,1751342400000,3.383,3.383,3.338,3.341,221387.96,1751345999999,743017.1728,2301
DOTUSDT,1751346000000,3.342,3.348,3.327,3.338,117172.45,1751349599999,390898.81711,1594
DOTUSDT,1751349600000,3.338,3.344,3.326,3.337,88539.64,1751353199999,295336.93991,1116
DOTUSDT,1751353200000,3.338,3.36,3.314,3.355,153319.04,1751356799999,511235.09894,1743
DOTUSDT,1751356800000,3.354,3.354,3.328,3.332,92264.97,1751360399999,308131.05918,1120
DOTUSDT,1751360400000,3.332,3.341,3.325,3.337,175357.84,1751363999999,584345.55957,1586
DOTUSDT,1751364000000,3.337,3.354,3.323,3.336,164489.94,1751367599999,548728.99728,1725
DOTUSDT,1751367600000,3.335,3.339,3.322,3.335,118290.73,1751371199999,394166.29158,1247
DOTUSDT,1751371200000,3.336,3.34,3.324,3.328,123057.16,1751374799999,409821.12928,1659
DOTUSDT,1751374800000,3.328,3.347,3.308,3.344,215325.97,1751378399999,716072.57705,2601
DOTUSDT,1751378400000,3.343,3.362,3.321,3.349,272561.84,1751381999999,910885.48543,3423
DOTUSDT,1751382000000,3.348,3.356,3.324,3.331,211479.69,1751385599999,706500.07281,1872
DOTUSDT,1751385600000,3.332,3.349,3.327,3.335,91700.29,1751389199999,305980.63707,1176
DOTUSDT,1751389200000,3.336,3.337,3.317,3.328,73225.67,1751392799999,243570.02767,1134
DOTUSDT,1751392800000,3.328,3.328,3.286,3.293,178968.12,1751396399999,591675.18914,2114
DOTUSDT,1751396400000,3.292,3.306,3.281,3.283,178066.09,1751399999999,586453.26582,2008
DOTUSDT,1751400000000,3.282,3.299,3.264,3.287,265824.14,1751403599999,872281.69793,2315
DOTUSDT,1751403600000,3.286,3.301,3.27,3.289,85847.17,1751407199999,281862.6332,1201
DOTUSDT,1751407200000,3.287,3.298,3.273,3.278,86771.75,1751410799999,285177.79275,1219
DOTUSDT,1751410800000,3.277,3.284,3.256,3.281,114582.9,1751414399999,374598.39634,1438
DOTUSDT,1751414400000,3.28,3.284,3.264,3.268,120586.92,1751417999999,394723.04516,1387
DOTUSDT,1751418000000,3.269,3.296,3.241,3.289,212903.51,1751421599999,696118.00405,2328
DOTUSDT,1751421600000,3.29,3.296,3.276,3.286,69950.51,1751425199999,229868.23656,1229
DOTUSDT,1751425200000,3.287,3.315,3.286,3.301,90433.72,1751428799999,298639.65938,1277
DOTUSDT,1751428800000,3.301,3.331,3.296,3.33,84139.5,1751432399999,278565.9383,1089
DOTUSDT,1751432400000,3.33,3.34,3.324,3.334,97899.32,1751435999999,326237.36324,1182
DOTUSDT,1751436000000,3.335,3.34,3.322,3.337,168259.8,1751439599999,560830.78627,1450
DOTUSDT,1751439600000,3.337,3.339,3.312,3.314,80106.86,1751443199999,266316.57904,1186
DOTUSDT,1751443200000,3.315,3.321,3.302,3.307,174754.49,1751446799999,578329.88443,1757
DOTUSDT,1751446800000,3.308,3.314,3.301,3.305,84554.93,1751450399999,279566.26962,985
DOTUSDT,1751450400000,3.305,3.324,3.295,3.321,91395.92,1751453999999,302706.60338,1055
DOTUSDT,1751454000000,3.321,3.337,3.317,3.325,111927.9,1751457599999,372461.81785,1376
DOTUSDT,1751457600000,3.326,3.33,3.317,3.33,92964.34,1751461199999,309068.90665,1248
DOTUSDT,1751461200000,3.329,3.363,3.327,3.355,134562.16,1751464799999,450381.96163,2055
DOTUSDT,1751464800000,3.356,3.393,3.352,3.393,200270.2,1751468399999,675771.51397,2654
DOTUSDT,1751468400000,3.393,3.433,3.381,3.432,653793.01,1751471999999,2229234.83622,4732
DOTUSDT,1751472000000,3.433,3.563,3.433,3.552,1521892.0,1751475599999,5345306.66965,16486
DOTUSDT,1751475600000,3.553,3.589,3.52,3.56,1048701.05,1751479199999,3733880.91417,10927
DOTUSDT,1751479200000,3.562,3.59,3.562,3.577,493311.94,1751482799999,1764038.52236,4830
DOTUSDT,1751482800000,3.577,3.585,3.557,3.579,279877.08,1751486399999,999738.6827,3411
DOTUSDT,1751486400000,3.581,3.609,3.569,3.583,397478.09,1751489999999,1425898.95698,4891
DOTUSDT,1751490000000,3.583,3.614,3.577,3.605,310523.3,1751493599999,1116245.75408,3167
DOTUSDT,1751493600000,3.606,3.625,3.59,3.594,222906.59,1751497199999,804386.16629,2692
DOTUSDT,1751497200000,3.592,3.595,3.539,3.545,196715.84,1751500799999,700922.98809,2741
DOTUSDT,1751500800000,3.545,3.564,3.534,3.548,139198.11,1751504399999,494029.52507,2259
DOTUSDT,1751504400000,3.549,3.571,3.538,3.567,181298.09,1751507999999,644407.6051,2269
DOTUSDT,1751508000000,3.568,3.571,3.531,3.553,124098.01,1751511599999,440218.16545,1768
DOTUSDT,1751511600000,3.553,3.559,3.533,3.535,115759.88,1751515199999,410450.07436,1551
DOTUSDT,1751515200000,3.535,3.564,3.532,3.564,78379.32,1751518799999,278287.63613,1463
DOTUSDT,1751518800000,3.564,3.619,3.562,3.614,282200.94,1751522399999,1014787.10365,3894
DOTUSDT,1751522400000,3.614,3.651,3.602,3.638,328383.75,1751525999999,1191721.30463,3618
DOTUSDT,1751526000000,3.638,3.665,3.624,3.654,281960.36,1751529599999,1028790.63694,3423
DOTUSDT,1751529600000,3.655,3.66,3.619,3.62,351355.23,1751533199999,1277639.86806,3119
DOTUSDT,1751533200000,3.621,3.645,3.62,3.633,239646.0,1751536799999,870887.47133,2608
DOTUSDT,1751536800000,3.634,3.636,3.594,3.606,298372.53,1751540399999,1077451.98308,2946
DOTUSDT,1751540400000,3.606,3.607,3.58,3.59,110853.79,1751543999999,398179.07551,1553
DOTUSDT,1751544000000,3.589,3.623,3.541,3.578,418066.84,1751547599999,1496095.68142,5499
DOTUSDT,1751547600000,3.576,3.625,3.563,3.609,1026610.42,1751551199999,3690143.64105,7436
DOTUSDT,1751551200000,3.609,3.627,3.557,3.563,465948.69,1751554799999,1673888.12938,4330
DOTUSDT,1751554800000,3.563,3.573,3.499,3.506,505455.84,1751558399999,1783214.14875,4795
DOTUSDT,1751558400000,3.507,3.537,3.504,3.525,178329.48,1751561999999,628121.19963,2561
DOTUSDT,1751562000000,3.525,3.544,3.525,3.544,114563.6,1751565599999,405062.29623,1310
DOTUSDT,1751565600000,3.544,3.552,3.529,3.535,82474.7,1751569199999,292122.67384,1210
DOTUSDT,1751569200000,3.536,3.552,3.534,3.546,109199.39,1751572799999,387060.48733,1142
DOTUSDT,1751572800000,3.547,3.563,3.545,3.56,90343.31,1751576399999,321244.91337,1107
DOTUSDT,1751576400000,3.56,3.567,3.541,3.551,94728.98,1751579999999,336500.64971,1253
DOTUSDT,1751580000000,3.551,3.555,3.542,3.552,51620.66,1751583599999,183161.62805,875
DOTUSDT,1751583600000,3.551,3.551,3.531,3.539,51012.8,1751587199999,180472.94718,784
DOTUSDT,1751587200000,3.539,3.556,3.529,3.546,95485.14,1751590799999,337989.43256,1156
DOTUSDT,1751590800000,3.544,3.561,3.539,3.541,50227.81,1751594399999,178337.87023,860
DOTUSDT,1751594400000,3.54,3.54,3.504,3.509,438863.72,1751597999999,1546925.89274,3332
DOTUSDT,1751598000000,3.509,3.526,3.506,3.517,65599.48,1751601599999,230812.9513,925
DOTUSDT,1751601600000,3.517,3.526,3.491,3.491,232074.15,1751605199999,813099.02106,1542
DOTUSDT,1751605200000,3.492,3.512,3.489,3.495,68426.25,1751608799999,239446.98733,1086
DOTUSDT,1751608800000,3.495,3.495,3.47,3.48,156131.73,1751612399999,543540.92589,1888
DOTUSDT,1751612400000,3.48,3.486,3.444,3.446,360347.42,1751615999999,1245892.20871,3310
DOTUSDT,1751616000000,3.446,3.464,3.412,3.451,394083.25,1751619599999,1355420.91115,4008
DOTUSDT,1751619600000,3.45,3.46,3.442,3.448,144904.27,1751623199999,500130.05644,1527
DOTUSDT,1751623200000,3.447,3.454,3.428,3.432,94601.2,1751626799999,325379.0981,1055
DOTUSDT,1751626800000,3.432,3.446,3.425,3.438,199180.3,1751630399999,684178.96739,1671
DOTUSDT,1751630400000,3.436,3.444,3.422,3.429,142283.97,1751633999999,488806.49766,1394
DOTUSDT,1751634000000,3.428,3.437,3.396,3.401,293143.66,1751637599999,1000508.53963,3186
DOTUSDT,1751637600000,3.401,3.404,3.363,3.383,442316.04,1751641199999,1497227.08226,4924
DOTUSDT,1751641200000,3.382,3.385,3.35,3.352,269590.15,1751644799999,906203.68182,2647
DOTUSDT,1751644800000,3.352,3.356,3.313,3.336,555442.68,1751648399999,1853314.50801,5085
DOTUSDT,1751648400000,3.336,3.341,3.317,3.336,245375.64,1751651999999,817172.90885,2681
DOTUSDT,1751652000000,3.336,3.344,3.318,3.337,132423.38,1751655599999,441257.28729,1736
DOTUSDT,1751655600000,3.337,3.349,3.325,3.329,110275.68,1751659199999,368029.22498,1386
DOTUSDT,1751659200000,3.329,3.395,3.324,3.344,800318.98,1751662799999,2687726.86842,6307
DOTUSDT,1751662800000,3.345,3.357,3.335,3.354,148113.56,1751666399999,495485.39601,1336
DOTUSDT,1751666400000,3.354,3.374,3.349,3.374,114879.51,1751669999999,386728.4711,1363
DOTUSDT,1751670000000,3.374,3.375,3.351,3.358,105184.4,1751673599999,353376.06584,1172
DOTUSDT,1751673600000,3.358,3.384,3.357,3.382,189171.39,1751677199999,638024.86367,1799
DOTUSDT,1751677200000,3.382,3.382,3.351,3.36,84730.63,1751680799999,285030.68441,1083
DOTUSDT,1751680800000,3.36,3.368,3.336,3.361,120664.04,1751684399999,404751.62984,1358
DOTUSDT,1751684400000,3.362,3.375,3.362,3.368,73666.1,1751687999999,248184.44716,871
DOTUSDT,1751688000000,3.369,3.376,3.349,3.35,91778.3,1751691599999,308675.77806,1059
DOTUSDT,1751691600000,3.349,3.372,3.345,3.371,60322.27,1751695199999,202526.60064,747
DOTUSDT,1751695200000,3.371,3.388,3.364,3.388,100143.87,1751698799999,338266.95883,1182
DOTUSDT,1751698800000,3.387,3.39,3.368,3.373,89177.55,1751702399999,301267.19584,1047
DOTUSDT,1751702400000,3.373,3.383,3.355,3.364,92188.51,1751705999999,310566.80037,1155
DOTUSDT,1751706000000,3.363,3.365,3.345,3.364,88008.86,1751709599999,295193.85366,1307
DOTUSDT,1751709600000,3.363,3.373,3.357,3.358,79630.53,1751713199999,268127.17933,917
DOTUSDT,1751713200000,3.359,3.378,3.359,3.364,81248.55,1751716799999,273829.28644,809
DOTUSDT,1751716800000,3.364,3.366,3.342,3.359,109216.46,1751720399999,366328.35299,1387
DOTUSDT,1751720400000,3.359,3.363,3.346,3.346,47594.88,1751723999999,159583.60885,850
DOTUSDT,1751724000000,3.347,3.354,3.338,3.352,100645.35,1751727599999,336804.49207,1243
DOTUSDT,1751727600000,3.352,3.357,3.339,3.346,120950.89,1751731199999,405317.33027,1190
DOTUSDT,1751731200000,3.345,3.35,3.325,3.345,206654.16,1751734799999,689738.92716,1979
DOTUSDT,1751734800000,3.345,3.351,3.325,3.338,84456.33,1751738399999,281668.36346,1131
DOTUSDT,1751738400000,3.338,3.338,3.308,3.312,123683.68,1751741999999,410337.41959,1852
DOTUSDT,1751742000000,3.313,3.34,3.309,3.339,52142.67,1751745599999,173424.67786,778
DOTUSDT,1751745600000,3.338,3.348,3.33,3.348,81543.5,1751749199999,272177.53875,832
DOTUSDT,1751749200000,3.348,3.358,3.342,3.351,53853.61,1751752799999,180414.17459,727
DOTUSDT,1751752800000,3.35,3.359,3.342,3.358,44169.51,1751756399999,147922.87979,653
DOTUSDT,1751756400000,3.359,3.363,3.35,3.356,61863.43,1751759999999,207662.06873,653
DOTUSDT,1751760000000,3.356,3.359,3.348,3.357,52831.1,1751763599999,177212.70409,650
DOTUSDT,1751763600000,3.356,3.358,3.343,3.35,60057.73,1751767199999,201100.51545,696
DOTUSDT,1751767200000,3.35,3.353,3.338,3.338,63287.2,1751770799999,211722.98485,607
DOTUSDT,1751770800000,3.338,3.346,3.337,3.344,31314.94,1751774399999,104603.13849,562
DOTUSDT,1751774400000,3.344,3.353,3.342,3.343,35077.52,1751777999999,117416.04885,550
DOTUSDT,1751778000000,3.342,3.344,3.328,3.33,88293.8,1751781599999,294340.32481,788
DOTUSDT,1751781600000,3.331,3.349,3.328,3.346,102629.03,1751785199999,342565.36209,819
DOTUSDT,1751785200000,3.347,3.357,3.344,3.347,34006.17,1751788799999,113896.60127,562
DOTUSDT,1751788800000,3.348,3.364,3.337,3.355,86875.02,1751792399999,291140.82622,1272
DOTUSDT,1751792400000,3.355,3.36,3.344,3.344,77573.16,1751795999999,260100.27216,859
DOTUSDT,1751796000000,3.344,3.361,3.341,3.355,88821.93,1751799599999,297793.33225,954
DOTUSDT,1751799600000,3.354,3.371,3.351,3.369,72675.54,1751803199999,244181.6801,917
DOTUSDT,1751803200000,3.37,3.378,3.347,3.377,143825.21,1751806799999,484119.14497,1490
DOTUSDT,1751806800000,3.378,3.423,3.369,3.409,616913.69,1751810399999,2092789.84297,3828
DOTUSDT,1751810400000,3.41,3.416,3.378,3.395,236968.75,1751813999999,804570.32143,2456
DOTUSDT,1751814000000,3.396,3.398,3.381,3.389,177719.07,1751817599999,602326.52357,1675
DOTUSDT,1751817600000,3.39,3.403,3.383,3.403,222835.87,1751821199999,755658.94154,2087
DOTUSDT,1751821200000,3.404,3.407,3.384,3.4,96724.5,1751824799999,328478.47521,1127
DOTUSDT,1751824800000,3.4,3.402,3.369,3.385,148368.32,1751828399999,502200.37941,1574
DOTUSDT,1751828400000,3.386,3.395,3.379,3.391,69655.15,1751831999999,235886.78343,859
DOTUSDT,1751832000000,3.392,3.405,3.359,3.38,567511.27,1751835599999,1922001.9502,4859
DOTUSDT,1751835600000,3.38,3.44,3.38,3.419,281886.48,1751839199999,963810.81267,3667
DOTUSDT,1751839200000,3.42,3.448,3.416,3.418,213728.49,1751842799999,733472.7841,2596
DOTUSDT,1751842800000,3.418,3.422,3.386,3.395,201430.69,1751846399999,685099.12426,2003
DOTUSDT,1751846400000,3.395,3.401,3.381,3.391,68876.55,1751849999999,233468.32361,1136
DOTUSDT,1751850000000,3.39,3.397,3.378,3.394,58916.44,1751853599999,199583.35489,859
DOTUSDT,1751853600000,3.394,3.427,3.394,3.419,90037.61,1751857199999,307412.06635,1180
DOTUSDT,1751857200000,3.419,3.437,3.412,3.414,96813.87,1751860799999,331389.50609,1340
DOTUSDT,1751860800000,3.415,3.428,3.409,3.41,94919.52,1751864399999,324368.35993,1003
DOTUSDT,1751864400000,3.41,3.416,3.4,3.404,71543.53,1751867999999,243775.01317,969
DOTUSDT,1751868000000,3.404,3.407,3.387,3.389,82292.84,1751871599999,279430.68941,886
DOTUSDT,1751871600000,3.389,3.411,3.38,3.41,117039.49,1751875199999,397444.47703,1189
DOTUSDT,1751875200000,3.41,3.416,3.403,3.409,80716.85,1751878799999,275126.02076,960
DOTUSDT,1751878800000,3.41,3.412,3.389,3.393,79994.92,1751882399999,271656.86578,903
DOTUSDT,1751882400000,3.393,3.393,3.382,3.382,81252.55,1751885999999,275148.2438,1076
DOTUSDT,1751886000000,3.383,3.393,3.373,3.383,86417.12,1751889599999,292444.36218,1127
DOTUSDT,1751889600000,3.383,3.386,3.365,3.377,139315.49,1751893199999,469995.45845,1574
DOTUSDT,1751893200000,3.376,3.419,3.373,3.418,157541.01,1751896799999,533865.20305,2157
DOTUSDT,1751896800000,3.418,3.427,3.374,3.382,225190.03,1751900399999,766046.00299,2985
DOTUSDT,1751900400000,3.382,3.404,3.382,3.393,123998.7,1751903999999,420534.96644,1544
DOTUSDT,1751904000000,3.393,3.405,3.368,3.376,230570.36,1751907599999,781033.1668,2776
DOTUSDT,1751907600000,3.376,3.398,3.37,3.378,116603.65,1751911199999,394083.62158,1546
DOTUSDT,1751911200000,3.378,3.383,3.347,3.369,181934.89,1751914799999,611262.69058,2052
DOTUSDT,1751914800000,3.368,3.395,3.366,3.382,138917.68,1751918399999,469649.70481,1505
DOTUSDT,1751918400000,3.382,3.382,3.346,3.353,122474.67,1751921999999,411854.23299,1721
DOTUSDT,1751922000000,3.353,3.366,3.323,3.357,247838.37,1751925599999,829275.20909,2412
DOTUSDT,1751925600000,3.357,3.363,3.341,3.35,73556.02,1751929199999,246423.60987,1031
DOTUSDT,1751929200000,3.35,3.372,3.349,3.369,86915.62,1751932799999,292055.31977,901
DOTUSDT,1751932800000,3.369,3.387,3.359,3.365,228793.9,1751936399999,771107.34966,2611
DOTUSDT,1751936400000,3.364,3.364,3.339,3.342,109837.79,1751939999999,367976.41295,1246
DOTUSDT,1751940000000,3.341,3.357,3.334,3.338,173852.96,1751943599999,581249.26692,1855
DOTUSDT,1751943600000,3.337,3.355,3.337,3.348,48658.92,1751947199999,162970.10593,637
DOTUSDT,1751947200000,3.348,3.35,3.332,3.35,109665.48,1751950799999,366552.84742,1011
DOTUSDT,1751950800000,3.35,3.356,3.342,3.355,49631.86,1751954399999,166280.27953,978
DOTUSDT,1751954400000,3.355,3.356,3.342,3.349,140275.89,1751957999999,469774.19439,1106
DOTUSDT,1751958000000,3.348,3.357,3.336,3.356,67435.96,1751961599999,225490.90831,894
DOTUSDT,1751961600000,3.356,3.358,3.327,3.331,92100.4,1751965199999,307867.81013,1239
DOTUSDT,1751965200000,3.331,3.345,3.329,3.34,85599.44,1751968799999,285861.00916,1215
DOTUSDT,1751968800000,3.34,3.377,3.338,3.376,232204.04,1751972399999,778897.13944,2507
DOTUSDT,1751972400000,3.376,3.4,3.373,3.384,247001.24,1751975999999,836927.65226,2174
DOTUSDT,1751976000000,3.384,3.406,3.379,3.404,94727.19,1751979599999,321239.16621,1227
DOTUSDT,1751979600000,3.405,3.416,3.386,3.406,130139.84,1751983199999,442863.47761,2000
DOTUSDT,1751983200000,3.407,3.411,3.366,3.372,151300.98,1751986799999,512212.39532,2292
DOTUSDT,1751986800000,3.373,3.381,3.365,3.372,106577.66,1751990399999,359422.33238,1458
DOTUSDT,1751990400000,3.373,3.396,3.361,3.396,101344.05,1751993999999,342673.77797,1385
DOTUSDT,1751994000000,3.396,3.466,3.396,3.453,341676.65,1751997599999,1174385.91984,4495
DOTUSDT,1751997600000,3.454,3.468,3.446,3.465,143639.71,1752001199999,496419.09651,1787
DOTUSDT,1752001200000,3.466,3.468,3.429,3.439,229142.7,1752004799999,790013.05658,2024
DOTUSDT,1752004800000,3.439,3.451,3.429,3.433,80379.0,1752008399999,276525.16908,1186
DOTUSDT,1752008400000,3.433,3.469,3.433,3.464,133945.44,1752011999999,463200.75435,1660
DOTUSDT,1752012000000,3.464,3.477,3.45,3.451,69758.59,1752015599999,241389.6988,1163
DOTUSDT,1752015600000,3.451,3.453,3.438,3.448,70815.88,1752019199999,244029.00531,1041
DOTUSDT,1752019200000,3.448,3.453,3.431,3.439,70350.8,1752022799999,242032.67218,1075
DOTUSDT,1752022800000,3.437,3.455,3.418,3.427,84061.41,1752026399999,288424.871,1394
DOTUSDT,1752026400000,3.426,3.434,3.42,3.427,67336.01,1752029999999,230688.35527,918
DOTUSDT,1752030000000,3.427,3.436,3.417,3.419,44764.09,1752033599999,153265.89847,773
DOTUSDT,1752033600000,3.419,3.444,3.417,3.444,53202.34,1752037199999,182553.97245,773
DOTUSDT,1752037200000,3.445,3.485,3.435,3.474,210272.11,1752040799999,727901.59048,2861
DOTUSDT,1752040800000,3.474,3.483,3.463,3.482,95107.61,1752044399999,330342.60824,1469
DOTUSDT,1752044400000,3.482,3.487,3.47,3.483,104387.82,1752047999999,363052.85848,1343
DOTUSDT,1752048000000,3.484,3.499,3.474,3.491,122962.69,1752051599999,428688.5486,1804
DOTUSDT,1752051600000,3.491,3.494,3.476,3.481,70956.48,1752055199999,247164.96056,1023
DOTUSDT,1752055200000,3.48,3.506,3.472,3.504,223291.48,1752058799999,779741.85706,2132
DOTUSDT,1752058800000,3.504,3.529,3.503,3.522,195059.59,1752062399999,685522.86647,2233
DOTUSDT,1752062400000,3.522,3.553,3.52,3.546,335496.11,1752065999999,1188253.38922,3573
DOTUSDT,1752066000000,3.546,3.565,3.532,3.539,328692.89,1752069599999,1167422.24814,3437
DOTUSDT,1752069600000,3.538,3.548,3.491,3.511,426200.96,1752073199999,1498564.46493,4638
DOTUSDT,1752073200000,3.511,3.53,3.503,3.522,164312.28,1752076799999,578378.97167,1949
DOTUSDT,1752076800000,3.523,3.546,3.523,3.538,145180.91,1752080399999,513276.28955,2014
DOTUSDT,1752080400000,3.538,3.538,3.5,3.51,503881.68,1752083999999,1768426.74882,3403
DOTUSDT,1752084000000,3.51,3.557,3.509,3.541,307186.49,1752087599999,1086795.67986,3057
DOTUSDT,1752087600000,3.541,3.635,3.539,3.624,610277.65,1752091199999,2195774.84484,6654
DOTUSDT,1752091200000,3.623,3.638,3.586,3.619,605429.49,1752094799999,2186944.30268,7078
DOTUSDT,1752094800000,3.618,3.659,3.614,3.635,465601.36,1752098399999,1693602.13081,4438
DOTUSDT,1752098400000,3.634,3.658,3.634,3.65,255663.51,1752101999999,931945.3241,2392
DOTUSDT,1752102000000,3.65,3.65,3.612,3.62,155754.1,1752105599999,564873.43492,1781
DOTUSDT,1752105600000,3.62,3.633,3.59,3.592,195539.98,1752109199999,705439.39256,2334
DOTUSDT,1752109200000,3.592,3.623,3.592,3.614,170741.17,1752112799999,616893.78741,1681
DOTUSDT,1752112800000,3.614,3.644,3.614,3.641,214121.36,1752116399999,777391.25391,1940
DOTUSDT,1752116400000,3.641,3.65,3.633,3.642,76222.31,1752119999999,277556.06614,1242
DOTUSDT,1752120000000,3.641,3.653,3.624,3.65,129490.68,1752123599999,471361.68278,1590
DOTUSDT,1752123600000,3.652,3.656,3.635,3.64,159042.6,1752127199999,579828.02334,1835
DOTUSDT,1752127200000,3.641,3.662,3.631,3.66,204562.86,1752130799999,746287.43869,2146
DOTUSDT,1752130800000,3.661,3.684,3.655,3.661,422158.8,1752134399999,1549400.04932,3906
DOTUSDT,1752134400000,3.66,3.674,3.648,3.671,154684.13,1752137999999,566184.50305,1966
DOTUSDT,1752138000000,3.672,3.684,3.663,3.673,263035.33,1752141599999,967079.67619,2640
DOTUSDT,1752141600000,3.672,3.699,3.658,3.698,247982.72,1752145199999,911683.39381,2952
DOTUSDT,1752145200000,3.697,3.697,3.668,3.67,184628.74,1752148799999,679256.56458,2066
DOTUSDT,1752148800000,3.67,3.671,3.63,3.654,461831.64,1752152399999,1683617.1589,3662
DOTUSDT,1752152400000,3.654,3.685,3.642,3.65,336056.63,1752155999999,1231026.97384,3615
DOTUSDT,1752156000000,3.65,3.657,3.617,3.645,273090.16,1752159599999,992903.18183,3666
DOTUSDT,1752159600000,3.644,3.644,3.617,3.629,236737.43,1752163199999,859164.873,2367
DOTUSDT,1752163200000,3.63,3.696,3.623,3.691,403705.07,1752166799999,1481709.24996,4875
DOTUSDT,1752166800000,3.691,3.751,3.68,3.746,518090.36,1752170399999,1924794.08779,5863
DOTUSDT,1752170400000,3.747,3.758,3.703,3.722,457773.78,1752173999999,1708095.99383,5060
DOTUSDT,1752174000000,3.722,3.739,3.703,3.714,371389.33,1752177599999,1380817.0585,3402
DOTUSDT,1752177600000,3.713,3.744,3.712,3.74,200248.82,1752181199999,746699.51858,2315
DOTUSDT,1752181200000,3.739,3.856,3.732,3.837,1149045.13,1752184799999,4377945.10661,14037
DOTUSDT,1752184800000,3.837,3.883,3.837,3.877,487611.28,1752188399999,1881216.22554,6130
DOTUSDT,1752188400000,3.878,3.893,3.855,3.881,385142.07,1752191999999,1493249.54953,4513
DOTUSDT,1752192000000,3.882,3.887,3.81,3.843,413497.79,1752195599999,1588501.5005,5401
DOTUSDT,1752195600000,3.844,3.906,3.841,3.906,385490.62,1752199199999,1493807.64578,4292
DOTUSDT,1752199200000,3.905,3.933,3.888,3.923,336897.89,1752202799999,1318034.52226,4150
DOTUSDT,1752202800000,3.923,3.928,3.904,3.916,222614.44,1752206399999,871712.49151,2693
DOTUSDT,1752206400000,3.917,3.958,3.895,3.956,467753.08,1752209999999,1834942.75177,4684
DOTUSDT,1752210000000,3.955,4.016,3.951,3.979,618064.75,1752213599999,2461730.50457,6919
DOTUSDT,1752213600000,3.978,4.004,3.908,3.919,772008.69,1752217199999,3051334.38589,7249
DOTUSDT,1752217200000,3.918,3.942,3.89,3.909,609089.97,1752220799999,2387337.66054,6124
DOTUSDT,1752220800000,3.909,3.954,3.909,3.954,415813.44,1752224399999,1634914.7832,3411
DOTUSDT,1752224400000,3.955,3.998,3.944,3.979,388010.01,1752227999999,1542420.05212,3993
DOTUSDT,1752228000000,3.98,3.999,3.959,3.967,347727.69,1752231599999,1384123.55286,4069
DOTUSDT,1752231600000,3.968,3.971,3.926,3.936,559977.56,1752235199999,2208915.3771,5065
DOTUSDT,1752235200000,3.937,4.002,3.933,3.996,255757.69,1752238799999,1013859.88582,3378
DOTUSDT,1752238800000,3.996,4.061,3.964,4.045,789257.56,1752242399999,3167191.0371,11257
DOTUSDT,1752242400000,4.045,4.087,4.011,4.06,749025.68,1752245999999,3030109.4315,11822
DOTUSDT,1752246000000,4.06,4.11,3.96,3.975,948244.31,1752249599999,3837973.25487,16083
DOTUSDT,1752249600000,3.977,4.024,3.958,4.008,733715.71,1752253199999,2928662.67507,10402
DOTUSDT,1752253200000,4.008,4.055,4.003,4.045,318620.57,1752256799999,1283661.75587,5577
DOTUSDT,1752256800000,4.045,4.075,4.029,4.06,275771.01,1752260399999,1116036.94367,4344
DOTUSDT,1752260400000,4.06,4.084,4.032,4.076,182127.31,1752263999999,739570.58147,3541
DOTUSDT,1752264000000,4.076,4.076,3.987,3.989,257918.65,1752267599999,1041428.95028,4091
DOTUSDT,1752267600000,3.99,4.005,3.916,3.943,482096.32,1752271199999,1910855.61152,6736
DOTUSDT,1752271200000,3.944,3.954,3.828,3.896,791470.3,1752274799999,3070788.59599,10023
DOTUSDT,1752274800000,3.896,3.931,3.89,3.907,266844.84,1752278399999,1044233.0766,3782
DOTUSDT,1752278400000,3.906,3.93,3.851,3.893,289905.66,1752281999999,1126702.88428,3977
DOTUSDT,1752282000000,3.894,3.988,3.894,3.981,259491.96,1752285599999,1024428.73563,4091
DOTUSDT,1752285600000,3.98,4.011,3.97,3.973,209876.91,1752289199999,838652.62171,3535
DOTUSDT,1752289200000,3.972,4.014,3.972,4.014,179781.54,1752292799999,717989.76749,2681
DOTUSDT,1752292800000,4.014,4.065,3.932,3.94,914475.81,1752296399999,3653532.73538,11720
DOTUSDT,1752296400000,3.941,3.968,3.908,3.957,307637.32,1752299999999,1211807.79214,5387
DOTUSDT,1752300000000,3.956,4.005,3.944,4.0,192859.04,1752303599999,766736.73056,3484
DOTUSDT,1752303600000,4.0,4.02,3.971,3.988,235219.0,1752307199999,939618.17744,4105
DOTUSDT,1752307200000,3.988,4.004,3.959,3.974,179950.3,1752310799999,716548.38465,2986
DOTUSDT,1752310800000,3.973,4.024,3.966,4.013,231096.67,1752314399999,924514.76847,3234
DOTUSDT,1752314400000,4.013,4.019,3.984,4.002,204601.99,1752317999999,818283.61231,2908
DOTUSDT,1752318000000,4.003,4.014,3.982,3.989,230070.41,1752321599999,920173.44394,2946
DOTUSDT,1752321600000,3.99,4.004,3.894,3.933,498551.5,1752325199999,1969119.84267,6840
DOTUSDT,1752325200000,3.934,3.934,3.856,3.907,418552.79,1752328799999,1630561.51601,6509
DOTUSDT,1752328800000,3.908,3.93,3.87,3.875,259734.94,1752332399999,1015239.25022,3920
DOTUSDT,1752332400000,3.874,3.88,3.796,3.825,760046.97,1752335999999,2906759.49326,10878
DOTUSDT,1752336000000,3.824,3.881,3.808,3.848,271723.68,1752339599999,1047588.85837,4134
DOTUSDT,1752339600000,3.848,3.911,3.844,3.903,188404.3,1752343199999,733734.84753,2757
DOTUSDT,1752343200000,3.902,3.909,3.873,3.899,102202.51,1752346799999,398003.94777,1831
DOTUSDT,1752346800000,3.9,3.906,3.882,3.899,58204.16,1752350399999,226645.35101,1273
DOTUSDT,1752350400000,3.9,3.901,3.833,3.836,89322.66,1752353999999,345205.31945,1732
DOTUSDT,1752354000000,3.834,3.891,3.833,3.891,82381.29,1752357599999,319002.35922,1655
DOTUSDT,1752357600000,3.892,3.892,3.852,3.883,64364.13,1752361199999,249377.47237,1523
DOTUSDT,1752361200000,3.884,3.905,3.869,3.891,133955.07,1752364799999,520817.40312,2045
DOTUSDT,1752364800000,3.891,3.908,3.876,3.888,155904.98,1752368399999,607149.93324,2506
DOTUSDT,1752368400000,3.889,3.922,3.884,3.911,120123.34,1752371999999,468992.43746,2446
DOTUSDT,1752372000000,3.911,3.928,3.883,3.919,135101.79,1752375599999,527090.31911,2289
DOTUSDT,1752375600000,3.92,3.928,3.903,3.92,79056.69,1752379199999,309738.2167,1458
DOTUSDT,1752379200000,3.92,3.957,3.896,3.951,94619.87,1752382799999,371326.52721,2062
DOTUSDT,1752382800000,3.952,3.957,3.93,3.933,167993.21,1752386399999,662472.33326,2382
DOTUSDT,1752386400000,3.932,3.994,3.927,3.963,180746.83,1752389999999,717983.22977,3195
DOTUSDT,1752390000000,3.962,4.002,3.961,4.0,191573.65,1752393599999,763788.53978,2448
DOTUSDT,1752393600000,4.001,4.012,3.966,3.987,220789.17,1752397199999,881174.35377,3272
DOTUSDT,1752397200000,3.988,3.999,3.942,3.948,137063.65,1752400799999,543489.65334,2322
DOTUSDT,1752400800000,3.949,3.979,3.936,3.954,203419.4,1752404399999,805273.35575,2856
DOTUSDT,1752404400000,3.954,3.971,3.944,3.968,141992.0,1752407999999,562163.79383,2326
DOTUSDT,1752408000000,3.967,4.012,3.956,4.003,248173.59,1752411599999,989477.15116,3747
DOTUSDT,1752411600000,4.002,4.023,3.966,4.006,247999.8,1752415199999,991399.51824,3702
DOTUSDT,1752415200000,4.006,4.067,3.99,4.006,505387.33,1752418799999,2037515.06818,9160
DOTUSDT,1752418800000,4.006,4.063,3.999,4.009,321901.54,1752422399999,1297300.60924,5401
DOTUSDT,1752422400000,4.01,4.041,3.984,3.987,169225.82,1752425999999,678977.84072,4092
DOTUSDT,1752426000000,3.987,4.021,3.973,4.015,183616.72,1752429599999,734514.30696,2993
DOTUSDT,1752429600000,4.016,4.059,4.005,4.035,151612.8,1752433199999,612270.49167,3272
DOTUSDT,1752433200000,4.034,4.059,4.017,4.019,137808.83,1752436799999,556145.96547,2839
DOTUSDT,1752436800000,4.02,4.043,4.0,4.038,142139.92,1752440399999,572139.26246,2859
DOTUSDT,1752440400000,4.038,4.04,3.943,3.973,280162.62,1752443999999,1114618.53117,5830
DOTUSDT,1752444000000,3.972,3.992,3.939,3.963,154777.57,1752447599999,613504.57403,3627
DOTUSDT,1752447600000,3.962,3.993,3.953,3.984,119302.65,1752451199999,474103.22978,3031
DOTUSDT,1752451200000,3.986,4.029,3.972,4.004,160286.62,1752454799999,642276.92003,3575
DOTUSDT,1752454800000,4.005,4.056,3.993,4.051,205400.2,1752458399999,827221.29432,4641
DOTUSDT,1752458400000,4.051,4.106,4.038,4.081,286423.82,1752461999999,1166127.22428,5918
DOTUSDT,1752462000000,4.08,4.177,4.069,4.142,506975.64,1752465599999,2094707.78979,8599
DOTUSDT,1752465600000,4.141,4.196,4.138,4.192,369031.39,1752469199999,1539344.65044,7020
DOTUSDT,1752469200000,4.192,4.194,4.074,4.116,605289.1,1752472799999,2514161.48966,10313
DOTUSDT,1752472800000,4.117,4.135,4.085,4.109,312093.88,1752476399999,1283219.9298,6202
DOTUSDT,1752476400000,4.109,4.167,4.106,4.152,382154.79,1752479999999,1583593.95182,5768
DOTUSDT,1752480000000,4.153,4.154,4.083,4.122,536636.55,1752483599999,2206615.88201,7636
DOTUSDT,1752483600000,4.123,4.157,4.106,4.124,366515.72,1752487199999,1514350.84681,5947
DOTUSDT,1752487200000,4.123,4.146,4.09,4.136,321751.2,1752490799999,1324863.55602,4944
DOTUSDT,1752490800000,4.138,4.138,4.08,4.088,361735.52,1752494399999,1484810.49802,5423
DOTUSDT,1752494400000,4.087,4.105,4.07,4.092,196460.29,1752497999999,802683.15526,3724
DOTUSDT,1752498000000,4.093,4.12,4.063,4.102,293758.14,1752501599999,1201295.26959,5715
DOTUSDT,1752501600000,4.103,4.132,4.016,4.055,581366.21,1752505199999,2357797.00741,10502
DOTUSDT,1752505200000,4.055,4.055,3.967,4.004,620763.59,1752508799999,2490663.27474,10793
DOTUSDT,1752508800000,4.004,4.038,3.977,4.027,385736.35,1752512399999,1547995.20433,7082
DOTUSDT,1752512400000,4.026,4.027,3.98,4.002,198299.34,1752515999999,793946.19743,4460
DOTUSDT,1752516000000,4.002,4.003,3.946,3.952,338599.89,1752519599999,1344918.40443,4726
DOTUSDT,1752519600000,3.952,3.967,3.932,3.944,249516.09,1752523199999,984896.77386,4109
DOTUSDT,1752523200000,3.946,3.976,3.901,3.957,261670.53,1752526799999,1030020.36517,5032
DOTUSDT,1752526800000,3.955,3.975,3.948,3.959,182674.06,1752530399999,723605.05909,2847
DOTUSDT,1752530400000,3.958,3.968,3.94,3.953,132732.42,1752533999999,524369.83358,2153
DOTUSDT,1752534000000,3.953,3.959,3.928,3.95,71332.89,1752537599999,281349.18134,1645
DOTUSDT,1752537600000,3.951,3.984,3.91,3.915,218667.71,1752541199999,862479.59986,3285
DOTUSDT,1752541200000,3.914,3.931,3.87,3.897,296743.7,1752544799999,1157076.73372,5444
DOTUSDT,1752544800000,3.897,3.914,3.857,3.868,190544.92,1752548399999,739021.38224,5418
DOTUSDT,1752548400000,3.867,3.87,3.806,3.833,525822.04,1752551999999,2013042.9963,7638
DOTUSDT,1752552000000,3.832,3.877,3.8,3.865,340623.26,1752555599999,1308277.77667,4072
DOTUSDT,1752555600000,3.865,3.884,3.86,3.877,161849.04,1752559199999,626845.2908,2245
DOTUSDT,1752559200000,3.876,3.897,3.863,3.882,186036.75,1752562799999,721919.84199,3127
DOTUSDT,1752562800000,3.883,3.898,3.859,3.865,156883.45,1752566399999,608913.53849,2509
DOTUSDT,1752566400000,3.866,3.877,3.835,3.86,164556.39,1752569999999,634894.98033,2552
DOTUSDT,1752570000000,3.859,3.89,3.857,3.866,137752.89,1752573599999,533619.86026,2241
DOTUSDT,1752573600000,3.866,3.897,3.866,3.889,154510.26,1752577199999,600248.70778,2272
DOTUSDT,1752577200000,3.889,3.901,3.851,3.883,241292.35,1752580799999,934661.84199,3325
DOTUSDT,1752580800000,3.884,3.923,3.842,3.897,395065.42,1752584399999,1534209.16552,7083
DOTUSDT,1752584400000,3.898,3.961,3.894,3.941,382108.11,1752587999999,1502222.48383,7229
DOTUSDT,1752588000000,3.942,3.968,3.839,3.853,440658.83,1752591599999,1722383.15367,8599
DOTUSDT,1752591600000,3.854,3.958,3.847,3.947,387231.97,1752595199999,1512964.64635,6234
DOTUSDT,1752595200000,3.947,4.015,3.946,3.989,472549.49,1752598799999,1883015.70093,6792
DOTUSDT,1752598800000,3.988,4.092,3.972,4.091,423122.08,1752602399999,1707474.80701,6213
DOTUSDT,1752602400000,4.092,4.099,3.99,4.013,756111.15,1752605999999,3066643.60543,10240
DOTUSDT,1752606000000,4.011,4.043,3.947,3.95,395200.22,1752609599999,1576874.64619,5904
DOTUSDT,1752609600000,3.949,3.989,3.936,3.966,316640.6,1752613199999,1255831.12383,5001
DOTUSDT,1752613200000,3.967,4.043,3.964,4.04,251682.17,1752616799999,1011774.59446,3329
DOTUSDT,1752616800000,4.04,4.042,4.006,4.032,148935.01,1752620399999,599507.38075,2411
DOTUSDT,1752620400000,4.03,4.099,4.03,4.083,342477.9,1752623999999,1396201.47754,4716
DOTUSDT,1752624000000,4.082,4.12,4.057,4.114,369326.63,1752627599999,1510785.19095,4197
DOTUSDT,1752627600000,4.113,4.123,4.094,4.099,237123.69,1752631199999,974555.54792,3317
DOTUSDT,1752631200000,4.098,4.101,4.011,4.033,316008.76,1752634799999,1279007.91653,4776
DOTUSDT,1752634800000,4.033,4.055,4.027,4.043,132231.54,1752638399999,534514.75511,2379
DOTUSDT,1752638400000,4.044,4.062,4.012,4.06,131990.68,1752641999999,532755.14654,2618
DOTUSDT,1752642000000,4.061,4.084,4.059,4.069,171790.15,1752645599999,699840.7879,2689
DOTUSDT,1752645600000,4.068,4.104,4.055,4.102,191608.22,1752649199999,781960.71396,2988
DOTUSDT,1752649200000,4.102,4.144,4.095,4.126,346407.0,1752652799999,1427107.07992,4036
DOTUSDT,1752652800000,4.127,4.139,4.112,4.116,236948.55,1752656399999,977293.32025,3027
DOTUSDT,1752656400000,4.117,4.139,4.094,4.106,297201.22,1752659999999,1224379.08846,3650
DOTUSDT,1752660000000,4.107,4.126,4.092,4.095,235848.69,1752663599999,968203.88749,3054
DOTUSDT,1752663600000,4.095,4.128,4.095,4.116,189044.93,1752667199999,778106.61679,2675
DOTUSDT,1752667200000,4.118,4.144,4.105,4.11,415414.25,1752670799999,1712426.91671,4713
DOTUSDT,1752670800000,4.11,4.137,4.095,4.118,269337.62,1752674399999,1108339.06167,4840
DOTUSDT,1752674400000,4.117,4.172,4.081,4.169,695595.55,1752677999999,2877520.52808,8950
DOTUSDT,1752678000000,4.169,4.185,4.093,4.133,694532.69,1752681599999,2872075.52395,10542
DOTUSDT,1752681600000,4.133,4.187,4.112,4.186,538227.94,1752685199999,2237041.69772,6865
DOTUSDT,1752685200000,4.184,4.203,4.159,4.189,475259.79,1752688799999,1988014.05309,5326
DOTUSDT,1752688800000,4.189,4.233,4.18,4.184,577968.61,1752692399999,2431086.99618,6927
DOTUSDT,1752692400000,4.183,4.191,4.144,4.17,382512.2,1752695999999,1593234.14358,4698
DOTUSDT,1752696000000,4.171,4.238,4.171,4.205,530569.49,1752699599999,2230261.04225,6348
DOTUSDT,1752699600000,4.204,4.269,4.193,4.24,513871.99,1752703199999,2178037.69734,7094
DOTUSDT,1752703200000,4.24,4.266,4.175,4.188,437580.68,1752706799999,1848392.89692,5767
DOTUSDT,1752706800000,4.189,4.193,4.137,4.156,258392.91,1752710399999,1074865.70772,4071
DOTUSDT,1752710400000,4.156,4.215,4.153,4.164,185292.02,1752713999999,775998.68158,3972
DOTUSDT,1752714000000,4.164,4.186,4.065,4.11,752199.18,1752717599999,3106337.01962,8923
DOTUSDT,1752717600000,4.11,4.151,4.105,4.142,192323.86,1752721199999,793562.04943,3477
DOTUSDT,1752721200000,4.143,4.146,4.068,4.096,285666.86,1752724799999,1169630.50322,4747
DOTUSDT,1752724800000,4.095,4.144,4.081,4.144,177398.44,1752728399999,730616.51401,3523
DOTUSDT,1752728400000,4.144,4.176,4.121,4.176,258696.14,1752731999999,1074040.19413,3807
DOTUSDT,1752732000000,4.174,4.225,4.157,4.212,483349.31,1752735599999,2031192.69814,6225
DOTUSDT,1752735600000,4.213,4.214,4.158,4.189,307738.84,1752739199999,1287541.93078,4615
DOTUSDT,1752739200000,4.188,4.227,4.181,4.225,311828.29,1752742799999,1309934.59712,4797
DOTUSDT,1752742800000,4.226,4.277,4.216,4.254,660939.87,1752746399999,2814823.00291,7459
DOTUSDT,1752746400000,4.254,4.266,4.211,4.231,544599.16,1752749999999,2304034.10728,7225
DOTUSDT,1752750000000,4.231,4.245,4.206,4.223,240641.43,1752753599999,1017121.58046,4663
DOTUSDT,1752753600000,4.224,4.268,4.185,4.254,384435.24,1752757199999,1624113.12596,6831
DOTUSDT,1752757200000,4.253,4.267,4.14,4.2,682125.46,1752760799999,2863840.11606,10050
DOTUSDT,1752760800000,4.199,4.232,4.18,4.209,493737.45,1752764399999,2079349.01376,5851
DOTUSDT,1752764400000,4.21,4.214,4.155,4.189,361594.53,1752767999999,1514006.43779,6051
DOTUSDT,1752768000000,4.189,4.201,4.101,4.14,568441.35,1752771599999,2354815.38171,10389
DOTUSDT,1752771600000,4.139,4.195,4.121,4.189,331223.18,1752775199999,1377862.50437,5437
DOTUSDT,1752775200000,4.19,4.201,4.172,4.193,376131.79,1752778799999,1575569.73962,3672
DOTUSDT,1752778800000,4.194,4.208,4.119,4.124,426806.46,1752782399999,1781976.13543,4762
DOTUSDT,1752782400000,4.121,4.143,4.075,4.133,504002.36,1752785999999,2071820.21693,7597
DOTUSDT,1752786000000,4.134,4.227,4.133,4.209,626980.86,1752789599999,2629027.06835,9040
DOTUSDT,1752789600000,4.209,4.288,4.197,4.26,586606.44,1752793199999,2495351.00454,8010
DOTUSDT,1752793200000,4.259,4.303,4.236,4.26,527083.85,1752796799999,2257023.68288,8521
DOTUSDT,1752796800000,4.26,4.35,4.234,4.35,568665.17,1752800399999,2445595.39207,9617
DOTUSDT,1752800400000,4.35,4.424,4.339,4.414,869500.15,1752803999999,3804138.43327,11693
DOTUSDT,1752804000000,4.415,4.415,4.368,4.396,616465.33,1752807599999,2708338.1806,7496
DOTUSDT,1752807600000,4.397,4.438,4.378,4.435,414171.02,1752811199999,1828101.68727,5675
DOTUSDT,1752811200000,4.435,4.509,4.408,4.508,753076.41,1752814799999,3365106.46577,8482
DOTUSDT,1752814800000,4.507,4.624,4.487,4.617,1417874.7,1752818399999,6464600.72222,16086
DOTUSDT,1752818400000,4.616,4.617,4.511,4.561,666436.21,1752821999999,3039113.77131,9543
DOTUSDT,1752822000000,4.562,4.587,4.477,4.484,966937.46,1752825599999,4387559.03873,13228
DOTUSDT,1752825600000,4.484,4.538,4.419,4.432,1165786.87,1752829199999,5216597.74638,16311
DOTUSDT,1752829200000,4.432,4.451,4.396,4.447,778274.99,1752832799999,3440395.44137,11265
DOTUSDT,1752832800000,4.447,4.467,4.388,4.466,546263.85,1752836399999,2418451.6209,8195
DOTUSDT,1752836400000,4.466,4.483,4.378,4.425,515682.76,1752839999999,2277125.97415,8209
DOTUSDT,1752840000000,4.426,4.466,4.403,4.465,345121.07,1752843599999,1530223.81905,6140
DOTUSDT,1752843600000,4.465,4.497,4.417,4.446,658357.15,1752847199999,2934031.46086,10501
DOTUSDT,1752847200000,4.447,4.476,4.32,4.364,886780.24,1752850799999,3887407.99349,15392
DOTUSDT,1752850800000,4.363,4.371,4.252,4.294,799142.57,1752854399999,3433991.67684,13397
DOTUSDT,1752854400000,4.294,4.361,4.276,4.326,595916.29,1752857999999,2575153.14016,10563
DOTUSDT,1752858000000,4.327,4.355,4.296,4.334,250237.66,1752861599999,1082291.86043,5225
DOTUSDT,1752861600000,4.336,4.341,4.269,4.274,494244.7,1752865199999,2124798.54231,5712
DOTUSDT,1752865200000,4.273,4.291,4.223,4.256,327796.72,1752868799999,1394810.63257,6176
DOTUSDT,1752868800000,4.257,4.262,4.137,4.205,798294.45,1752872399999,3343536.20395,12684
DOTUSDT,1752872400000,4.204,4.27,4.2,4.231,321938.63,1752875999999,1366819.00331,4252
DOTUSDT,1752876000000,4.23,4.262,4.186,4.194,332587.74,1752879599999,1405674.83319,5137
DOTUSDT,1752879600000,4.195,4.232,4.16,4.227,218794.15,1752883199999,919529.66234,3907
DOTUSDT,1752883200000,4.228,4.256,4.164,4.165,242149.65,1752886799999,1022652.79365,4548
DOTUSDT,1752886800000,4.165,4.211,4.133,4.204,242055.49,1752890399999,1011057.52235,4786
DOTUSDT,1752890400000,4.205,4.246,4.175,4.24,235582.24,1752893999999,992365.94197,4334
DOTUSDT,1752894000000,4.24,4.3,4.239,4.296,251718.74,1752897599999,1075977.73691,3858
DOTUSDT,1752897600000,4.297,4.335,4.295,4.312,206640.06,1752901199999,892016.4409,4159
DOTUSDT,1752901200000,4.313,4.321,4.277,4.294,118487.26,1752904799999,508653.53148,2826
DOTUSDT,1752904800000,4.293,4.312,4.27,4.302,131785.32,1752908399999,566159.97666,2791
DOTUSDT,1752908400000,4.301,4.32,4.279,4.286,135628.87,1752911999999,583252.49074,2621
DOTUSDT,1752912000000,4.286,4.295,4.249,4.274,152036.64,1752915599999,649446.05215,3118
DOTUSDT,1752915600000,4.274,4.303,4.267,4.275,157760.37,1752919199999,676074.18949,2822
DOTUSDT,1752919200000,4.275,4.301,4.261,4.272,109355.88,1752922799999,467774.02285,2130
DOTUSDT,1752922800000,4.273,4.284,4.225,4.23,162445.34,1752926399999,690865.84185,3537
DOTUSDT,1752926400000,4.23,4.253,4.207,4.249,126720.68,1752929999999,536132.66576,3263
DOTUSDT,1752930000000,4.248,4.252,4.206,4.222,189453.56,1752933599999,801675.62841,3694
DOTUSDT,1752933600000,4.222,4.23,4.165,4.174,285308.04,1752937199999,1196931.07448,5169
DOTUSDT,1752937200000,4.173,4.24,4.172,4.221,177290.01,1752940799999,747409.72585,3105
DOTUSDT,1752940800000,4.22,4.271,4.204,4.261,156457.61,1752944399999,664688.36788,3481
DOTUSDT,1752944400000,4.262,4.267,4.227,4.248,129652.73,1752947999999,550444.92836,2530
DOTUSDT,1752948000000,4.248,4.303,4.245,4.285,175104.88,1752951599999,750179.32745,3537
DOTUSDT,1752951600000,4.286,4.405,4.281,4.388,456560.25,1752955199999,1988358.17658,6406
DOTUSDT,1752955200000,4.387,4.454,4.37,4.42,495329.87,1752958799999,2186171.05591,7234
DOTUSDT,1752958800000,4.419,4.429,4.309,4.364,609181.19,1752962399999,2653185.40934,7452
DOTUSDT,1752962400000,4.365,4.389,4.339,4.362,169222.19,1752965999999,737992.5107,3027
DOTUSDT,1752966000000,4.361,4.417,4.356,4.409,210844.86,1752969599999,925021.50984,3478
DOTUSDT,1752969600000,4.41,4.416,4.358,4.38,192765.75,1752973199999,844978.53692,3453
DOTUSDT,1752973200000,4.381,4.415,4.376,4.382,230702.95,1752976799999,1014463.67294,4043
DOTUSDT,1752976800000,4.382,4.399,4.362,4.381,114259.46,1752980399999,500517.55511,2625
DOTUSDT,1752980400000,4.381,4.435,4.368,4.389,190577.12,1752983999999,839159.29221,3695
DOTUSDT,1752984000000,4.39,4.399,4.348,4.361,337156.97,1752987599999,1474650.42851,4726
DOTUSDT,1752987600000,4.362,4.415,4.35,4.407,198575.11,1752991199999,868134.92262,3107
DOTUSDT,1752991200000,4.406,4.423,4.385,4.389,206982.27,1752994799999,911015.20303,3592
DOTUSDT,1752994800000,4.39,4.442,4.385,4.414,204739.92,1752998399999,905236.21121,3349
DOTUSDT,1752998400000,4.415,4.465,4.414,4.464,279988.28,1753001999999,1243765.5802,3985
DOTUSDT,1753002000000,4.464,4.489,4.434,4.466,437947.65,1753005599999,1955098.35655,5826
DOTUSDT,1753005600000,4.465,4.48,4.444,4.451,370232.12,1753009199999,1652092.05696,4447
DOTUSDT,1753009200000,4.452,4.507,4.45,4.49,470361.43,1753012799999,2107932.92089,5322
DOTUSDT,1753012800000,4.489,4.495,4.461,4.492,282637.48,1753016399999,1265580.09752,3705
DOTUSDT,1753016400000,4.492,4.541,4.487,4.536,436263.2,1753019999999,1969643.49652,5939
DOTUSDT,1753020000000,4.535,4.535,4.479,4.5,571354.37,1753023599999,2575817.09385,6527
DOTUSDT,1753023600000,4.5,4.553,4.491,4.538,604634.52,1753027199999,2737957.24689,6581
DOTUSDT,1753027200000,4.539,4.587,4.528,4.557,637438.69,1753030799999,2907120.49309,9011
DOTUSDT,1753030800000,4.556,4.569,4.49,4.498,610873.64,1753034399999,2763363.95287,10207
DOTUSDT,1753034400000,4.499,4.528,4.471,4.524,318642.46,1753037999999,1432996.78421,5574
DOTUSDT,1753038000000,4.525,4.553,4.523,4.525,216398.31,1753041599999,982465.96396,4342
DOTUSDT,1753041600000,4.525,4.537,4.48,4.511,292197.22,1753045199999,1316516.0109,4726
DOTUSDT,1753045200000,4.511,4.531,4.47,4.53,231326.22,1753048799999,1040550.1217,3603
DOTUSDT,1753048800000,4.532,4.536,4.381,4.486,699229.07,1753052399999,3107733.66681,13278
DOTUSDT,1753052400000,4.486,4.508,4.444,4.48,307597.61,1753055999999,1376210.89843,6422
DOTUSDT,1753056000000,4.48,4.489,4.395,4.463,421170.07,1753059599999,1865989.13127,7886
DOTUSDT,1753059600000,4.464,4.469,4.4,4.458,314224.29,1753063199999,1393200.4333,5584
DOTUSDT,1753063200000,4.458,4.517,4.453,4.517,369772.77,1753066799999,1659789.33016,4131
DOTUSDT,1753066800000,4.516,4.547,4.511,4.538,398754.55,1753070399999,1807324.54593,4262
DOTUSDT,1753070400000,4.537,4.557,4.515,4.527,546197.28,1753073999999,2477399.41146,4705
DOTUSDT,1753074000000,4.527,4.545,4.503,4.542,251670.7,1753077599999,1138453.88627,3283
DOTUSDT,1753077600000,4.542,4.582,4.536,4.562,289977.13,1753081199999,1323269.13837,4361
DOTUSDT,1753081200000,4.561,4.603,4.56,4.581,450508.87,1753084799999,2065678.90904,5260
DOTUSDT,1753084800000,4.581,4.615,4.561,4.572,447263.94,1753088399999,2054953.43267,5529
DOTUSDT,1753088400000,4.573,4.58,4.52,4.548,327906.07,1753091999999,1489293.69568,4607
DOTUSDT,1753092000000,4.549,4.579,4.509,4.577,416187.29,1753095599999,1886780.2571,4543
DOTUSDT,1753095600000,4.576,4.62,4.569,4.584,432341.08,1753099199999,1986450.29254,5650
DOTUSDT,1753099200000,4.584,4.604,4.551,4.59,397368.12,1753102799999,1818852.72083,5699
DOTUSDT,1753102800000,4.591,4.639,4.553,4.625,645428.06,1753106399999,2964243.17431,7421
DOTUSDT,1753106400000,4.625,4.673,4.592,4.651,741652.73,1753109999999,3445086.66509,10027
DOTUSDT,1753110000000,4.651,4.672,4.58,4.594,688475.38,1753113599999,3180274.14278,10549
DOTUSDT,1753113600000,4.595,4.599,4.456,4.516,1109212.29,1753117199999,5009330.39365,15566
DOTUSDT,1753117200000,4.515,4.549,4.496,4.536,550538.76,1753120799999,2493103.65788,7187
DOTUSDT,1753120800000,4.536,4.577,4.466,4.477,415005.24,1753124399999,1875284.93381,6840
DOTUSDT,1753124400000,4.476,4.508,4.428,4.444,493541.14,1753127999999,2200647.98503,7955
DOTUSDT,1753128000000,4.445,4.485,4.428,4.44,446864.2,1753131599999,1993057.95094,6468
DOTUSDT,1753131600000,4.439,4.49,4.426,4.481,298143.32,1753135199999,1331286.42298,3393
DOTUSDT,1753135200000,4.48,4.515,4.479,4.498,260385.81,1753138799999,1171003.75767,2794
DOTUSDT,1753138800000,4.499,4.52,4.477,4.499,151065.27,1753142399999,679788.49815,2185
DOTUSDT,1753142400000,4.499,4.529,4.449,4.456,240303.29,1753145999999,1079235.14786,4062
DOTUSDT,1753146000000,4.455,4.539,4.358,4.52,1125628.67,1753149599999,4992142.62764,14061
DOTUSDT,1753149600000,4.52,4.528,4.42,4.437,444201.77,1753153199999,1993764.59446,7099
DOTUSDT,1753153200000,4.436,4.449,4.375,4.418,712698.19,1753156799999,3143650.21744,9290
DOTUSDT,1753156800000,4.418,4.426,4.309,4.311,1110178.34,1753160399999,4853052.86436,13861
DOTUSDT,1753160400000,4.312,4.422,4.306,4.391,1015028.68,1753163999999,4439941.24549,10589
DOTUSDT,1753164000000,4.392,4.418,4.372,4.389,266570.17,1753167599999,1172019.35313,4065
DOTUSDT,1753167600000,4.39,4.441,4.379,4.388,343528.16,1753171199999,1516164.61766,5053
DOTUSDT,1753171200000,4.388,4.389,4.293,4.345,702144.92,1753174799999,3044652.89699,8912
DOTUSDT,1753174800000,4.345,4.355,4.279,4.341,706133.71,1753178399999,3048160.14841,7523
DOTUSDT,1753178400000,4.34,4.401,4.333,4.4,250092.17,1753181999999,1091459.35727,3717
DOTUSDT,1753182000000,4.401,4.416,4.36,4.41,305113.31,1753185599999,1340137.15647,3887
DOTUSDT,1753185600000,4.41,4.421,4.393,4.406,291985.73,1753189199999,1286632.06799,3934
DOTUSDT,1753189200000,4.407,4.452,4.353,4.374,530121.69,1753192799999,2331523.91602,9920
DOTUSDT,1753192800000,4.375,4.454,4.332,4.453,502038.11,1753196399999,2204689.1831,8102
DOTUSDT,1753196400000,4.453,4.498,4.409,4.419,1352053.17,1753199999999,6017120.08847,11576
DOTUSDT,1753200000000,4.42,4.473,4.401,4.428,475648.58,1753203599999,2107597.60678,5935
DOTUSDT,1753203600000,4.426,4.438,4.37,4.392,243033.22,1753207199999,1069142.23468,5398
DOTUSDT,1753207200000,4.392,4.472,4.368,4.448,329518.3,1753210799999,1458260.34216,6030
DOTUSDT,1753210800000,4.445,4.454,4.355,4.37,226648.01,1753214399999,999427.01253,4951
DOTUSDT,1753214400000,4.369,4.443,4.355,4.437,293004.22,1753217999999,1291550.77447,4469
DOTUSDT,1753218000000,4.439,4.49,4.428,4.479,351936.07,1753221599999,1567598.77575,4593
DOTUSDT,1753221600000,4.48,4.493,4.462,4.485,203525.55,1753225199999,911924.60775,2918
DOTUSDT,1753225200000,4.486,4.554,4.477,4.549,343355.7,1753228799999,1555123.92402,4453
DOTUSDT,1753228800000,4.551,4.551,4.467,4.468,438558.04,1753232399999,1979173.64815,6179
DOTUSDT,1753232400000,4.468,4.492,4.443,4.478,201713.67,1753235999999,900852.1565,3698
DOTUSDT,1753236000000,4.479,4.495,4.455,4.484,244882.26,1753239599999,1095779.01377,4155
DOTUSDT,1753239600000,4.484,4.507,4.46,4.473,155799.81,1753243199999,697831.61813,2826
DOTUSDT,1753243200000,4.472,4.538,4.461,4.526,141186.62,1753246799999,636824.5025,2749
DOTUSDT,1753246800000,4.526,4.528,4.495,4.501,115054.34,1753250399999,518587.10742,2332
DOTUSDT,1753250400000,4.503,4.51,4.443,4.464,292912.58,1753253999999,1308341.39267,4557
DOTUSDT,1753254000000,4.463,4.491,4.43,4.448,241429.73,1753257599999,1076942.14758,4669
DOTUSDT,1753257600000,4.448,4.462,4.422,4.449,247934.39,1753261199999,1101272.808,3941
DOTUSDT,1753261200000,4.449,4.449,4.36,4.363,516817.01,1753264799999,2267772.21067,7496
DOTUSDT,1753264800000,4.363,4.369,4.326,4.365,354541.29,1753268399999,1541313.5187,5397
DOTUSDT,1753268400000,4.364,4.369,4.336,4.366,191805.44,1753271999999,835585.93942,3076
DOTUSDT,1753272000000,4.366,4.377,4.227,4.241,639819.02,1753275599999,2747618.41372,12050
DOTUSDT,1753275600000,4.242,4.28,4.12,4.176,2024625.01,1753279199999,8501418.12676,35695
DOTUSDT,1753279200000,4.177,4.279,4.167,4.231,2429540.02,1753282799999,10300229.85238,21849
DOTUSDT,1753282800000,4.231,4.254,4.186,4.243,470086.88,1753286399999,1982644.30249,7053
DOTUSDT,1753286400000,4.241,4.241,4.134,4.144,644894.57,1753289999999,2694678.4157,8881
DOTUSDT,1753290000000,4.143,4.164,4.077,4.141,989025.32,1753293599999,4069304.85868,14145
DOTUSDT,1753293600000,4.142,4.185,4.138,4.177,310481.51,1753297199999,1293104.65431,5818
DOTUSDT,1753297200000,4.176,4.18,4.136,4.139,196746.26,1753300799999,818737.60772,3768
DOTUSDT,1753300800000,4.138,4.165,4.025,4.098,846909.79,1753304399999,3453447.94874,14147
DOTUSDT,1753304400000,4.098,4.119,4.0,4.1,760442.76,1753307999999,3084968.94368,11410
DOTUSDT,1753308000000,4.099,4.149,4.071,4.128,332938.47,1753311599999,1372074.55074,4861
DOTUSDT,1753311600000,4.129,4.148,4.106,4.113,269146.74,1753315199999,1111590.15465,2886
DOTUSDT,1753315200000,4.114,4.178,4.085,4.178,392956.78,1753318799999,1624947.53062,5373
DOTUSDT,1753318800000,4.177,4.184,4.129,4.181,309008.91,1753322399999,1284516.82429,4326
DOTUSDT,1753322400000,4.182,4.193,4.153,4.169,183439.2,1753325999999,765262.73089,2696
DOTUSDT,1753326000000,4.17,4.202,4.139,4.141,141763.09,1753329599999,591559.17178,3021
DOTUSDT,1753329600000,4.143,4.156,4.059,4.068,345141.81,1753333199999,1416104.8763,5872
DOTUSDT,1753333200000,4.069,4.072,3.94,3.95,1081515.18,1753336799999,4331341.70927,14302
DOTUSDT,1753336800000,3.951,4.041,3.894,3.944,1320389.69,1753340399999,5229829.28611,16801
DOTUSDT,1753340400000,3.944,4.017,3.894,4.009,907723.05,1753343999999,3602146.80702,10449
DOTUSDT,1753344000000,4.008,4.04,3.985,4.007,1220916.91,1753347599999,4902133.51692,8942
DOTUSDT,1753347600000,4.007,4.018,3.957,3.969,1375662.1,1753351199999,5486644.07584,9491
DOTUSDT,1753351200000,3.97,3.995,3.914,3.963,649210.47,1753354799999,2572710.93716,6922
DOTUSDT,1753354800000,3.963,4.034,3.96,4.019,398135.75,1753358399999,1594123.88148,4901
DOTUSDT,1753358400000,4.019,4.03,3.974,3.993,321852.11,1753361999999,1287273.33026,5051
DOTUSDT,1753362000000,3.994,4.036,3.969,3.973,456442.88,1753365599999,1828082.24139,7012
DOTUSDT,1753365600000,3.975,4.104,3.94,4.098,647646.11,1753369199999,2608084.86708,8961
DOTUSDT,1753369200000,4.099,4.136,4.057,4.082,845505.74,1753372799999,3469570.10128,10014
DOTUSDT,1753372800000,4.083,4.088,3.983,4.012,585974.57,1753376399999,2363494.38895,8446
DOTUSDT,1753376400000,4.013,4.101,4.007,4.077,306700.64,1753379999999,1247471.85089,4430
DOTUSDT,1753380000000,4.078,4.103,4.05,4.09,257162.56,1753383599999,1049984.16207,4408
DOTUSDT,1753383600000,4.089,4.11,4.055,4.059,274588.64,1753387199999,1122076.64478,3807
DOTUSDT,1753387200000,4.059,4.096,4.054,4.087,175000.31,1753390799999,713108.49736,2464
DOTUSDT,1753390800000,4.086,4.09,4.024,4.036,158859.72,1753394399999,643473.14532,2710
DOTUSDT,1753394400000,4.037,4.06,4.01,4.032,255734.96,1753397999999,1031035.97743,3455
DOTUSDT,1753398000000,4.031,4.031,3.982,4.0,403988.51,1753401599999,1617020.16412,4788
DOTUSDT,1753401600000,4.001,4.006,3.932,3.954,508034.21,1753405199999,2015723.44286,7235
DOTUSDT,1753405200000,3.953,4.011,3.93,3.999,365299.72,1753408799999,1449652.78397,4936
DOTUSDT,1753408800000,3.999,4.014,3.921,3.931,371124.74,1753412399999,1470679.53028,5631
DOTUSDT,1753412400000,3.931,3.958,3.863,3.926,744151.13,1753415999999,2910345.03813,9614
DOTUSDT,1753416000000,3.925,3.962,3.883,3.958,392089.06,1753419599999,1538021.45716,6003
DOTUSDT,1753419600000,3.957,3.968,3.913,3.917,277870.94,1753423199999,1094571.99575,3304
DOTUSDT,1753423200000,3.917,3.956,3.891,3.938,246930.12,1753426799999,968198.32336,3466
DOTUSDT,1753426800000,3.938,3.982,3.892,3.937,394865.1,1753430399999,1553726.80589,5354
DOTUSDT,1753430400000,3.937,3.982,3.919,3.95,521989.52,1753433999999,2060648.75537,5486
DOTUSDT,1753434000000,3.949,4.023,3.938,4.023,432826.84,1753437599999,1726372.81825,5940
DOTUSDT,1753437600000,4.022,4.048,4.007,4.04,408588.47,1753441199999,1645973.67818,4934
DOTUSDT,1753441200000,4.041,4.061,4.031,4.048,288479.2,1753444799999,1167553.31262,3293
DOTUSDT,1753444800000,4.048,4.077,4.022,4.043,308525.93,1753448399999,1249771.72089,4363
DOTUSDT,1753448400000,4.044,4.057,4.002,4.037,293317.92,1753451999999,1182653.61877,4471
DOTUSDT,1753452000000,4.038,4.042,3.922,3.927,584980.18,1753455599999,2319618.1086,8791
DOTUSDT,1753455600000,3.928,3.969,3.9,3.954,305294.75,1753459199999,1201236.62596,5460
DOTUSDT,1753459200000,3.954,3.997,3.93,3.989,221875.02,1753462799999,878910.77035,4188
DOTUSDT,1753462800000,3.988,4.011,3.973,3.98,229514.21,1753466399999,916881.62574,3535
DOTUSDT,1753466400000,3.98,3.999,3.976,3.988,97060.32,1753469999999,386914.79659,1656
DOTUSDT,1753470000000,3.988,4.021,3.978,3.995,148818.9,1753473599999,595190.44493,2131
DOTUSDT,1753473600000,3.995,4.074,3.994,4.062,258936.23,1753477199999,1045923.55929,3502
DOTUSDT,1753477200000,4.062,4.09,4.062,4.085,235778.26,1753480799999,961222.69394,3190
DOTUSDT,1753480800000,4.086,4.1,4.078,4.096,176470.04,1753484399999,721896.83183,2294
DOTUSDT,1753484400000,4.095,4.096,4.077,4.088,223962.91,1753487999999,915236.07666,2255
DOTUSDT,1753488000000,4.088,4.095,4.069,4.09,182148.18,1753491599999,743918.1331,2155
DOTUSDT,1753491600000,4.09,4.095,4.074,4.074,146412.57,1753495199999,598392.87234,1862
DOTUSDT,1753495200000,4.074,4.129,4.074,4.118,248931.64,1753498799999,1022065.02615,3230
DOTUSDT,1753498800000,4.118,4.131,4.1,4.122,160202.89,1753502399999,659537.93028,2070
DOTUSDT,1753502400000,4.121,4.126,4.104,4.106,81955.02,1753505999999,337214.76463,1287
DOTUSDT,1753506000000,4.107,4.112,4.096,4.106,99271.36,1753509599999,407314.08489,1472
DOTUSDT,1753509600000,4.105,4.107,4.088,4.092,111856.99,1753513199999,458175.01332,1713
DOTUSDT,1753513200000,4.092,4.103,4.088,4.093,89371.95,1753516799999,365953.0536,1308
DOTUSDT,1753516800000,4.093,4.115,4.087,4.091,260674.91,1753520399999,1068631.57132,2719
DOTUSDT,1753520400000,4.092,4.1,4.084,4.098,90705.36,1753523999999,371009.39555,1336
DOTUSDT,1753524000000,4.098,4.113,4.091,4.098,167100.72,1753527599999,685388.26134,1955
DOTUSDT,1753527600000,4.099,4.118,4.089,4.106,186626.62,1753531199999,765929.73275,2158
DOTUSDT,1753531200000,4.106,4.11,4.087,4.106,126336.16,1753534799999,518070.83101,1635
DOTUSDT,1753534800000,4.105,4.127,4.096,4.119,133789.71,1753538399999,550265.84961,1585
DOTUSDT,1753538400000,4.119,4.146,4.106,4.124,270731.85,1753541999999,1117211.40279,3810
DOTUSDT,1753542000000,4.123,4.145,4.11,4.143,190676.44,1753545599999,787000.84055,2389
DOTUSDT,1753545600000,4.144,4.153,4.128,4.142,183213.46,1753549199999,759254.01504,2450
DOTUSDT,1753549200000,4.141,4.143,4.11,4.122,137148.08,1753552799999,565708.88453,2098
DOTUSDT,1753552800000,4.122,4.175,4.103,4.171,191192.95,1753556399999,791407.95383,2691
DOTUSDT,1753556400000,4.17,4.194,4.158,4.191,192931.82,1753559999999,805858.96146,2477
DOTUSDT,1753560000000,4.192,4.194,4.168,4.173,124494.2,1753563599999,520349.9163,1598
DOTUSDT,1753563600000,4.173,4.179,4.162,4.175,69032.7,1753567199999,287906.28507,1040
DOTUSDT,1753567200000,4.176,4.195,4.145,4.147,221385.66,1753570799999,923407.05923,2626
DOTUSDT,1753570800000,4.148,4.148,4.12,4.124,137661.11,1753574399999,568994.88729,1698
DOTUSDT,1753574400000,4.124,4.133,4.113,4.133,87128.79,1753577999999,359187.46986,1488
DOTUSDT,1753578000000,4.134,4.164,4.121,4.151,135771.24,1753581599999,563082.64643,1624
DOTUSDT,1753581600000,4.151,4.192,4.145,4.178,92400.57,1753585199999,385651.39941,2010
DOTUSDT,1753585200000,4.177,4.186,4.159,4.162,107363.33,1753588799999,447555.68083,1694
DOTUSDT,1753588800000,4.163,4.176,4.155,4.171,53267.96,1753592399999,221904.94572,1185
DOTUSDT,1753592400000,4.172,4.206,4.169,4.18,174149.7,1753595999999,729445.24081,2727
DOTUSDT,1753596000000,4.18,4.18,4.161,4.167,108580.13,1753599599999,452579.56853,1942
DOTUSDT,1753599600000,4.168,4.18,4.152,4.162,87812.1,1753603199999,366093.92854,1379
DOTUSDT,1753603200000,4.162,4.169,4.135,4.141,129128.15,1753606799999,535305.186,1924
DOTUSDT,1753606800000,4.141,4.141,4.115,4.125,257511.1,1753610399999,1062910.31222,2335
DOTUSDT,1753610400000,4.124,4.189,4.123,4.178,226873.56,1753613999999,944533.44618,2598
DOTUSDT,1753614000000,4.179,4.183,4.14,4.15,195461.06,1753617599999,813864.47423,2428
DOTUSDT,1753617600000,4.15,4.179,4.138,4.176,217540.77,1753621199999,904169.79161,2471
DOTUSDT,1753621200000,4.175,4.185,4.153,4.159,104620.06,1753624799999,435776.28005,1741
DOTUSDT,1753624800000,4.158,4.178,4.139,4.154,99973.84,1753628399999,415680.90123,1919
DOTUSDT,1753628400000,4.154,4.17,4.135,4.169,137837.79,1753631999999,571753.84035,1865
DOTUSDT,1753632000000,4.17,4.218,4.161,4.174,431930.36,1753635599999,1812519.15586,4651
DOTUSDT,1753635600000,4.174,4.194,4.163,4.191,186778.57,1753639199999,779903.18896,2283
DOTUSDT,1753639200000,4.191,4.211,4.18,4.191,156045.29,1753642799999,654684.46353,2235
DOTUSDT,1753642800000,4.19,4.197,4.172,4.18,96116.45,1753646399999,401891.5801,1584
DOTUSDT,1753646400000,4.181,4.199,4.168,4.173,97140.66,1753649999999,406297.74705,1451
DOTUSDT,1753650000000,4.172,4.205,4.163,4.202,112572.41,1753653599999,470839.97923,1742
DOTUSDT,1753653600000,4.203,4.25,4.2,4.237,310842.41,1753657199999,1314848.16705,3968
DOTUSDT,1753657200000,4.236,4.241,4.206,4.24,254941.88,1753660799999,1076223.12,2813
DOTUSDT,1753660800000,4.239,4.262,4.217,4.217,402816.48,1753664399999,1709242.10377,4617
DOTUSDT,1753664400000,4.219,4.221,4.181,4.192,427117.64,1753667999999,1791532.03397,4072
DOTUSDT,1753668000000,4.191,4.268,4.183,4.252,314284.13,1753671599999,1330167.55356,4152
DOTUSDT,1753671600000,4.253,4.261,4.233,4.247,158857.22,1753675199999,674382.25958,2140
DOTUSDT,1753675200000,4.248,4.277,4.226,4.272,296767.12,1753678799999,1263419.24752,3329
DOTUSDT,1753678800000,4.273,4.309,4.268,4.3,372240.7,1753682399999,1597061.10387,4161
DOTUSDT,1753682400000,4.3,4.309,4.279,4.301,236077.34,1753685999999,1013763.6725,3086
DOTUSDT,1753686000000,4.301,4.302,4.254,4.271,277714.45,1753689599999,1185179.18713,3486
DOTUSDT,1753689600000,4.271,4.282,4.239,4.256,157500.17,1753693199999,670277.02512,2500
DOTUSDT,1753693200000,4.256,4.284,4.243,4.275,171314.76,1753696799999,730766.79725,2728
DOTUSDT,1753696800000,4.275,4.278,4.233,4.247,235809.47,1753700399999,1002382.4965,2984
DOTUSDT,1753700400000,4.247,4.25,4.204,4.224,356737.72,1753703999999,1505710.65759,3174
DOTUSDT,1753704000000,4.224,4.236,4.2,4.207,165059.0,1753707599999,696029.60587,2849
DOTUSDT,1753707600000,4.207,4.209,4.143,4.157,502037.57,1753711199999,2094512.55955,7171
DOTUSDT,1753711200000,4.156,4.17,4.074,4.092,563046.57,1753714799999,2313887.57859,8587
DOTUSDT,1753714800000,4.092,4.119,4.048,4.071,749913.5,1753718399999,3065847.50874,6158
DOTUSDT,1753718400000,4.071,4.094,4.034,4.062,388014.18,1753721999999,1575743.14086,5558
DOTUSDT,1753722000000,4.061,4.074,4.037,4.044,210846.17,1753725599999,855160.77938,3674
DOTUSDT,1753725600000,4.044,4.049,3.985,4.007,495410.67,1753729199999,1986644.14523,7083
DOTUSDT,1753729200000,4.005,4.035,3.976,4.007,332608.33,1753732799999,1334309.4824,4387
DOTUSDT,1753732800000,4.007,4.013,3.96,3.976,357709.93,1753736399999,1424310.26005,4116
DOTUSDT,1753736400000,3.975,4.005,3.945,3.974,396736.96,1753739999999,1578355.17796,3954
DOTUSDT,1753740000000,3.974,3.99,3.93,3.955,290603.41,1753743599999,1150574.8818,3815
DOTUSDT,1753743600000,3.957,3.973,3.938,3.965,314430.34,1753747199999,1243736.50038,3717
DOTUSDT,1753747200000,3.965,4.007,3.905,3.957,562129.18,1753750799999,2227004.75687,6753
DOTUSDT,1753750800000,3.958,3.986,3.941,3.946,237455.15,1753754399999,942777.11119,2655
DOTUSDT,1753754400000,3.945,3.955,3.911,3.929,323870.15,1753757999999,1274810.03993,4367
DOTUSDT,1753758000000,3.929,3.994,3.928,3.991,266530.84,1753761599999,1057742.75896,3232
DOTUSDT,1753761600000,3.992,4.005,3.966,3.97,221689.26,1753765199999,883758.41078,2664
DOTUSDT,1753765200000,3.97,4.035,3.968,4.035,238352.86,1753768799999,954634.22829,3237
DOTUSDT,1753768800000,4.035,4.061,4.022,4.053,259848.77,1753772399999,1050929.52603,3170
DOTUSDT,1753772400000,4.052,4.084,4.037,4.073,353628.19,1753775999999,1436086.27243,3697
DOTUSDT,1753776000000,4.072,4.074,4.036,4.048,292280.12,1753779599999,1184476.99853,2874
DOTUSDT,1753779600000,4.049,4.053,4.017,4.018,194848.89,1753783199999,785188.44038,2624
DOTUSDT,1753783200000,4.019,4.022,3.959,3.968,317346.67,1753786799999,1267375.5166,3918
DOTUSDT,1753786800000,3.966,4.0,3.965,3.993,172045.11,1753790399999,685597.83484,2375
DOTUSDT,1753790400000,3.993,4.038,3.985,4.025,261970.49,1753793999999,1052125.9615,3505
DOTUSDT,1753794000000,4.025,4.041,3.973,3.982,285754.59,1753797599999,1145764.89368,4639
DOTUSDT,1753797600000,3.982,3.984,3.9,3.93,618352.27,1753801199999,2435865.8819,9171
DOTUSDT,1753801200000,3.929,3.94,3.891,3.916,514197.07,1753804799999,2013576.94916,6467
DOTUSDT,1753804800000,3.916,3.923,3.839,3.894,710620.19,1753808399999,2755014.33089,8624
DOTUSDT,1753808400000,3.894,3.925,3.88,3.899,448785.48,1753811999999,1751991.23761,4260
DOTUSDT,1753812000000,3.897,3.914,3.874,3.894,205937.46,1753815599999,801730.70288,3013
DOTUSDT,1753815600000,3.894,3.92,3.852,3.856,509392.38,1753819199999,1979217.53767,5366
DOTUSDT,1753819200000,3.855,3.886,3.82,3.856,512159.41,1753822799999,1970397.14186,6180
DOTUSDT,1753822800000,3.857,3.916,3.839,3.901,295601.0,1753826399999,1144503.14133,3683
DOTUSDT,1753826400000,3.902,3.908,3.869,3.896,214518.39,1753829999999,834681.55563,3009
DOTUSDT,1753830000000,3.897,3.906,3.883,3.905,179150.93,1753833599999,698205.2592,2554
DOTUSDT,1753833600000,3.905,3.905,3.849,3.876,152602.35,1753837199999,591215.2034,2752
DOTUSDT,1753837200000,3.876,3.912,3.836,3.893,298665.11,1753840799999,1160052.23685,4166
DOTUSDT,1753840800000,3.895,3.921,3.885,3.901,197042.18,1753844399999,769744.19131,2886
DOTUSDT,1753844400000,3.902,3.919,3.889,3.896,115337.68,1753847999999,449951.75931,1740
DOTUSDT,1753848000000,3.897,3.909,3.863,3.868,130428.06,1753851599999,505914.67956,1850
DOTUSDT,1753851600000,3.868,3.906,3.854,3.893,132570.28,1753855199999,514523.26287,2276
DOTUSDT,1753855200000,3.893,3.9,3.869,3.89,157198.97,1753858799999,610694.24039,2093
DOTUSDT,1753858800000,3.889,3.901,3.858,3.87,191859.92,1753862399999,743559.15524,2847
DOTUSDT,1753862400000,3.871,3.888,3.842,3.868,193229.5,1753865999999,746953.42086,3136
DOTUSDT,1753866000000,3.869,3.878,3.818,3.825,328347.82,1753869599999,1259745.00722,4651
DOTUSDT,1753869600000,3.826,3.853,3.8,3.809,409029.01,1753873199999,1565810.23973,4027
DOTUSDT,1753873200000,3.81,3.831,3.736,3.758,924650.72,1753876799999,3489036.09809,9488
DOTUSDT,1753876800000,3.759,3.792,3.732,3.773,536902.88,1753880399999,2022477.98554,6768
DOTUSDT,1753880400000,3.772,3.796,3.752,3.786,498564.66,1753883999999,1881753.77054,6941
DOTUSDT,1753884000000,3.786,3.857,3.765,3.847,514624.66,1753887599999,1960462.63905,6692
DOTUSDT,1753887600000,3.848,3.853,3.806,3.819,379444.68,1753891199999,1449929.63308,4473
DOTUSDT,1753891200000,3.82,3.858,3.806,3.832,415569.91,1753894799999,1593735.06134,3817
DOTUSDT,1753894800000,3.832,3.839,3.814,3.838,356611.96,1753898399999,1364798.43407,3995
DOTUSDT,1753898400000,3.838,3.857,3.745,3.747,755873.76,1753901999999,2872923.87891,8293
DOTUSDT,1753902000000,3.747,3.788,3.626,3.78,1817939.28,1753905599999,6704660.32029,22674
DOTUSDT,1753905600000,3.779,3.81,3.769,3.775,374049.07,1753909199999,1418407.33154,3833
DOTUSDT,1753909200000,3.774,3.795,3.736,3.766,289319.14,1753912799999,1088500.26536,2866
DOTUSDT,1753912800000,3.765,3.777,3.747,3.765,129561.82,1753916399999,487316.78426,1803
DOTUSDT,1753916400000,3.765,3.813,3.765,3.805,222322.74,1753919999999,843019.78456,2045
DOTUSDT,1753920000000,3.807,3.849,3.799,3.845,200358.82,1753923599999,766337.57546,2427
DOTUSDT,1753923600000,3.844,3.852,3.828,3.836,143572.17,1753927199999,550981.46094,1793
DOTUSDT,1753927200000,3.836,3.857,3.827,3.857,182995.1,1753930799999,703894.93293,1784
DOTUSDT,1753930800000,3.857,3.882,3.85,3.875,244011.96,1753934399999,942507.71367,2222
DOTUSDT,1753934400000,3.876,3.886,3.863,3.882,163607.04,1753937999999,634072.90011,1689
DOTUSDT,1753938000000,3.881,3.889,3.876,3.879,106234.76,1753941599999,412381.01861,1290
DOTUSDT,1753941600000,3.879,3.908,3.867,3.898,246254.94,1753945199999,957487.2187,1992
DOTUSDT,1753945200000,3.897,3.899,3.883,3.886,181298.29,1753948799999,705374.44619,1787
DOTUSDT,1753948800000,3.887,3.905,3.886,3.893,137005.51,1753952399999,533598.66152,1425
DOTUSDT,1753952400000,3.893,3.91,3.886,3.904,151721.19,1753955999999,591130.05405,1479
DOTUSDT,1753956000000,3.903,3.921,3.898,3.915,327448.94,1753959599999,1280150.24931,2588
DOTUSDT,1753959600000,3.915,3.918,3.88,3.888,280371.32,1753963199999,1093274.09363,2866
DOTUSDT,1753963200000,3.889,3.891,3.841,3.853,216317.97,1753966799999,835611.61927,2827
DOTUSDT,1753966800000,3.853,3.853,3.784,3.811,553533.72,1753970399999,2106889.28734,6156
DOTUSDT,1753970400000,3.811,3.82,3.745,3.757,558252.95,1753973999999,2105025.82354,6892
DOTUSDT,1753974000000,3.758,3.803,3.755,3.788,295461.4,1753977599999,1118006.10757,3761
DOTUSDT,1753977600000,3.789,3.869,3.783,3.843,302142.57,1753981199999,1159555.36137,4441
DOTUSDT,1753981200000,3.844,3.844,3.773,3.784,248567.49,1753984799999,944526.88571,4093
DOTUSDT,1753984800000,3.785,3.806,3.751,3.781,231603.94,1753988399999,874392.25555,3473
DOTUSDT,1753988400000,3.782,3.787,3.736,3.749,276722.03,1753991999999,1039123.51587,3794
DOTUSDT,1753992000000,3.749,3.758,3.718,3.738,413207.44,1753995599999,1543520.04663,4632
DOTUSDT,1753995600000,3.737,3.764,3.685,3.729,368858.88,1753999199999,1374710.60706,4413
DOTUSDT,1753999200000,3.729,3.729,3.674,3.69,677185.63,1754002799999,2506343.24803,5803
DOTUSDT,1754002800000,3.689,3.715,3.665,3.682,454513.41,1754006399999,1676702.65802,5377
DOTUSDT,1754006400000,3.682,3.689,3.586,3.67,1321258.86,1754009999999,4802038.57126,13831
DOTUSDT,1754010000000,3.671,3.686,3.622,3.667,634185.0,1754013599999,2319118.85563,8252
DOTUSDT,1754013600000,3.666,3.716,3.659,3.707,425701.27,1754017199999,1572112.36717,4464
DOTUSDT,1754017200000,3.706,3.723,3.688,3.692,164852.51,1754020799999,610906.96905,2414
DOTUSDT,1754020800000,3.693,3.693,3.656,3.665,229229.72,1754024399999,841787.50585,3030
DOTUSDT,1754024400000,3.665,3.687,3.635,3.652,306205.01,1754027999999,1120458.80912,4901
DOTUSDT,1754028000000,3.652,3.66,3.617,3.656,317840.41,1754031599999,1156231.76443,4909
DOTUSDT,1754031600000,3.658,3.672,3.637,3.657,269927.67,1754035199999,986284.46685,3769
DOTUSDT,1754035200000,3.657,3.657,3.568,3.61,897568.19,1754038799999,3236764.35352,11391
DOTUSDT,1754038800000,3.609,3.659,3.606,3.609,449672.88,1754042399999,1633318.74287,6852
DOTUSDT,1754042400000,3.609,3.64,3.604,3.628,304070.98,1754045999999,1100806.65743,4957
DOTUSDT,1754046000000,3.628,3.656,3.61,3.651,279962.37,1754049599999,1016666.6074,3633
DOTUSDT,1754049600000,3.651,3.692,3.637,3.666,489365.58,1754053199999,1793138.88788,6878
DOTUSDT,1754053200000,3.667,3.68,3.54,3.569,960175.64,1754056799999,3466757.08344,12680
DOTUSDT,1754056800000,3.567,3.666,3.545,3.655,471468.73,1754060399999,1708186.81111,8651
DOTUSDT,1754060400000,3.655,3.659,3.602,3.643,297666.08,1754063999999,1080484.19938,5204
DOTUSDT,1754064000000,3.642,3.67,3.596,3.605,436884.54,1754067599999,1586620.28112,5169
DOTUSDT,1754067600000,3.604,3.622,3.568,3.577,513984.86,1754071199999,1843725.63414,6206
DOTUSDT,1754071200000,3.578,3.611,3.536,3.579,666061.9,1754074799999,2378318.30499,8289
DOTUSDT,1754074800000,3.578,3.631,3.574,3.625,365131.08,1754078399999,1316039.37041,6252
DOTUSDT,1754078400000,3.625,3.631,3.539,3.599,482561.19,1754081999999,1727891.08126,8012
DOTUSDT,1754082000000,3.599,3.625,3.592,3.597,207892.99,1754085599999,750457.93916,4068
DOTUSDT,1754085600000,3.598,3.602,3.446,3.508,1530622.64,1754089199999,5354113.35195,22346
DOTUSDT,1754089200000,3.508,3.559,3.501,3.547,302767.2,1754092799999,1070204.27924,3845
DOTUSDT,1754092800000,3.547,3.588,3.536,3.586,433522.08,1754096399999,1545794.30166,4256
DOTUSDT,1754096400000,3.586,3.593,3.562,3.589,165877.54,1754099999999,593860.52454,2097
DOTUSDT,1754100000000,3.588,3.593,3.581,3.589,115371.03,1754103599999,413932.70823,1327
DOTUSDT,1754103600000,3.59,3.599,3.584,3.597,96524.42,1754107199999,346731.4638,1430
DOTUSDT,1754107200000,3.597,3.629,3.591,3.627,251437.57,1754110799999,908459.97377,2477
DOTUSDT,1754110800000,3.627,3.631,3.609,3.609,157738.84,1754114399999,571230.14317,1505
DOTUSDT,1754114400000,3.609,3.611,3.513,3.535,649904.63,1754117999999,2309249.5845,6510
DOTUSDT,1754118000000,3.534,3.588,3.509,3.586,451415.38,1754121599999,1604662.52747,4508
DOTUSDT,1754121600000,3.586,3.592,3.534,3.541,598430.37,1754125199999,2132058.27118,4508
DOTUSDT,1754125200000,3.54,3.561,3.529,3.547,207314.24,1754128799999,734443.07676,2912
DOTUSDT,1754128800000,3.547,3.551,3.513,3.54,310368.36,1754132399999,1095923.98813,3287
DOTUSDT,1754132400000,3.54,3.574,3.519,3.552,236230.48,1754135999999,839467.1747,2699
DOTUSDT,1754136000000,3.552,3.561,3.529,3.556,132277.4,1754139599999,469137.12924,2184
DOTUSDT,1754139600000,3.557,3.574,3.533,3.564,266433.04,1754143199999,947383.98157,3422
DOTUSDT,1754143200000,3.565,3.568,3.489,3.515,445845.28,1754146799999,1570035.50045,4723
DOTUSDT,1754146800000,3.514,3.548,3.484,3.496,418235.15,1754150399999,1470135.02107,4644
DOTUSDT,1754150400000,3.496,3.528,3.464,3.509,356253.0,1754153999999,1244403.00848,5456
DOTUSDT,1754154000000,3.509,3.536,3.448,3.464,390181.23,1754157599999,1359665.44633,4763
DOTUSDT,1754157600000,3.465,3.479,3.427,3.445,519262.02,1754161199999,1792343.83759,7639
DOTUSDT,1754161200000,3.445,3.514,3.432,3.48,288175.75,1754164799999,1003110.44652,4404
DOTUSDT,1754164800000,3.48,3.511,3.477,3.506,251740.28,1754168399999,879759.13449,2828
DOTUSDT,1754168400000,3.506,3.526,3.491,3.507,224084.19,1754171999999,786317.04414,2475
DOTUSDT,1754172000000,3.507,3.53,3.484,3.52,198397.41,1754175599999,696167.88815,2450
DOTUSDT,1754175600000,3.52,3.525,3.476,3.509,166413.29,1754179199999,582390.73499,2933
DOTUSDT,1754179200000,3.508,3.527,3.459,3.525,329171.21,1754182799999,1152154.17606,5416
DOTUSDT,1754182800000,3.526,3.534,3.512,3.528,128329.28,1754186399999,452306.68695,2414
DOTUSDT,1754186400000,3.527,3.556,3.527,3.555,214030.56,1754189999999,758248.60464,2097
DOTUSDT,1754190000000,3.554,3.556,3.54,3.54,107326.11,1754193599999,380835.00423,1348
DOTUSDT,1754193600000,3.54,3.546,3.528,3.545,102294.16,1754197199999,361823.35083,1571
DOTUSDT,1754197200000,3.544,3.559,3.544,3.555,110028.57,1754200799999,390856.0549,1260
DOTUSDT,1754200800000,3.555,3.574,3.545,3.572,121101.87,1754204399999,431186.60382,1425
DOTUSDT,1754204400000,3.573,3.582,3.566,3.576,133087.76,1754207999999,475690.77726,1679
DOTUSDT,1754208000000,3.575,3.584,3.571,3.582,180280.14,1754211599999,644996.32489,1836
DOTUSDT,1754211600000,3.582,3.587,3.57,3.583,142681.58,1754215199999,510851.80445,1616
DOTUSDT,1754215200000,3.582,3.595,3.581,3.593,149781.07,1754218799999,537337.69614,1609
DOTUSDT,1754218800000,3.592,3.616,3.592,3.605,219696.01,1754222399999,791889.77222,2617
DOTUSDT,1754222400000,3.605,3.618,3.589,3.609,197394.35,1754225999999,711005.52426,2828
DOTUSDT,1754226000000,3.61,3.613,3.585,3.597,159447.43,1754229599999,574198.41178,2597
DOTUSDT,1754229600000,3.597,3.603,3.56,3.584,398387.84,1754233199999,1425262.06453,3659
DOTUSDT,1754233200000,3.583,3.597,3.573,3.589,418303.86,1754236799999,1500065.07875,3192
DOTUSDT,1754236800000,3.59,3.599,3.571,3.597,122112.76,1754240399999,437649.58687,1438
DOTUSDT,1754240400000,3.597,3.603,3.58,3.595,116669.0,1754243999999,418984.46551,1984
DOTUSDT,1754244000000,3.595,3.602,3.585,3.601,188585.69,1754247599999,677955.50216,2250
DOTUSDT,1754247600000,3.601,3.615,3.591,3.597,150160.77,1754251199999,541168.93854,2239
DOTUSDT,1754251200000,3.598,3.607,3.588,3.602,138324.11,1754254799999,497794.39647,1691
DOTUSDT,1754254800000,3.601,3.619,3.599,3.616,154489.22,1754258399999,557925.53479,1561
DOTUSDT,1754258400000,3.616,3.627,3.592,3.609,154516.22,1754261999999,557189.20997,2050
DOTUSDT,1754262000000,3.609,3.625,3.601,3.602,135287.44,1754265599999,488474.79655,1493
DOTUSDT,1754265600000,3.603,3.662,3.597,3.66,303558.46,1754269199999,1103197.55307,2952
DOTUSDT,1754269200000,3.659,3.666,3.62,3.624,303426.98,1754272799999,1105824.36261,3079
DOTUSDT,1754272800000,3.625,3.647,3.612,3.646,125435.34,1754276399999,455171.0116,1383
DOTUSDT,1754276400000,3.646,3.648,3.619,3.623,99973.07,1754279999999,362798.96559,1031
DOTUSDT,1754280000000,3.623,3.631,3.606,3.614,126053.78,1754283599999,456012.56202,1537
DOTUSDT,1754283600000,3.614,3.628,3.606,3.625,105675.85,1754287199999,381874.3266,1133
DOTUSDT,1754287200000,3.624,3.642,3.608,3.637,143249.07,1754290799999,519386.54594,1595
DOTUSDT,1754290800000,3.637,3.653,3.633,3.635,192630.41,1754294399999,701691.60916,1842
DOTUSDT,1754294400000,3.635,3.654,3.617,3.623,330774.18,1754297999999,1202126.11411,2635
DOTUSDT,1754298000000,3.623,3.638,3.62,3.625,227834.28,1754301599999,827197.52531,1691
DOTUSDT,1754301600000,3.625,3.641,3.62,3.627,129465.39,1754305199999,470024.19333,1322
DOTUSDT,1754305200000,3.627,3.63,3.612,3.621,154241.66,1754308799999,558488.43383,1422
DOTUSDT,1754308800000,3.621,3.638,3.615,3.635,89552.52,1754312399999,324735.01477,1187
DOTUSDT,1754312400000,3.636,3.682,3.629,3.681,332166.76,1754315999999,1213654.32302,3622
DOTUSDT,1754316000000,3.681,3.71,3.671,3.681,571859.99,1754319599999,2112591.302,4959
DOTUSDT,1754319600000,3.681,3.703,3.674,3.692,205749.61,1754323199999,759158.45723,2378
DOTUSDT,1754323200000,3.692,3.73,3.689,3.73,302812.21,1754326799999,1124247.90431,3674
DOTUSDT,1754326800000,3.73,3.757,3.719,3.723,427951.62,1754330399999,1600137.26778,4843
DOTUSDT,1754330400000,3.723,3.726,3.686,3.695,344689.53,1754333999999,1276033.47945,2917
DOTUSDT,1754334000000,3.695,3.696,3.67,3.68,143603.76,1754337599999,528941.56526,1801
DOTUSDT,1754337600000,3.681,3.7,3.673,3.695,112870.81,1754341199999,416252.30899,1670
DOTUSDT,1754341200000,3.694,3.731,3.694,3.718,158062.26,1754344799999,587325.31696,2134
DOTUSDT,1754344800000,3.719,3.735,3.718,3.734,191971.28,1754348399999,715526.69487,1997
DOTUSDT,1754348400000,3.734,3.734,3.714,3.72,131051.6,1754351999999,487659.79418,1298
DOTUSDT,1754352000000,3.72,3.725,3.706,3.712,111858.72,1754355599999,415303.28251,1399
DOTUSDT,1754355600000,3.711,3.721,3.69,3.695,142804.69,1754359199999,529097.26358,1610
DOTUSDT,1754359200000,3.695,3.709,3.686,3.699,122487.67,1754362799999,452510.58733,1257
DOTUSDT,1754362800000,3.698,3.698,3.659,3.662,152056.13,1754366399999,558351.62356,1834
DOTUSDT,1754366400000,3.661,3.676,3.649,3.656,155171.8,1754369999999,567683.77172,1832
DOTUSDT,1754370000000,3.655,3.673,3.651,3.673,91391.4,1754373599999,334818.88968,1291
DOTUSDT,1754373600000,3.673,3.678,3.635,3.644,195466.98,1754377199999,715532.89985,2193
DOTUSDT,1754377200000,3.644,3.645,3.587,3.598,420756.61,1754380799999,1518463.2212,4638
DOTUSDT,1754380800000,3.598,3.626,3.592,3.625,160818.34,1754384399999,580586.31192,1912
DOTUSDT,1754384400000,3.626,3.662,3.626,3.656,187838.57,1754387999999,683372.43093,2120
DOTUSDT,1754388000000,3.656,3.691,3.649,3.68,162744.78,1754391599999,598099.98213,2035
DOTUSDT,1754391600000,3.681,3.704,3.675,3.7,182772.61,1754395199999,674844.48725,2104
DOTUSDT,1754395200000,3.701,3.707,3.631,3.653,401485.91,1754398799999,1476095.88261,5525
DOTUSDT,1754398800000,3.652,3.678,3.647,3.672,212347.73,1754402399999,778059.10976,3417
DOTUSDT,1754402400000,3.67,3.676,3.591,3.608,610145.87,1754405999999,2204264.60463,8637
DOTUSDT,1754406000000,3.608,3.625,3.56,3.579,313270.02,1754409599999,1125112.14947,5531
DOTUSDT,1754409600000,3.578,3.613,3.571,3.587,161780.0,1754413199999,581195.20134,3342
DOTUSDT,1754413200000,3.588,3.618,3.584,3.614,130735.94,1754416799999,470712.94235,2661
DOTUSDT,1754416800000,3.613,3.619,3.575,3.595,119038.83,1754420399999,427996.36512,2831
DOTUSDT,1754420400000,3.596,3.608,3.571,3.584,180474.6,1754423999999,648093.75216,2756
DOTUSDT,1754424000000,3.585,3.614,3.585,3.588,135851.73,1754427599999,489225.63126,2449
DOTUSDT,1754427600000,3.587,3.602,3.564,3.57,103777.96,1754431199999,371927.64681,1639
DOTUSDT,1754431200000,3.569,3.597,3.538,3.596,226961.52,1754434799999,810059.60655,3451
DOTUSDT,1754434800000,3.596,3.627,3.592,3.621,185812.36,1754438399999,670814.58866,2314
DOTUSDT,1754438400000,3.62,3.621,3.584,3.588,351218.27,1754441999999,1267279.03046,4574
DOTUSDT,1754442000000,3.588,3.603,3.574,3.603,128857.05,1754445599999,462553.00618,2810
DOTUSDT,1754445600000,3.602,3.602,3.574,3.587,62006.12,1754449199999,222652.80014,1659
DOTUSDT,1754449200000,3.588,3.589,3.56,3.574,142727.32,1754452799999,509911.84794,2309
DOTUSDT,1754452800000,3.574,3.574,3.553,3.565,126519.52,1754456399999,450904.48757,2294
DOTUSDT,1754456400000,3.565,3.646,3.557,3.619,232221.09,1754459999999,839494.0747,4063
DOTUSDT,1754460000000,3.62,3.629,3.598,3.623,82849.58,1754463599999,299271.68471,1859
DOTUSDT,1754463600000,3.624,3.647,3.618,3.636,146849.3,1754467199999,533971.74151,1892
DOTUSDT,1754467200000,3.635,3.643,3.597,3.611,125989.19,1754470799999,455482.21098,2111
DOTUSDT,1754470800000,3.61,3.638,3.602,3.617,147403.19,1754474399999,533368.40242,2097
DOTUSDT,1754474400000,3.617,3.622,3.595,3.597,148655.1,1754477999999,535559.7554,2156
DOTUSDT,1754478000000,3.598,3.629,3.597,3.607,95115.89,1754481599999,343355.00335,1617
DOTUSDT,1754481600000,3.607,3.616,3.57,3.581,225614.85,1754485199999,810262.23843,2819
DOTUSDT,1754485200000,3.582,3.612,3.575,3.602,235999.82,1754488799999,848132.29209,3738
DOTUSDT,1754488800000,3.602,3.651,3.589,3.651,330034.99,1754492399999,1195626.26712,4343
DOTUSDT,1754492400000,3.651,3.682,3.636,3.678,389640.89,1754495999999,1422629.65255,4267
DOTUSDT,1754496000000,3.68,3.689,3.646,3.653,222098.17,1754499599999,815019.707,3572
DOTUSDT,1754499600000,3.653,3.679,3.642,3.677,125167.88,1754503199999,458360.62547,1744
DOTUSDT,1754503200000,3.677,3.696,3.668,3.67,241147.1,1754506799999,886631.08306,2525
DOTUSDT,1754506800000,3.671,3.68,3.662,3.674,112299.65,1754510399999,412122.52112,1424
DOTUSDT,1754510400000,3.675,3.675,3.658,3.668,83273.23,1754513999999,305271.64405,1313
DOTUSDT,1754514000000,3.666,3.679,3.663,3.678,200341.73,1754517599999,735956.60616,1851
DOTUSDT,1754517600000,3.679,3.686,3.674,3.683,75589.0,1754521199999,278179.87293,1032
DOTUSDT,1754521200000,3.682,3.684,3.67,3.673,144560.56,1754524799999,531218.02418,1307
DOTUSDT,1754524800000,3.673,3.683,3.661,3.67,136504.07,1754528399999,500748.98598,1635
DOTUSDT,1754528400000,3.671,3.696,3.66,3.663,127787.97,1754531999999,470091.55194,1996
DOTUSDT,1754532000000,3.661,3.67,3.648,3.651,176769.81,1754535599999,645999.63424,1716
DOTUSDT,1754535600000,3.651,3.657,3.644,3.647,93053.38,1754539199999,339705.29658,1101
DOTUSDT,1754539200000,3.648,3.669,3.644,3.654,93685.65,1754542799999,342555.96422,1057
DOTUSDT,1754542800000,3.653,3.674,3.646,3.672,242160.19,1754546399999,886989.86096,2232
DOTUSDT,1754546400000,3.672,3.689,3.666,3.676,571593.49,1754549999999,2103093.02988,4168
DOTUSDT,1754550000000,3.677,3.693,3.675,3.683,494001.25,1754553599999,1819282.94044,3301
DOTUSDT,1754553600000,3.683,3.699,3.677,3.681,149239.57,1754557199999,550456.08822,1673
DOTUSDT,1754557200000,3.68,3.689,3.672,3.682,185529.26,1754560799999,682636.45254,1569
DOTUSDT,1754560800000,3.681,3.77,3.679,3.761,847161.2,1754564399999,3164575.34312,7935
DOTUSDT,1754564400000,3.762,3.79,3.76,3.789,340697.07,1754567999999,1286489.33995,3471
DOTUSDT,1754568000000,3.789,3.8,3.768,3.792,370191.24,1754571599999,1402848.22465,3862
DOTUSDT,1754571600000,3.793,3.806,3.78,3.785,394059.95,1754575199999,1494468.63346,4145
DOTUSDT,1754575200000,3.786,3.788,3.75,3.758,310121.14,1754578799999,1167577.67645,3740
DOTUSDT,1754578800000,3.759,3.773,3.741,3.766,269230.73,1754582399999,1011878.14928,3712
DOTUSDT,1754582400000,3.766,3.771,3.688,3.737,449940.82,1754585999999,1680351.39749,5416
DOTUSDT,1754586000000,3.737,3.743,3.722,3.737,208664.25,1754589599999,779462.62897,3345
DOTUSDT,1754589600000,3.738,3.742,3.723,3.74,109625.9,1754593199999,409092.02149,1738
DOTUSDT,1754593200000,3.74,3.789,3.733,3.788,301161.5,1754596799999,1132300.52466,2804
DOTUSDT,1754596800000,3.787,3.815,3.784,3.809,206299.6,1754600399999,783800.04512,2901
DOTUSDT,1754600400000,3.81,3.834,3.799,3.819,259246.82,1754603999999,988611.64989,3553
DOTUSDT,1754604000000,3.819,3.872,3.811,3.863,357393.29,1754607599999,1372785.73607,4236
DOTUSDT,1754607600000,3.864,3.867,3.844,3.867,248658.13,1754611199999,957930.32737,2537
DOTUSDT,1754611200000,3.867,3.928,3.809,3.873,1500481.44,1754614799999,5800256.70647,21597
DOTUSDT,1754614800000,3.873,3.89,3.815,3.863,1264431.14,1754618399999,4877578.49511,20910
DOTUSDT,1754618400000,3.863,3.878,3.845,3.862,123633.8,1754621999999,477185.49371,2433
DOTUSDT,1754622000000,3.862,3.907,3.856,3.877,353631.16,1754625599999,1374987.2691,3759
DOTUSDT,1754625600000,3.876,3.883,3.86,3.864,161641.1,1754629199999,625604.04888,2281
DOTUSDT,1754629200000,3.864,3.874,3.843,3.845,162935.9,1754632799999,628304.97862,1798
DOTUSDT,1754632800000,3.845,3.907,3.84,3.905,156765.57,1754636399999,606987.90072,2444
DOTUSDT,1754636400000,3.905,3.95,3.883,3.92,399408.64,1754639999999,1565105.38883,6206
DOTUSDT,1754640000000,3.921,3.945,3.889,3.903,325011.96,1754643599999,1273188.00442,5990
DOTUSDT,1754643600000,3.902,3.921,3.887,3.916,224309.82,1754647199999,875045.17542,3065
DOTUSDT,1754647200000,3.915,3.928,3.897,3.914,249627.01,1754650799999,977543.16602,3186
DOTUSDT,1754650800000,3.914,3.931,3.909,3.915,245557.68,1754654399999,962309.43915,2547
DOTUSDT,1754654400000,3.915,3.917,3.87,3.873,424161.59,1754657999999,1650016.5585,4906
DOTUSDT,1754658000000,3.873,3.952,3.873,3.951,471314.3,1754661599999,1843906.47649,6116
DOTUSDT,1754661600000,3.95,3.965,3.898,3.919,582989.1,1754665199999,2295547.61562,9006
DOTUSDT,1754665200000,3.919,3.923,3.859,3.884,314796.53,1754668799999,1221494.94442,5237
DOTUSDT,1754668800000,3.885,3.912,3.881,3.907,196743.97,1754672399999,766627.54946,3322
DOTUSDT,1754672400000,3.907,3.977,3.906,3.976,443848.11,1754675999999,1752536.77183,6040
DOTUSDT,1754676000000,3.977,3.989,3.953,3.963,374980.95,1754679599999,1487607.56189,4991
DOTUSDT,1754679600000,3.963,3.992,3.952,3.988,478255.35,1754683199999,1899884.92967,4177
DOTUSDT,1754683200000,3.988,3.993,3.962,3.974,207735.52,1754686799999,825477.85477,2154
DOTUSDT,1754686800000,3.974,3.985,3.958,3.975,193537.55,1754690399999,768834.62333,1715
DOTUSDT,1754690400000,3.974,3.996,3.968,3.992,317743.1,1754693999999,1264647.02636,2466
DOTUSDT,1754694000000,3.992,3.998,3.973,3.979,127594.49,1754697599999,508423.23985,1401
DOTUSDT,1754697600000,3.98,3.99,3.971,3.986,88310.61,1754701199999,351586.0264,1388
DOTUSDT,1754701200000,3.987,4.012,3.978,4.009,160965.23,1754704799999,643731.57033,2126
DOTUSDT,1754704800000,4.009,4.024,3.996,4.005,204787.4,1754708399999,821477.60515,2594
DOTUSDT,1754708400000,4.005,4.014,3.992,4.0,137852.48,1754711999999,551519.07235,1599
DOTUSDT,1754712000000,4.001,4.031,3.99,4.022,165083.01,1754715599999,663164.13557,2360
DOTUSDT,1754715600000,4.022,4.093,4.016,4.074,582720.22,1754719199999,2369059.74332,8448
DOTUSDT,1754719200000,4.075,4.077,4.038,4.051,349856.16,1754722799999,1419581.69674,3612
DOTUSDT,1754722800000,4.051,4.077,4.045,4.074,190935.1,1754726399999,776386.06511,2251
DOTUSDT,1754726400000,4.074,4.099,4.069,4.073,331577.66,1754729999999,1353346.33202,3265
DOTUSDT,1754730000000,4.073,4.099,4.07,4.091,213831.34,1754733599999,873986.67646,2800
DOTUSDT,1754733600000,4.09,4.111,4.085,4.088,263661.28,1754737199999,1080038.28456,3441
DOTUSDT,1754737200000,4.088,4.106,4.082,4.1,284125.82,1754740799999,1162858.50145,2676
DOTUSDT,1754740800000,4.101,4.143,4.089,4.134,497822.64,1754744399999,2052065.5428,5628
DOTUSDT,1754744400000,4.134,4.135,4.079,4.081,368102.93,1754747999999,1510896.36999,4276
DOTUSDT,1754748000000,4.08,4.094,4.051,4.09,300610.26,1754751599999,1224298.52744,4465
DOTUSDT,1754751600000,4.09,4.102,4.058,4.075,192680.21,1754755199999,785810.94626,3417
DOTUSDT,1754755200000,4.075,4.113,4.075,4.093,440042.99,1754758799999,1804092.63733,4510
DOTUSDT,1754758800000,4.094,4.125,4.085,4.117,169701.25,1754762399999,697601.27488,2678
DOTUSDT,1754762400000,4.118,4.126,4.105,4.123,171397.84,1754765999999,705353.69976,2300
DOTUSDT,1754766000000,4.123,4.14,4.118,4.129,170520.21,1754769599999,704074.7354,2709
DOTUSDT,1754769600000,4.129,4.164,4.113,4.156,331240.53,1754773199999,1370958.83342,4461
DOTUSDT,1754773200000,4.157,4.16,4.11,4.134,229353.57,1754776799999,948063.28176,3595
DOTUSDT,1754776800000,4.133,4.167,4.115,4.125,284914.98,1754780399999,1179308.85907,4846
DOTUSDT,1754780400000,4.125,4.147,4.111,4.138,204928.49,1754783999999,846234.48564,2746
DOTUSDT,1754784000000,4.138,4.181,4.133,4.167,189505.41,1754787599999,787534.75808,3463
DOTUSDT,1754787600000,4.168,4.181,4.133,4.143,228572.01,1754791199999,949515.49645,3452
DOTUSDT,1754791200000,4.142,4.148,4.103,4.105,212649.06,1754794799999,877601.32028,3231
DOTUSDT,1754794800000,4.104,4.145,4.087,4.136,312942.42,1754798399999,1288613.79418,5379
DOTUSDT,1754798400000,4.136,4.169,4.118,4.156,254282.49,1754801999999,1056203.17489,3092
DOTUSDT,1754802000000,4.156,4.157,4.1,4.1,231927.86,1754805599999,956989.84447,3414
DOTUSDT,1754805600000,4.099,4.104,4.054,4.075,356184.46,1754809199999,1451094.17921,5285
DOTUSDT,1754809200000,4.074,4.09,4.005,4.009,643207.98,1754812799999,2592867.22284,9102
DOTUSDT,1754812800000,4.01,4.044,3.965,4.037,707693.46,1754816399999,2828737.28502,8679
DOTUSDT,1754816400000,4.037,4.057,4.028,4.033,243535.95,1754819999999,985336.35358,2397
DOTUSDT,1754820000000,4.033,4.04,3.984,4.0,259125.28,1754823599999,1039477.53188,3529
DOTUSDT,1754823600000,3.999,4.023,3.99,3.992,278205.69,1754827199999,1113984.56217,3308
DOTUSDT,1754827200000,3.991,4.018,3.983,4.017,183299.64,1754830799999,732927.44696,2566
DOTUSDT,1754830800000,4.016,4.032,3.981,3.985,206931.12,1754834399999,828992.24279,2798
DOTUSDT,1754834400000,3.983,4.061,3.975,4.045,331448.7,1754837999999,1336181.95146,4094
DOTUSDT,1754838000000,4.045,4.083,4.033,4.056,251314.09,1754841599999,1021102.60487,3898
DOTUSDT,1754841600000,4.056,4.074,4.046,4.057,263574.13,1754845199999,1070497.66333,3169
DOTUSDT,1754845200000,4.057,4.061,4.033,4.054,339191.61,1754848799999,1372583.53206,3644
DOTUSDT,1754848800000,4.054,4.087,4.053,4.083,248293.37,1754852399999,1010885.56525,2903
DOTUSDT,1754852400000,4.083,4.091,4.069,4.073,144208.81,1754855999999,588565.72611,1695
DOTUSDT,1754856000000,4.073,4.081,4.043,4.045,287139.7,1754859599999,1164676.19748,3294
DOTUSDT,1754859600000,4.044,4.045,4.011,4.041,123294.11,1754863199999,496773.88137,2120
DOTUSDT,1754863200000,4.042,4.051,4.024,4.049,97421.38,1754866799999,393310.76013,1755
DOTUSDT,1754866800000,4.05,4.072,4.033,4.046,312697.4,1754870399999,1267910.8874,3298
DOTUSDT,1754870400000,4.047,4.077,4.032,4.041,219752.97,1754873999999,891017.91996,3070
DOTUSDT,1754874000000,4.04,4.113,4.035,4.087,179297.39,1754877599999,732630.82867,3595
DOTUSDT,1754877600000,4.088,4.156,4.087,4.15,481573.71,1754881199999,1988408.43731,6365
DOTUSDT,1754881200000,4.149,4.149,4.112,4.129,283974.88,1754884799999,1173422.03529,3576
DOTUSDT,1754884800000,4.129,4.158,4.127,4.127,218205.86,1754888399999,904371.45992,2745
DOTUSDT,1754888400000,4.126,4.144,4.119,4.13,434216.42,1754891999999,1792838.11286,3997
DOTUSDT,1754892000000,4.129,4.138,4.105,4.116,382306.33,1754895599999,1573769.13361,4807
DOTUSDT,1754895600000,4.116,4.12,4.038,4.046,413286.56,1754899199999,1686822.84886,6236
DOTUSDT,1754899200000,4.047,4.073,4.026,4.057,240325.73,1754902799999,973270.98555,3161
DOTUSDT,1754902800000,4.057,4.073,4.036,4.046,169970.92,1754906399999,689024.92651,2624
DOTUSDT,1754906400000,4.046,4.047,4.003,4.014,400194.2,1754909999999,1610836.72081,5272
DOTUSDT,1754910000000,4.014,4.016,3.911,3.932,815493.52,1754913599999,3228427.21018,9791
DOTUSDT,1754913600000,3.933,3.943,3.901,3.919,418215.4,1754917199999,1640452.54267,6954
DOTUSDT,1754917200000,3.92,3.958,3.883,3.943,543131.53,1754920799999,2128736.88482,8205
DOTUSDT,1754920800000,3.943,3.984,3.928,3.939,382105.87,1754924399999,1511774.10519,5935
DOTUSDT,1754924400000,3.94,3.965,3.917,3.965,225154.23,1754927999999,887733.48337,3553
DOTUSDT,1754928000000,3.964,4.021,3.946,3.96,510583.89,1754931599999,2034755.97973,7447
DOTUSDT,1754931600000,3.959,3.973,3.926,3.94,169694.53,1754935199999,669933.21552,3330
DOTUSDT,1754935200000,3.94,3.949,3.907,3.939,655563.46,1754938799999,2572513.82411,5097
DOTUSDT,1754938800000,3.938,3.941,3.878,3.908,257445.68,1754942399999,1005992.33932,4123
DOTUSDT,1754942400000,3.908,3.915,3.887,3.906,174871.0,1754945999999,682346.2989,2937
DOTUSDT,1754946000000,3.905,3.923,3.83,3.864,302031.09,1754949599999,1167048.11917,5291
DOTUSDT,1754949600000,3.864,3.866,3.817,3.854,218368.2,1754953199999,838779.5331,3870
DOTUSDT,1754953200000,3.853,3.87,3.847,3.854,205221.94,1754956799999,793038.05403,2100
DOTUSDT,1754956800000,3.854,3.901,3.845,3.893,147641.68,1754960399999,571835.52231,2705
DOTUSDT,1754960400000,3.892,3.905,3.879,3.899,165023.78,1754963999999,642372.00541,2384
DOTUSDT,1754964000000,3.9,3.936,3.894,3.917,167256.0,1754967599999,655297.59726,2466
DOTUSDT,1754967600000,3.917,3.918,3.891,3.897,153969.73,1754971199999,600819.49169,2031
DOTUSDT,1754971200000,3.897,3.924,3.892,3.923,131135.44,1754974799999,512835.84293,2118
DOTUSDT,1754974800000,3.921,3.922,3.861,3.882,178077.79,1754978399999,691151.99882,3067
DOTUSDT,1754978400000,3.882,3.904,3.853,3.891,271921.12,1754981999999,1056458.06107,3696
DOTUSDT,1754982000000,3.89,3.935,3.888,3.922,377507.88,1754985599999,1478634.933,4515
DOTUSDT,1754985600000,3.923,3.923,3.884,3.888,175601.54,1754989199999,684607.56536,2734
DOTUSDT,1754989200000,3.888,3.893,3.864,3.868,232075.87,1754992799999,899570.61651,2599
DOTUSDT,1754992800000,3.866,3.885,3.858,3.862,117767.69,1754996399999,455627.90157,1999
DOTUSDT,1754996400000,3.863,3.892,3.837,3.885,345693.97,1754999999999,1335385.84963,3891
DOTUSDT,1755000000000,3.885,4.003,3.87,3.985,1070763.06,1755003599999,4241149.01136,15250
DOTUSDT,1755003600000,3.986,4.007,3.934,3.956,715654.57,1755007199999,2844235.40978,9974
DOTUSDT,1755007200000,3.955,4.029,3.948,4.02,466960.97,1755010799999,1864917.24427,7379
DOTUSDT,1755010800000,4.02,4.097,4.016,4.095,516220.61,1755014399999,2096387.04365,7610
DOTUSDT,1755014400000,4.095,4.195,4.074,4.188,1287797.7,1755017999999,5325807.59904,15436
DOTUSDT,1755018000000,4.188,4.234,4.159,4.164,1088296.64,1755021599999,4567400.23739,16090
DOTUSDT,1755021600000,4.165,4.212,4.14,4.155,513908.89,1755025199999,2148027.13701,8044
DOTUSDT,1755025200000,4.156,4.179,4.143,4.173,274766.28,1755028799999,1144103.78406,4271
DOTUSDT,1755028800000,4.174,4.209,4.166,4.194,407711.26,1755032399999,1707897.10799,5642
DOTUSDT,1755032400000,4.193,4.196,4.156,4.165,265185.43,1755035999999,1107978.48785,3753
DOTUSDT,1755036000000,4.166,4.173,4.141,4.152,271299.64,1755039599999,1128654.38654,3192
DOTUSDT,1755039600000,4.154,4.163,4.127,4.157,333418.43,1755043199999,1382005.57568,3374
DOTUSDT,1755043200000,4.157,4.191,4.156,4.173,413781.42,1755046799999,1728994.09522,4662
DOTUSDT,1755046800000,4.174,4.175,4.108,4.12,419732.77,1755050399999,1734057.94399,4663
DOTUSDT,1755050400000,4.121,4.176,4.097,4.172,304690.25,1755053999999,1259210.25724,3773
DOTUSDT,1755054000000,4.172,4.199,4.153,4.189,364973.52,1755057599999,1524952.9303,4965
DOTUSDT,1755057600000,4.188,4.226,4.178,4.199,438139.44,1755061199999,1841000.38335,5324
DOTUSDT,1755061200000,4.199,4.199,4.147,4.149,234643.33,1755064799999,979160.82193,3740
DOTUSDT,1755064800000,4.148,4.178,4.133,4.164,218019.0,1755068399999,905782.85639,3792
DOTUSDT,1755068400000,4.165,4.203,4.161,4.202,243390.75,1755071999999,1016395.72367,3402
DOTUSDT,1755072000000,4.201,4.242,4.197,4.214,492580.69,1755075599999,2078870.16429,5663
DOTUSDT,1755075600000,4.214,4.262,4.212,4.256,486335.83,1755079199999,2059978.84619,5495
DOTUSDT,1755079200000,4.256,4.29,4.252,4.283,554823.18,1755082799999,2373379.70921,5987
DOTUSDT,1755082800000,4.283,4.286,4.247,4.26,290847.58,1755086399999,1240503.61765,4465
DOTUSDT,1755086400000,4.26,4.278,4.23,4.234,354771.4,1755089999999,1510419.71105,4683
DOTUSDT,1755090000000,4.235,4.317,4.228,4.267,1058838.5,1755093599999,4521216.44661,13364
DOTUSDT,1755093600000,4.268,4.285,4.199,4.227,985437.43,1755097199999,4176981.27163,13059
DOTUSDT,1755097200000,4.227,4.243,4.17,4.22,979745.14,1755100799999,4120215.11422,12922
DOTUSDT,1755100800000,4.221,4.252,4.205,4.216,523378.81,1755104399999,2213206.0052,7597
DOTUSDT,1755104400000,4.216,4.251,4.213,4.23,257264.65,1755107999999,1089361.67492,4049
DOTUSDT,1755108000000,4.23,4.241,4.177,4.206,337091.85,1755111599999,1419136.98153,4581
DOTUSDT,1755111600000,4.206,4.25,4.196,4.249,224387.3,1755115199999,948457.80209,3375
DOTUSDT,1755115200000,4.249,4.255,4.221,4.241,144522.0,1755118799999,612700.73183,2529
DOTUSDT,1755118800000,4.242,4.273,4.227,4.246,263279.55,1755122399999,1119720.19644,3857
DOTUSDT,1755122400000,4.245,4.312,4.235,4.286,345792.3,1755125999999,1481055.68855,5117
DOTUSDT,1755126000000,4.287,4.317,4.272,4.276,361461.39,1755129599999,1551112.09497,4276
DOTUSDT,1755129600000,4.277,4.322,4.27,4.283,403517.6,1755133199999,1731902.06037,6038
DOTUSDT,1755133200000,4.282,4.328,4.246,4.317,465137.63,1755136799999,1996127.4072,7124
DOTUSDT,1755136800000,4.316,4.371,4.291,4.365,927549.68,1755140399999,4026637.58348,9003
DOTUSDT,1755140400000,4.365,4.368,4.33,4.334,593989.82,1755143999999,2584339.86844,6201
DOTUSDT,1755144000000,4.335,4.35,4.3,4.302,381373.05,1755147599999,1650998.57945,4462
DOTUSDT,1755147600000,4.302,4.321,4.257,4.27,588521.7,1755151199999,2522259.98665,6632
DOTUSDT,1755151200000,4.27,4.296,4.217,4.295,522840.89,1755154799999,2223760.93951,7940
DOTUSDT,1755154800000,4.294,4.296,4.238,4.256,368548.7,1755158399999,1570811.62469,4533
DOTUSDT,1755158400000,4.256,4.256,4.184,4.2,486476.03,1755161999999,2046872.51447,6495
DOTUSDT,1755162000000,4.2,4.245,4.179,4.237,305578.94,1755165599999,1286108.70882,4694
DOTUSDT,1755165600000,4.237,4.238,4.165,4.201,463063.42,1755169199999,1943322.41978,6375
DOTUSDT,1755169200000,4.2,4.214,4.181,4.196,315780.91,1755172799999,1325673.60427,3929
DOTUSDT,1755172800000,4.196,4.226,3.916,4.005,3797312.12,1755176399999,15447038.3632,51499
DOTUSDT,1755176400000,4.005,4.075,3.926,4.046,2068944.94,1755179999999,8265439.19005,27944
DOTUSDT,1755180000000,4.045,4.085,4.023,4.058,638500.71,1755183599999,2589001.81445,9749
DOTUSDT,1755183600000,4.059,4.077,4.014,4.026,533233.43,1755187199999,2155731.56953,7133
DOTUSDT,1755187200000,4.026,4.026,3.945,3.973,829298.03,1755190799999,3300079.46517,9816
DOTUSDT,1755190800000,3.972,4.003,3.94,3.993,491058.23,1755194399999,1956091.52198,5860
DOTUSDT,1755194400000,3.992,4.007,3.938,3.996,325646.03,1755197999999,1294485.24473,4821
DOTUSDT,1755198000000,3.997,4.028,3.99,3.994,319989.77,1755201599999,1284750.94558,3194
DOTUSDT,1755201600000,3.993,4.001,3.963,3.984,191557.91,1755205199999,762733.22057,3245
DOTUSDT,1755205200000,3.984,3.99,3.903,3.946,415249.04,1755208799999,1635304.29331,5999
DOTUSDT,1755208800000,3.946,3.977,3.924,3.974,215090.46,1755212399999,849976.24507,2835
DOTUSDT,1755212400000,3.973,3.996,3.971,3.986,142353.57,1755215999999,567121.78801,2059
DOTUSDT,1755216000000,3.985,4.007,3.966,3.979,381789.34,1755219599999,1520189.49377,3536
DOTUSDT,1755219600000,3.978,4.005,3.968,3.999,310256.03,1755223199999,1238484.88619,3167
DOTUSDT,1755223200000,3.999,4.016,3.986,4.002,421004.74,1755226799999,1686253.37073,2979
DOTUSDT,1755226800000,4.002,4.05,3.991,4.037,246542.71,1755230399999,993485.3955,3452
DOTUSDT,1755230400000,4.036,4.048,4.008,4.01,188575.76,1755233999999,758649.79706,2450
DOTUSDT,1755234000000,4.011,4.037,3.996,4.037,207891.23,1755237599999,833129.41011,2374
DOTUSDT,1755237600000,4.036,4.103,4.036,4.074,517319.38,1755241199999,2109376.99244,6277
DOTUSDT,1755241200000,4.074,4.074,4.017,4.032,407219.9,1755244799999,1647763.26094,4774
DOTUSDT,1755244800000,4.032,4.042,4.016,4.017,185913.17,1755248399999,749168.89485,2902
DOTUSDT,1755248400000,4.017,4.03,3.975,3.992,316476.6,1755251999999,1267092.74255,4518
DOTUSDT,1755252000000,3.992,4.034,3.985,3.992,586629.51,1755255599999,2349921.41881,5093
DOTUSDT,1755255600000,3.991,4.004,3.977,3.991,326423.55,1755259199999,1302080.67743,2884
DOTUSDT,1755259200000,3.991,4.036,3.937,3.988,908829.13,1755262799999,3628464.19574,12541
DOTUSDT,1755262800000,3.987,4.002,3.938,3.958,485997.25,1755266399999,1930722.96694,7833
DOTUSDT,1755266400000,3.957,3.982,3.907,3.925,753893.65,1755269999999,2972943.34221,9558
DOTUSDT,1755270000000,3.924,3.93,3.83,3.86,1264063.34,1755273599999,4894686.94275,16344
DOTUSDT,1755273600000,3.859,3.895,3.812,3.884,625198.59,1755277199999,2408431.7175,8381
DOTUSDT,1755277200000,3.884,3.912,3.851,3.88,496793.87,1755280799999,1930171.74115,6219
DOTUSDT,1755280800000,3.879,3.885,3.839,3.847,434641.97,1755284399999,1679973.38687,4715
DOTUSDT,1755284400000,3.848,3.872,3.829,3.83,321167.23,1755287999999,1234814.53705,4220
DOTUSDT,1755288000000,3.831,3.877,3.82,3.876,311221.66,1755291599999,1198041.89424,4479
DOTUSDT,1755291600000,3.875,3.889,3.862,3.884,199941.27,1755295199999,775260.75238,3156
DOTUSDT,1755295200000,3.884,3.936,3.874,3.933,257440.2,1755298799999,1003352.88822,3325
DOTUSDT,1755298800000,3.932,3.938,3.875,3.896,187969.84,1755302399999,732203.35197,3690
DOTUSDT,1755302400000,3.895,3.955,3.89,3.945,264649.36,1755305999999,1039500.87593,4452
DOTUSDT,1755306000000,3.945,3.948,3.93,3.937,197177.37,1755309599999,775888.90735,2562
DOTUSDT,1755309600000,3.937,3.938,3.915,3.92,125054.5,1755313199999,491192.14927,1723
DOTUSDT,1755313200000,3.92,3.936,3.906,3.909,95198.35,1755316799999,373284.69921,1531
DOTUSDT,1755316800000,3.91,3.935,3.902,3.931,124737.85,1755320399999,488329.41619,1563
DOTUSDT,1755320400000,3.932,3.932,3.898,3.904,65998.99,1755323999999,258165.22086,1288
DOTUSDT,1755324000000,3.905,3.911,3.89,3.9,165553.44,1755327599999,645952.42136,1839
DOTUSDT,1755327600000,3.901,3.94,3.898,3.935,115101.73,1755331199999,451646.46474,1746
DOTUSDT,1755331200000,3.936,3.953,3.934,3.942,126157.62,1755334799999,497572.31705,1669
DOTUSDT,1755334800000,3.942,3.966,3.906,3.907,145368.34,1755338399999,573240.27622,2677
DOTUSDT,1755338400000,3.907,3.93,3.894,3.911,253817.57,1755341999999,993301.92426,3375
DOTUSDT,1755342000000,3.913,3.939,3.896,3.899,132751.9,1755345599999,519694.67883,2069
DOTUSDT,1755345600000,3.9,3.941,3.893,3.938,135358.82,1755349199999,529572.58575,2342
DOTUSDT,1755349200000,3.937,3.956,3.917,3.918,137765.25,1755352799999,542301.52188,2028
DOTUSDT,1755352800000,3.919,3.962,3.914,3.958,138353.74,1755356399999,544948.34192,2198
DOTUSDT,1755356400000,3.958,3.997,3.957,3.981,290368.76,1755359999999,1156514.13987,3384
DOTUSDT,1755360000000,3.981,3.99,3.956,3.963,157406.19,1755363599999,625397.50756,2347
DOTUSDT,1755363600000,3.964,3.964,3.936,3.945,83995.96,1755367199999,331489.27938,1640
DOTUSDT,1755367200000,3.945,3.964,3.935,3.946,158748.98,1755370799999,626304.24226,1637
DOTUSDT,1755370800000,3.945,3.966,3.944,3.947,103355.09,1755374399999,408528.88327,1457
DOTUSDT,1755374400000,3.947,3.97,3.942,3.962,81351.59,1755377999999,321855.68544,1595
DOTUSDT,1755378000000,3.961,3.963,3.946,3.948,67889.72,1755381599999,268545.14179,1039
DOTUSDT,1755381600000,3.948,3.983,3.942,3.979,113295.79,1755385199999,449320.1614,1657
DOTUSDT,1755385200000,3.979,3.979,3.954,3.966,43265.94,1755388799999,171531.26361,937
DOTUSDT,1755388800000,3.965,3.966,3.94,3.943,101564.33,1755392399999,401158.91191,1515
DOTUSDT,1755392400000,3.942,3.949,3.923,3.944,153675.23,1755395999999,604558.78635,1909
DOTUSDT,1755396000000,3.943,3.968,3.927,3.968,63789.41,1755399599999,251913.34813,1447
DOTUSDT,1755399600000,3.968,3.988,3.955,3.981,85779.59,1755403199999,340866.46342,1413
DOTUSDT,1755403200000,3.981,4.025,3.979,4.022,275426.25,1755406799999,1102775.40946,3211
DOTUSDT,1755406800000,4.022,4.037,4.013,4.016,232016.72,1755410399999,933962.05854,3047
DOTUSDT,1755410400000,4.016,4.028,3.997,3.999,195664.04,1755413999999,785205.9518,2045
DOTUSDT,1755414000000,4.001,4.027,3.998,4.023,117479.64,1755417599999,471544.57357,1888
DOTUSDT,1755417600000,4.022,4.062,4.019,4.059,211748.02,1755421199999,855136.03557,2882
DOTUSDT,1755421200000,4.058,4.067,4.038,4.067,297731.78,1755424799999,1206905.6122,3855
DOTUSDT,1755424800000,4.067,4.084,4.049,4.081,375932.21,1755428399999,1527064.94374,4146
DOTUSDT,1755428400000,4.08,4.098,4.062,4.089,220365.6,1755431999999,899146.5578,2854
DOTUSDT,1755432000000,4.089,4.089,4.054,4.058,244708.67,1755435599999,995637.43383,2600
DOTUSDT,1755435600000,4.058,4.082,4.05,4.068,154245.99,1755439199999,626906.70957,2206
DOTUSDT,1755439200000,4.068,4.107,4.06,4.097,189439.58,1755442799999,773800.92433,2434
DOTUSDT,1755442800000,4.097,4.17,4.095,4.17,526467.91,1755446399999,2180907.23849,6207
DOTUSDT,1755446400000,4.171,4.193,4.116,4.134,885364.88,1755449999999,3676269.39023,12001
DOTUSDT,1755450000000,4.134,4.145,4.109,4.11,314873.3,1755453599999,1298990.16351,4454
DOTUSDT,1755453600000,4.11,4.128,4.044,4.082,335389.79,1755457199999,1370591.24541,5443
DOTUSDT,1755457200000,4.084,4.095,4.056,4.063,195177.37,1755460799999,795559.53007,2989
DOTUSDT,1755460800000,4.062,4.095,4.057,4.072,244826.66,1755464399999,998540.47898,2393
DOTUSDT,1755464400000,4.072,4.08,4.059,4.064,134576.26,1755467999999,547708.84024,1538
DOTUSDT,1755468000000,4.063,4.103,4.059,4.09,184822.63,1755471599999,755746.83363,2653
DOTUSDT,1755471600000,4.089,4.09,4.049,4.051,314199.32,1755475199999,1278613.08811,3524
DOTUSDT,1755475200000,4.052,4.062,4.021,4.045,451917.49,1755478799999,1825944.36659,4830
DOTUSDT,1755478800000,4.044,4.048,3.969,3.978,573314.29,1755482399999,2292350.21407,8289
DOTUSDT,1755482400000,3.977,3.985,3.884,3.891,927634.45,1755485999999,3646500.83339,12609
DOTUSDT,1755486000000,3.891,3.91,3.85,3.898,842678.69,1755489599999,3274804.4892,9210
DOTUSDT,1755489600000,3.897,3.929,3.875,3.922,339995.59,1755493199999,1326930.19868,4867
DOTUSDT,1755493200000,3.922,3.931,3.868,3.911,294976.52,1755496799999,1150759.34242,4355
DOTUSDT,1755496800000,3.912,3.912,3.836,3.865,536537.65,1755500399999,2073936.38612,6670
DOTUSDT,1755500400000,3.864,3.885,3.86,3.864,229441.27,1755503999999,887738.43979,3446
DOTUSDT,1755504000000,3.864,3.881,3.849,3.85,195998.74,1755507599999,756958.16884,2458
DOTUSDT,1755507600000,3.85,3.894,3.83,3.885,785324.0,1755511199999,3032989.03732,6577
DOTUSDT,1755511200000,3.885,3.914,3.874,3.905,784173.21,1755514799999,3052536.44046,6205
DOTUSDT,1755514800000,3.906,3.928,3.894,3.921,670636.87,1755518399999,2621708.27792,6262
DOTUSDT,1755518400000,3.921,3.97,3.911,3.97,321512.07,1755521999999,1267349.80806,4944
DOTUSDT,1755522000000,3.97,3.981,3.892,3.892,510110.01,1755525599999,2010867.57055,5718
DOTUSDT,1755525600000,3.894,3.92,3.867,3.914,342057.66,1755529199999,1333755.89321,5002
DOTUSDT,1755529200000,3.914,3.922,3.875,3.919,215304.24,1755532799999,839156.86271,3702
DOTUSDT,1755532800000,3.919,3.935,3.877,3.885,151562.24,1755536399999,591414.81022,3523
DOTUSDT,1755536400000,3.887,3.955,3.882,3.914,230279.74,1755539999999,905771.386,3726
DOTUSDT,1755540000000,3.914,3.947,3.898,3.942,88833.32,1755543599999,348362.41353,2155
DOTUSDT,1755543600000,3.944,3.959,3.924,3.931,308315.1,1755547199999,1216709.85668,3290
DOTUSDT,1755547200000,3.931,3.939,3.9,3.919,164956.11,1755550799999,646953.66249,2239
DOTUSDT,1755550800000,3.918,3.954,3.914,3.942,114291.54,1755554399999,449711.52078,1817
DOTUSDT,1755554400000,3.942,3.975,3.937,3.938,185333.16,1755557999999,734079.61431,2376
DOTUSDT,1755558000000,3.938,3.945,3.907,3.914,103184.79,1755561599999,405003.00546,1546
DOTUSDT,1755561600000,3.915,3.946,3.863,3.946,351746.94,1755565199999,1371394.13213,5377
DOTUSDT,1755565200000,3.945,3.96,3.893,3.904,203806.17,1755568799999,800408.14332,3272
DOTUSDT,1755568800000,3.905,3.913,3.886,3.889,113912.57,1755572399999,444520.9099,2269
DOTUSDT,1755572400000,3.89,3.894,3.81,3.825,538856.31,1755575999999,2069824.07208,7532
DOTUSDT,1755576000000,3.824,3.842,3.786,3.842,552406.47,1755579599999,2105348.20421,7864
DOTUSDT,1755579600000,3.842,3.853,3.816,3.832,292598.3,1755583199999,1120814.2748,2766
DOTUSDT,1755583200000,3.832,3.848,3.82,3.835,159601.62,1755586799999,611960.93384,2318
DOTUSDT,1755586800000,3.835,3.839,3.807,3.839,189565.46,1755590399999,724110.7123,3336
DOTUSDT,1755590400000,3.838,3.859,3.81,3.843,307282.1,1755593999999,1176454.42287,3409
DOTUSDT,1755594000000,3.844,3.882,3.841,3.86,196952.2,1755597599999,761231.39316,3015
DOTUSDT,1755597600000,3.862,3.899,3.855,3.884,151518.92,1755601199999,587623.09042,2109
DOTUSDT,1755601200000,3.885,3.895,3.869,3.888,128109.11,1755604799999,497299.19595,1993
DOTUSDT,1755604800000,3.888,3.888,3.857,3.875,135044.03,1755608399999,522568.01546,1993
DOTUSDT,1755608400000,3.874,3.908,3.83,3.86,368888.75,1755611999999,1422931.87814,6254
DOTUSDT,1755612000000,3.861,3.873,3.785,3.805,486163.08,1755615599999,1854042.44728,7655
DOTUSDT,1755615600000,3.805,3.827,3.771,3.775,640816.95,1755619199999,2432195.88507,6708
DOTUSDT,1755619200000,3.775,3.795,3.762,3.78,487062.43,1755622799999,1839529.00202,5971
DOTUSDT,1755622800000,3.78,3.805,3.751,3.803,379518.9,1755626399999,1433546.07111,5359
DOTUSDT,1755626400000,3.802,3.805,3.744,3.757,286413.79,1755629999999,1080434.41268,4489
DOTUSDT,1755630000000,3.758,3.779,3.718,3.74,426162.62,1755633599999,1595917.708,5821
DOTUSDT,1755633600000,3.741,3.776,3.724,3.776,248053.79,1755637199999,929517.21759,2773
DOTUSDT,1755637200000,3.776,3.784,3.763,3.783,149728.42,1755640799999,564971.31398,1676
DOTUSDT,1755640800000,3.782,3.782,3.752,3.758,225612.67,1755644399999,849436.83253,2541
DOTUSDT,1755644400000,3.759,3.76,3.712,3.719,286130.96,1755647999999,1068017.84283,3586
DOTUSDT,1755648000000,3.72,3.753,3.717,3.741,213890.32,1755651599999,799297.27973,2629
DOTUSDT,1755651600000,3.741,3.754,3.697,3.747,462863.68,1755655199999,1722474.06858,5272
DOTUSDT,1755655200000,3.748,3.763,3.735,3.74,291723.16,1755658799999,1092756.15257,3586
DOTUSDT,1755658800000,3.741,3.777,3.73,3.753,209301.8,1755662399999,785617.86346,2606
DOTUSDT,1755662400000,3.753,3.786,3.753,3.78,228984.27,1755665999999,864713.55309,2587
DOTUSDT,1755666000000,3.779,3.785,3.763,3.785,205402.59,1755669599999,774891.88446,1911
DOTUSDT,1755669600000,3.784,3.786,3.752,3.77,185277.09,1755673199999,698257.03971,1942
DOTUSDT,1755673200000,3.771,3.789,3.767,3.77,252018.92,1755676799999,952440.89423,2519
DOTUSDT,1755676800000,3.771,3.816,3.765,3.816,262910.03,1755680399999,998228.4805,2880
DOTUSDT,1755680400000,3.814,3.817,3.796,3.808,162221.51,1755683999999,617510.66667,1891
DOTUSDT,1755684000000,3.808,3.814,3.791,3.793,143927.92,1755687599999,546994.37159,1709
DOTUSDT,1755687600000,3.793,3.795,3.733,3.778,285547.29,1755691199999,1073919.05983,3724
DOTUSDT,1755691200000,3.778,3.811,3.774,3.795,264318.38,1755694799999,1002857.62453,3715
DOTUSDT,1755694800000,3.796,3.799,3.723,3.734,394826.82,1755698399999,1483746.1301,6482
DOTUSDT,1755698400000,3.733,3.816,3.71,3.789,723732.16,1755701999999,2727075.27588,8962
DOTUSDT,1755702000000,3.788,3.866,3.783,3.822,593193.93,1755705599999,2276993.3174,8625
DOTUSDT,1755705600000,3.822,3.879,3.822,3.85,236734.73,1755709199999,913194.78913,4633
DOTUSDT,1755709200000,3.85,3.892,3.844,3.878,293841.01,1755712799999,1135943.41526,4245
DOTUSDT,1755712800000,3.879,3.879,3.817,3.847,261925.41,1755716399999,1004591.33267,4273
DOTUSDT,1755716400000,3.849,3.905,3.845,3.902,193348.05,1755719999999,751222.76662,3380
DOTUSDT,1755720000000,3.903,3.905,3.885,3.895,148579.76,1755723599999,578704.75717,2355
DOTUSDT,1755723600000,3.895,3.905,3.876,3.89,217209.37,1755727199999,845421.67445,2610
DOTUSDT,1755727200000,3.89,3.905,3.884,3.899,150177.04,1755730799999,584770.01706,2097
DOTUSDT,1755730800000,3.899,3.901,3.877,3.884,87930.86,1755734399999,341827.64341,1358
DOTUSDT,1755734400000,3.884,3.891,3.865,3.885,108984.46,1755737999999,422508.72025,2143
DOTUSDT,1755738000000,3.885,3.911,3.87,3.91,86368.66,1755741599999,335964.42728,2043
DOTUSDT,1755741600000,3.91,3.92,3.856,3.876,242369.12,1755745199999,939365.8885,2903
DOTUSDT,1755745200000,3.876,3.923,3.876,3.882,136932.84,1755748799999,534001.53164,2373
DOTUSDT,1755748800000,3.88,3.896,3.867,3.884,60389.68,1755752399999,234251.00677,1247
DOTUSDT,1755752400000,3.884,3.898,3.868,3.898,109203.56,1755755999999,423542.85275,1534
DOTUSDT,1755756000000,3.897,3.898,3.864,3.87,93557.8,1755759599999,363146.03363,1234
DOTUSDT,1755759600000,3.87,3.875,3.842,3.871,81975.35,1755763199999,316627.78781,1791
DOTUSDT,1755763200000,3.872,3.875,3.842,3.842,94270.96,1755766799999,363351.71728,1661
DOTUSDT,1755766800000,3.844,3.851,3.822,3.831,343258.36,1755770399999,1316523.90384,3502
DOTUSDT,1755770400000,3.832,3.844,3.822,3.834,92280.84,1755773999999,353793.26258,1435
DOTUSDT,1755774000000,3.835,3.852,3.819,3.83,136963.62,1755777599999,525330.89489,1859
DOTUSDT,1755777600000,3.829,3.847,3.801,3.814,186138.82,1755781199999,711887.62167,2721
DOTUSDT,1755781200000,3.815,3.864,3.808,3.831,155198.24,1755784799999,596260.7381,3801
DOTUSDT,1755784800000,3.832,3.872,3.808,3.825,238188.05,1755788399999,915439.6656,4609
DOTUSDT,1755788400000,3.826,3.832,3.782,3.795,226766.09,1755791999999,863248.45951,3946
DOTUSDT,1755792000000,3.794,3.821,3.78,3.784,185054.12,1755795599999,702806.06694,2751
DOTUSDT,1755795600000,3.785,3.81,3.773,3.805,328018.4,1755799199999,1241494.98586,2742
DOTUSDT,1755799200000,3.805,3.842,3.801,3.839,134443.71,1755802799999,514069.31284,2052
DOTUSDT,1755802800000,3.838,3.848,3.793,3.798,137097.5,1755806399999,522978.65562,2013
DOTUSDT,1755806400000,3.799,3.829,3.782,3.816,152125.03,1755809999999,578139.33999,2016
DOTUSDT,1755810000000,3.817,3.835,3.794,3.824,112374.66,1755813599999,429356.37243,1676
DOTUSDT,1755813600000,3.825,3.839,3.82,3.823,53508.89,1755817199999,204834.56719,840
DOTUSDT,1755817200000,3.824,3.824,3.78,3.797,128836.48,1755820799999,489038.42734,1443
DOTUSDT,1755820800000,3.797,3.82,3.789,3.796,73509.04,1755824399999,279972.35156,1561
DOTUSDT,1755824400000,3.797,3.82,3.77,3.814,172060.7,1755827999999,652955.73996,2123
DOTUSDT,1755828000000,3.813,3.853,3.808,3.828,159766.43,1755831599999,613016.93894,2041
DOTUSDT,1755831600000,3.829,3.837,3.79,3.798,87722.1,1755835199999,333847.63903,1575
DOTUSDT,1755835200000,3.798,3.837,3.797,3.807,128174.8,1755838799999,489547.62892,2115
DOTUSDT,1755838800000,3.808,3.826,3.796,3.819,47800.81,1755842399999,182149.08623,1207
DOTUSDT,1755842400000,3.818,3.837,3.804,3.813,282520.93,1755845999999,1080021.1601,2468
DOTUSDT,1755846000000,3.813,3.851,3.809,3.841,110866.12,1755849599999,425826.39916,1911
DOTUSDT,1755849600000,3.841,3.853,3.823,3.825,153692.54,1755853199999,589775.62072,1714
DOTUSDT,1755853200000,3.825,3.832,3.805,3.82,114694.24,1755856799999,437990.34239,1697
DOTUSDT,1755856800000,3.82,3.82,3.785,3.793,166485.12,1755860399999,632173.252,2085
DOTUSDT,1755860400000,3.794,3.795,3.751,3.753,214916.22,1755863999999,810165.25768,2808
DOTUSDT,1755864000000,3.753,3.755,3.69,3.729,580974.19,1755867599999,2162184.56169,8281
DOTUSDT,1755867600000,3.729,3.77,3.699,3.736,991737.85,1755871199999,3691521.08955,9370
DOTUSDT,1755871200000,3.735,3.959,3.735,3.927,3258684.18,1755874799999,12640376.28088,39717
DOTUSDT,1755874800000,3.93,4.003,3.93,3.96,939883.51,1755878399999,3739178.46062,9819
DOTUSDT,1755878400000,3.96,4.07,3.96,4.041,1190974.65,1755881999999,4809302.96869,17632
DOTUSDT,1755882000000,4.04,4.11,4.04,4.066,1108871.48,1755885599999,4527508.63778,13752
DOTUSDT,1755885600000,4.066,4.11,4.052,4.079,569612.9,1755889199999,2322586.57182,6457
DOTUSDT,1755889200000,4.079,4.115,4.073,4.099,484188.07,1755892799999,1983043.26298,5533
DOTUSDT,1755892800000,4.099,4.134,4.099,4.134,411818.3,1755896399999,1693690.87738,5268
DOTUSDT,1755896400000,4.134,4.207,4.131,4.198,1076872.03,1755899999999,4495772.70589,10893
DOTUSDT,1755900000000,4.197,4.201,4.16,4.181,545858.91,1755903599999,2281752.60735,7409
DOTUSDT,1755903600000,4.18,4.198,4.172,4.18,287389.9,1755907199999,1202179.03456,4885
DOTUSDT,1755907200000,4.181,4.193,4.139,4.144,540946.0,1755910799999,2251902.47916,7635
DOTUSDT,1755910800000,4.144,4.152,4.072,4.111,693596.84,1755914399999,2852638.5145,7843
DOTUSDT,1755914400000,4.112,4.124,4.026,4.061,389670.25,1755917999999,1584717.35991,6918
DOTUSDT,1755918000000,4.061,4.071,4.038,4.048,210986.66,1755921599999,855934.35347,3617
DOTUSDT,1755921600000,4.047,4.129,4.047,4.128,250755.52,1755925199999,1026855.75857,3858
DOTUSDT,1755925200000,4.128,4.179,4.121,4.178,286966.75,1755928799999,1191274.59829,4592
DOTUSDT,1755928800000,4.177,4.185,4.147,4.16,348437.17,1755932399999,1449067.52302,4157
DOTUSDT,1755932400000,4.16,4.183,4.135,4.145,309091.59,1755935999999,1285245.29973,3815
DOTUSDT,1755936000000,4.145,4.164,4.131,4.146,381437.53,1755939599999,1581739.32185,3926
DOTUSDT,1755939600000,4.145,4.16,4.126,4.153,238443.27,1755943199999,987698.81345,2843
DOTUSDT,1755943200000,4.153,4.159,4.121,4.125,195064.6,1755946799999,806622.20439,2699
DOTUSDT,1755946800000,4.124,4.147,4.12,4.14,248126.24,1755950399999,1026247.20363,2750
DOTUSDT,1755950400000,4.141,4.167,4.12,4.147,228824.27,1755953999999,948972.69091,3171
DOTUSDT,1755954000000,4.148,4.159,4.124,4.132,348209.43,1755957599999,1440999.44604,4097
DOTUSDT,1755957600000,4.132,4.173,4.122,4.149,273015.27,1755961199999,1132437.01301,4084
DOTUSDT,1755961200000,4.149,4.166,4.148,4.156,174605.54,1755964799999,725863.5381,2495
DOTUSDT,1755964800000,4.156,4.161,4.134,4.149,219607.16,1755968399999,910296.28121,2344
DOTUSDT,1755968400000,4.148,4.163,4.143,4.147,203456.44,1755971999999,844504.74583,1975
DOTUSDT,1755972000000,4.147,4.168,4.147,4.168,100451.42,1755975599999,417519.42156,1543
DOTUSDT,1755975600000,4.168,4.244,4.166,4.235,629677.45,1755979199999,2649043.27235,6532
DOTUSDT,1755979200000,4.236,4.265,4.188,4.211,717608.78,1755982799999,3026304.03298,7378
DOTUSDT,1755982800000,4.21,4.214,4.182,4.202,177968.66,1755986399999,746874.43932,2397
DOTUSDT,1755986400000,4.202,4.24,4.201,4.235,237372.72,1755989999999,1001028.62293,2500
DOTUSDT,1755990000000,4.236,4.244,4.215,4.228,230228.61,1755993599999,973604.39048,2456
DOTUSDT,1755993600000,4.228,4.24,4.214,4.22,159175.25,1755997199999,672899.81278,2448
DOTUSDT,1755997200000,4.22,4.221,4.181,4.187,326369.29,1756000799999,1370160.74387,3036
DOTUSDT,1756000800000,4.188,4.188,4.16,4.165,187480.69,1756004399999,782876.07484,2767
DOTUSDT,1756004400000,4.165,4.169,4.137,4.163,155555.05,1756007999999,645370.88668,2338
DOTUSDT,1756008000000,4.163,4.172,4.148,4.16,140653.49,1756011599999,584809.9954,1814
DOTUSDT,1756011600000,4.16,4.16,4.127,4.134,163074.27,1756015199999,675529.45871,2158
DOTUSDT,1756015200000,4.134,4.134,4.078,4.079,386817.79,1756018799999,1586254.50598,3883
DOTUSDT,1756018800000,4.079,4.114,4.075,4.088,192438.03,1756022399999,788644.17916,2295
DOTUSDT,1756022400000,4.089,4.113,4.08,4.103,149951.81,1756025999999,614464.7566,1869
DOTUSDT,1756026000000,4.103,4.11,4.073,4.074,134163.53,1756029599999,548277.59414,1846
DOTUSDT,1756029600000,4.073,4.075,4.029,4.042,301636.38,1756033199999,1220676.44422,4068
DOTUSDT,1756033200000,4.041,4.054,4.013,4.036,663453.69,1756036799999,2670210.11866,4655
DOTUSDT,1756036800000,4.036,4.056,4.032,4.056,108508.33,1756040399999,438837.99756,1989
DOTUSDT,1756040400000,4.056,4.065,4.033,4.035,187015.91,1756043999999,757336.90323,2407
DOTUSDT,1756044000000,4.035,4.064,4.022,4.062,182720.22,1756047599999,738512.1512,2753
DOTUSDT,1756047600000,4.061,4.106,4.053,4.061,488688.85,1756051199999,1996842.44165,4518
DOTUSDT,1756051200000,4.062,4.082,4.044,4.075,249479.3,1756054799999,1014143.26239,2812
DOTUSDT,1756054800000,4.075,4.151,4.074,4.144,379328.05,1756058399999,1559993.73678,5133
DOTUSDT,1756058400000,4.143,4.267,4.129,4.25,948927.24,1756061999999,3999510.99294,10955
DOTUSDT,1756062000000,4.25,4.283,4.055,4.133,2770703.64,1756065599999,11491244.43933,47594
DOTUSDT,1756065600000,4.134,4.158,4.04,4.12,1266085.58,1756069199999,5190159.36966,20538
DOTUSDT,1756069200000,4.119,4.161,4.095,4.122,421507.45,1756072799999,1738512.34275,6294
DOTUSDT,1756072800000,4.123,4.129,4.061,4.115,379713.89,1756076399999,1554393.77676,5136
DOTUSDT,1756076400000,4.115,4.135,4.105,4.11,171417.64,1756079999999,705681.80409,2772
DOTUSDT,1756080000000,4.11,4.138,4.034,4.064,489461.79,1756083599999,2001533.4091,7937
DOTUSDT,1756083600000,4.064,4.113,4.051,4.088,233730.56,1756087199999,954060.33355,3789
DOTUSDT,1756087200000,4.088,4.145,4.087,4.128,281758.21,1756090799999,1161296.45192,4133
DOTUSDT,1756090800000,4.127,4.146,4.094,4.101,167878.07,1756094399999,692173.17357,2877
DOTUSDT,1756094400000,4.101,4.109,4.058,4.061,363634.78,1756097999999,1484743.38407,4151
DOTUSDT,1756098000000,4.062,4.08,4.03,4.031,599588.98,1756101599999,2431198.49233,5305
DOTUSDT,1756101600000,4.03,4.039,3.966,3.967,642861.87,1756105199999,2571456.73975,8283
DOTUSDT,1756105200000,3.968,3.992,3.897,3.914,866793.53,1756108799999,3409520.63737,9571
DOTUSDT,1756108800000,3.913,3.939,3.879,3.928,629825.54,1756112399999,2462797.15475,7689
DOTUSDT,1756112400000,3.928,3.933,3.896,3.922,465050.94,1756115999999,1817777.10618,4806
DOTUSDT,1756116000000,3.921,3.921,3.853,3.869,720836.23,1756119599999,2794511.32037,7947
DOTUSDT,1756119600000,3.869,3.901,3.862,3.9,393889.39,1756123199999,1528696.44505,4215
DOTUSDT,1756123200000,3.901,3.911,3.88,3.91,295644.03,1756126799999,1151731.49316,4187
DOTUSDT,1756126800000,3.91,3.912,3.861,3.89,410702.01,1756130399999,1597289.16128,7397
DOTUSDT,1756130400000,3.891,3.932,3.882,3.907,300966.37,1756133999999,1177902.38121,5249
DOTUSDT,1756134000000,3.906,3.915,3.862,3.87,209187.42,1756137599999,813880.85733,3739
DOTUSDT,1756137600000,3.871,3.896,3.847,3.866,239067.71,1756141199999,925696.2081,4337
DOTUSDT,1756141200000,3.865,3.867,3.827,3.848,263937.55,1756144799999,1014695.09381,4547
DOTUSDT,1756144800000,3.848,3.861,3.831,3.844,242207.66,1756148399999,931635.95209,3489
DOTUSDT,1756148400000,3.844,3.851,3.77,3.778,869366.58,1756151999999,3310485.1719,9492
DOTUSDT,1756152000000,3.778,3.795,3.701,3.704,1914483.6,1756155599999,7160376.18862,23466
DOTUSDT,1756155600000,3.703,3.74,3.689,3.711,1211471.5,1756159199999,4499980.24784,13733
DOTUSDT,1756159200000,3.711,3.762,3.708,3.743,670402.09,1756162799999,2502237.25122,7128
DOTUSDT,1756162800000,3.742,3.742,3.711,3.734,356878.8,1756166399999,1330556.66949,4475
DOTUSDT,1756166400000,3.733,3.751,3.708,3.732,467868.91,1756169999999,1744669.02156,7674
DOTUSDT,1756170000000,3.731,3.793,3.717,3.791,388414.31,1756173599999,1459227.10213,5188
DOTUSDT,1756173600000,3.791,3.811,3.768,3.779,234335.7,1756177199999,887476.94504,3364
DOTUSDT,1756177200000,3.779,3.801,3.764,3.789,161903.07,1756180799999,613126.73995,2427
DOTUSDT,1756180800000,3.79,3.815,3.789,3.802,146665.45,1756184399999,558119.49211,2508
DOTUSDT,1756184400000,3.803,3.815,3.793,3.793,128813.14,1756187999999,490210.98243,2251
DOTUSDT,1756188000000,3.792,3.805,3.761,3.77,236625.29,1756191599999,895301.37536,3350
DOTUSDT,1756191600000,3.769,3.814,3.755,3.795,233646.16,1756195199999,883983.16313,3371
DOTUSDT,1756195200000,3.795,3.799,3.764,3.775,142279.28,1756198799999,537828.26936,2263
DOTUSDT,1756198800000,3.775,3.795,3.771,3.785,154434.27,1756202399999,584179.5422,2251
DOTUSDT,1756202400000,3.784,3.813,3.784,3.799,198482.11,1756205999999,753961.31229,2422
DOTUSDT,1756206000000,3.799,3.804,3.761,3.782,175218.17,1756209599999,662701.60297,2117
DOTUSDT,1756209600000,3.781,3.856,3.76,3.826,526029.06,1756213199999,2010348.55371,8132
DOTUSDT,1756213200000,3.825,3.837,3.762,3.809,440220.4,1756216799999,1675412.37286,7883
DOTUSDT,1756216800000,3.809,3.853,3.785,3.838,416562.18,1756220399999,1592161.01072,5963
DOTUSDT,1756220400000,3.838,3.855,3.802,3.813,301560.99,1756223999999,1153360.74219,3415
DOTUSDT,1756224000000,3.814,3.851,3.805,3.85,173770.89,1756227599999,665593.26591,2477
DOTUSDT,1756227600000,3.849,3.851,3.812,3.831,110116.76,1756231199999,421886.78478,2008
DOTUSDT,1756231200000,3.832,3.867,3.83,3.859,124643.19,1756234799999,480018.23245,1987
DOTUSDT,1756234800000,3.858,3.915,3.849,3.908,302538.61,1756238399999,1174524.41523,3243
DOTUSDT,1756238400000,3.907,3.923,3.885,3.896,315976.06,1756241999999,1232640.65969,2996
DOTUSDT,1756242000000,3.896,3.906,3.878,3.905,144343.19,1756245599999,561684.36654,3174
DOTUSDT,1756245600000,3.905,3.912,3.882,3.896,200827.49,1756249199999,781862.86707,4680
DOTUSDT,1756249200000,3.897,3.911,3.882,3.887,149917.99,1756252799999,584031.51587,2322
DOTUSDT,1756252800000,3.887,3.891,3.864,3.87,116840.78,1756256399999,453402.86261,1757
DOTUSDT,1756256400000,3.87,3.872,3.85,3.871,145438.12,1756259999999,561096.21883,2010
DOTUSDT,1756260000000,3.871,3.887,3.848,3.874,68654.87,1756263599999,265741.74283,1590
DOTUSDT,1756263600000,3.873,3.911,3.853,3.892,138476.45,1756267199999,537645.51672,2553
DOTUSDT,1756267200000,3.892,3.925,3.887,3.92,317476.12,1756270799999,1240953.58972,3180
DOTUSDT,1756270800000,3.92,3.925,3.891,3.897,91420.24,1756274399999,357185.80978,1525
DOTUSDT,1756274400000,3.897,3.904,3.877,3.879,116347.27,1756277999999,452663.88323,1650
DOTUSDT,1756278000000,3.879,3.881,3.848,3.852,277146.59,1756281599999,1071080.10437,3088
DOTUSDT,1756281600000,3.852,3.869,3.836,3.868,172323.87,1756285199999,663601.36951,2260
DOTUSDT,1756285200000,3.868,3.886,3.864,3.866,219384.52,1756288799999,849981.29631,1937
DOTUSDT,1756288800000,3.866,3.879,3.856,3.866,138835.76,1756292399999,537122.28159,1642
DOTUSDT,1756292400000,3.867,3.889,3.867,3.884,91331.38,1756295999999,354188.87106,1347
DOTUSDT,1756296000000,3.883,3.894,3.861,3.879,144933.48,1756299599999,561303.631,2236
DOTUSDT,1756299600000,3.878,3.911,3.855,3.874,427231.44,1756303199999,1655923.19065,4784
DOTUSDT,1756303200000,3.875,3.934,3.864,3.903,414204.65,1756306799999,1618024.32574,5193
DOTUSDT,1756306800000,3.903,3.931,3.897,3.912,278505.25,1756310399999,1089238.25437,3826
DOTUSDT,1756310400000,3.912,3.914,3.869,3.895,186623.5,1756313999999,726749.89672,2907
DOTUSDT,1756314000000,3.894,3.912,3.878,3.908,157852.18,1756317599999,615091.35909,2218
DOTUSDT,1756317600000,3.907,3.919,3.882,3.882,178195.45,1756321199999,695872.37072,2328
DOTUSDT,1756321200000,3.884,3.891,3.842,3.866,325278.49,1756324799999,1258118.68268,3817
DOTUSDT,1756324800000,3.866,3.91,3.824,3.906,1221593.76,1756328399999,4731361.7425,20634
DOTUSDT,1756328400000,3.905,3.914,3.858,3.867,190595.59,1756331999999,740778.55745,2900
DOTUSDT,1756332000000,3.867,3.877,3.833,3.86,241824.38,1756335599999,931288.71742,2881
DOTUSDT,1756335600000,3.859,3.862,3.829,3.837,182979.33,1756339199999,703348.33254,2081
DOTUSDT,1756339200000,3.837,3.856,3.807,3.837,183760.02,1756342799999,703834.04909,3147
DOTUSDT,1756342800000,3.836,3.872,3.836,3.861,145121.95,1756346399999,559519.67797,2226
DOTUSDT,1756346400000,3.862,3.875,3.843,3.848,93342.5,1756349999999,360160.77544,1410
DOTUSDT,1756350000000,3.849,3.877,3.843,3.874,175474.37,1756353599999,677506.22627,1925
DOTUSDT,1756353600000,3.874,3.934,3.867,3.915,552007.54,1756357199999,2157097.79121,4900
DOTUSDT,1756357200000,3.915,3.942,3.912,3.935,431070.99,1756360799999,1692736.40947,3209
DOTUSDT,1756360800000,3.936,3.936,3.912,3.929,137050.45,1756364399999,538031.20743,1867
DOTUSDT,1756364400000,3.929,3.938,3.904,3.935,196910.27,1756367999999,771728.71767,2409
DOTUSDT,1756368000000,3.934,3.995,3.934,3.979,1869187.69,1756371599999,7413200.92667,20235
DOTUSDT,1756371600000,3.979,3.986,3.933,3.937,315192.11,1756375199999,1248160.83029,3917
DOTUSDT,1756375200000,3.937,3.965,3.931,3.964,157413.08,1756378799999,621387.47056,2085
DOTUSDT,1756378800000,3.963,3.966,3.943,3.965,206815.6,1756382399999,817643.85246,2160
DOTUSDT,1756382400000,3.966,3.986,3.96,3.97,269083.84,1756385999999,1069515.17515,3785
DOTUSDT,1756386000000,3.971,3.986,3.949,3.97,409294.25,1756389599999,1623615.59403,6104
DOTUSDT,1756389600000,3.971,4.017,3.96,4.008,566753.53,1756393199999,2261003.78195,8163
DOTUSDT,1756393200000,4.008,4.021,3.947,3.956,528656.16,1756396799999,2105140.52683,5801
DOTUSDT,1756396800000,3.957,3.985,3.897,3.901,639594.82,1756400399999,2526461.88832,5126
DOTUSDT,1756400400000,3.9,3.939,3.892,3.929,676339.42,1756403999999,2652915.68452,5775
DOTUSDT,1756404000000,3.929,3.948,3.913,3.925,298013.32,1756407599999,1170598.57645,2909
DOTUSDT,1756407600000,3.925,3.944,3.881,3.881,319443.34,1756411199999,1250027.73886,3160
DOTUSDT,1756411200000,3.882,3.919,3.874,3.912,343065.41,1756414799999,1336034.84736,2826
DOTUSDT,1756414800000,3.912,3.943,3.911,3.942,161994.1,1756418399999,636435.58851,1563
DOTUSDT,1756418400000,3.943,4.001,3.942,4.0,372230.92,1756421999999,1481842.48722,3245
DOTUSDT,1756422000000,4.001,4.005,3.969,3.981,394840.02,1756425599999,1572563.37592,3416
DOTUSDT,1756425600000,3.98,4.002,3.961,3.974,239039.58,1756429199999,951144.37551,2962
DOTUSDT,1756429200000,3.976,3.978,3.924,3.934,261190.68,1756432799999,1029035.82219,3142
DOTUSDT,1756432800000,3.933,3.976,3.925,3.945,198929.44,1756436399999,785375.49571,2256
DOTUSDT,1756436400000,3.945,3.964,3.932,3.953,168884.38,1756439999999,666711.88521,2006
DOTUSDT,1756440000000,3.952,3.96,3.922,3.927,125938.26,1756443599999,496799.04099,1818
DOTUSDT,1756443600000,3.928,3.942,3.903,3.923,357616.39,1756447199999,1403130.5268,3803
DOTUSDT,1756447200000,3.924,3.931,3.887,3.905,1493235.42,1756450799999,5834362.04279,15478
DOTUSDT,1756450800000,3.904,3.904,3.809,3.816,696963.71,1756454399999,2681129.70655,8434
DOTUSDT,1756454400000,3.816,3.825,3.769,3.776,499152.33,1756457999999,1894853.19086,5323
DOTUSDT,1756458000000,3.776,3.808,3.75,3.804,393940.29,1756461599999,1489124.6192,4433
DOTUSDT,1756461600000,3.803,3.822,3.794,3.807,299198.06,1756465199999,1140219.4162,3091
DOTUSDT,1756465200000,3.807,3.834,3.792,3.83,555222.97,1756468799999,2120986.391,4263
DOTUSDT,1756468800000,3.829,3.914,3.824,3.858,813912.29,1756472399999,3141398.45809,8881
DOTUSDT,1756472400000,3.857,3.861,3.782,3.809,596878.22,1756475999999,2280324.10861,6875
DOTUSDT,1756476000000,3.809,3.831,3.755,3.765,2005139.83,1756479599999,7587887.65654,15173
DOTUSDT,1756479600000,3.766,3.799,3.762,3.771,412172.14,1756483199999,1560232.26367,3949
DOTUSDT,1756483200000,3.771,3.789,3.741,3.774,492572.64,1756486799999,1855188.81138,4608
DOTUSDT,1756486800000,3.773,3.775,3.736,3.753,287470.55,1756490399999,1080338.50985,3553
DOTUSDT,1756490400000,3.753,3.764,3.726,3.733,379192.6,1756493999999,1417631.3154,3615
DOTUSDT,1756494000000,3.732,3.78,3.725,3.764,281593.7,1756497599999,1057943.92331,3433
DOTUSDT,1756497600000,3.764,3.777,3.734,3.741,652393.61,1756501199999,2448230.97133,5028
DOTUSDT,1756501200000,3.742,3.787,3.724,3.781,187223.39,1756504799999,703962.33326,2355
DOTUSDT,1756504800000,3.782,3.782,3.753,3.774,98759.95,1756508399999,371808.43495,1507
DOTUSDT,1756508400000,3.775,3.787,3.772,3.774,119595.03,1756511999999,451908.75611,1339
DOTUSDT,1756512000000,3.775,3.788,3.756,3.763,141367.06,1756515599999,533272.92232,1574
DOTUSDT,1756515600000,3.762,3.772,3.713,3.717,207945.02,1756519199999,776669.17245,2394
DOTUSDT,1756519200000,3.719,3.777,3.712,3.77,341332.53,1756522799999,1281966.7376,2917
DOTUSDT,1756522800000,3.771,3.825,3.77,3.819,302845.07,1756526399999,1154058.81768,2762
DOTUSDT,1756526400000,3.819,3.821,3.794,3.797,141156.27,1756529999999,537044.4888,1220
DOTUSDT,1756530000000,3.797,3.819,3.791,3.804,151129.06,1756533599999,575002.90368,1425
DOTUSDT,1756533600000,3.805,3.816,3.793,3.802,186603.51,1756537199999,710038.98647,1525
DOTUSDT,1756537200000,3.802,3.815,3.797,3.813,85603.35,1756540799999,325801.21695,1118
DOTUSDT,1756540800000,3.813,3.814,3.792,3.793,77724.75,1756544399999,295712.34934,969
DOTUSDT,1756544400000,3.794,3.796,3.777,3.784,81987.7,1756547999999,310477.3241,1215
DOTUSDT,1756548000000,3.785,3.802,3.781,3.791,120093.22,1756551599999,455379.33778,1162
DOTUSDT,1756551600000,3.79,3.8,3.774,3.796,94259.18,1756555199999,357069.56799,1135
DOTUSDT,1756555200000,3.797,3.797,3.754,3.767,129495.61,1756558799999,487865.33248,1700
DOTUSDT,1756558800000,3.766,3.767,3.732,3.758,235148.12,1756562399999,880554.76579,2802
DOTUSDT,1756562400000,3.758,3.773,3.737,3.767,290352.51,1756565999999,1089740.59828,2190
DOTUSDT,1756566000000,3.766,3.792,3.759,3.787,124374.4,1756569599999,469933.32191,1664
DOTUSDT,1756569600000,3.787,3.787,3.759,3.76,137052.41,1756573199999,516765.77655,1576
DOTUSDT,1756573200000,3.76,3.777,3.758,3.775,102570.22,1756576799999,386712.76197,1251
DOTUSDT,1756576800000,3.775,3.786,3.757,3.768,205627.67,1756580399999,776167.82082,1335
DOTUSDT,1756580400000,3.768,3.794,3.765,3.793,105145.01,1756583999999,397600.84739,1325
DOTUSDT,1756584000000,3.793,3.797,3.775,3.793,194065.47,1756587599999,735817.90655,1385
DOTUSDT,1756587600000,3.792,3.801,3.781,3.794,113676.21,1756591199999,431196.63487,1127
DOTUSDT,1756591200000,3.793,3.804,3.783,3.803,47796.98,1756594799999,181483.05017,795
DOTUSDT,1756594800000,3.803,3.812,3.802,3.811,122275.68,1756598399999,465748.65745,1196
DOTUSDT,1756598400000,3.81,3.858,3.81,3.855,214539.44,1756601999999,823365.92757,2625
DOTUSDT,1756602000000,3.856,3.874,3.84,3.868,180257.15,1756605599999,695288.23601,1759
DOTUSDT,1756605600000,3.869,3.875,3.851,3.856,158050.3,1756609199999,610039.08779,1525
DOTUSDT,1756609200000,3.857,3.862,3.848,3.86,254032.39,1756612799999,979435.99687,1865
DOTUSDT,1756612800000,3.861,3.862,3.824,3.833,238171.96,1756616399999,914640.31771,2375
DOTUSDT,1756616400000,3.832,3.832,3.805,3.82,544728.76,1756619999999,2079394.19767,3956
DOTUSDT,1756620000000,3.82,3.822,3.797,3.802,273251.68,1756623599999,1039799.76433,1725
DOTUSDT,1756623600000,3.802,3.816,3.8,3.802,162285.05,1756627199999,617636.31107,1587
DOTUSDT,1756627200000,3.802,3.833,3.802,3.833,105921.15,1756630799999,404560.06058,1205
DOTUSDT,1756630800000,3.833,3.846,3.816,3.819,356894.36,1756634399999,1368971.69199,2230
DOTUSDT,1756634400000,3.819,3.822,3.785,3.795,408336.09,1756637999999,1549953.76086,2567
DOTUSDT,1756638000000,3.796,3.817,3.79,3.817,98015.69,1756641599999,372626.15837,1151
DOTUSDT,1756641600000,3.816,3.827,3.799,3.82,165621.65,1756645199999,631159.99433,1485
DOTUSDT,1756645200000,3.82,3.83,3.791,3.798,117139.87,1756648799999,446257.1448,1399
DOTUSDT,1756648800000,3.799,3.804,3.778,3.791,87091.67,1756652399999,330204.78634,1277
DOTUSDT,1756652400000,3.791,3.819,3.79,3.818,109289.99,1756655999999,416065.61317,1386
DOTUSDT,1756656000000,3.817,3.817,3.796,3.801,66131.48,1756659599999,251559.61414,1025
DOTUSDT,1756659600000,3.801,3.807,3.787,3.797,92327.06,1756663199999,350546.93216,1266
DOTUSDT,1756663200000,3.798,3.833,3.795,3.827,331970.54,1756666799999,1268580.65516,1973
DOTUSDT,1756666800000,3.827,3.829,3.798,3.799,228617.28,1756670399999,870996.50173,1651
DOTUSDT,1756670400000,3.799,3.811,3.776,3.801,300114.9,1756673999999,1138555.5661,2223
DOTUSDT,1756674000000,3.8,3.816,3.796,3.808,70031.05,1756677599999,266404.3912,810
DOTUSDT,1756677600000,3.808,3.809,3.766,3.776,238944.39,1756681199999,903422.72668,2342
DOTUSDT,1756681200000,3.775,3.776,3.735,3.742,256268.38,1756684799999,961272.28189,2872
DOTUSDT,1756684800000,3.742,3.747,3.706,3.728,316456.51,1756688399999,1179428.35242,4215
DOTUSDT,1756688400000,3.727,3.752,3.712,3.735,165682.48,1756691999999,618122.88434,2453
DOTUSDT,1756692000000,3.734,3.737,3.675,3.688,553491.47,1756695599999,2047572.46255,4440
DOTUSDT,1756695600000,3.687,3.7,3.674,3.688,227851.65,1756699199999,839860.55211,2545
DOTUSDT,1756699200000,3.686,3.692,3.655,3.671,254340.47,1756702799999,933153.38794,3159
DOTUSDT,1756702800000,3.67,3.696,3.656,3.69,211148.05,1756706399999,776575.1453,2272
DOTUSDT,1756706400000,3.691,3.713,3.666,3.702,330540.54,1756709999999,1221156.88329,2948
DOTUSDT,1756710000000,3.702,3.821,3.682,3.82,765366.12,1756713599999,2873070.15357,7024
DOTUSDT,1756713600000,3.821,3.851,3.794,3.85,865752.76,1756717199999,3309196.13343,7194
DOTUSDT,1756717200000,3.849,3.887,3.833,3.843,846537.93,1756720799999,3270935.63403,7367
DOTUSDT,1756720800000,3.843,3.843,3.775,3.799,545414.53,1756724399999,2074835.78387,5149
DOTUSDT,1756724400000,3.799,3.8,3.76,3.769,217705.18,1756727999999,822416.10259,2559
DOTUSDT,1756728000000,3.77,3.798,3.761,3.776,171254.67,1756731599999,648080.0503,2266
DOTUSDT,1756731600000,3.777,3.779,3.738,3.748,490017.82,1756735199999,1842995.49628,5676
DOTUSDT,1756735200000,3.748,3.77,3.735,3.758,595795.14,1756738799999,2236709.95059,5181
DOTUSDT,1756738800000,3.758,3.77,3.72,3.732,263676.11,1756742399999,988059.1083,3020
DOTUSDT,1756742400000,3.733,3.743,3.714,3.72,157250.22,1756745999999,586330.25733,2714
DOTUSDT,1756746000000,3.72,3.728,3.693,3.708,240363.98,1756749599999,890749.1619,3435
DOTUSDT,1756749600000,3.708,3.733,3.707,3.725,155540.75,1756753199999,579281.9613,1772
DOTUSDT,1756753200000,3.725,3.743,3.72,3.74,110226.04,1756756799999,411375.70313,1441
DOTUSDT,1756756800000,3.741,3.741,3.645,3.678,818823.6,1756760399999,3009093.15331,8990
DOTUSDT,1756760400000,3.677,3.679,3.612,3.642,522963.12,1756763999999,1907002.94525,6677
DOTUSDT,1756764000000,3.64,3.666,3.63,3.654,252816.78,1756767599999,922362.92528,3679
DOTUSDT,1756767600000,3.653,3.701,3.652,3.693,198608.76,1756771199999,730285.38799,2521
DOTUSDT,1756771200000,3.694,3.704,3.676,3.686,160080.88,1756774799999,590593.21265,1859
DOTUSDT,1756774800000,3.687,3.731,3.678,3.713,213971.26,1756778399999,790960.7007,2784
DOTUSDT,1756778400000,3.712,3.763,3.706,3.761,127828.35,1756781999999,477569.52683,2282
DOTUSDT,1756782000000,3.76,3.787,3.751,3.772,406738.13,1756785599999,1534422.13568,3873
DOTUSDT,1756785600000,3.772,3.786,3.763,3.782,218840.34,1756789199999,826414.07835,1914
DOTUSDT,1756789200000,3.783,3.786,3.77,3.778,117552.63,1756792799999,443942.8647,1429
DOTUSDT,1756792800000,3.778,3.79,3.771,3.785,217634.3,1756796399999,822784.67439,1960
DOTUSDT,1756796400000,3.785,3.785,3.747,3.756,261597.78,1756799999999,984867.64672,2271
DOTUSDT,1756800000000,3.756,3.777,3.751,3.763,115431.03,1756803599999,434601.26313,1544
DOTUSDT,1756803600000,3.762,3.786,3.759,3.782,130271.6,1756807199999,492045.40906,1404
DOTUSDT,1756807200000,3.783,3.784,3.768,3.777,131117.54,1756810799999,494920.60027,1283
DOTUSDT,1756810800000,3.777,3.778,3.751,3.755,162941.76,1756814399999,613390.93527,1578
DOTUSDT,1756814400000,3.756,3.761,3.692,3.699,328957.03,1756817999999,1223821.27958,4347
DOTUSDT,1756818000000,3.697,3.807,3.696,3.796,590463.66,1756821599999,2221299.66527,7382
DOTUSDT,1756821600000,3.797,3.817,3.768,3.791,486115.61,1756825199999,1845421.27313,5287
DOTUSDT,1756825200000,3.79,3.794,3.728,3.734,241497.82,1756828799999,907364.65769,3601
DOTUSDT,1756828800000,3.734,3.766,3.734,3.76,126506.09,1756832399999,474295.45158,2197
DOTUSDT,1756832400000,3.761,3.789,3.76,3.773,144523.48,1756835999999,545890.38693,1957
DOTUSDT,1756836000000,3.773,3.779,3.737,3.767,137940.23,1756839599999,518551.52079,2080
DOTUSDT,1756839600000,3.767,3.779,3.74,3.75,158397.78,1756843199999,595226.52015,2142
DOTUSDT,1756843200000,3.75,3.799,3.745,3.791,256030.59,1756846799999,966832.65712,2755
DOTUSDT,1756846800000,3.793,3.812,3.786,3.81,146978.51,1756850399999,558703.62562,1760
DOTUSDT,1756850400000,3.81,3.821,3.793,3.82,200848.46,1756853999999,765304.47658,2551
DOTUSDT,1756854000000,3.82,3.826,3.805,3.82,127209.6,1756857599999,485408.64523,1690
DOTUSDT,1756857600000,3.819,3.831,3.811,3.817,126122.22,1756861199999,481847.4298,1587
DOTUSDT,1756861200000,3.817,3.826,3.791,3.826,108107.65,1756864799999,411089.97447,1500
DOTUSDT,1756864800000,3.826,3.841,3.816,3.829,149474.63,1756868399999,572736.74009,2731
DOTUSDT,1756868400000,3.829,3.833,3.81,3.819,116053.8,1756871999999,443411.3999,1691
DOTUSDT,1756872000000,3.82,3.828,3.807,3.816,103411.14,1756875599999,394486.26528,1222
DOTUSDT,1756875600000,3.816,3.817,3.797,3.801,190289.27,1756879199999,723710.52811,1744
DOTUSDT,1756879200000,3.801,3.816,3.786,3.802,119436.8,1756882799999,454239.80238,1528
DOTUSDT,1756882800000,3.803,3.811,3.792,3.811,103594.33,1756886399999,393742.76374,1484
DOTUSDT,1756886400000,3.809,3.839,3.807,3.82,204053.95,1756889999999,780450.75271,2038
DOTUSDT,1756890000000,3.821,3.837,3.807,3.836,142783.54,1756893599999,545344.3455,1579
DOTUSDT,1756893600000,3.836,3.851,3.829,3.832,152354.26,1756897199999,585148.54499,1955
DOTUSDT,1756897200000,3.832,3.846,3.826,3.827,132150.34,1756900799999,507090.65116,1393
DOTUSDT,1756900800000,3.827,3.84,3.812,3.818,102799.92,1756904399999,393151.00188,1427
DOTUSDT,1756904400000,3.818,3.9,3.816,3.85,650015.35,1756907999999,2510460.65327,5602
DOTUSDT,1756908000000,3.851,3.888,3.851,3.878,349792.12,1756911599999,1354304.63507,3051
DOTUSDT,1756911600000,3.879,3.906,3.87,3.892,330115.02,1756915199999,1283841.38296,4379
DOTUSDT,1756915200000,3.892,3.904,3.864,3.87,144555.03,1756918799999,561026.62627,2232
DOTUSDT,1756918800000,3.87,3.89,3.87,3.878,105770.29,1756922399999,410584.06403,1829
DOTUSDT,1756922400000,3.879,3.886,3.873,3.882,76524.53,1756925999999,296895.92475,1814
DOTUSDT,1756926000000,3.882,3.894,3.873,3.893,88263.27,1756929599999,342909.17405,1711
DOTUSDT,1756929600000,3.893,3.9,3.883,3.894,104460.3,1756933199999,406660.49796,2038
DOTUSDT,1756933200000,3.894,3.897,3.876,3.884,113150.2,1756936799999,439783.4936,1965
DOTUSDT,1756936800000,3.884,3.896,3.87,3.876,126021.5,1756940399999,489368.07084,2137
DOTUSDT,1756940400000,3.877,3.879,3.859,3.865,122987.58,1756943999999,475666.28632,1866
DOTUSDT,1756944000000,3.866,3.877,3.86,3.869,113505.36,1756947599999,439087.97211,2176
DOTUSDT,1756947600000,3.869,3.869,3.852,3.861,128060.97,1756951199999,493882.01096,2512
DOTUSDT,1756951200000,3.861,3.862,3.833,3.835,172548.05,1756954799999,663563.80711,2419
DOTUSDT,1756954800000,3.836,3.837,3.808,3.81,161268.31,1756958399999,616483.71281,2757
DOTUSDT,1756958400000,3.811,3.82,3.803,3.804,165881.55,1756961999999,632482.42046,2154
DOTUSDT,1756962000000,3.803,3.803,3.769,3.779,231195.76,1756965599999,874424.97728,3758
DOTUSDT,1756965600000,3.779,3.78,3.762,3.768,140968.61,1756969199999,531514.93144,2400
DOTUSDT,1756969200000,3.767,3.789,3.766,3.786,104262.42,1756972799999,393958.62964,2348
DOTUSDT,1756972800000,3.786,3.799,3.777,3.778,123752.85,1756976399999,469236.73001,1929
DOTUSDT,1756976400000,3.779,3.786,3.765,3.778,154632.91,1756979999999,583683.88232,1871
DOTUSDT,1756980000000,3.778,3.796,3.772,3.785,82220.09,1756983599999,311357.83588,1805
DOTUSDT,1756983600000,3.785,3.806,3.781,3.782,128059.27,1756987199999,485714.66111,2038
DOTUSDT,1756987200000,3.782,3.798,3.766,3.792,160703.68,1756990799999,607535.10654,2826
DOTUSDT,1756990800000,3.792,3.8,3.773,3.782,111432.7,1756994399999,422196.2462,2548
DOTUSDT,1756994400000,3.782,3.783,3.741,3.766,344742.91,1756997999999,1297618.7957,6231
DOTUSDT,1756998000000,3.766,3.768,3.743,3.758,170909.56,1757001599999,641562.10213,3162
DOTUSDT,1757001600000,3.756,3.773,3.752,3.767,156284.77,1757005199999,588080.46664,2637
DOTUSDT,1757005200000,3.767,3.779,3.756,3.756,142326.72,1757008799999,536413.41122,2293
DOTUSDT,1757008800000,3.755,3.765,3.725,3.742,197224.61,1757012399999,738914.7161,3918
DOTUSDT,1757012400000,3.742,3.754,3.734,3.739,92259.66,1757015999999,345427.47877,1879
DOTUSDT,1757016000000,3.74,3.775,3.736,3.771,165079.58,1757019599999,620995.23329,2481
DOTUSDT,1757019600000,3.77,3.783,3.767,3.78,76811.22,1757023199999,290058.10849,1322
DOTUSDT,1757023200000,3.779,3.801,3.776,3.799,136966.36,1757026799999,518963.02726,2158
DOTUSDT,1757026800000,3.799,3.804,3.763,3.764,126826.83,1757030399999,480096.35146,1912
DOTUSDT,1757030400000,3.764,3.778,3.757,3.76,87116.68,1757033999999,328375.03631,1612
DOTUSDT,1757034000000,3.759,3.786,3.757,3.784,71146.42,1757037599999,268575.39516,1010
DOTUSDT,1757037600000,3.785,3.791,3.772,3.784,103210.16,1757041199999,390267.32345,1390
DOTUSDT,1757041200000,3.785,3.785,3.769,3.784,76713.67,1757044799999,289690.71599,1016
DOTUSDT,1757044800000,3.784,3.792,3.775,3.791,71294.41,1757048399999,269833.52657,1100
DOTUSDT,1757048400000,3.79,3.794,3.787,3.79,125163.32,1757051999999,474245.60742,1536
DOTUSDT,1757052000000,3.79,3.794,3.778,3.792,126903.7,1757055599999,480374.11112,1536
DOTUSDT,1757055600000,3.793,3.843,3.793,3.839,249146.75,1757059199999,951557.13674,4117
DOTUSDT,1757059200000,3.84,3.842,3.82,3.825,152115.66,1757062799999,582369.35831,2301
DOTUSDT,1757062800000,3.824,3.828,3.809,3.828,102826.42,1757066399999,392703.18665,1801
DOTUSDT,1757066400000,3.827,3.84,3.826,3.826,158846.42,1757069999999,608880.166,2007
DOTUSDT,1757070000000,3.826,3.836,3.82,3.83,89530.89,1757073599999,342685.81412,1633
DOTUSDT,1757073600000,3.83,3.894,3.816,3.886,938990.01,1757077199999,3615315.12596,14833
DOTUSDT,1757077200000,3.887,3.894,3.865,3.881,345131.08,1757080799999,1340058.41191,6177
DOTUSDT,1757080800000,3.88,3.881,3.775,3.795,959644.24,1757084399999,3664389.62382,16758
DOTUSDT,1757084400000,3.795,3.825,3.781,3.809,198035.93,1757087999999,754221.65756,4498
DOTUSDT,1757088000000,3.81,3.823,3.798,3.815,97316.53,1757091599999,370733.2505,2456
DOTUSDT,1757091600000,3.815,3.818,3.794,3.805,183203.0,1757095199999,696966.36244,2709
DOTUSDT,1757095200000,3.805,3.829,3.787,3.817,192889.08,1757098799999,733774.37377,3161
DOTUSDT,1757098800000,3.818,3.829,3.814,3.828,119628.94,1757102399999,457231.51604,2120
DOTUSDT,1757102400000,3.829,3.847,3.824,3.846,379305.36,1757105999999,1455275.94243,3545
DOTUSDT,1757106000000,3.847,3.848,3.808,3.815,425137.61,1757109599999,1626255.55062,4748
DOTUSDT,1757109600000,3.815,3.835,3.811,3.832,60085.35,1757113199999,229623.57275,1218
DOTUSDT,1757113200000,3.831,3.836,3.823,3.828,56631.31,1757116799999,216863.41403,1209
DOTUSDT,1757116800000,3.827,3.849,3.825,3.841,113681.41,1757120399999,436252.45745,1833
DOTUSDT,1757120400000,3.841,3.849,3.835,3.849,52327.18,1757123999999,201062.13925,968
DOTUSDT,1757124000000,3.849,3.866,3.847,3.866,336041.45,1757127599999,1296728.1103,2503
DOTUSDT,1757127600000,3.866,3.885,3.862,3.881,160916.57,1757131199999,624139.00556,2101
DOTUSDT,1757131200000,3.882,3.882,3.848,3.856,359368.86,1757134799999,1388412.08787,4314
DOTUSDT,1757134800000,3.856,3.857,3.83,3.832,138063.54,1757138399999,530114.9364,2255
DOTUSDT,1757138400000,3.831,3.837,3.826,3.831,88555.82,1757141999999,339266.31622,1330
DOTUSDT,1757142000000,3.831,3.835,3.819,3.826,88151.74,1757145599999,337265.99777,1300
DOTUSDT,1757145600000,3.827,3.829,3.812,3.813,56425.36,1757149199999,215427.88485,1097
DOTUSDT,1757149200000,3.813,3.813,3.798,3.803,162921.84,1757152799999,619759.65847,1758
DOTUSDT,1757152800000,3.802,3.821,3.797,3.819,137669.71,1757156399999,524275.92527,1703
DOTUSDT,1757156400000,3.818,3.82,3.805,3.815,68658.88,1757159999999,261686.65327,1355
DOTUSDT,1757160000000,3.814,3.821,3.808,3.81,62259.6,1757163599999,237560.86225,1325
DOTUSDT,1757163600000,3.81,3.815,3.802,3.809,51857.41,1757167199999,197465.90758,1302
DOTUSDT,1757167200000,3.81,3.825,3.807,3.818,79086.08,1757170799999,302094.71582,1455
DOTUSDT,1757170800000,3.819,3.819,3.79,3.794,133013.2,1757174399999,506022.89955,2328
DOTUSDT,1757174400000,3.793,3.823,3.782,3.812,219440.93,1757177999999,833884.77962,3619
DOTUSDT,1757178000000,3.812,3.815,3.792,3.801,97023.08,1757181599999,369031.59715,1570
DOTUSDT,1757181600000,3.8,3.812,3.797,3.808,82235.26,1757185199999,313124.97992,1303
DOTUSDT,1757185200000,3.808,3.81,3.789,3.792,88018.99,1757188799999,334281.8893,1299
DOTUSDT,1757188800000,3.792,3.814,3.791,3.814,49819.42,1757192399999,189271.65567,1189
DOTUSDT,1757192400000,3.815,3.819,3.805,3.818,75427.22,1757195999999,287472.4869,1207
DOTUSDT,1757196000000,3.818,3.823,3.812,3.818,74618.9,1757199599999,284869.04545,1295
DOTUSDT,1757199600000,3.818,3.835,3.81,3.823,123179.09,1757203199999,471127.33637,1670
DOTUSDT,1757203200000,3.824,3.837,3.822,3.832,69357.27,1757206799999,265491.2939,1110
DOTUSDT,1757206800000,3.832,3.854,3.831,3.849,157651.81,1757210399999,605788.31027,1992
DOTUSDT,1757210400000,3.849,3.857,3.841,3.856,127165.0,1757213999999,489243.86714,1827
DOTUSDT,1757214000000,3.856,3.862,3.848,3.851,95709.44,1757217599999,368911.88188,1196
DOTUSDT,1757217600000,3.851,3.854,3.844,3.851,77525.45,1757221199999,298321.44424,1111
DOTUSDT,1757221200000,3.85,3.869,3.846,3.867,115333.03,1757224799999,444725.54715,1395
DOTUSDT,1757224800000,3.867,3.87,3.85,3.851,89152.88,1757228399999,344029.92679,994
DOTUSDT,1757228400000,3.851,3.865,3.848,3.852,120573.38,1757231999999,464683.70292,1317
DOTUSDT,1757232000000,3.853,3.867,3.853,3.863,95961.04,1757235599999,370491.70928,1236
DOTUSDT,1757235600000,3.862,3.863,3.848,3.856,127473.76,1757239199999,491248.80977,1380
DOTUSDT,1757239200000,3.857,3.862,3.855,3.859,47958.24,1757242799999,185083.51826,850
DOTUSDT,1757242800000,3.86,3.867,3.853,3.867,67849.01,1757246399999,261819.61529,1468
DOTUSDT,1757246400000,3.867,3.968,3.865,3.962,1176767.77,1757249999999,4613463.75372,13921
DOTUSDT,1757250000000,3.962,4.089,3.962,4.076,1973128.33,1757253599999,7938655.96384,24683
DOTUSDT,1757253600000,4.076,4.078,4.007,4.016,958926.72,1757257199999,3868522.80161,14684
DOTUSDT,1757257200000,4.016,4.027,3.961,3.968,1026558.65,1757260799999,4096694.72428,8988
DOTUSDT,1757260800000,3.968,3.996,3.968,3.981,415027.37,1757264399999,1652414.05135,5081
DOTUSDT,1757264400000,3.981,3.985,3.951,3.957,325265.6,1757267999999,1291056.57642,3826
DOTUSDT,1757268000000,3.958,3.983,3.954,3.966,406495.13,1757271599999,1613154.80029,3258
DOTUSDT,1757271600000,3.966,4.014,3.959,3.99,314466.88,1757275199999,1254352.88745,4017
DOTUSDT,1757275200000,3.991,3.998,3.979,3.991,128028.52,1757278799999,510383.5129,2313
DOTUSDT,1757278800000,3.991,3.992,3.976,3.982,177337.64,1757282399999,706317.29309,2021
DOTUSDT,1757282400000,3.981,4.014,3.981,4.014,257596.44,1757285999999,1030857.39093,2792
DOTUSDT,1757286000000,4.015,4.017,3.99,3.995,180275.45,1757289599999,721780.30675,2505
DOTUSDT,1757289600000,3.996,4.02,3.981,3.999,386388.44,1757293199999,1545504.86964,4624
DOTUSDT,1757293200000,4.0,4.028,3.994,4.017,293247.53,1757296799999,1175050.3013,4177
DOTUSDT,1757296800000,4.017,4.059,3.995,4.049,554825.61,1757300399999,2238590.02202,7633
DOTUSDT,1757300400000,4.049,4.074,4.042,4.05,411799.99,1757303999999,1670411.10035,5862
DOTUSDT,1757304000000,4.05,4.056,4.015,4.029,533860.45,1757307599999,2155298.38183,5813
DOTUSDT,1757307600000,4.029,4.049,4.022,4.034,188842.03,1757311199999,761823.02339,3053
DOTUSDT,1757311200000,4.035,4.035,4.002,4.003,272310.88,1757314799999,1093239.886,3979
DOTUSDT,1757314800000,4.004,4.016,3.986,3.997,392251.63,1757318399999,1568739.38054,4894
DOTUSDT,1757318400000,3.998,4.02,3.995,4.004,372740.8,1757321999999,1493407.40565,4780
DOTUSDT,1757322000000,4.003,4.039,3.998,4.036,282293.53,1757325599999,1135815.53881,3520
DOTUSDT,1757325600000,4.036,4.054,4.029,4.031,397816.03,1757329199999,1607318.12831,4647
DOTUSDT,1757329200000,4.03,4.032,4.008,4.024,271051.97,1757332799999,1088908.12799,4232
DOTUSDT,1757332800000,4.023,4.033,4.008,4.026,307973.55,1757336399999,1237480.54444,3699
DOTUSDT,1757336400000,4.027,4.053,4.008,4.01,539936.24,1757339999999,2176827.77554,6931
DOTUSDT,1757340000000,4.01,4.058,4.006,4.048,517752.76,1757343599999,2092527.56572,5604
DOTUSDT,1757343600000,4.049,4.077,4.034,4.07,668534.91,1757347199999,2711421.31761,7850
DOTUSDT,1757347200000,4.069,4.082,4.046,4.051,312006.42,1757350799999,1267544.74963,6269
DOTUSDT,1757350800000,4.051,4.069,4.03,4.032,210552.73,1757354399999,852053.28575,4448
DOTUSDT,1757354400000,4.032,4.056,4.026,4.054,171349.42,1757357999999,692261.04958,3519
DOTUSDT,1757358000000,4.054,4.056,4.015,4.024,239084.23,1757361599999,963775.20919,4557
DOTUSDT,1757361600000,4.024,4.031,4.003,4.016,193293.05,1757365199999,776374.90927,3668
DOTUSDT,1757365200000,4.015,4.065,4.008,4.058,223828.16,1757368799999,904058.42478,3854
DOTUSDT,1757368800000,4.058,4.071,4.047,4.047,152366.87,1757372399999,618670.18178,2945
DOTUSDT,1757372400000,4.048,4.062,4.031,4.045,319979.63,1757375999999,1294039.52614,3589
DOTUSDT,1757376000000,4.045,4.086,4.044,4.083,426802.77,1757379599999,1735566.7747,7055
DOTUSDT,1757379600000,4.082,4.1,4.049,4.057,457555.94,1757383199999,1862234.2012,7215
DOTUSDT,1757383200000,4.057,4.063,4.02,4.029,321147.6,1757386799999,1298669.55715,5416
DOTUSDT,1757386800000,4.028,4.048,4.004,4.045,361631.03,1757390399999,1453778.95707,5469
DOTUSDT,1757390400000,4.044,4.058,4.03,4.052,213561.79,1757393999999,864151.80417,3825
DOTUSDT,1757394000000,4.052,4.057,4.031,4.057,163405.17,1757397599999,660348.18741,2838
DOTUSDT,1757397600000,4.056,4.127,4.051,4.111,651110.77,1757401199999,2668863.74,7631
DOTUSDT,1757401200000,4.111,4.174,4.108,4.125,955675.63,1757404799999,3957847.73359,12186
DOTUSDT,1757404800000,4.126,4.147,4.119,4.135,299260.5,1757408399999,1237054.75039,4550
DOTUSDT,1757408400000,4.135,4.152,4.126,4.14,355008.32,1757411999999,1470819.42244,3684
DOTUSDT,1757412000000,4.141,4.162,4.127,4.151,295353.73,1757415599999,1224606.16938,4741
DOTUSDT,1757415600000,4.151,4.182,4.144,4.149,340018.84,1757419199999,1415049.60632,4264
DOTUSDT,1757419200000,4.148,4.18,4.134,4.136,396562.19,1757422799999,1647096.02508,6814
DOTUSDT,1757422800000,4.136,4.179,4.115,4.172,468354.44,1757426399999,1940310.97454,7505
DOTUSDT,1757426400000,4.173,4.182,4.063,4.11,1411421.7,1757429999999,5812652.89802,21268
DOTUSDT,1757430000000,4.108,4.117,4.048,4.069,675131.62,1757433599999,2750197.40935,8977
DOTUSDT,1757433600000,4.07,4.082,4.03,4.046,404517.7,1757437199999,1637265.73859,5370
DOTUSDT,1757437200000,4.047,4.079,4.046,4.058,195510.47,1757440799999,794084.42523,3242
DOTUSDT,1757440800000,4.058,4.085,4.054,4.083,111094.52,1757444399999,452460.06555,2525
DOTUSDT,1757444400000,4.084,4.115,4.078,4.106,195185.86,1757447999999,800293.78338,3145
DOTUSDT,1757448000000,4.106,4.127,4.088,4.126,155319.9,1757451599999,637754.4153,2745
DOTUSDT,1757451600000,4.126,4.141,4.1,4.103,274011.99,1757455199999,1129578.44424,4044
DOTUSDT,1757455200000,4.103,4.142,4.096,4.141,144303.85,1757458799999,594808.28283,3247
DOTUSDT,1757458800000,4.142,4.145,4.12,4.14,201420.76,1757462399999,832664.05661,3160
DOTUSDT,1757462400000,4.139,4.148,4.098,4.103,300189.29,1757465999999,1237317.65433,4555
DOTUSDT,1757466000000,4.103,4.154,4.098,4.127,235597.19,1757469599999,973268.9197,4151
DOTUSDT,1757469600000,4.128,4.144,4.12,4.136,502905.59,1757473199999,2078582.26359,4865
DOTUSDT,1757473200000,4.136,4.139,4.119,4.134,195774.26,1757476799999,808381.97995,2771
DOTUSDT,1757476800000,4.134,4.134,4.102,4.121,120701.44,1757480399999,496675.44555,2289
DOTUSDT,1757480400000,4.12,4.12,4.074,4.092,478349.84,1757483999999,1957557.50928,4772
DOTUSDT,1757484000000,4.091,4.115,4.081,4.105,147666.8,1757487599999,605321.93412,2758
DOTUSDT,1757487600000,4.104,4.123,4.1,4.116,266696.68,1757491199999,1097069.66321,3803
DOTUSDT,1757491200000,4.116,4.126,4.084,4.087,221364.92,1757494799999,908108.56407,3517
DOTUSDT,1757494800000,4.087,4.096,4.07,4.092,152828.55,1757498399999,624557.55183,2854
DOTUSDT,1757498400000,4.092,4.099,4.054,4.057,634350.86,1757501999999,2584413.75394,4894
DOTUSDT,1757502000000,4.057,4.087,4.055,4.082,339316.83,1757505599999,1381897.91929,3603
DOTUSDT,1757505600000,4.082,4.174,4.077,4.173,844046.67,1757509199999,3490780.73306,12289
DOTUSDT,1757509200000,4.173,4.209,4.148,4.186,764185.25,1757512799999,3195583.47364,11075
DOTUSDT,1757512800000,4.187,4.204,4.157,4.165,392992.02,1757516399999,1641854.52724,6926
DOTUSDT,1757516400000,4.165,4.184,4.156,4.173,364771.64,1757519999999,1520925.01142,4743
DOTUSDT,1757520000000,4.174,4.195,4.146,4.194,292160.16,1757523599999,1215719.3619,4391
DOTUSDT,1757523600000,4.195,4.198,4.161,4.191,349070.65,1757527199999,1461002.50157,4665
DOTUSDT,1757527200000,4.19,4.2,4.169,4.195,360120.9,1757530799999,1508506.60542,5029
DOTUSDT,1757530800000,4.194,4.196,4.144,4.161,250858.06,1757534399999,1045969.42071,4223
DOTUSDT,1757534400000,4.162,4.19,4.159,4.171,120199.71,1757537999999,502026.95205,2551
DOTUSDT,1757538000000,4.172,4.197,4.17,4.196,109673.76,1757541599999,459349.2666,2040
DOTUSDT,1757541600000,4.196,4.227,4.191,4.203,347286.38,1757545199999,1461081.0469,4796
DOTUSDT,1757545200000,4.204,4.217,4.191,4.216,380602.4,1757548799999,1599781.88912,3746
DOTUSDT,1757548800000,4.216,4.244,4.197,4.242,318029.84,1757552399999,1341351.22819,3492
DOTUSDT,1757552400000,4.241,4.25,4.224,4.239,265077.91,1757555999999,1123185.733,3753
DOTUSDT,1757556000000,4.24,4.258,4.21,4.212,368515.51,1757559599999,1561526.60677,3891
DOTUSDT,1757559600000,4.213,4.248,4.21,4.242,163795.5,1757563199999,692945.23057,3053
DOTUSDT,1757563200000,4.242,4.244,4.22,4.225,130356.62,1757566799999,551332.5262,2526
DOTUSDT,1757566800000,4.224,4.224,4.195,4.219,260616.98,1757570399999,1096791.20736,4056
DOTUSDT,1757570400000,4.219,4.232,4.207,4.225,165260.57,1757573999999,697505.4767,2978
DOTUSDT,1757574000000,4.225,4.232,4.21,4.227,174732.72,1757577599999,737441.53082,3409
DOTUSDT,1757577600000,4.225,4.228,4.202,4.206,144777.45,1757581199999,610617.88638,3139
DOTUSDT,1757581200000,4.206,4.206,4.173,4.187,446171.46,1757584799999,1868328.18172,5786
DOTUSDT,1757584800000,4.187,4.212,4.184,4.205,349140.67,1757588399999,1465907.67419,3798
DOTUSDT,1757588400000,4.206,4.218,4.187,4.192,142373.0,1757591999999,598537.85807,2380
DOTUSDT,1757592000000,4.193,4.244,4.119,4.19,1403333.46,1757595599999,5865743.55558,21859
DOTUSDT,1757595600000,4.191,4.205,4.143,4.205,363960.7,1757599199999,1517906.87467,6693
DOTUSDT,1757599200000,4.206,4.207,4.15,4.182,327212.03,1757602799999,1366377.38878,5220
DOTUSDT,1757602800000,4.181,4.184,4.157,4.162,137441.69,1757606399999,573047.64924,2775
DOTUSDT,1757606400000,4.162,4.192,4.16,4.181,256179.28,1757609999999,1071508.26451,2994
DOTUSDT,1757610000000,4.181,4.197,4.168,4.19,142433.18,1757613599999,595773.21648,3096
DOTUSDT,1757613600000,4.19,4.19,4.173,4.187,99204.6,1757617199999,415073.30211,2085
DOTUSDT,1757617200000,4.186,4.231,4.185,4.212,297355.54,1757620799999,1252843.71318,4301
DOTUSDT,1757620800000,4.212,4.225,4.203,4.218,133553.5,1757624399999,562746.52595,2468
DOTUSDT,1757624400000,4.218,4.238,4.216,4.233,358996.65,1757627999999,1519168.01174,3171
DOTUSDT,1757628000000,4.234,4.251,4.229,4.238,185416.05,1757631599999,786653.06439,3622
DOTUSDT,1757631600000,4.237,4.26,4.233,4.242,302327.93,1757635199999,1284132.88305,3950
DOTUSDT,1757635200000,4.242,4.281,4.228,4.265,355970.25,1757638799999,1515423.41057,6155
DOTUSDT,1757638800000,4.265,4.276,4.241,4.245,255205.88,1757642399999,1086102.37428,3910
DOTUSDT,1757642400000,4.246,4.257,4.218,4.228,206145.01,1757645999999,873563.36085,3264
DOTUSDT,1757646000000,4.227,4.232,4.201,4.219,259869.62,1757649599999,1095020.47618,2973
DOTUSDT,1757649600000,4.218,4.227,4.206,4.222,209433.68,1757653199999,883375.84239,2823
DOTUSDT,1757653200000,4.222,4.251,4.215,4.25,246830.07,1757656799999,1045202.83931,3427
DOTUSDT,1757656800000,4.25,4.271,4.248,4.254,246075.72,1757660399999,1047598.73323,3375
DOTUSDT,1757660400000,4.254,4.261,4.23,4.232,229896.07,1757663999999,975367.46315,3166
DOTUSDT,1757664000000,4.232,4.232,4.205,4.214,182515.66,1757667599999,769530.80913,2920
DOTUSDT,1757667600000,4.215,4.22,4.185,4.195,279428.01,1757671199999,1173805.55646,3256
DOTUSDT,1757671200000,4.195,4.203,4.174,4.199,126528.59,1757674799999,529912.27073,2746
DOTUSDT,1757674800000,4.198,4.207,4.17,4.175,154290.71,1757678399999,646114.19912,2566
DOTUSDT,1757678400000,4.175,4.199,4.153,4.196,519290.14,1757681999999,2163723.03686,5033
DOTUSDT,1757682000000,4.196,4.225,4.19,4.221,289419.11,1757685599999,1216790.89156,4294
DOTUSDT,1757685600000,4.221,4.247,4.209,4.219,437371.79,1757689199999,1851213.05576,5978
DOTUSDT,1757689200000,4.22,4.221,4.188,4.197,143893.66,1757692799999,604436.08768,3122
DOTUSDT,1757692800000,4.197,4.233,4.195,4.219,206851.96,1757696399999,872642.62111,4343
DOTUSDT,1757696400000,4.22,4.266,4.213,4.252,318615.12,1757699999999,1353069.41333,5293
DOTUSDT,1757700000000,4.251,4.292,4.244,4.291,527398.36,1757703599999,2252556.33836,5908
DOTUSDT,1757703600000,4.292,4.296,4.273,4.292,264003.51,1757707199999,1131077.40465,4159
DOTUSDT,1757707200000,4.292,4.295,4.249,4.27,510970.27,1757710799999,2181005.59576,5863
DOTUSDT,1757710800000,4.27,4.278,4.257,4.273,227340.55,1757714399999,970181.62956,2860
DOTUSDT,1757714400000,4.274,4.32,4.274,4.315,509245.42,1757717999999,2192346.6803,7229
DOTUSDT,1757718000000,4.316,4.322,4.308,4.319,204613.59,1757721599999,882886.07172,2792
DOTUSDT,1757721600000,4.319,4.342,4.305,4.339,264898.65,1757725199999,1145063.94632,3873
DOTUSDT,1757725200000,4.338,4.354,4.313,4.315,308881.57,1757728799999,1339653.11556,4955
DOTUSDT,1757728800000,4.314,4.344,4.303,4.339,253298.09,1757732399999,1095589.27509,3648
DOTUSDT,1757732400000,4.339,4.382,4.339,4.379,373895.95,1757735999999,1631357.87629,4597
DOTUSDT,1757736000000,4.378,4.399,4.363,4.388,328796.66,1757739599999,1440972.14112,4919
DOTUSDT,1757739600000,4.388,4.417,4.36,4.416,471205.88,1757743199999,2068982.04911,6836
DOTUSDT,1757743200000,4.415,4.503,4.411,4.45,1075345.58,1757746799999,4801355.20864,16970
DOTUSDT,1757746800000,4.45,4.489,4.429,4.457,531636.32,1757750399999,2370817.43944,7558
DOTUSDT,1757750400000,4.457,4.529,4.453,4.503,557995.23,1757753999999,2508355.0347,9317
DOTUSDT,1757754000000,4.503,4.52,4.493,4.515,484386.9,1757757599999,2183366.23181,7724
DOTUSDT,1757757600000,4.514,4.595,4.503,4.574,863399.61,1757761199999,3925356.57507,13248
DOTUSDT,1757761200000,4.573,4.586,4.508,4.584,683188.38,1757764799999,3103584.0374,11308
DOTUSDT,1757764800000,4.585,4.626,4.554,4.615,879451.49,1757768399999,4033087.68275,12593
DOTUSDT,1757768400000,4.614,4.622,4.485,4.539,990071.44,1757771999999,4511128.04529,16695
DOTUSDT,1757772000000,4.538,4.576,4.491,4.533,748315.64,1757775599999,3392256.22331,11945
DOTUSDT,1757775600000,4.532,4.554,4.493,4.511,503342.41,1757779199999,2276224.5224,10373
DOTUSDT,1757779200000,4.512,4.542,4.443,4.466,805569.91,1757782799999,3620520.70197,17373
DOTUSDT,1757782800000,4.467,4.495,4.417,4.486,672325.95,1757786399999,2994533.22148,12656
DOTUSDT,1757786400000,4.485,4.487,4.454,4.474,196769.69,1757789999999,878987.82346,4277
DOTUSDT,1757790000000,4.474,4.476,4.454,4.464,132336.12,1757793599999,590936.11126,2958
DOTUSDT,1757793600000,4.465,4.497,4.461,4.485,180326.78,1757797199999,808720.57904,3886
DOTUSDT,1757797200000,4.484,4.517,4.484,4.492,156281.78,1757800799999,703589.17765,3421
DOTUSDT,1757800800000,4.492,4.515,4.483,4.492,150302.33,1757804399999,676251.86079,3253
DOTUSDT,1757804400000,4.492,4.509,4.488,4.492,191281.14,1757807999999,860197.44149,3146
DOTUSDT,1757808000000,4.492,4.498,4.437,4.449,299659.69,1757811599999,1339829.7731,5314
DOTUSDT,1757811600000,4.447,4.46,4.405,4.458,361523.33,1757815199999,1601153.3308,7411
DOTUSDT,1757815200000,4.457,4.485,4.44,4.452,293277.85,1757818799999,1308645.7785,5805
DOTUSDT,1757818800000,4.452,4.454,4.396,4.399,318888.01,1757822399999,1411302.85711,4960
DOTUSDT,1757822400000,4.399,4.413,4.363,4.397,526052.12,1757825999999,2309032.25567,7961
DOTUSDT,1757826000000,4.398,4.441,4.394,4.441,205744.28,1757829599999,910020.07576,3630
DOTUSDT,1757829600000,4.441,4.446,4.407,4.419,181080.67,1757833199999,800733.12328,3549
DOTUSDT,1757833200000,4.418,4.441,4.405,4.419,153783.54,1757836799999,679886.53508,3570
DOTUSDT,1757836800000,4.419,4.44,4.4,4.422,160410.08,1757840399999,707978.88211,3210
DOTUSDT,1757840400000,4.422,4.468,4.407,4.454,224114.78,1757843999999,996731.32183,4545
DOTUSDT,1757844000000,4.454,4.465,4.434,4.447,93993.39,1757847599999,418120.83772,2554
DOTUSDT,1757847600000,4.448,4.453,4.367,4.373,453879.97,1757851199999,1995012.87124,7171
DOTUSDT,1757851200000,4.374,4.396,4.328,4.348,578204.42,1757854799999,2519386.67014,8863
DOTUSDT,1757854800000,4.347,4.364,4.306,4.329,396405.54,1757858399999,1717922.2514,7432
DOTUSDT,1757858400000,4.329,4.359,4.28,4.316,587862.27,1757861999999,2532284.33202,12408
DOTUSDT,1757862000000,4.316,4.336,4.284,4.327,246071.1,1757865599999,1060694.97214,5686
DOTUSDT,1757865600000,4.327,4.365,4.322,4.345,188080.28,1757869199999,817588.09701,4673
DOTUSDT,1757869200000,4.344,4.377,4.33,4.362,178600.76,1757872799999,779439.09434,3894
DOTUSDT,1757872800000,4.361,4.363,4.329,4.332,86448.42,1757876399999,375516.75804,2647
DOTUSDT,1757876400000,4.332,4.349,4.316,4.33,132035.89,1757879999999,571919.0315,2843
DOTUSDT,1757880000000,4.33,4.35,4.326,4.33,135454.85,1757883599999,587250.47012,2833
DOTUSDT,1757883600000,4.331,4.362,4.309,4.349,144231.76,1757887199999,625163.49815,3474
DOTUSDT,1757887200000,4.35,4.372,4.331,4.364,103895.92,1757890799999,452349.67628,2325
DOTUSDT,1757890800000,4.364,4.365,4.308,4.316,123204.87,1757894399999,532630.15348,3109
DOTUSDT,1757894400000,4.316,4.361,4.314,4.343,152787.13,1757897999999,663079.79532,3346
DOTUSDT,1757898000000,4.342,4.351,4.286,4.33,303473.19,1757901599999,1309952.4797,5484
DOTUSDT,1757901600000,4.33,4.367,4.326,4.334,192792.54,1757905199999,838292.10535,3995
DOTUSDT,1757905200000,4.334,4.378,4.331,4.368,203114.83,1757908799999,885392.06613,2956
DOTUSDT,1757908800000,4.368,4.386,4.352,4.363,211283.05,1757912399999,923668.1484,3781
DOTUSDT,1757912400000,4.363,4.402,4.356,4.4,193676.55,1757915999999,850085.86417,3656
DOTUSDT,1757916000000,4.399,4.405,4.304,4.318,449164.87,1757919599999,1953788.26761,6481
DOTUSDT,1757919600000,4.317,4.35,4.238,4.251,747277.24,1757923199999,3195521.09201,11442
DOTUSDT,1757923200000,4.25,4.251,4.136,4.145,1365657.79,1757926799999,5717658.16216,18930
DOTUSDT,1757926800000,4.146,4.203,4.139,4.194,435211.14,1757930399999,1816574.81378,7541
DOTUSDT,1757930400000,4.194,4.209,4.153,4.201,306111.97,1757933999999,1280262.28573,5613
DOTUSDT,1757934000000,4.2,4.211,4.174,4.19,175670.99,1757937599999,736681.65049,3995
DOTUSDT,1757937600000,4.19,4.205,4.159,4.164,211810.33,1757941199999,885501.19771,4266
DOTUSDT,1757941200000,4.164,4.205,4.157,4.185,393408.09,1757944799999,1645704.6941,8047
DOTUSDT,1757944800000,4.186,4.187,4.145,4.15,350389.64,1757948399999,1460851.71649,7087
DOTUSDT,1757948400000,4.151,4.165,4.116,4.144,346158.76,1757951999999,1433800.84852,7785
DOTUSDT,1757952000000,4.143,4.15,4.104,4.115,597056.56,1757955599999,2464464.83059,7854
DOTUSDT,1757955600000,4.114,4.147,4.107,4.146,268415.3,1757959199999,1107034.42142,5529
DOTUSDT,1757959200000,4.145,4.15,4.117,4.144,229863.12,1757962799999,950496.50103,3961
DOTUSDT,1757962800000,4.143,4.162,4.125,4.144,196783.68,1757966399999,816180.42978,4052
DOTUSDT,1757966400000,4.143,4.169,4.14,4.165,115112.41,1757969999999,478589.05811,2711
DOTUSDT,1757970000000,4.165,4.178,4.154,4.171,129626.55,1757973599999,540343.15809,2281
DOTUSDT,1757973600000,4.172,4.178,4.147,4.153,137809.39,1757977199999,573160.41051,2290
DOTUSDT,1757977200000,4.153,4.162,4.137,4.151,190773.73,1757980799999,791359.60591,2553
DOTUSDT,1757980800000,4.151,4.151,4.121,4.137,162482.11,1757984399999,671703.81296,2961
DOTUSDT,1757984400000,4.137,4.164,4.125,4.126,195691.97,1757987999999,811064.29584,3651
DOTUSDT,1757988000000,4.127,4.148,4.123,4.123,143518.57,1757991599999,593226.21279,2677
DOTUSDT,1757991600000,4.123,4.162,4.122,4.154,484484.35,1757995199999,2008297.53963,4384
DOTUSDT,1757995200000,4.155,4.162,4.109,4.151,558801.54,1757998799999,2312844.90993,5944
DOTUSDT,1757998800000,4.151,4.207,4.149,4.206,345457.27,1758002399999,1444084.74885,5753
DOTUSDT,1758002400000,4.207,4.209,4.136,4.155,655407.09,1758005999999,2728016.89572,7798
DOTUSDT,1758006000000,4.154,4.175,4.146,4.169,192277.27,1758009599999,799969.51414,4236
DOTUSDT,1758009600000,4.17,4.223,4.169,4.221,534152.39,1758013199999,2244492.47749,8427
DOTUSDT,1758013200000,4.221,4.254,4.211,4.244,622708.27,1758016799999,2637210.54876,7931
DOTUSDT,1758016800000,4.244,4.25,4.214,4.216,335395.76,1758020399999,1419070.2766,7043
DOTUSDT,1758020400000,4.215,4.223,4.195,4.209,220132.6,1758023999999,926926.91959,4682
DOTUSDT,1758024000000,4.21,4.223,4.202,4.208,168006.06,1758027599999,707810.57735,4531
DOTUSDT,1758027600000,4.209,4.246,4.167,4.203,585368.02,1758031199999,2463243.53613,11799
DOTUSDT,1758031200000,4.204,4.205,4.151,4.183,331959.95,1758034799999,1387335.4621,6613
DOTUSDT,1758034800000,4.184,4.231,4.164,4.228,361125.83,1758038399999,1517151.50629,5963
DOTUSDT,1758038400000,4.228,4.233,4.193,4.215,226593.97,1758041999999,954337.48491,4559
DOTUSDT,1758042000000,4.215,4.286,4.214,4.265,399444.05,1758045599999,1700747.13254,8510
DOTUSDT,1758045600000,4.266,4.284,4.252,4.265,212464.21,1758049199999,907149.35926,4493
DOTUSDT,1758049200000,4.266,4.279,4.253,4.275,146052.22,1758052799999,623285.2963,3199
DOTUSDT,1758052800000,4.276,4.287,4.257,4.263,214530.11,1758056399999,916912.71279,3430
DOTUSDT,1758056400000,4.263,4.286,4.261,4.283,113164.03,1758059999999,483232.82122,2138
DOTUSDT,1758060000000,4.285,4.295,4.272,4.277,171516.9,1758063599999,734962.72717,2847
DOTUSDT,1758063600000,4.277,4.277,4.245,4.253,128512.21,1758067199999,547406.52987,2587
DOTUSDT,1758067200000,4.254,4.257,4.237,4.243,224709.04,1758070799999,954064.36465,3902
DOTUSDT,1758070800000,4.243,4.253,4.224,4.236,106157.39,1758074399999,449787.2954,2522
DOTUSDT,1758074400000,4.236,4.264,4.227,4.246,320428.23,1758077999999,1361974.96828,3782
DOTUSDT,1758078000000,4.245,4.254,4.21,4.213,195795.75,1758081599999,829179.04151,3425
DOTUSDT,1758081600000,4.213,4.225,4.177,4.187,201478.44,1758085199999,846083.12418,4092
DOTUSDT,1758085200000,4.187,4.21,4.173,4.209,367069.11,1758088799999,1537300.03438,6037
DOTUSDT,1758088800000,4.21,4.233,4.198,4.23,326581.12,1758092399999,1377090.27423,4254
DOTUSDT,1758092400000,4.23,4.242,4.222,4.229,242140.14,1758095999999,1024229.29806,3041
DOTUSDT,1758096000000,4.23,4.23,4.18,4.189,317808.18,1758099599999,1333661.08644,4154
DOTUSDT,1758099600000,4.189,4.194,4.175,4.178,136007.77,1758103199999,568866.68829,2314
DOTUSDT,1758103200000,4.177,4.186,4.159,4.171,184458.56,1758106799999,769267.16037,2962
DOTUSDT,1758106800000,4.17,4.192,4.167,4.18,98465.38,1758110399999,411792.21109,1971
DOTUSDT,1758110400000,4.181,4.199,4.17,4.19,128408.31,1758113999999,537366.8938,2776
DOTUSDT,1758114000000,4.19,4.202,4.174,4.188,217065.13,1758117599999,908916.67733,4565
DOTUSDT,1758117600000,4.188,4.198,4.16,4.161,311128.25,1758121199999,1300626.99642,4713
DOTUSDT,1758121200000,4.161,4.175,4.153,4.168,229449.94,1758124799999,955347.0511,3376
DOTUSDT,1758124800000,4.167,4.194,4.136,4.191,273064.43,1758128399999,1136633.51397,4496
DOTUSDT,1758128400000,4.191,4.234,4.15,4.157,404941.59,1758131999999,1699472.24044,7917
DOTUSDT,1758132000000,4.157,4.247,4.15,4.179,1320349.34,1758135599999,5537967.96861,24443
DOTUSDT,1758135600000,4.179,4.283,4.178,4.283,466632.92,1758139199999,1978993.47482,10915
DOTUSDT,1758139200000,4.283,4.339,4.243,4.25,483653.6,1758142799999,2077946.60358,9652
DOTUSDT,1758142800000,4.25,4.318,4.224,4.315,354273.99,1758146399999,1517438.11116,7051
DOTUSDT,1758146400000,4.315,4.425,4.315,4.408,653118.08,1758149999999,2857313.95941,12084
DOTUSDT,1758150000000,4.409,4.432,4.388,4.403,598231.72,1758153599999,2637254.09385,9545
DOTUSDT,1758153600000,4.403,4.424,4.373,4.382,387463.1,1758157199999,1704540.0499,6511
DOTUSDT,1758157200000,4.383,4.47,4.376,4.446,514119.35,1758160799999,2282866.65573,9640
DOTUSDT,1758160800000,4.447,4.454,4.414,4.452,264839.89,1758164399999,1174874.69223,4832
DOTUSDT,1758164400000,4.453,4.49,4.444,4.476,385376.07,1758167999999,1724481.64824,7749
DOTUSDT,1758168000000,4.476,4.488,4.46,4.478,305028.39,1758171599999,1364651.15364,5856
DOTUSDT,1758171600000,4.477,4.497,4.449,4.457,421275.07,1758175199999,1881670.05757,6397
DOTUSDT,1758175200000,4.458,4.476,4.418,4.458,671304.84,1758178799999,2983728.4939,10418
DOTUSDT,1758178800000,4.458,4.518,4.444,4.49,528422.7,1758182399999,2370223.60146,8791
DOTUSDT,1758182400000,4.489,4.525,4.476,4.515,450643.11,1758185999999,2030123.68966,8017
DOTUSDT,1758186000000,4.514,4.549,4.499,4.538,399053.93,1758189599999,1806743.54326,8422
DOTUSDT,1758189600000,4.538,4.572,4.511,4.54,686579.34,1758193199999,3117155.50009,12202
DOTUSDT,1758193200000,4.541,4.552,4.515,4.527,355985.22,1758196799999,1612893.02983,6925
DOTUSDT,1758196800000,4.526,4.544,4.513,4.54,401497.79,1758200399999,1817875.58465,7923
DOTUSDT,1758200400000,4.54,4.58,4.525,4.573,468168.09,1758203999999,2129998.26166,10756
DOTUSDT,1758204000000,4.572,4.577,4.538,4.566,621887.51,1758207599999,2836633.51551,10093
DOTUSDT,1758207600000,4.566,4.568,4.54,4.549,455455.7,1758211199999,2073889.99505,6679
DOTUSDT,1758211200000,4.549,4.566,4.544,4.552,313201.54,1758214799999,1426465.87465,5834
DOTUSDT,1758214800000,4.552,4.593,4.543,4.586,315716.27,1758218399999,1443286.4445,6383
DOTUSDT,1758218400000,4.585,4.595,4.557,4.589,409764.04,1758221999999,1875992.14639,6043
DOTUSDT,1758222000000,4.589,4.594,4.526,4.562,444550.98,1758225599999,2027598.71821,7951
DOTUSDT,1758225600000,4.561,4.575,4.549,4.57,311176.53,1758229199999,1419366.12567,6016
DOTUSDT,1758229200000,4.571,4.573,4.544,4.549,198697.2,1758232799999,905661.53521,4088
DOTUSDT,1758232800000,4.549,4.566,4.533,4.544,273966.51,1758236399999,1246882.1424,5363
DOTUSDT,1758236400000,4.544,4.549,4.512,4.533,405762.98,1758239999999,1838587.30713,7833
DOTUSDT,1758240000000,4.533,4.808,4.533,4.801,1940685.86,1758243599999,9088108.86285,32906
DOTUSDT,1758243600000,4.8,4.882,4.704,4.722,2082595.64,1758247199999,9979138.31886,40151
DOTUSDT,1758247200000,4.722,4.742,4.641,4.683,1147174.69,1758250799999,5371742.02229,15786
DOTUSDT,1758250800000,4.684,4.711,4.614,4.631,863553.28,1758254399999,4018258.71832,13082
DOTUSDT,1758254400000,4.631,4.673,4.568,4.663,777105.35,1758257999999,3587172.91091,14186
DOTUSDT,1758258000000,4.664,4.675,4.615,4.652,447453.97,1758261599999,2076781.27851,7684
DOTUSDT,1758261600000,4.652,4.655,4.577,4.582,503384.14,1758265199999,2323306.16143,9066
DOTUSDT,1758265200000,4.583,4.626,4.571,4.604,347841.0,1758268799999,1601311.5025,7493
DOTUSDT,1758268800000,4.603,4.64,4.59,4.593,359456.78,1758272399999,1657337.00695,5549
DOTUSDT,1758272400000,4.594,4.63,4.53,4.551,696063.21,1758275999999,3184544.96582,11626
DOTUSDT,1758276000000,4.551,4.567,4.532,4.553,515717.62,1758279599999,2347899.25347,8855
DOTUSDT,1758279600000,4.552,4.554,4.459,4.494,1072403.91,1758283199999,4827287.92108,13039
DOTUSDT,1758283200000,4.494,4.528,4.482,4.487,507563.74,1758286799999,2285213.1478,7681
DOTUSDT,1758286800000,4.487,4.542,4.481,4.521,432800.97,1758290399999,1951695.09289,8562
DOTUSDT,1758290400000,4.522,4.529,4.468,4.487,446538.12,1758293999999,2007261.50181,9270
DOTUSDT,1758294000000,4.487,4.496,4.412,4.443,1186919.77,1758297599999,5279897.37276,18110
DOTUSDT,1758297600000,4.442,4.459,4.423,4.448,287418.58,1758301199999,1276848.28552,6549
DOTUSDT,1758301200000,4.449,4.451,4.374,4.377,482196.94,1758304799999,2122018.6008,8033
DOTUSDT,1758304800000,4.377,4.418,4.353,4.398,734731.11,1758308399999,3221025.88268,8476
DOTUSDT,1758308400000,4.398,4.422,4.384,4.389,182735.91,1758311999999,804098.77518,4095
DOTUSDT,1758312000000,4.389,4.41,4.381,4.39,244384.71,1758315599999,1074137.81522,4097
DOTUSDT,1758315600000,4.39,4.415,4.377,4.412,212377.53,1758319199999,933778.59099,3232
DOTUSDT,1758319200000,4.412,4.419,4.391,4.391,169373.37,1758322799999,745919.72747,2213
DOTUSDT,1758322800000,4.391,4.393,4.318,4.359,499024.74,1758326399999,2168837.39468,6775
DOTUSDT,1758326400000,4.358,4.388,4.341,4.387,323392.1,1758329999999,1411052.51194,5493
DOTUSDT,1758330000000,4.387,4.388,4.351,4.36,283891.79,1758333599999,1240362.50819,5003
DOTUSDT,1758333600000,4.36,4.363,4.289,4.337,1014989.24,1758337199999,4374850.74753,9869
DOTUSDT,1758337200000,4.337,4.34,4.311,4.335,210347.0,1758340799999,909973.60684,4007
DOTUSDT,1758340800000,4.334,4.353,4.322,4.343,200704.52,1758344399999,870291.75355,3423
DOTUSDT,1758344400000,4.343,4.38,4.334,4.374,210578.52,1758347999999,917763.78857,3873
DOTUSDT,1758348000000,4.375,4.399,4.353,4.398,242413.3,1758351599999,1061209.26937,4048
DOTUSDT,1758351600000,4.398,4.416,4.385,4.416,224292.55,1758355199999,986517.03074,3659
DOTUSDT,1758355200000,4.416,4.416,4.358,4.361,224886.24,1758358799999,985746.35853,4082
DOTUSDT,1758358800000,4.362,4.373,4.335,4.346,245084.37,1758362399999,1066779.7473,4293
DOTUSDT,1758362400000,4.345,4.365,4.336,4.337,204324.67,1758365999999,889001.7821,3995
DOTUSDT,1758366000000,4.337,4.363,4.333,4.359,226408.65,1758369599999,984892.05787,4245
DOTUSDT,1758369600000,4.359,4.366,4.342,4.355,144604.46,1758373199999,629518.4569,3348
DOTUSDT,1758373200000,4.354,4.354,4.325,4.342,281556.76,1758376799999,1221945.77928,4895
DOTUSDT,1758376800000,4.342,4.404,4.322,4.401,444517.67,1758380399999,1935011.33201,5949
DOTUSDT,1758380400000,4.401,4.463,4.39,4.403,738346.08,1758383999999,3269519.2868,11464
DOTUSDT,1758384000000,4.404,4.42,4.377,4.419,193603.07,1758387599999,852115.81259,4355
DOTUSDT,1758387600000,4.42,4.421,4.385,4.401,186315.24,1758391199999,820735.35587,3962
DOTUSDT,1758391200000,4.4,4.4,4.354,4.362,312250.01,1758394799999,1364758.48931,4843
DOTUSDT,1758394800000,4.362,4.373,4.344,4.357,142960.83,1758398399999,622669.31618,3010
DOTUSDT,1758398400000,4.356,4.385,4.349,4.382,125881.71,1758401999999,550133.79137,2717
DOTUSDT,1758402000000,4.382,4.394,4.361,4.365,199654.51,1758405599999,874220.57117,3338
DOTUSDT,1758405600000,4.366,4.369,4.347,4.367,114583.51,1758409199999,499433.34907,2518
DOTUSDT,1758409200000,4.366,4.367,4.341,4.356,150969.39,1758412799999,656515.93955,2728
DOTUSDT,1758412800000,4.356,4.374,4.341,4.368,134925.34,1758416399999,587673.27188,3106
DOTUSDT,1758416400000,4.368,4.369,4.326,4.332,176071.38,1758419999999,764263.67579,3098
DOTUSDT,1758420000000,4.332,4.358,4.32,4.352,245569.84,1758423599999,1065479.04489,3924
DOTUSDT,1758423600000,4.352,4.36,4.347,4.357,136471.71,1758427199999,594265.45074,2533
DOTUSDT,1758427200000,4.357,4.36,4.332,4.342,207161.55,1758430799999,899760.68523,3152
DOTUSDT,1758430800000,4.342,4.373,4.334,4.372,115949.29,1758434399999,503880.93301,2480
DOTUSDT,1758434400000,4.373,4.387,4.368,4.37,233025.23,1758437999999,1020046.97244,3873
DOTUSDT,1758438000000,4.369,4.383,4.358,4.368,159553.62,1758441599999,697739.29437,3628
DOTUSDT,1758441600000,4.369,4.379,4.349,4.35,136727.58,1758445199999,595963.12036,2510
DOTUSDT,1758445200000,4.351,4.356,4.285,4.322,560756.8,1758448799999,2419611.61763,7877
DOTUSDT,1758448800000,4.321,4.326,4.293,4.294,255128.07,1758452399999,1098603.28168,3573
DOTUSDT,1758452400000,4.295,4.323,4.29,4.306,150993.52,1758455999999,650881.09238,3675
DOTUSDT,1758456000000,4.306,4.34,4.303,4.319,175793.17,1758459599999,760666.18313,3869
DOTUSDT,1758459600000,4.318,4.334,4.309,4.325,117986.94,1758463199999,509907.99905,3001
DOTUSDT,1758463200000,4.324,4.328,4.3,4.301,153041.79,1758466799999,659585.32669,3351
DOTUSDT,1758466800000,4.301,4.313,4.273,4.283,223267.88,1758470399999,958240.69934,4008
DOTUSDT,1758470400000,4.282,4.291,4.247,4.268,297474.78,1758473999999,1269313.54926,5551
DOTUSDT,1758474000000,4.267,4.285,4.236,4.283,209324.3,1758477599999,890107.3111,4736
DOTUSDT,1758477600000,4.284,4.3,4.275,4.3,109432.21,1758481199999,469206.93177,3211
DOTUSDT,1758481200000,4.3,4.301,4.263,4.289,135741.74,1758484799999,580713.84454,2846
DOTUSDT,1758484800000,4.29,4.291,4.262,4.265,150039.42,1758488399999,641610.40518,2417
DOTUSDT,1758488400000,4.265,4.291,4.262,4.277,120143.14,1758491999999,513599.71121,1918
DOTUSDT,1758492000000,4.277,4.292,4.253,4.287,139304.67,1758495599999,594541.98278,2522
DOTUSDT,1758495600000,4.287,4.289,4.256,4.262,142277.23,1758499199999,607097.47054,2410
DOTUSDT,1758499200000,4.261,4.279,4.158,4.176,1037594.13,1758502799999,4359491.01593,17972
DOTUSDT,1758502800000,4.175,4.212,4.159,4.179,589855.4,1758506399999,2467074.31826,9290
DOTUSDT,1758506400000,4.179,4.196,4.084,4.121,873948.52,1758509999999,3616426.83978,15100
DOTUSDT,1758510000000,4.122,4.151,4.122,4.136,252957.66,1758513599999,1046388.72153,4872
DOTUSDT,1758513600000,4.136,4.15,4.124,4.131,162522.78,1758517199999,672327.75776,3520
DOTUSDT,1758517200000,4.13,4.138,4.046,4.051,446089.73,1758520799999,1826907.26675,7648
DOTUSDT,1758520800000,4.051,4.054,3.821,4.008,3847273.37,1758524399999,15178466.35303,60125
DOTUSDT,1758524400000,4.007,4.014,3.973,3.979,732923.83,1758527999999,2928655.93886,13075
DOTUSDT,1758528000000,3.979,4.001,3.936,3.981,725267.01,1758531599999,2879236.18889,13115
DOTUSDT,1758531600000,3.982,3.983,3.94,3.946,577194.65,1758535199999,2287959.20533,8808
DOTUSDT,1758535200000,3.946,4.0,3.938,3.998,521023.36,1758538799999,2071972.16962,6761
DOTUSDT,1758538800000,3.997,4.002,3.968,3.975,449630.8,1758542399999,1791659.11798,6179
DOTUSDT,1758542400000,3.976,4.002,3.965,3.993,326356.56,1758545999999,1299324.98856,7553
DOTUSDT,1758546000000,3.992,4.024,3.974,4.024,490814.71,1758549599999,1962697.19064,11135
DOTUSDT,1758549600000,4.023,4.027,3.98,3.99,521861.36,1758553199999,2089955.48971,9284
DOTUSDT,1758553200000,3.989,3.998,3.97,3.977,328376.01,1758556799999,1307593.6461,6599
DOTUSDT,1758556800000,3.977,3.998,3.964,3.975,243329.42,1758560399999,968515.73873,6349
DOTUSDT,1758560400000,3.975,3.992,3.956,3.985,150236.56,1758563999999,596976.55774,4881
DOTUSDT,1758564000000,3.985,3.993,3.963,3.964,214971.02,1758567599999,855109.45242,4257
DOTUSDT,1758567600000,3.964,3.97,3.929,3.947,384503.83,1758571199999,1518013.67687,5656
DOTUSDT,1758571200000,3.946,3.996,3.941,3.994,315218.84,1758574799999,1253055.50289,4551
DOTUSDT,1758574800000,3.993,4.036,3.986,4.033,197053.68,1758578399999,790314.4899,3272
DOTUSDT,1758578400000,4.032,4.032,4.009,4.017,150344.2,1758581999999,604463.82202,2760
DOTUSDT,1758582000000,4.017,4.039,4.01,4.037,145449.34,1758585599999,585742.17828,2480
DOTUSDT,1758585600000,4.037,4.059,4.016,4.018,263133.78,1758589199999,1063378.47158,3876
DOTUSDT,1758589200000,4.018,4.021,3.982,3.985,262903.36,1758592799999,1052166.76562,3273
DOTUSDT,1758592800000,3.984,3.999,3.954,3.957,301355.25,1758596399999,1199561.33015,4735
DOTUSDT,1758596400000,3.956,4.033,3.938,4.02,452499.97,1758599999999,1805343.39867,8328
DOTUSDT,1758600000000,4.02,4.044,3.988,4.001,231603.83,1758603599999,930006.43399,4013
DOTUSDT,1758603600000,4.0,4.022,3.987,3.996,171125.26,1758607199999,684998.12355,3118
DOTUSDT,1758607200000,3.995,4.039,3.985,4.029,288740.59,1758610799999,1159823.11775,4930
DOTUSDT,1758610800000,4.029,4.046,4.013,4.015,283577.6,1758614399999,1141649.46181,3998
DOTUSDT,1758614400000,4.016,4.044,4.009,4.033,278261.56,1758617999999,1121791.6141,4728
DOTUSDT,1758618000000,4.033,4.044,3.999,4.009,237505.81,1758621599999,955386.10322,4275
DOTUSDT,1758621600000,4.008,4.034,4.003,4.028,309921.4,1758625199999,1245306.98977,5317
DOTUSDT,1758625200000,4.027,4.03,4.002,4.021,182801.46,1758628799999,734039.83228,4014
DOTUSDT,1758628800000,4.02,4.043,4.013,4.033,257897.7,1758632399999,1038496.83424,5569
DOTUSDT,1758632400000,4.033,4.044,4.01,4.021,149954.89,1758635999999,603667.28157,5137
DOTUSDT,1758636000000,4.021,4.052,4.01,4.013,360780.89,1758639599999,1454045.02088,6526
DOTUSDT,1758639600000,4.012,4.048,3.996,4.033,313291.96,1758643199999,1262360.95186,6128
DOTUSDT,1758643200000,4.033,4.054,4.002,4.039,241699.15,1758646799999,972775.16674,5650
DOTUSDT,1758646800000,4.04,4.041,3.977,3.985,285779.67,1758650399999,1143209.86546,5998
DOTUSDT,1758650400000,3.985,3.999,3.961,3.969,194617.42,1758653999999,774647.33991,5915
DOTUSDT,1758654000000,3.97,4.003,3.96,3.967,139676.8,1758657599999,556164.96043,3556
DOTUSDT,1758657600000,3.966,3.995,3.959,3.995,149472.11,1758661199999,594573.24927,3520
DOTUSDT,1758661200000,3.994,4.016,3.976,4.007,102722.2,1758664799999,410308.51569,2739
DOTUSDT,1758664800000,4.007,4.013,3.985,3.993,75805.85,1758668399999,303268.02446,2228
DOTUSDT,1758668400000,3.993,4.002,3.964,3.966,229504.64,1758671999999,913481.0736,3020
DOTUSDT,1758672000000,3.965,4.005,3.958,3.978,221117.21,1758675599999,880990.4029,3998
DOTUSDT,1758675600000,3.978,4.021,3.97,4.019,201030.56,1758679199999,802769.78171,3185
DOTUSDT,1758679200000,4.019,4.022,3.983,4.002,141381.87,1758682799999,565353.41512,4894
DOTUSDT,1758682800000,4.001,4.006,3.933,3.941,388583.02,1758686399999,1537932.79312,6227
DOTUSDT,1758686400000,3.941,4.002,3.889,3.973,597321.72,1758689999999,2351443.02408,10553
DOTUSDT,1758690000000,3.973,4.035,3.971,4.034,293197.74,1758693599999,1175852.47529,4366
DOTUSDT,1758693600000,4.034,4.045,4.016,4.037,744046.74,1758697199999,3001486.66819,8008
DOTUSDT,1758697200000,4.037,4.04,4.015,4.033,190946.84,1758700799999,769371.49399,3509
DOTUSDT,1758700800000,4.033,4.043,4.026,4.038,138840.12,1758704399999,560107.49125,2857
DOTUSDT,1758704400000,4.038,4.054,4.027,4.042,228544.23,1758707999999,922363.39738,4638
DOTUSDT,1758708000000,4.042,4.059,4.037,4.053,205220.02,1758711599999,830972.09039,3893
DOTUSDT,1758711600000,4.053,4.086,4.051,4.068,272970.93,1758715199999,1111143.35804,4997
DOTUSDT,1758715200000,4.067,4.076,4.051,4.062,201557.39,1758718799999,818315.41519,3088
DOTUSDT,1758718800000,4.062,4.081,4.053,4.054,345750.99,1758722399999,1405911.06893,5602
DOTUSDT,1758722400000,4.055,4.115,4.052,4.095,320832.07,1758725999999,1309745.1161,5633
DOTUSDT,1758726000000,4.094,4.1,4.059,4.064,396807.49,1758729599999,1619291.84637,6996
DOTUSDT,1758729600000,4.063,4.072,4.046,4.063,221851.11,1758733199999,900451.64241,4739
DOTUSDT,1758733200000,4.063,4.07,4.046,4.053,248552.79,1758736799999,1008527.55517,3508
DOTUSDT,1758736800000,4.053,4.06,4.033,4.043,192774.85,1758740399999,780056.58791,2751
DOTUSDT,1758740400000,4.042,4.05,4.02,4.04,189719.46,1758743999999,765148.20399,3217
DOTUSDT,1758744000000,4.04,4.052,4.012,4.032,134365.75,1758747599999,541685.44494,2948
DOTUSDT,1758747600000,4.031,4.041,3.988,3.998,142634.04,1758751199999,573166.3966,2726
DOTUSDT,1758751200000,3.998,4.019,3.994,4.004,114618.94,1758754799999,459289.37818,3468
DOTUSDT,1758754800000,4.003,4.012,3.977,3.992,179319.45,1758758399999,715826.78899,3495
DOTUSDT,1758758400000,3.992,4.005,3.956,3.969,271175.56,1758761999999,1078348.42288,5526
DOTUSDT,1758762000000,3.968,3.98,3.944,3.955,395709.04,1758765599999,1566981.17224,7110
DOTUSDT,1758765600000,3.955,4.003,3.936,3.983,435765.92,1758769199999,1729892.65608,7029
DOTUSDT,1758769200000,3.983,3.985,3.928,3.954,368879.92,1758772799999,1457019.45927,7060
DOTUSDT,1758772800000,3.953,3.965,3.87,3.902,659269.71,1758776399999,2577082.7626,12903
DOTUSDT,1758776400000,3.901,3.954,3.886,3.939,230667.97,1758779999999,906012.69419,6068
DOTUSDT,1758780000000,3.939,3.944,3.902,3.908,311621.43,1758783599999,1219358.20986,6145
DOTUSDT,1758783600000,3.908,3.937,3.894,3.907,472625.44,1758787199999,1850454.9575,6392
DOTUSDT,1758787200000,3.907,3.929,3.89,3.92,896921.95,1758790799999,3508265.58355,9281
DOTUSDT,1758790800000,3.92,3.958,3.908,3.91,582309.99,1758794399999,2291410.57863,8595
DOTUSDT,1758794400000,3.911,3.943,3.908,3.918,110159.83,1758797999999,432832.64255,3500
DOTUSDT,1758798000000,3.918,3.929,3.891,3.903,240647.55,1758801599999,941062.94959,4863
DOTUSDT,1758801600000,3.903,3.922,3.822,3.902,1578784.97,1758805199999,6130431.18301,20996
DOTUSDT,1758805200000,3.901,3.965,3.878,3.919,914925.13,1758808799999,3585726.71822,15066
DOTUSDT,1758808800000,3.919,3.991,3.919,3.953,649945.17,1758812399999,2574903.06497,10434
DOTUSDT,1758812400000,3.952,3.959,3.913,3.935,303178.41,1758815999999,1192058.528,6353
DOTUSDT,1758816000000,3.934,3.94,3.865,3.873,369102.25,1758819599999,1439794.42851,7975
DOTUSDT,1758819600000,3.873,3.878,3.776,3.794,1081465.45,1758823199999,4139395.52202,20366
DOTUSDT,1758823200000,3.794,3.897,3.775,3.893,654030.02,1758826799999,2509251.56862,12800
DOTUSDT,1758826800000,3.893,3.91,3.853,3.86,285043.62,1758830399999,1107418.40626,5102
DOTUSDT,1758830400000,3.861,3.871,3.814,3.823,241166.77,1758833999999,926754.88805,5401
DOTUSDT,1758834000000,3.822,3.865,3.807,3.847,238638.05,1758837599999,915114.36261,5105
DOTUSDT,1758837600000,3.847,3.87,3.815,3.829,210525.82,1758841199999,809116.94316,3224
DOTUSDT,1758841200000,3.829,3.851,3.771,3.804,385033.21,1758844799999,1464620.66765,5519
DOTUSDT,1758844800000,3.804,3.856,3.794,3.849,273646.44,1758848399999,1046115.6612,5506
DOTUSDT,1758848400000,3.849,3.863,3.831,3.844,236843.66,1758851999999,910865.01793,5231
DOTUSDT,1758852000000,3.843,3.861,3.821,3.829,131086.11,1758855599999,503085.51073,3784
DOTUSDT,1758855600000,3.829,3.84,3.809,3.835,111344.79,1758859199999,425445.21634,3136
DOTUSDT,1758859200000,3.836,3.852,3.822,3.832,310979.41,1758862799999,1194477.38821,5941
DOTUSDT,1758862800000,3.832,3.861,3.815,3.825,230761.2,1758866399999,887225.87047,4543
DOTUSDT,1758866400000,3.825,3.85,3.803,3.817,282404.03,1758869999999,1080718.82753,4605
DOTUSDT,1758870000000,3.817,3.844,3.801,3.835,226837.9,1758873599999,867194.64425,4899
DOTUSDT,1758873600000,3.835,3.853,3.83,3.837,129389.89,1758877199999,497054.68907,3447
DOTUSDT,1758877200000,3.837,3.848,3.804,3.821,146982.68,1758880799999,562109.80948,2976
DOTUSDT,1758880800000,3.82,3.822,3.78,3.797,343569.01,1758884399999,1303272.2044,5176
DOTUSDT,1758884400000,3.796,3.831,3.776,3.821,250759.26,1758887999999,953166.41504,5423
DOTUSDT,1758888000000,3.821,3.882,3.785,3.863,616405.54,1758891599999,2364094.23983,11232
DOTUSDT,1758891600000,3.863,3.902,3.85,3.889,504758.24,1758895199999,1956320.15622,9866
DOTUSDT,1758895200000,3.89,3.902,3.852,3.865,264952.19,1758898799999,1026174.91429,6490
DOTUSDT,1758898800000,3.865,3.908,3.863,3.901,228837.18,1758902399999,891209.45547,5190
DOTUSDT,1758902400000,3.9,3.945,3.897,3.934,331934.5,1758905999999,1302582.87414,6029
DOTUSDT,1758906000000,3.933,3.969,3.927,3.956,316816.0,1758909599999,1251974.39057,6431
DOTUSDT,1758909600000,3.956,3.97,3.942,3.952,233509.16,1758913199999,924304.68846,4634
DOTUSDT,1758913200000,3.951,3.954,3.902,3.92,315277.32,1758916799999,1237838.89394,4774
DOTUSDT,1758916800000,3.921,3.937,3.91,3.916,278739.97,1758920399999,1093219.89543,3930
DOTUSDT,1758920400000,3.915,3.93,3.906,3.926,135166.4,1758923999999,529548.20484,2412
DOTUSDT,1758924000000,3.927,3.94,3.921,3.921,88250.7,1758927599999,346850.18366,1900
DOTUSDT,1758927600000,3.921,3.927,3.91,3.924,118340.28,1758931199999,463873.51771,1609
DOTUSDT,1758931200000,3.924,3.927,3.91,3.922,128807.04,1758934799999,504740.49632,1966
DOTUSDT,1758934800000,3.921,3.924,3.9,3.909,97758.32,1758938399999,381840.57784,1733
DOTUSDT,1758938400000,3.909,3.913,3.901,3.902,95879.94,1758941999999,374531.77274,1482
DOTUSDT,1758942000000,3.902,3.923,3.902,3.909,82483.35,1758945599999,322773.82541,1705
DOTUSDT,1758945600000,3.908,3.921,3.9,3.904,248342.66,1758949199999,970623.95565,2590
DOTUSDT,1758949200000,3.904,3.905,3.881,3.899,235774.1,1758952799999,917255.25153,2771
DOTUSDT,1758952800000,3.898,3.898,3.883,3.894,84994.86,1758956399999,330581.66743,1729
DOTUSDT,1758956400000,3.894,3.901,3.875,3.886,135502.45,1758959999999,526557.02734,2354
DOTUSDT,1758960000000,3.887,3.887,3.86,3.863,150732.56,1758963599999,583829.08558,2856
DOTUSDT,1758963600000,3.863,3.878,3.851,3.876,163611.6,1758967199999,631981.47507,2998
DOTUSDT,1758967200000,3.875,3.896,3.867,3.882,156987.74,1758970799999,609338.89398,2667
DOTUSDT,1758970800000,3.883,3.886,3.875,3.878,52047.52,1758974399999,201908.09776,1429
DOTUSDT,1758974400000,3.879,3.895,3.868,3.891,117143.36,1758977999999,454571.83769,2323
DOTUSDT,1758978000000,3.891,3.894,3.881,3.885,79102.63,1758981599999,307592.38552,1776
DOTUSDT,1758981600000,3.885,3.89,3.874,3.879,78564.19,1758985199999,304998.52698,1878
DOTUSDT,1758985200000,3.879,3.901,3.859,3.896,150917.86,1758988799999,585665.18769,2742
DOTUSDT,1758988800000,3.897,3.899,3.876,3.881,82935.38,1758992399999,322252.19696,2136
DOTUSDT,1758992400000,3.881,3.881,3.853,3.87,214998.31,1758995999999,830913.80431,3377
DOTUSDT,1758996000000,3.869,3.874,3.853,3.873,52177.07,1758999599999,201648.58366,1538
DOTUSDT,1758999600000,3.873,3.881,3.864,3.877,82283.93,1759003199999,318678.01965,1526
DOTUSDT,1759003200000,3.877,3.884,3.868,3.875,64389.92,1759006799999,249579.64059,1423
DOTUSDT,1759006800000,3.876,3.896,3.871,3.892,59102.37,1759010399999,229507.77538,1380
DOTUSDT,1759010400000,3.892,3.917,3.891,3.899,104225.45,1759013999999,407078.46193,2599
DOTUSDT,1759014000000,3.9,3.908,3.886,3.889,69950.88,1759017599999,272559.47806,1477
DOTUSDT,1759017600000,3.889,3.891,3.858,3.86,135056.77,1759021199999,522917.56295,2930
DOTUSDT,1759021200000,3.861,3.863,3.824,3.831,161898.01,1759024799999,621723.00312,3931
DOTUSDT,1759024800000,3.831,3.844,3.825,3.834,59265.59,1759028399999,227280.82239,1783
DOTUSDT,1759028400000,3.834,3.842,3.821,3.836,97017.5,1759031999999,371868.89948,2144
DOTUSDT,1759032000000,3.836,3.836,3.821,3.829,79666.9,1759035599999,304934.79152,1679
DOTUSDT,1759035600000,3.829,3.839,3.817,3.827,69456.53,1759039199999,265772.83846,1672
DOTUSDT,1759039200000,3.827,3.83,3.805,3.82,194261.37,1759042799999,741012.95808,2925
DOTUSDT,1759042800000,3.82,3.833,3.81,3.829,179494.07,1759046399999,686041.89604,2649
DOTUSDT,1759046400000,3.828,3.835,3.805,3.811,349667.08,1759049999999,1334344.92258,4022
DOTUSDT,1759050000000,3.81,3.818,3.797,3.806,135932.36,1759053599999,517219.7065,2980
DOTUSDT,1759053600000,3.805,3.822,3.792,3.821,135780.89,1759057199999,517098.54865,2718
DOTUSDT,1759057200000,3.821,3.822,3.8,3.812,136018.92,1759060799999,518278.05196,3618
DOTUSDT,1759060800000,3.812,3.816,3.797,3.809,109193.26,1759064399999,415533.49712,2998
DOTUSDT,1759064400000,3.81,3.868,3.808,3.863,444001.1,1759067999999,1709212.71917,5637
DOTUSDT,1759068000000,3.863,3.87,3.852,3.866,197107.47,1759071599999,761330.59782,2908
DOTUSDT,1759071600000,3.866,3.873,3.856,3.866,111873.43,1759075199999,432168.90553,2340
DOTUSDT,1759075200000,3.866,3.895,3.866,3.882,218285.31,1759078799999,846518.74509,3505
DOTUSDT,1759078800000,3.881,3.895,3.871,3.887,164007.85,1759082399999,637299.55358,2635
DOTUSDT,1759082400000,3.888,3.909,3.883,3.907,161228.73,1759085999999,628061.18853,2227
DOTUSDT,1759086000000,3.908,3.912,3.885,3.901,138433.37,1759089599999,539837.60161,2406
DOTUSDT,1759089600000,3.901,3.941,3.896,3.935,213847.33,1759093199999,839406.63523,3363
DOTUSDT,1759093200000,3.935,3.964,3.935,3.962,171385.41,1759096799999,676583.54593,3077
DOTUSDT,1759096800000,3.962,4.03,3.962,4.003,536338.45,1759100399999,2146084.55243,10387
DOTUSDT,1759100400000,4.003,4.01,3.988,3.997,252147.32,1759103999999,1007982.2028,3710
DOTUSDT,1759104000000,3.997,4.009,3.98,3.988,264652.81,1759107599999,1056514.81404,4293
DOTUSDT,1759107600000,3.989,3.997,3.964,3.965,247258.44,1759111199999,984358.53993,3973
DOTUSDT,1759111200000,3.965,3.992,3.96,3.983,170651.85,1759114799999,678419.74813,3035
DOTUSDT,1759114800000,3.983,3.989,3.968,3.987,144161.13,1759118399999,573742.2776,2129
DOTUSDT,1759118400000,3.988,3.989,3.966,3.98,129248.89,1759121999999,514244.39963,2119
DOTUSDT,1759122000000,3.98,3.982,3.947,3.965,192663.7,1759125599999,762161.02727,2855
DOTUSDT,1759125600000,3.965,3.967,3.938,3.94,182627.32,1759129199999,721391.98111,2750
DOTUSDT,1759129200000,3.94,3.952,3.924,3.942,153678.92,1759132799999,605284.14184,3267
DOTUSDT,1759132800000,3.942,3.995,3.931,3.991,493722.38,1759136399999,1960405.65075,5683
DOTUSDT,1759136400000,3.991,4.007,3.965,3.972,407087.31,1759139999999,1621143.18761,5119
DOTUSDT,1759140000000,3.972,3.987,3.945,3.95,238727.27,1759143599999,946029.04406,3179
DOTUSDT,1759143600000,3.95,3.952,3.916,3.935,305182.03,1759147199999,1200778.80987,4488
DOTUSDT,1759147200000,3.934,3.949,3.898,3.905,219349.13,1759150799999,860510.96364,4479
DOTUSDT,1759150800000,3.904,3.958,3.858,3.944,943569.85,1759154399999,3673175.2958,10977
DOTUSDT,1759154400000,3.944,4.002,3.94,3.986,488116.91,1759157999999,1942012.63782,8841
DOTUSDT,1759158000000,3.987,4.002,3.953,3.957,262941.96,1759161599999,1044546.52685,5735
DOTUSDT,1759161600000,3.958,3.981,3.933,3.936,165372.92,1759165199999,654877.37397,3684
DOTUSDT,1759165200000,3.936,3.962,3.917,3.957,229633.93,1759168799999,904179.71495,4448
DOTUSDT,1759168800000,3.957,3.961,3.937,3.952,108843.46,1759172399999,429834.78572,2520
DOTUSDT,1759172400000,3.953,3.98,3.944,3.976,128538.07,1759175999999,509247.1335,3259
DOTUSDT,1759176000000,3.975,4.023,3.974,4.018,187931.98,1759179599999,752339.04631,4342
DOTUSDT,1759179600000,4.019,4.022,3.996,3.999,119068.03,1759183199999,477242.68774,2077
DOTUSDT,1759183200000,3.999,4.012,3.985,3.995,173310.32,1759186799999,692738.89184,2819
DOTUSDT,1759186800000,3.995,3.995,3.978,3.98,156138.02,1759190399999,622160.1029,2489
DOTUSDT,1759190400000,3.98,3.992,3.949,3.953,238164.63,1759193999999,945689.03666,4791
DOTUSDT,1759194000000,3.953,3.973,3.928,3.942,164784.58,1759197599999,651007.85243,4225
DOTUSDT,1759197600000,3.942,3.954,3.927,3.932,210528.99,1759201199999,829024.5985,2597
DOTUSDT,1759201200000,3.932,3.953,3.929,3.934,122177.15,1759204799999,481599.53634,3149
DOTUSDT,1759204800000,3.933,3.941,3.923,3.924,103172.77,1759208399999,405656.99581,2215
DOTUSDT,1759208400000,3.924,3.937,3.915,3.929,112759.7,1759211999999,442570.06185,2631
DOTUSDT,1759212000000,3.929,3.942,3.92,3.923,185467.34,1759215599999,728578.70086,2829
DOTUSDT,1759215600000,3.923,3.934,3.896,3.903,211458.61,1759219199999,826320.5441,3152
DOTUSDT,1759219200000,3.903,3.906,3.886,3.886,117101.58,1759222799999,456363.64688,2943
DOTUSDT,1759222800000,3.886,3.891,3.861,3.865,167974.2,1759226399999,650607.42604,3726
DOTUSDT,1759226400000,3.865,3.886,3.861,3.877,134880.43,1759229999999,522824.88352,3013
DOTUSDT,1759230000000,3.877,3.906,3.861,3.904,177400.97,1759233599999,688667.02622,2889
DOTUSDT,1759233600000,3.903,3.903,3.876,3.876,94482.53,1759237199999,367645.28292,2206
DOTUSDT,1759237200000,3.876,3.908,3.863,3.882,131281.92,1759240799999,509903.17107,4138
DOTUSDT,1759240800000,3.882,3.89,3.855,3.879,162303.74,1759244399999,628225.13933,4344
DOTUSDT,1759244400000,3.878,3.879,3.81,3.838,423166.56,1759247999999,1621728.14143,7202
DOTUSDT,1759248000000,3.837,3.838,3.808,3.822,173874.73,1759251599999,664769.68077,4331
DOTUSDT,1759251600000,3.822,3.84,3.812,3.815,199174.89,1759255199999,762361.09922,5154
DOTUSDT,1759255200000,3.816,3.857,3.808,3.849,182276.89,1759258799999,698961.49689,4364
DOTUSDT,1759258800000,3.849,3.907,3.841,3.9,190781.32,1759262399999,739517.09624,4462
DOTUSDT,1759262400000,3.899,3.929,3.893,3.925,132421.12,1759265999999,517462.71447,3559
DOTUSDT,1759266000000,3.925,3.934,3.902,3.903,261428.07,1759269599999,1023687.72932,4093
DOTUSDT,1759269600000,3.903,3.927,3.888,3.891,198967.45,1759273199999,778484.2971,3863
DOTUSDT,1759273200000,3.892,3.909,3.88,3.909,123627.82,1759276799999,481006.90607,2166
DOTUSDT,1759276800000,3.909,3.921,3.883,3.903,127113.54,1759280399999,495889.57693,3043
DOTUSDT,1759280400000,3.903,3.939,3.897,3.937,94349.55,1759283999999,369337.87601,2732
DOTUSDT,1759284000000,3.938,3.94,3.913,3.915,82883.85,1759287599999,325530.51828,2124
DOTUSDT,1759287600000,3.915,3.925,3.889,3.891,121010.9,1759291199999,473486.68584,2318
DOTUSDT,1759291200000,3.891,3.93,3.889,3.912,77907.64,1759294799999,305101.26505,2596
DOTUSDT,1759294800000,3.912,3.936,3.912,3.925,90032.32,1759298399999,353572.05518,2586
DOTUSDT,1759298400000,3.924,3.926,3.892,3.896,101343.08,1759301999999,396556.98971,2965
DOTUSDT,1759302000000,3.895,3.923,3.892,3.914,66836.98,1759305599999,261325.16581,1986
DOTUSDT,1759305600000,3.914,4.082,3.911,4.075,1091680.72,1759309199999,4395653.88587,22314
DOTUSDT,1759309200000,4.076,4.11,4.071,4.108,698780.6,1759312799999,2858433.0065,12050
DOTUSDT,1759312800000,4.107,4.11,4.073,4.08,313159.2,1759316399999,1279933.94472,6129
DOTUSDT,1759316400000,4.08,4.1,4.075,4.08,327267.48,1759319999999,1337279.34006,4268
DOTUSDT,1759320000000,4.08,4.088,4.044,4.046,459332.58,1759323599999,1866235.94118,5867
DOTUSDT,1759323600000,4.046,4.07,4.042,4.052,147400.64,1759327199999,597784.2627,4616
DOTUSDT,1759327200000,4.052,4.087,4.043,4.067,573533.33,1759330799999,2335524.91108,7475
DOTUSDT,1759330800000,4.068,4.085,4.051,4.074,249850.78,1759334399999,1016673.42857,4178
DOTUSDT,1759334400000,4.074,4.085,4.051,4.061,220739.55,1759337999999,898982.91732,4664
DOTUSDT,1759338000000,4.061,4.075,4.048,4.057,162616.57,1759341599999,660324.87223,3924
DOTUSDT,1759341600000,4.056,4.106,4.056,4.099,265758.78,1759345199999,1087694.94143,4657
DOTUSDT,1759345200000,4.1,4.122,4.095,4.111,285603.62,1759348799999,1174443.72862,4068
DOTUSDT,1759348800000,4.111,4.118,4.096,4.107,193786.12,1759352399999,795398.508,3425
DOTUSDT,1759352400000,4.107,4.107,4.085,4.093,190233.68,1759355999999,779040.31224,2685
DOTUSDT,1759356000000,4.094,4.112,4.085,4.101,112598.7,1759359599999,461442.76077,2895
DOTUSDT,1759359600000,4.101,4.126,4.093,4.126,193466.62,1759363199999,795697.14673,3476
DOTUSDT,1759363200000,4.126,4.144,4.103,4.104,433775.77,1759366799999,1790316.79018,7179
DOTUSDT,1759366800000,4.104,4.162,4.1,4.161,178501.27,1759370399999,737751.49065,4011
DOTUSDT,1759370400000,4.161,4.185,4.14,4.179,276437.79,1759373999999,1151015.85869,6244
DOTUSDT,1759374000000,4.179,4.185,4.168,4.174,176189.55,1759377599999,735736.9634,3580
DOTUSDT,1759377600000,4.173,4.197,4.158,4.195,229643.02,1759381199999,959058.90747,4131
DOTUSDT,1759381200000,4.195,4.212,4.18,4.198,364358.34,1759384799999,1529066.76878,4747
DOTUSDT,1759384800000,4.199,4.254,4.199,4.225,668040.17,1759388399999,2825575.11984,9594
DOTUSDT,1759388400000,4.225,4.237,4.191,4.195,580371.42,1759391999999,2447289.67074,8181
DOTUSDT,1759392000000,4.195,4.204,4.179,4.196,191277.59,1759395599999,802057.5463,3697
DOTUSDT,1759395600000,4.195,4.215,4.184,4.209,204866.98,1759399199999,860416.76203,3660
DOTUSDT,1759399200000,4.209,4.247,4.204,4.241,342566.63,1759402799999,1446813.13962,5169
DOTUSDT,1759402800000,4.242,4.268,4.235,4.253,267360.74,1759406399999,1137349.71736,5790
DOTUSDT,1759406400000,4.254,4.285,4.247,4.274,269639.75,1759409999999,1151546.49368,5844
DOTUSDT,1759410000000,4.274,4.317,4.24,4.278,577041.58,1759413599999,2468018.84323,13304
DOTUSDT,1759413600000,4.278,4.282,4.184,4.208,663331.42,1759417199999,2807329.77515,13396
DOTUSDT,1759417200000,4.209,4.242,4.165,4.241,595125.65,1759420799999,2499284.86033,11069
DOTUSDT,1759420800000,4.241,4.28,4.23,4.266,542996.52,1759424399999,2310350.01377,9745
DOTUSDT,1759424400000,4.267,4.31,4.254,4.296,322975.09,1759427999999,1384750.59982,7531
DOTUSDT,1759428000000,4.296,4.34,4.296,4.315,319604.81,1759431599999,1381972.75809,7437
DOTUSDT,1759431600000,4.315,4.334,4.307,4.317,242761.28,1759435199999,1048994.88346,5467
DOTUSDT,1759435200000,4.318,4.327,4.29,4.316,278594.67,1759438799999,1200185.6758,5478
DOTUSDT,1759438800000,4.316,4.33,4.3,4.3,257491.96,1759442399999,1110037.40314,3984
DOTUSDT,1759442400000,4.301,4.319,4.292,4.297,182404.83,1759445999999,784760.32885,3725
DOTUSDT,1759446000000,4.298,4.311,4.283,4.306,241240.38,1759449599999,1036836.05828,4165
DOTUSDT,1759449600000,4.307,4.312,4.245,4.253,470061.4,1759453199999,2004447.73943,5578
DOTUSDT,1759453200000,4.254,4.268,4.222,4.23,283982.15,1759456799999,1206331.06289,5563
DOTUSDT,1759456800000,4.229,4.256,4.224,4.24,184327.49,1759460399999,781342.45767,4492
DOTUSDT,1759460400000,4.24,4.28,4.235,4.241,204113.47,1759463999999,869248.09143,4660
DOTUSDT,1759464000000,4.242,4.283,4.237,4.266,201242.34,1759467599999,857064.25163,5099
DOTUSDT,1759467600000,4.266,4.269,4.217,4.231,157000.22,1759471199999,665056.0039,3995
DOTUSDT,1759471200000,4.23,4.246,4.191,4.212,305413.88,1759474799999,1288604.05535,7778
DOTUSDT,1759474800000,4.212,4.215,4.188,4.205,231881.11,1759478399999,974270.89143,6144
DOTUSDT,1759478400000,4.204,4.234,4.179,4.226,490769.39,1759481999999,2064346.91676,8144
DOTUSDT,1759482000000,4.225,4.238,4.203,4.232,393322.81,1759485599999,1659537.30101,7079
DOTUSDT,1759485600000,4.231,4.249,4.218,4.236,183845.75,1759489199999,778744.18251,4900
DOTUSDT,1759489200000,4.236,4.24,4.214,4.227,159654.93,1759492799999,674903.52262,4609
DOTUSDT,1759492800000,4.228,4.242,4.216,4.237,124218.11,1759496399999,525504.30888,3731
DOTUSDT,1759496400000,4.237,4.279,4.201,4.261,320975.34,1759499999999,1363964.29215,7910
DOTUSDT,1759500000000,4.26,4.274,4.202,4.262,255890.42,1759503599999,1084450.66143,6259
DOTUSDT,1759503600000,4.261,4.323,4.248,4.319,385847.74,1759507199999,1656562.59162,9969
DOTUSDT,1759507200000,4.32,4.384,4.308,4.314,804531.2,1759510799999,3494244.80531,17470
DOTUSDT,1759510800000,4.314,4.318,4.24,4.262,726708.23,1759514399999,3109783.92545,19445
DOTUSDT,1759514400000,4.263,4.319,4.239,4.318,374286.56,1759517999999,1601874.81774,10857
DOTUSDT,1759518000000,4.318,4.347,4.303,4.317,283901.95,1759521599999,1228272.17793,6941
DOTUSDT,1759521600000,4.317,4.337,4.296,4.334,144022.03,1759525199999,621776.94034,3992
DOTUSDT,1759525200000,4.335,4.342,4.316,4.329,113373.19,1759528799999,491076.95945,3134
DOTUSDT,1759528800000,4.33,4.346,4.33,4.335,115196.15,1759532399999,499832.9763,3410
DOTUSDT,1759532400000,4.336,4.336,4.316,4.32,106801.37,1759535999999,462106.7737,2659
DOTUSDT,1759536000000,4.321,4.329,4.295,4.32,184655.86,1759539599999,795834.16527,5070
DOTUSDT,1759539600000,4.319,4.32,4.267,4.277,299997.74,1759543199999,1284757.06022,6443
DOTUSDT,1759543200000,4.277,4.292,4.255,4.289,183755.22,1759546799999,785416.53628,5286
DOTUSDT,1759546800000,4.289,4.293,4.251,4.27,216609.56,1759550399999,923685.70244,6946
DOTUSDT,1759550400000,4.27,4.279,4.247,4.263,169498.51,1759553999999,722568.28322,4257
DOTUSDT,1759554000000,4.263,4.298,4.258,4.289,176513.55,1759557599999,755383.74405,3998
DOTUSDT,1759557600000,4.289,4.31,4.277,4.295,167820.82,1759561199999,720561.33298,5139
DOTUSDT,1759561200000,4.295,4.295,4.268,4.278,123849.43,1759564799999,529952.41756,3244
DOTUSDT,1759564800000,4.278,4.284,4.228,4.234,335767.82,1759568399999,1426320.38681,6586
DOTUSDT,1759568400000,4.234,4.252,4.207,4.211,246498.04,1759571999999,1042390.54184,4969
DOTUSDT,1759572000000,4.21,4.231,4.194,4.201,216200.16,1759575599999,910062.46226,4373
DOTUSDT,1759575600000,4.201,4.217,4.191,4.206,132264.35,1759579199999,556069.98406,3114
DOTUSDT,1759579200000,4.206,4.222,4.195,4.198,119454.02,1759582799999,502933.32876,2776
DOTUSDT,1759582800000,4.197,4.248,4.194,4.222,211531.68,1759586399999,894872.48902,5050
DOTUSDT,1759586400000,4.222,4.233,4.179,4.179,206379.25,1759589999999,868346.45193,5697
DOTUSDT,1759590000000,4.179,4.193,4.14,4.152,505233.52,1759593599999,2101366.56903,9828
DOTUSDT,1759593600000,4.152,4.174,4.135,4.169,163207.77,1759597199999,678242.90895,4525
DOTUSDT,1759597200000,4.169,4.183,4.158,4.172,115382.98,1759600799999,481250.52739,3016
DOTUSDT,1759600800000,4.172,4.178,4.154,4.158,59619.32,1759604399999,248338.22714,1838
DOTUSDT,1759604400000,4.158,4.179,4.156,4.174,373472.41,1759607999999,1555336.60647,3394
DOTUSDT,1759608000000,4.175,4.191,4.17,4.17,97160.19,1759611599999,406138.70913,2555
DOTUSDT,1759611600000,4.17,4.195,4.168,4.184,69525.35,1759615199999,291058.55885,1900
DOTUSDT,1759615200000,4.183,4.21,4.175,4.198,309229.74,1759618799999,1298675.13886,3359
DOTUSDT,1759618800000,4.199,4.205,4.187,4.187,145601.39,1759622399999,610767.78631,2193
DOTUSDT,1759622400000,4.189,4.21,4.166,4.169,113482.71,1759625999999,475147.90719,2885
DOTUSDT,1759626000000,4.169,4.199,4.169,4.195,227844.05,1759629599999,954496.64339,2781
DOTUSDT,1759629600000,4.195,4.268,4.187,4.265,288629.24,1759633199999,1222090.47525,6446
DOTUSDT,1759633200000,4.264,4.277,4.244,4.249,230226.14,1759636799999,981378.21444,5270
DOTUSDT,1759636800000,4.248,4.304,4.239,4.29,364926.8,1759640399999,1559579.84903,6951
DOTUSDT,1759640400000,4.291,4.315,4.282,4.309,296423.77,1759643999999,1274387.92056,5156
DOTUSDT,1759644000000,4.309,4.309,4.277,4.281,157311.88,1759647599999,674859.03174,3666
DOTUSDT,1759647600000,4.282,4.356,4.282,4.356,341481.43,1759651199999,1475591.9165,6063
DOTUSDT,1759651200000,4.357,4.375,4.312,4.323,301519.95,1759654799999,1309222.91134,6447
DOTUSDT,1759654800000,4.324,4.327,4.273,4.276,413030.48,1759658399999,1774768.72632,9233
DOTUSDT,1759658400000,4.276,4.285,4.247,4.26,305002.29,1759661999999,1301541.65304,5702
DOTUSDT,1759662000000,4.26,4.268,4.229,4.264,257452.89,1759665599999,1093882.77597,5123
DOTUSDT,1759665600000,4.263,4.263,4.228,4.229,151750.0,1759669199999,644023.57718,3616
DOTUSDT,1759669200000,4.229,4.258,4.228,4.245,124961.77,1759672799999,530027.49904,3047
DOTUSDT,1759672800000,4.245,4.266,4.213,4.23,185088.07,1759676399999,784121.84248,4895
DOTUSDT,1759676400000,4.229,4.253,4.225,4.242,101237.84,1759679999999,429168.13059,3030
DOTUSDT,1759680000000,4.242,4.254,4.202,4.239,232132.6,1759683599999,981939.00335,4871
DOTUSDT,1759683600000,4.24,4.247,4.161,4.175,411385.26,1759687199999,1723101.17365,7552
DOTUSDT,1759687200000,4.175,4.195,4.161,4.186,196069.86,1759690799999,819320.29426,4290
DOTUSDT,1759690800000,4.185,4.185,4.077,4.099,988551.15,1759694399999,4074310.48319,12797
DOTUSDT,1759694400000,4.099,4.134,4.078,4.119,301905.85,1759697999999,1240523.51426,6510
DOTUSDT,1759698000000,4.118,4.133,4.111,4.128,148351.55,1759701599999,611845.86941,3300
DOTUSDT,1759701600000,4.128,4.146,4.117,4.14,157680.61,1759705199999,651400.7714,3543
DOTUSDT,1759705200000,4.14,4.148,4.131,4.134,79660.57,1759708799999,329821.47933,2239
DOTUSDT,1759708800000,4.134,4.182,4.109,4.125,443344.08,1759712399999,1836800.80589,9600
DOTUSDT,1759712400000,4.124,4.171,4.111,4.148,224129.32,1759715999999,930247.90514,5647
DOTUSDT,1759716000000,4.147,4.175,4.127,4.16,179442.24,1759719599999,745000.78407,4721
DOTUSDT,1759719600000,4.16,4.168,4.15,4.159,106257.31,1759723199999,442129.0339,3137
DOTUSDT,1759723200000,4.158,4.169,4.141,4.146,114516.24,1759726799999,475587.5431,2758
DOTUSDT,1759726800000,4.145,4.171,4.136,4.167,130368.49,1759730399999,541538.50395,3016
DOTUSDT,1759730400000,4.168,4.198,4.163,4.18,237375.18,1759733999999,992069.63968,4979
DOTUSDT,1759734000000,4.18,4.193,4.147,4.163,180606.62,1759737599999,753550.19847,5017
DOTUSDT,1759737600000,4.164,4.194,4.164,4.184,293984.62,1759741199999,1228807.1672,5201
DOTUSDT,1759741200000,4.185,4.199,4.162,4.194,852448.35,1759744799999,3567577.04616,10591
DOTUSDT,1759744800000,4.194,4.22,4.183,4.22,396153.78,1759748399999,1664271.77369,5477
DOTUSDT,1759748400000,4.219,4.238,4.205,4.217,235721.4,1759751999999,994729.47537,4618
DOTUSDT,1759752000000,4.218,4.261,4.215,4.259,347794.05,1759755599999,1477269.03463,5403
DOTUSDT,1759755600000,4.259,4.439,4.259,4.391,1440071.64,1759759199999,6266819.47578,26972
DOTUSDT,1759759200000,4.391,4.411,4.348,4.365,1129505.56,1759762799999,4946769.37506,19161
DOTUSDT,1759762800000,4.365,4.413,4.365,4.378,504513.67,1759766399999,2216826.81916,7938
DOTUSDT,1759766400000,4.378,4.393,4.348,4.368,430996.81,1759769999999,1880755.09173,7857
DOTUSDT,1759770000000,4.368,4.399,4.357,4.383,294234.48,1759773599999,1288886.42526,6889
DOTUSDT,1759773600000,4.383,4.395,4.368,4.391,324005.01,1759777199999,1419512.49564,5390
DOTUSDT,1759777200000,4.391,4.407,4.376,4.389,222170.13,1759780799999,974780.15691,4912
DOTUSDT,1759780800000,4.389,4.399,4.372,4.379,280431.75,1759784399999,1229624.87213,4647
DOTUSDT,1759784400000,4.38,4.398,4.352,4.389,288099.29,1759787999999,1260137.15248,5872
DOTUSDT,1759788000000,4.388,4.409,4.381,4.395,291931.46,1759791599999,1283419.83803,5037
DOTUSDT,1759791600000,4.395,4.404,4.379,4.398,306004.0,1759795199999,1344149.90135,4097
DOTUSDT,1759795200000,4.399,4.414,4.375,4.41,262126.15,1759798799999,1152123.21205,5429
DOTUSDT,1759798800000,4.41,4.434,4.387,4.398,372713.11,1759802399999,1642531.7849,6616
DOTUSDT,1759802400000,4.399,4.404,4.371,4.374,166664.19,1759805999999,730536.7737,4000
DOTUSDT,1759806000000,4.374,4.391,4.361,4.366,184244.2,1759809599999,805188.18641,3842
DOTUSDT,1759809600000,4.366,4.388,4.329,4.38,328074.35,1759813199999,1428198.76275,6204
DOTUSDT,1759813200000,4.38,4.382,4.358,4.361,165155.97,1759816799999,721242.28794,3748
DOTUSDT,1759816800000,4.361,4.365,4.292,4.292,383298.22,1759820399999,1655257.37642,8013
DOTUSDT,1759820400000,4.293,4.316,4.28,4.291,239722.65,1759823999999,1030167.77066,5692
DOTUSDT,1759824000000,4.292,4.305,4.249,4.296,437653.83,1759827599999,1870005.97861,9300
DOTUSDT,1759827600000,4.297,4.317,4.293,4.303,170327.4,1759831199999,733496.57751,4702
DOTUSDT,1759831200000,4.303,4.335,4.289,4.322,182252.41,1759834799999,786568.03567,5248
DOTUSDT,1759834800000,4.321,4.337,4.312,4.329,204826.0,1759838399999,885481.70367,4717
DOTUSDT,1759838400000,4.33,4.362,4.318,4.36,238774.05,1759841999999,1035289.28206,6106
DOTUSDT,1759842000000,4.361,4.365,4.269,4.313,514494.99,1759845599999,2221445.18923,13193
DOTUSDT,1759845600000,4.312,4.318,4.208,4.209,843819.18,1759849199999,3581988.76031,16541
DOTUSDT,1759849200000,4.209,4.224,4.127,4.155,2021876.98,1759852799999,8434463.12812,27636
DOTUSDT,1759852800000,4.155,4.203,4.106,4.181,687466.79,1759856399999,2852158.74758,13038
DOTUSDT,1759856400000,4.182,4.194,4.15,4.153,232287.22,1759859999999,968394.29651,6173
DOTUSDT,1759860000000,4.154,4.166,4.139,4.141,266284.14,1759863599999,1104912.04799,5151
DOTUSDT,1759863600000,4.142,4.166,4.131,4.142,204100.7,1759867199999,846625.89222,5304
DOTUSDT,1759867200000,4.142,4.19,4.138,4.169,131461.91,1759870799999,548769.40815,3691
DOTUSDT,1759870800000,4.169,4.187,4.15,4.16,156002.37,1759874399999,651207.38749,3795
DOTUSDT,1759874400000,4.16,4.18,4.15,4.166,57541.17,1759877999999,239726.19013,2187
DOTUSDT,1759878000000,4.167,4.168,4.131,4.139,157188.88,1759881599999,652193.56986,3454
DOTUSDT,1759881600000,4.139,4.186,4.133,4.171,216041.21,1759885199999,898319.94401,3974
DOTUSDT,1759885200000,4.171,4.184,4.157,4.17,159387.64,1759888799999,664922.17148,3524
DOTUSDT,1759888800000,4.17,4.178,4.146,4.151,130446.31,1759892399999,542845.6676,3286
DOTUSDT,1759892400000,4.151,4.151,4.085,4.101,464154.17,1759895999999,1906003.27413,7943
DOTUSDT,1759896000000,4.101,4.121,4.063,4.111,407842.27,1759899599999,1668472.44036,6827
DOTUSDT,1759899600000,4.112,4.121,4.077,4.106,843639.32,1759903199999,3463614.07618,9618
DOTUSDT,1759903200000,4.106,4.133,4.097,4.129,193828.08,1759906799999,797557.52087,3940
DOTUSDT,1759906800000,4.13,4.157,4.123,4.154,159516.4,1759910399999,660151.14876,3702
DOTUSDT,1759910400000,4.155,4.166,4.109,4.145,952887.44,1759913999999,3937841.4123,9889
DOTUSDT,1759914000000,4.145,4.15,4.123,4.132,204598.48,1759917599999,845945.52706,3716
DOTUSDT,1759917600000,4.133,4.178,4.132,4.177,189970.39,1759921199999,790176.94226,4101
DOTUSDT,1759921200000,4.177,4.185,4.147,4.153,175311.08,1759924799999,730354.49325,4000
DOTUSDT,1759924800000,4.153,4.166,4.139,4.144,232485.28,1759928399999,964809.11152,4314
DOTUSDT,1759928400000,4.143,4.158,4.113,4.154,303762.99,1759931999999,1257081.41221,6234
DOTUSDT,1759932000000,4.154,4.199,4.122,4.131,360097.79,1759935599999,1499510.98793,8174
DOTUSDT,1759935600000,4.132,4.16,4.129,4.137,146439.85,1759939199999,607181.55234,3710
DOTUSDT,1759939200000,4.137,4.176,4.128,4.174,151173.37,1759942799999,628753.95796,4136
DOTUSDT,1759942800000,4.174,4.241,4.17,4.231,420665.74,1759946399999,1774177.06394,9432
DOTUSDT,1759946400000,4.232,4.239,4.203,4.221,209747.52,1759949999999,885737.5275,6007
DOTUSDT,1759950000000,4.22,4.234,4.195,4.219,711038.21,1759953599999,2996585.59129,6504
DOTUSDT,1759953600000,4.22,4.228,4.191,4.194,137905.01,1759957199999,581135.2864,3266
DOTUSDT,1759957200000,4.195,4.223,4.193,4.208,86157.36,1759960799999,362939.52608,2037
DOTUSDT,1759960800000,4.208,4.224,4.203,4.203,70283.88,1759964399999,296228.3305,2200
DOTUSDT,1759964400000,4.203,4.21,4.188,4.194,120803.56,1759967999999,507070.78743,2473
DOTUSDT,1759968000000,4.194,4.198,4.169,4.17,200475.51,1759971599999,838628.34479,3238
DOTUSDT,1759971600000,4.17,4.172,4.128,4.143,207195.55,1759975199999,858840.51862,5183
DOTUSDT,1759975200000,4.142,4.143,4.065,4.076,339477.96,1759978799999,1390784.12714,7661
DOTUSDT,1759978800000,4.076,4.119,4.076,4.11,398218.51,1759982399999,1634071.55681,5223
DOTUSDT,1759982400000,4.11,4.126,4.1,4.124,159244.67,1759985999999,654968.74169,3042
DOTUSDT,1759986000000,4.125,4.13,4.092,4.106,238497.27,1759989599999,979276.64271,3952
DOTUSDT,1759989600000,4.106,4.107,4.081,4.088,314118.88,1759993199999,1287016.65855,4939
DOTUSDT,1759993200000,4.088,4.095,4.054,4.056,342132.86,1759996799999,1393885.3673,6088
DOTUSDT,1759996800000,4.057,4.061,3.982,3.987,889074.67,1760000399999,3570425.34262,14718
DOTUSDT,1760000400000,3.987,4.027,3.987,4.02,557709.24,1760003999999,2239202.70768,8998
DOTUSDT,1760004000000,4.02,4.04,4.005,4.03,761804.67,1760007599999,3063563.74513,8332
DOTUSDT,1760007600000,4.029,4.052,4.027,4.037,227032.96,1760011199999,916889.93142,5183
DOTUSDT,1760011200000,4.037,4.079,4.032,4.07,386515.71,1760014799999,1568274.63333,7096
DOTUSDT,1760014800000,4.07,4.074,4.012,4.014,295436.6,1760018399999,1194365.64913,7249
DOTUSDT,1760018400000,4.014,4.042,3.98,4.017,518689.56,1760021999999,2078808.82617,10820
DOTUSDT,1760022000000,4.017,4.034,3.985,4.004,209735.57,1760025599999,841102.33181,5362
DOTUSDT,1760025600000,4.005,4.019,3.962,3.974,256511.67,1760029199999,1023832.46046,6018
DOTUSDT,1760029200000,3.974,4.038,3.97,4.035,173684.74,1760032799999,696878.67484,4701
DOTUSDT,1760032800000,4.034,4.04,4.018,4.018,160996.91,1760036399999,648502.38589,3674
DOTUSDT,1760036400000,4.017,4.044,4.016,4.035,115758.45,1760039999999,466731.28016,2613
DOTUSDT,1760040000000,4.036,4.052,4.025,4.039,90282.39,1760043599999,364235.736,2220
DOTUSDT,1760043600000,4.038,4.051,4.03,4.049,120230.06,1760047199999,485707.6689,2296
DOTUSDT,1760047200000,4.05,4.102,4.044,4.083,180765.71,1760050799999,736867.11801,3776
DOTUSDT,1760050800000,4.083,4.087,4.039,4.075,276180.16,1760054399999,1122996.91783,3690
DOTUSDT,1760054400000,4.074,4.095,4.073,4.081,108249.21,1760057999999,441853.3136,2817
DOTUSDT,1760058000000,4.082,4.093,4.07,4.083,113091.08,1760061599999,461805.81272,2541
DOTUSDT,1760061600000,4.082,4.087,4.06,4.07,207507.2,1760065199999,845662.06088,2645
DOTUSDT,1760065200000,4.07,4.15,4.05,4.114,320745.71,1760068799999,1317201.48936,6719
DOTUSDT,1760068800000,4.113,4.132,4.092,4.111,258227.06,1760072399999,1060873.28504,4188
DOTUSDT,1760072400000,4.111,4.149,4.083,4.146,224924.44,1760075999999,925438.93033,5281
DOTUSDT,1760076000000,4.147,4.151,4.089,4.1,399337.7,1760079599999,1646989.92157,5540
DOTUSDT,1760079600000,4.099,4.102,4.073,4.082,540937.79,1760083199999,2212573.72425,8462
DOTUSDT,1760083200000,4.082,4.106,4.062,4.105,316995.83,1760086799999,1293865.71016,5580
DOTUSDT,1760086800000,4.104,4.146,4.095,4.106,356823.78,1760090399999,1469428.0727,5867
DOTUSDT,1760090400000,4.106,4.145,4.102,4.139,229783.82,1760093999999,947846.76429,4508
DOTUSDT,1760094000000,4.139,4.188,4.131,4.177,503006.31,1760097599999,2090664.15869,6532
DOTUSDT,1760097600000,4.177,4.24,4.171,4.234,495206.56,1760101199999,2080701.83553,7359
DOTUSDT,1760101200000,4.233,4.291,4.228,4.244,1146161.14,1760104799999,4882830.71383,18003
DOTUSDT,1760104800000,4.245,4.269,4.177,4.196,810587.63,1760108399999,3428439.86354,14868
DOTUSDT,1760108400000,4.195,4.202,4.012,4.058,2346571.74,1760111999999,9610923.18661,52639
DOTUSDT,1760112000000,4.058,4.088,4.021,4.026,731345.41,1760115599999,2964275.10429,13955
DOTUSDT,1760115600000,4.025,4.039,3.981,3.996,1011030.59,1760119199999,4050257.05512,14908
DOTUSDT,1760119200000,3.996,4.022,3.971,3.978,428399.15,1760122799999,1710319.87908,9508
DOTUSDT,1760122800000,3.978,3.987,3.876,3.929,1276571.2,1760126399999,5008643.79275,25388
DOTUSDT,1760126400000,3.929,3.968,3.667,3.702,2827056.29,1760129999999,10843165.69133,41215
DOTUSDT,1760130000000,3.703,3.753,0.633,2.886,15172837.323,1760133599999,40087746.15274,269573
DOTUSDT,1760133600000,2.887,3.0,2.452,2.878,13687698.71,1760137199999,37757771.06537,231496
DOTUSDT,1760137200000,2.878,3.095,2.8,2.946,7172439.16,1760140799999,21194421.98998,110804
DOTUSDT,1760140800000,2.945,3.011,2.873,2.95,4309523.0,1760144399999,12717313.19421,102173
DOTUSDT,1760144400000,2.949,2.97,2.887,2.909,2418143.31,1760147999999,7077157.31092,51418
DOTUSDT,1760148000000,2.909,3.193,2.906,3.15,4587912.27,1760151599999,14211558.35841,62761
DOTUSDT,1760151600000,3.15,3.157,3.049,3.123,4020622.67,1760155199999,12495214.24491,64215
DOTUSDT,1760155200000,3.123,3.2,3.1,3.181,1791187.58,1760158799999,5604788.61517,40275
DOTUSDT,1760158800000,3.181,3.189,3.099,3.131,994342.19,1760162399999,3122689.80879,15571
DOTUSDT,1760162400000,3.132,3.21,3.12,3.162,1276453.52,1760165999999,4052056.8819,16082
DOTUSDT,1760166000000,3.162,3.212,3.144,3.195,912250.56,1760169599999,2902454.03378,12759
DOTUSDT,1760169600000,3.195,3.29,3.165,3.281,983733.99,1760173199999,3183578.72953,16460
DOTUSDT,1760173200000,3.281,3.306,3.24,3.259,1988635.17,1760176799999,6502897.22658,25443
DOTUSDT,1760176800000,3.26,3.317,3.255,3.26,825040.41,1760180399999,2708870.19954,14507
DOTUSDT,1760180400000,3.26,3.263,3.194,3.223,705086.86,1760183999999,2272732.62288,11434
DOTUSDT,1760184000000,3.223,3.223,3.122,3.144,1182934.38,1760187599999,3746584.12766,20067
DOTUSDT,1760187600000,3.144,3.15,3.077,3.138,977100.85,1760191199999,3045303.60051,15660
DOTUSDT,1760191200000,3.138,3.147,3.099,3.13,526310.17,1760194799999,1643230.05893,9235
DOTUSDT,1760194800000,3.13,3.158,3.126,3.144,618230.6,1760198399999,1942646.17655,9408
DOTUSDT,1760198400000,3.144,3.167,3.114,3.126,492580.6,1760201999999,1546896.53484,9374
DOTUSDT,1760202000000,3.127,3.154,3.12,3.148,318855.42,1760205599999,1000786.16768,6695
DOTUSDT,1760205600000,3.147,3.147,3.122,3.128,267272.15,1760209199999,837377.21117,4520
DOTUSDT,1760209200000,3.127,3.131,2.984,3.015,1321953.54,1760212799999,4024327.37524,21654
DOTUSDT,1760212800000,3.016,3.023,2.921,2.957,1421966.27,1760216399999,4215742.19157,23744
DOTUSDT,1760216400000,2.957,3.012,2.901,3.001,1053393.88,1760219999999,3119187.88355,17741
DOTUSDT,1760220000000,3.001,3.025,2.987,3.007,419922.94,1760223599999,1261771.78639,8748
DOTUSDT,1760223600000,3.008,3.013,2.992,2.997,260054.26,1760227199999,779994.37409,4544
DOTUSDT,1760227200000,2.997,3.002,2.937,2.942,564846.71,1760230799999,1678539.95967,8427
DOTUSDT,1760230800000,2.943,2.982,2.924,2.928,506428.93,1760234399999,1497428.38298,7115
DOTUSDT,1760234400000,2.928,2.965,2.907,2.939,897117.88,1760237999999,2632369.25254,16068
DOTUSDT,1760238000000,2.938,3.002,2.933,2.977,667646.6,1760241599999,1980572.17235,12272
DOTUSDT,1760241600000,2.977,3.037,2.976,3.019,432028.09,1760245199999,1303449.89001,7712
DOTUSDT,1760245200000,3.019,3.032,3.005,3.021,186969.84,1760248799999,564674.70225,3740
DOTUSDT,1760248800000,3.021,3.06,3.017,3.034,384598.58,1760252399999,1169386.98637,5117
DOTUSDT,1760252400000,3.034,3.041,3.015,3.02,652909.82,1760255999999,1975995.86592,7815
DOTUSDT,1760256000000,3.019,3.038,2.997,2.999,373373.77,1760259599999,1127254.44629,5612
DOTUSDT,1760259600000,2.999,3.019,2.962,3.016,533921.18,1760263199999,1594195.00371,6684
DOTUSDT,1760263200000,3.016,3.031,3.0,3.009,325965.27,1760266799999,982547.65609,5759
DOTUSDT,1760266800000,3.01,3.038,3.009,3.023,290955.53,1760270399999,880226.41053,5565
DOTUSDT,1760270400000,3.023,3.058,3.022,3.04,348813.53,1760273999999,1061496.33606,6733
DOTUSDT,1760274000000,3.039,3.052,2.985,3.006,546927.62,1760277599999,1648481.72586,9703
DOTUSDT,1760277600000,3.005,3.148,3.003,3.105,1050933.04,1760281199999,3231549.71184,18701
DOTUSDT,1760281200000,3.106,3.21,3.1,3.202,1601845.21,1760284799999,5076426.49212,27601
DOTUSDT,1760284800000,3.202,3.289,3.202,3.246,1326214.75,1760288399999,4297704.62136,27457
DOTUSDT,1760288400000,3.247,3.282,3.231,3.26,640023.82,1760291999999,2085380.35627,10879
DOTUSDT,1760292000000,3.261,3.278,3.209,3.23,459131.84,1760295599999,1490636.87828,7559
DOTUSDT,1760295600000,3.23,3.282,3.227,3.279,285790.18,1760299199999,932301.29848,5571
DOTUSDT,1760299200000,3.279,3.307,3.26,3.27,485524.43,1760302799999,1593360.63301,8668
DOTUSDT,1760302800000,3.269,3.289,3.195,3.247,584947.32,1760306399999,1898065.60398,9368
DOTUSDT,1760306400000,3.247,3.272,3.224,3.248,357999.94,1760309999999,1160702.37166,6774
DOTUSDT,1760310000000,3.247,3.248,3.212,3.241,307118.76,1760313599999,993063.28865,6193
DOTUSDT,1760313600000,3.241,3.266,3.197,3.215,461996.67,1760317199999,1489760.89937,11126
DOTUSDT,1760317200000,3.215,3.251,3.194,3.251,319606.43,1760320799999,1029971.87627,7455
DOTUSDT,1760320800000,3.251,3.261,3.215,3.24,348550.12,1760324399999,1126567.0811,7620
DOTUSDT,1760324400000,3.24,3.25,3.221,3.223,329288.43,1760327999999,1065771.61194,6173
DOTUSDT,1760328000000,3.224,3.243,3.2,3.239,246545.31,1760331599999,793824.25531,5322
DOTUSDT,1760331600000,3.239,3.244,3.218,3.233,196145.94,1760335199999,633971.24136,4437
DOTUSDT,1760335200000,3.232,3.286,3.211,3.277,344484.52,1760338799999,1120207.44159,7479
DOTUSDT,1760338800000,3.276,3.328,3.272,3.295,681683.13,1760342399999,2248949.40934,11161
DOTUSDT,1760342400000,3.295,3.352,3.287,3.34,626708.36,1760345999999,2081004.13092,9772
DOTUSDT,1760346000000,3.34,3.357,3.312,3.355,532001.13,1760349599999,1773077.65556,8234
DOTUSDT,1760349600000,3.356,3.365,3.323,3.342,386145.82,1760353199999,1290490.12606,7903
DOTUSDT,1760353200000,3.342,3.356,3.22,3.273,1503647.48,1760356799999,4940938.48856,26533
DOTUSDT,1760356800000,3.273,3.306,3.245,3.256,671091.42,1760360399999,2194862.86484,13762
DOTUSDT,1760360400000,3.254,3.35,3.238,3.336,1641653.7,1760363999999,5409415.27037,26657
DOTUSDT,1760364000000,3.335,3.347,3.259,3.274,833233.38,1760367599999,2747235.08489,15847
DOTUSDT,1760367600000,3.274,3.335,3.273,3.319,456658.4,1760371199999,1511979.03594,8651
DOTUSDT,1760371200000,3.32,3.34,3.286,3.318,549153.62,1760374799999,1818617.35261,9523
DOTUSDT,1760374800000,3.319,3.377,3.307,3.371,611972.01,1760378399999,2042620.60279,9747
DOTUSDT,1760378400000,3.371,3.4,3.353,3.363,540532.05,1760381999999,1822212.11385,10186
DOTUSDT,1760382000000,3.362,3.411,3.358,3.397,521075.18,1760385599999,1768415.32077,8176
DOTUSDT,1760385600000,3.396,3.423,3.377,3.42,397388.32,1760389199999,1349760.34105,6038
DOTUSDT,1760389200000,3.419,3.448,3.4,3.407,926521.71,1760392799999,3173381.54579,9032
DOTUSDT,1760392800000,3.406,3.424,3.395,3.406,324426.15,1760396399999,1106490.24746,4998
DOTUSDT,1760396400000,3.405,3.41,3.367,3.374,558476.46,1760399999999,1890003.46706,6620
DOTUSDT,1760400000000,3.375,3.399,3.359,3.386,292944.8,1760403599999,990151.09934,5615
DOTUSDT,1760403600000,3.386,3.386,3.348,3.358,199478.31,1760407199999,670930.56354,3876
DOTUSDT,1760407200000,3.358,3.36,3.312,3.316,248537.72,1760410799999,828202.42105,5279
DOTUSDT,1760410800000,3.317,3.318,3.29,3.3,331169.4,1760414399999,1093107.93842,5995
DOTUSDT,1760414400000,3.301,3.313,3.236,3.253,492177.06,1760417999999,1612102.93308,8064
DOTUSDT,1760418000000,3.253,3.279,3.197,3.217,677456.57,1760421599999,2186894.74365,11891
DOTUSDT,1760421600000,3.217,3.238,3.072,3.133,1771739.74,1760425199999,5575736.56951,26967
DOTUSDT,1760425200000,3.134,3.157,3.099,3.116,1040952.67,1760428799999,3259435.4341,16733
DOTUSDT,1760428800000,3.115,3.167,3.091,3.145,606965.88,1760432399999,1901247.72171,12408
DOTUSDT,1760432400000,3.144,3.173,3.142,3.156,297253.31,1760435999999,938232.87078,5821
DOTUSDT,1760436000000,3.155,3.155,3.074,3.116,737874.76,1760439599999,2293891.27371,13427
DOTUSDT,1760439600000,3.117,3.164,3.115,3.139,670754.94,1760443199999,2105030.2272,10048
DOTUSDT,1760443200000,3.14,3.143,3.091,3.097,492692.29,1760446799999,1534145.44625,9299
DOTUSDT,1760446800000,3.098,3.151,3.066,3.134,1117959.96,1760450399999,3473191.61028,19460
DOTUSDT,1760450400000,3.133,3.195,3.12,3.16,547959.46,1760453999999,1731927.59316,12845
DOTUSDT,1760454000000,3.16,3.24,3.144,3.238,490070.84,1760457599999,1564322.60493,12021
DOTUSDT,1760457600000,3.238,3.283,3.211,3.228,651232.69,1760461199999,2111744.17506,13849
DOTUSDT,1760461200000,3.228,3.264,3.185,3.239,454516.26,1760464799999,1470099.1013,10628
DOTUSDT,1760464800000,3.24,3.279,3.239,3.253,405041.02,1760468399999,1318720.18807,6320
DOTUSDT,1760468400000,3.254,3.282,3.19,3.236,887687.21,1760471999999,2878109.07596,13743
DOTUSDT,1760472000000,3.235,3.25,3.21,3.242,277670.37,1760475599999,898710.96682,4938
DOTUSDT,1760475600000,3.242,3.249,3.215,3.245,126598.99,1760479199999,409138.46527,2596
DOTUSDT,1760479200000,3.246,3.267,3.233,3.246,154425.02,1760482799999,501747.50778,2917
DOTUSDT,1760482800000,3.245,3.261,3.244,3.248,106268.73,1760486399999,345835.15612,2448
DOTUSDT,1760486400000,3.248,3.254,3.218,3.24,113990.47,1760489999999,368516.28505,3451
DOTUSDT,1760490000000,3.239,3.242,3.209,3.229,161033.2,1760493599999,519047.71548,3583
DOTUSDT,1760493600000,3.229,3.266,3.223,3.244,221533.78,1760497199999,718187.71624,4450
DOTUSDT,1760497200000,3.244,3.25,3.201,3.223,199613.82,1760500799999,643941.73982,4276
DOTUSDT,1760500800000,3.224,3.259,3.207,3.254,130286.56,1760504399999,420843.27699,3182
DOTUSDT,1760504400000,3.255,3.276,3.247,3.257,174316.98,1760507999999,568404.39221,3730
DOTUSDT,1760508000000,3.257,3.274,3.232,3.273,256915.14,1760511599999,836057.86096,4871
DOTUSDT,1760511600000,3.273,3.286,3.261,3.279,204280.42,1760515199999,668178.77082,4059
DOTUSDT,1760515200000,3.279,3.341,3.273,3.301,428670.13,1760518799999,1418327.07682,9547
DOTUSDT,1760518800000,3.3,3.309,3.257,3.268,274886.68,1760522399999,901094.28597,5944
DOTUSDT,1760522400000,3.267,3.278,3.236,3.248,221338.5,1760525999999,720556.29256,4968
DOTUSDT,1760526000000,3.247,3.257,3.215,3.224,353936.23,1760529599999,1144746.73412,5578
DOTUSDT,1760529600000,3.224,3.238,3.181,3.201,454031.54,1760533199999,1456091.09556,7621
DOTUSDT,1760533200000,3.2,3.212,3.12,3.185,684192.06,1760536799999,2169729.69539,14751
DOTUSDT,1760536800000,3.185,3.223,3.143,3.165,481674.19,1760540399999,1537122.04463,10291
DOTUSDT,1760540400000,3.165,3.19,3.125,3.145,482702.81,1760543999999,1522894.49815,10547
DOTUSDT,1760544000000,3.146,3.168,3.128,3.151,339666.62,1760547599999,1068860.46011,6768
DOTUSDT,1760547600000,3.151,3.165,3.122,3.164,311211.45,1760551199999,977247.20288,6956
DOTUSDT,1760551200000,3.164,3.188,3.15,3.184,340134.7,1760554799999,1077853.54169,6164
DOTUSDT,1760554800000,3.183,3.184,3.134,3.148,301846.7,1760558399999,954472.32488,5536
DOTUSDT,1760558400000,3.149,3.168,3.089,3.124,782671.73,1760561999999,2446692.8179,12809
DOTUSDT,1760562000000,3.124,3.156,3.098,3.125,491195.76,1760565599999,1536548.77774,8187
DOTUSDT,1760565600000,3.124,3.15,3.117,3.126,268479.78,1760569199999,841412.36207,4985
DOTUSDT,1760569200000,3.126,3.144,3.114,3.137,349659.3,1760572799999,1094376.6984,4477
DOTUSDT,1760572800000,3.137,3.151,3.124,3.127,283315.74,1760576399999,888999.22981,5747
DOTUSDT,1760576400000,3.127,3.17,3.124,3.166,287473.92,1760579999999,906098.74234,4975
DOTUSDT,1760580000000,3.166,3.177,3.132,3.145,278469.38,1760583599999,877436.36259,6399
DOTUSDT,1760583600000,3.145,3.151,3.119,3.123,232432.36,1760587199999,728738.54814,6281
DOTUSDT,1760587200000,3.123,3.151,3.116,3.126,181121.93,1760590799999,567971.42885,3575
DOTUSDT,1760590800000,3.127,3.153,3.115,3.135,174094.14,1760594399999,545224.36111,4550
DOTUSDT,1760594400000,3.135,3.177,3.134,3.171,310823.73,1760597999999,980752.15156,5259
DOTUSDT,1760598000000,3.171,3.173,3.135,3.149,402315.64,1760601599999,1267139.96718,5312
DOTUSDT,1760601600000,3.149,3.151,3.118,3.134,363381.93,1760605199999,1139402.63249,5185
DOTUSDT,1760605200000,3.133,3.179,3.047,3.161,1160477.27,1760608799999,3606732.44059,19243
DOTUSDT,1760608800000,3.16,3.2,3.157,3.175,417405.68,1760612399999,1326260.06654,7911
DOTUSDT,1760612400000,3.175,3.188,3.156,3.183,305344.44,1760615999999,968813.58155,5322
DOTUSDT,1760616000000,3.184,3.208,3.174,3.179,312145.85,1760619599999,994651.40898,6201
DOTUSDT,1760619600000,3.179,3.191,3.144,3.153,520148.39,1760623199999,1648696.89901,10188
DOTUSDT,1760623200000,3.153,3.181,3.103,3.141,827757.04,1760626799999,2597810.18577,18228
DOTUSDT,1760626800000,3.142,3.153,3.044,3.06,1199713.28,1760630399999,3713677.92666,16489
DOTUSDT,1760630400000,3.059,3.129,3.022,3.128,1046568.59,1760633999999,3203196.36553,15917
DOTUSDT,1760634000000,3.127,3.127,3.067,3.073,436985.86,1760637599999,1353131.4777,6781
DOTUSDT,1760637600000,3.074,3.077,3.037,3.065,512290.26,1760641199999,1564976.51406,7295
DOTUSDT,1760641200000,3.066,3.071,2.993,3.021,713397.23,1760644799999,2159635.07864,11457
DOTUSDT,1760644800000,3.022,3.031,2.97,2.988,629590.13,1760648399999,1884966.49078,9592
DOTUSDT,1760648400000,2.99,3.035,2.985,3.032,491915.46,1760651999999,1484123.8277,5688
DOTUSDT,1760652000000,3.033,3.039,2.989,2.989,385287.12,1760655599999,1158563.42831,4706
DOTUSDT,1760655600000,2.989,3.023,2.984,3.016,211644.86,1760659199999,636593.67892,3488
DOTUSDT,1760659200000,3.017,3.041,3.013,3.038,344737.97,1760662799999,1044654.67649,3548
DOTUSDT,1760662800000,3.038,3.061,3.019,3.031,222086.58,1760666399999,675883.14326,2656
DOTUSDT,1760666400000,3.032,3.041,3.008,3.032,146015.01,1760669999999,441281.56057,2401
DOTUSDT,1760670000000,3.031,3.046,3.03,3.044,210551.28,1760673599999,639913.05978,2398
DOTUSDT,1760673600000,3.044,3.047,3.028,3.032,222037.07,1760677199999,674180.85427,2502
DOTUSDT,1760677200000,3.033,3.036,3.002,3.011,248269.29,1760680799999,749801.46863,3744
DOTUSDT,1760680800000,3.011,3.017,2.893,2.904,1259996.86,1760684399999,3705483.10867,18826
DOTUSDT,1760684400000,2.904,2.913,2.811,2.821,1741392.35,1760687999999,4978956.37275,28766
DOTUSDT,1760688000000,2.821,2.841,2.772,2.8,1553739.34,1760691599999,4355885.469,25359
DOTUSDT,1760691600000,2.8,2.895,2.793,2.842,649256.16,1760695199999,1847797.10729,11212
DOTUSDT,1760695200000,2.843,2.861,2.797,2.847,913405.01,1760698799999,2585114.79834,14237
DOTUSDT,1760698800000,2.848,2.938,2.844,2.91,1319857.84,1760702399999,3829772.89577,19509
DOTUSDT,1760702400000,2.91,2.926,2.889,2.891,618247.06,1760705999999,1798234.92368,8001
DOTUSDT,1760706000000,2.892,2.931,2.864,2.912,817302.6,1760709599999,2371327.80431,10604
DOTUSDT,1760709600000,2.911,2.921,2.856,2.881,823209.86,1760713199999,2376643.18166,12075
DOTUSDT,1760713200000,2.881,2.924,2.866,2.923,769411.11,1760716799999,2224750.08763,10173
DOTUSDT,1760716800000,2.923,2.96,2.892,2.901,769949.08,1760720399999,2253677.81327,11853
DOTUSDT,1760720400000,2.901,2.921,2.893,2.915,359982.53,1760723999999,1047217.65001,6086
DOTUSDT,1760724000000,2.916,2.933,2.903,2.911,254134.75,1760727599999,741087.85882,4336
DOTUSDT,1760727600000,2.911,2.922,2.891,2.904,198152.37,1760731199999,575429.15683,3708
DOTUSDT,1760731200000,2.905,2.935,2.898,2.926,167222.7,1760734799999,488714.89576,2805
DOTUSDT,1760734800000,2.926,2.948,2.924,2.939,206479.04,1760738399999,606462.05758,2828
DOTUSDT,1760738400000,2.939,2.944,2.905,2.908,302926.27,1760741999999,884726.34342,4081
DOTUSDT,1760742000000,2.908,2.908,2.885,2.892,216772.53,1760745599999,627352.14876,2498
DOTUSDT,1760745600000,2.892,2.917,2.889,2.912,194905.06,1760749199999,565848.44324,3651
DOTUSDT,1760749200000,2.913,2.942,2.911,2.94,161488.74,1760752799999,472777.65166,3287
DOTUSDT,1760752800000,2.94,2.947,2.913,2.921,243821.69,1760756399999,714977.99163,3941
DOTUSDT,1760756400000,2.921,2.941,2.921,2.936,105531.54,1760759999999,309595.55566,1979
DOTUSDT,1760760000000,2.935,2.935,2.903,2.904,134596.76,1760763599999,392526.25806,2655
DOTUSDT,1760763600000,2.904,2.924,2.899,2.922,150041.22,1760767199999,436862.0238,2663
DOTUSDT,1760767200000,2.923,2.935,2.912,2.93,278254.22,1760770799999,814077.20026,4396
DOTUSDT,1760770800000,2.931,2.971,2.917,2.924,361124.78,1760774399999,1063303.86415,7786
DOTUSDT,1760774400000,2.925,2.935,2.916,2.917,154976.66,1760777999999,453344.70767,3279
DOTUSDT,1760778000000,2.918,2.937,2.914,2.934,182553.38,1760781599999,534381.07108,3462
DOTUSDT,1760781600000,2.935,2.945,2.922,2.936,115032.87,1760785199999,337538.41382,3149
DOTUSDT,1760785200000,2.937,2.949,2.931,2.945,192836.0,1760788799999,567112.39706,3290
DOTUSDT,1760788800000,2.945,2.956,2.934,2.934,113948.7,1760792399999,335413.5029,2689
DOTUSDT,1760792400000,2.935,2.936,2.907,2.914,146981.96,1760795999999,428873.70134,3982
DOTUSDT,1760796000000,2.914,2.934,2.9,2.927,188386.09,1760799599999,548891.78283,3987
DOTUSDT,1760799600000,2.926,2.935,2.909,2.923,131958.22,1760803199999,385621.14907,2933
DOTUSDT,1760803200000,2.922,2.926,2.894,2.909,199678.28,1760806799999,580112.7041,4206
DOTUSDT,1760806800000,2.909,2.94,2.899,2.934,207833.0,1760810399999,606293.9064,3271
DOTUSDT,1760810400000,2.935,2.94,2.925,2.93,65253.31,1760813999999,191239.36133,1931
DOTUSDT,1760814000000,2.929,2.937,2.923,2.935,97885.13,1760817599999,286760.96294,2241
DOTUSDT,1760817600000,2.935,2.947,2.928,2.93,151063.91,1760821199999,443783.61751,2707
DOTUSDT,1760821200000,2.93,2.941,2.919,2.938,172778.59,1760824799999,505688.15164,2316
DOTUSDT,1760824800000,2.938,2.944,2.929,2.931,89950.11,1760828399999,264253.23409,1708
DOTUSDT,1760828400000,2.932,2.934,2.926,2.932,71794.36,1760831999999,210339.71141,1274
DOTUSDT,1760832000000,2.933,2.937,2.905,2.914,152260.3,1760835599999,444153.40664,3003
DOTUSDT,1760835600000,2.915,2.931,2.904,2.926,219307.84,1760839199999,640784.17518,2240
DOTUSDT,1760839200000,2.927,2.93,2.907,2.913,210805.71,1760842799999,614507.7401,2236
DOTUSDT,1760842800000,2.912,2.942,2.907,2.936,155511.09,1760846399999,454601.10654,2520
DOTUSDT,1760846400000,2.936,2.939,2.917,2.922,178110.14,1760849999999,520606.06671,2352
DOTUSDT,1760850000000,2.923,2.934,2.913,2.92,95189.09,1760853599999,278235.16158,2046
DOTUSDT,1760853600000,2.92,2.924,2.9,2.907,124281.96,1760857199999,361640.56606,1955
DOTUSDT,1760857200000,2.908,2.918,2.904,2.916,73677.62,1760860799999,214530.27887,1774
DOTUSDT,1760860800000,2.916,2.949,2.896,2.901,521589.41,1760864399999,1524079.31869,7988
DOTUSDT,1760864400000,2.901,2.965,2.886,2.943,647298.03,1760867999999,1896274.14343,10654
DOTUSDT,1760868000000,2.943,2.996,2.934,2.993,466512.96,1760871599999,1387879.11715,9713
DOTUSDT,1760871600000,2.992,3.021,2.979,2.984,490622.36,1760875199999,1472019.99972,7809
DOTUSDT,1760875200000,2.983,2.988,2.964,2.977,165585.3,1760878799999,492628.0974,3470
DOTUSDT,1760878800000,2.977,3.038,2.97,3.031,383780.42,1760882399999,1152030.8344,6517
DOTUSDT,1760882400000,3.031,3.044,3.012,3.038,416533.57,1760885999999,1262258.56774,6956
DOTUSDT,1760886000000,3.037,3.041,3.024,3.03,188511.71,1760889599999,571334.25535,3584
DOTUSDT,1760889600000,3.03,3.042,3.013,3.031,247535.42,1760893199999,749063.52324,4025
DOTUSDT,1760893200000,3.031,3.057,3.02,3.023,405004.44,1760896799999,1231694.53934,5883
DOTUSDT,1760896800000,3.023,3.032,3.018,3.028,169437.34,1760900399999,512502.76404,2698
DOTUSDT,1760900400000,3.029,3.029,3.012,3.026,146548.92,1760903999999,442814.33884,2414
DOTUSDT,1760904000000,3.025,3.037,3.019,3.035,119497.01,1760907599999,361670.91855,2053
DOTUSDT,1760907600000,3.036,3.037,3.013,3.025,134331.95,1760911199999,406363.90473,1601
DOTUSDT,1760911200000,3.025,3.038,3.023,3.029,101297.02,1760914799999,307090.19017,2366
DOTUSDT,1760914800000,3.029,3.029,3.003,3.009,172106.32,1760918399999,518670.45096,2093
DOTUSDT,1760918400000,3.009,3.009,2.949,2.983,540346.39,1760921999999,1607236.41893,7638
DOTUSDT,1760922000000,2.984,2.994,2.97,2.979,277013.12,1760925599999,825846.11721,3772
DOTUSDT,1760925600000,2.978,3.0,2.963,2.991,164635.18,1760929199999,491022.4973,3677
DOTUSDT,1760929200000,2.991,3.07,2.984,3.061,250927.24,1760932799999,760436.44147,6408
DOTUSDT,1760932800000,3.062,3.076,3.051,3.067,262694.15,1760936399999,804086.01052,5841
DOTUSDT,1760936400000,3.066,3.09,3.055,3.085,256005.65,1760939999999,785744.22035,4885
DOTUSDT,1760940000000,3.085,3.123,3.08,3.108,435421.53,1760943599999,1351913.29441,6141
DOTUSDT,1760943600000,3.108,3.118,3.081,3.093,402504.49,1760947199999,1247325.48441,4330
DOTUSDT,1760947200000,3.093,3.103,3.074,3.082,245652.27,1760950799999,757892.88905,4340
DOTUSDT,1760950800000,3.082,3.09,3.07,3.089,225329.83,1760954399999,694178.01355,3759
DOTUSDT,1760954400000,3.089,3.113,3.082,3.092,328153.25,1760957999999,1017423.67509,6421
DOTUSDT,1760958000000,3.091,3.094,3.076,3.093,434200.67,1760961599999,1340293.19998,4687
DOTUSDT,1760961600000,3.093,3.102,3.085,3.092,159816.85,1760965199999,494056.25809,3221
DOTUSDT,1760965200000,3.092,3.115,3.079,3.114,198302.43,1760968799999,614873.43608,5566
DOTUSDT,1760968800000,3.115,3.124,3.088,3.121,261808.11,1760972399999,814747.28847,5242
DOTUSDT,1760972400000,3.122,3.132,3.087,3.087,376754.26,1760975999999,1171631.36724,6829
DOTUSDT,1760976000000,3.087,3.087,3.033,3.066,736354.72,1760979599999,2255898.77822,13588
DOTUSDT,1760979600000,3.065,3.081,3.045,3.067,260239.03,1760983199999,796734.06217,5132
DOTUSDT,1760983200000,3.067,3.088,3.061,3.086,207445.39,1760986799999,638091.47981,3817
DOTUSDT,1760986800000,3.086,3.11,3.073,3.099,222938.66,1760990399999,689917.38974,3812
DOTUSDT,1760990400000,3.099,3.108,3.091,3.105,150920.37,1760993999999,467560.71303,3142
DOTUSDT,1760994000000,3.105,3.115,3.076,3.082,163158.86,1760997599999,505014.12855,2670
DOTUSDT,1760997600000,3.081,3.095,3.073,3.093,49158.25,1761001199999,151780.63956,1492
DOTUSDT,1761001200000,3.092,3.095,3.083,3.086,128930.68,1761004799999,397952.48852,1706
DOTUSDT,1761004800000,3.085,3.09,3.075,3.079,65056.54,1761008399999,200562.92383,1443
DOTUSDT,1761008400000,3.079,3.08,3.048,3.059,200286.69,1761011999999,613450.23428,3394
DOTUSDT,1761012000000,3.059,3.06,3.037,3.039,223676.48,1761015599999,681122.56406,3772
DOTUSDT,1761015600000,3.04,3.047,3.019,3.025,113156.34,1761019199999,343352.2789,2613
DOTUSDT,1761019200000,3.025,3.026,2.954,2.96,470161.57,1761022799999,1404757.13268,11228
DOTUSDT,1761022800000,2.96,2.978,2.95,2.964,303281.98,1761026399999,899171.99379,5405
DOTUSDT,1761026400000,2.965,2.99,2.959,2.984,164519.63,1761029999999,489793.51001,3634
DOTUSDT,1761030000000,2.984,3.0,2.976,2.994,142989.43,1761033599999,427612.372,2046
DOTUSDT,1761033600000,2.993,2.993,2.961,2.973,359344.2,1761037199999,1070703.61592,3243
DOTUSDT,1761037200000,2.972,2.98,2.965,2.974,219172.42,1761040799999,651683.83418,2178
DOTUSDT,1761040800000,2.973,3.013,2.97,3.001,184995.56,1761044399999,553640.22525,3277
DOTUSDT,1761044400000,3.0,3.011,2.99,3.004,124298.36,1761047999999,372809.40659,1988
DOTUSDT,1761048000000,3.004,3.036,2.995,3.009,169401.88,1761051599999,511603.51218,3884
DOTUSDT,1761051600000,3.01,3.025,2.988,3.003,307128.7,1761055199999,922497.1369,5134
DOTUSDT,1761055200000,3.005,3.135,3.003,3.13,822745.39,1761058799999,2528858.78978,12923
DOTUSDT,1761058800000,3.131,3.184,3.113,3.172,815890.09,1761062399999,2574274.85156,14821
DOTUSDT,1761062400000,3.172,3.19,3.125,3.133,1466381.85,1761065999999,4657043.60225,12280
DOTUSDT,1761066000000,3.134,3.159,3.11,3.14,622909.64,1761069599999,1955120.65721,12758
DOTUSDT,1761069600000,3.141,3.151,3.121,3.135,268419.66,1761073199999,841022.02047,4943
DOTUSDT,1761073200000,3.135,3.144,3.126,3.132,162980.13,1761076799999,511037.35318,2807
DOTUSDT,1761076800000,3.132,3.136,3.089,3.099,403441.88,1761080399999,1254049.44247,7172
DOTUSDT,1761080400000,3.099,3.119,3.06,3.098,307652.19,1761083999999,949644.25047,5976
DOTUSDT,1761084000000,3.097,3.1,3.03,3.043,411865.16,1761087599999,1259419.31574,7008
DOTUSDT,1761087600000,3.043,3.05,2.997,3.006,387910.39,1761091199999,1170137.36189,6292
DOTUSDT,1761091200000,3.005,3.023,2.982,3.001,243763.63,1761094799999,732174.31705,3854
DOTUSDT,1761094800000,3.001,3.025,3.001,3.018,208369.58,1761098399999,627829.14525,2655
DOTUSDT,1761098400000,3.019,3.028,3.014,3.015,93417.0,1761101999999,282204.55447,1716
DOTUSDT,1761102000000,3.015,3.015,2.994,3.009,160996.63,1761105599999,483577.46655,2777
DOTUSDT,1761105600000,3.009,3.027,3.008,3.024,122649.8,1761109199999,370511.37017,2062
DOTUSDT,1761109200000,3.022,3.027,2.97,2.993,361314.81,1761112799999,1081748.78451,4699
DOTUSDT,1761112800000,2.992,2.993,2.975,2.975,238067.97,1761116399999,710579.85177,2890
DOTUSDT,1761116400000,2.975,2.993,2.962,2.987,238771.91,1761119999999,710824.08759,3455
DOTUSDT,1761120000000,2.985,2.988,2.972,2.978,151603.57,1761123599999,451646.48621,2515
DOTUSDT,1761123600000,2.977,2.981,2.951,2.961,269497.67,1761127199999,799502.27946,3554
DOTUSDT,1761127200000,2.96,2.972,2.95,2.953,186239.83,1761130799999,551068.11622,2914
DOTUSDT,1761130800000,2.953,2.993,2.921,2.976,493972.38,1761134399999,1462808.31248,8508
DOTUSDT,1761134400000,2.975,3.003,2.968,2.991,277862.96,1761137999999,830665.91384,3985
DOTUSDT,1761138000000,2.993,3.028,2.978,3.022,435749.54,1761141599999,1305674.90261,5757
DOTUSDT,1761141600000,3.021,3.025,2.953,3.009,609817.82,1761145199999,1817342.09311,9650
DOTUSDT,1761145200000,3.009,3.021,2.964,2.99,415643.92,1761148799999,1243448.66837,6649
DOTUSDT,1761148800000,2.989,2.999,2.955,2.974,486690.98,1761152399999,1448564.25014,7640
DOTUSDT,1761152400000,2.975,2.982,2.942,2.949,207354.78,1761155999999,614415.34379,3281
DOTUSDT,1761156000000,2.949,2.959,2.929,2.944,172441.33,1761159599999,507517.91465,3315
DOTUSDT,1761159600000,2.944,2.973,2.92,2.945,272646.38,1761163199999,803833.12624,3749
DOTUSDT,1761163200000,2.946,2.953,2.914,2.92,282751.74,1761166799999,828166.6743,3379
DOTUSDT,1761166800000,2.919,2.919,2.834,2.871,1189726.26,1761170399999,3423237.57113,16495
DOTUSDT,1761170400000,2.87,2.889,2.854,2.868,322616.39,1761173999999,925872.66075,5625
DOTUSDT,1761174000000,2.867,2.924,2.867,2.918,237754.24,1761177599999,690873.24391,4325
DOTUSDT,1761177600000,2.919,2.933,2.912,2.928,187079.05,1761181199999,546924.11263,2743
DOTUSDT,1761181200000,2.928,2.947,2.927,2.931,242565.58,1761184799999,711956.76896,3537
DOTUSDT,1761184800000,2.93,2.936,2.926,2.931,53143.34,1761188399999,155767.90325,1359
DOTUSDT,1761188400000,2.931,2.94,2.918,2.92,530173.16,1761191999999,1551521.83014,4029
DOTUSDT,1761192000000,2.921,2.936,2.915,2.926,94985.13,1761195599999,277726.18692,1652
DOTUSDT,1761195600000,2.926,2.934,2.914,2.93,298411.28,1761199199999,872316.30329,2212
DOTUSDT,1761199200000,2.93,2.979,2.926,2.978,302979.99,1761202799999,896497.95765,5190
DOTUSDT,1761202800000,2.978,2.978,2.956,2.967,161649.68,1761206399999,479818.52892,3023
DOTUSDT,1761206400000,2.968,2.987,2.967,2.977,146935.56,1761209999999,437961.28082,2780
DOTUSDT,1761210000000,2.978,2.979,2.966,2.972,102844.77,1761213599999,305491.43347,1868
DOTUSDT,1761213600000,2.973,2.984,2.97,2.973,177490.52,1761217199999,528277.73713,2375
DOTUSDT,1761217200000,2.973,2.982,2.957,2.962,158612.78,1761220799999,470903.95254,2568
DOTUSDT,1761220800000,2.962,2.962,2.934,2.96,286042.04,1761224399999,844495.26553,4375
DOTUSDT,1761224400000,2.96,2.988,2.944,2.976,229461.79,1761227999999,681366.08548,5236
DOTUSDT,1761228000000,2.976,2.979,2.944,2.966,262581.01,1761231599999,778137.20251,5212
DOTUSDT,1761231600000,2.967,3.008,2.961,2.996,294997.81,1761235199999,881690.33508,6342
DOTUSDT,1761235200000,2.995,3.024,2.989,3.02,360594.62,1761238799999,1081771.04356,4395
DOTUSDT,1761238800000,3.02,3.036,2.991,3.03,354762.45,1761242399999,1070582.00234,5911
DOTUSDT,1761242400000,3.031,3.035,2.994,2.999,209504.9,1761245999999,631428.08522,3626
DOTUSDT,1761246000000,2.998,3.001,2.984,2.995,110190.19,1761249599999,329654.01243,2312
DOTUSDT,1761249600000,2.996,2.996,2.956,2.97,226555.61,1761253199999,674072.4842,3029
DOTUSDT,1761253200000,2.969,2.98,2.964,2.967,151238.47,1761256799999,449619.05093,1964
DOTUSDT,1761256800000,2.967,2.99,2.966,2.987,185427.46,1761260399999,552911.81879,2253
DOTUSDT,1761260400000,2.987,3.006,2.984,3.002,116543.68,1761263999999,348948.88336,1746
DOTUSDT,1761264000000,3.003,3.011,2.994,3.005,134266.0,1761267599999,403218.69681,2850
DOTUSDT,1761267600000,3.006,3.01,2.992,3.001,72139.54,1761271199999,216457.76676,1543
DOTUSDT,1761271200000,3.001,3.009,2.994,3.005,180192.55,1761274799999,541264.44806,1744
DOTUSDT,1761274800000,3.004,3.005,2.996,3.005,149256.98,1761278399999,447880.70515,1866
DOTUSDT,1761278400000,3.004,3.059,3.0,3.051,403953.34,1761281999999,1227242.66347,5910
DOTUSDT,1761282000000,3.051,3.06,3.041,3.055,176725.35,1761285599999,538788.91625,2848
DOTUSDT,1761285600000,3.055,3.065,3.045,3.062,328963.43,1761289199999,1005435.28955,2941
DOTUSDT,1761289200000,3.062,3.066,3.036,3.052,210093.27,1761292799999,640932.11883,3476
DOTUSDT,1761292800000,3.053,3.076,3.043,3.068,198534.66,1761296399999,607230.45197,3280
DOTUSDT,1761296400000,3.068,3.069,3.059,3.062,119171.12,1761299999999,365181.77502,2139
DOTUSDT,1761300000000,3.062,3.064,3.044,3.045,162203.86,1761303599999,495238.85473,1898
DOTUSDT,1761303600000,3.046,3.059,3.024,3.059,179631.44,1761307199999,547221.59681,3317
DOTUSDT,1761307200000,3.059,3.125,3.055,3.077,596990.21,1761310799999,1844984.51353,10353
DOTUSDT,1761310800000,3.078,3.088,3.044,3.075,257791.64,1761314399999,790979.93508,5977
DOTUSDT,1761314400000,3.074,3.074,3.022,3.04,392648.69,1761317999999,1195079.05832,7421
DOTUSDT,1761318000000,3.039,3.053,3.019,3.03,323728.57,1761321599999,981467.09278,4831
DOTUSDT,1761321600000,3.03,3.037,3.013,3.028,148183.71,1761325199999,447978.37571,3127
DOTUSDT,1761325200000,3.028,3.045,3.026,3.031,87915.1,1761328799999,266940.80507,2108
DOTUSDT,1761328800000,3.031,3.053,3.029,3.051,74226.32,1761332399999,225834.818,1987
DOTUSDT,1761332400000,3.051,3.076,3.05,3.07,209164.88,1761335999999,642125.87632,3081
DOTUSDT,1761336000000,3.07,3.084,3.068,3.079,79876.9,1761339599999,245686.22101,1878
DOTUSDT,1761339600000,3.08,3.091,3.074,3.089,155736.78,1761343199999,480124.00107,2235
DOTUSDT,1761343200000,3.089,3.093,3.078,3.087,96657.5,1761346799999,298139.85585,1659
DOTUSDT,1761346800000,3.086,3.086,3.074,3.078,64219.24,1761350399999,197751.26181,1218
DOTUSDT,1761350400000,3.079,3.081,3.063,3.067,85586.9,1761353999999,262966.92125,2341
DOTUSDT,1761354000000,3.067,3.081,3.062,3.071,108231.26,1761357599999,332258.13076,1912
DOTUSDT,1761357600000,3.071,3.076,3.058,3.066,79443.43,1761361199999,243582.78935,1600
DOTUSDT,1761361200000,3.066,3.067,3.051,3.053,59374.21,1761364799999,181500.62718,1237
DOTUSDT,1761364800000,3.052,3.065,3.052,3.056,71775.24,1761368399999,219506.48678,1346
DOTUSDT,1761368400000,3.056,3.056,3.044,3.052,128862.82,1761371999999,393066.28899,1540
DOTUSDT,1761372000000,3.053,3.057,3.041,3.042,91038.47,1761375599999,277333.19942,1710
DOTUSDT,1761375600000,3.043,3.063,3.041,3.046,88347.55,1761379199999,269421.3331,2000
DOTUSDT,1761379200000,3.047,3.058,3.045,3.054,85521.29,1761382799999,260844.51928,1449
DOTUSDT,1761382800000,3.055,3.055,3.037,3.039,113627.78,1761386399999,345785.23108,1568
DOTUSDT,1761386400000,3.039,3.043,3.027,3.037,43429.27,1761389999999,131855.89621,1396
DOTUSDT,1761390000000,3.037,3.049,3.033,3.047,52885.0,1761393599999,160978.35261,1219
DOTUSDT,1761393600000,3.047,3.076,3.045,3.063,203425.61,1761397199999,623301.36157,2838
DOTUSDT,1761397200000,3.062,3.064,3.049,3.057,71845.35,1761400799999,219573.72905,1581
DOTUSDT,1761400800000,3.058,3.077,3.055,3.076,132738.37,1761404399999,407130.10941,2193
DOTUSDT,1761404400000,3.075,3.077,3.059,3.065,84591.25,1761407999999,259332.18283,1993
DOTUSDT,1761408000000,3.065,3.069,3.057,3.064,72585.16,1761411599999,222320.36105,1902
DOTUSDT,1761411600000,3.063,3.076,3.06,3.064,130049.34,1761415199999,398853.00757,1669
DOTUSDT,1761415200000,3.064,3.091,3.059,3.086,142494.31,1761418799999,438774.6043,1826
DOTUSDT,1761418800000,3.085,3.092,3.079,3.092,48775.54,1761422399999,150463.93784,1090
DOTUSDT,1761422400000,3.092,3.096,3.081,3.089,82057.22,1761425999999,253675.1363,1727
DOTUSDT,1761426000000,3.088,3.094,3.079,3.088,89569.96,1761429599999,276365.66114,1250
DOTUSDT,1761429600000,3.088,3.106,3.081,3.1,82494.93,1761433199999,255265.44456,1601
DOTUSDT,1761433200000,3.101,3.101,3.088,3.09,62045.65,1761436799999,191997.82225,1399
DOTUSDT,1761436800000,3.091,3.1,3.076,3.092,112852.12,1761440399999,348852.4933,2313
DOTUSDT,1761440400000,3.093,3.096,3.066,3.074,102261.87,1761443999999,315152.38288,2033
DOTUSDT,1761444000000,3.073,3.079,3.063,3.068,84746.15,1761447599999,260410.0848,1741
DOTUSDT,1761447600000,3.068,3.074,3.059,3.065,70391.85,1761451199999,215827.83972,1375
DOTUSDT,1761451200000,3.065,3.09,3.061,3.085,65698.94,1761454799999,202234.03687,1270
DOTUSDT,1761454800000,3.086,3.094,3.08,3.09,50994.53,1761458399999,157413.85373,1077
DOTUSDT,1761458400000,3.09,3.094,3.083,3.092,32836.6,1761461999999,101381.56393,894
DOTUSDT,1761462000000,3.092,3.1,3.086,3.099,49848.02,1761465599999,154290.36044,1182
DOTUSDT,1761465600000,3.1,3.113,3.097,3.109,81414.91,1761469199999,252843.19308,1759
DOTUSDT,1761469200000,3.109,3.147,3.102,3.137,218669.98,1761472799999,683932.74346,4996
DOTUSDT,1761472800000,3.136,3.137,3.109,3.112,166707.4,1761476399999,520077.89872,2699
DOTUSDT,1761476400000,3.112,3.15,3.103,3.143,344336.47,1761479999999,1075869.69256,5625
DOTUSDT,1761480000000,3.143,3.16,3.139,3.156,296432.27,1761483599999,933241.05649,4976
DOTUSDT,1761483600000,3.156,3.186,3.148,3.179,248999.72,1761487199999,788890.08768,4738
DOTUSDT,1761487200000,3.179,3.185,3.166,3.174,212026.94,1761490799999,672940.58312,3992
DOTUSDT,1761490800000,3.175,3.182,3.163,3.18,165554.13,1761494399999,525050.46109,3047
DOTUSDT,1761494400000,3.18,3.182,3.157,3.162,192145.13,1761497999999,608827.09082,3625
DOTUSDT,1761498000000,3.162,3.173,3.156,3.168,106572.38,1761501599999,337488.87904,1986
DOTUSDT,1761501600000,3.168,3.182,3.168,3.173,210399.73,1761505199999,668107.37111,2331
DOTUSDT,1761505200000,3.174,3.178,3.167,3.175,96079.98,1761508799999,304804.58567,1810
DOTUSDT,1761508800000,3.176,3.176,3.156,3.164,91361.29,1761512399999,289380.94745,1717
DOTUSDT,1761512400000,3.164,3.178,3.146,3.172,120465.99,1761515999999,380972.23564,2511
DOTUSDT,1761516000000,3.173,3.239,3.173,3.214,459451.06,1761519599999,1476057.41477,12217
DOTUSDT,1761519600000,3.214,3.22,3.193,3.195,218370.08,1761523199999,700585.00314,4120
DOTUSDT,1761523200000,3.195,3.214,3.186,3.206,178118.41,1761526799999,570107.12378,4489
DOTUSDT,1761526800000,3.205,3.23,3.196,3.224,194020.17,1761530399999,623912.56275,3364
DOTUSDT,1761530400000,3.223,3.232,3.203,3.213,257738.74,1761533999999,829107.5688,3385
DOTUSDT,1761534000000,3.213,3.225,3.201,3.208,155395.56,1761537599999,499299.99568,2504
DOTUSDT,1761537600000,3.207,3.219,3.199,3.216,94415.53,1761541199999,302874.43328,2029
DOTUSDT,1761541200000,3.216,3.247,3.214,3.223,252921.94,1761544799999,817108.8595,3768
DOTUSDT,1761544800000,3.222,3.241,3.208,3.232,149343.26,1761548399999,481180.67379,3245
DOTUSDT,1761548400000,3.231,3.243,3.184,3.202,272326.74,1761551999999,874206.83128,5100
DOTUSDT,1761552000000,3.202,3.211,3.163,3.177,491205.47,1761555599999,1565046.5123,6934
DOTUSDT,1761555600000,3.176,3.178,3.147,3.157,319673.47,1761559199999,1010126.00594,7078
DOTUSDT,1761559200000,3.156,3.171,3.152,3.16,225008.0,1761562799999,711082.99095,3423
DOTUSDT,1761562800000,3.161,3.174,3.142,3.174,229523.36,1761566399999,725327.67791,4039
DOTUSDT,1761566400000,3.174,3.177,3.145,3.146,128323.62,1761569999999,405611.00197,2730
DOTUSDT,1761570000000,3.145,3.164,3.119,3.157,303104.01,1761573599999,953636.35066,7040
DOTUSDT,1761573600000,3.157,3.163,3.126,3.135,243410.73,1761577199999,764537.47019,5884
DOTUSDT,1761577200000,3.134,3.162,3.134,3.152,177843.51,1761580799999,560610.82211,4752
DOTUSDT,1761580800000,3.153,3.202,3.153,3.198,264954.41,1761584399999,841804.65199,4954
DOTUSDT,1761584400000,3.198,3.216,3.189,3.207,217537.69,1761587999999,696028.18698,3868
DOTUSDT,1761588000000,3.207,3.214,3.191,3.195,118678.19,1761591599999,380201.26422,2828
DOTUSDT,1761591600000,3.195,3.196,3.17,3.173,250781.9,1761595199999,797634.95642,3918
DOTUSDT,1761595200000,3.173,3.174,3.148,3.15,212530.01,1761598799999,671393.36719,4127
DOTUSDT,1761598800000,3.149,3.168,3.138,3.149,167186.33,1761602399999,527104.42649,2874
DOTUSDT,1761602400000,3.15,3.166,3.133,3.136,82035.02,1761605999999,258304.23304,2260
DOTUSDT,1761606000000,3.135,3.145,3.121,3.139,99459.74,1761609599999,311520.13252,2724
DOTUSDT,1761609600000,3.138,3.155,3.128,3.141,114596.51,1761613199999,359763.41538,3075
DOTUSDT,1761613200000,3.142,3.164,3.142,3.152,87422.02,1761616799999,275862.04807,2527
DOTUSDT,1761616800000,3.152,3.161,3.112,3.136,170899.94,1761620399999,535439.94022,3615
DOTUSDT,1761620400000,3.136,3.148,3.113,3.125,213407.44,1761623999999,667448.36141,4506
DOTUSDT,1761624000000,3.125,3.149,3.116,3.142,124904.02,1761627599999,391407.8695,3041
DOTUSDT,1761627600000,3.142,3.152,3.102,3.106,344224.06,1761631199999,1076652.9852,4432
DOTUSDT,1761631200000,3.107,3.17,3.097,3.167,663036.66,1761634799999,2067278.44658,7663
DOTUSDT,1761634800000,3.167,3.179,3.135,3.14,228669.1,1761638399999,721444.63197,4850
DOTUSDT,1761638400000,3.141,3.156,3.131,3.145,139709.96,1761641999999,439410.62528,2547
DOTUSDT,1761642000000,3.144,3.15,3.124,3.14,94606.58,1761645599999,296789.35713,2342
DOTUSDT,1761645600000,3.14,3.141,3.126,3.134,106792.82,1761649199999,334487.56424,1996
DOTUSDT,1761649200000,3.134,3.15,3.129,3.133,188146.91,1761652799999,591132.35414,2755
DOTUSDT,1761652800000,3.133,3.166,3.13,3.164,124372.22,1761656399999,391470.41112,2793
DOTUSDT,1761656400000,3.165,3.192,3.165,3.179,339089.76,1761659999999,1078148.46925,6103
DOTUSDT,1761660000000,3.18,3.195,3.092,3.149,582487.99,1761663599999,1832989.18298,10995
DOTUSDT,1761663600000,3.15,3.164,3.124,3.136,187274.28,1761667199999,588829.82405,5151
DOTUSDT,1761667200000,3.137,3.169,3.126,3.159,216774.45,1761670799999,682658.6293,4960
DOTUSDT,1761670800000,3.159,3.167,3.146,3.158,107845.99,1761674399999,340687.68331,2505
DOTUSDT,1761674400000,3.158,3.165,3.129,3.138,93261.88,1761677999999,293307.17369,2627
DOTUSDT,1761678000000,3.139,3.143,3.071,3.087,365154.29,1761681599999,1135283.82377,8158
DOTUSDT,1761681600000,3.086,3.088,3.014,3.031,767096.69,1761685199999,2334142.85397,16285
DOTUSDT,1761685200000,3.03,3.048,2.992,3.032,498983.96,1761688799999,1503691.15134,7655
DOTUSDT,1761688800000,3.031,3.06,3.021,3.058,200957.89,1761692399999,611280.47901,3537
DOTUSDT,1761692400000,3.057,3.06,3.04,3.051,117639.17,1761695999999,358969.78939,2140
DOTUSDT,1761696000000,3.05,3.064,3.041,3.044,140647.91,1761699599999,429243.85646,2822
DOTUSDT,1761699600000,3.044,3.07,3.038,3.056,80052.87,1761703199999,244353.3927,2451
DOTUSDT,1761703200000,3.056,3.063,3.048,3.059,91236.68,1761706799999,278956.11505,1690
DOTUSDT,1761706800000,3.059,3.06,3.043,3.052,90359.52,1761710399999,275501.61942,1859
DOTUSDT,1761710400000,3.052,3.075,3.049,3.066,76717.72,1761713999999,235044.41497,1618
DOTUSDT,1761714000000,3.067,3.076,3.061,3.068,105144.75,1761717599999,322634.23165,2176
DOTUSDT,1761717600000,3.067,3.082,3.059,3.08,100870.16,1761721199999,309312.3213,1768
DOTUSDT,1761721200000,3.08,3.088,3.067,3.08,155736.45,1761724799999,479552.53107,2358
DOTUSDT,1761724800000,3.08,3.08,3.05,3.054,104656.02,1761728399999,320764.96235,2171
DOTUSDT,1761728400000,3.054,3.065,3.047,3.061,88180.49,1761731999999,269421.95719,2017
DOTUSDT,1761732000000,3.062,3.1,3.059,3.084,156535.59,1761735599999,482728.98947,3017
DOTUSDT,1761735600000,3.084,3.109,3.08,3.105,125109.09,1761739199999,388018.6484,2629
DOTUSDT,1761739200000,3.104,3.113,3.102,3.105,102822.1,1761742799999,319366.21916,1854
DOTUSDT,1761742800000,3.105,3.132,3.103,3.109,198975.6,1761746399999,619993.47452,4389
DOTUSDT,1761746400000,3.109,3.114,3.085,3.102,203526.34,1761749999999,630234.45505,4668
DOTUSDT,1761750000000,3.102,3.11,3.047,3.063,321641.56,1761753599999,990071.96176,6024
DOTUSDT,1761753600000,3.062,3.093,3.046,3.072,256270.37,1761757199999,786292.59214,4613
DOTUSDT,1761757200000,3.073,3.171,3.073,3.171,346716.75,1761760799999,1084762.36522,5857
DOTUSDT,1761760800000,3.171,3.175,3.023,3.128,1597171.45,1761764399999,4959001.90231,38086
DOTUSDT,1761764400000,3.128,3.17,3.113,3.143,413735.93,1761767999999,1300847.49462,11754
DOTUSDT,1761768000000,3.143,3.177,3.124,3.156,321977.84,1761771599999,1014944.48529,7214
DOTUSDT,1761771600000,3.156,3.162,3.14,3.146,113983.83,1761775199999,358855.88577,2181
DOTUSDT,1761775200000,3.145,3.149,3.124,3.127,111760.77,1761778799999,350262.45633,2131
DOTUSDT,1761778800000,3.127,3.128,3.067,3.079,322647.91,1761782399999,998248.60856,4818
DOTUSDT,1761782400000,3.08,3.107,3.062,3.104,161276.32,1761785999999,497364.55815,3822
DOTUSDT,1761786000000,3.103,3.112,3.083,3.098,125302.53,1761789599999,388220.37701,2233
DOTUSDT,1761789600000,3.098,3.118,3.091,3.111,73264.69,1761793199999,227759.77327,1768
DOTUSDT,1761793200000,3.112,3.112,3.08,3.087,266999.33,1761796799999,825175.08963,2616
DOTUSDT,1761796800000,3.087,3.087,2.966,3.002,1148258.11,1761800399999,3462156.39886,18530
DOTUSDT,1761800400000,3.003,3.06,2.995,3.055,502779.89,1761803999999,1516403.25307,6820
DOTUSDT,1761804000000,3.055,3.077,3.033,3.063,216642.36,1761807599999,661329.34091,3085
DOTUSDT,1761807600000,3.063,3.1,3.059,3.091,161381.08,1761811199999,497799.11972,2995
DOTUSDT,1761811200000,3.091,3.091,3.029,3.035,449338.88,1761814799999,1369287.63598,5297
DOTUSDT,1761814800000,3.034,3.038,3.01,3.016,345038.56,1761818399999,1042312.83576,3596
DOTUSDT,1761818400000,3.016,3.029,3.001,3.01,134754.06,1761821999999,406203.07869,3148
DOTUSDT,1761822000000,3.01,3.018,2.993,2.995,107485.83,1761825599999,323120.99606,2472
DOTUSDT,1761825600000,2.995,3.001,2.91,2.938,1415394.43,1761829199999,4176495.46054,16892
DOTUSDT,1761829200000,2.938,2.939,2.857,2.876,1407028.4,1761832799999,4074180.59534,20305
DOTUSDT,1761832800000,2.876,2.903,2.872,2.888,360154.66,1761836399999,1038808.91226,7316
DOTUSDT,1761836400000,2.887,2.893,2.851,2.863,406812.08,1761839999999,1165310.89485,7367
DOTUSDT,1761840000000,2.862,2.88,2.844,2.873,449696.01,1761843599999,1287403.72402,6963
DOTUSDT,1761843600000,2.874,2.874,2.8,2.84,937266.07,1761847199999,2649154.20905,11173
DOTUSDT,1761847200000,2.841,2.847,2.804,2.813,260043.62,1761850799999,734348.38704,4676
DOTUSDT,1761850800000,2.813,2.823,2.78,2.798,761643.02,1761854399999,2133880.82023,9910
DOTUSDT,1761854400000,2.798,2.838,2.789,2.831,440118.45,1761857999999,1237414.65539,8348
DOTUSDT,1761858000000,2.831,2.847,2.819,2.84,265373.93,1761861599999,751043.9443,3343
DOTUSDT,1761861600000,2.84,2.852,2.832,2.851,246225.47,1761865199999,699304.7875,3464
DOTUSDT,1761865200000,2.852,2.876,2.84,2.871,297711.15,1761868799999,851114.39975,4659
DOTUSDT,1761868800000,2.871,2.903,2.866,2.896,266554.7,1761872399999,768296.16835,4403
DOTUSDT,1761872400000,2.896,2.915,2.89,2.914,215957.99,1761875999999,627819.01207,3905
DOTUSDT,1761876000000,2.914,2.914,2.88,2.894,513207.44,1761879599999,1486815.60103,4662
DOTUSDT,1761879600000,2.894,2.905,2.885,2.895,197245.81,1761883199999,570819.84533,2908
DOTUSDT,1761883200000,2.896,2.925,2.895,2.922,266380.95,1761886799999,776621.70377,4456
DOTUSDT,1761886800000,2.921,2.921,2.906,2.909,113014.94,1761890399999,329000.93578,1829
DOTUSDT,1761890400000,2.908,2.915,2.89,2.893,156919.93,1761893999999,455060.93276,2513
DOTUSDT,1761894000000,2.894,2.902,2.886,2.895,117284.13,1761897599999,339416.13638,2808
DOTUSDT,1761897600000,2.896,2.906,2.883,2.902,186772.07,1761901199999,540708.48334,2846
DOTUSDT,1761901200000,2.902,2.908,2.89,2.895,73681.01,1761904799999,213473.00404,1954
DOTUSDT,1761904800000,2.895,2.9,2.868,2.878,298359.47,1761908399999,859093.11539,3498
DOTUSDT,1761908400000,2.877,2.913,2.87,2.911,210453.4,1761911999999,608302.01724,3197
DOTUSDT,1761912000000,2.911,2.924,2.888,2.889,261707.73,1761915599999,761506.15629,3870
DOTUSDT,1761915600000,2.89,2.913,2.881,2.906,317084.9,1761919199999,918884.07683,4688
DOTUSDT,1761919200000,2.907,2.916,2.889,2.911,434612.97,1761922799999,1260006.07796,6487
DOTUSDT,1761922800000,2.91,2.925,2.894,2.901,256143.36,1761926399999,744846.16618,4954
DOTUSDT,1761926400000,2.9,2.906,2.842,2.846,284169.83,1761929999999,815863.5787,5499
DOTUSDT,1761930000000,2.846,2.858,2.827,2.844,318474.64,1761933599999,906338.11998,8013
DOTUSDT,1761933600000,2.843,2.873,2.835,2.863,233369.16,1761937199999,666791.65665,4909
DOTUSDT,1761937200000,2.863,2.909,2.846,2.896,302817.91,1761940799999,873313.1303,4921
DOTUSDT,1761940800000,2.895,2.898,2.867,2.871,239200.48,1761944399999,690071.08565,3167
DOTUSDT,1761944400000,2.87,2.879,2.861,2.872,102607.88,1761947999999,294428.89089,1721
DOTUSDT,1761948000000,2.873,2.885,2.872,2.877,62713.93,1761951599999,180547.85488,1565
DOTUSDT,1761951600000,2.876,2.886,2.874,2.882,69033.8,1761955199999,198772.36825,1130
DOTUSDT,1761955200000,2.882,2.887,2.867,2.886,194150.83,1761958799999,558288.30293,2488
DOTUSDT,1761958800000,2.886,2.895,2.879,2.879,144081.82,1761962399999,416281.74907,2102
DOTUSDT,1761962400000,2.878,2.896,2.865,2.895,142741.36,1761965999999,411188.75029,2333
DOTUSDT,1761966000000,2.896,2.914,2.895,2.911,184438.19,1761969599999,535960.26568,2236
DOTUSDT,1761969600000,2.911,2.917,2.894,2.898,273318.64,1761973199999,793892.6429,3136
DOTUSDT,1761973200000,2.898,2.902,2.881,2.883,119538.55,1761976799999,345836.15359,1660
DOTUSDT,1761976800000,2.884,2.894,2.876,2.893,94611.01,1761980399999,272659.63443,1718
DOTUSDT,1761980400000,2.893,2.907,2.886,2.903,402287.74,1761983999999,1164821.13354,4471
DOTUSDT,1761984000000,2.903,2.924,2.902,2.922,252190.11,1761987599999,733475.90472,3602
DOTUSDT,1761987600000,2.923,2.931,2.906,2.913,151979.55,1761991199999,443602.58976,2929
DOTUSDT,1761991200000,2.913,2.938,2.913,2.93,331779.23,1761994799999,971160.67426,4071
DOTUSDT,1761994800000,2.93,2.945,2.93,2.942,157753.5,1761998399999,463336.21281,2539
DOTUSDT,1761998400000,2.942,2.952,2.936,2.939,118528.19,1762001999999,348678.19863,2480
DOTUSDT,1762002000000,2.94,2.956,2.925,2.942,266763.24,1762005599999,785214.74293,4284
DOTUSDT,1762005600000,2.941,2.947,2.906,2.923,266391.97,1762009199999,777830.39559,5172
DOTUSDT,1762009200000,2.923,2.952,2.921,2.95,189158.94,1762012799999,555862.03984,4767
DOTUSDT,1762012800000,2.95,2.968,2.945,2.959,231083.2,1762016399999,682949.37495,4596
DOTUSDT,1762016400000,2.959,2.964,2.952,2.956,143033.13,1762019999999,422937.85061,3225
DOTUSDT,1762020000000,2.955,2.959,2.943,2.954,69128.92,1762023599999,203963.31718,1862
DOTUSDT,1762023600000,2.953,2.953,2.941,2.949,76872.75,1762027199999,226364.66292,1492
DOTUSDT,1762027200000,2.95,2.965,2.95,2.959,102536.87,1762030799999,303283.09941,1891
DOTUSDT,1762030800000,2.959,2.963,2.928,2.932,71763.45,1762034399999,211503.4515,1757
DOTUSDT,1762034400000,2.932,2.956,2.932,2.953,134036.47,1762037999999,394416.2557,2423
DOTUSDT,1762038000000,2.953,2.974,2.949,2.971,99765.52,1762041599999,295536.79994,1976
DOTUSDT,1762041600000,2.971,2.971,2.954,2.955,142885.8,1762045199999,422761.1474,2440
DOTUSDT,1762045200000,2.955,2.965,2.946,2.959,125065.08,1762048799999,369712.40468,2401
DOTUSDT,1762048800000,2.959,2.969,2.95,2.957,91666.15,1762052399999,271259.71489,1887
DOTUSDT,1762052400000,2.957,2.963,2.948,2.951,54330.36,1762055999999,160615.39574,1261
DOTUSDT,1762056000000,2.952,2.989,2.949,2.985,128939.15,1762059599999,383520.4223,2683
DOTUSDT,1762059600000,2.984,3.001,2.975,3.0,132088.53,1762063199999,394695.45652,2653
DOTUSDT,1762063200000,3.0,3.008,2.991,3.002,137503.56,1762066799999,412589.96268,2948
DOTUSDT,1762066800000,3.002,3.016,2.994,3.009,123331.66,1762070399999,370374.69016,2821
DOTUSDT,1762070400000,3.009,3.012,2.988,2.994,117304.05,1762073999999,351921.98824,2298
DOTUSDT,1762074000000,2.995,3.013,2.985,2.989,129175.09,1762077599999,386962.98284,3331
DOTUSDT,1762077600000,2.989,2.997,2.961,2.969,190655.6,1762081199999,567667.97729,4253
DOTUSDT,1762081200000,2.969,3.002,2.968,3.0,128788.04,1762084799999,384574.11837,2792
DOTUSDT,1762084800000,3.001,3.002,2.979,2.984,194373.74,1762088399999,580831.61919,3219
DOTUSDT,1762088400000,2.983,2.984,2.955,2.966,221307.41,1762091999999,656801.18668,3808
DOTUSDT,1762092000000,2.966,2.972,2.903,2.917,409040.09,1762095599999,1197924.79295,8075
DOTUSDT,1762095600000,2.917,2.934,2.901,2.908,312815.0,1762099199999,911925.96984,5108
DOTUSDT,1762099200000,2.907,2.919,2.866,2.919,474265.79,1762102799999,1372180.86241,7373
DOTUSDT,1762102800000,2.92,2.925,2.908,2.924,460321.27,1762106399999,1343306.41686,4696
DOTUSDT,1762106400000,2.924,2.925,2.904,2.906,127822.65,1762109999999,372803.00848,2542
DOTUSDT,1762110000000,2.907,2.911,2.887,2.904,93695.38,1762113599999,271565.2019,2441
DOTUSDT,1762113600000,2.903,2.919,2.896,2.913,143635.61,1762117199999,418142.81136,1896
DOTUSDT,1762117200000,2.913,2.929,2.909,2.919,74284.44,1762120799999,216796.35252,1475
DOTUSDT,1762120800000,2.919,2.93,2.908,2.922,76913.79,1762124399999,224723.81085,1722
DOTUSDT,1762124400000,2.923,2.992,2.923,2.985,276112.9,1762127999999,818362.14633,5158
DOTUSDT,1762128000000,2.985,2.993,2.932,2.933,304369.43,1762131599999,902910.42694,4489
DOTUSDT,1762131600000,2.932,2.94,2.901,2.909,202889.22,1762135199999,592487.86597,4687
DOTUSDT,1762135200000,2.909,2.91,2.86,2.879,392422.41,1762138799999,1129928.55089,8553
DOTUSDT,1762138800000,2.878,2.883,2.78,2.789,847587.46,1762142399999,2390562.3007,15824
DOTUSDT,1762142400000,2.789,2.804,2.76,2.804,523275.28,1762145999999,1452815.47381,12115
DOTUSDT,1762146000000,2.804,2.825,2.777,2.779,370026.04,1762149599999,1036816.11873,6183
DOTUSDT,1762149600000,2.778,2.788,2.725,2.759,543274.4,1762153199999,1496074.6442,11207
DOTUSDT,1762153200000,2.758,2.782,2.74,2.768,334074.44,1762156799999,922557.01481,6516
DOTUSDT,1762156800000,2.768,2.782,2.749,2.774,303702.33,1762160399999,839337.78783,5881
DOTUSDT,1762160400000,2.774,2.804,2.753,2.755,812004.87,1762163999999,2259727.74216,7796
DOTUSDT,1762164000000,2.756,2.775,2.722,2.732,340236.89,1762167599999,935180.44074,5650
DOTUSDT,1762167600000,2.733,2.776,2.733,2.762,273303.41,1762171199999,753875.96693,6236
DOTUSDT,1762171200000,2.761,2.783,2.755,2.757,273156.31,1762174799999,755525.74108,4733
DOTUSDT,1762174800000,2.757,2.779,2.744,2.764,333472.98,1762178399999,921263.85304,5168
DOTUSDT,1762178400000,2.765,2.794,2.751,2.776,241276.02,1762181999999,668286.52613,6439
DOTUSDT,1762182000000,2.776,2.781,2.5,2.584,3921840.39,1762185599999,10221528.52694,62911
DOTUSDT,1762185600000,2.584,2.642,2.563,2.621,1152307.35,1762189199999,3002538.52026,23397
DOTUSDT,1762189200000,2.621,2.669,2.616,2.657,512815.61,1762192799999,1354627.07838,9460
DOTUSDT,1762192800000,2.656,2.656,2.603,2.605,354280.96,1762196399999,931005.04226,6473
DOTUSDT,1762196400000,2.605,2.617,2.576,2.579,401749.85,1762199999999,1043026.73718,8829
DOTUSDT,1762200000000,2.58,2.584,2.522,2.536,730717.54,1762203599999,1865706.3245,12700
DOTUSDT,1762203600000,2.536,2.577,2.521,2.572,554707.69,1762207199999,1415866.96386,11437
DOTUSDT,1762207200000,2.572,2.583,2.533,2.565,356219.59,1762210799999,911833.60835,6465
DOTUSDT,1762210800000,2.564,2.587,2.541,2.585,297538.51,1762214399999,764137.2784,5352
DOTUSDT,1762214400000,2.585,2.629,2.566,2.613,380122.21,1762217999999,988087.80949,7343
DOTUSDT,1762218000000,2.614,2.631,2.602,2.62,395168.08,1762221599999,1034278.48093,5363
DOTUSDT,1762221600000,2.619,2.63,2.612,2.62,221646.43,1762225199999,581129.9026,3770
DOTUSDT,1762225200000,2.621,2.654,2.616,2.651,188072.12,1762228799999,496625.8507,4511
DOTUSDT,1762228800000,2.651,2.662,2.636,2.637,242335.41,1762232399999,641249.18322,5103
DOTUSDT,1762232400000,2.637,2.639,2.506,2.512,1231949.26,1762235999999,3151106.8321,19490
DOTUSDT,1762236000000,2.511,2.599,2.51,2.558,849535.58,1762239599999,2176445.64129,14494
DOTUSDT,1762239600000,2.557,2.566,2.518,2.533,495168.73,1762243199999,1257842.64769,10552
DOTUSDT,1762243200000,2.533,2.587,2.519,2.568,533103.74,1762246799999,1363678.59416,10912
DOTUSDT,1762246800000,2.568,2.602,2.559,2.599,460962.17,1762250399999,1187494.41523,8471
DOTUSDT,1762250400000,2.599,2.61,2.59,2.608,303771.51,1762253999999,790683.93629,6003
DOTUSDT,1762254000000,2.609,2.638,2.604,2.611,307100.0,1762257599999,804157.2191,5949
DOTUSDT,1762257600000,2.61,2.611,2.573,2.582,258216.74,1762261199999,668719.19021,4703
DOTUSDT,1762261200000,2.581,2.592,2.56,2.579,423998.03,1762264799999,1092401.85626,6624
DOTUSDT,1762264800000,2.578,2.647,2.558,2.632,594482.41,1762268399999,1546920.21957,14608
DOTUSDT,1762268400000,2.632,2.653,2.592,2.601,491816.99,1762271999999,1291354.01208,10471
DOTUSDT,1762272000000,2.6,2.62,2.544,2.551,538421.36,1762275599999,1390035.67435,12642
DOTUSDT,1762275600000,2.551,2.56,2.467,2.53,1278736.0,1762279199999,3212777.17208,23974
DOTUSDT,1762279200000,2.529,2.531,2.418,2.499,1534129.17,1762282799999,3783337.26594,30663
DOTUSDT,1762282800000,2.499,2.52,2.453,2.457,502545.0,1762286399999,1250542.54206,12775
DOTUSDT,1762286400000,2.458,2.482,2.343,2.448,2204952.22,1762289999999,5301342.69458,41990
DOTUSDT,1762290000000,2.449,2.461,2.343,2.445,1838839.24,1762293599999,4413051.55747,36148
DOTUSDT,1762293600000,2.445,2.52,2.431,2.507,839640.27,1762297199999,2088671.7395,14018
DOTUSDT,1762297200000,2.508,2.527,2.501,2.508,515118.78,1762300799999,1294112.1323,9786
DOTUSDT,1762300800000,2.508,2.519,2.464,2.48,313012.67,1762304399999,779270.14062,7549
DOTUSDT,1762304400000,2.48,2.482,2.384,2.472,598811.97,1762307999999,1455601.6317,17233
DOTUSDT,1762308000000,2.472,2.56,2.472,2.556,524495.45,1762311599999,1321003.2889,15679
DOTUSDT,1762311600000,2.556,2.576,2.543,2.569,274227.18,1762315199999,702329.26232,7123
DOTUSDT,1762315200000,2.568,2.58,2.55,2.564,161919.5,1762318799999,414926.59422,3842
DOTUSDT,1762318800000,2.565,2.583,2.56,2.566,219983.96,1762322399999,565200.71583,4358
DOTUSDT,1762322400000,2.566,2.577,2.547,2.576,189365.34,1762325999999,484442.08723,4155
DOTUSDT,1762326000000,2.577,2.593,2.55,2.589,614060.44,1762329599999,1583302.63977,7433
DOTUSDT,1762329600000,2.589,2.592,2.536,2.554,412766.56,1762333199999,1058085.57767,9442
DOTUSDT,1762333200000,2.554,2.579,2.549,2.569,216806.73,1762336799999,556857.62693,4948
DOTUSDT,1762336800000,2.569,2.573,2.536,2.539,300583.54,1762340399999,767514.50109,4708
DOTUSDT,1762340400000,2.538,2.61,2.537,2.608,505810.64,1762343999999,1306310.22568,7845
DOTUSDT,1762344000000,2.607,2.62,2.593,2.604,304258.49,1762347599999,792906.28579,5498
DOTUSDT,1762347600000,2.603,2.629,2.588,2.615,224218.95,1762351199999,584529.42365,5255
DOTUSDT,1762351200000,2.615,2.621,2.576,2.604,526024.02,1762354799999,1367642.37001,9904
DOTUSDT,1762354800000,2.604,2.636,2.596,2.633,540153.65,1762358399999,1413769.5325,9176
DOTUSDT,1762358400000,2.634,2.64,2.6,2.636,360817.89,1762361999999,945261.64473,6609
DOTUSDT,1762362000000,2.637,2.645,2.622,2.638,258803.56,1762365599999,681661.25737,4949
DOTUSDT,1762365600000,2.637,2.655,2.632,2.639,241186.6,1762369199999,637606.96844,4039
DOTUSDT,1762369200000,2.64,2.647,2.625,2.643,561222.05,1762372799999,1478313.89961,5626
DOTUSDT,1762372800000,2.643,2.669,2.64,2.655,601404.47,1762376399999,1597192.37001,6619
DOTUSDT,1762376400000,2.655,2.656,2.636,2.654,253557.03,1762379999999,670891.38037,4099
DOTUSDT,1762380000000,2.655,2.685,2.642,2.669,442791.51,1762383599999,1180582.62422,4032
DOTUSDT,1762383600000,2.67,2.677,2.662,2.672,224095.8,1762387199999,598398.1655,3366
DOTUSDT,1762387200000,2.671,2.681,2.648,2.658,516400.53,1762390799999,1375355.2048,5436
DOTUSDT,1762390800000,2.657,2.657,2.616,2.644,298200.82,1762394399999,785276.78503,5124
DOTUSDT,1762394400000,2.643,2.683,2.618,2.667,479283.63,1762397999999,1270866.73725,5753
DOTUSDT,1762398000000,2.668,2.675,2.658,2.659,197248.55,1762401599999,525859.28796,3724
DOTUSDT,1762401600000,2.659,2.667,2.648,2.662,153870.02,1762405199999,408856.01436,3220
DOTUSDT,1762405200000,2.663,2.663,2.609,2.614,239616.39,1762408799999,630401.5744,4313
DOTUSDT,1762408800000,2.615,2.628,2.609,2.609,188182.42,1762412399999,492740.03471,3145
DOTUSDT,1762412400000,2.608,2.625,2.595,2.604,230320.89,1762415999999,600578.20959,4512
DOTUSDT,1762416000000,2.603,2.619,2.596,2.607,186860.5,1762419599999,486657.57757,3165
DOTUSDT,1762419600000,2.607,2.618,2.595,2.601,138604.78,1762423199999,361593.95066,3402
DOTUSDT,1762423200000,2.602,2.613,2.585,2.608,404775.92,1762426799999,1051868.08535,5936
DOTUSDT,1762426800000,2.607,2.62,2.593,2.615,120125.4,1762430399999,313406.32293,2957
DOTUSDT,1762430400000,2.615,2.62,2.572,2.579,349275.39,1762433999999,904678.50674,5868
DOTUSDT,1762434000000,2.579,2.637,2.576,2.627,361304.95,1762437599999,943302.1587,7467
DOTUSDT,1762437600000,2.627,2.651,2.585,2.628,724812.38,1762441199999,1899796.98683,15795
DOTUSDT,1762441200000,2.629,2.643,2.559,2.576,1040223.07,1762444799999,2707483.23932,21038
DOTUSDT,1762444800000,2.576,2.594,2.527,2.569,669559.68,1762448399999,1715056.76734,12320
DOTUSDT,1762448400000,2.569,2.611,2.559,2.607,320023.77,1762451999999,826290.00592,8888
DOTUSDT,1762452000000,2.606,2.649,2.577,2.63,409287.57,1762455599999,1071441.82374,8955
DOTUSDT,1762455600000,2.629,2.662,2.624,2.658,598101.28,1762459199999,1581677.58598,10682
DOTUSDT,1762459200000,2.659,2.671,2.624,2.649,560173.11,1762462799999,1484650.21483,11331
DOTUSDT,1762462800000,2.648,2.657,2.626,2.643,410100.04,1762466399999,1084803.44531,6820
DOTUSDT,1762466400000,2.643,2.673,2.636,2.671,304715.94,1762469999999,808487.52419,4960
DOTUSDT,1762470000000,2.67,2.671,2.633,2.669,381119.56,1762473599999,1010215.4197,5572
DOTUSDT,1762473600000,2.669,2.803,2.664,2.791,2599373.01,1762477199999,7117401.75835,29406
DOTUSDT,1762477200000,2.792,2.864,2.738,2.774,2003872.06,1762480799999,5579313.55424,40447
DOTUSDT,1762480800000,2.773,2.787,2.723,2.785,898414.75,1762484399999,2472073.85618,19577
DOTUSDT,1762484400000,2.785,2.821,2.778,2.797,748619.55,1762487999999,2098248.18259,15225
DOTUSDT,1762488000000,2.797,2.816,2.743,2.762,717256.58,1762491599999,1992815.67826,13602
DOTUSDT,1762491600000,2.762,2.832,2.761,2.83,589096.02,1762495199999,1649597.764,10627
DOTUSDT,1762495200000,2.829,2.861,2.801,2.807,642387.81,1762498799999,1820707.69111,9976
DOTUSDT,1762498800000,2.806,2.857,2.787,2.853,520878.03,1762502399999,1469870.60777,8908
DOTUSDT,1762502400000,2.854,2.857,2.827,2.836,602880.41,1762505999999,1711898.22506,8253
DOTUSDT,1762506000000,2.836,2.844,2.777,2.83,740903.57,1762509599999,2080866.80707,11118
DOTUSDT,1762509600000,2.831,2.858,2.806,2.82,772436.47,1762513199999,2187782.49819,11902
DOTUSDT,1762513200000,2.819,2.819,2.745,2.786,978872.8,1762516799999,2718342.34707,17690
DOTUSDT,1762516800000,2.785,2.792,2.706,2.736,688562.17,1762520399999,1889876.6311,13530
DOTUSDT,1762520400000,2.736,2.786,2.722,2.77,493212.45,1762523999999,1359952.60505,12590
DOTUSDT,1762524000000,2.769,2.833,2.726,2.823,1100508.71,1762527599999,3059065.14973,25153
DOTUSDT,1762527600000,2.823,2.91,2.787,2.892,1491289.84,1762531199999,4245780.86286,34093
DOTUSDT,1762531200000,2.892,3.157,2.881,3.109,4235137.92,1762534799999,12805629.51601,82081
DOTUSDT,1762534800000,3.109,3.21,3.081,3.204,3132646.27,1762538399999,9853289.14461,76612
DOTUSDT,1762538400000,3.203,3.34,3.183,3.25,3286048.95,1762541999999,10757470.96873,72659
DOTUSDT,1762542000000,3.251,3.291,3.221,3.264,1079954.2,1762545599999,3518335.15424,33391
DOTUSDT,1762545600000,3.263,3.29,3.193,3.205,995399.65,1762549199999,3215894.03865,23881
DOTUSDT,1762549200000,3.205,3.278,3.198,3.264,684816.61,1762552799999,2220472.46142,13060
DOTUSDT,1762552800000,3.264,3.28,3.227,3.268,590132.96,1762556399999,1921009.99297,7873
DOTUSDT,1762556400000,3.268,3.297,3.212,3.254,1130598.25,1762559999999,3681619.87137,18344
DOTUSDT,1762560000000,3.254,3.313,3.193,3.197,1314904.13,1762563599999,4295059.36832,22955
DOTUSDT,1762563600000,3.198,3.41,3.191,3.383,2349962.07,1762567199999,7825709.09325,35154
DOTUSDT,1762567200000,3.384,3.533,3.38,3.442,3834115.41,1762570799999,13285194.44957,54519
DOTUSDT,1762570800000,3.442,3.47,3.369,3.371,1249261.94,1762574399999,4275641.68797,24323
DOTUSDT,1762574400000,3.372,3.44,3.37,3.422,606193.14,1762577999999,2059764.6016,15931
DOTUSDT,1762578000000,3.421,3.46,3.308,3.331,2231152.62,1762581599999,7559967.32149,29258
DOTUSDT,1762581600000,3.331,3.351,3.261,3.287,1365199.05,1762585199999,4503347.76068,26018
DOTUSDT,1762585200000,3.287,3.295,3.222,3.256,712895.03,1762588799999,2319670.60182,17270
DOTUSDT,1762588800000,3.256,3.318,3.232,3.297,696128.0,1762592399999,2281027.25691,14058
DOTUSDT,1762592400000,3.297,3.297,3.216,3.226,667911.58,1762595999999,2175731.88569,10468
DOTUSDT,1762596000000,3.226,3.245,3.209,3.241,488379.63,1762599599999,1575074.56708,8830
DOTUSDT,1762599600000,3.24,3.287,3.235,3.277,759003.07,1762603199999,2472495.87804,13066
DOTUSDT,1762603200000,3.277,3.286,3.242,3.282,520719.02,1762606799999,1701922.40861,11578
DOTUSDT,1762606800000,3.282,3.291,3.23,3.233,545749.91,1762610399999,1780821.85554,13406
DOTUSDT,1762610400000,3.233,3.26,3.155,3.189,1634150.82,1762613999999,5223540.13723,28601
DOTUSDT,1762614000000,3.189,3.2,3.117,3.126,766006.32,1762617599999,2417229.12032,17272
DOTUSDT,1762617600000,3.126,3.171,3.086,3.153,916840.48,1762621199999,2864912.08444,19573
DOTUSDT,1762621200000,3.154,3.229,3.148,3.207,550568.48,1762624799999,1758994.96352,11945
DOTUSDT,1762624800000,3.208,3.231,3.193,3.209,483841.52,1762628399999,1551197.93039,6414
DOTUSDT,1762628400000,3.209,3.211,3.141,3.162,348871.03,1762631999999,1104197.22258,8414
DOTUSDT,1762632000000,3.163,3.228,3.148,3.2,598156.11,1762635599999,1908201.5157,8165
DOTUSDT,1762635600000,3.199,3.207,3.179,3.202,148321.28,1762639199999,473575.11971,3782
DOTUSDT,1762639200000,3.202,3.231,3.199,3.22,347541.8,1762642799999,1118618.58654,6578
DOTUSDT,1762642800000,3.22,3.256,3.216,3.252,195550.5,1762646399999,632941.46378,5845
DOTUSDT,1762646400000,3.252,3.3,3.224,3.255,812058.51,1762649999999,2651803.07031,20195
DOTUSDT,1762650000000,3.255,3.31,3.251,3.273,620100.69,1762653599999,2036531.03364,15127
DOTUSDT,1762653600000,3.273,3.281,3.183,3.197,808423.66,1762657199999,2600679.01506,13902
DOTUSDT,1762657200000,3.196,3.212,3.125,3.132,1393659.7,1762660799999,4392901.32253,15995
DOTUSDT,1762660800000,3.132,3.169,3.113,3.116,552587.47,1762664399999,1736397.89598,9083
DOTUSDT,1762664400000,3.116,3.116,3.085,3.105,445081.55,1762667999999,1381038.60622,7585
DOTUSDT,1762668000000,3.105,3.142,3.089,3.138,257390.72,1762671599999,802329.6472,5553
DOTUSDT,1762671600000,3.138,3.164,3.129,3.146,264031.54,1762675199999,830354.69109,5955
DOTUSDT,1762675200000,3.146,3.146,3.107,3.115,240513.13,1762678799999,750837.36192,4744
DOTUSDT,1762678800000,3.116,3.135,3.064,3.07,452868.29,1762682399999,1402778.08004,7638
DOTUSDT,1762682400000,3.07,3.085,3.037,3.084,670242.92,1762685999999,2050213.82289,11493
DOTUSDT,1762686000000,3.084,3.173,3.083,3.146,623184.33,1762689599999,1950470.13831,13301
DOTUSDT,1762689600000,3.146,3.167,3.128,3.141,436857.55,1762693199999,1375262.69856,7556
DOTUSDT,1762693200000,3.141,3.22,3.129,3.196,754060.06,1762696799999,2400265.53395,12910
DOTUSDT,1762696800000,3.195,3.246,3.171,3.206,792411.33,1762700399999,2548899.16372,17424
DOTUSDT,1762700400000,3.206,3.265,3.201,3.239,622298.82,1762703999999,2014970.17518,12341
DOTUSDT,1762704000000,3.239,3.253,3.194,3.218,717270.86,1762707599999,2316275.5036,11440
DOTUSDT,1762707600000,3.218,3.219,3.163,3.176,489816.37,1762711199999,1558903.54289,7426
DOTUSDT,1762711200000,3.177,3.245,3.159,3.237,440165.77,1762714799999,1410077.03691,7995
DOTUSDT,1762714800000,3.236,3.239,3.204,3.226,337788.87,1762718399999,1087350.98945,6959
DOTUSDT,1762718400000,3.226,3.226,3.183,3.192,268374.59,1762721999999,858252.88819,6377
DOTUSDT,1762722000000,3.192,3.207,3.184,3.191,193134.59,1762725599999,617025.37609,4341
DOTUSDT,1762725600000,3.192,3.231,3.179,3.219,267443.45,1762729199999,857074.29341,3945
DOTUSDT,1762729200000,3.22,3.25,3.201,3.232,487861.63,1762732799999,1572422.65406,8995
DOTUSDT,1762732800000,3.232,3.273,3.202,3.24,723625.16,1762736399999,2347670.05369,13253
DOTUSDT,1762736400000,3.239,3.267,3.21,3.215,493942.02,1762739999999,1598167.47535,11020
DOTUSDT,1762740000000,3.215,3.237,3.201,3.227,205690.28,1762743599999,661973.70683,5269
DOTUSDT,1762743600000,3.228,3.272,3.228,3.258,383334.31,1762747199999,1247397.70662,7837
DOTUSDT,1762747200000,3.257,3.265,3.219,3.235,281144.5,1762750799999,910295.90051,6041
DOTUSDT,1762750800000,3.236,3.251,3.215,3.244,274767.76,1762754399999,889224.44169,5372
DOTUSDT,1762754400000,3.245,3.281,3.236,3.259,973850.57,1762757999999,3179333.53307,13218
DOTUSDT,1762758000000,3.259,3.268,3.24,3.259,283784.51,1762761599999,923570.77453,5384
DOTUSDT,1762761600000,3.26,3.263,3.209,3.229,333286.57,1762765199999,1078413.06035,6829
DOTUSDT,1762765200000,3.23,3.275,3.193,3.268,1225320.37,1762768799999,3939970.61394,14025
DOTUSDT,1762768800000,3.268,3.278,3.216,3.227,236579.34,1762772399999,767071.65383,6170
DOTUSDT,1762772400000,3.227,3.265,3.225,3.255,384118.69,1762775999999,1249533.13452,5680
DOTUSDT,1762776000000,3.255,3.274,3.228,3.238,398881.83,1762779599999,1295910.56579,6808
DOTUSDT,1762779600000,3.237,3.316,3.237,3.284,487324.59,1762783199999,1599342.10359,9894
DOTUSDT,1762783200000,3.284,3.292,3.164,3.19,1285780.47,1762786799999,4137243.03576,19257
DOTUSDT,1762786800000,3.189,3.242,3.159,3.171,1393940.6,1762790399999,4452742.93114,21918
DOTUSDT,1762790400000,3.17,3.186,3.125,3.145,2169889.15,1762793999999,6834142.12777,26091
DOTUSDT,1762794000000,3.146,3.209,3.144,3.197,443339.24,1762797599999,1411601.12361,9360
DOTUSDT,1762797600000,3.196,3.223,3.186,3.191,195417.6,1762801199999,626066.66654,7050
DOTUSDT,1762801200000,3.191,3.254,3.184,3.224,271757.4,1762804799999,875099.08681,8326
DOTUSDT,1762804800000,3.224,3.263,3.224,3.243,319895.2,1762808399999,1039352.87013,7504
DOTUSDT,1762808400000,3.243,3.244,3.203,3.237,491172.62,1762811999999,1581101.61729,8606
DOTUSDT,1762812000000,3.238,3.306,3.194,3.295,430442.96,1762815599999,1402208.74319,9431
DOTUSDT,1762815600000,3.295,3.3,3.253,3.266,283541.65,1762819199999,927581.75286,6552
DOTUSDT,1762819200000,3.267,3.279,3.217,3.249,360897.7,1762822799999,1169681.71048,7652
DOTUSDT,1762822800000,3.248,3.387,3.248,3.261,1487810.56,1762826399999,4937860.76132,27062
DOTUSDT,1762826400000,3.261,3.34,3.247,3.309,655562.92,1762829999999,2164053.3157,18249
DOTUSDT,1762830000000,3.308,3.33,3.296,3.315,310571.79,1762833599999,1028440.90644,8214
DOTUSDT,1762833600000,3.314,3.325,3.25,3.254,423739.2,1762837199999,1387153.32687,7757
DOTUSDT,1762837200000,3.254,3.254,3.198,3.209,340654.95,1762840799999,1096496.45804,9406
DOTUSDT,1762840800000,3.208,3.224,3.191,3.206,254633.83,1762844399999,816692.21937,7955
DOTUSDT,1762844400000,3.205,3.206,3.146,3.148,724320.19,1762847999999,2298482.49508,11826
DOTUSDT,1762848000000,3.148,3.176,3.138,3.163,364262.43,1762851599999,1149462.41864,7531
DOTUSDT,1762851600000,3.163,3.189,3.15,3.151,278289.14,1762855199999,882575.00856,6129
DOTUSDT,1762855200000,3.15,3.171,3.148,3.161,175174.97,1762858799999,553345.68347,4192
DOTUSDT,1762858800000,3.162,3.2,3.155,3.167,1557987.0,1762862399999,4955229.33967,14581
DOTUSDT,1762862400000,3.167,3.19,3.155,3.175,324234.86,1762865999999,1027979.66583,7018
DOTUSDT,1762866000000,3.176,3.21,3.165,3.168,337816.0,1762869599999,1077275.65893,8316
DOTUSDT,1762869600000,3.169,3.22,3.153,3.215,337324.22,1762873199999,1071136.9508,10941
DOTUSDT,1762873200000,3.215,3.215,3.177,3.188,401489.1,1762876799999,1283059.10128,12970
DOTUSDT,1762876800000,3.188,3.218,3.175,3.198,408193.19,1762880399999,1305536.88554,10994
DOTUSDT,1762880400000,3.198,3.224,3.169,3.196,299226.82,1762883999999,958827.48628,8162
DOTUSDT,1762884000000,3.196,3.206,3.155,3.165,183371.35,1762887599999,581735.66733,5959
DOTUSDT,1762887600000,3.164,3.164,3.121,3.127,317462.05,1762891199999,997697.44581,6735
DOTUSDT,1762891200000,3.127,3.135,3.079,3.091,579250.81,1762894799999,1796521.12188,11214
DOTUSDT,1762894800000,3.091,3.115,3.064,3.075,294827.98,1762898399999,910981.78501,7577
DOTUSDT,1762898400000,3.075,3.121,3.055,3.113,191976.9,1762901999999,593347.23794,4806
DOTUSDT,1762902000000,3.113,3.113,3.041,3.054,693923.69,1762905599999,2129845.73691,8948
DOTUSDT,1762905600000,3.055,3.08,3.037,3.04,230128.35,1762909199999,703666.25272,8681
DOTUSDT,1762909200000,3.039,3.088,3.037,3.07,248799.71,1762912799999,764144.45752,5694
DOTUSDT,1762912800000,3.069,3.083,3.039,3.067,235906.51,1762916399999,721505.81445,5222
DOTUSDT,1762916400000,3.068,3.093,3.063,3.087,150169.89,1762919999999,462743.30743,3579
DOTUSDT,1762920000000,3.088,3.094,3.064,3.087,302595.58,1762923599999,930669.4078,4168
DOTUSDT,1762923600000,3.087,3.1,3.077,3.086,109872.49,1762927199999,339241.40483,3079
DOTUSDT,1762927200000,3.085,3.104,3.079,3.081,112258.53,1762930799999,346700.64227,2432
DOTUSDT,1762930800000,3.08,3.088,3.055,3.059,129166.97,1762934399999,396825.16129,2664
DOTUSDT,1762934400000,3.059,3.128,3.059,3.112,334950.51,1762937999999,1034648.74194,6014
DOTUSDT,1762938000000,3.113,3.146,3.109,3.132,232042.72,1762941599999,726739.43754,3833
DOTUSDT,1762941600000,3.132,3.14,3.106,3.11,705405.29,1762945199999,2199753.62952,7376
DOTUSDT,1762945200000,3.11,3.118,3.084,3.091,731643.37,1762948799999,2268982.21097,9254
DOTUSDT,1762948800000,3.092,3.111,3.072,3.084,696552.98,1762952399999,2150742.05108,8909
DOTUSDT,1762952400000,3.085,3.119,3.071,3.118,432697.29,1762955999999,1340381.88626,7478
DOTUSDT,1762956000000,3.117,3.123,3.011,3.054,731901.59,1762959599999,2249976.27253,13739
DOTUSDT,1762959600000,3.053,3.075,2.946,2.964,1151984.16,1762963199999,3455980.00932,18341
DOTUSDT,1762963200000,2.963,2.972,2.895,2.907,926401.51,1762966799999,2711803.74223,15865
DOTUSDT,1762966800000,2.907,2.953,2.888,2.94,540673.15,1762970399999,1575587.67253,9509
DOTUSDT,1762970400000,2.941,2.946,2.912,2.912,274194.3,1762973999999,803617.95798,4009
DOTUSDT,1762974000000,2.912,2.917,2.876,2.901,418937.53,1762977599999,1213762.62777,6908
DOTUSDT,1762977600000,2.902,2.94,2.894,2.926,185598.65,1762981199999,542200.76146,2956
DOTUSDT,1762981200000,2.927,2.939,2.922,2.931,155936.49,1762984799999,456854.99134,1989
DOTUSDT,1762984800000,2.931,2.94,2.914,2.938,105450.01,1762988399999,308785.93556,1732
DOTUSDT,1762988400000,2.937,2.937,2.915,2.927,210323.1,1762991999999,614642.54891,2307
DOTUSDT,1762992000000,2.928,2.948,2.917,2.93,134687.33,1762995599999,394671.05517,2513
DOTUSDT,1762995600000,2.929,2.977,2.928,2.962,306035.13,1762999199999,904565.82524,4013
DOTUSDT,1762999200000,2.962,2.972,2.946,2.952,106521.41,1763002799999,315745.0416,1700
DOTUSDT,1763002800000,2.952,3.01,2.912,2.988,254557.32,1763006399999,754174.47542,5634
DOTUSDT,1763006400000,2.989,3.01,2.969,2.998,246962.74,1763009999999,737885.61501,4135
DOTUSDT,1763010000000,2.997,3.034,2.978,3.025,210727.71,1763013599999,633531.00725,3028
DOTUSDT,1763013600000,3.025,3.045,3.016,3.024,154523.43,1763017199999,468503.29098,2223
DOTUSDT,1763017200000,3.023,3.025,2.972,2.978,374048.62,1763020799999,1122944.30578,4093
DOTUSDT,1763020800000,2.979,3.004,2.971,2.989,301589.25,1763024399999,901767.22083,3205
DOTUSDT,1763024400000,2.99,2.994,2.954,2.969,234235.93,1763027999999,696341.99036,3845
DOTUSDT,1763028000000,2.97,3.001,2.97,2.978,187712.78,1763031599999,559979.95637,2683
DOTUSDT,1763031600000,2.979,3.01,2.978,2.999,185703.59,1763035199999,556539.70667,2645
DOTUSDT,1763035200000,3.0,3.008,2.989,3.006,193696.12,1763038799999,581070.43834,2683
DOTUSDT,1763038800000,3.006,3.012,2.974,2.991,243920.03,1763042399999,730266.06215,3708
DOTUSDT,1763042400000,2.992,3.045,2.958,3.025,570722.11,1763045999999,1710778.70276,11881
DOTUSDT,1763046000000,3.025,3.038,2.934,2.972,536471.94,1763049599999,1601885.31804,10202
DOTUSDT,1763049600000,2.971,2.983,2.91,2.916,399672.47,1763053199999,1177304.71544,8673
DOTUSDT,1763053200000,2.916,2.934,2.857,2.86,518272.96,1763056799999,1503613.25498,11175
DOTUSDT,1763056800000,2.861,2.864,2.792,2.826,1776633.35,1763060399999,5019130.97236,26613
DOTUSDT,1763060400000,2.826,2.851,2.776,2.793,608696.53,1763063999999,1713083.60812,12905
DOTUSDT,1763064000000,2.793,2.815,2.765,2.791,484851.5,1763067599999,1351773.89007,11268
DOTUSDT,1763067600000,2.791,2.804,2.763,2.786,230817.12,1763071199999,642182.30968,6039
DOTUSDT,1763071200000,2.785,2.857,2.78,2.851,320218.19,1763074799999,906158.94161,7252
DOTUSDT,1763074800000,2.851,2.878,2.838,2.853,232981.59,1763078399999,666541.45144,5859
DOTUSDT,1763078400000,2.853,2.883,2.829,2.842,312206.62,1763081999999,890486.22342,9550
DOTUSDT,1763082000000,2.843,2.863,2.831,2.836,189301.47,1763085599999,538722.534,5313
DOTUSDT,1763085600000,2.837,2.869,2.836,2.855,200753.02,1763089199999,573287.36727,5361
DOTUSDT,1763089200000,2.855,2.872,2.838,2.855,420851.13,1763092799999,1203090.42065,6913
DOTUSDT,1763092800000,2.856,2.856,2.749,2.824,794215.69,1763096399999,2223475.89599,18135
DOTUSDT,1763096400000,2.824,2.886,2.823,2.883,460962.66,1763099999999,1316344.41807,11347
DOTUSDT,1763100000000,2.883,2.918,2.839,2.916,529998.07,1763103599999,1522953.30431,12552
DOTUSDT,1763103600000,2.915,2.921,2.881,2.891,385439.46,1763107199999,1117632.7762,9992
DOTUSDT,1763107200000,2.891,2.897,2.854,2.865,322599.93,1763110799999,927224.53722,6900
DOTUSDT,1763110800000,2.866,2.873,2.818,2.828,460845.19,1763114399999,1309810.56048,7831
DOTUSDT,1763114400000,2.828,2.866,2.828,2.864,226453.26,1763117999999,646307.276,4730
DOTUSDT,1763118000000,2.863,2.863,2.822,2.835,374463.38,1763121599999,1063858.45948,8199
DOTUSDT,1763121600000,2.835,2.84,2.764,2.831,838125.28,1763125199999,2345168.06213,19953
DOTUSDT,1763125200000,2.832,2.849,2.802,2.832,401204.49,1763128799999,1133426.87245,12201
DOTUSDT,1763128800000,2.831,2.888,2.798,2.866,738647.11,1763132399999,2102935.76397,19284
DOTUSDT,1763132400000,2.865,2.897,2.843,2.858,351725.62,1763135999999,1007851.3346,11477
DOTUSDT,1763136000000,2.859,2.893,2.847,2.881,363727.63,1763139599999,1044584.71124,8693
DOTUSDT,1763139600000,2.881,2.893,2.841,2.855,234704.6,1763143199999,674243.74717,5110
DOTUSDT,1763143200000,2.854,2.887,2.845,2.851,334450.84,1763146799999,959521.38505,6693
DOTUSDT,1763146800000,2.85,2.896,2.845,2.884,264533.32,1763150399999,760635.0851,5908
DOTUSDT,1763150400000,2.885,2.888,2.794,2.812,285856.69,1763153999999,810808.42398,8118
DOTUSDT,1763154000000,2.813,2.862,2.799,2.859,1062285.18,1763157599999,3019872.20982,12851
DOTUSDT,1763157600000,2.86,2.89,2.84,2.853,528508.06,1763161199999,1516821.66935,8222
DOTUSDT,1763161200000,2.853,2.853,2.774,2.815,608115.89,1763164799999,1707582.52742,11986
DOTUSDT,1763164800000,2.815,2.854,2.813,2.847,150439.5,1763168399999,426700.88517,5517
DOTUSDT,1763168400000,2.847,2.882,2.832,2.873,171093.79,1763171999999,490097.97339,4808
DOTUSDT,1763172000000,2.874,2.891,2.862,2.89,134806.61,1763175599999,387703.53696,3444
DOTUSDT,1763175600000,2.891,2.907,2.881,2.884,235773.19,1763179199999,681479.46029,4404
DOTUSDT,1763179200000,2.885,2.9,2.873,2.876,121212.1,1763182799999,349677.63965,3073
DOTUSDT,1763182800000,2.876,2.905,2.872,2.902,158970.26,1763186399999,458666.0679,3091
DOTUSDT,1763186400000,2.902,2.949,2.897,2.928,553498.95,1763189999999,1617551.19451,6523
DOTUSDT,1763190000000,2.927,2.928,2.908,2.915,91760.24,1763193599999,267773.63454,2964
DOTUSDT,1763193600000,2.916,2.917,2.859,2.866,272915.88,1763197199999,788235.53096,6026
DOTUSDT,1763197200000,2.865,2.894,2.858,2.867,180241.26,1763200799999,518290.05438,3869
DOTUSDT,1763200800000,2.867,2.89,2.856,2.89,110123.57,1763204399999,316145.69167,3158
DOTUSDT,1763204400000,2.89,2.897,2.849,2.857,396914.59,1763207999999,1135574.24177,4484
DOTUSDT,1763208000000,2.857,2.899,2.849,2.895,135980.03,1763211599999,391028.95662,3493
DOTUSDT,1763211600000,2.895,2.93,2.891,2.91,257459.39,1763215199999,749986.07728,5948
DOTUSDT,1763215200000,2.91,2.91,2.872,2.877,220845.0,1763218799999,637918.90267,3977
DOTUSDT,1763218800000,2.877,2.883,2.866,2.869,151457.74,1763222399999,435288.74622,3208
DOTUSDT,1763222400000,2.868,2.872,2.841,2.872,461041.14,1763225999999,1316607.91795,5189
DOTUSDT,1763226000000,2.872,2.891,2.861,2.883,154064.09,1763229599999,442502.1502,4030
DOTUSDT,1763229600000,2.884,2.892,2.867,2.872,98429.73,1763233199999,283473.97715,2296
DOTUSDT,1763233200000,2.872,2.875,2.859,2.864,76754.64,1763236799999,220059.36806,1676
DOTUSDT,1763236800000,2.864,2.869,2.841,2.842,178030.0,1763240399999,508323.47593,3140
DOTUSDT,1763240400000,2.841,2.862,2.82,2.825,246727.74,1763243999999,700564.31732,3982
DOTUSDT,1763244000000,2.825,2.853,2.822,2.851,151669.98,1763247599999,430541.85181,2532
DOTUSDT,1763247600000,2.85,2.851,2.83,2.832,128863.23,1763251199999,366141.38331,1855
DOTUSDT,1763251200000,2.832,2.838,2.803,2.824,227987.56,1763254799999,642283.29904,4363
DOTUSDT,1763254800000,2.823,2.83,2.784,2.817,245689.62,1763258399999,689658.53377,6169
DOTUSDT,1763258400000,2.816,2.864,2.809,2.86,165410.67,1763261999999,469790.48251,4779
DOTUSDT,1763262000000,2.86,2.878,2.853,2.871,84361.0,1763265599999,241800.6296,2425
DOTUSDT,1763265600000,2.871,2.875,2.851,2.862,84458.86,1763269199999,241546.41069,2205
DOTUSDT,1763269200000,2.861,2.883,2.861,2.864,73685.99,1763272799999,211769.52485,2546
DOTUSDT,1763272800000,2.864,2.878,2.857,2.859,136849.58,1763276399999,392511.57276,2218
DOTUSDT,1763276400000,2.859,2.877,2.854,2.877,131664.57,1763279999999,377046.69696,2326
DOTUSDT,1763280000000,2.878,2.881,2.855,2.867,99509.14,1763283599999,284962.89357,2217
DOTUSDT,1763283600000,2.868,2.895,2.859,2.895,147573.48,1763287199999,424780.88415,3358
DOTUSDT,1763287200000,2.895,2.899,2.884,2.891,150669.22,1763290799999,435814.56151,2995
DOTUSDT,1763290800000,2.891,2.896,2.82,2.826,279119.69,1763294399999,795966.67556,6631
DOTUSDT,1763294400000,2.826,2.844,2.81,2.834,238676.38,1763297999999,675116.22197,4648
DOTUSDT,1763298000000,2.834,2.843,2.794,2.808,330575.22,1763301599999,931470.67748,5182
DOTUSDT,1763301600000,2.808,2.834,2.802,2.828,166622.04,1763305199999,469301.60971,4006
DOTUSDT,1763305200000,2.828,2.832,2.769,2.775,324688.71,1763308799999,909001.69126,6907
DOTUSDT,1763308800000,2.775,2.793,2.718,2.731,504087.81,1763312399999,1388268.43057,13115
DOTUSDT,1763312400000,2.73,2.742,2.695,2.732,728950.87,1763315999999,1982840.9601,11842
DOTUSDT,1763316000000,2.732,2.796,2.723,2.733,521914.3,1763319599999,1440892.18779,12341
DOTUSDT,1763319600000,2.732,2.776,2.732,2.74,245451.24,1763323199999,676095.41566,5236
DOTUSDT,1763323200000,2.74,2.772,2.736,2.749,99849.42,1763326799999,275056.27922,3185
DOTUSDT,1763326800000,2.748,2.752,2.715,2.747,199003.69,1763330399999,543285.65357,4874
DOTUSDT,1763330400000,2.748,2.786,2.721,2.773,253060.72,1763333999999,697356.10381,6297
DOTUSDT,1763334000000,2.774,2.804,2.721,2.784,332881.94,1763337599999,922256.47373,11660
DOTUSDT,1763337600000,2.785,2.839,2.773,2.829,383020.28,1763341199999,1076180.80965,9775
DOTUSDT,1763341200000,2.83,2.83,2.792,2.798,192579.04,1763344799999,540872.76993,4597
DOTUSDT,1763344800000,2.799,2.82,2.791,2.817,160119.04,1763348399999,449535.55656,3902
DOTUSDT,1763348400000,2.818,2.843,2.817,2.824,413696.8,1763351999999,1169208.40585,5790
DOTUSDT,1763352000000,2.824,2.835,2.812,2.815,148563.66,1763355599999,419364.33224,3235
DOTUSDT,1763355600000,2.815,2.821,2.808,2.814,128030.55,1763359199999,360266.8948,2483
DOTUSDT,1763359200000,2.814,2.835,2.806,2.835,121068.92,1763362799999,341311.51429,2574
DOTUSDT,1763362800000,2.836,2.843,2.827,2.834,150170.64,1763366399999,425619.03307,3727
DOTUSDT,1763366400000,2.834,2.84,2.824,2.826,108258.96,1763369999999,306552.82642,2480
DOTUSDT,1763370000000,2.826,2.84,2.813,2.814,788713.7,1763373599999,2228738.08173,7112
DOTUSDT,1763373600000,2.815,2.826,2.81,2.813,184575.29,1763377199999,519742.18821,3707
DOTUSDT,1763377200000,2.812,2.844,2.809,2.831,203610.48,1763380799999,576343.15845,4693
DOTUSDT,1763380800000,2.831,2.833,2.818,2.825,183458.67,1763384399999,518273.01911,3366
DOTUSDT,1763384400000,2.825,2.829,2.739,2.759,427125.33,1763387999999,1188285.80117,9536
DOTUSDT,1763388000000,2.759,2.867,2.746,2.811,942510.95,1763391599999,2647992.01588,25296
DOTUSDT,1763391600000,2.811,2.825,2.763,2.774,463767.69,1763395199999,1293992.12023,14831
DOTUSDT,1763395200000,2.774,2.795,2.717,2.795,478783.04,1763398799999,1317375.33211,13105
DOTUSDT,1763398800000,2.794,2.798,2.712,2.719,271530.28,1763402399999,747534.33649,8050
DOTUSDT,1763402400000,2.72,2.744,2.672,2.695,713859.99,1763405999999,1927904.94153,17183
DOTUSDT,1763406000000,2.694,2.706,2.641,2.652,607964.73,1763409599999,1621536.0659,13577
DOTUSDT,1763409600000,2.652,2.673,2.627,2.66,482890.86,1763413199999,1278850.24071,11634
DOTUSDT,1763413200000,2.66,2.68,2.63,2.656,298212.08,1763416799999,791930.28513,7245
DOTUSDT,1763416800000,2.657,2.683,2.645,2.668,221279.1,1763420399999,590912.77857,4190
DOTUSDT,1763420400000,2.669,2.67,2.648,2.666,185444.59,1763423999999,492774.22458,2708
DOTUSDT,1763424000000,2.666,2.682,2.617,2.678,606080.86,1763427599999,1611269.75077,9404
DOTUSDT,1763427600000,2.678,2.697,2.672,2.686,188979.5,1763431199999,507691.80786,5039
DOTUSDT,1763431200000,2.687,2.736,2.656,2.691,682255.4,1763434799999,1840807.25908,12655
DOTUSDT,1763434800000,2.691,2.748,2.659,2.737,627626.26,1763438399999,1695685.93013,17801
DOTUSDT,1763438400000,2.738,2.755,2.703,2.75,458138.87,1763441999999,1247243.08547,9959
DOTUSDT,1763442000000,2.75,2.764,2.727,2.735,183879.07,1763445599999,505081.39208,4300
DOTUSDT,1763445600000,2.735,2.74,2.708,2.713,153382.26,1763449199999,417686.4569,3108
DOTUSDT,1763449200000,2.713,2.734,2.7,2.725,340344.44,1763452799999,925460.14788,5714
DOTUSDT,1763452800000,2.725,2.756,2.723,2.745,308766.65,1763456399999,845827.78999,6164
DOTUSDT,1763456400000,2.744,2.752,2.716,2.725,1039244.14,1763459999999,2833908.06467,14440
DOTUSDT,1763460000000,2.725,2.732,2.708,2.729,206537.52,1763463599999,562034.507,5433
DOTUSDT,1763463600000,2.728,2.729,2.705,2.712,230561.67,1763467199999,625939.34553,3996
DOTUSDT,1763467200000,2.713,2.723,2.693,2.715,231230.73,1763470799999,626168.29005,5032
DOTUSDT,1763470800000,2.714,2.715,2.686,2.707,149579.94,1763474399999,404203.41126,3823
DOTUSDT,1763474400000,2.707,2.748,2.697,2.702,365129.09,1763477999999,993904.3476,9611
DOTUSDT,1763478000000,2.701,2.77,2.689,2.75,443984.42,1763481599999,1217344.73526,11760
DOTUSDT,1763481600000,2.749,2.802,2.74,2.787,345262.9,1763485199999,958893.65373,9106
DOTUSDT,1763485200000,2.788,2.794,2.761,2.771,212321.26,1763488799999,589109.79339,4386
DOTUSDT,1763488800000,2.771,2.802,2.769,2.783,203202.55,1763492399999,566490.6474,3516
DOTUSDT,1763492400000,2.782,2.8,2.772,2.781,231942.44,1763495999999,645691.4898,3787
DOTUSDT,1763496000000,2.782,2.787,2.764,2.764,89569.87,1763499599999,248580.2699,2948
DOTUSDT,1763499600000,2.764,2.77,2.733,2.735,141125.58,1763503199999,388262.16107,2834
DOTUSDT,1763503200000,2.735,2.778,2.735,2.77,140399.54,1763506799999,388018.52516,2878
DOTUSDT,1763506800000,2.769,2.772,2.749,2.755,76267.32,1763510399999,210234.7014,2197
DOTUSDT,1763510400000,2.755,2.756,2.718,2.749,178900.37,1763513999999,489954.13271,4305
DOTUSDT,1763514000000,2.75,2.764,2.734,2.748,209960.02,1763517599999,576820.62402,3513
DOTUSDT,1763517600000,2.749,2.767,2.743,2.751,83315.64,1763521199999,229369.05018,2250
DOTUSDT,1763521200000,2.75,2.755,2.71,2.717,177263.91,1763524799999,483201.49167,3382
DOTUSDT,1763524800000,2.716,2.723,2.702,2.703,145677.51,1763528399999,395038.58216,3003
DOTUSDT,1763528400000,2.702,2.705,2.642,2.661,468875.39,1763531999999,1250641.06308,7326
DOTUSDT,1763532000000,2.661,2.689,2.654,2.687,192735.32,1763535599999,514716.9835,4576
DOTUSDT,1763535600000,2.687,2.712,2.681,2.708,206355.48,1763539199999,556249.60505,3078
DOTUSDT,1763539200000,2.708,2.724,2.701,2.703,149189.3,1763542799999,404082.04394,2849
DOTUSDT,1763542800000,2.703,2.716,2.691,2.713,221671.92,1763546399999,598851.97012,3787
DOTUSDT,1763546400000,2.713,2.731,2.708,2.715,182193.14,1763549999999,495977.72827,4128
DOTUSDT,1763550000000,2.715,2.722,2.703,2.705,122547.55,1763553599999,332450.57732,3271
DOTUSDT,1763553600000,2.704,2.73,2.699,2.73,297464.77,1763557199999,808360.25687,6798
DOTUSDT,1763557200000,2.73,2.733,2.697,2.698,175044.3,1763560799999,474738.90353,3325
DOTUSDT,1763560800000,2.698,2.706,2.671,2.701,415255.2,1763564399999,1116774.29766,10515
DOTUSDT,1763564400000,2.702,2.738,2.641,2.646,489382.03,1763567999999,1314215.6267,11210
DOTUSDT,1763568000000,2.645,2.666,2.605,2.616,384548.02,1763571599999,1012876.40248,10231
DOTUSDT,1763571600000,2.616,2.628,2.57,2.612,447588.7,1763575199999,1164298.21489,10516
DOTUSDT,1763575200000,2.611,2.621,2.569,2.59,422258.77,1763578799999,1094624.4506,9895
DOTUSDT,1763578800000,2.591,2.608,2.58,2.594,285783.24,1763582399999,740477.28782,6926
DOTUSDT,1763582400000,2.594,2.636,2.585,2.632,252850.77,1763585999999,660449.53034,5839
DOTUSDT,1763586000000,2.633,2.687,2.625,2.681,491504.26,1763589599999,1310583.31358,9733
DOTUSDT,1763589600000,2.68,2.681,2.654,2.664,161604.89,1763593199999,430525.83668,3358
DOTUSDT,1763593200000,2.663,2.701,2.663,2.692,224499.53,1763596799999,603731.97659,5542
DOTUSDT,1763596800000,2.693,2.694,2.671,2.674,337179.17,1763600399999,905025.49302,3808
DOTUSDT,1763600400000,2.675,2.697,2.671,2.693,194788.95,1763603999999,523053.76331,3725
DOTUSDT,1763604000000,2.692,2.709,2.69,2.707,278711.6,1763607599999,752815.18809,3946
DOTUSDT,1763607600000,2.706,2.714,2.7,2.705,77198.05,1763611199999,208867.76254,1668
DOTUSDT,1763611200000,2.705,2.736,2.698,2.735,228256.56,1763614799999,618788.70352,3194
DOTUSDT,1763614800000,2.735,2.743,2.72,2.723,224388.82,1763618399999,612452.46472,3467
DOTUSDT,1763618400000,2.723,2.727,2.71,2.722,172769.31,1763621999999,469951.48687,3019
DOTUSDT,1763622000000,2.722,2.745,2.716,2.741,218283.24,1763625599999,595768.99769,3276
DOTUSDT,1763625600000,2.741,2.752,2.736,2.751,165193.9,1763629199999,453336.63061,2547
DOTUSDT,1763629200000,2.751,2.77,2.747,2.759,325433.17,1763632799999,897164.28256,5292
DOTUSDT,1763632800000,2.759,2.763,2.738,2.757,176091.96,1763636399999,484487.06697,3603
DOTUSDT,1763636400000,2.757,2.766,2.746,2.757,130292.21,1763639999999,359187.25868,2829
DOTUSDT,1763640000000,2.757,2.8,2.752,2.799,262156.81,1763643599999,728042.01754,5249
DOTUSDT,1763643600000,2.8,2.82,2.78,2.785,403647.47,1763647199999,1129242.60632,8784
DOTUSDT,1763647200000,2.784,2.809,2.748,2.79,383175.8,1763650799999,1065483.38154,12841
DOTUSDT,1763650800000,2.79,2.791,2.722,2.726,334848.95,1763654399999,921167.87903,7370
DOTUSDT,1763654400000,2.725,2.727,2.583,2.597,1359527.92,1763657999999,3596044.95624,26185
DOTUSDT,1763658000000,2.597,2.61,2.544,2.556,951521.47,1763661599999,2438909.88172,26652
DOTUSDT,1763661600000,2.556,2.579,2.523,2.528,688102.96,1763665199999,1751629.02393,16328
DOTUSDT,1763665200000,2.528,2.559,2.503,2.554,818197.67,1763668799999,2073216.35872,11156
DOTUSDT,1763668800000,2.554,2.56,2.523,2.54,341164.45,1763672399999,865984.51019,5614
DOTUSDT,1763672400000,2.54,2.593,2.539,2.576,278761.84,1763675999999,716783.51135,5233
DOTUSDT,1763676000000,2.576,2.62,2.572,2.595,294091.94,1763679599999,765343.11547,5462
DOTUSDT,1763679600000,2.595,2.599,2.536,2.543,383093.65,1763683199999,980220.4406,6565
DOTUSDT,1763683200000,2.543,2.576,2.538,2.571,190375.56,1763686799999,487561.54552,5700
DOTUSDT,1763686800000,2.571,2.593,2.559,2.575,133119.63,1763690399999,343148.25914,3702
DOTUSDT,1763690400000,2.575,2.576,2.513,2.519,353683.47,1763693999999,900822.32882,7119
DOTUSDT,1763694000000,2.519,2.563,2.519,2.538,221413.66,1763697599999,563236.97096,6110
DOTUSDT,1763697600000,2.538,2.543,2.501,2.539,233063.44,1763701199999,587865.30144,5606
DOTUSDT,1763701200000,2.538,2.547,2.516,2.522,167898.81,1763704799999,425190.39934,3461
DOTUSDT,1763704800000,2.523,2.528,2.503,2.512,186954.05,1763708399999,470395.02589,4269
DOTUSDT,1763708400000,2.512,2.521,2.252,2.403,2429168.15,1763711999999,5831778.68333,44148
DOTUSDT,1763712000000,2.402,2.446,2.391,2.423,621123.59,1763715599999,1503809.81437,14341
DOTUSDT,1763715600000,2.423,2.441,2.358,2.364,952027.07,1763719199999,2281533.99519,14044
DOTUSDT,1763719200000,2.364,2.402,2.352,2.376,602453.43,1763722799999,1434941.75654,12245
DOTUSDT,1763722800000,2.376,2.396,2.338,2.345,458237.36,1763726399999,1083874.19627,7776
DOTUSDT,1763726400000,2.346,2.404,2.295,2.382,1165074.35,1763729999999,2732051.16859,21346
DOTUSDT,1763730000000,2.381,2.417,2.372,2.403,559738.23,1763733599999,1340088.18013,9830
DOTUSDT,1763733600000,2.402,2.433,2.375,2.414,720867.8,1763737199999,1731947.10329,13767
DOTUSDT,1763737200000,2.415,2.421,2.348,2.357,568793.06,1763740799999,1351781.22352,10234
DOTUSDT,1763740800000,2.358,2.414,2.327,2.413,637105.17,1763744399999,1503366.81088,12423
DOTUSDT,1763744400000,2.412,2.435,2.401,2.404,338157.58,1763747999999,818871.29158,6605
DOTUSDT,1763748000000,2.405,2.427,2.355,2.408,336073.43,1763751599999,802669.88671,6450
DOTUSDT,1763751600000,2.408,2.414,2.37,2.377,168432.57,1763755199999,402897.95653,3550
DOTUSDT,1763755200000,2.376,2.377,2.322,2.342,477958.25,1763758799999,1120247.17507,9607
DOTUSDT,1763758800000,2.342,2.385,2.327,2.373,319739.64,1763762399999,752544.78338,6514
DOTUSDT,1763762400000,2.374,2.379,2.295,2.296,372090.99,1763765999999,866732.54422,7456
DOTUSDT,1763766000000,2.296,2.356,2.273,2.348,406975.24,1763769599999,941469.14427,8172
DOTUSDT,1763769600000,2.348,2.356,2.318,2.336,259954.68,1763773199999,606341.79925,4761
DOTUSDT,1763773200000,2.337,2.357,2.336,2.355,116930.26,1763776799999,274535.1216,2871
DOTUSDT,1763776800000,2.356,2.357,2.315,2.328,163972.71,1763780399999,382742.58734,2925
DOTUSDT,1763780400000,2.328,2.342,2.316,2.323,170498.52,1763783999999,396967.42573,3529
DOTUSDT,1763784000000,2.325,2.325,2.27,2.302,386561.95,1763787599999,885211.65605,7284
DOTUSDT,1763787600000,2.303,2.307,2.264,2.287,295988.96,1763791199999,674549.69833,5625
DOTUSDT,1763791200000,2.287,2.317,2.266,2.316,285843.92,1763794799999,656179.71935,6249
DOTUSDT,1763794800000,2.316,2.323,2.296,2.313,267485.52,1763798399999,617933.26076,4709
DOTUSDT,1763798400000,2.312,2.315,2.274,2.278,273969.59,1763801999999,626632.37612,4319
DOTUSDT,1763802000000,2.278,2.319,2.277,2.306,251279.6,1763805599999,577802.0372,5004
DOTUSDT,1763805600000,2.306,2.317,2.287,2.297,116672.36,1763809199999,268297.01176,3158
DOTUSDT,1763809200000,2.297,2.321,2.291,2.316,146654.63,1763812799999,339120.15741,3618
DOTUSDT,1763812800000,2.315,2.315,2.28,2.288,177637.53,1763816399999,407529.56796,3742
DOTUSDT,1763816400000,2.288,2.292,2.257,2.271,370240.49,1763819999999,841222.95733,5542
DOTUSDT,1763820000000,2.271,2.314,2.27,2.307,290120.29,1763823599999,666471.48996,6096
DOTUSDT,1763823600000,2.306,2.31,2.276,2.288,304106.86,1763827199999,697161.93632,4364
DOTUSDT,1763827200000,2.288,2.316,2.28,2.308,293884.75,1763830799999,676396.68179,4422
DOTUSDT,1763830800000,2.308,2.309,2.287,2.292,190253.28,1763834399999,436873.86038,2945
DOTUSDT,1763834400000,2.292,2.303,2.283,2.299,175881.66,1763837999999,403301.74032,2536
DOTUSDT,1763838000000,2.299,2.307,2.285,2.292,125348.13,1763841599999,287702.95584,2277
DOTUSDT,1763841600000,2.292,2.309,2.281,2.29,249627.06,1763845199999,572508.40464,3544
DOTUSDT,1763845200000,2.29,2.309,2.288,2.307,150012.14,1763848799999,344711.85677,2082
DOTUSDT,1763848800000,2.307,2.344,2.296,2.333,277998.61,1763852399999,643178.52303,3450
DOTUSDT,1763852400000,2.333,2.336,2.306,2.311,139278.28,1763855999999,322633.14696,2388
DOTUSDT,1763856000000,2.311,2.327,2.304,2.31,159900.66,1763859599999,370125.75018,3407
DOTUSDT,1763859600000,2.31,2.35,2.31,2.341,298082.57,1763863199999,695847.62632,3640
DOTUSDT,1763863200000,2.341,2.358,2.335,2.345,227004.67,1763866799999,532896.84248,3679
DOTUSDT,1763866800000,2.346,2.349,2.331,2.344,109913.25,1763870399999,257079.42003,2145
DOTUSDT,1763870400000,2.344,2.37,2.342,2.355,366303.05,1763873999999,862280.677,4176
DOTUSDT,1763874000000,2.355,2.359,2.345,2.354,205749.41,1763877599999,483711.6687,2662
DOTUSDT,1763877600000,2.354,2.362,2.342,2.35,183781.29,1763881199999,432012.78534,2494
DOTUSDT,1763881200000,2.35,2.351,2.323,2.341,199937.53,1763884799999,466911.10579,2889
DOTUSDT,1763884800000,2.341,2.351,2.341,2.349,114864.84,1763888399999,269507.38601,1903
DOTUSDT,1763888400000,2.35,2.359,2.347,2.348,104328.28,1763891999999,245386.27241,1488
DOTUSDT,1763892000000,2.348,2.349,2.334,2.343,101808.2,1763895599999,238338.45058,1965
DOTUSDT,1763895600000,2.342,2.342,2.318,2.337,173665.13,1763899199999,404858.6036,2067
DOTUSDT,1763899200000,2.337,2.359,2.336,2.343,191425.0,1763902799999,449930.81953,2583
DOTUSDT,1763902800000,2.344,2.349,2.331,2.343,160107.08,1763906399999,374537.66481,1896
DOTUSDT,1763906400000,2.344,2.356,2.313,2.315,240920.17,1763909999999,562246.38726,3227
DOTUSDT,1763910000000,2.315,2.333,2.308,2.327,247930.34,1763913599999,574921.9058,3418
DOTUSDT,1763913600000,2.327,2.332,2.297,2.298,189420.4,1763917199999,439071.55175,3101
DOTUSDT,1763917200000,2.299,2.303,2.275,2.284,382869.37,1763920799999,875960.18471,4347
DOTUSDT,1763920800000,2.284,2.308,2.283,2.294,183798.64,1763924399999,421691.28442,2632
DOTUSDT,1763924400000,2.294,2.322,2.291,2.308,135796.91,1763927999999,313849.30491,2713
DOTUSDT,1763928000000,2.309,2.312,2.298,2.302,187145.35,1763931599999,431200.80835,2586
DOTUSDT,1763931600000,2.303,2.327,2.291,2.322,130070.47,1763935199999,299971.02642,2527
DOTUSDT,1763935200000,2.322,2.324,2.301,2.311,91914.62,1763938799999,212120.1474,1827
DOTUSDT,1763938800000,2.312,2.317,2.248,2.258,541730.49,1763942399999,1231952.05101,7254
DOTUSDT,1763942400000,2.258,2.297,2.244,2.282,365329.08,1763945999999,828290.5518,5332
DOTUSDT,1763946000000,2.283,2.291,2.265,2.289,548440.74,1763949599999,1249436.57915,5019
DOTUSDT,1763949600000,2.289,2.339,2.284,2.315,377275.35,1763953199999,873852.90489,6600
DOTUSDT,1763953200000,2.316,2.332,2.302,2.315,163288.72,1763956799999,378552.07402,2552
DOTUSDT,1763956800000,2.315,2.326,2.275,2.277,474182.07,1763960399999,1083810.09092,5900
DOTUSDT,1763960400000,2.276,2.332,2.273,2.301,301397.35,1763963999999,695223.09831,5242
DOTUSDT,1763964000000,2.302,2.305,2.273,2.288,266792.98,1763967599999,609239.3949,4239
DOTUSDT,1763967600000,2.288,2.3,2.275,2.285,123543.1,1763971199999,282666.15545,3021
DOTUSDT,1763971200000,2.285,2.299,2.277,2.293,222171.68,1763974799999,508883.18656,2918
DOTUSDT,1763974800000,2.293,2.294,2.242,2.249,310557.2,1763978399999,701360.85871,5009
DOTUSDT,1763978400000,2.248,2.262,2.246,2.258,141580.49,1763981999999,318991.03726,2845
DOTUSDT,1763982000000,2.258,2.281,2.251,2.277,177949.01,1763985599999,403915.07599,3016
DOTUSDT,1763985600000,2.278,2.281,2.253,2.26,183024.35,1763989199999,415093.91753,2892
DOTUSDT,1763989200000,2.26,2.297,2.256,2.278,294380.6,1763992799999,671873.14985,4161
DOTUSDT,1763992800000,2.277,2.311,2.249,2.292,488059.44,1763996399999,1111741.07468,10751
DOTUSDT,1763996400000,2.293,2.312,2.27,2.301,380096.75,1763999999999,872193.81876,7404
DOTUSDT,1764000000000,2.3,2.32,2.3,2.305,238268.02,1764003599999,550591.69776,4320
DOTUSDT,1764003600000,2.306,2.362,2.303,2.358,664483.6,1764007199999,1555282.39758,6956
DOTUSDT,1764007200000,2.359,2.371,2.345,2.355,414547.86,1764010799999,977943.69949,4967
DOTUSDT,1764010800000,2.355,2.369,2.352,2.359,258330.87,1764014399999,609766.50644,3050
DOTUSDT,1764014400000,2.359,2.397,2.359,2.386,421997.16,1764017999999,1004169.6614,4496
DOTUSDT,1764018000000,2.385,2.391,2.36,2.363,440401.2,1764021599999,1044950.19938,3418
DOTUSDT,1764021600000,2.363,2.378,2.353,2.362,161397.27,1764025199999,381828.20968,2108
DOTUSDT,1764025200000,2.362,2.364,2.337,2.34,139896.56,1764028799999,328696.39293,1932
DOTUSDT,1764028800000,2.34,2.346,2.33,2.341,175343.47,1764032399999,410188.76042,2584
DOTUSDT,1764032400000,2.342,2.349,2.325,2.325,118067.02,1764035999999,276206.26657,2305
DOTUSDT,1764036000000,2.325,2.329,2.305,2.325,241191.39,1764039599999,558601.9334,2831
DOTUSDT,1764039600000,2.325,2.333,2.31,2.314,180063.88,1764043199999,417984.04693,2066
DOTUSDT,1764043200000,2.313,2.33,2.31,2.327,208285.21,1764046799999,483289.38469,2075
DOTUSDT,1764046800000,2.327,2.327,2.306,2.312,161473.45,1764050399999,373456.31297,1649
DOTUSDT,1764050400000,2.311,2.311,2.283,2.291,221354.99,1764053999999,508314.28096,2690
DOTUSDT,1764054000000,2.292,2.299,2.265,2.266,312307.26,1764057599999,711603.81924,3538
DOTUSDT,1764057600000,2.267,2.279,2.255,2.257,328661.65,1764061199999,746023.8111,3440
DOTUSDT,1764061200000,2.258,2.273,2.245,2.273,294708.89,1764064799999,664775.12196,3325
DOTUSDT,1764064800000,2.272,2.275,2.261,2.273,197078.74,1764068399999,447276.03395,1928
DOTUSDT,1764068400000,2.272,2.273,2.253,2.255,189684.67,1764071999999,428903.27499,2020
DOTUSDT,1764072000000,2.256,2.28,2.253,2.265,333589.61,1764075599999,756545.82101,3500
DOTUSDT,1764075600000,2.265,2.275,2.219,2.239,601031.48,1764079199999,1349309.61798,6389
DOTUSDT,1764079200000,2.239,2.241,2.184,2.205,781426.51,1764082799999,1728950.72705,10464
DOTUSDT,1764082800000,2.205,2.238,2.176,2.223,541364.66,1764086399999,1195061.26329,6996
DOTUSDT,1764086400000,2.223,2.259,2.219,2.254,320322.39,1764089999999,718821.75718,4813
DOTUSDT,1764090000000,2.254,2.289,2.249,2.268,531499.66,1764093599999,1205320.6844,5611
DOTUSDT,1764093600000,2.268,2.288,2.264,2.266,304243.45,1764097199999,692954.20594,3038
DOTUSDT,1764097200000,2.266,2.273,2.233,2.264,299283.68,1764100799999,672435.88095,3784
DOTUSDT,1764100800000,2.263,2.289,2.26,2.281,235247.42,1764104399999,535490.46334,3603
DOTUSDT,1764104400000,2.281,2.29,2.275,2.278,145861.07,1764107999999,332916.53597,1951
DOTUSDT,1764108000000,2.277,2.303,2.248,2.295,248107.45,1764111599999,564574.58138,3178
DOTUSDT,1764111600000,2.295,2.316,2.288,2.296,232325.95,1764115199999,534975.33088,2981
DOTUSDT,1764115200000,2.296,2.304,2.288,2.29,137417.8,1764118799999,315379.52368,2294
DOTUSDT,1764118800000,2.29,2.309,2.282,2.292,136477.37,1764122399999,312960.0205,1983
DOTUSDT,1764122400000,2.293,2.298,2.286,2.287,154044.65,1764125999999,352866.27246,1728
DOTUSDT,1764126000000,2.287,2.293,2.266,2.268,118924.06,1764129599999,271025.14499,1753
DOTUSDT,1764129600000,2.269,2.275,2.263,2.267,87705.01,1764133199999,199043.30908,1228
DOTUSDT,1764133200000,2.266,2.295,2.265,2.291,98454.94,1764136799999,224411.54807,1376
DOTUSDT,1764136800000,2.29,2.303,2.282,2.3,121475.02,1764140399999,278534.01666,1616
DOTUSDT,1764140400000,2.299,2.316,2.297,2.313,492898.93,1764143999999,1136905.27805,3435
DOTUSDT,1764144000000,2.312,2.318,2.291,2.291,191400.77,1764147599999,440770.1606,2021
DOTUSDT,1764147600000,2.292,2.293,2.259,2.268,448122.51,1764151199999,1018176.00161,3059
DOTUSDT,1764151200000,2.269,2.275,2.256,2.271,147204.91,1764154799999,333591.02532,2042
DOTUSDT,1764154800000,2.271,2.272,2.256,2.262,103665.26,1764158399999,234700.69633,1327
DOTUSDT,1764158400000,2.261,2.265,2.24,2.254,252066.25,1764161999999,567329.4105,2955
DOTUSDT,1764162000000,2.254,2.272,2.253,2.269,140041.12,1764165599999,317096.29798,1853
DOTUSDT,1764165600000,2.269,2.293,2.26,2.264,284223.53,1764169199999,646121.8756,4522
DOTUSDT,1764169200000,2.264,2.278,2.247,2.261,336516.05,1764172799999,760860.97496,4773
DOTUSDT,1764172800000,2.261,2.298,2.261,2.283,302120.26,1764176399999,690024.83245,3344
DOTUSDT,1764176400000,2.283,2.354,2.273,2.351,706763.74,1764179999999,1636342.76581,7584
DOTUSDT,1764180000000,2.351,2.37,2.34,2.369,571761.19,1764183599999,1345972.13186,6399
DOTUSDT,1764183600000,2.368,2.369,2.355,2.361,265798.38,1764187199999,627592.88082,2676
DOTUSDT,1764187200000,2.362,2.363,2.343,2.354,227673.85,1764190799999,535097.80739,2635
DOTUSDT,1764190800000,2.354,2.371,2.343,2.36,113956.71,1764194399999,268774.32281,1829
DOTUSDT,1764194400000,2.36,2.366,2.349,2.352,126238.86,1764197999999,297609.56813,1519
DOTUSDT,1764198000000,2.351,2.355,2.339,2.344,82377.3,1764201599999,193266.50932,1370
DOTUSDT,1764201600000,2.344,2.349,2.33,2.339,209564.08,1764205199999,489853.68624,2457
DOTUSDT,1764205200000,2.339,2.355,2.335,2.348,114695.87,1764208799999,268893.58019,1849
DOTUSDT,1764208800000,2.347,2.36,2.338,2.34,244344.36,1764212399999,574371.11141,3115
DOTUSDT,1764212400000,2.34,2.342,2.316,2.317,164106.27,1764215999999,382043.00514,2220
DOTUSDT,1764216000000,2.316,2.333,2.316,2.329,116442.06,1764219599999,270943.61742,1800
DOTUSDT,1764219600000,2.328,2.333,2.315,2.32,222436.07,1764223199999,516664.87733,2054
DOTUSDT,1764223200000,2.319,2.342,2.318,2.338,111792.19,1764226799999,260836.26129,1639
DOTUSDT,1764226800000,2.338,2.338,2.326,2.329,92294.45,1764230399999,215188.10287,1499
DOTUSDT,1764230400000,2.329,2.343,2.317,2.341,133608.93,1764233999999,311119.11863,2107
DOTUSDT,1764234000000,2.341,2.353,2.335,2.335,97796.31,1764237599999,229189.0228,1743
DOTUSDT,1764237600000,2.335,2.338,2.324,2.337,167530.02,1764241199999,390740.74483,1551
DOTUSDT,1764241200000,2.337,2.341,2.327,2.329,62572.11,1764244799999,145958.82673,1294
DOTUSDT,1764244800000,2.329,2.332,2.308,2.312,135968.0,1764248399999,315619.36608,2157
DOTUSDT,1764248400000,2.311,2.328,2.311,2.323,117557.07,1764251999999,272782.74474,2030
DOTUSDT,1764252000000,2.323,2.335,2.318,2.334,116079.78,1764255599999,270433.57168,2029
DOTUSDT,1764255600000,2.335,2.351,2.322,2.348,323503.01,1764259199999,754905.30927,2828
DOTUSDT,1764259200000,2.348,2.375,2.345,2.372,290297.91,1764262799999,685988.59183,3304
DOTUSDT,1764262800000,2.372,2.378,2.364,2.371,211021.95,1764266399999,500423.85824,2358
DOTUSDT,1764266400000,2.372,2.385,2.364,2.38,132938.08,1764269999999,315627.18411,1943
DOTUSDT,1764270000000,2.379,2.381,2.366,2.38,118781.49,1764273599999,281819.3536,1730
DOTUSDT,1764273600000,2.38,2.383,2.371,2.377,105744.69,1764277199999,251392.27481,1702
DOTUSDT,1764277200000,2.377,2.39,2.372,2.376,247466.55,1764280799999,589599.91413,2312
DOTUSDT,1764280800000,2.376,2.378,2.335,2.342,311295.84,1764284399999,733772.7812,3171
DOTUSDT,1764284400000,2.342,2.349,2.33,2.337,196399.53,1764287999999,459612.42156,1950
DOTUSDT,1764288000000,2.336,2.346,2.332,2.339,115148.93,1764291599999,269256.34045,1491
DOTUSDT,1764291600000,2.339,2.339,2.303,2.305,408668.77,1764295199999,947501.2822,4093
DOTUSDT,1764295200000,2.306,2.316,2.293,2.313,250749.58,1764298799999,577648.31053,3094
DOTUSDT,1764298800000,2.312,2.321,2.31,2.317,148769.8,1764302399999,344450.17332,2126
DOTUSDT,1764302400000,2.318,2.325,2.311,2.311,91379.52,1764305999999,211657.21376,1057
DOTUSDT,1764306000000,2.311,2.321,2.305,2.319,96065.01,1764309599999,222219.09438,1461
DOTUSDT,1764309600000,2.319,2.32,2.301,2.308,69122.64,1764313199999,159701.78024,1227
DOTUSDT,1764313200000,2.307,2.325,2.306,2.317,157807.13,1764316799999,365993.7045,2017
DOTUSDT,1764316800000,2.319,2.375,2.318,2.371,388468.69,1764320399999,913131.37439,5494
DOTUSDT,1764320400000,2.372,2.376,2.346,2.348,199364.49,1764323999999,470660.78449,2947
DOTUSDT,1764324000000,2.348,2.349,2.341,2.345,119447.64,1764327599999,280015.38248,1554
DOTUSDT,1764327600000,2.345,2.345,2.305,2.321,188159.14,1764331199999,436963.22034,3458
DOTUSDT,1764331200000,2.32,2.326,2.315,2.32,91410.15,1764334799999,212164.10684,1584
DOTUSDT,1764334800000,2.32,2.355,2.311,2.343,182389.67,1764338399999,425331.36996,3199
DOTUSDT,1764338400000,2.342,2.355,2.323,2.334,296907.97,1764341999999,694361.75147,3943
DOTUSDT,1764342000000,2.335,2.365,2.328,2.351,237806.3,1764345599999,558867.43178,3263
DOTUSDT,1764345600000,2.352,2.352,2.3,2.303,304284.04,1764349199999,705099.1963,3920
DOTUSDT,1764349200000,2.302,2.306,2.274,2.285,433557.39,1764352799999,992222.6819,5442
DOTUSDT,1764352800000,2.285,2.298,2.26,2.289,396945.46,1764356399999,904029.75751,4001
DOTUSDT,1764356400000,2.289,2.305,2.285,2.3,193686.21,1764359999999,444733.40336,1721
DOTUSDT,1764360000000,2.299,2.302,2.286,2.296,219310.74,1764363599999,503409.17874,1851
DOTUSDT,1764363600000,2.296,2.301,2.282,2.282,123647.48,1764367199999,283133.3916,1381
DOTUSDT,1764367200000,2.282,2.301,2.277,2.298,154111.43,1764370799999,352852.97778,1971
DOTUSDT,1764370800000,2.299,2.302,2.283,2.284,49732.38,1764374399999,113886.24069,859
DOTUSDT,1764374400000,2.284,2.29,2.28,2.289,93964.62,1764377999999,214722.59064,1283
DOTUSDT,1764378000000,2.288,2.298,2.283,2.286,80383.47,1764381599999,184144.04924,1224
DOTUSDT,1764381600000,2.285,2.291,2.274,2.28,76699.42,1764385199999,174889.97215,1105
DOTUSDT,1764385200000,2.28,2.287,2.274,2.275,62476.0,1764388799999,142475.98828,883
DOTUSDT,1764388800000,2.275,2.291,2.271,2.29,75477.07,1764392399999,172081.60973,1098
DOTUSDT,1764392400000,2.289,2.29,2.279,2.28,55660.74,1764395999999,127130.45609,779
DOTUSDT,1764396000000,2.28,2.287,2.259,2.27,163373.63,1764399599999,371097.34854,2341
DOTUSDT,1764399600000,2.269,2.276,2.266,2.269,55233.5,1764403199999,125399.6078,1091
DOTUSDT,1764403200000,2.268,2.272,2.263,2.267,55169.3,1764406799999,125085.0175,1168
DOTUSDT,1764406800000,2.267,2.274,2.265,2.269,37239.71,1764410399999,84536.35069,959
DOTUSDT,1764410400000,2.269,2.275,2.254,2.275,169686.0,1764413999999,384684.19287,2040
DOTUSDT,1764414000000,2.274,2.28,2.272,2.278,91115.98,1764417599999,207421.78018,1272
DOTUSDT,1764417600000,2.277,2.28,2.261,2.261,100978.75,1764421199999,228970.98716,1259
DOTUSDT,1764421200000,2.26,2.27,2.26,2.265,64610.69,1764424799999,146287.59539,1143
DOTUSDT,1764424800000,2.264,2.265,2.248,2.256,233158.81,1764428399999,525262.30054,2222
DOTUSDT,1764428400000,2.257,2.276,2.257,2.271,107629.49,1764431999999,244173.26461,1546
DOTUSDT,1764432000000,2.271,2.272,2.258,2.265,89973.61,1764435599999,203753.04736,1143
DOTUSDT,1764435600000,2.266,2.267,2.237,2.239,185817.31,1764439199999,417447.73166,2556
DOTUSDT,1764439200000,2.239,2.25,2.227,2.246,233201.35,1764442799999,521627.05229,3081
DOTUSDT,1764442800000,2.246,2.249,2.239,2.242,68901.41,1764446399999,154615.49558,951
DOTUSDT,1764446400000,2.243,2.258,2.237,2.256,304256.61,1764449999999,684491.0492,2006
DOTUSDT,1764450000000,2.257,2.263,2.245,2.262,190901.25,1764453599999,430454.6798,1395
DOTUSDT,1764453600000,2.261,2.262,2.251,2.254,31973.75,1764457199999,72104.70144,780
DOTUSDT,1764457200000,2.253,2.263,2.246,2.259,72678.01,1764460799999,164037.00117,1095
DOTUSDT,1764460800000,2.258,2.267,2.255,2.257,44635.89,1764464399999,100932.01524,1026
DOTUSDT,1764464400000,2.256,2.267,2.254,2.259,47975.07,1764467999999,108425.14679,1049
DOTUSDT,1764468000000,2.259,2.271,2.259,2.262,58822.4,1764471599999,133348.07696,1198
DOTUSDT,1764471600000,2.262,2.272,2.244,2.272,80036.27,1764475199999,180605.85596,1646
DOTUSDT,1764475200000,2.272,2.274,2.259,2.26,50942.6,1764478799999,115535.39107,1070
DOTUSDT,1764478800000,2.259,2.26,2.249,2.256,55326.01,1764482399999,124743.6981,1128
DOTUSDT,1764482400000,2.256,2.269,2.25,2.262,48810.11,1764485999999,110332.85513,1048
DOTUSDT,1764486000000,2.261,2.267,2.26,2.267,44741.31,1764489599999,101243.81056,950
DOTUSDT,1764489600000,2.266,2.276,2.257,2.267,122415.54,1764493199999,277466.23839,1984
DOTUSDT,1764493200000,2.267,2.274,2.263,2.271,60157.93,1764496799999,136462.1095,1233
DOTUSDT,1764496800000,2.272,2.273,2.263,2.265,63846.95,1764500399999,144688.07937,1101
DOTUSDT,1764500400000,2.265,2.272,2.254,2.255,75423.0,1764503999999,170611.46204,1244
DOTUSDT,1764504000000,2.256,2.275,2.248,2.271,112334.16,1764507599999,254081.69232,1751
DOTUSDT,1764507600000,2.271,2.293,2.268,2.288,273716.65,1764511199999,625364.23394,2853
DOTUSDT,1764511200000,2.287,2.289,2.265,2.268,116941.27,1764514799999,265919.61346,1778
DOTUSDT,1764514800000,2.268,2.269,2.255,2.261,116170.68,1764518399999,262614.24927,1582
DOTUSDT,1764518400000,2.261,2.288,2.259,2.286,111078.93,1764521999999,253130.45433,1538
DOTUSDT,1764522000000,2.285,2.285,2.27,2.279,113473.97,1764525599999,258381.75222,1481
DOTUSDT,1764525600000,2.278,2.281,2.27,2.279,62973.95,1764529199999,143347.86241,1052
DOTUSDT,1764529200000,2.279,2.281,2.267,2.269,53850.72,1764532799999,122477.08436,885
DOTUSDT,1764532800000,2.27,2.28,2.259,2.266,59038.51,1764536399999,133951.29891,1251
DOTUSDT,1764536400000,2.265,2.267,2.251,2.263,115370.92,1764539999999,260575.93752,1686
DOTUSDT,1764540000000,2.263,2.275,2.255,2.268,86623.47,1764543599999,196248.91427,1343
DOTUSDT,1764543600000,2.267,2.267,2.204,2.21,297574.66,1764547199999,663366.33059,4088
DOTUSDT,1764547200000,2.209,2.209,2.05,2.055,2600815.24,1764550799999,5530421.46771,33858
DOTUSDT,1764550800000,2.054,2.097,2.046,2.076,808299.45,1764554399999,1678353.27838,10509
DOTUSDT,1764554400000,2.076,2.088,2.063,2.065,436656.69,1764557999999,905130.7248,6469
DOTUSDT,1764558000000,2.065,2.065,2.045,2.049,514006.66,1764561599999,1056263.70251,6044
DOTUSDT,1764561600000,2.049,2.053,2.007,2.009,992238.37,1764565199999,2006825.73105,9285
DOTUSDT,1764565200000,2.01,2.038,2.009,2.027,419858.32,1764568799999,850518.57508,3428
DOTUSDT,1764568800000,2.027,2.035,2.016,2.019,277247.75,1764572399999,560711.85365,2615
DOTUSDT,1764572400000,2.019,2.039,2.013,2.038,362326.27,1764575999999,733510.31389,3113
DOTUSDT,1764576000000,2.038,2.054,2.036,2.049,295012.38,1764579599999,603508.29545,2626
DOTUSDT,1764579600000,2.048,2.056,2.039,2.047,394036.31,1764583199999,806661.33134,3221
DOTUSDT,1764583200000,2.047,2.057,2.046,2.05,186196.39,1764586799999,382083.39921,1600
DOTUSDT,1764586800000,2.049,2.052,2.032,2.037,188859.39,1764590399999,384809.73753,1933
DOTUSDT,1764590400000,2.038,2.041,2.0,2.03,615169.12,1764593999999,1242824.00734,6125
DOTUSDT,1764594000000,2.03,2.042,2.018,2.026,410153.86,1764597599999,831268.35131,4004
DOTUSDT,1764597600000,2.026,2.05,2.021,2.025,364872.21,1764601199999,741185.94269,4929
DOTUSDT,1764601200000,2.026,2.028,1.961,1.997,1279263.46,1764604799999,2548327.45999,13537
DOTUSDT,1764604800000,1.997,2.003,1.978,1.986,456489.11,1764608399999,908521.43713,5570
DOTUSDT,1764608400000,1.986,2.003,1.982,1.987,202889.62,1764611999999,404255.77423,3693
DOTUSDT,1764612000000,1.988,2.01,1.987,2.004,362704.5,1764615599999,725248.43711,4848
DOTUSDT,1764615600000,2.004,2.004,1.988,1.995,363846.58,1764619199999,725766.94104,3996
DOTUSDT,1764619200000,1.995,2.027,1.995,2.019,435410.91,1764622799999,877382.76409,4200
DOTUSDT,1764622800000,2.018,2.04,2.017,2.032,419164.92,1764626399999,851247.27308,3735
DOTUSDT,1764626400000,2.032,2.046,2.029,2.033,205023.99,1764629999999,417828.94112,2116
DOTUSDT,1764630000000,2.035,2.05,2.035,2.042,224871.91,1764633599999,459818.14427,2823
DOTUSDT,1764633600000,2.042,2.049,2.036,2.042,100386.71,1764637199999,205028.20229,2197
DOTUSDT,1764637200000,2.042,2.065,2.037,2.038,192252.22,1764640799999,394049.94695,3483
DOTUSDT,1764640800000,2.037,2.048,2.033,2.041,144340.18,1764644399999,294743.8634,2320
DOTUSDT,1764644400000,2.042,2.059,2.033,2.056,117408.98,1764647999999,240145.76713,1641
DOTUSDT,1764648000000,2.056,2.061,2.049,2.05,153144.82,1764651599999,314797.04375,1721
DOTUSDT,1764651600000,2.05,2.058,2.048,2.057,123909.67,1764655199999,254353.0808,1406
DOTUSDT,1764655200000,2.057,2.075,2.054,2.073,165204.82,1764658799999,340733.9154,1655
DOTUSDT,1764658800000,2.073,2.074,2.064,2.067,103140.23,1764662399999,213326.41516,1254
DOTUSDT,1764662400000,2.068,2.069,2.044,2.051,171341.83,1764665999999,351946.04014,1906
DOTUSDT,1764666000000,2.051,2.065,2.05,2.061,101493.52,1764669599999,208979.07179,1459
DOTUSDT,1764669600000,2.06,2.091,2.06,2.082,154937.36,1764673199999,321719.34025,2301
DOTUSDT,1764673200000,2.082,2.123,2.079,2.095,604976.32,1764676799999,1271014.9455,5409
DOTUSDT,1764676800000,2.096,2.098,2.08,2.085,164970.42,1764680399999,344279.12811,1664
DOTUSDT,1764680400000,2.086,2.115,2.079,2.111,311986.56,1764683999999,655700.73441,2871
DOTUSDT,1764684000000,2.111,2.145,2.11,2.145,527038.04,1764687599999,1121783.07213,5723
DOTUSDT,1764687600000,2.145,2.252,2.144,2.244,1137898.83,1764691199999,2503232.77415,13859
DOTUSDT,1764691200000,2.245,2.283,2.244,2.277,1207053.12,1764694799999,2731036.54922,13802
DOTUSDT,1764694800000,2.278,2.286,2.247,2.248,514029.34,1764698399999,1163807.69529,8078
DOTUSDT,1764698400000,2.248,2.262,2.24,2.243,315218.6,1764701999999,708958.85553,4826
DOTUSDT,1764702000000,2.244,2.25,2.231,2.234,233093.1,1764705599999,522261.46816,2668
DOTUSDT,1764705600000,2.234,2.264,2.223,2.262,1175997.64,1764709199999,2639890.24357,9961
DOTUSDT,1764709200000,2.263,2.264,2.246,2.255,161856.54,1764712799999,364753.89182,2187
DOTUSDT,1764712800000,2.255,2.266,2.254,2.264,237400.82,1764716399999,536615.83727,2530
DOTUSDT,1764716400000,2.263,2.265,2.244,2.249,127787.4,1764719999999,287509.28814,1662
DOTUSDT,1764720000000,2.25,2.268,2.246,2.265,190433.82,1764723599999,429682.32051,4619
DOTUSDT,1764723600000,2.264,2.277,2.26,2.274,164160.45,1764727199999,372219.39881,3259
DOTUSDT,1764727200000,2.273,2.304,2.272,2.289,325318.66,1764730799999,745097.09397,4269
DOTUSDT,1764730800000,2.288,2.298,2.285,2.291,129028.12,1764734399999,295458.41884,1727
DOTUSDT,1764734400000,2.291,2.319,2.289,2.319,232438.43,1764737999999,535494.16066,3066
DOTUSDT,1764738000000,2.318,2.331,2.311,2.315,411680.76,1764741599999,955206.9502,3545
DOTUSDT,1764741600000,2.315,2.329,2.295,2.304,299267.89,1764745199999,691963.54976,3231
DOTUSDT,1764745200000,2.304,2.304,2.29,2.292,329049.41,1764748799999,755462.4934,2872
DOTUSDT,1764748800000,2.293,2.309,2.29,2.307,349256.02,1764752399999,802897.40488,2891
DOTUSDT,1764752400000,2.307,2.311,2.294,2.31,131995.49,1764755999999,304132.82437,1584
DOTUSDT,1764756000000,2.311,2.312,2.29,2.291,150910.6,1764759599999,347115.84665,1724
DOTUSDT,1764759600000,2.292,2.301,2.286,2.296,146966.02,1764763199999,337326.8193,1605
DOTUSDT,1764763200000,2.297,2.301,2.275,2.279,370423.75,1764766799999,846731.84108,2787
DOTUSDT,1764766800000,2.279,2.295,2.278,2.286,410031.58,1764770399999,937374.91122,3086
DOTUSDT,1764770400000,2.287,2.313,2.241,2.283,882982.77,1764773999999,2007232.10176,10959
DOTUSDT,1764774000000,2.283,2.307,2.28,2.301,398190.4,1764777599999,913544.11742,4538
DOTUSDT,1764777600000,2.302,2.307,2.284,2.296,214109.22,1764781199999,490816.32319,2579
DOTUSDT,1764781200000,2.295,2.337,2.295,2.331,450519.34,1764784799999,1043060.57125,6801
DOTUSDT,1764784800000,2.329,2.335,2.305,2.31,157435.98,1764788399999,365784.47281,2317
DOTUSDT,1764788400000,2.31,2.327,2.309,2.327,111865.74,1764791999999,259204.45133,1456
DOTUSDT,1764792000000,2.327,2.342,2.318,2.329,183871.39,1764795599999,428225.89342,2553
DOTUSDT,1764795600000,2.329,2.361,2.327,2.36,248809.39,1764799199999,582589.90066,2820
DOTUSDT,1764799200000,2.36,2.388,2.345,2.385,856886.73,1764802799999,2021992.78492,6453
DOTUSDT,1764802800000,2.386,2.4,2.362,2.366,549771.12,1764806399999,1311669.54513,6152
DOTUSDT,1764806400000,2.365,2.371,2.342,2.347,303830.1,1764809999999,715020.82443,3051
DOTUSDT,1764810000000,2.348,2.376,2.343,2.35,431753.81,1764813599999,1018768.31348,5642
DOTUSDT,1764813600000,2.35,2.361,2.347,2.36,175800.6,1764817199999,414021.18905,2023
DOTUSDT,1764817200000,2.359,2.365,2.34,2.341,137921.96,1764820799999,323713.5857,1363
DOTUSDT,1764820800000,2.341,2.346,2.333,2.342,272370.61,1764824399999,636810.46695,1767
DOTUSDT,1764824400000,2.342,2.344,2.329,2.341,193194.23,1764827999999,451386.89116,1815
DOTUSDT,1764828000000,2.341,2.353,2.337,2.35,136790.62,1764831599999,320879.15504,1382
DOTUSDT,1764831600000,2.349,2.35,2.327,2.339,204701.75,1764835199999,478141.52576,1984
DOTUSDT,1764835200000,2.339,2.347,2.333,2.337,104192.24,1764838799999,243841.99769,1415
DOTUSDT,1764838800000,2.338,2.353,2.337,2.338,143097.55,1764842399999,335392.17261,1400
DOTUSDT,1764842400000,2.338,2.34,2.325,2.326,197697.67,1764845999999,460680.46883,2083
DOTUSDT,1764846000000,2.327,2.329,2.319,2.326,309840.96,1764849599999,719948.70595,2772
DOTUSDT,1764849600000,2.327,2.333,2.316,2.322,266171.76,1764853199999,619183.22103,2667
DOTUSDT,1764853200000,2.322,2.332,2.317,2.317,443200.41,1764856799999,1030131.26723,5273
DOTUSDT,1764856800000,2.318,2.338,2.304,2.31,588573.07,1764860399999,1368432.95999,7095
DOTUSDT,1764860400000,2.31,2.338,2.309,2.329,811885.94,1764863999999,1889115.01435,5552
DOTUSDT,1764864000000,2.329,2.344,2.312,2.314,357016.45,1764867599999,829979.71773,3717
DOTUSDT,1764867600000,2.314,2.316,2.29,2.309,223702.86,1764871199999,515452.99691,3137
DOTUSDT,1764871200000,2.31,2.315,2.286,2.291,263505.99,1764874799999,605369.02909,2858
DOTUSDT,1764874800000,2.292,2.296,2.245,2.291,536770.42,1764878399999,1218839.16319,6890
DOTUSDT,1764878400000,2.291,2.303,2.277,2.298,85303.86,1764881999999,195394.15251,2577
DOTUSDT,1764882000000,2.297,2.301,2.276,2.279,92667.0,1764885599999,212161.51716,1903
DOTUSDT,1764885600000,2.279,2.291,2.277,2.286,116703.02,1764889199999,266576.34391,1575
DOTUSDT,1764889200000,2.286,2.287,2.272,2.272,73827.96,1764892799999,168092.08412,1318
DOTUSDT,1764892800000,2.272,2.29,2.272,2.278,78312.82,1764896399999,178516.57838,1640
DOTUSDT,1764896400000,2.277,2.291,2.276,2.285,85700.36,1764899999999,195903.87801,1531
DOTUSDT,1764900000000,2.284,2.308,2.279,2.299,136637.28,1764903599999,313795.01,1768
DOTUSDT,1764903600000,2.3,2.301,2.283,2.287,109862.65,1764907199999,251594.24692,1341
DOTUSDT,1764907200000,2.287,2.293,2.254,2.266,368306.01,1764910799999,836374.77831,3549
DOTUSDT,1764910800000,2.265,2.27,2.258,2.265,76434.27,1764914399999,173005.36777,1153
DOTUSDT,1764914400000,2.265,2.277,2.265,2.274,127822.19,1764917999999,290381.77808,1499
DOTUSDT,1764918000000,2.274,2.287,2.271,2.282,120046.07,1764921599999,273411.23186,1984
DOTUSDT,1764921600000,2.282,2.284,2.264,2.269,128430.93,1764925199999,291796.14993,1728
DOTUSDT,1764925200000,2.269,2.27,2.235,2.241,243363.8,1764928799999,547578.64528,3402
DOTUSDT,1764928800000,2.24,2.257,2.238,2.247,114033.56,1764932399999,256347.42915,1768
DOTUSDT,1764932400000,2.247,2.252,2.224,2.236,188457.76,1764935999999,421102.51248,2659
DOTUSDT,1764936000000,2.234,2.242,2.23,2.236,157278.95,1764939599999,351517.52623,2179
DOTUSDT,1764939600000,2.236,2.244,2.209,2.217,320943.02,1764943199999,713250.40826,3906
DOTUSDT,1764943200000,2.216,2.224,2.184,2.191,435712.16,1764946799999,960146.9515,6478
DOTUSDT,1764946800000,2.191,2.242,2.191,2.209,681385.74,1764950399999,1515034.54994,9602
DOTUSDT,1764950400000,2.208,2.209,2.113,2.136,1190762.04,1764953999999,2562301.85351,15032
DOTUSDT,1764954000000,2.135,2.145,2.11,2.129,660415.27,1764957599999,1406875.99781,7796
DOTUSDT,1764957600000,2.128,2.141,2.094,2.094,409744.17,1764961199999,866392.92981,5538
DOTUSDT,1764961200000,2.095,2.132,2.084,2.123,277453.79,1764964799999,584819.12543,4274
DOTUSDT,1764964800000,2.124,2.124,2.104,2.11,105625.02,1764968399999,223215.9315,1947
DOTUSDT,1764968400000,2.111,2.125,2.109,2.119,142160.82,1764971999999,301213.03964,1985
DOTUSDT,1764972000000,2.119,2.126,2.109,2.118,111947.81,1764975599999,237175.98385,1480
DOTUSDT,1764975600000,2.118,2.132,2.105,2.125,122967.24,1764979199999,260807.74857,1899
DOTUSDT,1764979200000,2.125,2.126,2.108,2.125,109299.79,1764982799999,231766.98123,1765
DOTUSDT,1764982800000,2.124,2.128,2.11,2.112,87969.9,1764986399999,186600.38202,1528
DOTUSDT,1764986400000,2.112,2.12,2.105,2.119,89451.08,1764989999999,188869.10585,1474
DOTUSDT,1764990000000,2.12,2.128,2.115,2.122,96752.07,1764993599999,205248.20461,1336
DOTUSDT,1764993600000,2.122,2.122,2.106,2.109,90609.74,1764997199999,191327.99455,1487
DOTUSDT,1764997200000,2.109,2.112,2.105,2.108,73444.04,1765000799999,154869.01971,1864
DOTUSDT,1765000800000,2.108,2.115,2.103,2.105,118113.09,1765004399999,249115.11844,2243
DOTUSDT,1765004400000,2.104,2.112,2.1,2.105,132856.68,1765007999999,279793.74819,2124
DOTUSDT,1765008000000,2.106,2.107,2.087,2.089,154791.17,1765011599999,324764.30495,2255
DOTUSDT,1765011600000,2.088,2.105,2.087,2.102,132264.84,1765015199999,277395.60219,1802
DOTUSDT,1765015200000,2.101,2.105,2.094,2.098,141428.55,1765018799999,296740.52177,1735
DOTUSDT,1765018800000,2.097,2.111,2.095,2.107,148850.0,1765022399999,313238.65344,2015
DOTUSDT,1765022400000,2.107,2.11,2.101,2.104,104604.53,1765025999999,220212.5543,1659
DOTUSDT,1765026000000,2.103,2.117,2.101,2.112,104283.41,1765029599999,219996.89118,1812
DOTUSDT,1765029600000,2.112,2.142,2.108,2.134,453983.34,1765033199999,966456.25159,3905
DOTUSDT,1765033200000,2.134,2.135,2.115,2.119,242831.49,1765036799999,515564.66715,2488
DOTUSDT,1765036800000,2.119,2.146,2.119,2.136,186322.6,1765040399999,397602.98707,1955
DOTUSDT,1765040400000,2.136,2.153,2.134,2.152,216532.05,1765043999999,463675.97445,1644
DOTUSDT,1765044000000,2.152,2.164,2.146,2.153,167127.73,1765047599999,360623.28028,2289
DOTUSDT,1765047600000,2.153,2.155,2.124,2.131,243619.09,1765051199999,520759.24969,2636
DOTUSDT,1765051200000,2.131,2.14,2.128,2.139,131036.42,1765054799999,279607.66166,1723
DOTUSDT,1765054800000,2.138,2.151,2.136,2.14,194005.64,1765058399999,415583.44321,2678
DOTUSDT,1765058400000,2.14,2.147,2.13,2.131,128800.84,1765061999999,275287.11701,1534
DOTUSDT,1765062000000,2.132,2.137,2.118,2.128,137382.69,1765065599999,292230.40644,2068
DOTUSDT,1765065600000,2.128,2.144,2.125,2.135,214198.21,1765069199999,457512.66332,2750
DOTUSDT,1765069200000,2.134,2.136,2.128,2.129,114830.53,1765072799999,244947.75625,1513
DOTUSDT,1765072800000,2.13,2.143,2.129,2.141,80316.87,1765076399999,171618.19825,1600
DOTUSDT,1765076400000,2.14,2.142,2.135,2.142,53075.74,1765079999999,113498.34287,909
DOTUSDT,1765080000000,2.141,2.145,2.128,2.13,81987.7,1765083599999,175051.48485,1209
DOTUSDT,1765083600000,2.131,2.148,2.129,2.142,127119.29,1765087199999,271605.22441,1385
DOTUSDT,1765087200000,2.142,2.156,2.142,2.154,79870.99,1765090799999,171594.55743,1101
DOTUSDT,1765090800000,2.154,2.154,2.126,2.129,94602.36,1765094399999,202349.81699,1513
DOTUSDT,1765094400000,2.129,2.132,2.117,2.12,115382.91,1765097999999,245035.79548,1405
DOTUSDT,1765098000000,2.121,2.124,2.1,2.1,260910.28,1765101599999,551185.67784,2392
DOTUSDT,1765101600000,2.1,2.108,2.086,2.089,300928.29,1765105199999,630630.27423,2822
DOTUSDT,1765105200000,2.089,2.1,2.088,2.093,108981.98,1765108799999,228321.63873,1385
DOTUSDT,1765108800000,2.093,2.112,2.09,2.106,170723.67,1765112399999,358464.14531,2417
DOTUSDT,1765112400000,2.106,2.11,2.082,2.092,277663.06,1765115999999,581392.16298,3937
DOTUSDT,1765116000000,2.091,2.094,2.04,2.055,680649.82,1765119599999,1402233.02981,11137
DOTUSDT,1765119600000,2.054,2.12,2.052,2.118,494181.77,1765123199999,1032006.32101,7833
DOTUSDT,1765123200000,2.118,2.118,2.095,2.115,295151.42,1765126799999,622036.1077,4162
DOTUSDT,1765126800000,2.115,2.16,2.101,2.145,1078985.12,1765130399999,2312055.02995,9113
DOTUSDT,1765130400000,2.145,2.153,2.139,2.144,344084.12,1765133999999,739508.84369,3203
DOTUSDT,1765134000000,2.144,2.149,2.135,2.141,219688.03,1765137599999,470188.92982,2315
DOTUSDT,1765137600000,2.141,2.15,2.139,2.148,102473.19,1765141199999,219808.78893,1281
DOTUSDT,1765141200000,2.147,2.147,2.094,2.105,237052.56,1765144799999,501936.71119,2974
DOTUSDT,1765144800000,2.104,2.104,2.054,2.081,536742.52,1765148399999,1114557.57109,7238
DOTUSDT,1765148400000,2.081,2.096,2.069,2.094,115811.85,1765151999999,241357.12898,2317
DOTUSDT,1765152000000,2.094,2.104,2.084,2.09,88369.36,1765155599999,184904.73229,2264
DOTUSDT,1765155600000,2.09,2.14,2.088,2.112,190386.52,1765159199999,402898.42556,3772
DOTUSDT,1765159200000,2.112,2.129,2.11,2.124,157279.7,1765162799999,333318.26004,3091
DOTUSDT,1765162800000,2.125,2.13,2.116,2.12,130353.14,1765166399999,276651.1557,2223
DOTUSDT,1765166400000,2.12,2.139,2.12,2.127,724411.62,1765169999999,1539855.2639,4336
DOTUSDT,1765170000000,2.126,2.13,2.116,2.126,511822.26,1765173599999,1087523.5614,3496
DOTUSDT,1765173600000,2.126,2.147,2.123,2.14,309702.13,1765177199999,662276.69925,3390
DOTUSDT,1765177200000,2.141,2.148,2.134,2.137,208384.26,1765180799999,446240.59332,3560
DOTUSDT,1765180800000,2.137,2.155,2.132,2.154,245649.15,1765184399999,527204.52797,3491
DOTUSDT,1765184400000,2.153,2.179,2.153,2.156,461053.88,1765187999999,998470.37583,8146
DOTUSDT,1765188000000,2.156,2.158,2.149,2.153,187202.57,1765191599999,403208.6769,2745
DOTUSDT,1765191600000,2.152,2.153,2.126,2.131,248110.66,1765195199999,530119.76369,3303
DOTUSDT,1765195200000,2.131,2.132,2.117,2.129,214975.22,1765198799999,456566.14736,2922
DOTUSDT,1765198800000,2.129,2.143,2.129,2.135,188372.06,1765202399999,402332.24846,2709
DOTUSDT,1765202400000,2.135,2.169,2.134,2.143,640107.02,1765205999999,1378152.57735,8459
DOTUSDT,1765206000000,2.144,2.153,2.119,2.132,515939.46,1765209599999,1100718.4812,8804
DOTUSDT,1765209600000,2.132,2.155,2.119,2.137,242584.21,1765213199999,518662.74422,4123
DOTUSDT,1765213200000,2.137,2.149,2.121,2.145,221481.8,1765216799999,473401.99884,3415
DOTUSDT,1765216800000,2.144,2.151,2.112,2.122,244624.24,1765220399999,522818.41256,4338
DOTUSDT,1765220400000,2.122,2.133,2.11,2.124,551441.43,1765223999999,1170024.83422,5442
DOTUSDT,1765224000000,2.124,2.146,2.124,2.142,1221852.51,1765227599999,2606271.82487,9358
DOTUSDT,1765227600000,2.142,2.155,2.138,2.153,237678.33,1765231199999,510333.46655,3432
DOTUSDT,1765231200000,2.154,2.155,2.13,2.137,161891.78,1765234799999,346442.34492,2287
DOTUSDT,1765234800000,2.138,2.142,2.122,2.129,79085.42,1765238399999,168660.09065,1326
DOTUSDT,1765238400000,2.13,2.139,2.123,2.126,85331.76,1765241999999,181807.6261,1677
DOTUSDT,1765242000000,2.127,2.132,2.105,2.107,185397.9,1765245599999,392321.0424,2001
DOTUSDT,1765245600000,2.107,2.119,2.105,2.107,147032.5,1765249199999,310512.95885,1665
DOTUSDT,1765249200000,2.107,2.13,2.095,2.127,396814.78,1765252799999,837780.4211,3354
DOTUSDT,1765252800000,2.128,2.132,2.103,2.106,208051.92,1765256399999,441087.38219,1878
DOTUSDT,1765256400000,2.105,2.111,2.093,2.099,155750.03,1765259999999,327370.15603,1656
DOTUSDT,1765260000000,2.099,2.106,2.089,2.103,254210.02,1765263599999,533334.12152,1852
DOTUSDT,1765263600000,2.104,2.12,2.101,2.117,122647.18,1765267199999,259021.73739,1669
DOTUSDT,1765267200000,2.116,2.12,2.107,2.11,96300.14,1765270799999,203464.01561,1350
DOTUSDT,1765270800000,2.109,2.112,2.095,2.1,111320.72,1765274399999,234211.44213,1132
DOTUSDT,1765274400000,2.1,2.108,2.09,2.102,121816.95,1765277999999,255713.81087,1630
DOTUSDT,1765278000000,2.102,2.11,2.1,2.109,100443.44,1765281599999,211395.35466,1315
DOTUSDT,1765281600000,2.109,2.129,2.107,2.124,141756.87,1765285199999,300859.95921,2109
DOTUSDT,1765285200000,2.125,2.136,2.116,2.122,231809.91,1765288799999,492936.07416,2713
DOTUSDT,1765288800000,2.123,2.132,2.105,2.118,341318.17,1765292399999,723098.93023,4151
DOTUSDT,1765292400000,2.119,2.22,2.116,2.218,1307173.25,1765295999999,2839456.23711,16012
DOTUSDT,1765296000000,2.219,2.393,2.219,2.337,3070940.05,1765299599999,7136343.51845,38766
DOTUSDT,1765299600000,2.337,2.378,2.314,2.328,1432716.2,1765303199999,3353461.1894,15240
DOTUSDT,1765303200000,2.329,2.355,2.32,2.329,561439.72,1765306799999,1312943.17726,6480
DOTUSDT,1765306800000,2.329,2.335,2.305,2.313,436506.22,1765310399999,1012470.9016,4571
DOTUSDT,1765310400000,2.312,2.322,2.277,2.291,562489.84,1765313999999,1291264.88986,5531
DOTUSDT,1765314000000,2.29,2.298,2.259,2.276,305865.89,1765317599999,697623.64536,4086
DOTUSDT,1765317600000,2.276,2.303,2.276,2.291,207188.84,1765321199999,474635.85862,3506
DOTUSDT,1765321200000,2.291,2.3,2.281,2.293,99889.69,1765324799999,228864.59767,1886
DOTUSDT,1765324800000,2.292,2.297,2.258,2.259,245201.1,1765328399999,558282.79522,3773
DOTUSDT,1765328400000,2.259,2.265,2.244,2.254,179332.44,1765331999999,404710.40439,2482
DOTUSDT,1765332000000,2.253,2.256,2.24,2.249,155629.9,1765335599999,349724.34687,1743
DOTUSDT,1765335600000,2.248,2.252,2.235,2.245,81480.91,1765339199999,182657.2307,1298
DOTUSDT,1765339200000,2.246,2.25,2.231,2.233,113697.62,1765342799999,254502.57964,2069
DOTUSDT,1765342800000,2.233,2.245,2.227,2.232,93641.43,1765346399999,209341.803,1722
DOTUSDT,1765346400000,2.231,2.232,2.222,2.229,103540.55,1765349999999,230717.3535,1608
DOTUSDT,1765350000000,2.228,2.228,2.204,2.222,167746.91,1765353599999,371721.79713,2774
DOTUSDT,1765353600000,2.222,2.226,2.212,2.218,104959.12,1765357199999,233095.19156,2166
DOTUSDT,1765357200000,2.217,2.245,2.204,2.226,386459.19,1765360799999,861151.87471,3980
DOTUSDT,1765360800000,2.226,2.249,2.19,2.199,454670.37,1765364399999,1007044.03659,4687
DOTUSDT,1765364400000,2.198,2.203,2.19,2.201,171186.55,1765367999999,376056.87491,2402
DOTUSDT,1765368000000,2.201,2.208,2.19,2.201,207663.94,1765371599999,456566.80185,2387
DOTUSDT,1765371600000,2.201,2.215,2.2,2.207,179099.5,1765375199999,395379.4897,2642
DOTUSDT,1765375200000,2.207,2.209,2.19,2.2,287358.62,1765378799999,632598.99095,2887
DOTUSDT,1765378800000,2.198,2.215,2.196,2.202,338917.36,1765382399999,747761.11633,4347
DOTUSDT,1765382400000,2.203,2.231,2.198,2.222,128251.14,1765385999999,284465.29088,2847
DOTUSDT,1765386000000,2.222,2.243,2.221,2.231,197705.48,1765389599999,441613.30918,3332
DOTUSDT,1765389600000,2.231,2.27,2.225,2.241,235174.77,1765393199999,528022.25524,4978
DOTUSDT,1765393200000,2.241,2.28,2.217,2.266,1126677.95,1765396799999,2542288.44245,20398
DOTUSDT,1765396800000,2.268,2.316,2.235,2.242,1005757.54,1765400399999,2287995.99458,16098
DOTUSDT,1765400400000,2.242,2.259,2.214,2.217,357385.93,1765403999999,799871.48724,6459
DOTUSDT,1765404000000,2.216,2.228,2.183,2.218,412334.27,1765407599999,909773.11323,5308
DOTUSDT,1765407600000,2.218,2.221,2.188,2.19,128526.55,1765411199999,283007.04028,2246
DOTUSDT,1765411200000,2.19,2.193,2.135,2.139,468758.4,1765414799999,1013052.97248,7762
DOTUSDT,1765414800000,2.139,2.139,2.098,2.098,535608.12,1765418399999,1135047.51827,9580
DOTUSDT,1765418400000,2.098,2.098,2.065,2.084,639171.48,1765421999999,1331096.95665,11093
DOTUSDT,1765422000000,2.083,2.083,2.055,2.061,469714.99,1765425599999,970041.89232,7828
DOTUSDT,1765425600000,2.061,2.081,2.051,2.076,757848.82,1765429199999,1562793.85641,8148
DOTUSDT,1765429200000,2.076,2.081,2.067,2.077,271045.52,1765432799999,562151.65047,3694
DOTUSDT,1765432800000,2.077,2.087,2.068,2.079,256889.73,1765436399999,533685.29002,4299
DOTUSDT,1765436400000,2.078,2.078,2.065,2.068,225513.79,1765439999999,466985.48791,4531
DOTUSDT,1765440000000,2.068,2.068,2.048,2.06,431599.87,1765443599999,887069.50267,4788
DOTUSDT,1765443600000,2.06,2.065,2.045,2.048,363962.11,1765447199999,748181.36234,4075
DOTUSDT,1765447200000,2.048,2.05,2.036,2.046,373429.29,1765450799999,763191.43655,3420
DOTUSDT,1765450800000,2.046,2.049,2.039,2.043,300126.47,1765454399999,613587.91027,2870
DOTUSDT,1765454400000,2.043,2.046,2.036,2.042,299099.32,1765457999999,610785.56921,2947
DOTUSDT,1765458000000,2.041,2.054,2.04,2.05,398347.36,1765461599999,815423.36609,3455
DOTUSDT,1765461600000,2.051,2.057,2.02,2.034,805019.35,1765465199999,1642814.39533,8152
DOTUSDT,1765465200000,2.033,2.05,2.016,2.027,671228.85,1765468799999,1362348.42223,7065
DOTUSDT,1765468800000,2.027,2.041,2.01,2.02,462456.83,1765472399999,935015.88769,6335
DOTUSDT,1765472400000,2.02,2.032,2.012,2.014,401549.11,1765475999999,810986.2101,5433
DOTUSDT,1765476000000,2.014,2.05,2.008,2.026,881178.24,1765479599999,1785015.15467,8052
DOTUSDT,1765479600000,2.027,2.06,2.023,2.032,684725.3,1765483199999,1398310.0849,7276
DOTUSDT,1765483200000,2.031,2.058,2.026,2.056,542503.35,1765486799999,1106396.02476,5621
DOTUSDT,1765486800000,2.056,2.093,2.052,2.076,787751.4,1765490399999,1634582.24492,7367
DOTUSDT,1765490400000,2.077,2.084,2.052,2.069,437561.96,1765493999999,903029.58154,3647
DOTUSDT,1765494000000,2.069,2.074,2.056,2.066,167874.38,1765497599999,346655.44955,2089
DOTUSDT,1765497600000,2.066,2.07,2.028,2.031,287497.41,1765501199999,590521.34051,3998
DOTUSDT,1765501200000,2.031,2.063,2.03,2.051,277319.83,1765504799999,567676.41075,3848
DOTUSDT,1765504800000,2.051,2.079,2.047,2.075,253462.29,1765508399999,524117.63042,3161
DOTUSDT,1765508400000,2.076,2.082,2.059,2.066,180853.81,1765511999999,374064.59755,2740
DOTUSDT,1765512000000,2.065,2.067,2.054,2.056,130868.66,1765515599999,269441.12896,2697
DOTUSDT,1765515600000,2.055,2.077,2.051,2.077,166844.45,1765519199999,343597.64801,2313
DOTUSDT,1765519200000,2.076,2.096,2.064,2.067,301735.7,1765522799999,628695.06258,3069
DOTUSDT,1765522800000,2.067,2.068,2.057,2.058,175998.0,1765526399999,363203.14506,1939
DOTUSDT,1765526400000,2.058,2.06,2.038,2.044,285110.49,1765529999999,583697.3321,2034
DOTUSDT,1765530000000,2.044,2.047,2.026,2.045,455170.84,1765533599999,927909.71466,3173
DOTUSDT,1765533600000,2.044,2.06,2.04,2.045,310127.98,1765537199999,635733.31741,2122
DOTUSDT,1765537200000,2.045,2.052,2.037,2.047,180548.43,1765540799999,369040.4563,1918
DOTUSDT,1765540800000,2.047,2.06,2.042,2.06,167097.95,1765544399999,342519.57904,1922
DOTUSDT,1765544400000,2.059,2.066,2.054,2.064,250795.83,1765547999999,516732.2167,2295
DOTUSDT,1765548000000,2.064,2.069,2.049,2.063,292251.75,1765551599999,602118.04697,3795
DOTUSDT,1765551600000,2.061,2.061,1.953,1.969,1969054.85,1765555199999,3945218.70232,17832
DOTUSDT,1765555200000,1.969,1.977,1.945,1.958,1037956.86,1765558799999,2034650.33517,16543
DOTUSDT,1765558800000,1.958,1.987,1.956,1.971,436311.45,1765562399999,860830.35264,6016
DOTUSDT,1765562400000,1.972,2.009,1.968,1.991,462924.13,1765565999999,922411.20601,4127
DOTUSDT,1765566000000,1.991,1.991,1.978,1.986,179433.84,1765569599999,355754.72935,2387
DOTUSDT,1765569600000,1.986,1.995,1.978,1.991,328065.21,1765573199999,651797.2919,3258
DOTUSDT,1765573200000,1.991,2.01,1.991,2.001,194111.1,1765576799999,388473.01039,1919
DOTUSDT,1765576800000,2.001,2.017,2.0,2.012,179062.03,1765580399999,359817.31959,1499
DOTUSDT,1765580400000,2.013,2.017,2.009,2.012,88480.77,1765583999999,178194.75325,1184
DOTUSDT,1765584000000,2.012,2.024,2.008,2.019,166088.83,1765587599999,335203.63161,1712
DOTUSDT,1765587600000,2.019,2.022,2.014,2.02,56687.47,1765591199999,114437.75558,863
DOTUSDT,1765591200000,2.019,2.028,2.019,2.023,62760.95,1765594799999,127002.2277,905
DOTUSDT,1765594800000,2.023,2.04,2.021,2.031,136615.6,1765598399999,277622.4308,1450
DOTUSDT,1765598400000,2.031,2.04,2.027,2.034,219081.7,1765601999999,445922.70553,1086
DOTUSDT,1765602000000,2.034,2.039,2.029,2.034,115406.77,1765605599999,234740.37042,834
DOTUSDT,1765605600000,2.033,2.033,2.024,2.028,64030.87,1765609199999,129789.70675,845
DOTUSDT,1765609200000,2.027,2.041,2.027,2.039,183840.1,1765612799999,374286.77683,1554
DOTUSDT,1765612800000,2.039,2.051,2.036,2.04,148881.27,1765616399999,303851.82036,1334
DOTUSDT,1765616400000,2.04,2.044,2.035,2.038,60020.24,1765619999999,122398.36065,629
DOTUSDT,1765620000000,2.038,2.056,2.037,2.051,149536.2,1765623599999,306551.10142,1289
DOTUSDT,1765623600000,2.051,2.053,2.037,2.038,108830.16,1765627199999,222557.06277,953
DOTUSDT,1765627200000,2.038,2.049,2.037,2.043,118947.12,1765630799999,243063.47499,1089
DOTUSDT,1765630800000,2.044,2.048,2.039,2.039,76448.92,1765634399999,156117.73899,1007
DOTUSDT,1765634400000,2.04,2.043,2.028,2.033,214092.04,1765637999999,435439.61335,1422
DOTUSDT,1765638000000,2.034,2.046,2.033,2.046,150631.74,1765641599999,307308.51533,1173
DOTUSDT,1765641600000,2.045,2.058,2.043,2.047,270431.05,1765645199999,555000.76228,1847
DOTUSDT,1765645200000,2.046,2.048,2.033,2.034,107663.42,1765648799999,219429.61139,1035
DOTUSDT,1765648800000,2.033,2.035,2.028,2.031,109127.42,1765652399999,221713.8617,910
DOTUSDT,1765652400000,2.031,2.041,2.031,2.04,46536.49,1765655999999,94744.75232,655
DOTUSDT,1765656000000,2.04,2.044,2.036,2.04,59613.91,1765659599999,121584.65875,674
DOTUSDT,1765659600000,2.041,2.041,2.023,2.039,69562.08,1765663199999,141281.10874,1071
DOTUSDT,1765663200000,2.039,2.042,2.027,2.036,76124.42,1765666799999,154929.14776,1006
DOTUSDT,1765666800000,2.036,2.041,2.032,2.038,87801.26,1765670399999,178941.29103,699
DOTUSDT,1765670400000,2.037,2.041,2.03,2.035,113516.72,1765673999999,231110.84346,1489
DOTUSDT,1765674000000,2.036,2.042,2.032,2.035,73771.63,1765677599999,150220.27228,891
DOTUSDT,1765677600000,2.035,2.046,2.034,2.04,76717.14,1765681199999,156500.30349,800
DOTUSDT,1765681200000,2.039,2.042,2.026,2.028,153927.21,1765684799999,312631.14077,906
DOTUSDT,1765684800000,2.027,2.033,2.019,2.021,217073.68,1765688399999,440011.85477,1357
DOTUSDT,1765688400000,2.02,2.02,2.002,2.01,355762.44,1765691999999,714893.42937,1992
DOTUSDT,1765692000000,2.01,2.01,2.0,2.006,112989.3,1765695599999,226542.47206,1101
DOTUSDT,1765695600000,2.007,2.013,2.005,2.01,90923.28,1765699199999,182754.94025,1050
DOTUSDT,1765699200000,2.009,2.017,2.006,2.007,164448.75,1765702799999,330921.5064,944
DOTUSDT,1765702800000,2.007,2.01,2.004,2.005,115833.73,1765706399999,232405.49309,1050
DOTUSDT,1765706400000,2.005,2.01,1.986,1.996,715041.19,1765709999999,1427448.3357,4074
DOTUSDT,1765710000000,1.995,1.997,1.962,1.985,349401.0,1765713599999,692014.80906,3769
DOTUSDT,1765713600000,1.984,1.991,1.976,1.989,179162.86,1765717199999,355730.80701,2141
DOTUSDT,1765717200000,1.988,1.988,1.973,1.984,310073.61,1765720799999,613723.72391,2948
DOTUSDT,1765720800000,1.985,1.988,1.962,1.97,301111.7,1765724399999,593923.12989,2726
DOTUSDT,1765724400000,1.969,1.975,1.962,1.974,178163.85,1765727999999,350916.63833,2170
DOTUSDT,1765728000000,1.974,1.991,1.971,1.98,211715.26,1765731599999,419052.1711,2341
DOTUSDT,1765731600000,1.979,1.983,1.947,1.951,503846.9,1765735199999,985921.74203,5137
DOTUSDT,1765735200000,1.95,1.974,1.948,1.973,287600.81,1765738799999,564045.83346,2824
DOTUSDT,1765738800000,1.974,1.975,1.953,1.963,135488.75,1765742399999,266100.10549,1565
DOTUSDT,1765742400000,1.962,1.972,1.95,1.96,300375.97,1765745999999,589331.90874,2535
DOTUSDT,1765746000000,1.961,1.968,1.949,1.953,153854.22,1765749599999,301382.77537,1484
DOTUSDT,1765749600000,1.954,1.963,1.939,1.956,291955.51,1765753199999,569457.36884,2821
DOTUSDT,1765753200000,1.957,1.966,1.932,1.952,285371.47,1765756799999,555816.17156,3543
DOTUSDT,1765756800000,1.953,1.972,1.952,1.965,240489.59,1765760399999,472124.64235,2943
DOTUSDT,1765760400000,1.965,1.995,1.963,1.988,200572.58,1765763999999,397027.43379,2657
DOTUSDT,1765764000000,1.989,2.01,1.985,1.985,239229.05,1765767599999,477728.0369,2838
DOTUSDT,1765767600000,1.985,1.994,1.982,1.988,140718.4,1765771199999,279669.66262,1576
DOTUSDT,1765771200000,1.989,2.002,1.989,2.0,148862.73,1765774799999,297126.56442,1583
DOTUSDT,1765774800000,2.0,2.007,1.996,2.003,103355.25,1765778399999,206858.2266,1125
DOTUSDT,1765778400000,2.003,2.01,1.997,2.001,193318.75,1765781999999,387084.6275,1358
DOTUSDT,1765782000000,2.001,2.005,1.987,1.993,143524.97,1765785599999,285889.28919,1224
DOTUSDT,1765785600000,1.994,2.002,1.991,1.994,111680.11,1765789199999,222908.52556,1037
DOTUSDT,1765789200000,1.994,2.003,1.993,2.0,75154.52,1765792799999,150167.67439,946
DOTUSDT,1765792800000,2.0,2.008,1.993,1.997,147040.23,1765796399999,293732.42505,1298
DOTUSDT,1765796400000,1.997,2.001,1.99,1.995,247513.53,1765799999999,493940.51905,1225
DOTUSDT,1765800000000,1.995,2.008,1.99,2.007,195017.42,1765803599999,390006.88752,1443
DOTUSDT,1765803600000,2.007,2.007,1.985,1.993,291364.86,1765807199999,581498.75058,2045
DOTUSDT,1765807200000,1.993,2.007,1.941,1.957,620905.84,1765810799999,1227288.02129,6699
DOTUSDT,1765810800000,1.956,1.956,1.872,1.886,1970094.19,1765814399999,3758185.76367,22616
DOTUSDT,1765814400000,1.885,1.892,1.852,1.868,713705.97,1765817999999,1337989.5542,8713
DOTUSDT,1765818000000,1.867,1.872,1.849,1.852,451822.93,1765821599999,840442.42844,5743
DOTUSDT,1765821600000,1.852,1.866,1.829,1.864,501988.84,1765825199999,928744.86832,6885
DOTUSDT,1765825200000,1.865,1.887,1.864,1.875,522641.33,1765828799999,981474.95976,6794
DOTUSDT,1765828800000,1.874,1.878,1.857,1.865,274105.89,1765832399999,511512.26318,4003
DOTUSDT,1765832400000,1.865,1.889,1.862,1.887,153676.3,1765835999999,288781.44282,1749
DOTUSDT,1765836000000,1.888,1.895,1.879,1.894,140685.51,1765839599999,265271.22051,1404
DOTUSDT,1765839600000,1.895,1.905,1.893,1.902,209551.88,1765843199999,398163.64611,1847
DOTUSDT,1765843200000,1.902,1.905,1.88,1.881,266007.58,1765846799999,503684.18223,2044
DOTUSDT,1765846800000,1.881,1.895,1.88,1.891,179745.44,1765850399999,339374.35284,2394
DOTUSDT,1765850400000,1.891,1.9,1.882,1.891,166901.5,1765853999999,315643.86368,2015
DOTUSDT,1765854000000,1.891,1.895,1.875,1.892,202029.39,1765857599999,380859.56657,1875
DOTUSDT,1765857600000,1.892,1.894,1.862,1.884,311889.41,1765861199999,585426.23965,2774
DOTUSDT,1765861200000,1.884,1.891,1.882,1.885,108250.51,1765864799999,204190.65435,1441
DOTUSDT,1765864800000,1.885,1.903,1.884,1.901,100612.62,1765868399999,190604.3961,1065
DOTUSDT,1765868400000,1.901,1.901,1.873,1.878,212363.44,1765871999999,400430.86034,1847
DOTUSDT,1765872000000,1.879,1.897,1.878,1.89,158378.41,1765875599999,299127.5444,2083
DOTUSDT,1765875600000,1.891,1.893,1.883,1.888,123506.46,1765879199999,233096.92532,1257
DOTUSDT,1765879200000,1.887,1.943,1.884,1.921,401492.2,1765882799999,770462.03317,5047
DOTUSDT,1765882800000,1.921,1.931,1.915,1.925,242962.84,1765886399999,466947.58465,2555
DOTUSDT,1765886400000,1.925,1.927,1.914,1.919,159204.23,1765889999999,305704.14353,1490
DOTUSDT,1765890000000,1.919,1.936,1.885,1.885,628284.91,1765893599999,1201483.45389,7794
DOTUSDT,1765893600000,1.886,1.917,1.874,1.901,660198.37,1765897199999,1252839.90163,11304
DOTUSDT,1765897200000,1.902,1.926,1.886,1.92,411136.62,1765900799999,782138.46391,7941
DOTUSDT,1765900800000,1.92,1.924,1.898,1.907,202694.13,1765904399999,386955.11694,3454
DOTUSDT,1765904400000,1.907,1.915,1.892,1.892,118328.23,1765907999999,225265.67624,1561
DOTUSDT,1765908000000,1.894,1.919,1.889,1.91,186575.09,1765911599999,354737.88103,2427
DOTUSDT,1765911600000,1.91,1.913,1.891,1.907,155779.36,1765915199999,296211.42286,1789
DOTUSDT,1765915200000,1.906,1.911,1.901,1.901,117547.33,1765918799999,224024.83527,1864
DOTUSDT,1765918800000,1.901,1.909,1.896,1.901,140849.97,1765922399999,267839.14569,1587
DOTUSDT,1765922400000,1.902,1.906,1.897,1.9,179312.67,1765925999999,340850.56228,1425
DOTUSDT,1765926000000,1.9,1.9,1.89,1.898,89068.58,1765929599999,168738.66304,1440
DOTUSDT,1765929600000,1.898,1.898,1.886,1.889,89344.59,1765933199999,168894.34796,1288
DOTUSDT,1765933200000,1.89,1.909,1.89,1.892,84826.35,1765936799999,161036.9166,1154
DOTUSDT,1765936800000,1.893,1.901,1.882,1.897,98398.55,1765940399999,186105.73463,1344
DOTUSDT,1765940400000,1.897,1.902,1.887,1.889,62424.11,1765943999999,118249.25977,1233
DOTUSDT,1765944000000,1.888,1.892,1.86,1.871,832842.29,1765947599999,1558265.43374,2868
DOTUSDT,1765947600000,1.871,1.878,1.861,1.875,152877.68,1765951199999,286052.35015,2044
DOTUSDT,1765951200000,1.875,1.885,1.873,1.875,146529.46,1765954799999,275578.25614,1604
DOTUSDT,1765954800000,1.876,1.888,1.873,1.877,308569.82,1765958399999,579622.51572,2058
DOTUSDT,1765958400000,1.877,1.877,1.864,1.865,119258.91,1765961999999,223044.01411,1435
DOTUSDT,1765962000000,1.866,1.871,1.857,1.863,136144.37,1765965599999,253968.64181,1597
DOTUSDT,1765965600000,1.863,1.872,1.856,1.864,227645.36,1765969199999,424853.58706,2684
DOTUSDT,1765969200000,1.864,1.878,1.862,1.868,467397.43,1765972799999,872987.91233,3327
DOTUSDT,1765972800000,1.868,1.878,1.865,1.873,298585.19,1765976399999,558996.19152,2233
DOTUSDT,1765976400000,1.873,1.894,1.866,1.892,350811.43,1765979999999,659881.89632,3154
DOTUSDT,1765980000000,1.892,1.93,1.861,1.93,844945.34,1765983599999,1604029.7738,8398
DOTUSDT,1765983600000,1.93,1.955,1.863,1.87,1628931.49,1765987199999,3108038.47944,13453
DOTUSDT,1765987200000,1.87,1.887,1.814,1.836,1090436.43,1765990799999,2002725.57334,14014
DOTUSDT,1765990800000,1.836,1.845,1.815,1.818,470348.75,1765994399999,860608.76177,7284
DOTUSDT,1765994400000,1.819,1.835,1.797,1.804,528757.47,1765997999999,958425.19131,9020
DOTUSDT,1765998000000,1.805,1.818,1.79,1.816,800055.26,1766001599999,1440364.63706,6184
DOTUSDT,1766001600000,1.817,1.83,1.807,1.812,257835.21,1766005199999,468428.78322,3225
DOTUSDT,1766005200000,1.811,1.818,1.795,1.799,195532.65,1766008799999,353139.35658,2614
DOTUSDT,1766008800000,1.8,1.82,1.792,1.817,194316.32,1766012399999,351132.00568,2225
DOTUSDT,1766012400000,1.816,1.816,1.804,1.816,240382.07,1766015999999,435040.17183,1649
DOTUSDT,1766016000000,1.815,1.818,1.807,1.811,99404.93,1766019599999,180144.2221,943
DOTUSDT,1766019600000,1.811,1.812,1.791,1.796,263312.28,1766023199999,473909.50025,1398
DOTUSDT,1766023200000,1.797,1.817,1.792,1.806,171144.71,1766026799999,308900.3077,1283
DOTUSDT,1766026800000,1.806,1.807,1.78,1.792,253779.68,1766030399999,454879.39362,1764
DOTUSDT,1766030400000,1.792,1.8,1.79,1.794,113029.83,1766033999999,202870.78062,1085
DOTUSDT,1766034000000,1.793,1.794,1.771,1.776,235364.16,1766037599999,419092.17613,1785
DOTUSDT,1766037600000,1.776,1.788,1.773,1.786,284831.31,1766041199999,507098.64872,2168
DOTUSDT,1766041200000,1.787,1.795,1.785,1.79,347371.63,1766044799999,621789.32098,2736
DOTUSDT,1766044800000,1.79,1.807,1.788,1.803,394129.59,1766048399999,708926.65551,3482
DOTUSDT,1766048400000,1.803,1.811,1.796,1.803,527987.08,1766051999999,952248.71885,5061
DOTUSDT,1766052000000,1.803,1.808,1.8,1.805,227047.19,1766055599999,409651.22067,2344
DOTUSDT,1766055600000,1.805,1.809,1.797,1.807,262274.18,1766059199999,472859.69664,1860
DOTUSDT,1766059200000,1.808,1.817,1.801,1.814,254367.54,1766062799999,460123.42958,2694
DOTUSDT,1766062800000,1.815,1.875,1.814,1.874,1282499.97,1766066399999,2367123.33107,12810
DOTUSDT,1766066400000,1.874,1.889,1.835,1.851,785280.58,1766069999999,1461480.25652,10153
DOTUSDT,1766070000000,1.851,1.882,1.839,1.861,380372.05,1766073599999,707715.87877,6228
DOTUSDT,1766073600000,1.862,1.863,1.845,1.855,197629.32,1766077199999,366220.08647,3339
DOTUSDT,1766077200000,1.854,1.854,1.758,1.797,1248524.22,1766080799999,2233861.16804,16630
DOTUSDT,1766080800000,1.797,1.814,1.765,1.77,452798.83,1766084399999,811197.18793,4884
DOTUSDT,1766084400000,1.769,1.774,1.722,1.727,877928.93,1766087999999,1536587.33906,10244
DOTUSDT,1766088000000,1.727,1.752,1.726,1.736,402093.83,1766091599999,700868.57894,5233
DOTUSDT,1766091600000,1.736,1.775,1.736,1.774,299266.25,1766095199999,526303.07303,3832
DOTUSDT,1766095200000,1.774,1.781,1.766,1.768,191332.46,1766098799999,339021.43394,1756
DOTUSDT,1766098800000,1.769,1.769,1.756,1.759,101568.98,1766102399999,178811.79715,1050
DOTUSDT,1766102400000,1.76,1.768,1.752,1.76,148865.14,1766105999999,261894.06803,1563
DOTUSDT,1766106000000,1.76,1.76,1.739,1.748,202276.43,1766109599999,353947.34942,2807
DOTUSDT,1766109600000,1.747,1.753,1.74,1.74,610257.81,1766113199999,1065141.80018,4148
DOTUSDT,1766113200000,1.74,1.803,1.738,1.784,858343.06,1766116799999,1526593.34024,10490
DOTUSDT,1766116800000,1.785,1.794,1.781,1.785,277366.72,1766120399999,495685.06859,3245
DOTUSDT,1766120400000,1.785,1.785,1.773,1.775,186095.12,1766123999999,330881.09323,1696
DOTUSDT,1766124000000,1.776,1.783,1.769,1.781,227872.98,1766127599999,404406.65853,1829
DOTUSDT,1766127600000,1.781,1.81,1.78,1.797,587800.39,1766131199999,1053265.63943,5247
DOTUSDT,1766131200000,1.797,1.809,1.789,1.806,256553.64,1766134799999,461781.64916,2938
DOTUSDT,1766134800000,1.806,1.807,1.791,1.8,158269.88,1766138399999,284511.04476,1793
DOTUSDT,1766138400000,1.8,1.803,1.794,1.8,162922.24,1766141999999,293072.45902,1768
DOTUSDT,1766142000000,1.799,1.81,1.796,1.808,127329.84,1766145599999,229628.43713,1240
DOTUSDT,1766145600000,1.808,1.815,1.798,1.81,121764.49,1766149199999,220063.24719,1623
DOTUSDT,1766149200000,1.81,1.821,1.809,1.814,197637.22,1766152799999,358634.87381,2047
DOTUSDT,1766152800000,1.814,1.844,1.805,1.833,565932.59,1766156399999,1030862.78158,6723
DOTUSDT,1766156400000,1.833,1.867,1.824,1.835,838780.54,1766159999999,1544509.87569,10409
DOTUSDT,1766160000000,1.834,1.875,1.832,1.851,510044.52,1766163599999,947349.91223,7192
DOTUSDT,1766163600000,1.852,1.87,1.82,1.822,555422.34,1766167199999,1023952.14023,7827
DOTUSDT,1766167200000,1.822,1.842,1.818,1.838,320153.73,1766170799999,585616.89874,3159
DOTUSDT,1766170800000,1.839,1.878,1.838,1.869,448858.8,1766174399999,835115.87493,4159
DOTUSDT,1766174400000,1.869,1.88,1.863,1.872,256641.82,1766177999999,480379.06279,4596
DOTUSDT,1766178000000,1.871,1.871,1.851,1.852,147830.06,1766181599999,274763.60432,2008
DOTUSDT,1766181600000,1.852,1.866,1.851,1.86,130439.88,1766185199999,242460.56812,1695
DOTUSDT,1766185200000,1.86,1.861,1.849,1.849,164146.45,1766188799999,304331.71259,1485
DOTUSDT,1766188800000,1.849,1.851,1.839,1.843,180216.69,1766192399999,332246.21674,2170
DOTUSDT,1766192400000,1.842,1.848,1.835,1.838,100455.59,1766195999999,185065.98763,897
DOTUSDT,1766196000000,1.838,1.84,1.831,1.833,133911.91,1766199599999,245809.83744,2089
DOTUSDT,1766199600000,1.834,1.848,1.832,1.841,87465.58,1766203199999,161023.65225,1469
DOTUSDT,1766203200000,1.842,1.843,1.829,1.83,152517.86,1766206799999,279513.30394,1178
DOTUSDT,1766206800000,1.831,1.842,1.83,1.835,92818.78,1766210399999,170503.6496,1256
DOTUSDT,1766210400000,1.835,1.841,1.834,1.838,44808.57,1766213999999,82327.92916,1283
DOTUSDT,1766214000000,1.838,1.857,1.835,1.857,204358.51,1766217599999,377512.99679,2202
DOTUSDT,1766217600000,1.856,1.869,1.854,1.857,171751.93,1766221199999,319653.9183,2086
DOTUSDT,1766221200000,1.857,1.867,1.856,1.86,119290.2,1766224799999,222079.49595,1625
DOTUSDT,1766224800000,1.86,1.864,1.848,1.851,111699.34,1766228399999,207288.88422,1281
DOTUSDT,1766228400000,1.851,1.863,1.847,1.863,105130.83,1766231999999,195152.61066,1510
DOTUSDT,1766232000000,1.862,1.862,1.845,1.848,126398.07,1766235599999,234247.3561,1502
DOTUSDT,1766235600000,1.848,1.852,1.834,1.841,207104.59,1766239199999,381477.23515,2405
DOTUSDT,1766239200000,1.842,1.842,1.829,1.84,140300.89,1766242799999,257511.12788,1546
DOTUSDT,1766242800000,1.84,1.84,1.828,1.832,168474.64,1766246399999,308604.14158,1727
DOTUSDT,1766246400000,1.833,1.837,1.827,1.829,120645.9,1766249999999,220927.31696,1129
DOTUSDT,1766250000000,1.83,1.838,1.829,1.829,101569.11,1766253599999,186254.20042,1032
DOTUSDT,1766253600000,1.83,1.839,1.827,1.835,123246.02,1766257199999,225894.67494,1206
DOTUSDT,1766257200000,1.835,1.839,1.832,1.834,58518.22,1766260799999,107398.11705,958
DOTUSDT,1766260800000,1.834,1.835,1.83,1.833,52857.81,1766264399999,96866.10528,907
DOTUSDT,1766264400000,1.833,1.841,1.832,1.833,77202.24,1766267999999,141806.29013,1319
DOTUSDT,1766268000000,1.834,1.84,1.828,1.836,65422.06,1766271599999,120005.45122,984
DOTUSDT,1766271600000,1.837,1.839,1.83,1.832,56483.16,1766275199999,103570.72767,719
DOTUSDT,1766275200000,1.832,1.837,1.828,1.831,82506.54,1766278799999,151110.92829,786
DOTUSDT,1766278800000,1.831,1.831,1.812,1.812,214378.19,1766282399999,389743.29811,2154
DOTUSDT,1766282400000,1.812,1.818,1.8,1.803,190317.28,1766285999999,343610.74257,2186
DOTUSDT,1766286000000,1.803,1.816,1.803,1.81,59575.13,1766289599999,107835.87084,1119
DOTUSDT,1766289600000,1.81,1.813,1.805,1.807,62034.96,1766293199999,112167.19741,888
DOTUSDT,1766293200000,1.807,1.816,1.805,1.811,58571.2,1766296799999,106096.21661,1522
DOTUSDT,1766296800000,1.81,1.824,1.81,1.822,323414.11,1766300399999,587743.56246,1758
DOTUSDT,1766300400000,1.821,1.831,1.821,1.831,138830.09,1766303999999,253549.04156,1215
DOTUSDT,1766304000000,1.831,1.843,1.825,1.841,181800.12,1766307599999,333901.61808,1750
DOTUSDT,1766307600000,1.841,1.852,1.835,1.845,195502.27,1766311199999,360610.47786,2258
DOTUSDT,1766311200000,1.845,1.848,1.827,1.83,92611.98,1766314799999,170151.17945,1187
DOTUSDT,1766314800000,1.829,1.834,1.826,1.826,62101.15,1766318399999,113557.29232,863
DOTUSDT,1766318400000,1.826,1.831,1.809,1.814,174333.01,1766321999999,317107.19008,1997
DOTUSDT,1766322000000,1.814,1.814,1.751,1.755,954413.78,1766325599999,1697423.64252,8310
DOTUSDT,1766325600000,1.755,1.775,1.751,1.767,245163.46,1766329199999,432562.84116,3748
DOTUSDT,1766329200000,1.766,1.774,1.755,1.769,233017.22,1766332799999,410966.89398,2260
DOTUSDT,1766332800000,1.769,1.781,1.761,1.781,140615.54,1766336399999,249494.25824,1553
DOTUSDT,1766336400000,1.782,1.791,1.777,1.779,135347.31,1766339999999,241365.05865,1826
DOTUSDT,1766340000000,1.778,1.783,1.765,1.782,119477.91,1766343599999,211941.39959,1567
DOTUSDT,1766343600000,1.782,1.796,1.778,1.793,142426.86,1766347199999,254320.84949,1522
DOTUSDT,1766347200000,1.794,1.794,1.782,1.782,46244.05,1766350799999,82686.51942,730
DOTUSDT,1766350800000,1.782,1.785,1.767,1.768,152717.28,1766354399999,271578.83727,1057
DOTUSDT,1766354400000,1.768,1.793,1.766,1.793,89021.26,1766357999999,158316.17713,1118
DOTUSDT,1766358000000,1.793,1.812,1.79,1.802,232266.21,1766361599999,418918.8504,2500
DOTUSDT,1766361600000,1.803,1.844,1.803,1.809,504330.47,1766365199999,919827.02946,7279
DOTUSDT,1766365200000,1.808,1.827,1.803,1.807,154049.96,1766368799999,279711.18903,1902
DOTUSDT,1766368800000,1.806,1.806,1.777,1.805,256319.71,1766372399999,459035.21609,3687
DOTUSDT,1766372400000,1.805,1.821,1.799,1.813,158700.4,1766375999999,287359.46363,2549
DOTUSDT,1766376000000,1.814,1.823,1.812,1.818,124293.18,1766379599999,225941.74385,1756
DOTUSDT,1766379600000,1.819,1.822,1.807,1.809,66690.59,1766383199999,120881.63442,1092
DOTUSDT,1766383200000,1.809,1.818,1.806,1.811,102576.88,1766386799999,185788.54006,1226
DOTUSDT,1766386800000,1.81,1.82,1.808,1.813,127491.15,1766390399999,231214.3173,1297
DOTUSDT,1766390400000,1.813,1.835,1.81,1.814,202757.02,1766393999999,369813.78138,2667
DOTUSDT,1766394000000,1.814,1.822,1.812,1.817,94482.14,1766397599999,171673.09446,1449
DOTUSDT,1766397600000,1.817,1.826,1.812,1.817,200200.73,1766401199999,364500.59683,1612
DOTUSDT,1766401200000,1.818,1.829,1.812,1.823,161705.94,1766404799999,294510.67015,1831
DOTUSDT,1766404800000,1.823,1.841,1.822,1.828,342776.46,1766408399999,627077.09167,2536
DOTUSDT,1766408400000,1.828,1.832,1.819,1.831,105081.05,1766411999999,191786.06199,1585
DOTUSDT,1766412000000,1.831,1.848,1.823,1.841,373847.34,1766415599999,686047.48309,5717
DOTUSDT,1766415600000,1.841,1.854,1.814,1.835,399256.71,1766419199999,731684.03752,6065
DOTUSDT,1766419200000,1.836,1.85,1.831,1.833,225529.06,1766422799999,414735.6308,2276
DOTUSDT,1766422800000,1.833,1.833,1.814,1.816,554405.48,1766426399999,1009550.56213,5298
DOTUSDT,1766426400000,1.816,1.82,1.798,1.803,749299.06,1766429999999,1357707.84837,5600
DOTUSDT,1766430000000,1.802,1.802,1.765,1.768,932683.91,1766433599999,1666460.41164,6664
DOTUSDT,1766433600000,1.768,1.782,1.757,1.768,327868.59,1766437199999,579339.15264,3843
DOTUSDT,1766437200000,1.767,1.779,1.767,1.769,349158.2,1766440799999,619148.38722,1740
DOTUSDT,1766440800000,1.768,1.793,1.762,1.789,171941.01,1766444399999,305837.69207,1543
DOTUSDT,1766444400000,1.789,1.789,1.777,1.784,175753.96,1766447999999,313499.88362,1414
DOTUSDT,1766448000000,1.784,1.802,1.781,1.796,137982.53,1766451599999,247219.64793,1647
DOTUSDT,1766451600000,1.796,1.8,1.782,1.789,136182.25,1766455199999,243690.33594,1916
DOTUSDT,1766455200000,1.788,1.795,1.771,1.772,200997.16,1766458799999,358173.7173,2441
DOTUSDT,1766458800000,1.772,1.781,1.763,1.776,137006.36,1766462399999,242728.83186,1541
DOTUSDT,1766462400000,1.775,1.78,1.769,1.769,88773.79,1766465999999,157377.23992,1174
DOTUSDT,1766466000000,1.769,1.774,1.758,1.77,144183.85,1766469599999,254856.30743,1752
DOTUSDT,1766469600000,1.769,1.773,1.754,1.758,130060.39,1766473199999,228955.75976,2139
DOTUSDT,1766473200000,1.758,1.765,1.754,1.76,111384.88,1766476799999,195947.36057,1568
DOTUSDT,1766476800000,1.761,1.767,1.758,1.761,176902.12,1766480399999,311825.24495,1496
DOTUSDT,1766480400000,1.761,1.767,1.756,1.762,152769.55,1766483999999,269114.52192,1506
DOTUSDT,1766484000000,1.762,1.776,1.761,1.772,102173.57,1766487599999,180735.57792,1815
DOTUSDT,1766487600000,1.773,1.779,1.771,1.775,142067.79,1766491199999,252303.41522,1108
DOTUSDT,1766491200000,1.775,1.775,1.758,1.761,169621.95,1766494799999,299362.42064,1576
DOTUSDT,1766494800000,1.761,1.765,1.736,1.748,671817.64,1766498399999,1173883.08871,6066
DOTUSDT,1766498400000,1.748,1.759,1.728,1.741,436755.08,1766501999999,761506.34974,5930
DOTUSDT,1766502000000,1.74,1.755,1.735,1.748,308403.44,1766505599999,538493.17207,4517
DOTUSDT,1766505600000,1.748,1.77,1.742,1.766,347172.8,1766509199999,610949.87886,5640
DOTUSDT,1766509200000,1.766,1.774,1.738,1.74,187225.89,1766512799999,329290.29758,3298
DOTUSDT,1766512800000,1.739,1.775,1.739,1.772,290510.99,1766516399999,511440.64246,3420
DOTUSDT,1766516400000,1.773,1.776,1.755,1.76,868165.22,1766519999999,1527772.25298,3055
DOTUSDT,1766520000000,1.76,1.788,1.755,1.769,350445.81,1766523599999,621857.74714,3088
DOTUSDT,1766523600000,1.77,1.772,1.765,1.767,94631.0,1766527199999,167301.93955,865
DOTUSDT,1766527200000,1.767,1.77,1.754,1.764,162423.96,1766530799999,286368.4747,1483
DOTUSDT,1766530800000,1.763,1.767,1.756,1.765,181502.17,1766534399999,319529.4899,1833
DOTUSDT,1766534400000,1.764,1.773,1.761,1.769,221752.06,1766537999999,392187.42472,1660
DOTUSDT,1766538000000,1.77,1.776,1.756,1.76,81528.06,1766541599999,143916.37461,1338
DOTUSDT,1766541600000,1.76,1.76,1.733,1.738,220682.27,1766545199999,384829.64494,2539
DOTUSDT,1766545200000,1.737,1.752,1.73,1.75,173217.26,1766548799999,301150.93478,1896
DOTUSDT,1766548800000,1.749,1.758,1.735,1.736,145595.16,1766552399999,253928.56394,1213
DOTUSDT,1766552400000,1.735,1.739,1.716,1.727,347667.08,1766555999999,600312.62513,2702
DOTUSDT,1766556000000,1.727,1.732,1.719,1.729,149132.2,1766559599999,257266.02325,1352
DOTUSDT,1766559600000,1.729,1.734,1.723,1.724,150656.11,1766563199999,260461.69855,1431
DOTUSDT,1766563200000,1.724,1.729,1.715,1.72,196632.19,1766566799999,338823.89905,1901
DOTUSDT,1766566800000,1.721,1.73,1.721,1.722,145943.6,1766570399999,251816.71441,1546
DOTUSDT,1766570400000,1.723,1.731,1.723,1.724,178553.79,1766573999999,308646.80438,1814
DOTUSDT,1766574000000,1.724,1.735,1.724,1.728,114470.34,1766577599999,198069.58091,1161
DOTUSDT,1766577600000,1.728,1.739,1.726,1.737,144016.12,1766581199999,249425.08696,1252
DOTUSDT,1766581200000,1.738,1.738,1.723,1.729,202451.36,1766584799999,350658.16407,1890
DOTUSDT,1766584800000,1.729,1.738,1.706,1.724,339896.49,1766588399999,585669.01181,4500
DOTUSDT,1766588400000,1.723,1.736,1.713,1.732,277977.73,1766591999999,479478.48658,3540
DOTUSDT,1766592000000,1.732,1.745,1.72,1.733,321753.77,1766595599999,557458.69803,3317
DOTUSDT,1766595600000,1.734,1.737,1.719,1.721,183301.58,1766599199999,317000.56984,2031
DOTUSDT,1766599200000,1.721,1.727,1.717,1.722,153689.06,1766602799999,264664.64103,1982
DOTUSDT,1766602800000,1.721,1.731,1.716,1.73,157608.83,1766606399999,271701.53625,1450
DOTUSDT,1766606400000,1.73,1.738,1.729,1.729,162521.21,1766609999999,281855.8535,1272
DOTUSDT,1766610000000,1.73,1.734,1.726,1.732,105706.88,1766613599999,182874.86671,1060
DOTUSDT,1766613600000,1.731,1.747,1.73,1.743,118718.76,1766617199999,206360.57297,1595
DOTUSDT,1766617200000,1.743,1.745,1.732,1.738,91425.45,1766620799999,158768.2939,1258
DOTUSDT,1766620800000,1.738,1.745,1.732,1.733,90438.24,1766624399999,157358.09638,1197
DOTUSDT,1766624400000,1.733,1.746,1.733,1.741,93141.3,1766627999999,162066.85948,1057
DOTUSDT,1766628000000,1.742,1.752,1.737,1.75,143129.52,1766631599999,250090.66538,1548
DOTUSDT,1766631600000,1.751,1.753,1.743,1.745,228901.33,1766635199999,399727.66745,1355
DOTUSDT,1766635200000,1.745,1.747,1.741,1.745,103856.21,1766638799999,181200.5728,1127
DOTUSDT,1766638800000,1.744,1.745,1.739,1.739,85319.5,1766642399999,148637.58917,896
DOTUSDT,1766642400000,1.74,1.744,1.737,1.742,89947.08,1766645999999,156527.85017,1439
DOTUSDT,1766646000000,1.742,1.743,1.736,1.737,84518.58,1766649599999,146885.26123,1291
DOTUSDT,1766649600000,1.737,1.743,1.733,1.735,201079.17,1766653199999,349347.67943,2742
DOTUSDT,1766653200000,1.736,1.737,1.73,1.731,183251.14,1766656799999,317440.64945,1825
DOTUSDT,1766656800000,1.73,1.73,1.704,1.706,398776.38,1766660399999,683775.55154,2965
DOTUSDT,1766660400000,1.706,1.717,1.704,1.712,272264.16,1766663999999,465325.46913,2237
DOTUSDT,1766664000000,1.712,1.72,1.71,1.72,184407.87,1766667599999,316202.66188,1737
DOTUSDT,1766667600000,1.72,1.725,1.715,1.721,129601.5,1766671199999,222961.22449,1651
DOTUSDT,1766671200000,1.72,1.721,1.704,1.709,318223.59,1766674799999,545080.23428,2053
DOTUSDT,1766674800000,1.71,1.738,1.706,1.733,452170.05,1766678399999,780113.06617,4056
DOTUSDT,1766678400000,1.734,1.739,1.727,1.733,339664.21,1766681999999,589013.75888,3207
DOTUSDT,1766682000000,1.734,1.737,1.729,1.73,161720.44,1766685599999,280124.44383,1264
DOTUSDT,1766685600000,1.73,1.736,1.729,1.732,233635.81,1766689199999,404823.41255,1650
DOTUSDT,1766689200000,1.732,1.736,1.73,1.735,99035.79,1766692799999,171630.45151,1001
DOTUSDT,1766692800000,1.735,1.735,1.729,1.734,111807.38,1766696399999,193709.30876,1228
DOTUSDT,1766696400000,1.734,1.735,1.732,1.734,42532.4,1766699999999,73752.08089,603
DOTUSDT,1766700000000,1.734,1.735,1.709,1.72,186468.86,1766703599999,321816.85137,1844
DOTUSDT,1766703600000,1.719,1.719,1.678,1.685,681542.13,1766707199999,1153009.56248,6145
DOTUSDT,1766707200000,1.685,1.689,1.653,1.662,896535.78,1766710799999,1494594.24658,6318
DOTUSDT,1766710800000,1.661,1.691,1.66,1.688,299708.48,1766714399999,503684.30397,2617
DOTUSDT,1766714400000,1.688,1.753,1.688,1.743,1108692.19,1766717999999,1922949.67528,10931
DOTUSDT,1766718000000,1.744,1.748,1.731,1.738,603318.2,1766721599999,1048182.27784,4372
DOTUSDT,1766721600000,1.739,1.743,1.727,1.737,259308.72,1766725199999,449811.36467,3134
DOTUSDT,1766725200000,1.738,1.743,1.731,1.735,255792.12,1766728799999,444667.82937,2659
DOTUSDT,1766728800000,1.735,1.744,1.73,1.733,309288.19,1766732399999,536904.41091,2073
DOTUSDT,1766732400000,1.732,1.741,1.713,1.718,212795.81,1766735999999,367629.92954,2175
DOTUSDT,1766736000000,1.717,1.725,1.709,1.716,155067.47,1766739599999,266180.36972,1936
DOTUSDT,1766739600000,1.715,1.72,1.71,1.72,253934.17,1766743199999,435194.23588,1628
DOTUSDT,1766743200000,1.72,1.721,1.711,1.719,138748.28,1766746799999,238334.33573,1502
DOTUSDT,1766746800000,1.718,1.719,1.704,1.713,308843.32,1766750399999,528391.6159,2158
DOTUSDT,1766750400000,1.713,1.726,1.713,1.725,183683.85,1766753999999,316060.14395,1789
DOTUSDT,1766754000000,1.725,1.733,1.721,1.73,136241.74,1766757599999,235389.28913,1660
DOTUSDT,1766757600000,1.73,1.732,1.695,1.703,663680.88,1766761199999,1139797.41421,5755
DOTUSDT,1766761200000,1.701,1.712,1.684,1.707,483386.64,1766764799999,820394.33584,7521
DOTUSDT,1766764800000,1.707,1.712,1.693,1.694,193355.01,1766768399999,329918.97087,2505
DOTUSDT,1766768400000,1.695,1.714,1.694,1.705,131826.39,1766771999999,224737.29537,1866
DOTUSDT,1766772000000,1.706,1.713,1.705,1.709,95493.64,1766775599999,163168.85403,1419
DOTUSDT,1766775600000,1.708,1.723,1.708,1.72,129691.2,1766779199999,222631.37769,1401
DOTUSDT,1766779200000,1.72,1.733,1.717,1.726,138953.8,1766782799999,239848.93456,1976
DOTUSDT,1766782800000,1.727,1.729,1.72,1.721,199341.49,1766786399999,343840.68699,1602
DOTUSDT,1766786400000,1.721,1.73,1.72,1.73,78527.42,1766789999999,135481.78629,1179
DOTUSDT,1766790000000,1.729,1.73,1.722,1.723,73759.01,1766793599999,127265.06922,935
DOTUSDT,1766793600000,1.724,1.731,1.723,1.728,102793.4,1766797199999,177589.86469,1320
DOTUSDT,1766797200000,1.729,1.738,1.723,1.738,165497.71,1766800799999,286151.54029,1439
DOTUSDT,1766800800000,1.737,1.75,1.735,1.746,390889.0,1766804399999,681413.99514,1903
DOTUSDT,1766804400000,1.745,1.774,1.745,1.764,385930.55,1766807999999,679734.03079,3148
DOTUSDT,1766808000000,1.764,1.765,1.746,1.747,243876.95,1766811599999,428215.2783,1305
DOTUSDT,1766811600000,1.747,1.756,1.747,1.756,247262.68,1766815199999,432772.77964,1105
DOTUSDT,1766815200000,1.756,1.758,1.751,1.754,141457.28,1766818799999,248296.07038,880
DOTUSDT,1766818800000,1.753,1.759,1.75,1.752,220018.14,1766822399999,385814.32235,871
DOTUSDT,1766822400000,1.751,1.753,1.747,1.748,123407.72,1766825999999,216024.84301,955
DOTUSDT,1766826000000,1.747,1.749,1.743,1.744,194753.88,1766829599999,339963.92493,1341
DOTUSDT,1766829600000,1.744,1.75,1.735,1.75,186928.14,1766833199999,325689.25634,1283
DOTUSDT,1766833200000,1.75,1.768,1.749,1.766,272395.62,1766836799999,479244.90244,1675
DOTUSDT,1766836800000,1.766,1.773,1.762,1.77,293754.68,1766840399999,519421.90881,1603
DOTUSDT,1766840400000,1.77,1.776,1.763,1.766,221276.92,1766843999999,391305.22815,1864
DOTUSDT,1766844000000,1.767,1.776,1.767,1.774,132135.68,1766847599999,234117.7607,1163
DOTUSDT,1766847600000,1.775,1.823,1.773,1.802,1202763.65,1766851199999,2162550.82329,5802
DOTUSDT,1766851200000,1.802,1.823,1.8,1.804,921669.77,1766854799999,1668542.9142,4288
DOTUSDT,1766854800000,1.804,1.82,1.798,1.818,289786.88,1766858399999,524034.81152,1930
DOTUSDT,1766858400000,1.819,1.848,1.817,1.832,791688.11,1766861999999,1452876.35968,4826
DOTUSDT,1766862000000,1.832,1.845,1.822,1.834,335201.26,1766865599999,614431.53405,2685
DOTUSDT,1766865600000,1.834,1.851,1.834,1.845,365865.47,1766869199999,674790.92709,2601
DOTUSDT,1766869200000,1.844,1.884,1.842,1.881,748195.56,1766872799999,1397652.58327,4774
DOTUSDT,1766872800000,1.882,1.894,1.858,1.874,453025.37,1766876399999,850071.68605,4147
DOTUSDT,1766876400000,1.874,1.928,1.87,1.91,1527579.8,1766879999999,2907026.83367,10424
DOTUSDT,1766880000000,1.91,1.915,1.885,1.886,370116.94,1766883599999,700768.32511,2619
DOTUSDT,1766883600000,1.887,1.888,1.872,1.882,231110.79,1766887199999,434297.5673,1864
DOTUSDT,1766887200000,1.883,1.888,1.877,1.877,123912.51,1766890799999,233238.74551,1299
DOTUSDT,1766890800000,1.877,1.883,1.869,1.872,129181.36,1766894399999,242334.7176,1469
DOTUSDT,1766894400000,1.872,1.885,1.867,1.881,354372.85,1766897999999,665593.43152,1663
DOTUSDT,1766898000000,1.882,1.895,1.878,1.89,169760.11,1766901599999,320394.00989,1409
DOTUSDT,1766901600000,1.89,1.894,1.885,1.89,147772.55,1766905199999,279030.6439,1191
DOTUSDT,1766905200000,1.891,1.896,1.886,1.891,114931.78,1766908799999,217487.31521,1009
DOTUSDT,1766908800000,1.892,1.9,1.888,1.889,188658.28,1766912399999,357195.92127,1706
DOTUSDT,1766912400000,1.889,1.892,1.88,1.882,163813.17,1766915999999,308680.13894,1649
DOTUSDT,1766916000000,1.881,1.893,1.88,1.888,198541.31,1766919599999,374888.5206,1711
DOTUSDT,1766919600000,1.887,1.894,1.876,1.881,365363.17,1766923199999,688301.99098,1768
DOTUSDT,1766923200000,1.882,1.883,1.869,1.871,117972.35,1766926799999,221193.39382,1610
DOTUSDT,1766926800000,1.872,1.881,1.871,1.877,110809.67,1766930399999,207882.86308,1469
DOTUSDT,1766930400000,1.877,1.886,1.873,1.882,109067.65,1766933999999,205068.89817,1395
DOTUSDT,1766934000000,1.881,1.889,1.875,1.878,116294.13,1766937599999,218869.88996,1111
DOTUSDT,1766937600000,1.878,1.88,1.869,1.875,160931.56,1766941199999,301778.31384,1240
DOTUSDT,1766941200000,1.875,1.882,1.874,1.877,153221.1,1766944799999,287650.44869,1281
DOTUSDT,1766944800000,1.878,1.879,1.843,1.845,512266.23,1766948399999,952167.95875,4096
DOTUSDT,1766948400000,1.845,1.848,1.835,1.843,339522.2,1766951999999,625056.90577,2480
DOTUSDT,1766952000000,1.843,1.847,1.838,1.839,118053.67,1766955599999,217662.29108,1184
DOTUSDT,1766955600000,1.838,1.844,1.835,1.843,98289.57,1766959199999,180833.28259,1309
DOTUSDT,1766959200000,1.844,1.848,1.828,1.844,311333.83,1766962799999,572527.53758,2733
DOTUSDT,1766962800000,1.845,1.852,1.838,1.851,149290.99,1766966399999,275438.81751,1440
DOTUSDT,1766966400000,1.851,1.868,1.843,1.861,274570.0,1766969999999,509849.0612,2952
DOTUSDT,1766970000000,1.86,1.881,1.847,1.87,316495.72,1766973599999,590801.00247,3494
DOTUSDT,1766973600000,1.87,1.885,1.858,1.868,467970.7,1766977199999,875209.44865,5368
DOTUSDT,1766977200000,1.868,1.898,1.867,1.897,375300.66,1766980799999,706445.7091,3489
DOTUSDT,1766980800000,1.896,1.904,1.889,1.89,438883.66,1766984399999,831739.41001,2905
DOTUSDT,1766984400000,1.89,1.901,1.883,1.892,203713.86,1766987999999,385219.85664,2183
DOTUSDT,1766988000000,1.892,1.899,1.888,1.891,172289.22,1766991599999,326431.16856,1624
DOTUSDT,1766991600000,1.892,1.894,1.874,1.89,307501.55,1766995199999,579336.44047,2769
DOTUSDT,1766995200000,1.889,1.891,1.873,1.875,204859.33,1766998799999,385899.74218,1993
DOTUSDT,1766998800000,1.875,1.879,1.844,1.855,431355.58,1767002399999,802301.64305,5325
DOTUSDT,1767002400000,1.855,1.868,1.852,1.862,236737.04,1767005999999,440752.31645,2263
DOTUSDT,1767006000000,1.861,1.863,1.848,1.848,281213.16,1767009599999,521650.46546,2114
DOTUSDT,1767009600000,1.848,1.855,1.818,1.837,561571.97,1767013199999,1030366.01489,5981
DOTUSDT,1767013200000,1.838,1.842,1.823,1.828,175194.0,1767016799999,321213.25199,2406
DOTUSDT,1767016800000,1.829,1.858,1.825,1.839,285820.35,1767020399999,526673.17867,4274
DOTUSDT,1767020400000,1.839,1.872,1.835,1.856,329455.89,1767023999999,611079.09768,4213
DOTUSDT,1767024000000,1.856,1.86,1.835,1.846,363519.37,1767027599999,671408.74939,3769
DOTUSDT,1767027600000,1.846,1.858,1.837,1.848,327920.0,1767031199999,605803.13491,3030
DOTUSDT,1767031200000,1.847,1.852,1.832,1.837,299725.7,1767034799999,552933.04495,3029
DOTUSDT,1767034800000,1.837,1.849,1.831,1.839,255792.04,1767038399999,470877.16976,2629
DOTUSDT,1767038400000,1.839,1.848,1.83,1.834,226882.98,1767041999999,416708.12678,2476
DOTUSDT,1767042000000,1.833,1.841,1.831,1.835,214029.68,1767045599999,392760.65029,2367
DOTUSDT,1767045600000,1.835,1.839,1.828,1.835,189063.46,1767049199999,346683.49406,1720
DOTUSDT,1767049200000,1.835,1.837,1.821,1.824,163939.5,1767052799999,299705.27301,1702
DOTUSDT,1767052800000,1.823,1.828,1.802,1.812,311591.56,1767056399999,565475.04204,2830
DOTUSDT,1767056400000,1.813,1.815,1.806,1.809,139559.69,1767059999999,252554.46345,1717
DOTUSDT,1767060000000,1.809,1.812,1.797,1.804,166274.41,1767063599999,299738.48342,2243
DOTUSDT,1767063600000,1.805,1.813,1.792,1.81,228417.76,1767067199999,411621.02787,2078
DOTUSDT,1767067200000,1.811,1.814,1.803,1.805,124072.0,1767070799999,224540.45647,1457
DOTUSDT,1767070800000,1.806,1.809,1.795,1.801,124291.04,1767074399999,223897.66454,1291
DOTUSDT,1767074400000,1.801,1.82,1.8,1.814,196908.11,1767077999999,356822.47604,1828
DOTUSDT,1767078000000,1.814,1.819,1.81,1.812,130537.25,1767081599999,236868.34976,1335
DOTUSDT,1767081600000,1.812,1.842,1.812,1.829,300994.97,1767085199999,550803.57584,3381
DOTUSDT,1767085200000,1.829,1.832,1.82,1.829,168393.97,1767088799999,307721.49376,1773
DOTUSDT,1767088800000,1.83,1.835,1.824,1.826,141995.9,1767092399999,259746.23671,1471
DOTUSDT,1767092400000,1.826,1.827,1.82,1.824,169678.13,1767095999999,309415.19023,1713
DOTUSDT,1767096000000,1.825,1.833,1.821,1.821,140198.82,1767099599999,256050.27907,1579
DOTUSDT,1767099600000,1.821,1.828,1.817,1.818,222141.49,1767103199999,404685.64225,2022
DOTUSDT,1767103200000,1.817,1.835,1.798,1.827,681700.06,1767106799999,1234896.86751,8217
DOTUSDT,1767106800000,1.828,1.846,1.807,1.842,504882.9,1767110399999,923174.57018,6195
DOTUSDT,1767110400000,1.843,1.847,1.824,1.833,259306.16,1767113999999,476104.59272,3892
DOTUSDT,1767114000000,1.833,1.835,1.82,1.827,202896.01,1767117599999,371082.3054,2347
DOTUSDT,1767117600000,1.827,1.83,1.816,1.819,238857.42,1767121199999,435126.66334,1729
DOTUSDT,1767121200000,1.82,1.83,1.808,1.83,137091.77,1767124799999,249141.89794,1641
DOTUSDT,1767124800000,1.829,1.83,1.816,1.817,69805.37,1767128399999,127117.077,791
DOTUSDT,1767128400000,1.817,1.82,1.81,1.814,71963.9,1767131999999,130686.51782,807
DOTUSDT,1767132000000,1.814,1.818,1.807,1.813,64746.57,1767135599999,117328.41468,827
DOTUSDT,1767135600000,1.812,1.817,1.81,1.811,62453.73,1767139199999,113255.95146,1321
DOTUSDT,1767139200000,1.811,1.812,1.8,1.811,95297.73,1767142799999,172091.31339,1617
DOTUSDT,1767142800000,1.811,1.835,1.809,1.825,158268.87,1767146399999,288514.15735,2166
DOTUSDT,1767146400000,1.826,1.829,1.82,1.824,61768.7,1767149999999,112662.51388,1066
DOTUSDT,1767150000000,1.824,1.826,1.81,1.813,46016.6,1767153599999,83550.51065,945
DOTUSDT,1767153600000,1.812,1.818,1.81,1.816,73212.41,1767157199999,132777.65958,1340
DOTUSDT,1767157200000,1.815,1.819,1.812,1.813,54210.24,1767160799999,98443.33515,882
DOTUSDT,1767160800000,1.813,1.815,1.807,1.812,74159.86,1767164399999,134268.0893,1038
DOTUSDT,1767164400000,1.812,1.815,1.806,1.809,103518.82,1767167999999,187278.36154,1443
DOTUSDT,1767168000000,1.809,1.817,1.804,1.807,144427.87,1767171599999,261523.87675,1566
DOTUSDT,1767171600000,1.807,1.813,1.806,1.811,82906.11,1767175199999,149966.97325,1252
DOTUSDT,1767175200000,1.811,1.813,1.803,1.806,101573.93,1767178799999,183507.12526,1136
DOTUSDT,1767178800000,1.806,1.824,1.806,1.823,129068.2,1767182399999,234729.02792,1714
DOTUSDT,1767182400000,1.823,1.825,1.81,1.815,93136.08,1767185999999,169398.35696,1483
DOTUSDT,1767186000000,1.814,1.83,1.811,1.826,97291.76,1767189599999,177335.12224,1751
DOTUSDT,1767189600000,1.827,1.845,1.813,1.821,589533.54,1767193199999,1079524.00822,7237
DOTUSDT,1767193200000,1.821,1.824,1.803,1.814,235194.88,1767196799999,426432.36192,3907
DOTUSDT,1767196800000,1.813,1.813,1.762,1.781,615176.5,1767200399999,1097052.87106,7182
DOTUSDT,1767200400000,1.781,1.787,1.771,1.773,162670.5,1767203999999,289174.31278,1898
DOTUSDT,1767204000000,1.772,1.783,1.765,1.772,166732.27,1767207599999,295874.66721,1666
DOTUSDT,1767207600000,1.772,1.788,1.772,1.777,162051.37,1767211199999,288544.23704,1895
DOTUSDT,1767211200000,1.776,1.789,1.765,1.786,330180.37,1767214799999,586998.13614,3327
DOTUSDT,1767214800000,1.787,1.796,1.785,1.795,119905.84,1767218399999,214741.70406,1693
DOTUSDT,1767218400000,1.795,1.798,1.786,1.786,172420.45,1767221999999,308986.11827,2558
DOTUSDT,1767222000000,1.786,1.795,1.782,1.789,112077.91,1767225599999,200562.78516,844
