symbol,open_time,open,high,low,close,volume,close_time,quote_volume,trades_count
LINKUSDT,1547632800000,0.5355,0.5355,0.5003,0.5066,63365.33,1547636399999,32460.045489,151
LINKUSDT,1547636400000,0.5146,0.5162,0.498,0.498,153229.7,1547639999999,77159.693232,296
LINKUSDT,1547640000000,0.498,0.5021,0.4836,0.4887,185102.78,1547643599999,92128.990157,315
LINKUSDT,1547643600000,0.4887,0.4973,0.4869,0.4869,67053.33,1547647199999,32949.822846,198
LINKUSDT,1547647200000,0.4914,0.492,0.4668,0.4746,168009.3,1547650799999,80173.420608,360
LINKUSDT,1547650800000,0.476,0.4845,0.476,0.479,83996.24,1547654399999,40331.290426,251
LINKUSDT,1547654400000,0.4782,0.4821,0.4677,0.48,78048.67,1547657999999,36982.753894,228
LINKUSDT,1547658000000,0.482,0.52,0.4791,0.5043,132251.61,1547661599999,66074.526,443
LINKUSDT,1547661600000,0.505,0.519,0.5007,0.5016,58508.99,1547665199999,29491.022838,199
LINKUSDT,1547665200000,0.5,0.51,0.4944,0.5041,67946.15,1547668799999,33845.711044,147
LINKUSDT,1547668800000,0.5031,0.52,0.5012,0.5127,102787.08,1547672399999,52938.344321,275
LINKUSDT,1547672400000,0.5097,0.5129,0.5024,0.5117,25010.78,1547675999999,12719.971517,108
LINKUSDT,1547676000000,0.5077,0.5098,0.4854,0.4858,73998.35,1547679599999,36545.371771,263
LINKUSDT,1547679600000,0.4862,0.4954,0.4851,0.4895,84352.0,1547683199999,41212.680306,258
LINKUSDT,1547683200000,0.4895,0.4895,0.4711,0.4711,140573.77,1547686799999,67840.615151,327
LINKUSDT,1547686800000,0.4711,0.4821,0.4701,0.48,103557.49,1547690399999,49381.136911,252
LINKUSDT,1547690400000,0.4823,0.485,0.4776,0.4804,35019.29,1547693999999,16840.803325,125
LINKUSDT,1547694000000,0.4804,0.4844,0.4639,0.4677,110171.68,1547697599999,51901.224867,281
LINKUSDT,1547697600000,0.4685,0.4745,0.4653,0.4682,57024.8,1547701199999,26734.685201,139
LINKUSDT,1547701200000,0.4675,0.4802,0.4654,0.4711,35763.96,1547704799999,16823.68087,130
LINKUSDT,1547704800000,0.4729,0.4807,0.4721,0.4791,30642.75,1547708399999,14619.127721,105
LINKUSDT,1547708400000,0.4791,0.4877,0.472,0.4724,48521.0,1547711999999,23164.825342,118
LINKUSDT,1547712000000,0.4738,0.4803,0.4711,0.4795,12886.71,1547715599999,6124.322392,79
LINKUSDT,1547715600000,0.4787,0.48,0.4736,0.4736,17016.01,1547719199999,8137.906288,85
LINKUSDT,1547719200000,0.4759,0.4862,0.4703,0.476,27645.93,1547722799999,13121.225349,137
LINKUSDT,1547722800000,0.4753,0.4753,0.4705,0.4726,24212.52,1547726399999,11450.235032,58
LINKUSDT,1547726400000,0.4734,0.4753,0.4703,0.4753,8339.26,1547729999999,3941.296114,59
LINKUSDT,1547730000000,0.4752,0.4819,0.4718,0.4807,11363.83,1547733599999,5433.821819,62
LINKUSDT,1547733600000,0.4806,0.4938,0.4765,0.4904,45610.61,1547737199999,22089.539817,219
LINKUSDT,1547737200000,0.4924,0.4953,0.485,0.4874,68042.19,1547740799999,33438.186651,160
LINKUSDT,1547740800000,0.4874,0.4915,0.4789,0.4836,62680.02,1547744399999,30357.690601,130
LINKUSDT,1547744400000,0.4825,0.4836,0.473,0.4745,82174.27,1547747999999,39088.483772,139
LINKUSDT,1547748000000,0.4745,0.4777,0.4706,0.473,162680.61,1547751599999,77193.924952,375
LINKUSDT,1547751600000,0.4723,0.4748,0.471,0.4735,73935.29,1547755199999,35080.272958,164
LINKUSDT,1547755200000,0.4735,0.4794,0.4708,0.4775,179212.46,1547758799999,85086.659633,264
LINKUSDT,1547758800000,0.4789,0.4837,0.4749,0.4751,32775.19,1547762399999,15715.89781,263
LINKUSDT,1547762400000,0.4752,0.4776,0.4741,0.476,13130.34,1547765999999,6248.647053,137
LINKUSDT,1547766000000,0.4769,0.4773,0.4724,0.4756,28745.37,1547769599999,13632.998968,179
LINKUSDT,1547769600000,0.4762,0.4762,0.4718,0.4733,13154.52,1547773199999,6232.443224,102
LINKUSDT,1547773200000,0.4734,0.475,0.4723,0.4734,16702.52,1547776799999,7904.044665,138
LINKUSDT,1547776800000,0.4734,0.4757,0.4727,0.4745,4399.2,1547780399999,2084.861397,103
LINKUSDT,1547780400000,0.4749,0.4756,0.4678,0.4707,18126.01,1547783999999,8530.324453,193
LINKUSDT,1547784000000,0.4686,0.4707,0.4605,0.4687,53418.31,1547787599999,24866.506443,325
LINKUSDT,1547787600000,0.4688,0.4692,0.4601,0.4692,81490.77,1547791199999,37901.555752,309
LINKUSDT,1547791200000,0.4691,0.4729,0.4653,0.4703,14537.79,1547794799999,6849.203487,175
LINKUSDT,1547794800000,0.471,0.472,0.4674,0.4719,13326.36,1547798399999,6241.701762,146
LINKUSDT,1547798400000,0.4719,0.4764,0.4668,0.4726,17861.9,1547801999999,8435.828803,241
LINKUSDT,1547802000000,0.471,0.4744,0.4653,0.4653,10477.64,1547805599999,4898.238694,151
LINKUSDT,1547805600000,0.4653,0.48,0.4634,0.4728,92561.56,1547809199999,44305.605498,324
LINKUSDT,1547809200000,0.4765,0.4765,0.4686,0.4688,6241.37,1547812799999,2939.933929,159
LINKUSDT,1547812800000,0.4686,0.4725,0.4647,0.4653,12905.15,1547816399999,6020.951485,242
LINKUSDT,1547816400000,0.4653,0.475,0.4653,0.4678,14228.93,1547819999999,6695.429218,202
LINKUSDT,1547820000000,0.4681,0.4713,0.4658,0.468,5568.18,1547823599999,2605.624141,61
LINKUSDT,1547823600000,0.4664,0.4739,0.4635,0.471,27974.43,1547827199999,13131.304797,185
LINKUSDT,1547827200000,0.4718,0.4735,0.4676,0.4679,18087.11,1547830799999,8486.296425,133
LINKUSDT,1547830800000,0.4679,0.4734,0.4658,0.4658,2165.65,1547834399999,1014.774386,89
LINKUSDT,1547834400000,0.4656,0.4749,0.4653,0.4749,22472.74,1547837999999,10619.429579,131
LINKUSDT,1547838000000,0.4728,0.473,0.4693,0.472,36577.9,1547841599999,17204.170114,152
LINKUSDT,1547841600000,0.472,0.49,0.472,0.4847,86260.15,1547845199999,41644.452313,335
LINKUSDT,1547845200000,0.4846,0.4959,0.4828,0.4953,148453.25,1547848799999,73275.153357,556
LINKUSDT,1547848800000,0.494,0.5112,0.4882,0.4961,187156.43,1547852399999,93240.602835,678
LINKUSDT,1547852400000,0.4982,0.503,0.4868,0.4894,80269.72,1547855999999,39870.849485,532
LINKUSDT,1547856000000,0.4908,0.4981,0.4871,0.49,29029.37,1547859599999,14253.540452,237
LINKUSDT,1547859600000,0.4897,0.4918,0.4814,0.4834,60725.78,1547863199999,29650.133641,295
LINKUSDT,1547863200000,0.4853,0.4872,0.4786,0.4848,17886.04,1547866799999,8624.16733,217
LINKUSDT,1547866800000,0.4848,0.4848,0.4797,0.4797,9486.97,1547870399999,4567.831026,151
LINKUSDT,1547870400000,0.4804,0.4825,0.4799,0.4816,4873.21,1547873999999,2343.726555,111
LINKUSDT,1547874000000,0.4831,0.4937,0.4805,0.4872,32727.28,1547877599999,15884.776239,262
LINKUSDT,1547877600000,0.4877,0.4906,0.476,0.4777,26814.38,1547881199999,12929.338558,197
LINKUSDT,1547881200000,0.4777,0.4807,0.4684,0.4758,95831.16,1547884799999,45378.131709,416
LINKUSDT,1547884800000,0.4747,0.4757,0.4673,0.4712,23457.74,1547888399999,11080.376497,268
LINKUSDT,1547888400000,0.4705,0.4744,0.4684,0.4744,12810.53,1547891999999,6047.336868,152
LINKUSDT,1547892000000,0.4746,0.5,0.4724,0.478,149336.78,1547895599999,71897.019565,560
LINKUSDT,1547895600000,0.4797,0.4856,0.477,0.4813,39416.04,1547899199999,18943.688286,281
LINKUSDT,1547899200000,0.4829,0.49,0.4812,0.4883,49047.62,1547902799999,23788.981158,325
LINKUSDT,1547902800000,0.4882,0.4884,0.4811,0.4839,28581.42,1547906399999,13869.604588,245
LINKUSDT,1547906400000,0.4833,0.4843,0.48,0.4819,19901.33,1547909999999,9581.164184,135
LINKUSDT,1547910000000,0.4813,0.482,0.48,0.4819,30056.63,1547913599999,14463.06548,71
LINKUSDT,1547913600000,0.4836,0.4852,0.4785,0.4804,19820.29,1547917199999,9573.909782,118
LINKUSDT,1547917200000,0.4804,0.483,0.476,0.4805,20107.82,1547920799999,9637.982053,170
LINKUSDT,1547920800000,0.4824,0.483,0.4773,0.4773,7395.64,1547924399999,3547.585846,38
LINKUSDT,1547924400000,0.4775,0.4827,0.4768,0.4809,9170.27,1547927999999,4399.524245,44
LINKUSDT,1547928000000,0.4821,0.4851,0.4797,0.4849,15103.34,1547931599999,7299.694497,53
LINKUSDT,1547931600000,0.4824,0.4851,0.4773,0.4808,19458.89,1547935199999,9378.749923,78
LINKUSDT,1547935200000,0.4823,0.4851,0.4783,0.4831,11905.89,1547938799999,5745.488299,50
LINKUSDT,1547938800000,0.4831,0.4835,0.4804,0.4831,2498.78,1547942399999,1204.224265,8
LINKUSDT,1547942400000,0.4803,0.4829,0.479,0.4829,4977.83,1547945999999,2388.763532,18
LINKUSDT,1547946000000,0.4829,0.4851,0.4818,0.4849,10551.37,1547949599999,5105.486985,58
LINKUSDT,1547949600000,0.4835,0.4835,0.4818,0.4825,3460.36,1547953199999,1668.216379,14
LINKUSDT,1547953200000,0.482,0.4828,0.4785,0.4821,14389.99,1547956799999,6907.65444,104
LINKUSDT,1547956800000,0.4847,0.4847,0.479,0.4826,4166.49,1547960399999,2002.357823,31
LINKUSDT,1547960400000,0.4826,0.4827,0.4824,0.4824,654.49,1547963999999,315.792811,8
LINKUSDT,1547964000000,0.4827,0.4853,0.4808,0.483,12270.47,1547967599999,5942.988215,39
LINKUSDT,1547967600000,0.483,0.483,0.483,0.483,2262.19,1547971199999,1092.63777,1
LINKUSDT,1547971200000,0.4831,0.4874,0.4831,0.4862,11037.04,1547974799999,5360.471136,47
LINKUSDT,1547974800000,0.4862,0.4909,0.4862,0.4879,22237.1,1547978399999,10846.862612,63
LINKUSDT,1547978400000,0.4879,0.4879,0.4866,0.4868,12790.31,1547981999999,6239.691767,53
LINKUSDT,1547982000000,0.4879,0.4879,0.4712,0.4712,106881.9,1547985599999,51121.642985,187
LINKUSDT,1547985600000,0.4773,0.4773,0.459,0.4623,79616.27,1547989199999,36781.308772,194
LINKUSDT,1547989200000,0.4616,0.4668,0.4611,0.4635,47284.33,1547992799999,21942.985017,96
LINKUSDT,1547992800000,0.4635,0.4668,0.4597,0.4668,20073.76,1547996399999,9290.093962,63
LINKUSDT,1547996400000,0.4673,0.4899,0.4648,0.4871,74759.88,1547999999999,35754.76033,271
LINKUSDT,1548000000000,0.4899,0.492,0.472,0.4858,96677.89,1548003599999,46564.511887,295
LINKUSDT,1548003600000,0.486,0.489,0.4785,0.4851,38992.05,1548007199999,18820.101363,126
LINKUSDT,1548007200000,0.4875,0.4875,0.4735,0.4795,34508.23,1548010799999,16597.003727,151
LINKUSDT,1548010800000,0.4794,0.4849,0.477,0.48,14197.68,1548014399999,6817.784077,53
LINKUSDT,1548014400000,0.4794,0.4863,0.478,0.4792,15384.69,1548017999999,7421.569312,67
LINKUSDT,1548018000000,0.4792,0.4832,0.4738,0.4792,13734.7,1548021599999,6565.793804,50
LINKUSDT,1548021600000,0.4771,0.4835,0.4764,0.4835,7792.31,1548025199999,3758.587041,31
LINKUSDT,1548025200000,0.4856,0.4874,0.4834,0.4834,28798.23,1548028799999,14026.488091,78
LINKUSDT,1548028800000,0.4839,0.493,0.4813,0.485,44838.58,1548032399999,21884.579791,148
LINKUSDT,1548032400000,0.4853,0.4933,0.478,0.478,14546.83,1548035999999,7049.637802,56
LINKUSDT,1548036000000,0.4781,0.4933,0.4765,0.4772,22406.55,1548039599999,10895.354512,48
LINKUSDT,1548039600000,0.4775,0.4874,0.474,0.4781,6878.58,1548043199999,3283.619582,42
LINKUSDT,1548043200000,0.4781,0.4781,0.465,0.468,54226.72,1548046799999,25450.567147,212
LINKUSDT,1548046800000,0.47,0.4728,0.467,0.4702,7563.03,1548050399999,3544.147431,25
LINKUSDT,1548050400000,0.4702,0.4741,0.4693,0.4717,7270.73,1548053999999,3423.595243,54
LINKUSDT,1548054000000,0.4751,0.4819,0.472,0.4797,13022.1,1548057599999,6178.867485,54
LINKUSDT,1548057600000,0.482,0.484,0.4794,0.4794,18645.87,1548061199999,9001.279614,99
LINKUSDT,1548061200000,0.4844,0.4844,0.4781,0.4818,6954.14,1548064799999,3332.837888,24
LINKUSDT,1548064800000,0.4797,0.4843,0.4789,0.4811,8526.43,1548068399999,4105.268561,46
LINKUSDT,1548068400000,0.4814,0.489,0.4785,0.488,18963.55,1548071999999,9149.46426,94
LINKUSDT,1548072000000,0.4877,0.4877,0.4821,0.4832,9190.79,1548075599999,4467.466849,37
LINKUSDT,1548075600000,0.4832,0.4875,0.4799,0.4831,13215.27,1548079199999,6379.139342,93
LINKUSDT,1548079200000,0.4833,0.4844,0.476,0.4793,22258.33,1548082799999,10682.272591,43
LINKUSDT,1548082800000,0.4747,0.4831,0.473,0.4826,5391.63,1548086399999,2588.962611,38
LINKUSDT,1548086400000,0.4822,0.5125,0.4809,0.5075,156317.71,1548089999999,78152.243011,515
LINKUSDT,1548090000000,0.5059,0.5119,0.4948,0.5058,140271.59,1548093599999,70624.115358,293
LINKUSDT,1548093600000,0.5058,0.5075,0.5003,0.5075,19091.1,1548097199999,9624.950953,81
LINKUSDT,1548097200000,0.509,0.5194,0.5072,0.5124,81892.28,1548100799999,41948.190315,314
LINKUSDT,1548100800000,0.5103,0.5198,0.5016,0.5071,101907.8,1548104399999,52064.490681,370
LINKUSDT,1548104400000,0.5067,0.5071,0.4998,0.5,38332.59,1548107999999,19319.05745,108
LINKUSDT,1548108000000,0.501,0.5046,0.494,0.4997,39637.92,1548111599999,19776.189487,85
LINKUSDT,1548111600000,0.4992,0.5013,0.4939,0.4972,46437.72,1548115199999,23160.489656,141
LINKUSDT,1548115200000,0.496,0.5045,0.4956,0.5,17998.13,1548118799999,8949.57965,74
LINKUSDT,1548118800000,0.5024,0.5099,0.5002,0.5099,15876.04,1548122399999,8035.999141,67
LINKUSDT,1548122400000,0.5097,0.5121,0.505,0.5085,15145.71,1548125999999,7697.727415,70
LINKUSDT,1548126000000,0.507,0.507,0.501,0.5045,33105.71,1548129599999,16648.122236,83
LINKUSDT,1548129600000,0.5045,0.5067,0.501,0.5047,24492.52,1548133199999,12342.532407,66
LINKUSDT,1548133200000,0.5059,0.5132,0.5027,0.5084,51651.21,1548136799999,26320.721679,110
LINKUSDT,1548136800000,0.5102,0.5149,0.5056,0.512,46513.83,1548140399999,23814.309132,84
LINKUSDT,1548140400000,0.5108,0.5143,0.5067,0.5081,25293.25,1548143999999,12907.95638,74
LINKUSDT,1548144000000,0.5081,0.5114,0.5067,0.511,9089.5,1548147599999,4635.353095,41
LINKUSDT,1548147600000,0.5086,0.523,0.508,0.5217,107665.36,1548151199999,55443.75008,251
LINKUSDT,1548151200000,0.5186,0.5345,0.5161,0.5266,84546.08,1548154799999,44688.464043,239
LINKUSDT,1548154800000,0.524,0.5295,0.5124,0.526,77171.9,1548158399999,40046.160573,277
LINKUSDT,1548158400000,0.5276,0.5444,0.5249,0.5373,62797.76,1548161999999,33590.765669,264
LINKUSDT,1548162000000,0.5381,0.54,0.531,0.5341,133820.3,1548165599999,71455.549161,233
LINKUSDT,1548165600000,0.5341,0.55,0.5341,0.5391,63574.1,1548169199999,34496.603176,288
LINKUSDT,1548169200000,0.5391,0.5656,0.5361,0.5601,217589.05,1548172799999,120675.333473,567
LINKUSDT,1548172800000,0.5604,0.5627,0.54,0.541,228765.03,1548176399999,126281.653342,597
LINKUSDT,1548176400000,0.5417,0.5475,0.5344,0.5456,106296.26,1548179999999,57321.391334,384
LINKUSDT,1548180000000,0.5473,0.56,0.5406,0.5408,131638.05,1548183599999,72216.915345,390
LINKUSDT,1548183600000,0.5408,0.5422,0.5341,0.5343,105732.29,1548187199999,56839.126715,236
LINKUSDT,1548187200000,0.5356,0.5428,0.5356,0.5404,34083.56,1548190799999,18333.918131,89
LINKUSDT,1548190800000,0.5404,0.5404,0.5323,0.5323,80856.79,1548194399999,43079.482025,198
LINKUSDT,1548194400000,0.5323,0.5452,0.5323,0.5361,83312.64,1548197999999,44724.436359,184
LINKUSDT,1548198000000,0.5362,0.538,0.5323,0.5344,27938.43,1548201599999,14968.03046,106
LINKUSDT,1548201600000,0.5342,0.5387,0.5323,0.5339,30918.09,1548205199999,16500.13204,90
LINKUSDT,1548205200000,0.534,0.5463,0.534,0.5463,20130.65,1548208799999,10917.577952,81
LINKUSDT,1548208800000,0.5472,0.5475,0.5366,0.5379,17538.81,1548212399999,9472.575879,82
LINKUSDT,1548212400000,0.5356,0.5356,0.525,0.5258,104317.44,1548215999999,55420.42522,286
LINKUSDT,1548216000000,0.5258,0.5281,0.5136,0.5225,123414.29,1548219599999,64209.49427,529
LINKUSDT,1548219600000,0.5225,0.5322,0.5224,0.5293,45809.8,1548223199999,24209.43203,116
LINKUSDT,1548223200000,0.5291,0.5325,0.527,0.5299,35166.8,1548226799999,18664.204444,87
LINKUSDT,1548226800000,0.5299,0.5316,0.5175,0.519,21103.44,1548230399999,11052.947828,92
LINKUSDT,1548230400000,0.519,0.52,0.4901,0.5095,231799.05,1548233999999,116414.320135,526
LINKUSDT,1548234000000,0.5122,0.5154,0.5045,0.5076,59898.55,1548237599999,30501.505219,160
LINKUSDT,1548237600000,0.5094,0.5155,0.5094,0.5155,24905.0,1548241199999,12806.741504,87
LINKUSDT,1548241200000,0.5154,0.517,0.5138,0.5156,41074.12,1548244799999,21176.503326,98
LINKUSDT,1548244800000,0.5156,0.5157,0.5107,0.5157,39529.37,1548248399999,20355.814338,144
LINKUSDT,1548248400000,0.5157,0.5157,0.5134,0.514,172897.68,1548251999999,89147.542943,164
LINKUSDT,1548252000000,0.5122,0.5155,0.505,0.5131,39441.84,1548255599999,20110.65066,174
LINKUSDT,1548255600000,0.5131,0.5154,0.512,0.5126,18353.53,1548259199999,9428.41526,93
LINKUSDT,1548259200000,0.5151,0.5314,0.512,0.5197,218022.56,1548262799999,114298.890925,471
LINKUSDT,1548262800000,0.525,0.5334,0.524,0.5248,71286.2,1548266399999,37616.071749,171
LINKUSDT,1548266400000,0.5242,0.5253,0.512,0.5152,39928.97,1548269999999,20650.067276,154
LINKUSDT,1548270000000,0.5156,0.5181,0.5033,0.504,49548.05,1548273599999,25292.628181,137
LINKUSDT,1548273600000,0.5042,0.5099,0.4996,0.5072,257540.55,1548277199999,129152.487554,401
LINKUSDT,1548277200000,0.5061,0.5073,0.4976,0.5012,78201.74,1548280799999,39309.160297,159
LINKUSDT,1548280800000,0.5056,0.5084,0.5017,0.5083,52759.81,1548284399999,26691.563393,167
LINKUSDT,1548284400000,0.5082,0.5083,0.5034,0.5046,33483.05,1548287999999,16953.145336,123
LINKUSDT,1548288000000,0.5046,0.5065,0.5031,0.5038,13730.77,1548291599999,6934.434649,57
LINKUSDT,1548291600000,0.5038,0.5038,0.4969,0.4987,46502.45,1548295199999,23303.314934,136
LINKUSDT,1548295200000,0.4999,0.5042,0.492,0.5008,70264.96,1548298799999,34878.499877,196
LINKUSDT,1548298800000,0.4985,0.5,0.4835,0.4835,151699.78,1548302399999,74591.605204,255
LINKUSDT,1548302400000,0.4835,0.4844,0.4518,0.4808,323743.23,1548305999999,153933.496795,687
LINKUSDT,1548306000000,0.4814,0.4884,0.4791,0.485,89768.42,1548309599999,43374.855885,253
LINKUSDT,1548309600000,0.4845,0.4968,0.4845,0.4948,149743.5,1548313199999,73789.054035,285
LINKUSDT,1548313200000,0.4948,0.4959,0.4897,0.4902,92164.71,1548316799999,45496.67409,189
LINKUSDT,1548316800000,0.4902,0.4913,0.482,0.4831,58966.85,1548320399999,28712.926437,181
LINKUSDT,1548320400000,0.4831,0.4857,0.4772,0.4796,31395.65,1548323999999,15099.386764,111
LINKUSDT,1548324000000,0.479,0.4995,0.479,0.4863,44209.22,1548327599999,21477.486952,161
LINKUSDT,1548327600000,0.4862,0.4923,0.4851,0.4906,35206.33,1548331199999,17184.700669,108
LINKUSDT,1548331200000,0.4891,0.5,0.4858,0.4926,29993.89,1548334799999,14712.495379,117
LINKUSDT,1548334800000,0.4935,0.4999,0.4847,0.4923,33372.58,1548338399999,16375.74642,130
LINKUSDT,1548338400000,0.4911,0.4941,0.4857,0.4861,23595.62,1548341999999,11509.683827,90
LINKUSDT,1548342000000,0.4875,0.4882,0.4842,0.4882,18195.94,1548345599999,8835.474237,81
LINKUSDT,1548345600000,0.4882,0.4898,0.4797,0.483,55167.77,1548349199999,26597.509626,172
LINKUSDT,1548349200000,0.4837,0.4849,0.4834,0.4848,14132.84,1548352799999,6844.57834,59
LINKUSDT,1548352800000,0.4848,0.4929,0.4841,0.491,86315.31,1548356399999,42263.750059,157
LINKUSDT,1548356400000,0.491,0.4967,0.491,0.4928,49179.86,1548359999999,24251.369186,125
LINKUSDT,1548360000000,0.4928,0.4942,0.49,0.4905,20023.9,1548363599999,9845.64898,99
LINKUSDT,1548363600000,0.4905,0.4911,0.4888,0.4911,13974.21,1548367199999,6849.259693,61
LINKUSDT,1548367200000,0.4921,0.4987,0.4921,0.4953,21652.74,1548370799999,10753.135714,91
LINKUSDT,1548370800000,0.4946,0.5031,0.4931,0.5017,56219.0,1548374399999,28024.039988,169
LINKUSDT,1548374400000,0.5031,0.5157,0.5031,0.5071,77198.09,1548377999999,39314.705512,314
LINKUSDT,1548378000000,0.5073,0.5073,0.4998,0.5038,23541.56,1548381599999,11872.352924,85
LINKUSDT,1548381600000,0.5018,0.5031,0.4993,0.5017,28992.24,1548385199999,14526.007577,79
LINKUSDT,1548385200000,0.5017,0.5129,0.5001,0.5036,21837.67,1548388799999,10992.556047,69
LINKUSDT,1548388800000,0.505,0.51,0.505,0.5063,28522.27,1548392399999,14480.328564,88
LINKUSDT,1548392400000,0.5052,0.506,0.5024,0.5044,17666.27,1548395999999,8895.733785,85
LINKUSDT,1548396000000,0.5048,0.5126,0.5048,0.5091,22039.06,1548399599999,11242.809367,93
LINKUSDT,1548399600000,0.5091,0.513,0.5007,0.5042,41278.37,1548403199999,20951.137434,131
LINKUSDT,1548403200000,0.5042,0.5044,0.4975,0.5006,19019.63,1548406799999,9530.878331,101
LINKUSDT,1548406800000,0.5006,0.5062,0.4989,0.5055,13505.66,1548410399999,6767.710713,61
LINKUSDT,1548410400000,0.5065,0.5065,0.5014,0.5025,25356.55,1548413999999,12770.013545,60
LINKUSDT,1548414000000,0.5022,0.5034,0.4975,0.4975,21293.25,1548417599999,10650.391562,82
LINKUSDT,1548417600000,0.4968,0.5009,0.4866,0.4901,96084.9,1548421199999,47691.338642,208
LINKUSDT,1548421200000,0.4905,0.4926,0.474,0.48,199797.17,1548424799999,96280.728215,450
LINKUSDT,1548424800000,0.48,0.4825,0.4795,0.4825,39044.8,1548428399999,18797.112798,102
LINKUSDT,1548428400000,0.4834,0.49,0.4818,0.488,66238.35,1548431999999,32114.279625,158
LINKUSDT,1548432000000,0.488,0.4881,0.4751,0.4792,83020.08,1548435599999,39929.811297,244
LINKUSDT,1548435600000,0.4786,0.4797,0.4762,0.477,29813.87,1548439199999,14265.487626,74
LINKUSDT,1548439200000,0.4772,0.4881,0.4759,0.4769,105445.04,1548442799999,50953.574826,267
LINKUSDT,1548442800000,0.4763,0.4771,0.4712,0.475,72008.4,1548446399999,34122.135301,256
LINKUSDT,1548446400000,0.475,0.4788,0.4741,0.4788,13053.0,1548449999999,6207.875725,58
LINKUSDT,1548450000000,0.4799,0.4836,0.4781,0.4781,23521.86,1548453599999,11298.949241,101
LINKUSDT,1548453600000,0.478,0.4787,0.4771,0.4772,18913.77,1548457199999,9031.118953,64
LINKUSDT,1548457200000,0.4771,0.4771,0.4717,0.4739,25677.22,1548460799999,12157.806463,89
LINKUSDT,1548460800000,0.4736,0.4803,0.4732,0.4791,31634.74,1548464399999,15109.019044,114
LINKUSDT,1548464400000,0.4774,0.4776,0.4738,0.4753,13068.07,1548467999999,6211.252335,48
LINKUSDT,1548468000000,0.4742,0.4802,0.4732,0.4785,14511.82,1548471599999,6906.116538,77
LINKUSDT,1548471600000,0.4785,0.4802,0.4769,0.4782,11671.61,1548475199999,5588.118186,64
LINKUSDT,1548475200000,0.4784,0.4785,0.4766,0.4769,8221.86,1548478799999,3925.100884,48
LINKUSDT,1548478800000,0.477,0.4812,0.4766,0.481,27869.09,1548482399999,13345.405526,99
LINKUSDT,1548482400000,0.4812,0.4825,0.4791,0.4824,71663.33,1548485999999,34502.617784,140
LINKUSDT,1548486000000,0.4825,0.4884,0.4794,0.4856,33606.02,1548489599999,16276.521736,146
LINKUSDT,1548489600000,0.4855,0.487,0.4813,0.484,25105.09,1548493199999,12156.786997,115
LINKUSDT,1548493200000,0.484,0.488,0.483,0.483,25642.88,1548496799999,12440.405837,103
LINKUSDT,1548496800000,0.4831,0.4831,0.4796,0.4796,26031.9,1548500399999,12515.364178,82
LINKUSDT,1548500400000,0.4797,0.4811,0.4788,0.4791,13543.43,1548503999999,6490.786952,57
LINKUSDT,1548504000000,0.4789,0.4803,0.4785,0.479,32450.33,1548507599999,15566.080258,88
LINKUSDT,1548507600000,0.4792,0.4809,0.479,0.4807,7957.61,1548511199999,3816.473467,37
LINKUSDT,1548511200000,0.4795,0.4795,0.4755,0.476,57164.96,1548514799999,27264.150487,124
LINKUSDT,1548514800000,0.475,0.4776,0.4675,0.4704,118966.39,1548518399999,56155.337375,296
LINKUSDT,1548518400000,0.4686,0.4711,0.4644,0.4669,52427.08,1548521999999,24457.183192,170
LINKUSDT,1548522000000,0.4664,0.47,0.4624,0.4657,66702.51,1548525599999,31064.291846,167
LINKUSDT,1548525600000,0.467,0.467,0.4624,0.4641,57653.01,1548529199999,26680.28265,101
LINKUSDT,1548529200000,0.4654,0.475,0.4654,0.4708,63702.81,1548532799999,29945.026751,171
LINKUSDT,1548532800000,0.4708,0.4725,0.4697,0.4704,42971.9,1548536399999,20231.921281,94
LINKUSDT,1548536400000,0.4704,0.4715,0.4654,0.4656,46748.64,1548539999999,21905.042649,102
LINKUSDT,1548540000000,0.4656,0.4697,0.465,0.4657,10010.48,1548543599999,4678.839099,46
LINKUSDT,1548543600000,0.4664,0.4679,0.4661,0.4661,6328.33,1548547199999,2953.696585,40
LINKUSDT,1548547200000,0.4661,0.4666,0.4461,0.4498,260458.73,1548550799999,119150.136387,601
LINKUSDT,1548550800000,0.45,0.4567,0.4492,0.451,83752.7,1548554399999,37809.81746,167
LINKUSDT,1548554400000,0.451,0.4521,0.4355,0.441,193678.64,1548557999999,85828.139767,360
LINKUSDT,1548558000000,0.4415,0.455,0.4405,0.4504,144415.38,1548561599999,64370.581588,248
LINKUSDT,1548561600000,0.4514,0.455,0.4461,0.4501,167304.8,1548565199999,75874.859925,274
LINKUSDT,1548565200000,0.4485,0.4511,0.4406,0.4431,90024.62,1548568799999,40202.327448,231
LINKUSDT,1548568800000,0.4432,0.4472,0.44,0.4406,81007.29,1548572399999,35869.789584,179
LINKUSDT,1548572400000,0.4412,0.4428,0.4365,0.4382,42389.52,1548575999999,18603.292675,127
LINKUSDT,1548576000000,0.4372,0.4441,0.4371,0.4376,72491.14,1548579599999,31894.281427,123
LINKUSDT,1548579600000,0.4377,0.4471,0.4348,0.4407,49150.49,1548583199999,21569.644532,170
LINKUSDT,1548583200000,0.4438,0.4447,0.4334,0.4401,98740.61,1548586799999,43352.580457,211
LINKUSDT,1548586800000,0.4391,0.4449,0.4313,0.4314,116488.5,1548590399999,50767.889386,177
LINKUSDT,1548590400000,0.4314,0.4442,0.4313,0.4325,34215.34,1548593999999,14940.791124,107
LINKUSDT,1548594000000,0.4326,0.4334,0.4288,0.4294,118342.61,1548597599999,51014.621667,304
LINKUSDT,1548597600000,0.4317,0.4347,0.4229,0.4316,165676.27,1548601199999,70977.839525,375
LINKUSDT,1548601200000,0.4335,0.4335,0.424,0.4283,81852.29,1548604799999,35135.923235,187
LINKUSDT,1548604800000,0.4279,0.4387,0.424,0.4377,210285.37,1548608399999,91112.053715,315
LINKUSDT,1548608400000,0.4339,0.438,0.4333,0.4346,25530.35,1548611999999,11101.618947,64
LINKUSDT,1548612000000,0.4333,0.4347,0.4292,0.4331,64178.85,1548615599999,27649.030317,135
LINKUSDT,1548615600000,0.4347,0.4347,0.4273,0.4327,41686.33,1548619199999,17938.68307,92
LINKUSDT,1548619200000,0.4328,0.4347,0.4294,0.4305,47551.84,1548622799999,20538.554636,135
LINKUSDT,1548622800000,0.4313,0.435,0.4284,0.433,27986.1,1548626399999,12058.220248,68
LINKUSDT,1548626400000,0.4327,0.4327,0.4299,0.4304,43092.87,1548629999999,18536.464822,67
LINKUSDT,1548630000000,0.43,0.4319,0.4299,0.4303,18619.01,1548633599999,8007.76015,40
LINKUSDT,1548633600000,0.431,0.4313,0.4275,0.4276,9033.5,1548637199999,3878.89973,34
LINKUSDT,1548637200000,0.4278,0.4294,0.4078,0.4081,217418.33,1548640799999,90628.120942,447
LINKUSDT,1548640800000,0.4086,0.4104,0.404,0.4047,136189.22,1548644399999,55428.516838,284
LINKUSDT,1548644400000,0.4046,0.4068,0.386,0.3877,217947.93,1548647999999,85964.693133,364
LINKUSDT,1548648000000,0.3863,0.3943,0.386,0.3863,97279.6,1548651599999,37840.773603,193
LINKUSDT,1548651600000,0.3871,0.3879,0.3829,0.3842,113251.46,1548655199999,43629.328532,170
LINKUSDT,1548655200000,0.3838,0.3946,0.3782,0.39,223834.79,1548658799999,85669.606459,397
LINKUSDT,1548658800000,0.3912,0.406,0.3899,0.3995,187396.84,1548662399999,75153.33959,219
LINKUSDT,1548662400000,0.3975,0.402,0.3855,0.3857,54209.84,1548665999999,21319.342736,126
LINKUSDT,1548666000000,0.3862,0.4015,0.3862,0.3958,65838.84,1548669599999,26060.658814,149
LINKUSDT,1548669600000,0.3932,0.3973,0.3874,0.3912,34235.36,1548673199999,13394.841377,97
LINKUSDT,1548673200000,0.3913,0.3958,0.3897,0.3907,44033.32,1548676799999,17287.252531,72
LINKUSDT,1548676800000,0.3921,0.3944,0.3812,0.3812,45058.76,1548680399999,17421.698297,114
LINKUSDT,1548680400000,0.3812,0.3822,0.3589,0.3664,836090.49,1548683999999,307043.688846,1086
LINKUSDT,1548684000000,0.3669,0.372,0.362,0.3699,212543.5,1548687599999,78041.606264,364
LINKUSDT,1548687600000,0.3699,0.3711,0.3504,0.3645,277294.83,1548691199999,99806.534705,598
LINKUSDT,1548691200000,0.3646,0.387,0.3644,0.37,222425.83,1548694799999,82504.11567,410
LINKUSDT,1548694800000,0.3701,0.391,0.37,0.3887,179282.6,1548698399999,68717.455205,266
LINKUSDT,1548698400000,0.391,0.4,0.3888,0.3951,105251.33,1548701999999,41298.278603,183
LINKUSDT,1548702000000,0.392,0.392,0.3772,0.3852,73439.0,1548705599999,28155.182368,202
LINKUSDT,1548705600000,0.3856,0.4,0.3826,0.3965,118272.35,1548709199999,46511.282632,258
LINKUSDT,1548709200000,0.3965,0.4,0.3862,0.3881,208220.44,1548712799999,82174.383743,308
LINKUSDT,1548712800000,0.3891,0.4109,0.3891,0.408,170492.34,1548716399999,68406.367893,340
LINKUSDT,1548716400000,0.4085,0.4155,0.4046,0.4116,157171.35,1548719999999,64441.050335,355
LINKUSDT,1548720000000,0.4104,0.439,0.4086,0.4375,222210.91,1548723599999,94207.92325,389
LINKUSDT,1548723600000,0.438,0.4415,0.4171,0.4262,243543.99,1548727199999,105188.609312,642
LINKUSDT,1548727200000,0.4212,0.4376,0.4209,0.4225,138041.9,1548730799999,59273.313667,306
LINKUSDT,1548730800000,0.4225,0.4249,0.407,0.4085,186689.08,1548734399999,76925.487584,376
LINKUSDT,1548734400000,0.4091,0.4286,0.4091,0.4271,217708.95,1548737999999,91740.407283,340
LINKUSDT,1548738000000,0.4261,0.4389,0.4061,0.4147,236593.84,1548741599999,98323.347962,473
LINKUSDT,1548741600000,0.4149,0.4199,0.408,0.4179,97957.89,1548745199999,40542.110213,251
LINKUSDT,1548745200000,0.418,0.4249,0.409,0.4175,109424.34,1548748799999,45591.870633,271
LINKUSDT,1548748800000,0.414,0.4261,0.4128,0.4179,112569.84,1548752399999,47321.843342,266
LINKUSDT,1548752400000,0.4181,0.4343,0.418,0.4185,165141.35,1548755999999,70372.517569,388
LINKUSDT,1548756000000,0.4191,0.4282,0.4146,0.42,71287.7,1548759599999,30002.579435,166
LINKUSDT,1548759600000,0.4196,0.425,0.4168,0.4238,51731.08,1548763199999,21784.869618,129
LINKUSDT,1548763200000,0.4233,0.4339,0.4114,0.4117,144940.07,1548766799999,60963.418926,340
LINKUSDT,1548766800000,0.4124,0.4343,0.4124,0.4287,152034.37,1548770399999,64005.12515,439
LINKUSDT,1548770400000,0.4326,0.44,0.4207,0.433,262525.73,1548773999999,114125.107961,617
LINKUSDT,1548774000000,0.4322,0.4357,0.424,0.4342,270797.77,1548777599999,116798.46014,474
LINKUSDT,1548777600000,0.4332,0.455,0.4302,0.4401,650346.27,1548781199999,289693.20684,954
LINKUSDT,1548781200000,0.4406,0.4485,0.412,0.4449,443294.19,1548784799999,193788.585425,750
LINKUSDT,1548784800000,0.4456,0.458,0.4398,0.4577,253452.51,1548788399999,113707.977315,549
LINKUSDT,1548788400000,0.458,0.4638,0.4498,0.4514,252330.56,1548791999999,115202.211651,670
LINKUSDT,1548792000000,0.4521,0.4556,0.4366,0.4403,318225.49,1548795599999,141551.011505,622
LINKUSDT,1548795600000,0.4407,0.459,0.4304,0.4411,353229.13,1548799199999,155334.113435,699
LINKUSDT,1548799200000,0.4411,0.4495,0.4356,0.4452,93264.16,1548802799999,41487.883101,200
LINKUSDT,1548802800000,0.4452,0.455,0.4445,0.4505,143484.25,1548806399999,64467.754802,412
LINKUSDT,1548806400000,0.4505,0.4514,0.413,0.4349,323124.47,1548809999999,140642.991014,702
LINKUSDT,1548810000000,0.4345,0.435,0.426,0.43,115192.65,1548813599999,49717.395713,266
LINKUSDT,1548813600000,0.43,0.4368,0.43,0.4316,75405.95,1548817199999,32674.687212,215
LINKUSDT,1548817200000,0.4337,0.4393,0.432,0.4334,84077.02,1548820799999,36549.757356,206
LINKUSDT,1548820800000,0.4336,0.4355,0.4275,0.4312,93957.27,1548824399999,40541.172412,164
LINKUSDT,1548824400000,0.4336,0.4336,0.4269,0.4278,39828.67,1548827999999,17137.528913,126
LINKUSDT,1548828000000,0.4278,0.4297,0.424,0.4273,31494.98,1548831599999,13450.876603,113
LINKUSDT,1548831600000,0.4273,0.4361,0.423,0.4346,72036.8,1548835199999,30932.199323,255
LINKUSDT,1548835200000,0.4348,0.4371,0.4302,0.4318,47020.7,1548838799999,20410.361681,144
LINKUSDT,1548838800000,0.4317,0.4317,0.4254,0.4254,42260.25,1548842399999,18071.059559,84
LINKUSDT,1548842400000,0.4254,0.4345,0.4254,0.4327,29418.19,1548845999999,12726.942327,82
LINKUSDT,1548846000000,0.4343,0.435,0.4303,0.4325,26140.56,1548849599999,11336.256131,100
LINKUSDT,1548849600000,0.4325,0.4382,0.4267,0.43,142939.86,1548853199999,61783.703223,247
LINKUSDT,1548853200000,0.43,0.4318,0.4215,0.4268,211246.05,1548856799999,90180.57852,395
LINKUSDT,1548856800000,0.4252,0.4268,0.4216,0.4266,46791.11,1548860399999,19838.193814,167
LINKUSDT,1548860400000,0.4266,0.427,0.4208,0.4208,62714.93,1548863999999,26631.95551,181
LINKUSDT,1548864000000,0.421,0.4274,0.4171,0.4272,191792.93,1548867599999,80914.243899,442
LINKUSDT,1548867600000,0.4272,0.4272,0.4216,0.4232,73070.69,1548871199999,31003.501726,191
LINKUSDT,1548871200000,0.4221,0.4241,0.4179,0.4223,70023.31,1548874799999,29526.902798,182
LINKUSDT,1548874800000,0.4223,0.4275,0.417,0.4187,48018.68,1548878399999,20130.923779,130
LINKUSDT,1548878400000,0.4187,0.4221,0.417,0.4206,35836.52,1548881999999,15024.370336,92
LINKUSDT,1548882000000,0.4221,0.4361,0.4221,0.4292,146446.06,1548885599999,63121.630644,462
LINKUSDT,1548885600000,0.4299,0.4299,0.4238,0.4241,20487.65,1548889199999,8755.108027,64
LINKUSDT,1548889200000,0.424,0.4252,0.4221,0.4249,63044.29,1548892799999,26712.786391,118
LINKUSDT,1548892800000,0.425,0.4374,0.425,0.4355,129761.48,1548896399999,56275.267909,324
LINKUSDT,1548896400000,0.4355,0.441,0.4258,0.4279,130895.37,1548899999999,56519.932097,299
LINKUSDT,1548900000000,0.4279,0.429,0.4247,0.4248,49757.58,1548903599999,21199.983667,97
LINKUSDT,1548903600000,0.425,0.4266,0.4226,0.425,44765.8,1548907199999,19005.40523,132
LINKUSDT,1548907200000,0.4247,0.4249,0.4209,0.4244,36350.11,1548910799999,15360.20575,103
LINKUSDT,1548910800000,0.4244,0.4274,0.4244,0.4262,2921.84,1548914399999,1245.65317,15
LINKUSDT,1548914400000,0.426,0.4275,0.4241,0.4247,15962.89,1548917999999,6787.524362,63
LINKUSDT,1548918000000,0.423,0.4248,0.4193,0.4215,46069.29,1548921599999,19366.532941,82
LINKUSDT,1548921600000,0.4216,0.423,0.4133,0.4158,128408.29,1548925199999,53644.960962,217
LINKUSDT,1548925200000,0.416,0.4183,0.4088,0.4105,100997.04,1548928799999,41698.694501,252
LINKUSDT,1548928800000,0.4098,0.4108,0.3922,0.3944,129453.5,1548932399999,51852.078183,424
LINKUSDT,1548932400000,0.3922,0.4063,0.391,0.4028,86203.2,1548935999999,34288.139425,223
LINKUSDT,1548936000000,0.4044,0.4044,0.4,0.4022,35612.26,1548939599999,14287.498211,103
LINKUSDT,1548939600000,0.4022,0.404,0.3952,0.3952,70066.26,1548943199999,28038.075883,171
LINKUSDT,1548943200000,0.3973,0.4155,0.3973,0.4082,187554.76,1548946799999,76179.792092,586
LINKUSDT,1548946800000,0.4075,0.4155,0.407,0.4127,69970.99,1548950399999,28837.387096,156
LINKUSDT,1548950400000,0.4106,0.415,0.4015,0.4096,108045.88,1548953999999,44201.365209,199
LINKUSDT,1548954000000,0.4114,0.4121,0.4041,0.4067,25845.55,1548957599999,10545.340487,88
LINKUSDT,1548957600000,0.4044,0.4046,0.3959,0.3959,39149.04,1548961199999,15718.161824,133
LINKUSDT,1548961200000,0.3959,0.4088,0.3939,0.3959,145816.25,1548964799999,58541.115389,380
LINKUSDT,1548964800000,0.3959,0.4,0.3955,0.4,22120.8,1548968399999,8813.839893,44
LINKUSDT,1548968400000,0.3996,0.3997,0.3811,0.389,288866.25,1548971999999,112170.314105,471
LINKUSDT,1548972000000,0.389,0.39,0.386,0.3879,53885.7,1548975599999,20897.695819,144
LINKUSDT,1548975600000,0.3879,0.389,0.3816,0.3832,80553.48,1548979199999,31077.066041,193
LINKUSDT,1548979200000,0.385,0.3855,0.3806,0.385,49308.48,1548982799999,18924.153738,148
LINKUSDT,1548982800000,0.3834,0.3847,0.38,0.3824,55843.21,1548986399999,21238.775627,91
LINKUSDT,1548986400000,0.3806,0.3929,0.3806,0.3834,131090.97,1548989999999,50442.434557,281
LINKUSDT,1548990000000,0.3834,0.3893,0.3833,0.3855,50662.35,1548993599999,19454.284887,123
LINKUSDT,1548993600000,0.3854,0.4,0.3847,0.3871,203883.6,1548997199999,78634.849948,123
LINKUSDT,1548997200000,0.3875,0.3938,0.3869,0.3938,51218.4,1549000799999,19918.232979,100
LINKUSDT,1549000800000,0.3951,0.398,0.3889,0.398,68332.53,1549004399999,26854.970036,184
LINKUSDT,1549004400000,0.3969,0.398,0.3892,0.392,22226.69,1549007999999,8761.189753,73
LINKUSDT,1549008000000,0.39,0.3978,0.39,0.3973,18499.17,1549011599999,7321.360241,76
LINKUSDT,1549011600000,0.3978,0.404,0.3978,0.4015,62431.69,1549015199999,24998.040474,159
LINKUSDT,1549015200000,0.4026,0.4081,0.4002,0.4081,19212.18,1549018799999,7796.662705,66
LINKUSDT,1549018800000,0.4081,0.4135,0.4062,0.4077,51901.42,1549022399999,21292.291919,173
LINKUSDT,1549022400000,0.4087,0.4094,0.4029,0.407,33972.27,1549025999999,13751.280891,84
LINKUSDT,1549026000000,0.4075,0.4088,0.4036,0.4041,20332.94,1549029599999,8237.031117,46
LINKUSDT,1549029600000,0.4041,0.4048,0.3999,0.4012,47141.84,1549033199999,18927.559437,132
LINKUSDT,1549033200000,0.4012,0.4023,0.3991,0.401,20369.46,1549036799999,8160.210144,69
LINKUSDT,1549036800000,0.3994,0.4021,0.3958,0.3984,54238.26,1549040399999,21626.571902,132
LINKUSDT,1549040400000,0.4008,0.4011,0.3985,0.3988,10920.1,1549043999999,4365.991784,33
LINKUSDT,1549044000000,0.3992,0.4058,0.3992,0.4058,29720.53,1549047599999,11937.662737,78
LINKUSDT,1549047600000,0.4053,0.4196,0.4036,0.4112,218578.78,1549051199999,90011.933956,446
LINKUSDT,1549051200000,0.4112,0.43,0.4112,0.4221,407653.23,1549054799999,172311.489309,642
LINKUSDT,1549054800000,0.4182,0.4215,0.4114,0.418,114308.76,1549058399999,47497.323686,330
LINKUSDT,1549058400000,0.418,0.4252,0.4169,0.4233,36354.42,1549061999999,15251.15377,127
LINKUSDT,1549062000000,0.4247,0.426,0.412,0.4147,121031.28,1549065599999,50627.011674,256
LINKUSDT,1549065600000,0.4163,0.433,0.4156,0.43,158957.3,1549069199999,67894.812986,304
LINKUSDT,1549069200000,0.431,0.4326,0.4195,0.4199,53082.2,1549072799999,22575.290882,185
LINKUSDT,1549072800000,0.4199,0.421,0.4164,0.4182,32252.84,1549076399999,13489.632901,84
LINKUSDT,1549076400000,0.421,0.4251,0.4195,0.4195,5861.66,1549079999999,2473.162381,37
LINKUSDT,1549080000000,0.4199,0.4199,0.4113,0.4127,29826.03,1549083599999,12375.449979,78
LINKUSDT,1549083600000,0.4127,0.4167,0.4117,0.4167,31363.93,1549087199999,12983.054846,90
LINKUSDT,1549087200000,0.4167,0.4212,0.4167,0.4211,37435.86,1549090799999,15677.017658,88
LINKUSDT,1549090800000,0.4211,0.4216,0.4153,0.4162,19561.25,1549094399999,8202.966146,85
LINKUSDT,1549094400000,0.4161,0.4211,0.412,0.4147,40045.48,1549097999999,16651.437671,96
LINKUSDT,1549098000000,0.4144,0.4147,0.4105,0.4122,25641.16,1549101599999,10560.032835,54
LINKUSDT,1549101600000,0.4122,0.4122,0.411,0.4117,16729.2,1549105199999,6886.515917,57
LINKUSDT,1549105200000,0.411,0.4142,0.4099,0.4128,19083.52,1549108799999,7860.222691,82
LINKUSDT,1549108800000,0.4128,0.4128,0.4072,0.4088,20380.22,1549112399999,8337.40624,63
LINKUSDT,1549112400000,0.4088,0.4112,0.4075,0.4102,5892.77,1549115999999,2416.596322,34
LINKUSDT,1549116000000,0.4102,0.4102,0.405,0.4076,34563.4,1549119599999,14082.357353,103
LINKUSDT,1549119600000,0.4057,0.4085,0.4024,0.4026,32619.02,1549123199999,13186.295278,82
LINKUSDT,1549123200000,0.4026,0.4046,0.3985,0.4005,63400.31,1549126799999,25419.312667,189
LINKUSDT,1549126800000,0.4015,0.4075,0.3993,0.4042,20369.28,1549130399999,8194.421669,40
LINKUSDT,1549130400000,0.4059,0.4082,0.403,0.406,16847.83,1549133999999,6837.058947,81
LINKUSDT,1549134000000,0.4059,0.4088,0.405,0.4056,9368.01,1549137599999,3807.966246,44
LINKUSDT,1549137600000,0.4089,0.4112,0.4078,0.4109,47560.8,1549141199999,19507.501561,121
LINKUSDT,1549141200000,0.4106,0.4138,0.4083,0.4087,29549.1,1549144799999,12178.190034,106
LINKUSDT,1549144800000,0.4087,0.4132,0.4076,0.4126,5306.06,1549148399999,2170.042836,36
LINKUSDT,1549148400000,0.4123,0.4187,0.4112,0.4136,65336.25,1549151999999,27073.585172,212
LINKUSDT,1549152000000,0.417,0.417,0.4066,0.4066,24433.23,1549155599999,10001.878527,95
LINKUSDT,1549155600000,0.407,0.4119,0.405,0.4098,65162.59,1549159199999,26440.566369,89
LINKUSDT,1549159200000,0.409,0.4096,0.4073,0.4094,9677.98,1549162799999,3962.161105,23
LINKUSDT,1549162800000,0.4074,0.4127,0.4074,0.4095,8962.88,1549166399999,3661.588441,34
LINKUSDT,1549166400000,0.408,0.4113,0.4075,0.4087,32656.79,1549169999999,13371.13554,103
LINKUSDT,1549170000000,0.4073,0.4075,0.4059,0.4072,15372.31,1549173599999,6253.746154,45
LINKUSDT,1549173600000,0.4059,0.4077,0.4026,0.4061,30290.64,1549177199999,12253.726959,89
LINKUSDT,1549177200000,0.4061,0.4085,0.4034,0.4084,11231.62,1549180799999,4567.98077,62
LINKUSDT,1549180800000,0.4077,0.4095,0.4051,0.4095,7722.46,1549184399999,3141.691266,37
LINKUSDT,1549184400000,0.4081,0.4081,0.403,0.403,7283.3,1549187999999,2943.712066,30
LINKUSDT,1549188000000,0.4045,0.4067,0.403,0.4045,11527.03,1549191599999,4665.596036,83
LINKUSDT,1549191600000,0.4046,0.4059,0.4003,0.4059,30332.38,1549195199999,12251.222718,89
LINKUSDT,1549195200000,0.4026,0.4029,0.3963,0.4029,84855.67,1549198799999,33897.3529,214
LINKUSDT,1549198800000,0.403,0.403,0.3978,0.3986,37932.42,1549202399999,15171.06426,112
LINKUSDT,1549202400000,0.3986,0.3993,0.3918,0.3967,179419.98,1549205999999,70989.465461,260
LINKUSDT,1549206000000,0.3947,0.402,0.3916,0.3977,110435.14,1549209599999,43572.656036,245
LINKUSDT,1549209600000,0.3977,0.4,0.3961,0.3961,42983.78,1549213199999,17045.689234,84
LINKUSDT,1549213200000,0.396,0.3993,0.396,0.3964,37065.27,1549216799999,14685.54198,43
LINKUSDT,1549216800000,0.3964,0.3977,0.396,0.3961,26229.23,1549220399999,10388.119435,39
LINKUSDT,1549220400000,0.3979,0.4019,0.396,0.3989,56478.73,1549223999999,22434.067934,106
LINKUSDT,1549224000000,0.3964,0.3965,0.3918,0.394,71782.46,1549227599999,28367.249871,146
LINKUSDT,1549227600000,0.3937,0.402,0.386,0.3954,100305.65,1549231199999,39262.577651,228
LINKUSDT,1549231200000,0.3949,0.3994,0.3917,0.3973,35996.96,1549234799999,14233.262554,85
LINKUSDT,1549234800000,0.3973,0.3992,0.3937,0.3963,27032.06,1549238399999,10741.918482,59
LINKUSDT,1549238400000,0.3959,0.4,0.395,0.3953,37530.11,1549241999999,14905.792527,111
LINKUSDT,1549242000000,0.3953,0.3954,0.3871,0.3909,94414.93,1549245599999,36765.470115,144
LINKUSDT,1549245600000,0.3918,0.3934,0.3891,0.3891,21281.34,1549249199999,8313.8185,108
LINKUSDT,1549249200000,0.3888,0.3924,0.3867,0.3903,15876.29,1549252799999,6180.275726,57
LINKUSDT,1549252800000,0.3892,0.398,0.3875,0.3937,24790.48,1549256399999,9774.837883,107
LINKUSDT,1549256400000,0.3939,0.3949,0.388,0.3909,20042.04,1549259999999,7842.171472,63
LINKUSDT,1549260000000,0.3911,0.3911,0.3904,0.3911,13360.14,1549263599999,5224.994175,38
LINKUSDT,1549263600000,0.3904,0.391,0.3868,0.3907,15182.35,1549267199999,5894.771219,71
LINKUSDT,1549267200000,0.3907,0.396,0.3905,0.3936,43978.71,1549270799999,17243.094904,118
LINKUSDT,1549270800000,0.3936,0.399,0.3912,0.3913,25382.91,1549274399999,9997.773108,55
LINKUSDT,1549274400000,0.3917,0.394,0.3917,0.3926,16018.22,1549277999999,6306.770088,23
LINKUSDT,1549278000000,0.3927,0.395,0.3912,0.3941,31010.96,1549281599999,12187.236731,77
LINKUSDT,1549281600000,0.3925,0.3986,0.3916,0.3951,40872.35,1549285199999,16215.183593,107
LINKUSDT,1549285200000,0.3975,0.4006,0.3952,0.3978,88558.15,1549288799999,35079.193113,83
LINKUSDT,1549288800000,0.3978,0.4107,0.3971,0.4065,179120.04,1549292399999,72904.610331,393
LINKUSDT,1549292400000,0.4061,0.4073,0.4018,0.4073,169097.27,1549295999999,68679.245611,117
LINKUSDT,1549296000000,0.4079,0.4125,0.4005,0.4005,153817.89,1549299599999,62309.885676,268
LINKUSDT,1549299600000,0.4007,0.401,0.397,0.401,106026.4,1549303199999,42366.260482,173
LINKUSDT,1549303200000,0.401,0.4092,0.401,0.403,59481.37,1549306799999,24098.210298,171
LINKUSDT,1549306800000,0.403,0.403,0.3982,0.3985,27848.47,1549310399999,11149.654495,59
LINKUSDT,1549310400000,0.4004,0.4034,0.3962,0.3962,37559.02,1549313999999,14988.526249,89
LINKUSDT,1549314000000,0.3962,0.4047,0.3946,0.3967,96493.63,1549317599999,38340.308043,145
LINKUSDT,1549317600000,0.3963,0.3999,0.3943,0.3985,112426.87,1549321199999,44629.011221,132
LINKUSDT,1549321200000,0.398,0.3981,0.3943,0.3943,19215.02,1549324799999,7612.487579,37
LINKUSDT,1549324800000,0.3926,0.3972,0.3921,0.3928,13787.03,1549328399999,5422.964984,39
LINKUSDT,1549328400000,0.3928,0.3951,0.3918,0.395,14395.06,1549331999999,5684.014862,33
LINKUSDT,1549332000000,0.3952,0.3974,0.3928,0.3928,16223.42,1549335599999,6434.872387,51
LINKUSDT,1549335600000,0.394,0.4025,0.3926,0.3932,30829.71,1549339199999,12180.086894,72
LINKUSDT,1549339200000,0.3932,0.3932,0.3911,0.3925,20909.13,1549342799999,8193.508796,44
LINKUSDT,1549342800000,0.3925,0.3936,0.3902,0.3936,27877.28,1549346399999,10915.673803,67
LINKUSDT,1549346400000,0.3936,0.403,0.3931,0.4011,36719.3,1549349999999,14676.767621,94
LINKUSDT,1549350000000,0.4,0.4001,0.3926,0.3938,34894.19,1549353599999,13786.495249,95
LINKUSDT,1549353600000,0.3964,0.3964,0.3938,0.3955,14020.49,1549357199999,5541.086413,39
LINKUSDT,1549357200000,0.3938,0.3946,0.391,0.3931,110165.76,1549360799999,43174.487076,90
LINKUSDT,1549360800000,0.3931,0.3994,0.391,0.3963,69210.72,1549364399999,27348.905735,139
LINKUSDT,1549364400000,0.3963,0.3973,0.3938,0.3947,14463.46,1549367999999,5713.124484,46
LINKUSDT,1549368000000,0.3965,0.4033,0.3941,0.3946,39179.8,1549371599999,15650.283204,116
LINKUSDT,1549371600000,0.3967,0.4,0.3951,0.3999,11961.13,1549375199999,4779.844087,42
LINKUSDT,1549375200000,0.3999,0.4026,0.3997,0.3997,29482.07,1549378799999,11821.543475,99
LINKUSDT,1549378800000,0.3985,0.4069,0.3976,0.4052,29732.01,1549382399999,11974.531178,100
LINKUSDT,1549382400000,0.4057,0.4269,0.4045,0.4174,168303.3,1549385999999,69737.176322,508
LINKUSDT,1549386000000,0.4191,0.423,0.41,0.412,151386.34,1549389599999,62889.408262,432
LINKUSDT,1549389600000,0.412,0.4199,0.4072,0.4088,61826.33,1549393199999,25617.99666,233
LINKUSDT,1549393200000,0.409,0.4297,0.407,0.4145,88361.32,1549396799999,36655.357372,244
LINKUSDT,1549396800000,0.4161,0.4229,0.4143,0.4197,40270.23,1549400399999,16844.332421,124
LINKUSDT,1549400400000,0.4199,0.4327,0.4199,0.4227,171257.85,1549403999999,73138.909772,397
LINKUSDT,1549404000000,0.4227,0.4296,0.4217,0.4241,81107.43,1549407599999,34553.349188,186
LINKUSDT,1549407600000,0.4243,0.4256,0.4198,0.4224,22743.67,1549411199999,9606.383689,121
LINKUSDT,1549411200000,0.4224,0.4236,0.4116,0.4129,97723.23,1549414799999,40704.223347,210
LINKUSDT,1549414800000,0.4134,0.4165,0.3978,0.4075,266109.64,1549418399999,108535.352826,616
LINKUSDT,1549418400000,0.4058,0.4139,0.4028,0.4109,60888.26,1549421999999,24863.66429,187
LINKUSDT,1549422000000,0.4128,0.4128,0.4057,0.4108,53880.27,1549425599999,22035.248649,150
LINKUSDT,1549425600000,0.4108,0.413,0.4021,0.4077,34640.16,1549429199999,14103.528477,107
LINKUSDT,1549429200000,0.4077,0.4091,0.399,0.4014,100151.07,1549432799999,40253.815946,226
LINKUSDT,1549432800000,0.4015,0.4047,0.3993,0.4047,37849.67,1549436399999,15186.267242,166
LINKUSDT,1549436400000,0.4043,0.412,0.404,0.4087,33119.93,1549439999999,13503.891395,189
LINKUSDT,1549440000000,0.4087,0.4096,0.4012,0.402,40087.21,1549443599999,16245.262611,119
LINKUSDT,1549443600000,0.4023,0.4023,0.3982,0.4007,17243.07,1549447199999,6900.075463,103
LINKUSDT,1549447200000,0.4004,0.4015,0.3978,0.401,17658.09,1549450799999,7064.992687,137
LINKUSDT,1549450800000,0.4001,0.4078,0.4001,0.4066,86863.39,1549454399999,35068.096413,174
LINKUSDT,1549454400000,0.4057,0.4066,0.401,0.402,54844.17,1549457999999,22158.596236,133
LINKUSDT,1549458000000,0.402,0.4027,0.3965,0.3981,56097.03,1549461599999,22418.458277,162
LINKUSDT,1549461600000,0.398,0.3989,0.3915,0.3919,96423.64,1549465199999,38038.431549,254
LINKUSDT,1549465200000,0.3919,0.4004,0.3917,0.3994,14113.65,1549468799999,5596.913896,76
LINKUSDT,1549468800000,0.3996,0.4025,0.3947,0.3973,31777.91,1549472399999,12654.070009,114
LINKUSDT,1549472400000,0.3994,0.4101,0.3981,0.4013,65002.44,1549475999999,26226.259251,187
LINKUSDT,1549476000000,0.4022,0.4033,0.3954,0.3979,55087.86,1549479599999,21918.686844,118
LINKUSDT,1549479600000,0.3971,0.3977,0.3928,0.3944,21833.61,1549483199999,8622.290388,74
LINKUSDT,1549483200000,0.3944,0.3976,0.3938,0.3957,6328.11,1549486799999,2497.014385,44
LINKUSDT,1549486800000,0.3958,0.4006,0.3944,0.3999,50955.79,1549490399999,20294.72994,121
LINKUSDT,1549490400000,0.3991,0.4025,0.3987,0.3991,50566.49,1549493999999,20253.357216,111
LINKUSDT,1549494000000,0.3998,0.4,0.3972,0.4,19301.52,1549497599999,7676.393906,37
LINKUSDT,1549497600000,0.4,0.4023,0.3974,0.3974,28393.62,1549501199999,11375.305413,80
LINKUSDT,1549501200000,0.3984,0.3998,0.3926,0.3926,30243.88,1549504799999,11963.475859,105
LINKUSDT,1549504800000,0.3926,0.3983,0.3921,0.3957,36921.05,1549508399999,14610.292408,144
LINKUSDT,1549508400000,0.3943,0.3967,0.3913,0.3967,53533.16,1549511999999,21063.160005,170
LINKUSDT,1549512000000,0.3971,0.3998,0.3949,0.3958,34740.0,1549515599999,13825.608251,116
LINKUSDT,1549515600000,0.3965,0.3995,0.3965,0.3985,5620.03,1549519199999,2240.082875,30
LINKUSDT,1549519200000,0.3966,0.4008,0.396,0.3982,52596.12,1549522799999,20878.68374,109
LINKUSDT,1549522800000,0.4008,0.401,0.3972,0.3982,3504.61,1549526399999,1395.275722,15
LINKUSDT,1549526400000,0.3994,0.4044,0.3989,0.4044,15635.45,1549529999999,6285.291164,83
LINKUSDT,1549530000000,0.4044,0.405,0.3978,0.3995,14364.32,1549533599999,5777.650212,71
LINKUSDT,1549533600000,0.3991,0.402,0.3991,0.4014,20921.3,1549537199999,8382.820987,85
LINKUSDT,1549537200000,0.4014,0.4064,0.3995,0.3996,34394.3,1549540799999,13842.165351,135
LINKUSDT,1549540800000,0.3996,0.4024,0.3996,0.4015,18558.54,1549544399999,7443.663432,66
LINKUSDT,1549544400000,0.4006,0.4023,0.3984,0.3987,12398.27,1549547999999,4963.67809,74
LINKUSDT,1549548000000,0.4001,0.4049,0.3991,0.4031,7428.31,1549551599999,2978.808858,36
LINKUSDT,1549551600000,0.4027,0.4028,0.4005,0.4005,12152.51,1549555199999,4873.106682,34
LINKUSDT,1549555200000,0.4025,0.405,0.4009,0.4027,23163.5,1549558799999,9344.235061,83
LINKUSDT,1549558800000,0.4032,0.4064,0.4019,0.4033,22309.69,1549562399999,9033.507831,57
LINKUSDT,1549562400000,0.4034,0.4034,0.401,0.4011,4667.82,1549565999999,1879.586904,28
LINKUSDT,1549566000000,0.401,0.4044,0.4,0.4044,26086.74,1549569599999,10474.796925,72
LINKUSDT,1549569600000,0.4044,0.4065,0.4,0.4016,12702.57,1549573199999,5107.237503,45
LINKUSDT,1549573200000,0.4003,0.4031,0.4001,0.4012,3889.64,1549576799999,1558.968308,28
LINKUSDT,1549576800000,0.4002,0.4027,0.4001,0.4005,12894.72,1549580399999,5180.523506,51
LINKUSDT,1549580400000,0.4026,0.406,0.4,0.4021,11722.21,1549583999999,4715.857443,53
LINKUSDT,1549584000000,0.4021,0.4044,0.3985,0.4044,16433.98,1549587599999,6565.327972,77
LINKUSDT,1549587600000,0.4044,0.419,0.3997,0.41,88200.75,1549591199999,36174.899623,250
LINKUSDT,1549591200000,0.4094,0.4187,0.4075,0.4096,81006.1,1549594799999,33545.046702,343
LINKUSDT,1549594800000,0.4093,0.416,0.4082,0.416,32574.98,1549598399999,13432.493124,130
LINKUSDT,1549598400000,0.4136,0.4161,0.41,0.41,46818.43,1549601999999,19303.018596,123
LINKUSDT,1549602000000,0.41,0.4173,0.4081,0.4156,36554.79,1549605599999,15109.907241,154
LINKUSDT,1549605600000,0.4173,0.4189,0.4121,0.4152,30571.95,1549609199999,12708.214081,105
LINKUSDT,1549609200000,0.415,0.4191,0.4129,0.4173,42224.15,1549612799999,17578.698376,123
LINKUSDT,1549612800000,0.4172,0.4268,0.4162,0.4231,124008.03,1549616399999,52254.578619,360
LINKUSDT,1549616400000,0.4231,0.4243,0.4163,0.4169,80453.0,1549619999999,33794.793636,210
LINKUSDT,1549620000000,0.417,0.4203,0.4148,0.4149,20142.17,1549623599999,8413.344768,139
LINKUSDT,1549623600000,0.4166,0.4222,0.4165,0.4217,66890.22,1549627199999,28142.398678,185
LINKUSDT,1549627200000,0.4217,0.4238,0.4183,0.4187,125476.15,1549630799999,52717.395767,161
LINKUSDT,1549630800000,0.4187,0.4225,0.4186,0.4208,20113.08,1549634399999,8450.247115,75
LINKUSDT,1549634400000,0.4222,0.4225,0.4174,0.4181,30473.16,1549637999999,12800.689984,135
LINKUSDT,1549638000000,0.4197,0.4269,0.4173,0.425,151867.1,1549641599999,64001.826335,344
LINKUSDT,1549641600000,0.4241,0.4468,0.4222,0.4356,310825.48,1549645199999,135363.727,655
LINKUSDT,1549645200000,0.4358,0.438,0.4252,0.4327,246767.11,1549648799999,106562.856528,475
LINKUSDT,1549648800000,0.4364,0.4364,0.428,0.4361,79418.61,1549652399999,34278.073938,147
LINKUSDT,1549652400000,0.4361,0.45,0.4345,0.4447,204093.78,1549655999999,90102.361643,366
LINKUSDT,1549656000000,0.4435,0.4445,0.435,0.4364,33992.59,1549659599999,14910.789128,140
LINKUSDT,1549659600000,0.4373,0.4399,0.4238,0.4341,77870.72,1549663199999,33629.025799,261
LINKUSDT,1549663200000,0.432,0.4364,0.4286,0.4286,29045.85,1549666799999,12529.348909,78
LINKUSDT,1549666800000,0.429,0.4383,0.429,0.4383,40147.4,1549670399999,17324.235041,158
LINKUSDT,1549670400000,0.4371,0.4394,0.4342,0.4357,40661.44,1549673999999,17737.649103,121
LINKUSDT,1549674000000,0.4376,0.4376,0.4319,0.434,15976.81,1549677599999,6937.199665,98
LINKUSDT,1549677600000,0.4371,0.4371,0.4316,0.4342,29643.49,1549681199999,12834.028403,104
LINKUSDT,1549681200000,0.4342,0.4366,0.433,0.4348,9674.73,1549684799999,4200.639045,35
LINKUSDT,1549684800000,0.4348,0.4366,0.431,0.4366,45166.51,1549688399999,19602.677361,117
LINKUSDT,1549688400000,0.4366,0.4376,0.4341,0.4364,13814.22,1549691999999,6023.61978,46
LINKUSDT,1549692000000,0.4363,0.4398,0.4338,0.4366,14368.79,1549695599999,6257.00396,46
LINKUSDT,1549695600000,0.4364,0.4412,0.4332,0.4393,31623.65,1549699199999,13817.955902,154
LINKUSDT,1549699200000,0.4418,0.449,0.4395,0.4474,67489.74,1549702799999,30023.471213,312
LINKUSDT,1549702800000,0.4439,0.4493,0.4436,0.4438,23079.24,1549706399999,10280.218217,74
LINKUSDT,1549706400000,0.4466,0.4467,0.4407,0.4449,22913.08,1549709999999,10144.318571,77
LINKUSDT,1549710000000,0.4446,0.4479,0.443,0.4446,21502.43,1549713599999,9580.945678,85
LINKUSDT,1549713600000,0.4466,0.4497,0.4446,0.4464,39148.81,1549717199999,17489.22488,115
LINKUSDT,1549717200000,0.4464,0.4571,0.4464,0.4568,32828.23,1549720799999,14889.140186,170
LINKUSDT,1549720800000,0.4568,0.458,0.45,0.4525,102910.14,1549724399999,46683.946803,265
LINKUSDT,1549724400000,0.4549,0.4844,0.4536,0.4813,202193.75,1549727999999,95265.523048,670
LINKUSDT,1549728000000,0.4789,0.4812,0.4662,0.4768,261653.21,1549731599999,124118.386387,594
LINKUSDT,1549731600000,0.4785,0.4786,0.4613,0.4681,127522.45,1549735199999,59691.618294,298
LINKUSDT,1549735200000,0.4681,0.4687,0.4601,0.462,90679.68,1549738799999,42080.446799,175
LINKUSDT,1549738800000,0.462,0.4664,0.4603,0.4604,18164.26,1549742399999,8408.226389,89
LINKUSDT,1549742400000,0.4623,0.4799,0.4605,0.4729,65918.09,1549745999999,31014.21776,288
LINKUSDT,1549746000000,0.4719,0.4719,0.4629,0.464,45790.07,1549749599999,21374.51823,165
LINKUSDT,1549749600000,0.4642,0.4662,0.4603,0.4622,44110.72,1549753199999,20384.101662,149
LINKUSDT,1549753200000,0.462,0.4666,0.461,0.4612,17982.41,1549756799999,8331.968029,73
LINKUSDT,1549756800000,0.4648,0.4702,0.4622,0.4622,31976.9,1549760399999,14932.507415,165
LINKUSDT,1549760400000,0.4622,0.4681,0.4611,0.4648,36249.06,1549763999999,16845.68294,128
LINKUSDT,1549764000000,0.4655,0.4655,0.4616,0.4616,51750.45,1549767599999,24012.329167,123
LINKUSDT,1549767600000,0.4617,0.463,0.4563,0.4577,72685.3,1549771199999,33364.595636,186
LINKUSDT,1549771200000,0.458,0.4626,0.4543,0.4626,30764.34,1549774799999,14121.861609,117
LINKUSDT,1549774800000,0.4626,0.47,0.4626,0.4664,87345.08,1549778399999,40519.969041,212
LINKUSDT,1549778400000,0.4684,0.48,0.4653,0.4744,108625.19,1549781999999,51485.917325,377
LINKUSDT,1549782000000,0.4744,0.4795,0.462,0.466,95900.67,1549785599999,44999.32819,281
LINKUSDT,1549785600000,0.4659,0.4725,0.4637,0.4725,38093.92,1549789199999,17890.292767,144
LINKUSDT,1549789200000,0.4717,0.4725,0.4628,0.469,52582.38,1549792799999,24577.249044,142
LINKUSDT,1549792800000,0.469,0.4723,0.4649,0.4667,37257.95,1549796399999,17423.647665,136
LINKUSDT,1549796400000,0.4665,0.472,0.464,0.4684,30616.47,1549799999999,14287.826372,130
LINKUSDT,1549800000000,0.4668,0.4704,0.465,0.4653,20170.04,1549803599999,9428.63577,110
LINKUSDT,1549803600000,0.466,0.4661,0.4623,0.4651,26819.62,1549807199999,12435.578724,88
LINKUSDT,1549807200000,0.465,0.4686,0.4638,0.4653,14657.11,1549810799999,6823.640949,76
LINKUSDT,1549810800000,0.4653,0.4697,0.463,0.4697,32237.75,1549814399999,14976.124065,84
LINKUSDT,1549814400000,0.4684,0.4697,0.4496,0.453,517457.21,1549817999999,236814.581518,946
LINKUSDT,1549818000000,0.4547,0.4571,0.453,0.4534,39746.22,1549821599999,18082.868307,130
LINKUSDT,1549821600000,0.4536,0.4564,0.4506,0.4526,39050.95,1549825199999,17681.546231,120
LINKUSDT,1549825200000,0.4506,0.4553,0.4501,0.4527,15527.12,1549828799999,7034.355374,69
LINKUSDT,1549828800000,0.4545,0.4545,0.445,0.4451,165430.5,1549832399999,74009.171807,246
LINKUSDT,1549832400000,0.4473,0.4513,0.4454,0.4475,24100.52,1549835999999,10804.165058,98
LINKUSDT,1549836000000,0.4475,0.4506,0.4325,0.4448,276480.14,1549839599999,121723.234375,586
LINKUSDT,1549839600000,0.4502,0.4548,0.44,0.4499,155325.66,1549843199999,69116.510271,352
LINKUSDT,1549843200000,0.4495,0.4515,0.4355,0.4399,152278.48,1549846799999,67002.65271,365
LINKUSDT,1549846800000,0.4378,0.4405,0.43,0.4405,140468.21,1549850399999,60834.704615,288
LINKUSDT,1549850400000,0.4402,0.4414,0.4365,0.4404,62876.42,1549853999999,27547.251665,155
LINKUSDT,1549854000000,0.4404,0.4407,0.4365,0.4365,18658.3,1549857599999,8174.826077,94
LINKUSDT,1549857600000,0.4388,0.4478,0.4388,0.444,19027.89,1549861199999,8425.928207,95
LINKUSDT,1549861200000,0.4437,0.4475,0.4418,0.4433,18795.68,1549864799999,8339.202323,59
LINKUSDT,1549864800000,0.446,0.45,0.4448,0.4488,46731.28,1549868399999,20951.477304,140
LINKUSDT,1549868400000,0.4488,0.45,0.4449,0.4451,30264.86,1549871999999,13487.209175,100
LINKUSDT,1549872000000,0.4451,0.4475,0.4436,0.4436,12032.97,1549875599999,5353.698686,51
LINKUSDT,1549875600000,0.4436,0.4513,0.4403,0.4452,49647.69,1549879199999,22124.45382,148
LINKUSDT,1549879200000,0.4444,0.4471,0.4434,0.4454,15081.0,1549882799999,6726.023347,77
LINKUSDT,1549882800000,0.4459,0.4475,0.442,0.4441,55175.05,1549886399999,24541.89579,156
LINKUSDT,1549886400000,0.4432,0.4442,0.4407,0.4407,58704.87,1549889999999,26044.085263,138
LINKUSDT,1549890000000,0.4413,0.4442,0.439,0.443,52763.55,1549893599999,23394.493775,151
LINKUSDT,1549893600000,0.443,0.4433,0.4334,0.4369,113484.96,1549897199999,49563.276601,356
LINKUSDT,1549897200000,0.4369,0.4369,0.4218,0.4242,273940.12,1549900799999,117047.180999,675
LINKUSDT,1549900800000,0.4242,0.4248,0.42,0.4233,151449.79,1549904399999,63981.979014,370
LINKUSDT,1549904400000,0.4235,0.4259,0.4219,0.4239,93230.85,1549907999999,39524.80025,238
LINKUSDT,1549908000000,0.4263,0.435,0.4239,0.4265,82651.39,1549911599999,35372.20137,197
LINKUSDT,1549911600000,0.4265,0.4308,0.4265,0.4308,39335.21,1549915199999,16868.388528,148
LINKUSDT,1549915200000,0.4299,0.4345,0.4281,0.4312,41919.8,1549918799999,18039.537888,120
LINKUSDT,1549918800000,0.4312,0.435,0.4274,0.4308,23435.16,1549922399999,10096.149671,124
LINKUSDT,1549922400000,0.429,0.4325,0.427,0.4311,20834.17,1549925999999,8948.787236,59
LINKUSDT,1549926000000,0.4311,0.4319,0.4243,0.4289,7409.69,1549929599999,3165.668317,60
LINKUSDT,1549929600000,0.4277,0.4277,0.418,0.4232,85264.56,1549933199999,35879.040645,252
LINKUSDT,1549933200000,0.4215,0.4259,0.4206,0.424,19735.28,1549936799999,8349.574292,79
LINKUSDT,1549936800000,0.4238,0.4264,0.4223,0.4223,45125.88,1549940399999,19136.51106,131
LINKUSDT,1549940400000,0.4221,0.4316,0.4206,0.4281,64055.91,1549943999999,27174.8445,173
LINKUSDT,1549944000000,0.4289,0.4319,0.4273,0.4292,26885.74,1549947599999,11573.695777,96
LINKUSDT,1549947600000,0.4292,0.4327,0.4279,0.4325,20418.41,1549951199999,8805.217452,58
LINKUSDT,1549951200000,0.4308,0.4327,0.427,0.4324,31529.89,1549954799999,13501.564383,115
LINKUSDT,1549954800000,0.4301,0.4327,0.4271,0.4284,11894.17,1549958399999,5123.10567,48
LINKUSDT,1549958400000,0.4295,0.4295,0.4176,0.42,75850.51,1549961999999,32041.90156,152
LINKUSDT,1549962000000,0.4204,0.4246,0.4204,0.424,19189.64,1549965599999,8104.538526,79
LINKUSDT,1549965600000,0.4239,0.4263,0.4226,0.4251,27680.87,1549969199999,11764.12837,67
LINKUSDT,1549969200000,0.425,0.4251,0.4235,0.4235,16541.34,1549972799999,7025.514691,28
LINKUSDT,1549972800000,0.4235,0.43,0.4222,0.4265,34297.12,1549976399999,14538.208045,79
LINKUSDT,1549976400000,0.425,0.431,0.4243,0.4284,30958.83,1549979999999,13237.669832,88
LINKUSDT,1549980000000,0.4307,0.4307,0.4242,0.4242,40031.35,1549983599999,17037.981007,85
LINKUSDT,1549983600000,0.4241,0.4289,0.4204,0.4241,66231.13,1549987199999,27995.506769,141
LINKUSDT,1549987200000,0.4235,0.4325,0.4235,0.4313,79967.2,1549990799999,34320.924867,209
LINKUSDT,1549990800000,0.4325,0.4339,0.4292,0.4311,27498.04,1549994399999,11858.914032,98
LINKUSDT,1549994400000,0.4313,0.4349,0.4257,0.4281,30882.13,1549997999999,13317.097433,158
LINKUSDT,1549998000000,0.426,0.4374,0.4244,0.4257,84791.1,1550001599999,36329.843138,245
LINKUSDT,1550001600000,0.4267,0.432,0.4258,0.428,22415.98,1550005199999,9624.883929,65
LINKUSDT,1550005200000,0.4283,0.4308,0.4195,0.4254,56336.87,1550008799999,23884.778726,176
LINKUSDT,1550008800000,0.4259,0.4259,0.4198,0.4254,18175.16,1550012399999,7676.750847,60
LINKUSDT,1550012400000,0.425,0.4283,0.425,0.4277,5546.47,1550015999999,2366.564853,36
LINKUSDT,1550016000000,0.4277,0.4293,0.4247,0.4284,8032.16,1550019599999,3425.724546,49
LINKUSDT,1550019600000,0.4279,0.4295,0.4249,0.4269,32067.15,1550023199999,13682.034273,101
LINKUSDT,1550023200000,0.4254,0.4261,0.4223,0.426,27684.02,1550026799999,11734.549,93
LINKUSDT,1550026800000,0.4261,0.4291,0.4261,0.4282,7751.67,1550030399999,3306.590639,34
LINKUSDT,1550030400000,0.4282,0.4282,0.4252,0.4275,8914.4,1550033999999,3796.197349,34
LINKUSDT,1550034000000,0.4279,0.4291,0.42,0.4256,106091.09,1550037599999,44830.076555,254
LINKUSDT,1550037600000,0.4255,0.4274,0.422,0.4231,24290.78,1550041199999,10318.600662,122
LINKUSDT,1550041200000,0.4231,0.4259,0.4208,0.425,11060.74,1550044799999,4688.903046,35
LINKUSDT,1550044800000,0.4252,0.4252,0.4201,0.4203,16321.21,1550048399999,6862.02565,49
LINKUSDT,1550048400000,0.4203,0.4229,0.42,0.42,34930.82,1550051999999,14699.580172,83
LINKUSDT,1550052000000,0.42,0.4255,0.42,0.4242,20990.08,1550055599999,8877.900471,98
LINKUSDT,1550055600000,0.4253,0.4253,0.4218,0.4225,7919.24,1550059199999,3345.239044,38
LINKUSDT,1550059200000,0.4215,0.4241,0.421,0.4218,2700.14,1550062799999,1140.081514,23
LINKUSDT,1550062800000,0.4237,0.425,0.422,0.4221,5314.64,1550066399999,2250.891121,35
LINKUSDT,1550066400000,0.422,0.4236,0.4208,0.4218,18933.73,1550069999999,7979.516518,90
LINKUSDT,1550070000000,0.4236,0.4236,0.4183,0.4209,86574.01,1550073599999,36359.873091,161
LINKUSDT,1550073600000,0.4209,0.4248,0.4191,0.4222,20316.06,1550077199999,8587.516205,72
LINKUSDT,1550077200000,0.4222,0.4243,0.42,0.4236,32619.33,1550080799999,13737.627876,85
LINKUSDT,1550080800000,0.4247,0.4247,0.4208,0.4225,31923.29,1550084399999,13472.447742,83
LINKUSDT,1550084400000,0.4239,0.4289,0.422,0.4284,53642.29,1550087999999,22806.19244,133
LINKUSDT,1550088000000,0.427,0.445,0.427,0.4323,130926.0,1550091599999,56847.515441,499
LINKUSDT,1550091600000,0.4323,0.4425,0.4317,0.4353,130394.33,1550095199999,56971.572677,365
LINKUSDT,1550095200000,0.4355,0.4378,0.4328,0.4357,45891.05,1550098799999,19980.769331,138
LINKUSDT,1550098800000,0.4354,0.4454,0.4326,0.4411,70089.15,1550102399999,30875.565507,212
LINKUSDT,1550102400000,0.4422,0.4437,0.4397,0.4434,49934.52,1550105999999,22063.127902,140
LINKUSDT,1550106000000,0.4435,0.4439,0.4398,0.4405,35380.56,1550109599999,15616.262234,113
LINKUSDT,1550109600000,0.4405,0.4415,0.4345,0.4361,37220.06,1550113199999,16300.340736,139
LINKUSDT,1550113200000,0.4359,0.4378,0.4309,0.4346,59860.77,1550116799999,25899.704233,103
LINKUSDT,1550116800000,0.4346,0.4351,0.4319,0.4331,17648.4,1550120399999,7657.657094,72
LINKUSDT,1550120400000,0.435,0.4372,0.433,0.435,19597.35,1550123999999,8507.528143,86
LINKUSDT,1550124000000,0.435,0.4357,0.4327,0.4327,15662.2,1550127599999,6796.744354,58
LINKUSDT,1550127600000,0.4347,0.44,0.4304,0.44,29027.53,1550131199999,12654.497191,126
LINKUSDT,1550131200000,0.44,0.4434,0.4368,0.4434,49744.55,1550134799999,21942.823349,165
LINKUSDT,1550134800000,0.4434,0.4442,0.4394,0.4395,46810.57,1550138399999,20673.904613,137
LINKUSDT,1550138400000,0.4394,0.4394,0.4313,0.4335,61187.5,1550141999999,26621.747581,194
LINKUSDT,1550142000000,0.4342,0.4399,0.4316,0.4342,58543.78,1550145599999,25427.868831,210
LINKUSDT,1550145600000,0.435,0.4402,0.4319,0.4319,44567.02,1550149199999,19421.521375,149
LINKUSDT,1550149200000,0.4321,0.4332,0.4265,0.4281,88182.51,1550152799999,37891.569614,220
LINKUSDT,1550152800000,0.4281,0.4293,0.4203,0.4264,87149.8,1550156399999,36931.998859,204
LINKUSDT,1550156400000,0.4267,0.4333,0.4267,0.4315,30989.73,1550159999999,13328.886927,112
LINKUSDT,1550160000000,0.4329,0.4342,0.4266,0.4296,30188.41,1550163599999,12982.74436,119
LINKUSDT,1550163600000,0.4294,0.4311,0.4275,0.4282,22960.61,1550167199999,9855.446543,66
LINKUSDT,1550167200000,0.4285,0.4316,0.425,0.4315,39477.66,1550170799999,16895.088871,147
LINKUSDT,1550170800000,0.4315,0.4315,0.4248,0.4286,8606.54,1550174399999,3686.778913,50
LINKUSDT,1550174400000,0.426,0.4298,0.426,0.428,8139.4,1550177999999,3478.374427,46
LINKUSDT,1550178000000,0.4284,0.4298,0.4239,0.4254,45448.23,1550181599999,19428.525071,128
LINKUSDT,1550181600000,0.4254,0.4279,0.4212,0.4242,40736.58,1550185199999,17249.816073,159
LINKUSDT,1550185200000,0.4245,0.4279,0.4231,0.4259,14989.16,1550188799999,6372.984059,91
LINKUSDT,1550188800000,0.4235,0.4248,0.4222,0.4238,13469.6,1550192399999,5704.859317,74
LINKUSDT,1550192400000,0.4238,0.4275,0.4233,0.4266,7625.74,1550195999999,3244.206082,56
LINKUSDT,1550196000000,0.4276,0.4277,0.4253,0.426,4281.94,1550199599999,1824.768072,33
LINKUSDT,1550199600000,0.4264,0.4283,0.426,0.427,13292.16,1550203199999,5674.462496,62
LINKUSDT,1550203200000,0.427,0.4291,0.4264,0.428,5982.42,1550206799999,2557.987783,26
LINKUSDT,1550206800000,0.428,0.4292,0.428,0.4289,17800.42,1550210399999,7628.877645,53
LINKUSDT,1550210400000,0.4291,0.4299,0.4282,0.4282,12241.17,1550213999999,5253.430705,53
LINKUSDT,1550214000000,0.4298,0.4299,0.4263,0.4273,24588.44,1550217599999,10516.705851,150
LINKUSDT,1550217600000,0.4273,0.4293,0.4255,0.4272,14600.54,1550221199999,6234.836656,55
LINKUSDT,1550221200000,0.4267,0.4274,0.425,0.4256,13519.38,1550224799999,5758.327383,102
LINKUSDT,1550224800000,0.4256,0.4274,0.4254,0.4269,10194.73,1550228399999,4343.953073,62
LINKUSDT,1550228400000,0.4269,0.4309,0.4262,0.4285,22586.05,1550231999999,9688.618264,120
LINKUSDT,1550232000000,0.43,0.433,0.4296,0.4325,29725.23,1550235599999,12813.884141,106
LINKUSDT,1550235600000,0.431,0.4329,0.4287,0.4314,41589.33,1550239199999,17920.234923,149
LINKUSDT,1550239200000,0.4319,0.4344,0.424,0.4265,63041.77,1550242799999,26972.480413,201
LINKUSDT,1550242800000,0.4262,0.4277,0.4249,0.4254,15621.29,1550246399999,6659.204653,78
LINKUSDT,1550246400000,0.4277,0.45,0.4254,0.4285,89695.35,1550249999999,39190.986412,277
LINKUSDT,1550250000000,0.4291,0.4312,0.428,0.4303,12749.45,1550253599999,5478.776286,74
LINKUSDT,1550253600000,0.4298,0.4308,0.4282,0.4289,13155.19,1550257199999,5641.177862,55
LINKUSDT,1550257200000,0.4289,0.432,0.4267,0.429,5311.46,1550260799999,2279.138443,26
LINKUSDT,1550260800000,0.429,0.432,0.429,0.4316,8805.51,1550264399999,3789.984521,36
LINKUSDT,1550264400000,0.4317,0.4317,0.4271,0.4297,12957.55,1550267999999,5551.453243,76
LINKUSDT,1550268000000,0.4295,0.4432,0.4295,0.44,130788.78,1550271599999,57440.153378,303
LINKUSDT,1550271600000,0.44,0.44,0.4342,0.4342,28628.3,1550275199999,12491.341863,101
LINKUSDT,1550275200000,0.4366,0.4425,0.4356,0.4418,29719.49,1550278799999,13065.011883,148
LINKUSDT,1550278800000,0.4421,0.4425,0.4402,0.4403,20796.38,1550282399999,9185.39792,102
LINKUSDT,1550282400000,0.4403,0.442,0.4385,0.4389,11102.67,1550285999999,4887.549354,47
LINKUSDT,1550286000000,0.4391,0.4391,0.436,0.436,18235.39,1550289599999,7979.948367,80
LINKUSDT,1550289600000,0.4358,0.4377,0.4251,0.4361,97274.69,1550293199999,42149.870411,223
LINKUSDT,1550293200000,0.4363,0.4376,0.432,0.4356,30110.64,1550296799999,13104.226493,103
LINKUSDT,1550296800000,0.4354,0.4385,0.4338,0.4374,19888.98,1550300399999,8693.041152,123
LINKUSDT,1550300400000,0.4374,0.4385,0.4364,0.4364,6718.55,1550303999999,2937.866149,26
LINKUSDT,1550304000000,0.4356,0.4379,0.4344,0.4379,6152.65,1550307599999,2688.620655,55
LINKUSDT,1550307600000,0.4384,0.4384,0.4374,0.4377,3143.17,1550311199999,1377.080109,29
LINKUSDT,1550311200000,0.4377,0.4396,0.4356,0.4356,18374.28,1550314799999,8036.574015,119
LINKUSDT,1550314800000,0.4356,0.4388,0.4351,0.4377,19504.97,1550318399999,8507.016232,47
LINKUSDT,1550318400000,0.4358,0.4397,0.4358,0.4389,4491.14,1550321999999,1965.65617,27
LINKUSDT,1550322000000,0.4388,0.4431,0.4388,0.4403,32854.89,1550325599999,14487.217923,163
LINKUSDT,1550325600000,0.4424,0.4464,0.4412,0.4431,44771.04,1550329199999,19860.34165,125
LINKUSDT,1550329200000,0.4431,0.4449,0.4391,0.4434,31129.57,1550332799999,13780.81716,149
LINKUSDT,1550332800000,0.4443,0.4453,0.4414,0.4416,11835.61,1550336399999,5246.193753,86
LINKUSDT,1550336400000,0.441,0.4416,0.4396,0.4399,4491.51,1550339999999,1978.856119,41
LINKUSDT,1550340000000,0.4404,0.4404,0.4385,0.439,3563.42,1550343599999,1565.427322,28
LINKUSDT,1550343600000,0.439,0.4395,0.438,0.439,5052.28,1550347199999,2217.990439,48
LINKUSDT,1550347200000,0.438,0.439,0.4363,0.4381,14946.79,1550350799999,6547.878696,66
LINKUSDT,1550350800000,0.4379,0.4381,0.436,0.4361,13885.06,1550354399999,6066.568884,67
LINKUSDT,1550354400000,0.4365,0.4367,0.4358,0.4358,10319.26,1550357999999,4500.769688,36
LINKUSDT,1550358000000,0.4373,0.4398,0.4346,0.4398,7129.15,1550361599999,3111.351562,50
LINKUSDT,1550361600000,0.4386,0.4386,0.4334,0.4335,32184.91,1550365199999,14021.793566,115
LINKUSDT,1550365200000,0.4356,0.4356,0.4334,0.4334,10500.74,1550368799999,4563.905127,17
LINKUSDT,1550368800000,0.4334,0.4336,0.4317,0.4322,13874.0,1550372399999,6008.574541,60
LINKUSDT,1550372400000,0.4331,0.4352,0.4321,0.4352,19825.11,1550375999999,8595.9838,39
LINKUSDT,1550376000000,0.435,0.435,0.4326,0.4328,16597.57,1550379599999,7196.442782,48
LINKUSDT,1550379600000,0.434,0.4354,0.4333,0.4339,2433.13,1550383199999,1055.969299,22
LINKUSDT,1550383200000,0.4353,0.4353,0.4335,0.4339,1430.0,1550386799999,620.942976,8
LINKUSDT,1550386800000,0.434,0.4385,0.434,0.4385,26132.14,1550390399999,11384.401468,66
LINKUSDT,1550390400000,0.4384,0.4435,0.4376,0.4424,25886.61,1550393999999,11436.658018,122
LINKUSDT,1550394000000,0.4424,0.4436,0.4407,0.441,7590.5,1550397599999,3354.757263,44
LINKUSDT,1550397600000,0.441,0.4498,0.4405,0.4405,46325.78,1550401199999,20567.15059,217
LINKUSDT,1550401200000,0.4407,0.4499,0.4407,0.4484,23203.12,1550404799999,10360.249763,129
LINKUSDT,1550404800000,0.4481,0.4494,0.4391,0.4391,43853.17,1550408399999,19422.317261,164
LINKUSDT,1550408400000,0.4393,0.4413,0.4371,0.4373,28188.72,1550411999999,12365.642894,94
LINKUSDT,1550412000000,0.4395,0.4407,0.4387,0.4407,31663.38,1550415599999,13924.550303,88
LINKUSDT,1550415600000,0.442,0.4432,0.4377,0.4401,18832.06,1550419199999,8291.251154,78
LINKUSDT,1550419200000,0.4394,0.4418,0.4381,0.4381,9786.33,1550422799999,4304.788598,67
LINKUSDT,1550422800000,0.439,0.4411,0.4377,0.4411,26206.12,1550426399999,11501.692367,42
LINKUSDT,1550426400000,0.44,0.4476,0.44,0.4458,15459.86,1550429999999,6877.094423,107
LINKUSDT,1550430000000,0.4455,0.4505,0.4415,0.4491,63144.44,1550433599999,28192.138886,225
LINKUSDT,1550433600000,0.4503,0.4797,0.4492,0.4747,746400.59,1550437199999,348181.03318,1636
LINKUSDT,1550437200000,0.475,0.4775,0.4676,0.4694,84203.61,1550440799999,39714.059405,330
LINKUSDT,1550440800000,0.47,0.4749,0.452,0.457,211574.32,1550444399999,97150.253525,653
LINKUSDT,1550444400000,0.4562,0.467,0.4548,0.4604,111213.51,1550447999999,51304.819813,296
LINKUSDT,1550448000000,0.4615,0.4652,0.46,0.4627,20186.33,1550451599999,9313.287797,103
LINKUSDT,1550451600000,0.4617,0.4696,0.4589,0.4589,68174.85,1550455199999,31584.941572,202
LINKUSDT,1550455200000,0.46,0.463,0.4578,0.4614,38317.17,1550458799999,17651.606869,151
LINKUSDT,1550458800000,0.4605,0.463,0.4534,0.4554,66750.3,1550462399999,30549.475946,247
LINKUSDT,1550462400000,0.4569,0.4636,0.4543,0.4592,39649.06,1550465999999,18208.150468,156
LINKUSDT,1550466000000,0.4589,0.4655,0.4578,0.4607,35132.41,1550469599999,16241.988267,83
LINKUSDT,1550469600000,0.4638,0.47,0.4616,0.465,53495.72,1550473199999,24960.388652,111
LINKUSDT,1550473200000,0.4637,0.48,0.4622,0.4707,63003.57,1550476799999,29788.086771,247
LINKUSDT,1550476800000,0.4709,0.4735,0.468,0.4703,66878.19,1550480399999,31486.344047,205
LINKUSDT,1550480400000,0.4703,0.4703,0.4662,0.4662,55166.11,1550483999999,25865.522597,240
LINKUSDT,1550484000000,0.4671,0.4671,0.4624,0.4647,64185.22,1550487599999,29793.512056,114
LINKUSDT,1550487600000,0.4647,0.4661,0.4628,0.4643,105879.28,1550491199999,49256.154299,221
LINKUSDT,1550491200000,0.4644,0.4755,0.4629,0.4702,62141.56,1550494799999,29210.401426,212
LINKUSDT,1550494800000,0.4726,0.4754,0.47,0.4724,99939.53,1550498399999,47166.983592,225
LINKUSDT,1550498400000,0.4723,0.4786,0.4703,0.4765,72183.63,1550501999999,34210.091466,313
LINKUSDT,1550502000000,0.4765,0.4786,0.4741,0.4773,37720.69,1550505599999,17949.044822,110
LINKUSDT,1550505600000,0.4785,0.4823,0.4714,0.475,74557.35,1550509199999,35539.131511,270
LINKUSDT,1550509200000,0.4751,0.4798,0.4703,0.4755,53473.45,1550512799999,25413.51169,192
LINKUSDT,1550512800000,0.4775,0.481,0.4764,0.4772,52668.4,1550516399999,25225.077216,135
LINKUSDT,1550516400000,0.477,0.4772,0.4731,0.4731,8094.07,1550519999999,3849.586379,43
LINKUSDT,1550520000000,0.4731,0.4782,0.47,0.4782,37276.78,1550523599999,17607.820616,123
LINKUSDT,1550523600000,0.4768,0.4787,0.4718,0.4726,28753.18,1550527199999,13698.193249,102
LINKUSDT,1550527200000,0.4711,0.4753,0.47,0.4726,43495.75,1550530799999,20479.218747,93
LINKUSDT,1550530800000,0.4751,0.4779,0.471,0.471,183132.18,1550534399999,86525.138536,352
LINKUSDT,1550534400000,0.471,0.4753,0.47,0.4737,43520.5,1550537999999,20552.686969,159
LINKUSDT,1550538000000,0.4737,0.4788,0.4701,0.4739,58384.36,1550541599999,27631.415144,172
LINKUSDT,1550541600000,0.4733,0.4741,0.471,0.472,20358.16,1550545199999,9609.115746,69
LINKUSDT,1550545200000,0.4716,0.4743,0.4708,0.4737,15877.31,1550548799999,7496.77481,73
LINKUSDT,1550548800000,0.4723,0.4725,0.47,0.4725,112944.87,1550552399999,53122.534735,206
LINKUSDT,1550552400000,0.4706,0.4724,0.4644,0.4693,84005.02,1550555999999,39273.807064,249
LINKUSDT,1550556000000,0.469,0.4707,0.4662,0.4703,32418.24,1550559599999,15219.936535,85
LINKUSDT,1550559600000,0.4702,0.4711,0.468,0.4706,32580.56,1550563199999,15304.698301,122
LINKUSDT,1550563200000,0.4706,0.4719,0.4692,0.4707,33265.32,1550566799999,15662.507544,137
LINKUSDT,1550566800000,0.4715,0.4777,0.4707,0.477,189236.53,1550570399999,89948.911811,442
LINKUSDT,1550570400000,0.477,0.4772,0.4686,0.4722,66114.01,1550573999999,31239.909358,152
LINKUSDT,1550574000000,0.473,0.4755,0.4717,0.4749,8317.92,1550577599999,3936.17991,37
LINKUSDT,1550577600000,0.4742,0.476,0.4704,0.4729,12769.76,1550581199999,6035.420238,69
LINKUSDT,1550581200000,0.4726,0.4766,0.4659,0.4703,106886.8,1550584799999,50554.908348,236
LINKUSDT,1550584800000,0.4722,0.474,0.4618,0.4621,120330.03,1550588399999,56026.405471,317
LINKUSDT,1550588400000,0.4645,0.4698,0.4562,0.4653,243417.72,1550591999999,112475.115257,517
LINKUSDT,1550592000000,0.4653,0.4685,0.4642,0.4675,78078.19,1550595599999,36428.92438,207
LINKUSDT,1550595600000,0.4684,0.4707,0.4655,0.4707,42074.79,1550599199999,19690.006415,146
LINKUSDT,1550599200000,0.4695,0.4708,0.4622,0.4654,18892.48,1550602799999,8806.134091,72
LINKUSDT,1550602800000,0.464,0.4671,0.4635,0.4646,7575.65,1550606399999,3523.19641,44
LINKUSDT,1550606400000,0.4646,0.4646,0.4619,0.4623,14272.74,1550609999999,6616.603014,66
LINKUSDT,1550610000000,0.4634,0.4686,0.456,0.4574,87624.39,1550613599999,40259.421366,198
LINKUSDT,1550613600000,0.4574,0.4789,0.4574,0.4623,35205.81,1550617199999,16440.103475,98
LINKUSDT,1550617200000,0.4623,0.4651,0.452,0.4598,83851.28,1550620799999,38200.166621,163
LINKUSDT,1550620800000,0.4548,0.4575,0.452,0.452,79799.73,1550624399999,36375.720831,159
LINKUSDT,1550624400000,0.4541,0.4589,0.45,0.4548,40305.31,1550627999999,18296.675737,120
LINKUSDT,1550628000000,0.4548,0.4557,0.4532,0.4555,20816.7,1550631599999,9454.867062,68
LINKUSDT,1550631600000,0.4534,0.4614,0.4532,0.4583,18351.56,1550635199999,8420.270365,42
LINKUSDT,1550635200000,0.4597,0.4597,0.455,0.4573,25409.71,1550638799999,11589.008113,55
LINKUSDT,1550638800000,0.4558,0.4584,0.4549,0.4567,13688.9,1550642399999,6245.752409,74
LINKUSDT,1550642400000,0.458,0.458,0.4457,0.4498,123954.55,1550645999999,55644.996787,301
LINKUSDT,1550646000000,0.4498,0.4512,0.4477,0.4503,20732.63,1550649599999,9318.333631,104
LINKUSDT,1550649600000,0.4479,0.4511,0.4432,0.45,143123.82,1550653199999,63833.983739,317
LINKUSDT,1550653200000,0.45,0.4615,0.4483,0.4607,121487.24,1550656799999,55288.136349,466
LINKUSDT,1550656800000,0.4604,0.465,0.4589,0.4632,53763.65,1550660399999,24794.589247,173
LINKUSDT,1550660400000,0.4632,0.472,0.4613,0.4697,66670.83,1550663999999,31176.132637,274
LINKUSDT,1550664000000,0.4699,0.4748,0.4676,0.4686,222787.2,1550667599999,104939.872421,478
LINKUSDT,1550667600000,0.4686,0.4706,0.4655,0.4671,64737.19,1550671199999,30294.259302,186
LINKUSDT,1550671200000,0.4674,0.4674,0.4613,0.4657,92808.71,1550674799999,43069.401626,242
LINKUSDT,1550674800000,0.4652,0.4659,0.4622,0.4636,37276.69,1550678399999,17295.056841,133
LINKUSDT,1550678400000,0.4633,0.47,0.4631,0.4676,42284.32,1550681999999,19720.479144,187
LINKUSDT,1550682000000,0.469,0.4698,0.4629,0.4629,26577.01,1550685599999,12409.269308,102
LINKUSDT,1550685600000,0.4633,0.4688,0.4623,0.4671,25038.11,1550689199999,11674.279014,60
LINKUSDT,1550689200000,0.4676,0.4679,0.465,0.4672,22717.78,1550692799999,10591.757717,61
LINKUSDT,1550692800000,0.4672,0.4682,0.465,0.4653,11383.29,1550696399999,5302.521894,46
LINKUSDT,1550696400000,0.467,0.467,0.4618,0.4631,10719.36,1550699999999,4972.368162,56
LINKUSDT,1550700000000,0.4639,0.4654,0.463,0.4651,1815.34,1550703599999,841.734476,7
LINKUSDT,1550703600000,0.463,0.465,0.4613,0.4618,72536.65,1550707199999,33581.300235,142
LINKUSDT,1550707200000,0.4617,0.4622,0.458,0.4602,29923.69,1550710799999,13764.176453,151
LINKUSDT,1550710800000,0.4609,0.461,0.459,0.459,15584.51,1550714399999,7166.472865,62
LINKUSDT,1550714400000,0.459,0.4607,0.4582,0.4582,15217.09,1550717999999,6990.425269,62
LINKUSDT,1550718000000,0.4582,0.4611,0.4578,0.4604,9269.06,1550721599999,4257.093784,40
LINKUSDT,1550721600000,0.4611,0.4622,0.4596,0.461,15318.71,1550725199999,7056.487424,55
LINKUSDT,1550725200000,0.4611,0.465,0.4575,0.4623,65929.21,1550728799999,30369.110844,209
LINKUSDT,1550728800000,0.4623,0.4714,0.4622,0.4714,141795.12,1550732399999,66221.324025,375
LINKUSDT,1550732400000,0.4712,0.4738,0.4692,0.4695,74757.85,1550735999999,35213.816839,239
LINKUSDT,1550736000000,0.4694,0.475,0.4647,0.4658,93747.04,1550739599999,44078.042667,268
LINKUSDT,1550739600000,0.465,0.4736,0.4601,0.4625,129159.76,1550743199999,60337.622902,439
LINKUSDT,1550743200000,0.4625,0.4653,0.4582,0.459,44461.11,1550746799999,20524.660255,118
LINKUSDT,1550746800000,0.46,0.4611,0.4577,0.4578,13617.02,1550750399999,6247.487175,62
LINKUSDT,1550750400000,0.4578,0.4578,0.438,0.4426,334052.28,1550753999999,149456.017433,812
LINKUSDT,1550754000000,0.4438,0.4463,0.438,0.4451,178640.03,1550757599999,79145.306978,346
LINKUSDT,1550757600000,0.4447,0.4472,0.443,0.445,66781.84,1550761199999,29723.808528,207
LINKUSDT,1550761200000,0.4468,0.447,0.4425,0.4453,27661.37,1550764799999,12307.665715,116
LINKUSDT,1550764800000,0.4453,0.4466,0.4417,0.4418,31656.39,1550768399999,14033.120155,114
LINKUSDT,1550768400000,0.4426,0.4432,0.4412,0.443,26815.56,1550771999999,11875.301853,67
LINKUSDT,1550772000000,0.4435,0.4435,0.4416,0.4416,9486.0,1550775599999,4199.836477,36
LINKUSDT,1550775600000,0.4435,0.4472,0.4427,0.447,32265.85,1550779199999,14343.418163,107
LINKUSDT,1550779200000,0.447,0.448,0.4448,0.4459,25395.31,1550782799999,11318.302495,79
LINKUSDT,1550782800000,0.4452,0.4472,0.4423,0.4443,17323.25,1550786399999,7692.500501,62
LINKUSDT,1550786400000,0.4427,0.444,0.4409,0.441,13084.39,1550789999999,5783.378827,60
LINKUSDT,1550790000000,0.4409,0.4438,0.439,0.4438,31272.54,1550793599999,13770.413089,97
LINKUSDT,1550793600000,0.4438,0.4438,0.4406,0.4425,11076.03,1550797199999,4899.664414,55
LINKUSDT,1550797200000,0.4435,0.45,0.4435,0.4467,26271.86,1550800799999,11729.858115,132
LINKUSDT,1550800800000,0.4469,0.4469,0.4435,0.4439,39870.42,1550804399999,17738.377773,117
LINKUSDT,1550804400000,0.444,0.4462,0.4409,0.4435,33125.46,1550807999999,14682.157493,87
LINKUSDT,1550808000000,0.4435,0.4457,0.4409,0.4436,14736.96,1550811599999,6522.788102,78
LINKUSDT,1550811600000,0.444,0.4453,0.4417,0.4449,12999.79,1550815199999,5770.90498,62
LINKUSDT,1550815200000,0.4442,0.4457,0.4433,0.4442,31143.11,1550818799999,13842.028687,87
LINKUSDT,1550818800000,0.4433,0.444,0.44,0.4409,55135.22,1550822399999,24322.611606,106
LINKUSDT,1550822400000,0.4411,0.4458,0.44,0.4453,36880.88,1550825999999,16346.746688,116
LINKUSDT,1550826000000,0.4451,0.465,0.4438,0.4522,86646.54,1550829599999,39207.065555,322
LINKUSDT,1550829600000,0.4508,0.4537,0.4504,0.4511,34983.04,1550833199999,15788.250656,134
LINKUSDT,1550833200000,0.4512,0.4532,0.4506,0.4528,20335.17,1550836799999,9175.848338,75
LINKUSDT,1550836800000,0.4526,0.4539,0.4509,0.4511,32823.96,1550840399999,14856.159461,75
LINKUSDT,1550840400000,0.4509,0.4537,0.4505,0.4531,28663.55,1550843999999,12976.687339,82
LINKUSDT,1550844000000,0.4525,0.4575,0.4525,0.4569,34064.32,1550847599999,15529.759529,97
LINKUSDT,1550847600000,0.4573,0.4574,0.45,0.4503,32911.24,1550851199999,14889.457753,148
LINKUSDT,1550851200000,0.4502,0.4509,0.4463,0.4463,29451.23,1550854799999,13230.516686,99
LINKUSDT,1550854800000,0.4483,0.4506,0.4456,0.446,20975.29,1550858399999,9402.102525,87
LINKUSDT,1550858400000,0.4461,0.4494,0.4448,0.4455,17064.59,1550861999999,7617.11016,72
LINKUSDT,1550862000000,0.4472,0.4487,0.4446,0.4487,13824.42,1550865599999,6182.618211,61
LINKUSDT,1550865600000,0.4486,0.4486,0.4462,0.4462,3243.49,1550869199999,1449.022553,23
LINKUSDT,1550869200000,0.4462,0.4492,0.4458,0.4484,17333.38,1550872799999,7741.262942,47
LINKUSDT,1550872800000,0.4478,0.4487,0.4445,0.4478,56329.04,1550876399999,25171.82703,118
LINKUSDT,1550876400000,0.448,0.4499,0.4473,0.4479,10634.78,1550879999999,4778.037051,54
LINKUSDT,1550880000000,0.448,0.4485,0.445,0.4461,12274.97,1550883599999,5482.785853,84
LINKUSDT,1550883600000,0.445,0.4483,0.445,0.4472,8963.91,1550887199999,4004.281336,38
LINKUSDT,1550887200000,0.4472,0.4484,0.4457,0.4474,12511.85,1550890799999,5594.315846,54
LINKUSDT,1550890800000,0.4475,0.4487,0.4444,0.4455,21969.99,1550894399999,9818.457837,77
LINKUSDT,1550894400000,0.4461,0.4485,0.4442,0.4447,11459.79,1550897999999,5105.966717,53
LINKUSDT,1550898000000,0.4447,0.45,0.4437,0.4472,21527.58,1550901599999,9593.149387,92
LINKUSDT,1550901600000,0.4472,0.4513,0.4467,0.4499,24445.52,1550905199999,10977.590112,100
LINKUSDT,1550905200000,0.4499,0.4514,0.4493,0.45,6671.38,1550908799999,3003.386993,38
LINKUSDT,1550908800000,0.4482,0.4515,0.4479,0.4514,8320.39,1550912399999,3744.698298,44
LINKUSDT,1550912400000,0.451,0.4513,0.448,0.4512,8864.81,1550915999999,3985.441589,57
LINKUSDT,1550916000000,0.4497,0.4522,0.4477,0.4502,42515.84,1550919599999,19110.801363,101
LINKUSDT,1550919600000,0.4503,0.4527,0.4495,0.45,21369.03,1550923199999,9652.875023,86
LINKUSDT,1550923200000,0.4496,0.4508,0.4479,0.4479,5138.1,1550926799999,2309.054232,33
LINKUSDT,1550926800000,0.4479,0.449,0.4464,0.4464,34788.46,1550930399999,15565.928897,90
LINKUSDT,1550930400000,0.4458,0.4484,0.445,0.4476,19318.04,1550933999999,8633.686644,75
LINKUSDT,1550934000000,0.4477,0.4534,0.445,0.445,73840.3,1550937599999,32932.120608,148
LINKUSDT,1550937600000,0.4451,0.4553,0.445,0.4533,71672.45,1550941199999,32313.395498,219
LINKUSDT,1550941200000,0.4532,0.46,0.4504,0.4538,136604.43,1550944799999,62238.249857,340
LINKUSDT,1550944800000,0.4564,0.4599,0.4539,0.456,94881.66,1550948399999,43333.455552,251
LINKUSDT,1550948400000,0.4554,0.4608,0.4547,0.4571,71775.96,1550951999999,32863.424993,188
LINKUSDT,1550952000000,0.4589,0.464,0.4582,0.459,99916.83,1550955599999,46016.556642,197
LINKUSDT,1550955600000,0.459,0.4595,0.4574,0.4575,65957.84,1550959199999,30211.307733,110
LINKUSDT,1550959200000,0.458,0.4604,0.456,0.4584,32705.37,1550962799999,14944.663196,112
LINKUSDT,1550962800000,0.4568,0.4585,0.4562,0.4585,18035.14,1550966399999,8258.133092,45
LINKUSDT,1550966400000,0.4592,0.4625,0.459,0.462,32407.79,1550969999999,14941.635335,97
LINKUSDT,1550970000000,0.4615,0.4641,0.46,0.4641,27062.14,1550973599999,12518.983243,99
LINKUSDT,1550973600000,0.4641,0.4644,0.46,0.4643,35819.51,1550977199999,16593.847621,126
LINKUSDT,1550977200000,0.4635,0.4644,0.4563,0.4579,88645.76,1550980799999,40804.487426,259
LINKUSDT,1550980800000,0.4578,0.4614,0.4568,0.4598,55933.31,1550984399999,25687.421021,155
LINKUSDT,1550984400000,0.4599,0.4616,0.4599,0.461,10789.9,1550987999999,4970.724858,50
LINKUSDT,1550988000000,0.4609,0.4622,0.4596,0.4603,42920.6,1550991599999,19766.216443,133
LINKUSDT,1550991600000,0.4602,0.4611,0.457,0.4596,31878.06,1550995199999,14620.161426,93
LINKUSDT,1550995200000,0.4597,0.4623,0.4581,0.4581,68821.59,1550998799999,31659.097119,202
LINKUSDT,1550998800000,0.4583,0.4616,0.4559,0.456,61658.85,1551002399999,28210.981552,131
LINKUSDT,1551002400000,0.4577,0.4631,0.4563,0.4569,55483.35,1551005999999,25455.088159,177
LINKUSDT,1551006000000,0.4569,0.4606,0.4568,0.4572,24018.38,1551009599999,11014.45475,58
LINKUSDT,1551009600000,0.4575,0.4594,0.4562,0.4566,27308.97,1551013199999,12485.602448,89
LINKUSDT,1551013200000,0.4566,0.458,0.4533,0.4534,63288.94,1551016799999,28854.900161,177
LINKUSDT,1551016800000,0.4554,0.4554,0.4044,0.416,428185.78,1551020399999,183494.245894,1112
LINKUSDT,1551020400000,0.4161,0.4169,0.4042,0.4042,177960.69,1551023999999,73064.593621,419
LINKUSDT,1551024000000,0.4042,0.42,0.3975,0.4076,219581.91,1551027599999,88609.327089,468
LINKUSDT,1551027600000,0.4083,0.4088,0.4019,0.4072,200167.79,1551031199999,81274.830051,251
LINKUSDT,1551031200000,0.407,0.4075,0.4025,0.4075,65016.25,1551034799999,26383.520574,114
LINKUSDT,1551034800000,0.4069,0.4069,0.4019,0.4065,67272.82,1551038399999,27195.997562,116
LINKUSDT,1551038400000,0.4065,0.4075,0.4019,0.4031,243658.97,1551041999999,98196.780092,232
LINKUSDT,1551042000000,0.4054,0.4123,0.4054,0.4085,59737.94,1551045599999,24421.13424,125
LINKUSDT,1551045600000,0.4087,0.4132,0.4061,0.4091,26071.53,1551049199999,10646.310388,83
LINKUSDT,1551049200000,0.4071,0.4113,0.405,0.405,40502.42,1551052799999,16474.934489,85
LINKUSDT,1551052800000,0.4047,0.4081,0.4028,0.4072,18428.64,1551056399999,7470.129515,59
LINKUSDT,1551056400000,0.4056,0.4056,0.4013,0.4045,17179.99,1551059999999,6943.979474,60
LINKUSDT,1551060000000,0.4045,0.4065,0.4007,0.4046,65721.44,1551063599999,26512.525096,146
LINKUSDT,1551063600000,0.4039,0.4078,0.4038,0.4068,34847.82,1551067199999,14130.946922,124
LINKUSDT,1551067200000,0.4068,0.4124,0.4057,0.4113,75218.65,1551070799999,30786.386364,145
LINKUSDT,1551070800000,0.4105,0.414,0.407,0.4116,30614.53,1551074399999,12545.774629,83
LINKUSDT,1551074400000,0.4123,0.4152,0.4102,0.4145,37837.38,1551077999999,15585.453118,103
LINKUSDT,1551078000000,0.4138,0.4189,0.4123,0.4187,30601.85,1551081599999,12722.287249,149
LINKUSDT,1551081600000,0.4187,0.4311,0.4185,0.4295,88435.52,1551085199999,37453.086675,310
LINKUSDT,1551085200000,0.4288,0.4332,0.4226,0.4268,101872.33,1551088799999,43675.902969,274
LINKUSDT,1551088800000,0.4249,0.427,0.4165,0.417,74245.12,1551092399999,31274.73177,190
LINKUSDT,1551092400000,0.418,0.4194,0.4161,0.419,20648.66,1551095999999,8625.245881,53
LINKUSDT,1551096000000,0.419,0.423,0.4149,0.4209,27729.97,1551099599999,11606.908834,105
LINKUSDT,1551099600000,0.4206,0.4215,0.4179,0.4179,15266.88,1551103199999,6413.169016,58
LINKUSDT,1551103200000,0.42,0.4253,0.4166,0.4252,35282.73,1551106799999,14879.888004,157
LINKUSDT,1551106800000,0.4252,0.4584,0.4229,0.4566,246586.0,1551110399999,109393.345465,813
LINKUSDT,1551110400000,0.4571,0.465,0.4452,0.4479,324986.46,1551113999999,147936.716067,646
LINKUSDT,1551114000000,0.4487,0.4599,0.4446,0.4545,73094.03,1551117599999,33031.667042,227
LINKUSDT,1551117600000,0.4523,0.4541,0.4428,0.4541,88874.81,1551121199999,39782.855035,270
LINKUSDT,1551121200000,0.4541,0.456,0.4483,0.4511,30955.95,1551124799999,13953.580786,109
LINKUSDT,1551124800000,0.4523,0.456,0.4421,0.4451,73013.62,1551128399999,32515.226117,194
LINKUSDT,1551128400000,0.4448,0.4522,0.4446,0.4458,23162.49,1551131999999,10382.784873,74
LINKUSDT,1551132000000,0.4458,0.4595,0.4458,0.4563,65357.75,1551135599999,29717.308087,220
LINKUSDT,1551135600000,0.4562,0.4749,0.4522,0.4723,185393.59,1551139199999,86350.851471,374
LINKUSDT,1551139200000,0.4722,0.474,0.46,0.4693,259814.06,1551142799999,121799.973429,515
LINKUSDT,1551142800000,0.4688,0.4688,0.461,0.4626,29518.61,1551146399999,13668.883614,110
LINKUSDT,1551146400000,0.465,0.469,0.4528,0.4583,287160.73,1551149999999,132629.408847,391
LINKUSDT,1551150000000,0.4581,0.4595,0.4513,0.4529,82286.61,1551153599999,37396.720753,207
LINKUSDT,1551153600000,0.455,0.4609,0.4523,0.4542,28300.05,1551157199999,12947.124665,153
LINKUSDT,1551157200000,0.4559,0.4579,0.451,0.451,43461.8,1551160799999,19724.00326,152
LINKUSDT,1551160800000,0.4523,0.4523,0.44,0.4413,113347.79,1551164399999,50478.079496,276
LINKUSDT,1551164400000,0.4412,0.4416,0.4362,0.4399,68525.07,1551167999999,30053.912943,227
LINKUSDT,1551168000000,0.4403,0.4413,0.43,0.435,127522.05,1551171599999,55546.427894,290
LINKUSDT,1551171600000,0.4359,0.4414,0.435,0.4414,51650.85,1551175199999,22606.8259,167
LINKUSDT,1551175200000,0.4388,0.446,0.4388,0.4444,78794.05,1551178799999,34980.427644,236
LINKUSDT,1551178800000,0.4444,0.4456,0.439,0.4401,83398.06,1551182399999,36989.123817,172
LINKUSDT,1551182400000,0.4413,0.4413,0.4362,0.4372,52385.36,1551185999999,22951.441477,141
LINKUSDT,1551186000000,0.4366,0.4378,0.4333,0.4347,69356.88,1551189599999,30212.747563,146
LINKUSDT,1551189600000,0.4347,0.4428,0.4347,0.4386,65921.84,1551193199999,28914.495379,164
LINKUSDT,1551193200000,0.4381,0.4392,0.4367,0.4384,48218.81,1551196799999,21104.196567,98
LINKUSDT,1551196800000,0.439,0.4408,0.435,0.4387,42232.22,1551200399999,18464.595715,93
LINKUSDT,1551200400000,0.4377,0.4398,0.4355,0.4381,16677.76,1551203999999,7279.560989,60
LINKUSDT,1551204000000,0.4389,0.4398,0.4355,0.436,27317.91,1551207599999,11968.407609,91
LINKUSDT,1551207600000,0.4368,0.4384,0.4338,0.437,43612.34,1551211199999,19037.26997,140
LINKUSDT,1551211200000,0.4368,0.4368,0.4339,0.4357,31115.09,1551214799999,13544.250888,61
LINKUSDT,1551214800000,0.4359,0.4368,0.4345,0.435,55830.96,1551218399999,24361.382006,125
LINKUSDT,1551218400000,0.4345,0.4351,0.4313,0.432,37496.0,1551221999999,16230.534625,73
LINKUSDT,1551222000000,0.4327,0.4341,0.4311,0.4341,31581.77,1551225599999,13656.791758,135
LINKUSDT,1551225600000,0.4335,0.4345,0.4312,0.4324,21848.16,1551229199999,9445.465834,94
LINKUSDT,1551229200000,0.4324,0.4324,0.4259,0.4281,127129.54,1551232799999,54460.417561,307
LINKUSDT,1551232800000,0.4282,0.433,0.4282,0.4308,48981.84,1551236399999,21052.543464,127
LINKUSDT,1551236400000,0.4313,0.4318,0.4294,0.4312,17242.2,1551239999999,7415.423416,42
LINKUSDT,1551240000000,0.4315,0.4353,0.4315,0.4343,43477.71,1551243599999,18889.614853,82
LINKUSDT,1551243600000,0.435,0.436,0.4333,0.436,23839.35,1551247199999,10361.788657,57
LINKUSDT,1551247200000,0.4365,0.4394,0.4333,0.4335,13330.2,1551250799999,5803.28442,61
LINKUSDT,1551250800000,0.4335,0.4376,0.4335,0.4356,4161.48,1551254399999,1813.89168,20
LINKUSDT,1551254400000,0.4356,0.4377,0.4342,0.4363,12393.15,1551257999999,5412.148554,50
LINKUSDT,1551258000000,0.4362,0.4363,0.434,0.4363,13419.72,1551261599999,5843.838669,52
LINKUSDT,1551261600000,0.4364,0.4409,0.4356,0.4367,36013.88,1551265199999,15802.714029,101
LINKUSDT,1551265200000,0.4381,0.4395,0.4359,0.4395,20451.95,1551268799999,8935.744272,64
LINKUSDT,1551268800000,0.4395,0.4412,0.4379,0.4387,23638.74,1551272399999,10407.431247,77
LINKUSDT,1551272400000,0.4377,0.4388,0.4359,0.4376,10503.53,1551275999999,4590.592818,36
LINKUSDT,1551276000000,0.4371,0.4371,0.4333,0.4345,32920.07,1551279599999,14304.283536,69
LINKUSDT,1551279600000,0.4339,0.4342,0.4295,0.4334,26466.27,1551283199999,11407.2131,63
LINKUSDT,1551283200000,0.4335,0.434,0.4322,0.433,7259.5,1551286799999,3148.793372,10
LINKUSDT,1551286800000,0.4338,0.4342,0.4331,0.4341,6414.52,1551290399999,2780.487528,20
LINKUSDT,1551290400000,0.4341,0.4357,0.4317,0.4332,16618.06,1551293999999,7214.122747,44
LINKUSDT,1551294000000,0.4329,0.4353,0.4312,0.4326,20089.81,1551297599999,8688.063003,47
LINKUSDT,1551297600000,0.4328,0.4334,0.4145,0.4162,176400.07,1551301199999,74215.7545,313
LINKUSDT,1551301200000,0.4175,0.4246,0.4148,0.4217,75017.78,1551304799999,31439.847008,182
LINKUSDT,1551304800000,0.4225,0.4274,0.4167,0.4222,44469.51,1551308399999,18643.294167,120
LINKUSDT,1551308400000,0.4224,0.4297,0.4224,0.4274,32125.41,1551311999999,13710.65992,99
LINKUSDT,1551312000000,0.4274,0.4283,0.4244,0.4264,47634.64,1551315599999,20302.141896,100
LINKUSDT,1551315600000,0.4267,0.4318,0.4267,0.4309,51640.66,1551319199999,22186.639654,104
LINKUSDT,1551319200000,0.4294,0.432,0.4273,0.4319,19886.86,1551322799999,8558.147565,55
LINKUSDT,1551322800000,0.4307,0.4342,0.4268,0.4296,54054.58,1551326399999,23165.554448,123
LINKUSDT,1551326400000,0.4277,0.4307,0.4277,0.4302,19393.95,1551329999999,8327.221583,58
LINKUSDT,1551330000000,0.4307,0.4318,0.4253,0.4275,8571.68,1551333599999,3679.767341,47
LINKUSDT,1551333600000,0.4268,0.4289,0.4254,0.4255,5101.56,1551337199999,2178.539266,23
LINKUSDT,1551337200000,0.4269,0.4282,0.4259,0.4282,3979.05,1551340799999,1698.081788,13
LINKUSDT,1551340800000,0.4284,0.4294,0.4242,0.425,53403.24,1551344399999,22736.354851,79
LINKUSDT,1551344400000,0.425,0.4277,0.4179,0.4189,127374.05,1551347999999,53803.855129,225
LINKUSDT,1551348000000,0.4189,0.4234,0.4166,0.4221,87370.22,1551351599999,36649.148092,215
LINKUSDT,1551351600000,0.4221,0.4252,0.4221,0.4224,12091.46,1551355199999,5125.579196,76
LINKUSDT,1551355200000,0.4211,0.4263,0.4211,0.4237,18718.6,1551358799999,7943.478783,57
LINKUSDT,1551358800000,0.4231,0.4316,0.4214,0.4316,28526.41,1551362399999,12175.733107,85
LINKUSDT,1551362400000,0.428,0.45,0.4273,0.4396,226494.38,1551365999999,99872.716092,523
LINKUSDT,1551366000000,0.4397,0.44,0.4289,0.435,71000.08,1551369599999,30949.406175,209
LINKUSDT,1551369600000,0.4355,0.438,0.4288,0.435,40438.52,1551373199999,17541.791511,168
LINKUSDT,1551373200000,0.4328,0.4334,0.4223,0.4245,68379.3,1551376799999,29121.756786,242
LINKUSDT,1551376800000,0.4253,0.4291,0.4229,0.4291,21329.0,1551380399999,9104.002578,81
LINKUSDT,1551380400000,0.4273,0.4275,0.4243,0.4248,4922.51,1551383999999,2096.834296,42
LINKUSDT,1551384000000,0.4262,0.4288,0.4257,0.4267,19292.15,1551387599999,8240.132055,88
LINKUSDT,1551387600000,0.4264,0.4275,0.4228,0.4231,41387.72,1551391199999,17568.172558,136
LINKUSDT,1551391200000,0.4233,0.4262,0.4227,0.4233,22162.59,1551394799999,9398.980237,87
LINKUSDT,1551394800000,0.4235,0.4255,0.4233,0.4244,6814.92,1551398399999,2887.524967,21
LINKUSDT,1551398400000,0.4236,0.4284,0.4227,0.4236,56787.83,1551401999999,24205.706509,132
LINKUSDT,1551402000000,0.4222,0.4244,0.4219,0.4244,17270.24,1551405599999,7312.68241,79
LINKUSDT,1551405600000,0.4244,0.4269,0.4242,0.4248,14665.24,1551409199999,6228.026777,27
LINKUSDT,1551409200000,0.4255,0.4287,0.4251,0.4251,3840.23,1551412799999,1637.967804,26
LINKUSDT,1551412800000,0.4254,0.4295,0.4254,0.4289,3570.59,1551416399999,1529.934027,19
LINKUSDT,1551416400000,0.4282,0.4303,0.4264,0.428,7411.94,1551419999999,3178.818274,42
LINKUSDT,1551420000000,0.428,0.431,0.4244,0.426,10420.66,1551423599999,4448.274784,32
LINKUSDT,1551423600000,0.4265,0.429,0.4226,0.4251,33940.47,1551427199999,14456.333846,140
LINKUSDT,1551427200000,0.4251,0.4258,0.422,0.423,65158.68,1551430799999,27559.56447,91
LINKUSDT,1551430800000,0.423,0.4249,0.4226,0.424,33261.39,1551434399999,14076.229179,88
LINKUSDT,1551434400000,0.423,0.4289,0.4214,0.4225,19459.59,1551437999999,8239.652007,74
LINKUSDT,1551438000000,0.4232,0.4253,0.4203,0.4229,13930.76,1551441599999,5885.306826,74
LINKUSDT,1551441600000,0.4218,0.425,0.4208,0.4208,15618.87,1551445199999,6595.167218,81
LINKUSDT,1551445200000,0.4208,0.4233,0.4206,0.4233,5958.67,1551448799999,2510.400073,24
LINKUSDT,1551448800000,0.4236,0.4242,0.4211,0.4233,11465.95,1551452399999,4838.029471,39
LINKUSDT,1551452400000,0.4238,0.4255,0.4233,0.4245,5332.52,1551455999999,2262.763488,32
LINKUSDT,1551456000000,0.4253,0.435,0.4253,0.43,48444.24,1551459599999,20834.187424,179
LINKUSDT,1551459600000,0.4291,0.4347,0.4291,0.4318,52140.49,1551463199999,22562.792414,126
LINKUSDT,1551463200000,0.4329,0.4351,0.4298,0.4341,14365.63,1551466799999,6229.961775,61
LINKUSDT,1551466800000,0.4355,0.4363,0.4306,0.4326,18647.52,1551470399999,8097.030591,58
LINKUSDT,1551470400000,0.4336,0.4343,0.4308,0.4325,4790.59,1551473999999,2073.996762,17
LINKUSDT,1551474000000,0.4318,0.438,0.4318,0.437,11772.99,1551477599999,5127.178331,59
LINKUSDT,1551477600000,0.437,0.4386,0.4333,0.4333,9926.27,1551481199999,4318.849098,44
LINKUSDT,1551481200000,0.4321,0.435,0.4276,0.4285,82509.45,1551484799999,35497.194518,104
LINKUSDT,1551484800000,0.4286,0.4311,0.4266,0.4282,13602.93,1551488399999,5820.181072,84
LINKUSDT,1551488400000,0.4279,0.4284,0.4267,0.4276,21927.28,1551491999999,9382.441413,50
LINKUSDT,1551492000000,0.4277,0.4327,0.4275,0.4327,9155.16,1551495599999,3929.08549,40
LINKUSDT,1551495600000,0.4308,0.4351,0.4308,0.4345,6766.54,1551499199999,2928.974203,39
LINKUSDT,1551499200000,0.4319,0.4325,0.4256,0.4277,11541.17,1551502799999,4927.563825,37
LINKUSDT,1551502800000,0.4284,0.4372,0.4263,0.4263,11673.76,1551506399999,5046.410046,41
LINKUSDT,1551506400000,0.4261,0.4268,0.4244,0.4257,12333.47,1551509999999,5253.849887,57
LINKUSDT,1551510000000,0.4257,0.4259,0.4224,0.4226,8366.44,1551513599999,3545.778653,31
LINKUSDT,1551513600000,0.4223,0.4229,0.4173,0.4214,67764.03,1551517199999,28451.221016,161
LINKUSDT,1551517200000,0.4219,0.4275,0.4219,0.4254,18738.68,1551520799999,7957.325569,75
LINKUSDT,1551520800000,0.4255,0.4271,0.4212,0.4271,5723.07,1551524399999,2438.373178,26
LINKUSDT,1551524400000,0.4271,0.4279,0.4251,0.4256,17802.07,1551527999999,7596.674982,45
LINKUSDT,1551528000000,0.4254,0.4274,0.4238,0.4274,14293.05,1551531599999,6084.811889,31
LINKUSDT,1551531600000,0.4248,0.4262,0.424,0.4249,18230.82,1551535199999,7741.320631,69
LINKUSDT,1551535200000,0.4247,0.4268,0.4226,0.4233,21051.75,1551538799999,8937.238777,72
LINKUSDT,1551538800000,0.423,0.4245,0.421,0.421,21411.03,1551542399999,9049.623915,43
LINKUSDT,1551542400000,0.4216,0.4223,0.4174,0.4212,10694.86,1551545999999,4495.718658,56
LINKUSDT,1551546000000,0.4214,0.4214,0.4183,0.4205,8740.53,1551549599999,3672.356491,30
LINKUSDT,1551549600000,0.4193,0.4204,0.4175,0.4201,10697.5,1551553199999,4486.141866,37
LINKUSDT,1551553200000,0.4196,0.4217,0.4188,0.4217,9674.67,1551556799999,4059.576789,43
LINKUSDT,1551556800000,0.4209,0.4214,0.4191,0.4191,4888.34,1551560399999,2057.110958,27
LINKUSDT,1551560400000,0.4193,0.4223,0.4193,0.4216,1812.18,1551563999999,763.282022,13
LINKUSDT,1551564000000,0.4216,0.4218,0.4195,0.4214,2620.23,1551567599999,1104.152033,12
LINKUSDT,1551567600000,0.4206,0.4242,0.4206,0.4221,2060.44,1551571199999,870.760681,14
LINKUSDT,1551571200000,0.4232,0.4242,0.4212,0.4241,9057.38,1551574799999,3824.239559,24
LINKUSDT,1551574800000,0.4241,0.4246,0.4222,0.4229,2391.53,1551578399999,1011.798562,21
LINKUSDT,1551578400000,0.4229,0.4272,0.4229,0.4269,18418.66,1551581999999,7844.850212,54
LINKUSDT,1551582000000,0.4269,0.428,0.4267,0.428,9392.88,1551585599999,4017.516331,58
LINKUSDT,1551585600000,0.428,0.429,0.4265,0.4265,13562.1,1551589199999,5809.130328,66
LINKUSDT,1551589200000,0.4256,0.4269,0.4222,0.425,5528.54,1551592799999,2349.765027,31
LINKUSDT,1551592800000,0.4272,0.4272,0.4236,0.4251,8140.5,1551596399999,3456.793698,39
LINKUSDT,1551596400000,0.4256,0.4277,0.4252,0.4263,2060.96,1551599999999,879.434224,19
LINKUSDT,1551600000000,0.427,0.4275,0.4243,0.4275,6257.74,1551603599999,2665.4365,21
LINKUSDT,1551603600000,0.426,0.4283,0.4238,0.4269,10982.24,1551607199999,4672.580972,37
LINKUSDT,1551607200000,0.4279,0.4282,0.4271,0.4282,14946.23,1551610799999,6393.215028,57
LINKUSDT,1551610800000,0.4282,0.4292,0.424,0.4245,9970.37,1551614399999,4260.48459,54
LINKUSDT,1551614400000,0.424,0.4287,0.4237,0.4281,5986.01,1551617999999,2547.196506,38
LINKUSDT,1551618000000,0.4281,0.4281,0.4213,0.4249,9490.86,1551621599999,4044.876291,41
LINKUSDT,1551621600000,0.4245,0.4268,0.424,0.4247,7763.25,1551625199999,3298.612299,36
LINKUSDT,1551625200000,0.4241,0.4268,0.4191,0.4191,13168.35,1551628799999,5559.677064,57
LINKUSDT,1551628800000,0.419,0.4229,0.419,0.4201,31945.54,1551632399999,13442.96776,78
LINKUSDT,1551632400000,0.4207,0.4275,0.4203,0.4247,11078.04,1551635999999,4703.78072,38
LINKUSDT,1551636000000,0.4238,0.4266,0.4209,0.4227,5422.79,1551639599999,2291.668517,26
LINKUSDT,1551639600000,0.4218,0.4275,0.4218,0.4233,4912.09,1551643199999,2085.336138,23
LINKUSDT,1551643200000,0.4248,0.4264,0.423,0.4239,2918.58,1551646799999,1237.527762,12
LINKUSDT,1551646800000,0.4224,0.4242,0.4208,0.4242,1814.57,1551650399999,766.630742,10
LINKUSDT,1551650400000,0.423,0.4233,0.4215,0.4215,2015.98,1551653999999,851.222455,13
LINKUSDT,1551654000000,0.422,0.422,0.4177,0.4205,18204.76,1551657599999,7645.47518,58
LINKUSDT,1551657600000,0.4203,0.4228,0.4177,0.4228,32252.45,1551661199999,13565.556955,65
LINKUSDT,1551661200000,0.4228,0.4228,0.419,0.4212,2681.08,1551664799999,1128.893383,16
LINKUSDT,1551664800000,0.4223,0.4223,0.4167,0.4178,21190.27,1551668399999,8857.179158,46
LINKUSDT,1551668400000,0.4166,0.4194,0.4129,0.4142,69236.67,1551671999999,28704.310799,163
LINKUSDT,1551672000000,0.4157,0.4162,0.4037,0.41,120936.9,1551675599999,49490.278078,324
LINKUSDT,1551675600000,0.4097,0.4097,0.4033,0.4068,37559.14,1551679199999,15270.999033,94
LINKUSDT,1551679200000,0.4075,0.4118,0.4051,0.4101,45931.04,1551682799999,18763.320376,151
LINKUSDT,1551682800000,0.4119,0.4119,0.4054,0.4054,10313.91,1551686399999,4225.992659,40
LINKUSDT,1551686400000,0.4057,0.4074,0.4036,0.4041,30252.26,1551689999999,12276.654728,77
LINKUSDT,1551690000000,0.4035,0.4071,0.4006,0.4006,33948.94,1551693599999,13746.048684,93
LINKUSDT,1551693600000,0.4025,0.4025,0.3929,0.3985,78647.96,1551697199999,31299.365895,256
LINKUSDT,1551697200000,0.3987,0.4024,0.3958,0.3998,18063.58,1551700799999,7214.037266,54
LINKUSDT,1551700800000,0.4004,0.4018,0.3989,0.3989,9095.86,1551704399999,3639.761637,37
LINKUSDT,1551704400000,0.3989,0.4039,0.3985,0.4009,14696.42,1551707999999,5886.356697,43
LINKUSDT,1551708000000,0.4003,0.402,0.4001,0.4012,11001.23,1551711599999,4417.002152,32
LINKUSDT,1551711600000,0.4026,0.4083,0.4026,0.4083,18514.78,1551715199999,7518.89453,56
LINKUSDT,1551715200000,0.4081,0.4125,0.4069,0.4112,43257.74,1551718799999,17771.177588,164
LINKUSDT,1551718800000,0.4083,0.4255,0.4066,0.4228,87731.14,1551722399999,36910.228433,262
LINKUSDT,1551722400000,0.4246,0.4246,0.41,0.4143,75049.63,1551725999999,31236.242333,156
LINKUSDT,1551726000000,0.4162,0.4162,0.4076,0.4084,40539.59,1551729599999,16618.437437,160
LINKUSDT,1551729600000,0.4092,0.4109,0.4061,0.4061,46943.32,1551733199999,19209.4342,212
LINKUSDT,1551733200000,0.4057,0.4082,0.4013,0.4056,47297.68,1551736799999,19140.938414,172
LINKUSDT,1551736800000,0.4052,0.4057,0.4021,0.4027,12056.84,1551740399999,4860.293409,60
LINKUSDT,1551740400000,0.4021,0.4038,0.4008,0.4036,39183.76,1551743999999,15751.544448,101
LINKUSDT,1551744000000,0.4029,0.4062,0.4023,0.403,41574.41,1551747599999,16796.909447,126
LINKUSDT,1551747600000,0.4041,0.4064,0.404,0.4052,28855.74,1551751199999,11674.586031,74
LINKUSDT,1551751200000,0.4054,0.4067,0.4044,0.4048,26381.41,1551754799999,10673.710834,57
LINKUSDT,1551754800000,0.4048,0.4082,0.4039,0.4082,29125.94,1551758399999,11807.43671,59
LINKUSDT,1551758400000,0.4083,0.4166,0.4058,0.413,60244.13,1551761999999,24757.355382,169
LINKUSDT,1551762000000,0.413,0.428,0.41,0.4127,101538.96,1551765599999,42197.527625,202
LINKUSDT,1551765600000,0.4142,0.4202,0.4107,0.418,54993.39,1551769199999,22754.150534,165
LINKUSDT,1551769200000,0.4165,0.4212,0.4129,0.4175,38029.33,1551772799999,15828.733992,133
LINKUSDT,1551772800000,0.4183,0.4219,0.4142,0.4173,83107.86,1551776399999,34660.96076,284
LINKUSDT,1551776400000,0.4177,0.4177,0.4133,0.4141,4743.11,1551779999999,1969.327597,36
LINKUSDT,1551780000000,0.4141,0.4169,0.4129,0.4161,40965.92,1551783599999,16969.920884,81
LINKUSDT,1551783600000,0.4158,0.4197,0.4142,0.4164,8241.0,1551787199999,3431.569847,32
LINKUSDT,1551787200000,0.4159,0.4189,0.415,0.4189,23370.75,1551790799999,9718.990787,68
LINKUSDT,1551790800000,0.4173,0.4343,0.415,0.4214,331755.57,1551794399999,140441.3461,925
LINKUSDT,1551794400000,0.4253,0.4275,0.4108,0.4124,316005.64,1551797999999,131496.589811,707
LINKUSDT,1551798000000,0.4132,0.4176,0.4125,0.4144,55833.31,1551801599999,23156.986503,149
LINKUSDT,1551801600000,0.4162,0.4202,0.4144,0.4187,118905.73,1551805199999,49573.020268,270
LINKUSDT,1551805200000,0.4187,0.4187,0.4154,0.417,34062.3,1551808799999,14176.015676,57
LINKUSDT,1551808800000,0.4174,0.4192,0.4163,0.4181,30896.16,1551812399999,12900.204025,84
LINKUSDT,1551812400000,0.4192,0.4201,0.4175,0.4198,23971.63,1551815999999,10046.499357,53
LINKUSDT,1551816000000,0.4198,0.4218,0.4168,0.4205,79886.62,1551819599999,33537.124043,140
LINKUSDT,1551819600000,0.42,0.425,0.4188,0.4217,66671.75,1551823199999,28089.308645,102
LINKUSDT,1551823200000,0.4217,0.4279,0.4211,0.424,52362.79,1551826799999,22168.477848,107
LINKUSDT,1551826800000,0.4241,0.4291,0.4239,0.4291,34656.45,1551830399999,14804.145029,152
LINKUSDT,1551830400000,0.4291,0.4307,0.4237,0.426,58139.44,1551833999999,24912.551793,168
LINKUSDT,1551834000000,0.4255,0.4255,0.4191,0.422,46070.83,1551837599999,19425.426206,136
LINKUSDT,1551837600000,0.422,0.427,0.4215,0.425,45867.65,1551841199999,19519.929398,69
LINKUSDT,1551841200000,0.4262,0.4297,0.4191,0.421,18897.39,1551844799999,7972.327304,70
LINKUSDT,1551844800000,0.4188,0.4266,0.4186,0.4249,17408.52,1551848399999,7389.661317,73
LINKUSDT,1551848400000,0.4257,0.4297,0.425,0.425,22011.83,1551851999999,9381.95222,76
LINKUSDT,1551852000000,0.4248,0.427,0.4236,0.4269,14536.37,1551855599999,6184.931898,57
LINKUSDT,1551855600000,0.4282,0.4309,0.4249,0.4274,12291.08,1551859199999,5250.827559,43
LINKUSDT,1551859200000,0.4261,0.4274,0.4245,0.4245,24984.88,1551862799999,10645.647712,59
LINKUSDT,1551862800000,0.4264,0.4291,0.4258,0.4276,7741.4,1551866399999,3310.239492,32
LINKUSDT,1551866400000,0.4281,0.4315,0.4261,0.4263,35108.6,1551869999999,15065.898328,117
LINKUSDT,1551870000000,0.4261,0.429,0.4222,0.4242,36892.87,1551873599999,15679.007145,104
LINKUSDT,1551873600000,0.4239,0.4275,0.4229,0.4249,24852.24,1551877199999,10561.723355,51
LINKUSDT,1551877200000,0.4244,0.4275,0.424,0.424,23334.22,1551880799999,9910.418006,41
LINKUSDT,1551880800000,0.4245,0.4257,0.4227,0.4239,80865.96,1551884399999,34241.165605,118
LINKUSDT,1551884400000,0.4239,0.4265,0.4239,0.4264,10073.54,1551887999999,4280.232912,31
LINKUSDT,1551888000000,0.4265,0.4284,0.4246,0.4274,22050.52,1551891599999,9394.854963,92
LINKUSDT,1551891600000,0.4284,0.4285,0.4255,0.4255,6267.06,1551895199999,2671.613079,29
LINKUSDT,1551895200000,0.4254,0.4291,0.4233,0.4291,34936.86,1551898799999,14847.242518,96
LINKUSDT,1551898800000,0.4291,0.4325,0.4287,0.4312,44985.02,1551902399999,19378.414113,172
LINKUSDT,1551902400000,0.4322,0.4362,0.4308,0.4347,25214.02,1551905999999,10920.646239,87
LINKUSDT,1551906000000,0.4348,0.4385,0.4303,0.432,56501.23,1551909599999,24643.151935,174
LINKUSDT,1551909600000,0.432,0.4337,0.4267,0.4325,39290.62,1551913199999,16856.551637,117
LINKUSDT,1551913200000,0.4335,0.4337,0.4269,0.4296,8006.0,1551916799999,3440.394691,45
LINKUSDT,1551916800000,0.4296,0.4352,0.4283,0.4319,15157.1,1551920399999,6535.466117,78
LINKUSDT,1551920400000,0.4304,0.4352,0.4286,0.4293,42814.73,1551923999999,18457.996874,90
LINKUSDT,1551924000000,0.4293,0.4302,0.4268,0.4272,34780.59,1551927599999,14885.913431,123
LINKUSDT,1551927600000,0.4286,0.4345,0.4276,0.4344,11703.88,1551931199999,5046.98811,55
LINKUSDT,1551931200000,0.4329,0.4335,0.4315,0.4318,29626.66,1551934799999,12800.960571,51
LINKUSDT,1551934800000,0.4318,0.4329,0.4276,0.4276,49144.87,1551938399999,21138.913082,71
LINKUSDT,1551938400000,0.4289,0.4292,0.4256,0.427,28294.62,1551941999999,12073.640795,83
LINKUSDT,1551942000000,0.4264,0.43,0.4258,0.4298,43730.92,1551945599999,18777.419651,51
LINKUSDT,1551945600000,0.4292,0.4314,0.4269,0.43,23696.01,1551949199999,10135.728177,56
LINKUSDT,1551949200000,0.4298,0.4301,0.4281,0.4299,8772.01,1551952799999,3759.889447,32
LINKUSDT,1551952800000,0.4292,0.4329,0.4286,0.4303,16695.02,1551956399999,7194.550914,67
LINKUSDT,1551956400000,0.4308,0.4335,0.4297,0.4302,18841.76,1551959999999,8143.344933,70
LINKUSDT,1551960000000,0.43,0.4324,0.428,0.431,18006.72,1551963599999,7731.414129,65
LINKUSDT,1551963600000,0.4324,0.4434,0.4316,0.4335,58390.2,1551967199999,25504.403276,142
LINKUSDT,1551967200000,0.435,0.438,0.4325,0.434,35073.93,1551970799999,15300.474078,90
LINKUSDT,1551970800000,0.4349,0.439,0.4342,0.4377,24019.55,1551974399999,10492.739955,46
LINKUSDT,1551974400000,0.436,0.445,0.4353,0.4406,35417.14,1551977999999,15616.548513,91
LINKUSDT,1551978000000,0.4407,0.448,0.4401,0.4441,61919.58,1551981599999,27447.582325,259
LINKUSDT,1551981600000,0.4443,0.4677,0.4436,0.4677,269094.02,1551985199999,123561.214316,774
LINKUSDT,1551985200000,0.4677,0.4766,0.4631,0.4652,336273.67,1551988799999,158022.151821,803
LINKUSDT,1551988800000,0.4652,0.4691,0.4547,0.4579,187526.7,1551992399999,86372.836289,483
LINKUSDT,1551992400000,0.4598,0.466,0.4541,0.4599,70409.03,1551995999999,32374.32315,175
LINKUSDT,1551996000000,0.4593,0.4603,0.45,0.4502,58414.32,1551999599999,26528.570822,185
LINKUSDT,1551999600000,0.452,0.4548,0.4517,0.4521,20961.0,1552003199999,9490.472366,89
LINKUSDT,1552003200000,0.4521,0.466,0.4519,0.4632,81402.88,1552006799999,37403.913864,215
LINKUSDT,1552006800000,0.4634,0.484,0.4632,0.4819,303746.11,1552010399999,143632.474721,627
LINKUSDT,1552010400000,0.4814,0.495,0.4748,0.4766,366924.33,1552013999999,177860.20457,941
LINKUSDT,1552014000000,0.4754,0.4903,0.4693,0.4878,165595.96,1552017599999,79660.643513,622
LINKUSDT,1552017600000,0.489,0.51,0.484,0.5002,513762.43,1552021199999,255859.581336,1242
LINKUSDT,1552021200000,0.5003,0.5107,0.4829,0.4844,330371.7,1552024799999,163557.19415,915
LINKUSDT,1552024800000,0.4828,0.499,0.4771,0.4807,225421.84,1552028399999,109373.433118,599
LINKUSDT,1552028400000,0.48,0.4885,0.47,0.4851,168345.6,1552031999999,80533.177519,576
LINKUSDT,1552032000000,0.4869,0.4913,0.4789,0.4791,72285.98,1552035599999,35132.217282,238
LINKUSDT,1552035600000,0.4794,0.4808,0.4709,0.4787,91621.04,1552039199999,43399.895478,244
LINKUSDT,1552039200000,0.4789,0.4816,0.4748,0.4788,20096.77,1552042799999,9599.435142,110
LINKUSDT,1552042800000,0.4788,0.4868,0.4764,0.4794,31724.6,1552046399999,15313.184335,134
LINKUSDT,1552046400000,0.4792,0.4821,0.4764,0.4788,36412.49,1552049999999,17475.671616,91
LINKUSDT,1552050000000,0.479,0.4917,0.4763,0.4822,58007.76,1552053599999,28207.206623,263
LINKUSDT,1552053600000,0.4843,0.486,0.4806,0.4836,42627.81,1552057199999,20609.749933,140
LINKUSDT,1552057200000,0.4836,0.495,0.4836,0.4943,85961.99,1552060799999,42113.478299,346
LINKUSDT,1552060800000,0.4895,0.4895,0.475,0.4808,109804.84,1552064399999,52695.488659,508
LINKUSDT,1552064400000,0.4805,0.4825,0.4761,0.4812,11407.57,1552067999999,5469.09332,108
LINKUSDT,1552068000000,0.4812,0.4874,0.4797,0.4833,24465.58,1552071599999,11839.764987,157
LINKUSDT,1552071600000,0.4839,0.4875,0.483,0.4841,16619.25,1552075199999,8051.269317,69
LINKUSDT,1552075200000,0.486,0.4877,0.4817,0.4877,37302.16,1552078799999,18120.733382,96
LINKUSDT,1552078800000,0.4887,0.4993,0.4779,0.4779,127717.5,1552082399999,62340.089068,438
LINKUSDT,1552082400000,0.4774,0.4778,0.4555,0.4656,259748.3,1552085999999,120713.247989,713
LINKUSDT,1552086000000,0.4656,0.4681,0.4597,0.4611,66906.34,1552089599999,31108.56362,230
LINKUSDT,1552089600000,0.4611,0.4646,0.4573,0.4586,103718.54,1552093199999,47773.55164,335
LINKUSDT,1552093200000,0.4586,0.4659,0.4569,0.4585,73930.76,1552096799999,33972.393498,227
LINKUSDT,1552096800000,0.4592,0.4609,0.4524,0.4553,149097.24,1552100399999,67866.886823,354
LINKUSDT,1552100400000,0.4552,0.4593,0.4552,0.4581,11224.25,1552103999999,5135.678029,59
LINKUSDT,1552104000000,0.4583,0.4587,0.4562,0.457,23798.94,1552107599999,10886.816238,59
LINKUSDT,1552107600000,0.4586,0.4714,0.4586,0.4661,95019.79,1552111199999,43970.683223,279
LINKUSDT,1552111200000,0.4655,0.4725,0.4636,0.472,30228.81,1552114799999,14122.977726,130
LINKUSDT,1552114800000,0.4708,0.4803,0.4701,0.4765,45965.93,1552118399999,21930.864942,241
LINKUSDT,1552118400000,0.4762,0.4783,0.4683,0.4705,39661.99,1552121999999,18699.964634,172
LINKUSDT,1552122000000,0.4689,0.472,0.4653,0.4695,92211.7,1552125599999,43077.24121,278
LINKUSDT,1552125600000,0.4678,0.4725,0.4678,0.4685,11177.95,1552129199999,5247.806609,43
LINKUSDT,1552129200000,0.4693,0.4713,0.466,0.466,38634.76,1552132799999,18030.621392,97
LINKUSDT,1552132800000,0.4661,0.4747,0.466,0.4726,92414.74,1552136399999,43282.46986,166
LINKUSDT,1552136400000,0.4732,0.4745,0.4689,0.4705,46108.22,1552139999999,21688.162692,138
LINKUSDT,1552140000000,0.469,0.472,0.4661,0.4715,55194.92,1552143599999,25831.109049,129
LINKUSDT,1552143600000,0.4698,0.4724,0.4631,0.4659,85866.9,1552147199999,40103.795597,259
LINKUSDT,1552147200000,0.4668,0.4677,0.4614,0.4621,50632.51,1552150799999,23458.101347,151
LINKUSDT,1552150800000,0.4621,0.465,0.459,0.4604,90496.09,1552154399999,41707.474428,195
LINKUSDT,1552154400000,0.4621,0.4683,0.4618,0.4653,8426.28,1552157999999,3927.501448,50
LINKUSDT,1552158000000,0.4681,0.47,0.4661,0.4682,20616.37,1552161599999,9652.667944,82
LINKUSDT,1552161600000,0.4691,0.47,0.4624,0.4625,29266.78,1552165199999,13623.505061,120
LINKUSDT,1552165200000,0.463,0.4677,0.4626,0.4649,23716.04,1552168799999,11062.831076,77
LINKUSDT,1552168800000,0.465,0.48,0.4624,0.4754,122295.21,1552172399999,57924.557434,466
LINKUSDT,1552172400000,0.4783,0.4824,0.4743,0.4746,41981.71,1552175999999,20118.340898,181
LINKUSDT,1552176000000,0.4742,0.4812,0.4718,0.4776,75320.53,1552179599999,35924.730471,173
LINKUSDT,1552179600000,0.4781,0.486,0.4771,0.485,52681.71,1552183199999,25407.967211,247
LINKUSDT,1552183200000,0.4853,0.505,0.4791,0.4798,47657.36,1552186799999,23330.060249,283
LINKUSDT,1552186800000,0.4796,0.4796,0.4681,0.471,91764.36,1552190399999,43347.02863,375
LINKUSDT,1552190400000,0.4695,0.495,0.4694,0.4817,54361.75,1552193999999,26117.411824,284
LINKUSDT,1552194000000,0.4817,0.4842,0.4781,0.4842,36553.35,1552197599999,17575.785747,170
LINKUSDT,1552197600000,0.4842,0.4895,0.4757,0.4768,99536.33,1552201199999,47641.538266,305
LINKUSDT,1552201200000,0.4757,0.4757,0.4685,0.4699,120157.96,1552204799999,56639.101279,370
LINKUSDT,1552204800000,0.4693,0.4778,0.4685,0.4778,47458.45,1552208399999,22387.444422,197
LINKUSDT,1552208400000,0.4778,0.498,0.4773,0.4861,121243.14,1552211999999,59233.097594,412
LINKUSDT,1552212000000,0.4879,0.5034,0.4832,0.4993,95180.59,1552215599999,47063.327636,442
LINKUSDT,1552215600000,0.5009,0.5009,0.4871,0.4902,81566.3,1552219199999,40257.072393,276
LINKUSDT,1552219200000,0.49,0.5139,0.4878,0.4995,143336.59,1552222799999,72508.575255,717
LINKUSDT,1552222800000,0.4991,0.5014,0.4902,0.4947,51420.8,1552226399999,25500.185724,255
LINKUSDT,1552226400000,0.4961,0.5129,0.4876,0.5102,130093.66,1552229999999,65410.398145,590
LINKUSDT,1552230000000,0.5094,0.5292,0.5071,0.5278,251659.8,1552233599999,130981.189943,812
LINKUSDT,1552233600000,0.5288,0.546,0.5147,0.5246,617435.19,1552237199999,325720.802643,1853
LINKUSDT,1552237200000,0.5246,0.5246,0.5155,0.5158,108267.14,1552240799999,56265.899294,315
LINKUSDT,1552240800000,0.5182,0.5191,0.5117,0.512,141839.19,1552244399999,73112.829262,304
LINKUSDT,1552244400000,0.5118,0.513,0.4959,0.5033,234503.63,1552247999999,118011.738124,635
LINKUSDT,1552248000000,0.5037,0.5073,0.4986,0.5022,53000.56,1552251599999,26625.574699,197
LINKUSDT,1552251600000,0.5013,0.5185,0.4976,0.5132,82338.08,1552255199999,41641.257675,294
LINKUSDT,1552255200000,0.5137,0.5138,0.5,0.5007,67582.64,1552258799999,34248.635862,330
LINKUSDT,1552258800000,0.5027,0.5043,0.4964,0.4981,83032.75,1552262399999,41559.743299,285
LINKUSDT,1552262400000,0.4982,0.5047,0.4962,0.5027,60358.0,1552265999999,30201.81624,222
LINKUSDT,1552266000000,0.503,0.5073,0.4928,0.4988,98684.52,1552269599999,48979.831591,279
LINKUSDT,1552269600000,0.497,0.5148,0.497,0.5092,80290.85,1552273199999,40595.962139,313
LINKUSDT,1552273200000,0.5104,0.5116,0.4939,0.4941,86484.6,1552276799999,43407.418683,307
LINKUSDT,1552276800000,0.4943,0.503,0.4891,0.4988,207223.67,1552280399999,103013.717881,440
LINKUSDT,1552280400000,0.4968,0.5,0.4895,0.4917,95580.2,1552283999999,46993.699982,284
LINKUSDT,1552284000000,0.4895,0.5,0.4881,0.4985,100335.57,1552287599999,49535.519778,279
LINKUSDT,1552287600000,0.501,0.5181,0.4949,0.4949,108247.6,1552291199999,54616.800101,492
LINKUSDT,1552291200000,0.4949,0.4949,0.483,0.4845,153625.89,1552294799999,74858.374825,398
LINKUSDT,1552294800000,0.4831,0.4852,0.4755,0.48,276928.15,1552298399999,132721.882573,520
LINKUSDT,1552298400000,0.4791,0.4835,0.4778,0.4778,48401.37,1552301999999,23260.594028,127
LINKUSDT,1552302000000,0.4778,0.4808,0.4776,0.4783,64031.91,1552305599999,30673.433888,164
LINKUSDT,1552305600000,0.4766,0.4766,0.4382,0.4633,472070.0,1552309199999,217207.776738,840
LINKUSDT,1552309200000,0.4631,0.4709,0.4574,0.4701,133435.15,1552312799999,61728.7132,404
LINKUSDT,1552312800000,0.4686,0.471,0.4638,0.4707,81132.64,1552316399999,37881.748943,205
LINKUSDT,1552316400000,0.4709,0.489,0.4709,0.4859,145119.12,1552319999999,69573.992506,419
LINKUSDT,1552320000000,0.4873,0.4873,0.4686,0.4714,69772.49,1552323599999,33329.209974,244
LINKUSDT,1552323600000,0.4703,0.4763,0.47,0.4726,13210.9,1552327199999,6263.507362,53
LINKUSDT,1552327200000,0.4726,0.4726,0.464,0.4656,73656.78,1552330799999,34552.227809,213
LINKUSDT,1552330800000,0.464,0.4648,0.4601,0.4608,59479.3,1552334399999,27472.86728,211
LINKUSDT,1552334400000,0.4606,0.4699,0.4601,0.4676,46181.14,1552337999999,21585.56386,124
LINKUSDT,1552338000000,0.4658,0.4725,0.4641,0.4678,40221.32,1552341599999,18820.997857,176
LINKUSDT,1552341600000,0.468,0.4745,0.4645,0.4665,84150.81,1552345199999,39564.247602,316
LINKUSDT,1552345200000,0.4679,0.4708,0.46,0.4629,34432.23,1552348799999,15960.947466,127
LINKUSDT,1552348800000,0.4641,0.485,0.4535,0.4642,333375.55,1552352399999,156071.31809,1022
LINKUSDT,1552352400000,0.4607,0.4851,0.4503,0.4669,404178.8,1552355999999,187702.466619,1101
LINKUSDT,1552377600000,0.4688,0.4844,0.4688,0.4794,66815.72,1552381199999,31749.78946,197
LINKUSDT,1552381200000,0.4795,0.5031,0.4795,0.5003,161040.25,1552384799999,79404.781148,410
LINKUSDT,1552384800000,0.5009,0.5075,0.4936,0.4996,153511.22,1552388399999,77114.434822,354
LINKUSDT,1552388400000,0.4972,0.5079,0.4922,0.4964,123926.4,1552391999999,61330.054905,237
LINKUSDT,1552392000000,0.4966,0.4985,0.4936,0.4964,51313.87,1552395599999,25483.592264,221
LINKUSDT,1552395600000,0.4963,0.4979,0.4922,0.4969,92823.08,1552399199999,45854.228185,218
LINKUSDT,1552399200000,0.4951,0.4997,0.4942,0.4997,13475.1,1552402799999,6694.586669,74
LINKUSDT,1552402800000,0.4998,0.5039,0.49,0.4903,123284.04,1552406399999,61391.047782,347
LINKUSDT,1552406400000,0.4901,0.4957,0.49,0.4951,41065.73,1552409999999,20199.895065,181
LINKUSDT,1552410000000,0.4935,0.496,0.4821,0.4869,190615.57,1552413599999,93178.657587,531
LINKUSDT,1552413600000,0.4856,0.49,0.4805,0.4834,93848.36,1552417199999,45373.228481,209
LINKUSDT,1552417200000,0.4831,0.4887,0.4814,0.4856,56300.68,1552420799999,27299.926971,159
LINKUSDT,1552420800000,0.4888,0.4927,0.4841,0.4853,63574.52,1552424399999,31063.199462,198
LINKUSDT,1552424400000,0.4851,0.495,0.4835,0.4902,45967.25,1552427999999,22491.473853,182
LINKUSDT,1552428000000,0.4896,0.4911,0.4868,0.4882,55969.88,1552431599999,27347.178298,143
LINKUSDT,1552431600000,0.4867,0.4899,0.4857,0.4876,34096.65,1552435199999,16666.568967,181
LINKUSDT,1552435200000,0.4872,0.488,0.4837,0.4858,21367.74,1552438799999,10378.459279,163
LINKUSDT,1552438800000,0.4878,0.4879,0.4785,0.4795,107597.21,1552442399999,51771.061101,331
LINKUSDT,1552442400000,0.4822,0.4829,0.4742,0.4782,93700.64,1552445999999,44798.512858,278
LINKUSDT,1552446000000,0.4786,0.4839,0.4771,0.4822,52593.61,1552449599999,25280.876514,227
LINKUSDT,1552449600000,0.482,0.4868,0.4784,0.4801,21871.58,1552453199999,10560.947572,170
LINKUSDT,1552453200000,0.4814,0.4822,0.478,0.4801,54302.61,1552456799999,26076.309539,109
LINKUSDT,1552456800000,0.4821,0.4828,0.474,0.4758,26643.77,1552460399999,12731.973307,228
LINKUSDT,1552460400000,0.4781,0.4815,0.4769,0.4815,8362.17,1552463999999,4003.710093,51
LINKUSDT,1552464000000,0.4809,0.4844,0.4806,0.4844,19022.42,1552467599999,9173.452178,96
LINKUSDT,1552467600000,0.4845,0.4858,0.4825,0.4825,28466.33,1552471199999,13763.564294,92
LINKUSDT,1552471200000,0.4814,0.4814,0.4764,0.4764,51375.29,1552474799999,24623.713216,145
LINKUSDT,1552474800000,0.4766,0.4789,0.4672,0.4699,220426.48,1552478399999,103906.449856,333
LINKUSDT,1552478400000,0.47,0.4763,0.4671,0.476,31370.64,1552481999999,14798.193447,203
LINKUSDT,1552482000000,0.4763,0.4845,0.4763,0.4836,93961.29,1552485599999,45123.264072,257
LINKUSDT,1552485600000,0.4836,0.4861,0.4764,0.477,55507.39,1552489199999,26765.072801,243
LINKUSDT,1552489200000,0.4788,0.4817,0.4722,0.4755,31650.57,1552492799999,15052.88105,177
LINKUSDT,1552492800000,0.4753,0.4755,0.4706,0.475,43074.1,1552496399999,20383.539009,149
LINKUSDT,1552496400000,0.473,0.4781,0.4728,0.4737,35257.39,1552499999999,16719.33639,93
LINKUSDT,1552500000000,0.4733,0.4763,0.4722,0.4754,11436.97,1552503599999,5427.208739,54
LINKUSDT,1552503600000,0.4754,0.481,0.4731,0.4785,50234.56,1552507199999,24017.114258,206
LINKUSDT,1552507200000,0.476,0.4793,0.4691,0.4736,81390.98,1552510799999,38475.231792,320
LINKUSDT,1552510800000,0.4737,0.4763,0.4703,0.4703,13327.16,1552514399999,6314.206726,70
LINKUSDT,1552514400000,0.4712,0.4778,0.469,0.4755,63335.95,1552517999999,30015.237774,185
LINKUSDT,1552518000000,0.4769,0.4842,0.4745,0.4805,47079.83,1552521599999,22569.861534,219
LINKUSDT,1552521600000,0.4814,0.486,0.4774,0.4822,144997.63,1552525199999,70098.719752,258
LINKUSDT,1552525200000,0.4821,0.498,0.476,0.4788,171938.51,1552528799999,83133.019823,612
LINKUSDT,1552528800000,0.4783,0.4827,0.4744,0.4827,43440.45,1552532399999,20791.854585,173
LINKUSDT,1552532400000,0.4837,0.4962,0.482,0.4906,94054.93,1552535999999,45931.28621,431
LINKUSDT,1552536000000,0.4906,0.4916,0.4846,0.4884,41766.91,1552539599999,20365.114154,236
LINKUSDT,1552539600000,0.4867,0.4896,0.4854,0.4858,20726.7,1552543199999,10108.864652,142
LINKUSDT,1552543200000,0.4865,0.4897,0.4841,0.488,23885.84,1552546799999,11619.03513,97
LINKUSDT,1552546800000,0.488,0.4888,0.4798,0.4798,42415.82,1552550399999,20469.628127,156
LINKUSDT,1552550400000,0.481,0.4862,0.475,0.4757,87739.09,1552553999999,42014.947589,323
LINKUSDT,1552554000000,0.4769,0.481,0.4722,0.476,41395.27,1552557599999,19689.719531,191
LINKUSDT,1552557600000,0.4769,0.4789,0.4752,0.4784,17220.31,1552561199999,8221.855586,115
LINKUSDT,1552561200000,0.4784,0.4807,0.4735,0.4799,15003.0,1552564799999,7175.069075,87
LINKUSDT,1552564800000,0.48,0.4822,0.4789,0.4797,47585.53,1552568399999,22865.644191,208
LINKUSDT,1552568400000,0.479,0.4835,0.4777,0.4783,57622.8,1552571999999,27727.462349,242
LINKUSDT,1552572000000,0.4784,0.4872,0.4739,0.4836,123395.36,1552575599999,59076.17942,455
LINKUSDT,1552575600000,0.4817,0.4994,0.481,0.485,208724.62,1552579199999,102415.550238,644
LINKUSDT,1552579200000,0.485,0.495,0.4836,0.488,115347.0,1552582799999,56539.857095,356
LINKUSDT,1552582800000,0.4866,0.4948,0.4845,0.4897,123054.61,1552586399999,60266.447523,361
LINKUSDT,1552586400000,0.4914,0.4939,0.4872,0.4889,59471.86,1552589999999,29093.882926,239
LINKUSDT,1552590000000,0.4881,0.4893,0.4851,0.4882,39290.62,1552593599999,19121.264404,145
LINKUSDT,1552593600000,0.488,0.4936,0.4853,0.4889,13623.98,1552597199999,6676.669468,79
LINKUSDT,1552597200000,0.4875,0.4932,0.4863,0.4926,58775.2,1552600799999,28706.003167,177
LINKUSDT,1552600800000,0.4925,0.4932,0.4863,0.4897,72110.77,1552604399999,35325.238207,241
LINKUSDT,1552604400000,0.4909,0.4909,0.4844,0.4871,57205.59,1552607999999,27821.550357,135
LINKUSDT,1552608000000,0.4858,0.4942,0.485,0.4894,79213.53,1552611599999,38789.645322,278
LINKUSDT,1552611600000,0.4888,0.4909,0.4873,0.4888,19115.29,1552615199999,9345.158183,94
LINKUSDT,1552615200000,0.49,0.496,0.4869,0.4889,36316.17,1552618799999,17846.590151,138
LINKUSDT,1552618800000,0.488,0.4901,0.4869,0.4894,4269.5,1552622399999,2085.938244,26
LINKUSDT,1552622400000,0.4893,0.4915,0.488,0.4893,5506.92,1552625999999,2697.504129,61
LINKUSDT,1552626000000,0.4881,0.4894,0.4858,0.4861,16153.18,1552629599999,7871.702245,104
LINKUSDT,1552629600000,0.4859,0.4887,0.4859,0.4861,33252.86,1552633199999,16176.528368,99
LINKUSDT,1552633200000,0.4861,0.4896,0.4851,0.4893,17779.32,1552636799999,8662.434715,87
LINKUSDT,1552636800000,0.4877,0.4891,0.4865,0.4875,16797.44,1552640399999,8180.475542,65
LINKUSDT,1552640400000,0.4886,0.49,0.4866,0.49,16302.32,1552643999999,7959.364445,94
LINKUSDT,1552644000000,0.4903,0.4909,0.4872,0.4876,14979.02,1552647599999,7324.356433,99
LINKUSDT,1552647600000,0.4874,0.4924,0.4872,0.492,15850.99,1552651199999,7769.736856,89
LINKUSDT,1552651200000,0.4898,0.4913,0.4863,0.4881,46726.58,1552654799999,22812.145134,146
LINKUSDT,1552654800000,0.4881,0.4888,0.486,0.486,36031.68,1552658399999,17540.994959,78
LINKUSDT,1552658400000,0.4871,0.4887,0.4836,0.4865,23139.43,1552661999999,11250.531492,158
LINKUSDT,1552662000000,0.4862,0.4887,0.4837,0.488,22532.02,1552665599999,10960.42685,99
LINKUSDT,1552665600000,0.488,0.4898,0.4842,0.4844,29492.59,1552669199999,14342.333084,133
LINKUSDT,1552669200000,0.4853,0.4878,0.4842,0.4862,22389.55,1552672799999,10866.818296,138
LINKUSDT,1552672800000,0.486,0.4878,0.4831,0.4878,40870.43,1552676399999,19826.750715,154
LINKUSDT,1552676400000,0.4878,0.4903,0.4878,0.4899,19268.02,1552679999999,9422.395944,110
LINKUSDT,1552680000000,0.4909,0.4909,0.4877,0.4881,19412.22,1552683599999,9500.888651,58
LINKUSDT,1552683600000,0.4882,0.4894,0.484,0.4889,26380.54,1552687199999,12840.78117,98
LINKUSDT,1552687200000,0.487,0.4876,0.4838,0.4857,11078.34,1552690799999,5376.118262,81
LINKUSDT,1552690800000,0.4864,0.4869,0.4854,0.4858,5035.12,1552694399999,2448.297224,34
LINKUSDT,1552694400000,0.4866,0.4949,0.4855,0.4915,61192.4,1552697999999,29942.386533,231
LINKUSDT,1552698000000,0.4925,0.496,0.4812,0.482,245730.62,1552701599999,119518.893784,742
LINKUSDT,1552701600000,0.482,0.4857,0.4801,0.4802,64535.5,1552705199999,31046.848041,275
LINKUSDT,1552705200000,0.482,0.4863,0.4808,0.4835,53731.33,1552708799999,26023.352423,156
LINKUSDT,1552708800000,0.4836,0.4912,0.4681,0.4804,665795.85,1552712399999,318769.204121,2064
LINKUSDT,1552712400000,0.4819,0.4848,0.4784,0.479,57271.49,1552715999999,27556.797309,269
LINKUSDT,1552716000000,0.4792,0.4828,0.476,0.4795,54241.35,1552719599999,26010.005545,210
LINKUSDT,1552719600000,0.4806,0.4829,0.4783,0.48,46097.07,1552723199999,22103.698432,122
LINKUSDT,1552723200000,0.48,0.4842,0.48,0.4813,19720.37,1552726799999,9501.401833,84
LINKUSDT,1552726800000,0.4815,0.4845,0.4795,0.481,25701.36,1552730399999,12385.339739,107
LINKUSDT,1552730400000,0.4821,0.4848,0.479,0.4812,37298.39,1552733999999,17961.529295,123
LINKUSDT,1552734000000,0.48,0.4844,0.4779,0.4823,69050.02,1552737599999,33143.02122,228
LINKUSDT,1552737600000,0.4812,0.484,0.4734,0.4768,56395.56,1552741199999,26930.298702,225
LINKUSDT,1552741200000,0.477,0.4787,0.4742,0.4786,47356.34,1552744799999,22612.315136,174
LINKUSDT,1552744800000,0.477,0.481,0.4761,0.479,27669.03,1552748399999,13251.90752,150
LINKUSDT,1552748400000,0.478,0.4841,0.4771,0.4828,67725.61,1552751999999,32579.402217,289
LINKUSDT,1552752000000,0.4828,0.4847,0.4796,0.4798,47926.89,1552755599999,23124.359168,186
LINKUSDT,1552755600000,0.4797,0.483,0.4784,0.4784,24272.0,1552759199999,11655.382945,189
LINKUSDT,1552759200000,0.4796,0.4837,0.4782,0.4821,19478.77,1552762799999,9376.82103,174
LINKUSDT,1552762800000,0.4819,0.4826,0.4796,0.4815,8644.6,1552766399999,4162.32541,37
LINKUSDT,1552766400000,0.4806,0.4817,0.4775,0.4791,23496.18,1552769999999,11256.419704,131
LINKUSDT,1552770000000,0.4777,0.4805,0.4769,0.4777,11833.57,1552773599999,5668.918569,81
LINKUSDT,1552773600000,0.479,0.4815,0.4767,0.4795,10818.37,1552777199999,5185.279571,97
LINKUSDT,1552777200000,0.4796,0.482,0.4789,0.4819,22531.84,1552780799999,10831.567574,134
LINKUSDT,1552780800000,0.4805,0.4809,0.4745,0.4776,47362.48,1552784399999,22566.725765,184
LINKUSDT,1552784400000,0.4769,0.4804,0.4761,0.4791,13262.89,1552787999999,6342.322389,112
LINKUSDT,1552788000000,0.4779,0.4887,0.4702,0.4775,345339.65,1552791599999,165082.738195,1133
LINKUSDT,1552791600000,0.4766,0.4868,0.4705,0.4738,396796.71,1552795199999,189227.120103,1437
LINKUSDT,1552795200000,0.4743,0.4833,0.4705,0.4781,179182.4,1552798799999,85326.182861,572
LINKUSDT,1552798800000,0.4772,0.483,0.4717,0.478,120877.19,1552802399999,57588.985052,297
LINKUSDT,1552802400000,0.478,0.4804,0.4773,0.4783,2271.58,1552805999999,1087.176195,35
LINKUSDT,1552806000000,0.479,0.4807,0.4735,0.475,25695.34,1552809599999,12228.007229,155
LINKUSDT,1552809600000,0.4762,0.48,0.4754,0.4772,20743.84,1552813199999,9902.407191,173
LINKUSDT,1552813200000,0.4775,0.4795,0.475,0.4757,9937.61,1552816799999,4740.192826,79
LINKUSDT,1552816800000,0.4758,0.4791,0.4753,0.4782,16788.59,1552820399999,8004.947401,65
LINKUSDT,1552820400000,0.4787,0.4819,0.4744,0.4772,41905.49,1552823999999,20025.464164,173
LINKUSDT,1552824000000,0.4777,0.4796,0.4736,0.4751,22897.82,1552827599999,10899.091597,122
LINKUSDT,1552827600000,0.4767,0.4785,0.475,0.4777,11653.15,1552831199999,5566.428536,90
LINKUSDT,1552831200000,0.4777,0.48,0.4773,0.4779,14890.44,1552834799999,7128.613875,124
LINKUSDT,1552834800000,0.478,0.4793,0.4771,0.4793,7621.3,1552838399999,3642.11364,50
LINKUSDT,1552838400000,0.479,0.4835,0.4766,0.4791,21462.92,1552841999999,10304.574187,169
LINKUSDT,1552842000000,0.4792,0.48,0.4768,0.4791,5994.33,1552845599999,2864.483436,29
LINKUSDT,1552845600000,0.4794,0.4802,0.4781,0.4783,4489.87,1552849199999,2152.921178,31
LINKUSDT,1552849200000,0.4789,0.4802,0.4768,0.4802,12227.92,1552852799999,5852.635188,60
LINKUSDT,1552852800000,0.4803,0.4809,0.477,0.4789,6146.1,1552856399999,2943.710131,64
LINKUSDT,1552856400000,0.4791,0.4804,0.479,0.479,1967.28,1552859999999,943.711564,29
LINKUSDT,1552860000000,0.4791,0.4805,0.4777,0.4787,4397.16,1552863599999,2108.151629,38
LINKUSDT,1552863600000,0.478,0.479,0.4765,0.4785,18214.67,1552867199999,8698.689863,72
LINKUSDT,1552867200000,0.4789,0.4815,0.4775,0.4806,40652.06,1552870799999,19535.69292,141
LINKUSDT,1552870800000,0.4815,0.4833,0.4787,0.481,42893.43,1552874399999,20655.482613,220
LINKUSDT,1552874400000,0.4808,0.481,0.4784,0.4799,10574.73,1552877999999,5072.817961,39
LINKUSDT,1552878000000,0.4801,0.4804,0.4784,0.4784,6112.73,1552881599999,2930.683484,38
LINKUSDT,1552881600000,0.479,0.4808,0.4764,0.4764,13976.06,1552885199999,6700.97323,84
LINKUSDT,1552885200000,0.4764,0.4781,0.4719,0.4721,65793.17,1552888799999,31314.367934,204
LINKUSDT,1552888800000,0.4713,0.475,0.4712,0.4716,36406.59,1552892399999,17201.934261,171
LINKUSDT,1552892400000,0.4719,0.4768,0.4719,0.4721,18992.72,1552895999999,9013.416919,69
LINKUSDT,1552896000000,0.4715,0.4769,0.4711,0.4769,28061.94,1552899599999,13323.172077,109
LINKUSDT,1552899600000,0.4761,0.4768,0.4709,0.4729,39848.81,1552903199999,18867.636354,144
LINKUSDT,1552903200000,0.4721,0.4745,0.4701,0.4701,83398.38,1552906799999,39347.292234,187
LINKUSDT,1552906800000,0.4724,0.4731,0.47,0.4731,100613.21,1552910399999,47303.247888,71
LINKUSDT,1552910400000,0.4731,0.4742,0.4706,0.474,52239.71,1552913999999,24661.83899,168
LINKUSDT,1552914000000,0.4747,0.4756,0.4724,0.4737,15875.9,1552917599999,7522.890366,69
LINKUSDT,1552917600000,0.4737,0.4743,0.4703,0.4718,18964.75,1552921199999,8959.623627,61
LINKUSDT,1552921200000,0.4723,0.4729,0.4679,0.4699,91534.41,1552924799999,42963.326765,183
LINKUSDT,1552924800000,0.4709,0.4717,0.4675,0.4697,47321.57,1552928399999,22209.381024,208
LINKUSDT,1552928400000,0.4697,0.4697,0.467,0.4685,15808.42,1552931999999,7390.581844,71
LINKUSDT,1552932000000,0.4689,0.4724,0.468,0.4703,43876.49,1552935599999,20622.671833,137
LINKUSDT,1552935600000,0.4705,0.4747,0.4697,0.4747,18422.58,1552939199999,8702.281661,85
LINKUSDT,1552939200000,0.4745,0.4759,0.4739,0.4759,31654.63,1552942799999,15045.893414,106
LINKUSDT,1552942800000,0.4759,0.4759,0.474,0.4747,29298.68,1552946399999,13925.397809,108
LINKUSDT,1552946400000,0.4739,0.477,0.4729,0.4758,19302.85,1552949999999,9173.306344,77
LINKUSDT,1552950000000,0.4758,0.4769,0.4741,0.4757,20202.27,1552953599999,9613.427297,62
LINKUSDT,1552953600000,0.476,0.4775,0.4755,0.4757,40561.64,1552957199999,19334.145111,118
LINKUSDT,1552957200000,0.476,0.4761,0.4736,0.4744,4481.25,1552960799999,2128.510115,51
LINKUSDT,1552960800000,0.4758,0.4767,0.4746,0.475,2753.21,1552964399999,1308.856639,19
LINKUSDT,1552964400000,0.4749,0.4752,0.4713,0.4713,9257.56,1552967999999,4379.295706,84
LINKUSDT,1552968000000,0.4733,0.4733,0.4701,0.4715,24911.64,1552971599999,11737.623457,39
LINKUSDT,1552971600000,0.4711,0.4731,0.4707,0.4722,34062.51,1552975199999,16054.864514,44
LINKUSDT,1552975200000,0.4724,0.474,0.4705,0.4705,4959.97,1552978799999,2343.866613,31
LINKUSDT,1552978800000,0.4708,0.4751,0.4708,0.4717,8234.25,1552982399999,3891.589229,49
LINKUSDT,1552982400000,0.4714,0.4736,0.4711,0.4716,6235.6,1552985999999,2943.086532,22
LINKUSDT,1552986000000,0.4716,0.4735,0.4705,0.4735,6167.91,1552989599999,2909.008858,57
LINKUSDT,1552989600000,0.4734,0.4736,0.47,0.4736,20620.99,1552993199999,9715.040137,101
LINKUSDT,1552993200000,0.4727,0.4735,0.47,0.4724,29033.8,1552996799999,13707.484705,134
LINKUSDT,1552996800000,0.4723,0.4757,0.4648,0.4665,75097.12,1553000399999,35158.235327,297
LINKUSDT,1553000400000,0.4681,0.47,0.4661,0.4673,33521.52,1553003999999,15693.583162,108
LINKUSDT,1553004000000,0.4667,0.4729,0.4659,0.4702,71383.9,1553007599999,33513.644421,189
LINKUSDT,1553007600000,0.4689,0.4726,0.4683,0.4702,16976.94,1553011199999,7988.371957,103
LINKUSDT,1553011200000,0.4707,0.4735,0.4703,0.4735,9319.53,1553014799999,4402.762484,42
LINKUSDT,1553014800000,0.4714,0.4744,0.4707,0.4725,15702.38,1553018399999,7425.855583,69
LINKUSDT,1553018400000,0.474,0.476,0.4717,0.4717,32191.1,1553021999999,15273.745154,60
LINKUSDT,1553022000000,0.4717,0.476,0.4717,0.4753,6472.07,1553025599999,3071.436431,45
LINKUSDT,1553025600000,0.4742,0.476,0.4725,0.4738,7836.05,1553029199999,3720.854058,31
LINKUSDT,1553029200000,0.4726,0.474,0.4717,0.474,13397.92,1553032799999,6337.155392,46
LINKUSDT,1553032800000,0.4725,0.4756,0.4718,0.4753,10970.41,1553036399999,5206.932567,75
LINKUSDT,1553036400000,0.4757,0.48,0.4749,0.477,46585.32,1553039999999,22290.154044,209
LINKUSDT,1553040000000,0.4796,0.481,0.4773,0.478,114190.99,1553043599999,54808.13898,160
LINKUSDT,1553043600000,0.4793,0.4801,0.4757,0.4799,24853.76,1553047199999,11857.795059,93
LINKUSDT,1553047200000,0.48,0.4835,0.4797,0.4821,30597.0,1553050799999,14747.900498,143
LINKUSDT,1553050800000,0.4809,0.484,0.4804,0.4839,18635.27,1553054399999,9009.414047,76
LINKUSDT,1553054400000,0.4839,0.4851,0.482,0.4851,13816.47,1553057999999,6675.585403,45
LINKUSDT,1553058000000,0.4851,0.4897,0.4834,0.4888,35664.6,1553061599999,17360.728659,145
LINKUSDT,1553061600000,0.4895,0.4899,0.4846,0.4891,52853.32,1553065199999,25832.000834,175
LINKUSDT,1553065200000,0.489,0.4899,0.4847,0.4852,20153.66,1553068799999,9800.467697,81
LINKUSDT,1553068800000,0.4862,0.4863,0.4817,0.4821,24053.12,1553072399999,11634.470303,83
LINKUSDT,1553072400000,0.483,0.483,0.4759,0.4759,71654.44,1553075999999,34364.826406,241
LINKUSDT,1553076000000,0.4774,0.4817,0.4757,0.4804,36381.24,1553079599999,17448.850786,137
LINKUSDT,1553079600000,0.4804,0.4816,0.4786,0.479,14430.66,1553083199999,6919.116038,45
LINKUSDT,1553083200000,0.4799,0.4835,0.475,0.4835,39691.47,1553086799999,19045.524167,166
LINKUSDT,1553086800000,0.4835,0.4839,0.4804,0.4826,16620.11,1553090399999,8024.986579,110
LINKUSDT,1553090400000,0.4815,0.4822,0.4785,0.4785,25335.15,1553093999999,12184.442881,89
LINKUSDT,1553094000000,0.4788,0.4802,0.4737,0.4783,38210.94,1553097599999,18190.694373,150
LINKUSDT,1553097600000,0.4756,0.482,0.4756,0.4797,34739.08,1553101199999,16677.435104,135
LINKUSDT,1553101200000,0.48,0.4821,0.4798,0.4813,2848.54,1553104799999,1369.675461,29
LINKUSDT,1553104800000,0.48,0.4824,0.4799,0.4816,6732.32,1553108399999,3237.555222,28
LINKUSDT,1553108400000,0.4816,0.4822,0.4791,0.4804,23861.02,1553111999999,11471.760655,65
LINKUSDT,1553112000000,0.4804,0.4818,0.4786,0.4795,27248.78,1553115599999,13081.22281,62
LINKUSDT,1553115600000,0.4794,0.4809,0.4786,0.4787,8182.89,1553119199999,3923.89047,48
LINKUSDT,1553119200000,0.4797,0.4828,0.4794,0.4828,4188.46,1553122799999,2015.479164,28
LINKUSDT,1553122800000,0.4815,0.4836,0.4792,0.4807,11202.99,1553126399999,5396.587953,97
LINKUSDT,1553126400000,0.4818,0.4842,0.4789,0.4789,25224.47,1553129999999,12143.358975,131
LINKUSDT,1553130000000,0.4789,0.4809,0.4769,0.4792,55705.71,1553133599999,26647.593983,124
LINKUSDT,1553133600000,0.4809,0.4809,0.4783,0.4805,12913.62,1553137199999,6207.07541,23
LINKUSDT,1553137200000,0.4803,0.4809,0.4784,0.4784,3797.98,1553140799999,1823.591484,24
LINKUSDT,1553140800000,0.4783,0.4794,0.475,0.4778,28282.65,1553144399999,13501.721049,117
LINKUSDT,1553144400000,0.4784,0.4789,0.4756,0.4759,12268.85,1553147999999,5850.225979,44
LINKUSDT,1553148000000,0.4759,0.4788,0.4759,0.4767,23375.42,1553151599999,11144.625078,44
LINKUSDT,1553151600000,0.4787,0.48,0.4761,0.4781,2338.19,1553155199999,1117.396926,31
LINKUSDT,1553155200000,0.4765,0.4798,0.4765,0.478,8295.53,1553158799999,3968.625785,42
LINKUSDT,1553158800000,0.4797,0.4815,0.477,0.4785,40067.99,1553162399999,19198.667197,84
LINKUSDT,1553162400000,0.4772,0.4784,0.4751,0.4751,22004.14,1553165999999,10483.333081,50
LINKUSDT,1553166000000,0.4754,0.4786,0.475,0.4786,12809.59,1553169599999,6111.241192,62
LINKUSDT,1553169600000,0.4797,0.4816,0.4752,0.4752,27250.51,1553173199999,13050.11993,82
LINKUSDT,1553173200000,0.4763,0.48,0.4704,0.4719,84241.55,1553176799999,39842.226369,211
LINKUSDT,1553176800000,0.4719,0.4749,0.4342,0.4366,295352.66,1553180399999,135256.226635,821
LINKUSDT,1553180400000,0.4365,0.4536,0.4365,0.4536,101813.97,1553183999999,45505.626173,287
LINKUSDT,1553184000000,0.4521,0.477,0.4486,0.4587,95443.36,1553187599999,43662.688634,178
LINKUSDT,1553187600000,0.4566,0.4588,0.4513,0.4568,29891.82,1553191199999,13559.835288,100
LINKUSDT,1553191200000,0.4589,0.4589,0.4535,0.457,22542.04,1553194799999,10270.410134,89
LINKUSDT,1553194800000,0.4563,0.4653,0.4563,0.4629,42474.61,1553198399999,19605.462969,165
LINKUSDT,1553198400000,0.4627,0.4631,0.4584,0.4625,31144.95,1553201999999,14354.138154,119
LINKUSDT,1553202000000,0.4609,0.4699,0.4606,0.4663,31869.3,1553205599999,14863.253942,110
LINKUSDT,1553205600000,0.467,0.4677,0.4617,0.4638,18158.81,1553209199999,8425.327311,80
LINKUSDT,1553209200000,0.4629,0.4629,0.4548,0.4548,16724.08,1553212799999,7664.341696,128
LINKUSDT,1553212800000,0.4551,0.4575,0.4542,0.4572,16438.61,1553216399999,7496.779116,75
LINKUSDT,1553216400000,0.4588,0.4594,0.4562,0.4572,6994.17,1553219999999,3200.215753,31
LINKUSDT,1553220000000,0.4568,0.4602,0.4567,0.4583,5342.79,1553223599999,2448.779001,33
LINKUSDT,1553223600000,0.4583,0.46,0.4496,0.4516,232585.66,1553227199999,105507.40365,377
LINKUSDT,1553227200000,0.4521,0.4532,0.4473,0.4517,116247.97,1553230799999,52228.345126,257
LINKUSDT,1553230800000,0.4512,0.4539,0.4486,0.4519,47725.25,1553234399999,21536.253864,153
LINKUSDT,1553234400000,0.45,0.4521,0.4495,0.4499,14280.42,1553237999999,6432.925821,67
LINKUSDT,1553238000000,0.45,0.4515,0.447,0.4474,14432.08,1553241599999,6494.72604,67
LINKUSDT,1553241600000,0.4508,0.4522,0.4483,0.4513,7572.95,1553245199999,3410.110139,52
LINKUSDT,1553245200000,0.453,0.4537,0.4499,0.4514,107300.85,1553248799999,48390.347064,157
LINKUSDT,1553248800000,0.4515,0.4539,0.4513,0.4525,11391.19,1553252399999,5158.295989,56
LINKUSDT,1553252400000,0.453,0.4549,0.4511,0.4515,33481.02,1553255999999,15169.402974,85
LINKUSDT,1553256000000,0.4518,0.4641,0.4502,0.4609,37543.9,1553259599999,17220.055249,187
LINKUSDT,1553259600000,0.4615,0.4635,0.4561,0.4593,50344.21,1553263199999,23120.899412,115
LINKUSDT,1553263200000,0.4592,0.4609,0.4565,0.4582,26010.93,1553266799999,11942.339824,85
LINKUSDT,1553266800000,0.4597,0.46,0.4567,0.458,15259.05,1553270399999,6987.701175,43
LINKUSDT,1553270400000,0.4581,0.4635,0.4565,0.4635,25982.18,1553273999999,11933.884634,100
LINKUSDT,1553274000000,0.4635,0.4639,0.4604,0.4635,20544.65,1553277599999,9492.945671,116
LINKUSDT,1553277600000,0.4635,0.4655,0.4599,0.462,6775.77,1553281199999,3137.338252,53
LINKUSDT,1553281200000,0.4624,0.4635,0.4618,0.462,1738.56,1553284799999,803.600044,14
LINKUSDT,1553284800000,0.4621,0.4631,0.4594,0.4604,37716.81,1553288399999,17418.050361,79
LINKUSDT,1553288400000,0.4593,0.4606,0.4587,0.4599,9305.95,1553291999999,4282.132173,41
LINKUSDT,1553292000000,0.4608,0.4629,0.4601,0.4621,11555.09,1553295599999,5326.523276,43
LINKUSDT,1553295600000,0.4618,0.4646,0.4618,0.4646,7007.27,1553299199999,3245.861745,27
LINKUSDT,1553299200000,0.4627,0.4638,0.4614,0.463,1820.5,1553302799999,842.51259,14
LINKUSDT,1553302800000,0.4615,0.463,0.4615,0.463,4470.0,1553306399999,2067.928157,34
LINKUSDT,1553306400000,0.4634,0.4644,0.4592,0.4609,27911.92,1553309999999,12846.970352,113
LINKUSDT,1553310000000,0.4627,0.4627,0.4592,0.4606,3587.87,1553313599999,1653.762686,19
LINKUSDT,1553313600000,0.4603,0.4605,0.4573,0.4585,10468.45,1553317199999,4806.277725,63
LINKUSDT,1553317200000,0.4585,0.4605,0.4573,0.4596,29099.61,1553320799999,13367.777513,88
LINKUSDT,1553320800000,0.4596,0.4625,0.459,0.4615,26303.36,1553324399999,12108.883747,82
LINKUSDT,1553324400000,0.4615,0.462,0.4604,0.4616,16620.12,1553327999999,7662.945857,48
LINKUSDT,1553328000000,0.4618,0.4623,0.46,0.4618,11217.95,1553331599999,5172.45956,43
LINKUSDT,1553331600000,0.4603,0.4617,0.4603,0.461,1691.07,1553335199999,779.460633,12
LINKUSDT,1553335200000,0.461,0.461,0.458,0.4594,32461.42,1553338799999,14922.929163,98
LINKUSDT,1553338800000,0.459,0.4602,0.4577,0.4599,19127.19,1553342399999,8791.199434,46
LINKUSDT,1553342400000,0.4592,0.461,0.458,0.458,20090.88,1553345999999,9228.485933,97
LINKUSDT,1553346000000,0.4581,0.4586,0.457,0.4585,45632.75,1553349599999,20879.142126,127
LINKUSDT,1553349600000,0.4573,0.458,0.4547,0.4554,20239.76,1553353199999,9235.375691,108
LINKUSDT,1553353200000,0.4569,0.4581,0.4545,0.4578,51610.54,1553356799999,23545.13099,140
LINKUSDT,1553356800000,0.4578,0.4582,0.4556,0.4563,11406.04,1553360399999,5216.899473,52
LINKUSDT,1553360400000,0.458,0.458,0.4575,0.4575,1012.21,1553363999999,463.485122,7
LINKUSDT,1553364000000,0.4575,0.4575,0.456,0.456,7064.98,1553367599999,3228.164077,28
LINKUSDT,1553367600000,0.458,0.458,0.4566,0.4569,1463.4,1553371199999,668.788768,13
LINKUSDT,1553371200000,0.4567,0.458,0.4555,0.457,5632.34,1553374799999,2573.792918,30
LINKUSDT,1553374800000,0.457,0.4605,0.4569,0.4604,18791.07,1553378399999,8632.450937,67
LINKUSDT,1553378400000,0.4606,0.4609,0.458,0.459,11864.1,1553381999999,5462.515252,66
LINKUSDT,1553382000000,0.459,0.4608,0.4589,0.4608,27162.13,1553385599999,12491.375362,57
LINKUSDT,1553385600000,0.4606,0.4621,0.4561,0.4582,27342.21,1553389199999,12509.196861,82
LINKUSDT,1553389200000,0.4582,0.4582,0.4558,0.4571,21324.78,1553392799999,9757.249641,59
LINKUSDT,1553392800000,0.4582,0.4582,0.4545,0.456,21356.89,1553396399999,9715.776327,43
LINKUSDT,1553396400000,0.4555,0.4561,0.4555,0.4556,1479.87,1553399999999,674.604966,9
LINKUSDT,1553400000000,0.4558,0.4572,0.4536,0.4543,33825.47,1553403599999,15403.810837,105
LINKUSDT,1553403600000,0.4535,0.4543,0.4522,0.4522,32263.25,1553407199999,14604.19359,106
LINKUSDT,1553407200000,0.4523,0.4533,0.4499,0.4529,21268.74,1553410799999,9611.41027,84
LINKUSDT,1553410800000,0.4529,0.458,0.4505,0.4514,16852.61,1553414399999,7643.187128,59
LINKUSDT,1553414400000,0.4509,0.4519,0.4485,0.4508,24901.12,1553417999999,11200.928309,74
LINKUSDT,1553418000000,0.4505,0.4527,0.449,0.4509,45049.45,1553421599999,20312.836697,153
LINKUSDT,1553421600000,0.4503,0.4539,0.4489,0.4504,12620.78,1553425199999,5695.453878,62
LINKUSDT,1553425200000,0.4525,0.4567,0.4487,0.4517,101173.66,1553428799999,45566.283945,153
LINKUSDT,1553428800000,0.4517,0.4517,0.4486,0.4511,13188.76,1553432399999,5936.098366,85
LINKUSDT,1553432400000,0.4513,0.4579,0.4501,0.4544,39650.15,1553435999999,18088.356072,144
LINKUSDT,1553436000000,0.4544,0.4586,0.4532,0.4569,31645.62,1553439599999,14436.928245,112
LINKUSDT,1553439600000,0.4562,0.4583,0.4547,0.4579,29808.78,1553443199999,13623.566972,81
LINKUSDT,1553443200000,0.4578,0.4592,0.4564,0.4579,19473.79,1553446799999,8912.750357,81
LINKUSDT,1553446800000,0.4579,0.4599,0.4556,0.4567,19184.35,1553450399999,8787.459768,76
LINKUSDT,1553450400000,0.4556,0.4558,0.4536,0.4536,10888.68,1553453999999,4954.733018,37
LINKUSDT,1553454000000,0.4542,0.4562,0.4539,0.4562,7980.94,1553457599999,3633.716538,32
LINKUSDT,1553457600000,0.4566,0.4566,0.4521,0.4531,31517.8,1553461199999,14269.261769,73
LINKUSDT,1553461200000,0.4539,0.4542,0.45,0.4529,44531.88,1553464799999,20111.243764,73
LINKUSDT,1553464800000,0.4538,0.4545,0.4524,0.4542,20550.33,1553468399999,9314.506106,55
LINKUSDT,1553468400000,0.4545,0.4548,0.4524,0.4531,6293.84,1553471999999,2855.342101,40
LINKUSDT,1553472000000,0.4539,0.4547,0.4516,0.452,6833.58,1553475599999,3093.559226,18
LINKUSDT,1553475600000,0.452,0.4534,0.4507,0.4514,8460.07,1553479199999,3819.582053,53
LINKUSDT,1553479200000,0.4532,0.4544,0.451,0.4544,15831.0,1553482799999,7155.14408,74
LINKUSDT,1553482800000,0.4531,0.4552,0.45,0.4519,11874.62,1553486399999,5365.344454,54
LINKUSDT,1553486400000,0.4529,0.4544,0.4495,0.4518,23328.11,1553489999999,10552.154143,88
LINKUSDT,1553490000000,0.4514,0.4528,0.4492,0.4519,17456.19,1553493599999,7879.096161,48
LINKUSDT,1553493600000,0.4501,0.4544,0.4498,0.4521,11287.53,1553497199999,5095.864133,52
LINKUSDT,1553497200000,0.4509,0.4553,0.4474,0.4505,47029.26,1553500799999,21130.289977,129
LINKUSDT,1553500800000,0.4505,0.4517,0.4472,0.4508,25404.61,1553504399999,11407.067485,87
LINKUSDT,1553504400000,0.4505,0.4523,0.4504,0.4506,16760.77,1553507999999,7569.524015,61
LINKUSDT,1553508000000,0.4506,0.4527,0.4492,0.4508,19034.75,1553511599999,8578.986024,66
LINKUSDT,1553511600000,0.4508,0.4528,0.4502,0.4514,13946.28,1553515199999,6292.222335,72
LINKUSDT,1553515200000,0.4528,0.4528,0.4461,0.4504,25431.71,1553518799999,11443.539542,73
LINKUSDT,1553518800000,0.4514,0.4514,0.4497,0.451,2442.7,1553522399999,1100.306035,14
LINKUSDT,1553522400000,0.45,0.4503,0.4472,0.4503,19027.05,1553525999999,8539.833151,50
LINKUSDT,1553526000000,0.4503,0.4574,0.4493,0.4504,45515.89,1553529599999,20613.718241,168
LINKUSDT,1553529600000,0.4552,0.4687,0.4523,0.4634,262659.1,1553533199999,121375.987101,685
LINKUSDT,1553533200000,0.4615,0.4644,0.4552,0.4588,118724.47,1553536799999,54523.218788,279
LINKUSDT,1553536800000,0.4587,0.4598,0.441,0.4471,141111.55,1553540399999,63628.549065,405
LINKUSDT,1553540400000,0.4471,0.4583,0.442,0.4575,149868.02,1553543999999,67624.637438,360
LINKUSDT,1553544000000,0.4571,0.4949,0.4552,0.489,670588.21,1553547599999,322560.008569,1967
LINKUSDT,1553547600000,0.4852,0.487,0.4656,0.4708,444241.55,1553551199999,210824.987973,1199
LINKUSDT,1553551200000,0.47,0.4739,0.4655,0.4697,151810.15,1553554799999,71185.113839,379
LINKUSDT,1553554800000,0.4708,0.4791,0.4658,0.4734,192850.82,1553558399999,91498.829397,426
LINKUSDT,1553558400000,0.4729,0.485,0.4729,0.4739,84926.69,1553561999999,40571.477548,306
LINKUSDT,1553562000000,0.4739,0.4739,0.4665,0.4667,96918.2,1553565599999,45502.88437,236
LINKUSDT,1553565600000,0.4667,0.478,0.4657,0.4671,46057.74,1553569199999,21702.545562,171
LINKUSDT,1553569200000,0.4689,0.4727,0.4672,0.4672,51270.78,1553572799999,24008.492479,105
LINKUSDT,1553572800000,0.4661,0.4669,0.461,0.4639,45563.5,1553576399999,21169.527424,128
LINKUSDT,1553576400000,0.4653,0.4661,0.4644,0.4659,10572.48,1553579999999,4922.094598,41
LINKUSDT,1553580000000,0.4659,0.4677,0.4608,0.4644,35403.81,1553583599999,16442.427724,174
LINKUSDT,1553583600000,0.4648,0.4688,0.464,0.4649,23074.99,1553587199999,10759.712873,84
LINKUSDT,1553587200000,0.4687,0.4836,0.4687,0.4756,153400.37,1553590799999,73223.809339,431
LINKUSDT,1553590800000,0.4756,0.476,0.47,0.47,32517.9,1553594399999,15355.04055,129
LINKUSDT,1553594400000,0.4689,0.47,0.4612,0.4635,83159.33,1553597999999,38800.546074,215
LINKUSDT,1553598000000,0.4635,0.4687,0.4614,0.4645,35042.07,1553601599999,16283.248877,117
LINKUSDT,1553601600000,0.466,0.4679,0.4601,0.4601,93819.22,1553605199999,43277.275815,189
LINKUSDT,1553605200000,0.4601,0.4626,0.4511,0.452,102018.87,1553608799999,46625.236851,329
LINKUSDT,1553608800000,0.4539,0.4591,0.4539,0.455,26200.5,1553612399999,11968.216744,105
LINKUSDT,1553612400000,0.4566,0.4575,0.448,0.4561,58413.54,1553615999999,26389.916637,170
LINKUSDT,1553616000000,0.4561,0.4603,0.4527,0.4591,40371.58,1553619599999,18473.628686,118
LINKUSDT,1553619600000,0.4605,0.4605,0.4558,0.4573,9255.32,1553623199999,4236.568282,36
LINKUSDT,1553623200000,0.4553,0.4599,0.4546,0.4561,9514.31,1553626799999,4350.215427,62
LINKUSDT,1553626800000,0.4581,0.4596,0.4562,0.4573,34936.43,1553630399999,16016.878551,86
LINKUSDT,1553630400000,0.458,0.4583,0.4547,0.4547,25819.3,1553633999999,11770.339597,101
LINKUSDT,1553634000000,0.4547,0.4557,0.452,0.4543,12019.75,1553637599999,5457.15538,66
LINKUSDT,1553637600000,0.4541,0.4571,0.4524,0.4571,6908.12,1553641199999,3143.737161,29
LINKUSDT,1553641200000,0.4551,0.4606,0.4541,0.4605,12537.4,1553644799999,5729.166928,60
LINKUSDT,1553644800000,0.4603,0.4614,0.4556,0.4614,23145.91,1553648399999,10615.118451,111
LINKUSDT,1553648400000,0.462,0.4692,0.4607,0.4652,50063.36,1553651999999,23282.026366,269
LINKUSDT,1553652000000,0.4666,0.4688,0.464,0.4688,26905.42,1553655599999,12556.760068,109
LINKUSDT,1553655600000,0.4678,0.4696,0.4649,0.4659,22162.74,1553659199999,10358.609583,85
LINKUSDT,1553659200000,0.467,0.4672,0.4637,0.4657,25933.09,1553662799999,12053.188132,121
LINKUSDT,1553662800000,0.4653,0.4687,0.4648,0.4687,7635.52,1553666399999,3566.371751,39
LINKUSDT,1553666400000,0.4686,0.4686,0.463,0.4667,26165.76,1553669999999,12178.376792,89
LINKUSDT,1553670000000,0.4662,0.4665,0.4631,0.4643,24691.15,1553673599999,11489.417532,86
LINKUSDT,1553673600000,0.4643,0.467,0.4626,0.4646,16525.57,1553677199999,7669.005163,104
LINKUSDT,1553677200000,0.4663,0.4666,0.4642,0.4649,10561.82,1553680799999,4917.55507,48
LINKUSDT,1553680800000,0.4655,0.4715,0.4655,0.4712,55990.65,1553684399999,26271.176512,194
LINKUSDT,1553684400000,0.4714,0.4768,0.4705,0.4725,31676.4,1553687999999,15001.123782,133
LINKUSDT,1553688000000,0.4738,0.4784,0.4725,0.4747,57778.22,1553691599999,27464.052962,224
LINKUSDT,1553691600000,0.4742,0.4783,0.4728,0.4769,22930.28,1553695199999,10893.35233,115
LINKUSDT,1553695200000,0.4761,0.4761,0.4677,0.4693,77215.49,1553698799999,36425.25139,246
LINKUSDT,1553698800000,0.4693,0.4761,0.4672,0.4756,34464.88,1553702399999,16240.823688,188
LINKUSDT,1553702400000,0.4741,0.4896,0.4741,0.4825,216117.9,1553705999999,104595.689504,673
LINKUSDT,1553706000000,0.4825,0.4918,0.4825,0.4884,104129.72,1553709599999,50733.375051,263
LINKUSDT,1553709600000,0.4876,0.4876,0.4834,0.4843,35725.87,1553713199999,17354.960195,113
LINKUSDT,1553713200000,0.4848,0.4855,0.4805,0.485,29433.55,1553716799999,14207.680111,123
LINKUSDT,1553716800000,0.4854,0.4897,0.483,0.4851,109921.9,1553720399999,53296.546123,244
LINKUSDT,1553720400000,0.4852,0.4975,0.484,0.4959,86341.69,1553723999999,42534.769536,382
LINKUSDT,1553724000000,0.4964,0.4997,0.4902,0.4902,119967.64,1553727599999,59709.677027,427
LINKUSDT,1553727600000,0.4907,0.498,0.4884,0.4946,137251.81,1553731199999,68056.236214,237
LINKUSDT,1553731200000,0.4967,0.498,0.4904,0.4939,95819.2,1553734799999,47508.268193,318
LINKUSDT,1553734800000,0.496,0.5027,0.4923,0.5017,234488.16,1553738399999,116821.043389,459
LINKUSDT,1553738400000,0.5013,0.5029,0.4944,0.5029,33589.82,1553741999999,16768.595794,143
LINKUSDT,1553742000000,0.5012,0.5089,0.5011,0.5043,110009.65,1553745599999,55559.387128,352
LINKUSDT,1553745600000,0.5031,0.504,0.4925,0.4943,54261.1,1553749199999,27015.617868,249
LINKUSDT,1553749200000,0.4926,0.4951,0.49,0.493,30497.86,1553752799999,14986.597332,113
LINKUSDT,1553752800000,0.493,0.4952,0.488,0.491,40359.38,1553756399999,19813.523681,194
LINKUSDT,1553756400000,0.4906,0.4927,0.4847,0.4881,74172.76,1553759999999,36179.54179,194
LINKUSDT,1553760000000,0.4882,0.4904,0.4846,0.4904,25916.1,1553763599999,12638.383232,136
LINKUSDT,1553763600000,0.4893,0.494,0.4883,0.493,109875.75,1553767199999,54054.147146,315
LINKUSDT,1553767200000,0.4938,0.4939,0.4883,0.4897,17037.55,1553770799999,8352.388717,110
LINKUSDT,1553770800000,0.4897,0.49,0.4872,0.4886,31556.4,1553774399999,15412.654141,78
LINKUSDT,1553774400000,0.4887,0.493,0.4872,0.4895,24270.36,1553777999999,11876.227642,108
LINKUSDT,1553778000000,0.4896,0.4951,0.4895,0.4935,48498.55,1553781599999,23906.694188,182
LINKUSDT,1553781600000,0.4954,0.4997,0.4931,0.4983,63420.62,1553785199999,31499.200316,248
LINKUSDT,1553785200000,0.4984,0.5075,0.4971,0.502,119872.15,1553788799999,60320.322067,453
LINKUSDT,1553788800000,0.502,0.5196,0.5017,0.5052,98675.39,1553792399999,50192.215208,499
LINKUSDT,1553792400000,0.5052,0.5092,0.5029,0.5038,43031.28,1553795999999,21762.246949,258
LINKUSDT,1553796000000,0.5038,0.5047,0.4984,0.499,49062.46,1553799599999,24575.520775,216
LINKUSDT,1553799600000,0.499,0.501,0.4983,0.4997,19690.79,1553803199999,9834.207814,91
LINKUSDT,1553803200000,0.4997,0.505,0.4993,0.5025,24079.83,1553806799999,12103.769479,139
LINKUSDT,1553806800000,0.5034,0.5059,0.4983,0.4987,46625.0,1553810399999,23406.13717,182
LINKUSDT,1553810400000,0.4987,0.5015,0.4985,0.4997,22235.83,1553813999999,11105.045307,105
LINKUSDT,1553814000000,0.5007,0.5014,0.4969,0.4992,26830.84,1553817599999,13377.908037,120
LINKUSDT,1553817600000,0.4984,0.5006,0.4957,0.4976,28944.26,1553821199999,14417.589476,188
LINKUSDT,1553821200000,0.4972,0.501,0.4917,0.4951,72233.53,1553824799999,35794.596364,366
LINKUSDT,1553824800000,0.4942,0.4986,0.4932,0.4981,12628.72,1553828399999,6275.103728,130
LINKUSDT,1553828400000,0.4973,0.4996,0.4916,0.4958,64923.4,1553831999999,32163.054811,251
LINKUSDT,1553832000000,0.4962,0.5,0.4928,0.4935,42771.61,1553835599999,21217.201594,350
LINKUSDT,1553835600000,0.4928,0.4946,0.4902,0.4946,25274.04,1553839199999,12445.481851,150
LINKUSDT,1553839200000,0.4946,0.496,0.4938,0.4955,27821.0,1553842799999,13760.245591,78
LINKUSDT,1553842800000,0.4961,0.5004,0.4958,0.5001,21497.18,1553846399999,10715.401948,146
LINKUSDT,1553846400000,0.4995,0.5042,0.4934,0.4962,36279.38,1553849999999,18024.373233,270
LINKUSDT,1553850000000,0.4966,0.5013,0.4953,0.5005,19105.43,1553853599999,9524.207485,198
LINKUSDT,1553853600000,0.5,0.5009,0.4971,0.498,41580.78,1553857199999,20759.618594,143
LINKUSDT,1553857200000,0.4984,0.4992,0.4957,0.4958,28250.15,1553860799999,14027.139412,116
LINKUSDT,1553860800000,0.4957,0.4962,0.4887,0.4951,57220.29,1553864399999,28112.944059,336
LINKUSDT,1553864400000,0.4951,0.4962,0.4914,0.4928,53571.87,1553867999999,26439.801626,191
LINKUSDT,1553868000000,0.4935,0.4963,0.4923,0.4938,57972.52,1553871599999,28641.501834,252
LINKUSDT,1553871600000,0.4932,0.5002,0.4912,0.4969,41593.76,1553875199999,20631.809241,290
LINKUSDT,1553875200000,0.4964,0.4996,0.4938,0.4996,52089.63,1553878799999,25940.626154,193
LINKUSDT,1553878800000,0.4997,0.5013,0.4969,0.4983,11539.16,1553882399999,5756.004911,120
LINKUSDT,1553882400000,0.498,0.5,0.4934,0.495,20783.25,1553885999999,10309.563641,123
LINKUSDT,1553886000000,0.495,0.4966,0.4932,0.4932,92025.31,1553889599999,45471.934386,138
LINKUSDT,1553889600000,0.4932,0.4975,0.492,0.4953,22273.15,1553893199999,10982.019215,118
LINKUSDT,1553893200000,0.4953,0.4967,0.4938,0.4953,8818.15,1553896799999,4365.085929,76
LINKUSDT,1553896800000,0.4953,0.4964,0.494,0.4952,7455.22,1553900399999,3691.402769,41
LINKUSDT,1553900400000,0.4948,0.5019,0.4947,0.5008,31152.13,1553903999999,15510.41468,171
LINKUSDT,1553904000000,0.5008,0.5034,0.4983,0.5007,31368.33,1553907599999,15710.712687,176
LINKUSDT,1553907600000,0.5003,0.5013,0.494,0.4961,147909.12,1553911199999,73528.03248,357
LINKUSDT,1553911200000,0.4969,0.5004,0.4962,0.4992,34171.99,1553914799999,17042.494081,149
LINKUSDT,1553914800000,0.5,0.5002,0.4938,0.4938,28230.24,1553918399999,14042.06369,158
LINKUSDT,1553918400000,0.4938,0.4938,0.4858,0.488,113391.79,1553921999999,55372.741679,417
LINKUSDT,1553922000000,0.4889,0.4919,0.488,0.4919,25450.22,1553925599999,12465.128494,160
LINKUSDT,1553925600000,0.4907,0.4926,0.4898,0.4903,18822.38,1553929199999,9244.196541,111
LINKUSDT,1553929200000,0.4915,0.4922,0.4893,0.4901,6041.63,1553932799999,2965.772974,48
LINKUSDT,1553932800000,0.4912,0.4934,0.4881,0.4895,17148.37,1553936399999,8411.419319,147
LINKUSDT,1553936400000,0.4884,0.4907,0.4875,0.4884,14122.93,1553939999999,6907.691023,97
LINKUSDT,1553940000000,0.4879,0.4887,0.4865,0.4876,7424.21,1553943599999,3623.569081,54
LINKUSDT,1553943600000,0.4882,0.4888,0.486,0.4876,8500.5,1553947199999,4142.017575,80
LINKUSDT,1553947200000,0.487,0.4923,0.4869,0.4915,8172.12,1553950799999,3996.334153,88
LINKUSDT,1553950800000,0.4916,0.4935,0.4895,0.4915,18336.19,1553954399999,9008.71709,147
LINKUSDT,1553954400000,0.4907,0.4952,0.4892,0.4928,16645.45,1553957999999,8194.551683,120
LINKUSDT,1553958000000,0.4938,0.495,0.4915,0.493,9482.29,1553961599999,4678.034007,70
LINKUSDT,1553961600000,0.4938,0.4946,0.4867,0.489,45893.09,1553965199999,22519.169972,183
LINKUSDT,1553965200000,0.4892,0.4918,0.4876,0.4905,38213.88,1553968799999,18741.027776,129
LINKUSDT,1553968800000,0.49,0.4946,0.4888,0.4927,27829.38,1553972399999,13681.007778,174
LINKUSDT,1553972400000,0.4927,0.4944,0.4909,0.4915,6188.03,1553975999999,3047.294918,79
LINKUSDT,1553976000000,0.4922,0.4922,0.4902,0.4921,8843.65,1553979599999,4344.405202,64
LINKUSDT,1553979600000,0.4923,0.4964,0.4923,0.4944,21326.05,1553983199999,10553.081836,125
LINKUSDT,1553983200000,0.4938,0.4964,0.4938,0.4955,17241.58,1553986799999,8548.921905,72
LINKUSDT,1553986800000,0.4953,0.4969,0.494,0.494,4253.71,1553990399999,2108.763242,58
LINKUSDT,1553990400000,0.4938,0.498,0.4938,0.4946,10901.34,1553993999999,5398.146482,73
LINKUSDT,1553994000000,0.4939,0.4946,0.49,0.4914,18271.37,1553997599999,8980.125571,122
LINKUSDT,1553997600000,0.4915,0.4938,0.4881,0.4881,33304.03,1554001199999,16347.584118,162
LINKUSDT,1554001200000,0.4884,0.5004,0.4868,0.4953,108269.2,1554004799999,53509.849303,851
LINKUSDT,1554004800000,0.4953,0.5005,0.4944,0.4969,26831.15,1554008399999,13352.85382,189
LINKUSDT,1554008400000,0.4976,0.5057,0.4976,0.5051,74723.6,1554011999999,37557.912566,425
LINKUSDT,1554012000000,0.5051,0.5099,0.5024,0.5047,83515.86,1554015599999,42293.004796,497
LINKUSDT,1554015600000,0.5058,0.5058,0.4998,0.5015,40079.02,1554019199999,20121.880659,178
LINKUSDT,1554019200000,0.5019,0.5094,0.5007,0.5094,45630.79,1554022799999,22992.378543,332
LINKUSDT,1554022800000,0.5087,0.5143,0.5031,0.5108,102900.24,1554026399999,52460.984517,497
LINKUSDT,1554026400000,0.5105,0.5285,0.5104,0.5285,270149.67,1554029999999,140204.199864,831
LINKUSDT,1554030000000,0.5289,0.541,0.518,0.5293,582483.19,1554033599999,307596.010958,1680
LINKUSDT,1554033600000,0.5297,0.5348,0.5193,0.5211,163165.54,1554037199999,86132.122349,655
LINKUSDT,1554037200000,0.5219,0.525,0.5183,0.5191,61109.26,1554040799999,31872.794867,224
LINKUSDT,1554040800000,0.5203,0.5247,0.5202,0.5224,19397.73,1554044399999,10126.012184,125
LINKUSDT,1554044400000,0.5224,0.5246,0.5166,0.517,61866.34,1554047999999,32243.030923,217
LINKUSDT,1554048000000,0.517,0.5199,0.5099,0.5142,72592.04,1554051599999,37284.231829,353
LINKUSDT,1554051600000,0.5148,0.5149,0.5056,0.5092,59857.52,1554055199999,30546.942764,229
LINKUSDT,1554055200000,0.51,0.5136,0.5058,0.5129,35600.54,1554058799999,18185.794285,214
LINKUSDT,1554058800000,0.5129,0.5187,0.5128,0.5171,65864.66,1554062399999,33960.503681,121
LINKUSDT,1554062400000,0.519,0.5204,0.5129,0.5164,12088.1,1554065999999,6248.424671,85
LINKUSDT,1554066000000,0.5138,0.5138,0.5103,0.5115,8555.04,1554069599999,4378.503408,56
LINKUSDT,1554069600000,0.5115,0.5123,0.5052,0.51,77524.5,1554073199999,39377.958337,249
LINKUSDT,1554073200000,0.5094,0.5111,0.5064,0.5084,12332.6,1554076799999,6263.665656,99
LINKUSDT,1554076800000,0.5084,0.5099,0.5007,0.5076,112436.56,1554080399999,56736.306838,474
LINKUSDT,1554080400000,0.5078,0.5154,0.5063,0.5085,62685.54,1554083999999,31936.372166,282
LINKUSDT,1554084000000,0.5092,0.5129,0.5084,0.5115,39906.2,1554087599999,20401.868407,140
LINKUSDT,1554087600000,0.5123,0.5154,0.5097,0.5154,52042.82,1554091199999,26679.337735,161
LINKUSDT,1554091200000,0.5144,0.5201,0.5139,0.5201,40436.31,1554094799999,20927.798624,161
LINKUSDT,1554094800000,0.5201,0.5224,0.5156,0.5156,30038.95,1554098399999,15604.577698,183
LINKUSDT,1554098400000,0.5178,0.52,0.5123,0.5141,26351.95,1554101999999,13640.41039,92
LINKUSDT,1554102000000,0.5141,0.5143,0.5076,0.51,42562.0,1554105599999,21771.11326,186
LINKUSDT,1554105600000,0.511,0.5148,0.5089,0.5121,34797.35,1554109199999,17808.878138,131
LINKUSDT,1554109200000,0.5116,0.5141,0.5095,0.5117,47625.65,1554112799999,24347.825748,155
LINKUSDT,1554112800000,0.5113,0.5174,0.5101,0.5174,21576.22,1554116399999,11087.24221,111
LINKUSDT,1554116400000,0.5174,0.5176,0.5121,0.5121,40162.06,1554119999999,20695.473463,131
LINKUSDT,1554120000000,0.5136,0.5188,0.5136,0.518,19280.35,1554123599999,9952.285023,139
LINKUSDT,1554123600000,0.5164,0.5191,0.516,0.5191,5442.81,1554127199999,2815.497609,62
LINKUSDT,1554127200000,0.5183,0.5236,0.5175,0.521,60496.95,1554130799999,31506.599462,233
LINKUSDT,1554130800000,0.521,0.5245,0.5191,0.522,54078.87,1554134399999,28194.95589,167
LINKUSDT,1554134400000,0.522,0.5261,0.522,0.5241,37020.14,1554137999999,19396.527176,123
LINKUSDT,1554138000000,0.5254,0.5344,0.5244,0.5305,106542.71,1554141599999,56542.421264,433
LINKUSDT,1554141600000,0.5328,0.563,0.5291,0.5496,463381.47,1554145199999,254959.750124,1376
LINKUSDT,1554145200000,0.5496,0.5594,0.5351,0.5373,264972.25,1554148799999,144382.89072,864
LINKUSDT,1554148800000,0.5407,0.5407,0.5276,0.5329,128466.7,1554152399999,68494.343351,446
LINKUSDT,1554152400000,0.5324,0.5598,0.5307,0.5503,328382.66,1554155999999,178825.567888,659
LINKUSDT,1554156000000,0.5521,0.562,0.5476,0.5485,174145.98,1554159599999,96349.674255,629
LINKUSDT,1554159600000,0.5483,0.5599,0.5481,0.554,95791.46,1554163199999,53080.101178,324
LINKUSDT,1554163200000,0.5533,0.559,0.5462,0.547,227591.15,1554166799999,124911.740226,378
LINKUSDT,1554166800000,0.5478,0.5495,0.5445,0.5451,40411.48,1554170399999,22119.562926,184
LINKUSDT,1554170400000,0.5451,0.5507,0.5423,0.5471,63438.79,1554173999999,34663.710077,233
LINKUSDT,1554174000000,0.546,0.548,0.5398,0.5399,40787.14,1554177599999,22151.033621,157
LINKUSDT,1554177600000,0.5398,0.5737,0.5361,0.5552,322915.06,1554181199999,180775.746464,1201
LINKUSDT,1554181200000,0.5625,0.5737,0.5326,0.5511,772080.34,1554184799999,428848.209787,2013
LINKUSDT,1554184800000,0.5512,0.5892,0.5511,0.589,479331.37,1554188399999,275027.6583,1234
LINKUSDT,1554188400000,0.5876,0.5933,0.577,0.5898,206778.81,1554191999999,121121.402714,588
LINKUSDT,1554192000000,0.592,0.6,0.577,0.5883,236194.71,1554195599999,139688.185982,689
LINKUSDT,1554195600000,0.5864,0.5961,0.5815,0.5833,116619.66,1554199199999,68613.608774,408
LINKUSDT,1554199200000,0.5843,0.5853,0.5671,0.5673,204907.36,1554202799999,117578.874408,678
LINKUSDT,1554202800000,0.5695,0.58,0.569,0.5777,106194.76,1554206399999,60799.997727,340
LINKUSDT,1554206400000,0.5764,0.5824,0.5737,0.58,162510.69,1554209999999,94001.152667,421
LINKUSDT,1554210000000,0.5809,0.5892,0.579,0.5892,75673.21,1554213599999,44164.554961,281
LINKUSDT,1554213600000,0.5875,0.5878,0.5734,0.5797,216039.21,1554217199999,124914.826197,441
LINKUSDT,1554217200000,0.5797,0.5887,0.5734,0.5874,143906.84,1554220799999,83357.615133,353
LINKUSDT,1554220800000,0.5885,0.5885,0.5772,0.5831,81763.84,1554224399999,47511.940999,309
LINKUSDT,1554224400000,0.5831,0.5831,0.5737,0.5774,25846.49,1554227999999,14912.946445,167
LINKUSDT,1554228000000,0.5777,0.5805,0.5738,0.5805,47534.91,1554231599999,27484.148114,141
LINKUSDT,1554231600000,0.5808,0.5821,0.5767,0.5794,79211.78,1554235199999,45856.687479,229
LINKUSDT,1554235200000,0.5783,0.5855,0.5734,0.5788,116666.87,1554238799999,67495.654358,403
LINKUSDT,1554238800000,0.5789,0.5813,0.5735,0.5735,73952.69,1554242399999,42697.22242,288
LINKUSDT,1554242400000,0.5736,0.5808,0.5735,0.5808,74382.57,1554245999999,43007.200858,152
LINKUSDT,1554246000000,0.5808,0.5861,0.5744,0.5811,167209.11,1554249599999,96829.092915,488
LINKUSDT,1554249600000,0.5811,0.5976,0.5749,0.5835,316186.56,1554253199999,186738.047261,995
LINKUSDT,1554253200000,0.5837,0.5869,0.5785,0.581,101414.0,1554256799999,59059.589605,388
LINKUSDT,1554256800000,0.5806,0.5976,0.5781,0.5923,355379.21,1554260399999,208578.725298,539
LINKUSDT,1554260400000,0.5923,0.6073,0.5923,0.5993,302046.57,1554263999999,180672.84304,729
LINKUSDT,1554264000000,0.5989,0.5989,0.575,0.5902,205182.3,1554267599999,120216.386449,634
LINKUSDT,1554267600000,0.5896,0.6019,0.5874,0.5903,217252.59,1554271199999,129168.437112,647
LINKUSDT,1554271200000,0.591,0.5946,0.5895,0.5939,77548.3,1554274799999,45903.894093,162
LINKUSDT,1554274800000,0.5935,0.6,0.5831,0.5903,125066.75,1554278399999,73752.208086,306
LINKUSDT,1554278400000,0.5903,0.5911,0.58,0.584,138931.57,1554281999999,81007.105483,218
LINKUSDT,1554282000000,0.5842,0.5861,0.5771,0.5861,91272.19,1554285599999,53100.036022,257
LINKUSDT,1554285600000,0.5863,0.5867,0.5797,0.5827,27997.61,1554289199999,16316.340473,111
LINKUSDT,1554289200000,0.5818,0.5904,0.5815,0.5896,70626.96,1554292799999,41436.889236,185
LINKUSDT,1554292800000,0.5902,0.5977,0.5849,0.588,123091.95,1554296399999,72746.681311,338
LINKUSDT,1554296400000,0.5861,0.5887,0.584,0.5875,63505.1,1554299999999,37234.342361,215
LINKUSDT,1554300000000,0.5866,0.5879,0.582,0.5876,44639.06,1554303599999,26133.017929,213
LINKUSDT,1554303600000,0.5876,0.5975,0.5852,0.5908,60946.84,1554307199999,36076.705861,271
LINKUSDT,1554307200000,0.5935,0.6034,0.5901,0.6022,184320.01,1554310799999,110345.479909,610
LINKUSDT,1554310800000,0.6022,0.6034,0.5895,0.5956,254044.94,1554314399999,150801.155924,592
LINKUSDT,1554314400000,0.5955,0.5994,0.5734,0.5932,361227.56,1554317999999,211721.733411,595
LINKUSDT,1554318000000,0.5937,0.596,0.5857,0.5898,90192.07,1554321599999,53227.296348,412
LINKUSDT,1554321600000,0.5898,0.5983,0.5813,0.5914,227035.78,1554325199999,134311.700426,483
LINKUSDT,1554325200000,0.5933,0.599,0.5805,0.5836,111623.52,1554328799999,66091.751445,405
LINKUSDT,1554328800000,0.5848,0.5877,0.5558,0.568,296935.16,1554332399999,168570.727758,860
LINKUSDT,1554332400000,0.5697,0.5715,0.517,0.562,589025.61,1554335999999,321063.478039,1206
LINKUSDT,1554336000000,0.5588,0.5643,0.547,0.5588,333989.45,1554339599999,185228.303499,523
LINKUSDT,1554339600000,0.5616,0.571,0.5585,0.5585,103112.62,1554343199999,58147.199238,280
LINKUSDT,1554343200000,0.5589,0.5643,0.5527,0.5567,67683.6,1554346799999,37838.054617,221
LINKUSDT,1554346800000,0.5567,0.5585,0.549,0.5527,125557.13,1554350399999,69421.832578,280
LINKUSDT,1554350400000,0.5522,0.5649,0.5522,0.5633,29459.98,1554353999999,16503.18023,144
LINKUSDT,1554354000000,0.5633,0.5714,0.5623,0.5653,44671.34,1554357599999,25352.675512,200
LINKUSDT,1554357600000,0.5669,0.576,0.5665,0.5739,43101.13,1554361199999,24692.535091,198
LINKUSDT,1554361200000,0.5739,0.5799,0.57,0.5705,27510.76,1554364799999,15844.356145,223
LINKUSDT,1554364800000,0.5755,0.5819,0.5681,0.5739,52269.27,1554368399999,30134.208328,220
LINKUSDT,1554368400000,0.5731,0.5754,0.5679,0.5717,26707.81,1554371999999,15282.690338,120
LINKUSDT,1554372000000,0.5709,0.5732,0.5643,0.5689,50678.59,1554375599999,28849.760762,186
LINKUSDT,1554375600000,0.5689,0.5692,0.5618,0.564,57721.75,1554379199999,32571.760317,169
LINKUSDT,1554379200000,0.5652,0.5725,0.5633,0.5706,19088.04,1554382799999,10878.380556,59
LINKUSDT,1554382800000,0.5706,0.5763,0.5669,0.5739,39379.71,1554386399999,22616.238256,126
LINKUSDT,1554386400000,0.5746,0.5839,0.5742,0.5787,100941.15,1554389999999,58461.295745,305
LINKUSDT,1554390000000,0.5762,0.58,0.57,0.577,46617.68,1554393599999,26772.704959,181
LINKUSDT,1554393600000,0.577,0.579,0.5497,0.5497,121554.7,1554397199999,68182.991011,413
LINKUSDT,1554397200000,0.55,0.559,0.5423,0.5459,170946.77,1554400799999,93731.052376,510
LINKUSDT,1554400800000,0.5463,0.5477,0.5324,0.5438,107502.25,1554404399999,58040.14713,389
LINKUSDT,1554404400000,0.5425,0.5437,0.53,0.5319,160937.69,1554407999999,86416.522407,473
LINKUSDT,1554408000000,0.5304,0.5346,0.5195,0.5292,210400.68,1554411599999,110537.434375,714
LINKUSDT,1554411600000,0.5292,0.544,0.529,0.5427,70468.24,1554415199999,37810.601258,242
LINKUSDT,1554415200000,0.5401,0.5431,0.5315,0.5347,50167.86,1554418799999,26920.141621,156
LINKUSDT,1554418800000,0.5346,0.5396,0.5329,0.5396,27567.52,1554422399999,14792.430018,136
LINKUSDT,1554422400000,0.5409,0.549,0.539,0.5477,40344.88,1554425999999,21938.40742,145
LINKUSDT,1554426000000,0.5485,0.5491,0.5446,0.545,18270.49,1554429599999,9986.735738,82
LINKUSDT,1554429600000,0.5461,0.5479,0.542,0.5441,14822.68,1554433199999,8068.019782,75
LINKUSDT,1554433200000,0.5451,0.5479,0.541,0.5467,35307.64,1554436799999,19240.82794,107
LINKUSDT,1554436800000,0.5443,0.5526,0.5441,0.5492,47912.6,1554440399999,26175.477626,157
LINKUSDT,1554440400000,0.5497,0.5537,0.545,0.5513,176569.19,1554443999999,96984.88003,441
LINKUSDT,1554444000000,0.5505,0.5538,0.5432,0.5511,77320.08,1554447599999,42466.09617,214
LINKUSDT,1554447600000,0.5511,0.5526,0.547,0.5481,24929.4,1554451199999,13720.597225,108
LINKUSDT,1554451200000,0.5497,0.5536,0.547,0.5504,22322.84,1554454799999,12316.414199,180
LINKUSDT,1554454800000,0.5503,0.5523,0.5468,0.5519,22710.73,1554458399999,12485.733117,109
LINKUSDT,1554458400000,0.5505,0.5536,0.5496,0.5529,12061.87,1554461999999,6655.444269,69
LINKUSDT,1554462000000,0.5533,0.5599,0.5506,0.5542,27174.47,1554465599999,15092.647888,178
LINKUSDT,1554465600000,0.5562,0.5588,0.551,0.5564,29035.51,1554469199999,16158.529005,144
LINKUSDT,1554469200000,0.5586,0.562,0.5556,0.5603,66587.14,1554472799999,37247.287839,292
LINKUSDT,1554472800000,0.558,0.5623,0.5537,0.5557,92380.95,1554476399999,51525.283471,326
LINKUSDT,1554476400000,0.5562,0.5594,0.5555,0.5577,19204.65,1554479999999,10704.724473,88
LINKUSDT,1554480000000,0.5577,0.5776,0.5571,0.5684,63736.21,1554483599999,36205.432224,353
LINKUSDT,1554483600000,0.5664,0.5734,0.5664,0.5709,36434.74,1554487199999,20754.580093,133
LINKUSDT,1554487200000,0.5692,0.5747,0.5661,0.5662,16483.76,1554490799999,9391.83303,87
LINKUSDT,1554490800000,0.5698,0.5731,0.5635,0.571,32444.15,1554494399999,18365.251509,141
LINKUSDT,1554494400000,0.5721,0.5759,0.5691,0.5721,25435.5,1554497999999,14557.81165,124
LINKUSDT,1554498000000,0.571,0.5735,0.5696,0.5707,54253.89,1554501599999,31022.610364,117
LINKUSDT,1554501600000,0.571,0.5776,0.5703,0.576,61557.09,1554505199999,35309.733613,161
LINKUSDT,1554505200000,0.576,0.5799,0.5729,0.5729,22048.22,1554508799999,12719.006152,112
LINKUSDT,1554508800000,0.5735,0.5756,0.5673,0.5673,33442.64,1554512399999,19078.889756,129
LINKUSDT,1554512400000,0.5674,0.5707,0.5657,0.5684,27001.9,1554515999999,15344.75722,101
LINKUSDT,1554516000000,0.5688,0.5709,0.5625,0.5645,37376.4,1554519599999,21175.814098,157
LINKUSDT,1554519600000,0.5652,0.5684,0.5625,0.5656,16032.14,1554523199999,9063.786369,127
LINKUSDT,1554523200000,0.568,0.568,0.5643,0.5662,7493.9,1554526799999,4236.994889,45
LINKUSDT,1554526800000,0.5667,0.5777,0.5667,0.5736,27028.06,1554530399999,15506.009835,159
LINKUSDT,1554530400000,0.5746,0.5773,0.5731,0.576,16050.48,1554533999999,9235.73499,103
LINKUSDT,1554534000000,0.576,0.584,0.5736,0.5837,37943.41,1554537599999,21997.393769,280
LINKUSDT,1554537600000,0.5837,0.59,0.5738,0.5767,82515.09,1554541199999,47881.359817,363
LINKUSDT,1554541200000,0.579,0.5806,0.5729,0.5732,39429.44,1554544799999,22700.047206,149
LINKUSDT,1554544800000,0.5735,0.5789,0.5678,0.5723,34683.94,1554548399999,19856.899392,185
LINKUSDT,1554548400000,0.5701,0.5725,0.5677,0.571,84246.98,1554551999999,47921.129376,140
LINKUSDT,1554552000000,0.5722,0.5745,0.5663,0.5717,44387.39,1554555599999,25374.568927,203
LINKUSDT,1554555600000,0.573,0.5758,0.5705,0.5722,26710.81,1554559199999,15290.630348,72
LINKUSDT,1554559200000,0.5736,0.5737,0.5694,0.5721,11171.73,1554562799999,6388.164075,74
LINKUSDT,1554562800000,0.573,0.5754,0.567,0.5687,70165.32,1554566399999,40039.183196,327
LINKUSDT,1554566400000,0.5699,0.5876,0.5601,0.568,241395.32,1554569999999,138054.666001,1154
LINKUSDT,1554570000000,0.5687,0.5748,0.5653,0.5678,33192.53,1554573599999,18893.6916,215
LINKUSDT,1554573600000,0.5694,0.5831,0.5685,0.5797,94549.91,1554577199999,54269.83909,345
LINKUSDT,1554577200000,0.5806,0.5834,0.5751,0.5777,28557.49,1554580799999,16557.157721,171
LINKUSDT,1554580800000,0.5784,0.5805,0.5692,0.5692,39351.03,1554584399999,22603.448205,161
LINKUSDT,1554584400000,0.5696,0.5729,0.5557,0.5686,105657.8,1554587999999,59464.908423,435
LINKUSDT,1554588000000,0.5692,0.5749,0.5678,0.5734,21067.94,1554591599999,12033.956029,145
LINKUSDT,1554591600000,0.5734,0.5775,0.5672,0.5691,16698.33,1554595199999,9575.50166,83
LINKUSDT,1554595200000,0.5677,0.5708,0.5669,0.5674,3875.54,1554598799999,2206.565588,28
LINKUSDT,1554598800000,0.5691,0.57,0.5671,0.5695,6974.11,1554602399999,3958.802529,24
LINKUSDT,1554602400000,0.5678,0.577,0.5678,0.577,25486.55,1554605999999,14643.006905,173
LINKUSDT,1554606000000,0.577,0.5777,0.5714,0.5762,15106.04,1554609599999,8680.475253,101
LINKUSDT,1554609600000,0.5762,0.578,0.574,0.5754,10934.29,1554613199999,6295.522175,83
LINKUSDT,1554613200000,0.5735,0.5773,0.5717,0.5717,8054.2,1554616799999,4629.632233,56
LINKUSDT,1554616800000,0.5711,0.5766,0.5682,0.5765,32217.33,1554620399999,18482.159124,178
LINKUSDT,1554620400000,0.5769,0.5785,0.5754,0.5783,37509.48,1554623999999,21658.169246,178
LINKUSDT,1554624000000,0.5781,0.5783,0.573,0.5781,36184.26,1554627599999,20857.470924,129
LINKUSDT,1554627600000,0.578,0.5783,0.5731,0.5744,12263.58,1554631199999,7059.000091,73
LINKUSDT,1554631200000,0.5738,0.5766,0.5736,0.5746,19013.89,1554634799999,10942.901842,64
LINKUSDT,1554634800000,0.5746,0.578,0.5736,0.5742,49139.6,1554638399999,28245.487443,125
LINKUSDT,1554638400000,0.5742,0.5777,0.5742,0.5774,37720.61,1554641999999,21755.121513,88
LINKUSDT,1554642000000,0.5764,0.577,0.5731,0.5758,36620.85,1554645599999,21045.780036,109
LINKUSDT,1554645600000,0.5758,0.5758,0.5705,0.5734,19234.01,1554649199999,10997.535365,118
LINKUSDT,1554649200000,0.5717,0.5758,0.5708,0.574,15785.6,1554652799999,9062.669648,76
LINKUSDT,1554652800000,0.5737,0.5751,0.5655,0.5734,26115.92,1554656399999,14868.105555,163
LINKUSDT,1554656400000,0.5727,0.5801,0.5708,0.5763,106155.23,1554659999999,61452.87336,233
LINKUSDT,1554660000000,0.5792,0.581,0.5741,0.5765,43827.62,1554663599999,25398.141065,112
LINKUSDT,1554663600000,0.577,0.579,0.5746,0.5746,11897.57,1554667199999,6872.586467,75
LINKUSDT,1554667200000,0.5749,0.5814,0.5746,0.58,81284.83,1554670799999,47098.467902,160
LINKUSDT,1554670800000,0.5803,0.5918,0.5748,0.5801,145943.45,1554674399999,84849.368966,562
LINKUSDT,1554674400000,0.5812,0.5865,0.5738,0.5756,133337.24,1554677999999,77378.40907,639
LINKUSDT,1554678000000,0.5757,0.5778,0.5688,0.5773,41967.56,1554681599999,24055.182427,263
LINKUSDT,1554681600000,0.5776,0.5912,0.5715,0.5878,244697.85,1554685199999,142023.431055,1144
LINKUSDT,1554685200000,0.5871,0.5871,0.5719,0.5758,75445.81,1554688799999,43667.340658,385
LINKUSDT,1554688800000,0.5731,0.58,0.57,0.5721,59376.08,1554692399999,34026.601584,237
LINKUSDT,1554692400000,0.5736,0.5736,0.5601,0.5605,97881.29,1554695999999,55344.44023,491
LINKUSDT,1554696000000,0.5605,0.5671,0.5601,0.5669,22321.41,1554699599999,12546.716394,123
LINKUSDT,1554699600000,0.5645,0.5669,0.5617,0.5669,24202.4,1554703199999,13626.312757,123
LINKUSDT,1554703200000,0.5672,0.5672,0.5571,0.5643,84172.08,1554706799999,47366.044923,303
LINKUSDT,1554706800000,0.5638,0.5638,0.551,0.5591,66905.24,1554710399999,37078.000189,252
LINKUSDT,1554710400000,0.5584,0.5605,0.5453,0.5534,81340.9,1554713999999,44821.57884,377
LINKUSDT,1554714000000,0.555,0.5614,0.5497,0.5534,28707.39,1554717599999,15892.460436,144
LINKUSDT,1554717600000,0.5535,0.5535,0.5403,0.5405,87162.5,1554721199999,47476.291418,328
LINKUSDT,1554721200000,0.5403,0.5443,0.537,0.537,85582.82,1554724799999,46224.766557,252
LINKUSDT,1554724800000,0.537,0.5414,0.537,0.5406,63240.22,1554728399999,34021.079327,184
LINKUSDT,1554728400000,0.5391,0.5457,0.5389,0.5389,27231.63,1554731999999,14776.189899,132
LINKUSDT,1554732000000,0.539,0.562,0.5389,0.5595,78886.05,1554735599999,43638.609879,326
LINKUSDT,1554735600000,0.5556,0.5673,0.5556,0.5622,77723.53,1554739199999,43705.686325,369
LINKUSDT,1554739200000,0.5668,0.5683,0.5556,0.5598,51531.39,1554742799999,28902.293189,240
LINKUSDT,1554742800000,0.558,0.561,0.5459,0.5544,44901.3,1554746399999,24766.701921,206
LINKUSDT,1554746400000,0.5544,0.5625,0.553,0.561,37245.94,1554749999999,20846.428287,178
LINKUSDT,1554750000000,0.5602,0.5623,0.5585,0.5611,45652.65,1554753599999,25584.645884,147
LINKUSDT,1554753600000,0.5595,0.5736,0.5581,0.5719,79479.17,1554757199999,45084.239499,400
LINKUSDT,1554757200000,0.5713,0.573,0.5663,0.5713,24485.83,1554760799999,13939.157645,115
LINKUSDT,1554760800000,0.5681,0.5712,0.5663,0.568,10447.72,1554764399999,5929.032581,43
LINKUSDT,1554764400000,0.5668,0.5687,0.5571,0.5634,60582.55,1554767999999,34095.259412,175
LINKUSDT,1554768000000,0.5617,0.5637,0.555,0.555,22434.08,1554771599999,12496.081943,125
LINKUSDT,1554771600000,0.555,0.5567,0.5471,0.5497,11124.94,1554775199999,6122.282369,98
LINKUSDT,1554775200000,0.5484,0.5519,0.538,0.538,53316.43,1554778799999,28830.996494,235
LINKUSDT,1554778800000,0.5381,0.5433,0.538,0.542,65311.13,1554782399999,35229.388825,179
LINKUSDT,1554782400000,0.542,0.547,0.533,0.5361,74124.15,1554785999999,39832.133156,255
LINKUSDT,1554786000000,0.5351,0.5367,0.5189,0.5236,194319.04,1554789599999,102554.989134,528
LINKUSDT,1554789600000,0.5267,0.5331,0.5247,0.527,35776.92,1554793199999,18917.623178,197
LINKUSDT,1554793200000,0.5289,0.531,0.5236,0.5249,76699.25,1554796799999,40538.639412,145
LINKUSDT,1554796800000,0.5238,0.5279,0.517,0.5277,47857.47,1554800399999,24986.940095,249
LINKUSDT,1554800400000,0.5277,0.5307,0.5202,0.5228,47460.92,1554803999999,24932.874824,185
LINKUSDT,1554804000000,0.521,0.5279,0.5185,0.5274,63148.73,1554807599999,32956.682856,199
LINKUSDT,1554807600000,0.5276,0.5398,0.5254,0.5352,45641.36,1554811199999,24312.302224,245
LINKUSDT,1554811200000,0.5351,0.5391,0.5331,0.5336,69635.26,1554814799999,37339.07684,230
LINKUSDT,1554814800000,0.5346,0.5397,0.5319,0.5321,26734.47,1554818399999,14340.230184,154
LINKUSDT,1554818400000,0.5335,0.535,0.5213,0.5227,91546.5,1554821999999,48273.416171,242
LINKUSDT,1554822000000,0.5231,0.5308,0.5231,0.5257,27662.79,1554825599999,14602.752187,146
LINKUSDT,1554825600000,0.5258,0.5364,0.5257,0.5342,74574.75,1554829199999,39605.458102,267
LINKUSDT,1554829200000,0.5323,0.535,0.5265,0.5274,77177.05,1554832799999,40868.910554,187
LINKUSDT,1554832800000,0.5299,0.5318,0.528,0.528,17460.68,1554836399999,9252.065679,89
LINKUSDT,1554836400000,0.5293,0.5358,0.528,0.534,23279.15,1554839999999,12395.415558,146
LINKUSDT,1554840000000,0.5345,0.5377,0.5318,0.5367,57540.88,1554843599999,30779.377419,206
LINKUSDT,1554843600000,0.5332,0.5351,0.531,0.5328,29074.58,1554847199999,15471.827888,92
LINKUSDT,1554847200000,0.5328,0.54,0.5287,0.5314,35559.27,1554850799999,18938.050317,189
LINKUSDT,1554850800000,0.531,0.5339,0.5294,0.53,16991.45,1554854399999,9023.176183,60
LINKUSDT,1554854400000,0.53,0.531,0.526,0.5262,82907.43,1554857999999,43815.049127,174
LINKUSDT,1554858000000,0.5285,0.5328,0.526,0.531,12479.82,1554861599999,6616.418624,91
LINKUSDT,1554861600000,0.5308,0.531,0.5264,0.5273,36266.29,1554865199999,19147.128321,162
LINKUSDT,1554865200000,0.5272,0.5272,0.5256,0.5268,7613.09,1554868799999,4008.722706,37
LINKUSDT,1554868800000,0.5281,0.531,0.5256,0.5289,14173.03,1554872399999,7491.013101,66
LINKUSDT,1554872400000,0.5282,0.5326,0.5282,0.5326,29480.06,1554875999999,15649.931798,96
LINKUSDT,1554876000000,0.5325,0.5332,0.5295,0.5332,28153.03,1554879599999,14994.392138,82
LINKUSDT,1554879600000,0.5334,0.5367,0.531,0.531,35587.49,1554883199999,18950.97472,132
LINKUSDT,1554883200000,0.5324,0.534,0.5311,0.5315,4306.81,1554886799999,2297.266051,35
LINKUSDT,1554886800000,0.5328,0.5358,0.5317,0.5329,19380.89,1554890399999,10359.540378,80
LINKUSDT,1554890400000,0.5346,0.5346,0.5316,0.5319,2106.73,1554893999999,1122.53484,24
LINKUSDT,1554894000000,0.5329,0.534,0.5305,0.5339,28163.3,1554897599999,14969.438814,86
LINKUSDT,1554897600000,0.5311,0.535,0.5283,0.5299,63841.39,1554901199999,33886.761469,131
LINKUSDT,1554901200000,0.5299,0.5317,0.5279,0.53,110401.34,1554904799999,58524.511368,191
LINKUSDT,1554904800000,0.5309,0.5327,0.53,0.5319,37927.49,1554908399999,20115.985172,63
LINKUSDT,1554908400000,0.5322,0.5329,0.5293,0.5298,26021.93,1554911999999,13806.102537,98
LINKUSDT,1554912000000,0.5305,0.5324,0.526,0.5277,51349.95,1554915599999,27036.859515,163
LINKUSDT,1554915600000,0.527,0.5329,0.527,0.5322,22271.47,1554919199999,11822.699258,90
LINKUSDT,1554919200000,0.5316,0.5328,0.5228,0.5283,161556.65,1554922799999,85147.008204,565
LINKUSDT,1554922800000,0.5296,0.5452,0.5251,0.5299,117277.22,1554926399999,62336.93711,362
LINKUSDT,1554926400000,0.5299,0.5345,0.51,0.52,218567.47,1554929999999,112968.229718,674
LINKUSDT,1554930000000,0.5203,0.5274,0.5145,0.5186,46481.08,1554933599999,24242.806499,232
LINKUSDT,1554933600000,0.521,0.521,0.5108,0.5173,80357.26,1554937199999,41359.761506,186
LINKUSDT,1554937200000,0.5187,0.5207,0.5171,0.5197,23046.2,1554940799999,11966.004769,90
LINKUSDT,1554940800000,0.5198,0.521,0.5133,0.5148,66853.33,1554944399999,34635.704574,211
LINKUSDT,1554944400000,0.5148,0.5162,0.5109,0.511,54447.48,1554947999999,27977.808736,123
LINKUSDT,1554948000000,0.5121,0.5138,0.5057,0.5089,90921.4,1554951599999,46320.697272,275
LINKUSDT,1554951600000,0.5079,0.5095,0.4866,0.4924,192862.28,1554955199999,95783.856758,507
LINKUSDT,1554955200000,0.4924,0.5037,0.4892,0.5002,111834.59,1554958799999,55674.727994,259
LINKUSDT,1554958800000,0.5019,0.5105,0.5002,0.5026,65944.92,1554962399999,33377.952975,230
LINKUSDT,1554962400000,0.5026,0.509,0.5026,0.5088,9322.3,1554965999999,4715.268172,79
LINKUSDT,1554966000000,0.5084,0.5086,0.4971,0.4979,104661.08,1554969599999,52552.407453,216
LINKUSDT,1554969600000,0.4982,0.5008,0.4914,0.5008,53280.56,1554973199999,26347.478876,186
LINKUSDT,1554973200000,0.4981,0.5,0.4778,0.485,154495.73,1554976799999,74593.180823,352
LINKUSDT,1554976800000,0.4835,0.485,0.4701,0.4746,146182.36,1554980399999,69517.073228,369
LINKUSDT,1554980400000,0.4731,0.4733,0.453,0.4701,270280.92,1554983999999,125341.001111,603
LINKUSDT,1554984000000,0.4713,0.478,0.4691,0.4775,65012.18,1554987599999,30790.078147,202
LINKUSDT,1554987600000,0.4727,0.4745,0.468,0.468,29385.93,1554991199999,13837.772948,69
LINKUSDT,1554991200000,0.468,0.4767,0.4604,0.4763,102007.87,1554994799999,47646.529935,234
LINKUSDT,1554994800000,0.4737,0.4826,0.4726,0.4764,43760.22,1554998399999,20899.626384,166
LINKUSDT,1554998400000,0.4748,0.4823,0.4722,0.4818,39233.16,1555001999999,18707.690056,130
LINKUSDT,1555002000000,0.4818,0.4999,0.4818,0.498,55726.16,1555005599999,27390.484429,305
LINKUSDT,1555005600000,0.4995,0.4999,0.4925,0.4936,33167.5,1555009199999,16436.936189,207
LINKUSDT,1555009200000,0.4921,0.5,0.4888,0.4918,31123.21,1555012799999,15318.541907,145
LINKUSDT,1555012800000,0.4903,0.4928,0.48,0.4816,75965.97,1555016399999,36688.359331,156
LINKUSDT,1555016400000,0.4813,0.4893,0.4801,0.4827,28358.67,1555019999999,13698.481491,110
LINKUSDT,1555020000000,0.4827,0.4885,0.4779,0.4842,51523.68,1555023599999,24891.522782,175
LINKUSDT,1555023600000,0.4831,0.485,0.48,0.4821,15398.77,1555027199999,7429.763601,69
LINKUSDT,1555027200000,0.4821,0.4821,0.4752,0.4769,55468.7,1555030799999,26502.935803,176
LINKUSDT,1555030800000,0.4769,0.4769,0.4531,0.4574,103653.64,1555034399999,47776.290872,335
LINKUSDT,1555034400000,0.458,0.467,0.458,0.4635,86187.33,1555037999999,39812.342721,172
LINKUSDT,1555038000000,0.4641,0.4655,0.4588,0.4655,87395.34,1555041599999,40354.244352,183
LINKUSDT,1555041600000,0.4655,0.473,0.4655,0.4683,26206.63,1555045199999,12292.739829,107
LINKUSDT,1555045200000,0.4683,0.4683,0.4619,0.4668,9164.85,1555048799999,4255.088919,48
LINKUSDT,1555048800000,0.4688,0.4746,0.4669,0.4728,21795.64,1555052399999,10262.183446,89
LINKUSDT,1555052400000,0.4722,0.4794,0.4721,0.4763,17149.98,1555055999999,8147.520526,138
LINKUSDT,1555056000000,0.4763,0.4786,0.4742,0.4742,1670.32,1555059599999,796.360058,25
LINKUSDT,1555059600000,0.4774,0.4806,0.4757,0.4804,6602.42,1555063199999,3157.689328,41
LINKUSDT,1555063200000,0.4806,0.4999,0.4798,0.4924,83628.7,1555066799999,40591.283707,352
LINKUSDT,1555066800000,0.4916,0.5,0.4906,0.4971,69573.3,1555070399999,34462.5974,296
LINKUSDT,1555070400000,0.4976,0.5127,0.4969,0.5072,106795.03,1555073999999,53905.332357,368
LINKUSDT,1555074000000,0.5051,0.5134,0.5036,0.509,108938.7,1555077599999,55549.240789,322
LINKUSDT,1555077600000,0.5084,0.5088,0.4949,0.4977,77902.59,1555081199999,38992.246747,291
LINKUSDT,1555081200000,0.5,0.5022,0.4991,0.5009,65332.88,1555084799999,32739.526926,205
LINKUSDT,1555084800000,0.5001,0.5069,0.5001,0.5031,66584.12,1555088399999,33476.544795,245
LINKUSDT,1555088400000,0.5025,0.5088,0.5025,0.5049,37242.65,1555091999999,18800.721079,170
LINKUSDT,1555092000000,0.5062,0.507,0.501,0.503,9162.74,1555095599999,4614.677479,43
LINKUSDT,1555095600000,0.5024,0.5086,0.5024,0.5057,6726.87,1555099199999,3394.562517,44
LINKUSDT,1555099200000,0.504,0.505,0.4901,0.4927,125689.68,1555102799999,62002.238869,265
LINKUSDT,1555102800000,0.4927,0.5007,0.4919,0.4989,47121.19,1555106399999,23395.094823,123
LINKUSDT,1555106400000,0.4983,0.4991,0.492,0.495,17603.06,1555109999999,8689.62713,62
LINKUSDT,1555110000000,0.4957,0.4962,0.4919,0.492,10198.47,1555113599999,5043.185715,65
LINKUSDT,1555113600000,0.4932,0.4949,0.4913,0.4939,6920.87,1555117199999,3414.506377,43
LINKUSDT,1555117200000,0.4949,0.5067,0.4939,0.5035,44348.04,1555120799999,22121.219666,143
LINKUSDT,1555120800000,0.5026,0.5036,0.4983,0.5036,13027.12,1555124399999,6509.474743,98
LINKUSDT,1555124400000,0.5036,0.508,0.5031,0.5072,10122.38,1555127999999,5120.785767,84
LINKUSDT,1555128000000,0.508,0.5141,0.506,0.5133,35770.85,1555131599999,18253.059779,218
LINKUSDT,1555131600000,0.5138,0.515,0.506,0.5091,16356.23,1555135199999,8353.977071,102
LINKUSDT,1555135200000,0.5091,0.5146,0.5086,0.51,13713.71,1555138799999,6997.509541,69
LINKUSDT,1555138800000,0.5103,0.5135,0.5073,0.5115,21738.06,1555142399999,11084.871119,63
LINKUSDT,1555142400000,0.5145,0.5177,0.5115,0.5157,18812.5,1555145999999,9688.519075,120
LINKUSDT,1555146000000,0.5155,0.5192,0.5135,0.5185,31967.2,1555149599999,16532.906664,126
LINKUSDT,1555149600000,0.5185,0.52,0.5132,0.5138,57663.63,1555153199999,29807.165043,225
LINKUSDT,1555153200000,0.5143,0.5198,0.5143,0.5147,63758.04,1555156799999,33042.003991,153
LINKUSDT,1555156800000,0.5162,0.5164,0.5097,0.5101,33593.28,1555160399999,17275.218099,107
LINKUSDT,1555160400000,0.5101,0.512,0.5056,0.5077,31879.77,1555163999999,16214.971785,108
LINKUSDT,1555164000000,0.5087,0.5183,0.5082,0.518,22139.53,1555167599999,11380.699316,137
LINKUSDT,1555167600000,0.518,0.5248,0.518,0.524,56200.12,1555171199999,29281.912156,191
LINKUSDT,1555171200000,0.524,0.525,0.5211,0.5221,18399.39,1555174799999,9632.412084,105
LINKUSDT,1555174800000,0.5237,0.5262,0.5212,0.5262,23691.42,1555178399999,12419.38753,81
LINKUSDT,1555178400000,0.5261,0.5399,0.5261,0.538,180492.78,1555181999999,96406.360329,633
LINKUSDT,1555182000000,0.5359,0.5395,0.5253,0.5314,79367.93,1555185599999,42237.190578,281
LINKUSDT,1555185600000,0.5316,0.5316,0.5205,0.5251,56841.65,1555189199999,29787.61369,191
LINKUSDT,1555189200000,0.5268,0.5332,0.5221,0.5235,36352.26,1555192799999,19141.342334,143
LINKUSDT,1555192800000,0.5249,0.5338,0.5209,0.5333,32380.78,1555196399999,17131.31021,115
LINKUSDT,1555196400000,0.534,0.5399,0.5323,0.5358,79208.39,1555199999999,42548.192671,237
LINKUSDT,1555200000000,0.5366,0.5378,0.5327,0.536,6539.59,1555203599999,3496.253821,44
LINKUSDT,1555203600000,0.535,0.5449,0.5322,0.543,85578.22,1555207199999,46169.400782,245
LINKUSDT,1555207200000,0.543,0.5449,0.5275,0.5275,45956.67,1555210799999,24643.657849,197
LINKUSDT,1555210800000,0.5303,0.5313,0.5234,0.5262,51313.25,1555214399999,27066.172834,161
LINKUSDT,1555214400000,0.5246,0.5274,0.5216,0.5219,32294.66,1555217999999,16921.829537,96
LINKUSDT,1555218000000,0.5246,0.5247,0.5099,0.5141,91062.52,1555221599999,46785.731897,333
LINKUSDT,1555221600000,0.5145,0.5146,0.509,0.509,31119.15,1555225199999,15926.34205,102
LINKUSDT,1555225200000,0.5119,0.5153,0.5073,0.5153,27122.37,1555228799999,13825.148024,124
LINKUSDT,1555228800000,0.5142,0.518,0.5127,0.5171,21630.62,1555232399999,11150.215487,86
LINKUSDT,1555232400000,0.5159,0.5179,0.5153,0.5158,32071.51,1555235999999,16583.321732,49
LINKUSDT,1555236000000,0.5158,0.5177,0.5114,0.5177,33507.97,1555239599999,17243.564593,112
LINKUSDT,1555239600000,0.517,0.518,0.5119,0.517,10429.94,1555243199999,5388.73261,41
LINKUSDT,1555243200000,0.5164,0.5185,0.5119,0.5169,49827.79,1555246799999,25680.061306,135
LINKUSDT,1555246800000,0.5169,0.5201,0.5169,0.5189,23418.78,1555250399999,12146.821719,96
LINKUSDT,1555250400000,0.5176,0.5201,0.5176,0.5199,10810.87,1555253999999,5616.306593,33
LINKUSDT,1555254000000,0.5199,0.5229,0.5182,0.5229,13739.52,1555257599999,7148.514316,74
LINKUSDT,1555257600000,0.5222,0.5272,0.5206,0.5238,42701.99,1555261199999,22412.859324,147
LINKUSDT,1555261200000,0.5227,0.526,0.5208,0.526,25123.98,1555264799999,13150.585018,63
LINKUSDT,1555264800000,0.5255,0.5317,0.5248,0.5311,43699.52,1555268399999,23022.364754,133
LINKUSDT,1555268400000,0.5319,0.5319,0.5235,0.5245,22830.65,1555271999999,12012.224159,112
LINKUSDT,1555272000000,0.5245,0.5258,0.523,0.5231,19702.5,1555275599999,10314.241981,76
LINKUSDT,1555275600000,0.5231,0.5267,0.5229,0.5244,10654.29,1555279199999,5591.317634,57
LINKUSDT,1555279200000,0.5244,0.5318,0.5227,0.5257,57113.01,1555282799999,29986.590021,174
LINKUSDT,1555282800000,0.5257,0.5272,0.5214,0.5225,36759.72,1555286399999,19274.558772,160
LINKUSDT,1555286400000,0.5259,0.5268,0.5134,0.518,37473.35,1555289999999,19430.500182,228
LINKUSDT,1555290000000,0.518,0.5202,0.5151,0.5177,19952.9,1555293599999,10330.994367,145
LINKUSDT,1555293600000,0.5194,0.524,0.5164,0.5201,116012.03,1555297199999,60335.590872,305
LINKUSDT,1555297200000,0.5197,0.521,0.5172,0.5202,25139.63,1555300799999,13045.796825,96
LINKUSDT,1555300800000,0.5195,0.5228,0.5172,0.5197,16034.53,1555304399999,8336.554834,108
LINKUSDT,1555304400000,0.52,0.522,0.5195,0.5198,18671.32,1555307999999,9721.009559,70
LINKUSDT,1555308000000,0.5205,0.5238,0.5202,0.522,25899.42,1555311599999,13508.189203,123
LINKUSDT,1555311600000,0.5229,0.5242,0.5203,0.5211,23803.35,1555315199999,12421.976583,103
LINKUSDT,1555315200000,0.522,0.5238,0.5197,0.5197,19198.62,1555318799999,10008.156219,98
LINKUSDT,1555318800000,0.5199,0.5201,0.5186,0.5201,21479.93,1555322399999,11151.96673,104
LINKUSDT,1555322400000,0.52,0.521,0.5155,0.5156,39759.55,1555325999999,20599.487731,153
LINKUSDT,1555326000000,0.5155,0.5167,0.5052,0.5085,179185.55,1555329599999,91178.667395,385
LINKUSDT,1555329600000,0.5084,0.5095,0.4993,0.5079,132184.97,1555333199999,66586.544227,430
LINKUSDT,1555333200000,0.5082,0.5098,0.5067,0.5079,36001.48,1555336799999,18304.368722,128
LINKUSDT,1555336800000,0.5088,0.5102,0.503,0.5044,69001.05,1555340399999,34971.501728,202
LINKUSDT,1555340400000,0.5052,0.506,0.5029,0.5051,66594.56,1555343999999,33629.252022,102
LINKUSDT,1555344000000,0.5036,0.5073,0.5019,0.5059,69369.26,1555347599999,34930.188251,151
LINKUSDT,1555347600000,0.5044,0.5051,0.482,0.49,241810.85,1555351199999,118872.829972,680
LINKUSDT,1555351200000,0.4899,0.4997,0.4851,0.496,112722.31,1555354799999,55780.764051,249
LINKUSDT,1555354800000,0.496,0.496,0.485,0.4861,135427.31,1555358399999,66335.107521,249
LINKUSDT,1555358400000,0.4866,0.4881,0.48,0.4865,92660.11,1555361999999,44799.464974,286
LINKUSDT,1555362000000,0.4842,0.494,0.4824,0.4846,29984.27,1555365599999,14621.319288,122
LINKUSDT,1555365600000,0.4871,0.494,0.486,0.4897,58533.57,1555369199999,28731.692527,155
LINKUSDT,1555369200000,0.4932,0.494,0.4883,0.4883,30880.77,1555372799999,15195.338372,107
LINKUSDT,1555372800000,0.4884,0.4929,0.4883,0.4929,43309.97,1555376399999,21292.591257,78
LINKUSDT,1555376400000,0.4928,0.4934,0.4902,0.4922,4379.24,1555379999999,2157.319187,27
LINKUSDT,1555380000000,0.4922,0.4953,0.4922,0.4953,15131.48,1555383599999,7471.780491,76
LINKUSDT,1555383600000,0.4948,0.4981,0.4948,0.4981,17740.51,1555387199999,8811.816117,58
LINKUSDT,1555387200000,0.4981,0.4982,0.4946,0.4946,8149.61,1555390799999,4053.104406,51
LINKUSDT,1555390800000,0.4951,0.499,0.4943,0.4959,28461.5,1555394399999,14122.217328,90
LINKUSDT,1555394400000,0.4945,0.4961,0.492,0.492,11060.49,1555397999999,5454.676546,51
LINKUSDT,1555398000000,0.4943,0.4952,0.492,0.4929,4557.42,1555401599999,2248.64541,23
LINKUSDT,1555401600000,0.495,0.4959,0.4933,0.4958,18852.97,1555405199999,9334.450162,67
LINKUSDT,1555405200000,0.4941,0.4959,0.4935,0.4959,5379.6,1555408799999,2660.03119,29
LINKUSDT,1555408800000,0.4959,0.497,0.494,0.495,28218.18,1555412399999,13975.809095,87
LINKUSDT,1555412400000,0.495,0.4986,0.4942,0.4978,6488.46,1555415999999,3223.803792,58
LINKUSDT,1555416000000,0.4978,0.4988,0.4953,0.498,17070.54,1555419599999,8485.695626,54
LINKUSDT,1555419600000,0.4965,0.5039,0.4965,0.5019,29936.27,1555423199999,15010.514012,163
LINKUSDT,1555423200000,0.5019,0.5087,0.4972,0.5061,84286.87,1555426799999,42544.672566,275
LINKUSDT,1555426800000,0.5063,0.5102,0.5046,0.5088,75667.4,1555430399999,38456.48258,192
LINKUSDT,1555430400000,0.5088,0.5089,0.5028,0.5079,15518.54,1555433999999,7842.85029,94
LINKUSDT,1555434000000,0.5075,0.5176,0.5061,0.5088,68123.96,1555437599999,34862.099296,307
LINKUSDT,1555437600000,0.5086,0.5104,0.5071,0.5088,13008.63,1555441199999,6615.011895,64
LINKUSDT,1555441200000,0.5096,0.5103,0.5059,0.5095,20626.82,1555444799999,10510.498752,72
LINKUSDT,1555444800000,0.5068,0.507,0.502,0.5055,107648.78,1555448399999,54252.663965,193
LINKUSDT,1555448400000,0.5039,0.5066,0.5027,0.505,28195.76,1555451999999,14232.246747,90
LINKUSDT,1555452000000,0.5051,0.5068,0.4986,0.4987,74956.3,1555455599999,37522.945135,173
LINKUSDT,1555455600000,0.4994,0.5021,0.4962,0.4985,25474.99,1555459199999,12740.457806,186
LINKUSDT,1555459200000,0.4998,0.5046,0.4981,0.4981,26883.11,1555462799999,13470.008751,120
LINKUSDT,1555462800000,0.4981,0.5,0.494,0.498,24530.47,1555466399999,12191.666652,136
LINKUSDT,1555466400000,0.5002,0.5007,0.4985,0.4985,14834.21,1555469999999,7411.856362,42
LINKUSDT,1555470000000,0.4985,0.5007,0.4965,0.4999,10483.08,1555473599999,5225.924489,42
LINKUSDT,1555473600000,0.5003,0.5011,0.4956,0.4956,16538.59,1555477199999,8247.276882,77
LINKUSDT,1555477200000,0.4962,0.497,0.4931,0.4933,16120.87,1555480799999,7964.284248,92
LINKUSDT,1555480800000,0.4956,0.4967,0.4933,0.4934,30624.37,1555484399999,15162.871698,99
LINKUSDT,1555484400000,0.496,0.496,0.4913,0.4934,28786.93,1555487999999,14183.74532,114
LINKUSDT,1555488000000,0.4934,0.4941,0.488,0.4898,23695.85,1555491599999,11614.000768,130
LINKUSDT,1555491600000,0.4897,0.4932,0.4894,0.4903,12773.56,1555495199999,6268.852157,74
LINKUSDT,1555495200000,0.4903,0.4945,0.4889,0.4944,18702.85,1555498799999,9174.144846,57
LINKUSDT,1555498800000,0.4944,0.5,0.4923,0.498,65563.91,1555502399999,32565.194841,201
LINKUSDT,1555502400000,0.498,0.4995,0.4901,0.4919,31567.76,1555505999999,15609.601755,152
LINKUSDT,1555506000000,0.4932,0.4946,0.4913,0.4945,12430.19,1555509599999,6125.345266,46
LINKUSDT,1555509600000,0.4945,0.4955,0.49,0.494,23786.98,1555513199999,11746.184868,51
LINKUSDT,1555513200000,0.4944,0.4977,0.4944,0.495,28999.78,1555516799999,14404.76231,85
LINKUSDT,1555516800000,0.4957,0.4957,0.4927,0.4957,6946.77,1555520399999,3431.042822,44
LINKUSDT,1555520400000,0.4957,0.5013,0.4957,0.4998,43400.87,1555523999999,21694.213793,148
LINKUSDT,1555524000000,0.5006,0.5019,0.4959,0.5019,15732.52,1555527599999,7865.733609,71
LINKUSDT,1555527600000,0.4981,0.4996,0.4974,0.4974,4115.61,1555531199999,2050.151685,27
LINKUSDT,1555531200000,0.4979,0.5008,0.4975,0.4985,44058.69,1555534799999,21974.889552,97
LINKUSDT,1555534800000,0.4982,0.5019,0.4982,0.4997,45131.75,1555538399999,22514.650659,75
LINKUSDT,1555538400000,0.4999,0.501,0.498,0.5009,55105.7,1555541999999,27545.846832,91
LINKUSDT,1555542000000,0.5009,0.5009,0.4973,0.4998,25125.2,1555545599999,12516.20053,47
LINKUSDT,1555545600000,0.4992,0.5009,0.4974,0.4981,1209.62,1555549199999,603.391638,24
LINKUSDT,1555549200000,0.4982,0.5048,0.4974,0.5031,41078.95,1555552799999,20631.162519,169
LINKUSDT,1555552800000,0.503,0.5046,0.499,0.5031,32688.62,1555556399999,16425.302566,102
LINKUSDT,1555556400000,0.5027,0.505,0.5011,0.503,38401.1,1555559999999,19339.083351,124
LINKUSDT,1555560000000,0.5036,0.5047,0.5019,0.5038,26244.67,1555563599999,13219.061181,78
LINKUSDT,1555563600000,0.5039,0.5055,0.5023,0.5051,7962.0,1555567199999,4008.284113,58
LINKUSDT,1555567200000,0.5048,0.5153,0.5034,0.5153,168450.16,1555570799999,85841.216965,547
LINKUSDT,1555570800000,0.5153,0.5199,0.5116,0.5159,100281.85,1555574399999,51823.783115,338
LINKUSDT,1555574400000,0.5172,0.5172,0.5113,0.5115,38063.44,1555577999999,19547.170389,125
LINKUSDT,1555578000000,0.5111,0.5132,0.5094,0.5105,19080.96,1555581599999,9746.743608,77
LINKUSDT,1555581600000,0.5099,0.5114,0.5065,0.5085,22045.12,1555585199999,11218.796925,64
LINKUSDT,1555585200000,0.5084,0.5117,0.5063,0.508,11355.32,1555588799999,5784.15311,56
LINKUSDT,1555588800000,0.5096,0.5127,0.5086,0.5103,11644.45,1555592399999,5949.270438,82
LINKUSDT,1555592400000,0.5114,0.5114,0.5074,0.5092,13469.48,1555595999999,6857.746478,69
LINKUSDT,1555596000000,0.5092,0.518,0.5065,0.5162,46388.14,1555599599999,23901.944262,217
LINKUSDT,1555599600000,0.5163,0.5198,0.5148,0.5185,34502.05,1555603199999,17871.013826,121
LINKUSDT,1555603200000,0.519,0.5196,0.5149,0.5194,10605.82,1555606799999,5482.932513,48
LINKUSDT,1555606800000,0.5197,0.5201,0.5142,0.516,25234.01,1555610399999,13076.409868,104
LINKUSDT,1555610400000,0.5153,0.5198,0.5136,0.5185,11498.31,1555613999999,5943.022357,72
LINKUSDT,1555614000000,0.5198,0.5221,0.5189,0.5214,13793.53,1555617599999,7174.704058,82
LINKUSDT,1555617600000,0.5211,0.5225,0.5186,0.5204,17766.16,1555621199999,9253.412939,70
LINKUSDT,1555621200000,0.5209,0.5222,0.5188,0.5218,9461.6,1555624799999,4929.166751,66
LINKUSDT,1555624800000,0.5219,0.522,0.5192,0.5195,23539.81,1555628399999,12264.885888,70
LINKUSDT,1555628400000,0.5189,0.5226,0.5171,0.5193,23230.82,1555631999999,12074.323499,120
LINKUSDT,1555632000000,0.5187,0.5249,0.5177,0.5249,33906.38,1555635599999,17737.953755,211
LINKUSDT,1555635600000,0.5249,0.5278,0.523,0.5259,67279.25,1555639199999,35314.035361,208
LINKUSDT,1555639200000,0.5245,0.535,0.5226,0.5259,74507.17,1555642799999,39153.113321,238
LINKUSDT,1555642800000,0.5254,0.5254,0.5194,0.5224,15398.76,1555646399999,8042.026205,78
LINKUSDT,1555646400000,0.5224,0.5332,0.5224,0.5332,41052.05,1555649999999,21641.276852,253
LINKUSDT,1555650000000,0.5329,0.5329,0.5263,0.5317,24758.31,1555653599999,13083.053748,117
LINKUSDT,1555653600000,0.5323,0.539,0.5298,0.5303,66025.48,1555657199999,35376.60774,307
LINKUSDT,1555657200000,0.5303,0.5333,0.5279,0.531,30653.99,1555660799999,16287.761289,118
LINKUSDT,1555660800000,0.5298,0.5322,0.5263,0.5311,21416.91,1555664399999,11305.03295,126
LINKUSDT,1555664400000,0.5311,0.5311,0.5259,0.5296,30431.78,1555667999999,16035.484873,116
LINKUSDT,1555668000000,0.5276,0.5277,0.5238,0.5264,13965.26,1555671599999,7334.276333,78
LINKUSDT,1555671600000,0.5266,0.5301,0.5246,0.5299,14282.45,1555675199999,7554.281012,71
LINKUSDT,1555675200000,0.5289,0.5298,0.524,0.5266,19983.34,1555678799999,10539.17856,67
LINKUSDT,1555678800000,0.5266,0.5269,0.5238,0.5269,34768.8,1555682399999,18271.568525,114
LINKUSDT,1555682400000,0.5268,0.5269,0.5238,0.5266,18386.04,1555685999999,9644.464735,47
LINKUSDT,1555686000000,0.5259,0.5259,0.5199,0.5231,44240.57,1555689599999,23083.297799,164
LINKUSDT,1555689600000,0.5229,0.5267,0.5121,0.5131,119860.88,1555693199999,61973.813009,385
LINKUSDT,1555693200000,0.5135,0.52,0.5132,0.5175,15953.34,1555696799999,8246.609192,106
LINKUSDT,1555696800000,0.5189,0.5196,0.5148,0.5181,10599.59,1555700399999,5481.362671,46
LINKUSDT,1555700400000,0.5166,0.5195,0.5154,0.5195,4634.92,1555703999999,2396.178074,27
LINKUSDT,1555704000000,0.5172,0.519,0.5117,0.5144,32764.32,1555707599999,16874.154308,121
LINKUSDT,1555707600000,0.512,0.5145,0.51,0.5127,56468.85,1555711199999,28876.594971,176
LINKUSDT,1555711200000,0.5129,0.5146,0.5083,0.5116,34623.45,1555714799999,17709.300946,125
LINKUSDT,1555714800000,0.5124,0.5133,0.5095,0.5095,31122.91,1555718399999,15949.004345,49
LINKUSDT,1555718400000,0.5105,0.5137,0.5105,0.5134,19123.78,1555721999999,9813.527599,89
LINKUSDT,1555722000000,0.5132,0.5183,0.5132,0.5181,39377.09,1555725599999,20294.510285,159
LINKUSDT,1555725600000,0.5181,0.521,0.5162,0.5177,11873.06,1555729199999,6159.836289,82
LINKUSDT,1555729200000,0.5175,0.5213,0.5163,0.5204,14564.23,1555732799999,7557.504046,74
LINKUSDT,1555732800000,0.5213,0.5245,0.5186,0.5236,18855.25,1555736399999,9832.447541,88
LINKUSDT,1555736400000,0.523,0.5286,0.5221,0.5286,35267.17,1555739999999,18538.377638,182
LINKUSDT,1555740000000,0.5287,0.5287,0.5217,0.5256,16600.85,1555743599999,8705.487747,108
LINKUSDT,1555743600000,0.5255,0.5256,0.5153,0.52,97575.53,1555747199999,50530.186373,274
LINKUSDT,1555747200000,0.5198,0.5205,0.5161,0.5174,22526.1,1555750799999,11697.417314,84
LINKUSDT,1555750800000,0.5184,0.5184,0.5141,0.5173,4551.5,1555754399999,2347.145595,47
LINKUSDT,1555754400000,0.5159,0.5167,0.5112,0.512,12737.64,1555757999999,6537.000676,86
LINKUSDT,1555758000000,0.514,0.5142,0.5113,0.5114,4600.24,1555761599999,2357.442849,23
LINKUSDT,1555761600000,0.5118,0.5139,0.5072,0.5097,23901.02,1555765199999,12180.42118,130
LINKUSDT,1555765200000,0.5096,0.5108,0.5072,0.508,29371.06,1555768799999,14935.115892,79
LINKUSDT,1555768800000,0.5081,0.513,0.508,0.5101,21511.64,1555772399999,10990.325281,66
LINKUSDT,1555772400000,0.5102,0.5114,0.5101,0.5102,10973.09,1555775999999,5599.847068,22
LINKUSDT,1555776000000,0.5102,0.5119,0.5092,0.5118,10947.04,1555779599999,5593.757817,80
LINKUSDT,1555779600000,0.5118,0.5118,0.5082,0.5082,33121.87,1555783199999,16926.001631,77
LINKUSDT,1555783200000,0.5107,0.5114,0.5085,0.5096,2650.02,1555786799999,1349.564536,30
LINKUSDT,1555786800000,0.5093,0.5119,0.5093,0.5111,14620.18,1555790399999,7478.773797,40
LINKUSDT,1555790400000,0.512,0.5133,0.5091,0.5108,40456.11,1555793999999,20644.069179,119
LINKUSDT,1555794000000,0.5092,0.511,0.505,0.5079,58502.21,1555797599999,29727.202199,117
LINKUSDT,1555797600000,0.5073,0.5117,0.5073,0.5117,2387.53,1555801199999,1215.808757,21
LINKUSDT,1555801200000,0.5117,0.5128,0.5095,0.5118,1860.47,1555804799999,951.202582,25
LINKUSDT,1555804800000,0.5117,0.5139,0.5072,0.5079,13640.08,1555808399999,6938.176084,73
LINKUSDT,1555808400000,0.5075,0.5096,0.5072,0.5096,3913.01,1555811999999,1988.304305,29
LINKUSDT,1555812000000,0.5084,0.5092,0.5072,0.5072,1638.35,1555815599999,833.737056,9
LINKUSDT,1555815600000,0.5072,0.5094,0.5055,0.5062,16820.51,1555819199999,8538.710448,67
LINKUSDT,1555819200000,0.5062,0.5073,0.4999,0.5018,86053.24,1555822799999,43327.208778,291
LINKUSDT,1555822800000,0.5018,0.5018,0.4924,0.4972,81783.82,1555826399999,40572.407142,377
LINKUSDT,1555826400000,0.4969,0.4983,0.4941,0.4945,46458.23,1555829999999,23021.11328,94
LINKUSDT,1555830000000,0.4968,0.4982,0.4953,0.4953,27548.71,1555833599999,13683.687218,90
LINKUSDT,1555833600000,0.4951,0.4959,0.4835,0.4892,103310.2,1555837199999,50443.594476,356
LINKUSDT,1555837200000,0.4875,0.4894,0.48,0.4808,49758.53,1555840799999,24013.930056,197
LINKUSDT,1555840800000,0.4808,0.4845,0.4761,0.4823,56382.52,1555844399999,27037.705453,200
LINKUSDT,1555844400000,0.4847,0.4849,0.4809,0.4829,18573.31,1555847999999,8958.107686,91
LINKUSDT,1555848000000,0.4829,0.4829,0.4752,0.4789,28059.44,1555851599999,13427.529399,141
LINKUSDT,1555851600000,0.479,0.4869,0.479,0.4839,28396.84,1555855199999,13707.847752,114
LINKUSDT,1555855200000,0.4869,0.4925,0.485,0.4915,44981.78,1555858799999,22003.146783,172
LINKUSDT,1555858800000,0.4905,0.4967,0.4904,0.494,25755.62,1555862399999,12722.010803,119
LINKUSDT,1555862400000,0.4952,0.4952,0.4904,0.4915,5586.71,1555865999999,2751.902783,33
LINKUSDT,1555866000000,0.4933,0.4933,0.4851,0.4873,30507.17,1555869599999,14870.248287,105
LINKUSDT,1555869600000,0.4871,0.4894,0.4836,0.4864,1830.2,1555873199999,889.319423,30
LINKUSDT,1555873200000,0.4855,0.4873,0.4805,0.4848,31352.66,1555876799999,15158.643095,96
LINKUSDT,1555876800000,0.4869,0.4878,0.4848,0.4848,7173.43,1555880399999,3484.154174,20
LINKUSDT,1555880400000,0.4848,0.4891,0.4848,0.4865,6935.15,1555883999999,3378.732999,31
LINKUSDT,1555884000000,0.4895,0.5,0.4869,0.4925,36728.7,1555887599999,18155.899299,134
LINKUSDT,1555887600000,0.4922,0.4963,0.4891,0.4963,2448.74,1555891199999,1205.414947,53
LINKUSDT,1555891200000,0.4963,0.4996,0.4955,0.4996,2005.51,1555894799999,996.357219,48
LINKUSDT,1555894800000,0.4981,0.4981,0.4921,0.4945,9522.02,1555898399999,4694.110992,31
LINKUSDT,1555898400000,0.4934,0.4936,0.49,0.4925,3644.4,1555901999999,1788.049802,31
LINKUSDT,1555902000000,0.4901,0.4925,0.4865,0.4865,6400.59,1555905599999,3136.33035,44
LINKUSDT,1555905600000,0.4881,0.4888,0.4837,0.4872,7013.35,1555909199999,3407.935671,62
LINKUSDT,1555909200000,0.4877,0.5014,0.4877,0.5005,42093.0,1555912799999,20887.509624,293
LINKUSDT,1555912800000,0.5005,0.5123,0.4977,0.5064,115465.04,1555916399999,58374.76916,579
LINKUSDT,1555916400000,0.5059,0.5059,0.4998,0.503,10363.15,1555919999999,5211.37414,62
LINKUSDT,1555920000000,0.5024,0.5032,0.4999,0.5018,12990.69,1555923599999,6521.268271,98
LINKUSDT,1555923600000,0.5018,0.505,0.5006,0.505,20315.08,1555927199999,10222.027492,87
LINKUSDT,1555927200000,0.5045,0.515,0.5039,0.5146,28724.87,1555930799999,14658.339134,194
LINKUSDT,1555930800000,0.5146,0.517,0.5118,0.5118,27592.42,1555934399999,14201.44993,159
LINKUSDT,1555934400000,0.5134,0.5163,0.5032,0.504,34100.68,1555937999999,17404.356867,248
LINKUSDT,1555938000000,0.5059,0.5063,0.4999,0.5035,18681.73,1555941599999,9406.51041,80
LINKUSDT,1555941600000,0.5033,0.5033,0.4986,0.5006,37096.83,1555945199999,18554.772159,104
LINKUSDT,1555945200000,0.5006,0.5036,0.493,0.4961,50594.47,1555948799999,25230.514471,240
LINKUSDT,1555948800000,0.4976,0.5002,0.4936,0.4991,40947.67,1555952399999,20372.078522,159
LINKUSDT,1555952400000,0.4991,0.5038,0.4988,0.5021,34032.65,1555955999999,17068.181897,132
LINKUSDT,1555956000000,0.5009,0.5024,0.4961,0.4973,18014.8,1555959599999,8985.267197,90
LINKUSDT,1555959600000,0.4967,0.5003,0.491,0.4964,94652.71,1555963199999,46915.785641,225
LINKUSDT,1555963200000,0.4968,0.5,0.4952,0.4953,13446.91,1555966799999,6694.084411,54
LINKUSDT,1555966800000,0.4953,0.4966,0.4926,0.4933,24120.24,1555970399999,11913.172348,85
LINKUSDT,1555970400000,0.4936,0.4965,0.4934,0.4955,6158.6,1555973999999,3050.729126,38
LINKUSDT,1555974000000,0.4956,0.4967,0.493,0.4957,11352.29,1555977599999,5610.576945,48
LINKUSDT,1555977600000,0.492,0.4952,0.491,0.4952,26526.48,1555981199999,13051.998928,88
LINKUSDT,1555981200000,0.4946,0.4948,0.4915,0.494,7070.96,1555984799999,3492.873228,23
LINKUSDT,1555984800000,0.4926,0.4967,0.4926,0.4962,4788.63,1555988399999,2376.913929,30
LINKUSDT,1555988400000,0.4962,0.4965,0.4934,0.4951,13153.5,1555991999999,6518.799512,27
LINKUSDT,1555992000000,0.4926,0.4972,0.487,0.4972,102886.21,1555995599999,50542.995538,281
LINKUSDT,1555995600000,0.4943,0.504,0.4931,0.497,46201.29,1555999199999,22992.484488,129
LINKUSDT,1555999200000,0.496,0.4962,0.4896,0.4925,35286.75,1556002799999,17387.090094,149
LINKUSDT,1556002800000,0.4938,0.5038,0.491,0.4911,61438.93,1556006399999,30486.293276,178
LINKUSDT,1556006400000,0.494,0.4995,0.4914,0.4934,12698.49,1556009999999,6301.928303,63
LINKUSDT,1556010000000,0.4934,0.4958,0.4879,0.4886,19114.25,1556013599999,9388.142678,88
LINKUSDT,1556013600000,0.4888,0.4934,0.4854,0.4916,34068.24,1556017199999,16626.20048,110
LINKUSDT,1556017200000,0.4916,0.4926,0.4882,0.49,3177.18,1556020799999,1555.958884,30
LINKUSDT,1556020800000,0.49,0.4919,0.4879,0.488,26555.13,1556024399999,13017.499306,114
LINKUSDT,1556024400000,0.4899,0.4905,0.4854,0.4888,20051.64,1556027999999,9772.601274,92
LINKUSDT,1556028000000,0.4859,0.4891,0.485,0.487,25794.77,1556031599999,12545.33283,78
LINKUSDT,1556031600000,0.4869,0.4942,0.4843,0.4878,93191.09,1556035199999,45616.339566,184
LINKUSDT,1556035200000,0.489,0.504,0.489,0.4929,73334.12,1556038799999,36393.518235,374
LINKUSDT,1556038800000,0.4929,0.4977,0.4879,0.4881,21028.34,1556042399999,10356.400436,77
LINKUSDT,1556042400000,0.4921,0.4956,0.482,0.4846,30146.95,1556045999999,14608.633488,110
LINKUSDT,1556046000000,0.4846,0.4851,0.4785,0.4805,40267.52,1556049599999,19356.525407,151
LINKUSDT,1556049600000,0.4833,0.4888,0.4805,0.4883,27881.25,1556053199999,13498.962658,128
LINKUSDT,1556053200000,0.4883,0.491,0.4863,0.4863,24438.26,1556056799999,11914.671152,104
LINKUSDT,1556056800000,0.4863,0.4863,0.4761,0.4783,33385.32,1556060399999,16032.759589,94
LINKUSDT,1556060400000,0.4805,0.4826,0.4756,0.4756,16203.69,1556063999999,7768.603524,52
LINKUSDT,1556064000000,0.4756,0.4766,0.4631,0.4639,104843.87,1556067599999,49146.948238,318
LINKUSDT,1556067600000,0.4651,0.47,0.4503,0.468,102567.05,1556071199999,47140.363664,337
LINKUSDT,1556071200000,0.4677,0.4718,0.4644,0.4717,34348.57,1556074799999,16080.664823,125
LINKUSDT,1556074800000,0.4698,0.4735,0.4669,0.4694,33117.58,1556078399999,15595.950237,77
LINKUSDT,1556078400000,0.4694,0.48,0.4638,0.464,54105.12,1556081999999,25431.086684,158
LINKUSDT,1556082000000,0.4642,0.47,0.4626,0.468,23110.85,1556085599999,10733.743188,84
LINKUSDT,1556085600000,0.4688,0.4755,0.4682,0.47,9252.43,1556089199999,4372.973006,84
LINKUSDT,1556089200000,0.4686,0.4686,0.443,0.4442,212045.31,1556092799999,95825.530804,411
LINKUSDT,1556092800000,0.4442,0.4511,0.44,0.4479,160292.37,1556096399999,70953.164737,291
LINKUSDT,1556096400000,0.4479,0.4491,0.4453,0.4483,57971.49,1556099999999,25948.08531,107
LINKUSDT,1556100000000,0.4481,0.4481,0.4419,0.4451,24998.39,1556103599999,11125.601883,102
LINKUSDT,1556103600000,0.4469,0.4513,0.4432,0.4505,62511.34,1556107199999,27937.749798,124
LINKUSDT,1556107200000,0.4513,0.4658,0.4509,0.4639,80601.28,1556110799999,36709.482417,196
LINKUSDT,1556110800000,0.4636,0.4671,0.456,0.4569,62168.2,1556114399999,28899.524308,101
LINKUSDT,1556114400000,0.4561,0.4645,0.4555,0.4645,23142.37,1556117999999,10666.355338,51
LINKUSDT,1556118000000,0.4645,0.4742,0.4621,0.473,17812.83,1556121599999,8386.065542,116
LINKUSDT,1556121600000,0.473,0.477,0.4582,0.4614,34403.71,1556125199999,15992.39654,116
LINKUSDT,1556125200000,0.4609,0.4609,0.4539,0.459,21980.43,1556128799999,10034.64332,78
LINKUSDT,1556128800000,0.4553,0.4564,0.4466,0.4491,33645.25,1556132399999,15126.530703,129
LINKUSDT,1556132400000,0.4489,0.4582,0.4489,0.4575,34186.5,1556135999999,15549.214899,113
LINKUSDT,1556136000000,0.4582,0.4599,0.456,0.4598,11733.49,1556139599999,5384.654253,40
LINKUSDT,1556139600000,0.4598,0.48,0.4576,0.4692,48687.07,1556143199999,22590.447119,137
LINKUSDT,1556143200000,0.4681,0.4775,0.468,0.4759,6247.65,1556146799999,2949.589185,41
LINKUSDT,1556146800000,0.4757,0.48,0.4674,0.475,87394.5,1556150399999,41453.942334,268
LINKUSDT,1556150400000,0.4745,0.485,0.4745,0.485,38959.96,1556153999999,18779.625652,148
LINKUSDT,1556154000000,0.4861,0.4958,0.478,0.4789,99302.92,1556157599999,47980.240959,344
LINKUSDT,1556157600000,0.479,0.4849,0.477,0.477,33444.89,1556161199999,16006.39655,85
LINKUSDT,1556161200000,0.4759,0.48,0.4734,0.48,26195.3,1556164799999,12490.092368,96
LINKUSDT,1556164800000,0.48,0.4849,0.4798,0.4798,14695.2,1556168399999,7086.952313,67
LINKUSDT,1556168400000,0.4798,0.4809,0.4728,0.4749,33996.23,1556171999999,16165.908313,132
LINKUSDT,1556172000000,0.4749,0.4752,0.4602,0.4605,42999.94,1556175599999,20042.770826,171
LINKUSDT,1556175600000,0.462,0.4656,0.454,0.463,43796.8,1556179199999,20100.585418,180
LINKUSDT,1556179200000,0.463,0.4659,0.4571,0.4637,27247.4,1556182799999,12560.810699,73
LINKUSDT,1556182800000,0.4652,0.4655,0.4593,0.4643,17340.92,1556186399999,8020.014499,67
LINKUSDT,1556186400000,0.4666,0.4733,0.4659,0.4717,25345.61,1556189999999,11929.896777,114
LINKUSDT,1556190000000,0.472,0.4885,0.4691,0.4814,41803.99,1556193599999,19939.331853,145
LINKUSDT,1556193600000,0.4852,0.4894,0.4784,0.4826,52922.29,1556197199999,25581.353058,167
LINKUSDT,1556197200000,0.4824,0.491,0.4786,0.4855,71220.17,1556200799999,34756.278061,186
LINKUSDT,1556200800000,0.4851,0.4851,0.4804,0.4827,35892.71,1556204399999,17372.993744,89
LINKUSDT,1556204400000,0.4827,0.489,0.4827,0.4875,29184.28,1556207999999,14184.968889,97
LINKUSDT,1556208000000,0.4875,0.4996,0.4875,0.4983,62452.26,1556211599999,30864.858249,211
LINKUSDT,1556211600000,0.4996,0.4997,0.4804,0.4835,70322.8,1556215199999,34522.827351,225
LINKUSDT,1556215200000,0.4822,0.4865,0.4808,0.4842,18421.35,1556218799999,8924.474108,93
LINKUSDT,1556218800000,0.4842,0.4869,0.4839,0.4853,19471.61,1556222399999,9446.020019,57
LINKUSDT,1556222400000,0.4829,0.4863,0.4827,0.4863,9348.33,1556225999999,4524.703353,37
LINKUSDT,1556226000000,0.4863,0.4899,0.4775,0.478,59334.18,1556229599999,28796.990315,131
LINKUSDT,1556229600000,0.4771,0.4771,0.435,0.446,368488.81,1556233199999,165847.460078,965
LINKUSDT,1556233200000,0.4492,0.4516,0.4408,0.4503,47760.62,1556236799999,21234.332927,185
LINKUSDT,1556236800000,0.4499,0.4499,0.4303,0.4431,103659.38,1556240399999,45347.753332,276
LINKUSDT,1556240400000,0.4452,0.4485,0.4425,0.4457,32023.41,1556243999999,14221.429409,87
LINKUSDT,1556244000000,0.4458,0.4699,0.4457,0.4574,34509.02,1556247599999,15846.63419,184
LINKUSDT,1556247600000,0.4599,0.4599,0.4501,0.4559,24541.63,1556251199999,11154.635348,76
LINKUSDT,1556251200000,0.4556,0.4592,0.4503,0.4534,19130.47,1556254799999,8719.105998,78
LINKUSDT,1556254800000,0.4531,0.4565,0.449,0.451,17474.07,1556258399999,7888.471265,65
LINKUSDT,1556258400000,0.451,0.451,0.4438,0.4456,28747.64,1556261999999,12862.938151,81
LINKUSDT,1556262000000,0.4502,0.4507,0.4452,0.4504,1982.74,1556265599999,888.214697,26
LINKUSDT,1556265600000,0.4492,0.4502,0.4407,0.447,80424.61,1556269199999,35806.50192,147
LINKUSDT,1556269200000,0.4441,0.4494,0.44,0.4446,46564.72,1556272799999,20702.405891,107
LINKUSDT,1556272800000,0.4424,0.4515,0.4424,0.4445,12019.06,1556276399999,5365.82623,59
LINKUSDT,1556276400000,0.4447,0.4484,0.4407,0.4467,29307.1,1556279999999,13014.844544,66
LINKUSDT,1556280000000,0.4471,0.4483,0.4421,0.4483,11986.59,1556283599999,5324.928189,36
LINKUSDT,1556283600000,0.4448,0.4497,0.4447,0.4462,24217.07,1556287199999,10822.088909,66
LINKUSDT,1556287200000,0.445,0.4497,0.4419,0.4458,17261.32,1556290799999,7657.539436,70
LINKUSDT,1556290800000,0.4445,0.4449,0.4388,0.4401,39988.81,1556294399999,17706.676689,70
LINKUSDT,1556294400000,0.4382,0.439,0.4264,0.4366,135259.76,1556297999999,58387.137676,218
LINKUSDT,1556298000000,0.4346,0.4464,0.4346,0.4434,25847.62,1556301599999,11387.145963,120
LINKUSDT,1556301600000,0.4446,0.4454,0.437,0.4371,14920.86,1556305199999,6576.805062,27
LINKUSDT,1556305200000,0.4348,0.4432,0.4283,0.4326,65822.1,1556308799999,28482.03518,139
LINKUSDT,1556308800000,0.4371,0.4435,0.4361,0.4392,15908.6,1556312399999,7002.446158,32
LINKUSDT,1556312400000,0.4392,0.44,0.436,0.44,10574.91,1556315999999,4647.754881,30
LINKUSDT,1556316000000,0.44,0.4432,0.4385,0.4415,87716.66,1556319599999,38685.312958,108
LINKUSDT,1556319600000,0.4379,0.4427,0.4358,0.4416,2055.78,1556323199999,904.366603,28
LINKUSDT,1556323200000,0.4437,0.4496,0.4378,0.4409,21747.97,1556326799999,9577.774158,58
LINKUSDT,1556326800000,0.4385,0.4403,0.4376,0.4403,1188.58,1556330399999,522.517475,25
LINKUSDT,1556330400000,0.4398,0.4468,0.4357,0.4458,9561.29,1556333999999,4219.294631,91
LINKUSDT,1556334000000,0.4457,0.4483,0.4394,0.4467,12080.07,1556337599999,5378.267949,73
LINKUSDT,1556337600000,0.4467,0.4467,0.4439,0.4439,770.7,1556341199999,343.431306,9
LINKUSDT,1556341200000,0.4439,0.447,0.4426,0.4468,765.04,1556344799999,339.526858,14
LINKUSDT,1556344800000,0.4446,0.4471,0.4414,0.4445,354.64,1556348399999,157.461654,10
LINKUSDT,1556348400000,0.4445,0.4681,0.4445,0.4532,26951.39,1556351999999,12219.796519,139
LINKUSDT,1556352000000,0.4532,0.4591,0.4513,0.4513,18492.41,1556355599999,8409.442976,93
LINKUSDT,1556355600000,0.4513,0.4554,0.446,0.4513,61926.05,1556359199999,27907.728379,107
LINKUSDT,1556359200000,0.4505,0.454,0.4505,0.454,1070.62,1556362799999,483.941859,19
LINKUSDT,1556362800000,0.455,0.4572,0.453,0.453,3486.89,1556366399999,1583.438056,30
LINKUSDT,1556366400000,0.453,0.4533,0.4487,0.4493,30511.05,1556369999999,13768.359899,34
LINKUSDT,1556370000000,0.4496,0.4533,0.4496,0.4532,1936.72,1556373599999,875.988359,14
LINKUSDT,1556373600000,0.455,0.4698,0.455,0.4558,14210.15,1556377199999,6521.392853,90
LINKUSDT,1556377200000,0.4581,0.4593,0.4566,0.4587,16938.76,1556380799999,7763.019297,75
LINKUSDT,1556380800000,0.4569,0.4605,0.4569,0.46,22085.53,1556384399999,10132.969536,44
LINKUSDT,1556384400000,0.4591,0.4626,0.4589,0.46,19977.0,1556387999999,9216.236682,39
LINKUSDT,1556388000000,0.4626,0.4626,0.4565,0.4589,782.63,1556391599999,360.622818,14
LINKUSDT,1556391600000,0.4586,0.46,0.453,0.4566,22036.26,1556395199999,10030.961362,80
LINKUSDT,1556395200000,0.456,0.458,0.4538,0.4549,14056.75,1556398799999,6403.674152,49
LINKUSDT,1556398800000,0.4559,0.4572,0.4508,0.4508,9689.22,1556402399999,4401.06878,38
LINKUSDT,1556402400000,0.452,0.4534,0.4482,0.4495,7361.52,1556405999999,3313.773643,49
LINKUSDT,1556406000000,0.4495,0.4511,0.4419,0.443,12486.43,1556409599999,5563.902962,110
LINKUSDT,1556409600000,0.4448,0.4509,0.4444,0.4475,8227.27,1556413199999,3678.013336,80
LINKUSDT,1556413200000,0.4472,0.4492,0.447,0.4492,1314.65,1556416799999,588.806749,5
LINKUSDT,1556416800000,0.4472,0.4472,0.4403,0.4452,22071.91,1556420399999,9796.093468,63
LINKUSDT,1556420400000,0.4438,0.4522,0.4438,0.451,13677.35,1556423999999,6154.026474,69
LINKUSDT,1556424000000,0.451,0.4544,0.4471,0.4522,24536.95,1556427599999,11079.340385,52
LINKUSDT,1556427600000,0.4548,0.4549,0.4518,0.4549,713.86,1556431199999,323.508636,10
LINKUSDT,1556431200000,0.4528,0.4572,0.4524,0.457,10854.43,1556434799999,4932.991145,77
LINKUSDT,1556434800000,0.457,0.4571,0.4537,0.4538,1184.39,1556438399999,538.514677,16
LINKUSDT,1556438400000,0.4571,0.4571,0.4531,0.4549,1854.64,1556441999999,843.78684,19
LINKUSDT,1556442000000,0.4566,0.4567,0.4546,0.4548,1857.88,1556445599999,848.274507,13
LINKUSDT,1556445600000,0.4548,0.4548,0.45,0.4544,30686.53,1556449199999,13929.046802,88
LINKUSDT,1556449200000,0.4543,0.4543,0.4493,0.4516,17558.1,1556452799999,7948.345885,73
LINKUSDT,1556452800000,0.4516,0.4544,0.4514,0.4544,20399.54,1556456399999,9214.541719,50
LINKUSDT,1556456400000,0.4545,0.4545,0.4497,0.4497,68694.6,1556459999999,30938.093814,116
LINKUSDT,1556460000000,0.4497,0.4533,0.4497,0.451,27838.24,1556463599999,12533.021598,84
LINKUSDT,1556463600000,0.451,0.4545,0.4498,0.4534,11545.78,1556467199999,5211.522746,73
LINKUSDT,1556467200000,0.4523,0.46,0.4523,0.4593,31782.52,1556470799999,14570.000865,105
LINKUSDT,1556470800000,0.4559,0.4599,0.455,0.455,62092.03,1556474399999,28485.350445,128
LINKUSDT,1556474400000,0.4544,0.4563,0.4506,0.4537,8365.2,1556477999999,3781.137057,35
LINKUSDT,1556478000000,0.4504,0.4535,0.4482,0.4515,2522.65,1556481599999,1136.644178,30
LINKUSDT,1556481600000,0.4508,0.4537,0.4496,0.4502,2552.01,1556485199999,1153.343198,23
LINKUSDT,1556485200000,0.4502,0.4528,0.4444,0.4444,22292.85,1556488799999,9979.188551,69
LINKUSDT,1556488800000,0.447,0.4519,0.4444,0.4519,24244.7,1556492399999,10793.681799,89
LINKUSDT,1556492400000,0.4517,0.4534,0.451,0.451,12485.84,1556495999999,5651.629226,39
LINKUSDT,1556496000000,0.451,0.4539,0.4487,0.4538,9499.22,1556499599999,4290.346916,56
LINKUSDT,1556499600000,0.4517,0.4517,0.4481,0.4507,4039.73,1556503199999,1814.837996,27
LINKUSDT,1556503200000,0.4483,0.4514,0.4483,0.4514,5141.33,1556506799999,2308.522454,8
LINKUSDT,1556506800000,0.4514,0.4536,0.4491,0.4515,9810.89,1556510399999,4434.941668,24
LINKUSDT,1556510400000,0.4524,0.4524,0.4519,0.4519,7.75,1556513999999,3.504045,2
LINKUSDT,1556514000000,0.4523,0.4523,0.448,0.452,4595.39,1556517599999,2066.064741,12
LINKUSDT,1556517600000,0.4505,0.4525,0.4505,0.4525,1599.18,1556521199999,720.848578,14
LINKUSDT,1556521200000,0.4525,0.4525,0.4483,0.4524,2326.4,1556524799999,1044.190992,12
LINKUSDT,1556524800000,0.452,0.452,0.4517,0.4517,7.88,1556528399999,3.560578,2
LINKUSDT,1556528400000,0.4484,0.4522,0.4484,0.4487,1406.2,1556531999999,632.876782,13
LINKUSDT,1556532000000,0.4488,0.4523,0.4447,0.4523,14776.01,1556535599999,6614.817827,49
LINKUSDT,1556535600000,0.4493,0.4546,0.4471,0.4501,26922.69,1556539199999,12137.601634,77
LINKUSDT,1556539200000,0.4483,0.452,0.4386,0.4469,43410.94,1556542799999,19193.578623,105
LINKUSDT,1556542800000,0.4431,0.4442,0.431,0.4362,52909.54,1556546399999,23089.078298,201
LINKUSDT,1556546400000,0.4377,0.4454,0.4348,0.4416,49484.35,1556549999999,21629.710615,188
LINKUSDT,1556550000000,0.4393,0.4442,0.4388,0.4394,18508.66,1556553599999,8186.465834,67
LINKUSDT,1556553600000,0.4417,0.4417,0.4355,0.4371,41364.86,1556557199999,18096.851219,85
LINKUSDT,1556557200000,0.4379,0.443,0.4369,0.4369,4204.57,1556560799999,1846.235016,24
LINKUSDT,1556560800000,0.4365,0.4388,0.4345,0.4368,16889.42,1556564399999,7377.732656,36
LINKUSDT,1556564400000,0.4373,0.4391,0.433,0.4339,30892.51,1556567999999,13458.947896,101
LINKUSDT,1556568000000,0.4351,0.4351,0.4248,0.4257,36255.53,1556571599999,15518.937321,97
LINKUSDT,1556571600000,0.427,0.4291,0.424,0.4243,8501.13,1556575199999,3623.247415,41
LINKUSDT,1556575200000,0.4296,0.4297,0.4265,0.4265,1721.03,1556578799999,738.909693,12
LINKUSDT,1556578800000,0.4265,0.4338,0.4265,0.4338,10669.12,1556582399999,4597.922812,44
LINKUSDT,1556582400000,0.4334,0.4338,0.432,0.4321,3716.29,1556585999999,1609.690399,11
LINKUSDT,1556586000000,0.4343,0.4408,0.4321,0.44,33462.59,1556589599999,14660.828637,96
LINKUSDT,1556589600000,0.4372,0.4437,0.4372,0.4437,11507.64,1556593199999,5072.261785,57
LINKUSDT,1556593200000,0.4437,0.446,0.4377,0.439,4139.44,1556596799999,1834.294588,48
LINKUSDT,1556596800000,0.439,0.4403,0.4349,0.4349,1014.32,1556600399999,443.551018,15
LINKUSDT,1556600400000,0.4375,0.4418,0.4371,0.4371,2226.79,1556603999999,977.195222,16
LINKUSDT,1556604000000,0.4393,0.4445,0.4366,0.4427,13075.07,1556607599999,5774.889212,80
LINKUSDT,1556607600000,0.4426,0.4435,0.4415,0.442,619.81,1556611199999,274.199898,16
LINKUSDT,1556611200000,0.4411,0.4565,0.4411,0.4565,45090.36,1556614799999,20295.035128,174
LINKUSDT,1556614800000,0.4559,0.4625,0.4485,0.4526,87126.52,1556618399999,39700.074548,365
LINKUSDT,1556618400000,0.4533,0.4608,0.4521,0.456,26118.4,1556621999999,11963.936,106
LINKUSDT,1556622000000,0.4559,0.4711,0.4559,0.4664,55839.33,1556625599999,26002.469724,195
LINKUSDT,1556625600000,0.465,0.4699,0.4638,0.468,25703.08,1556629199999,11980.651717,61
LINKUSDT,1556629200000,0.4677,0.4733,0.462,0.4703,58790.35,1556632799999,27447.802117,197
LINKUSDT,1556632800000,0.4704,0.4767,0.4673,0.4738,52689.88,1556636399999,24818.454075,115
LINKUSDT,1556636400000,0.4734,0.4734,0.4647,0.4681,8243.12,1556639999999,3846.192341,60
LINKUSDT,1556640000000,0.4651,0.4662,0.4611,0.4645,9687.17,1556643599999,4486.009914,47
LINKUSDT,1556643600000,0.4624,0.4674,0.4598,0.4627,23982.04,1556647199999,11085.681591,89
LINKUSDT,1556647200000,0.4627,0.4644,0.4621,0.4637,14004.93,1556650799999,6482.23256,36
LINKUSDT,1556650800000,0.465,0.4667,0.4625,0.4667,11136.91,1556654399999,5167.567121,49
LINKUSDT,1556654400000,0.4651,0.469,0.464,0.4665,17206.64,1556657999999,8043.522925,51
LINKUSDT,1556658000000,0.4665,0.4686,0.4647,0.468,4222.62,1556661599999,1970.149736,28
LINKUSDT,1556661600000,0.4682,0.4771,0.4642,0.4733,63399.37,1556665199999,29889.191434,109
LINKUSDT,1556665200000,0.4711,0.4742,0.4659,0.4727,37146.13,1556668799999,17495.335272,115
LINKUSDT,1556668800000,0.475,0.4773,0.4711,0.4736,16251.57,1556672399999,7699.390232,103
LINKUSDT,1556672400000,0.4746,0.475,0.4708,0.4735,11420.2,1556675999999,5392.898991,39
LINKUSDT,1556676000000,0.4728,0.4752,0.4708,0.4722,622.62,1556679599999,294.380904,16
LINKUSDT,1556679600000,0.4723,0.4767,0.4709,0.4764,22940.79,1556683199999,10847.496482,100
LINKUSDT,1556683200000,0.4764,0.4764,0.4716,0.4723,5322.06,1556686799999,2529.639599,18
LINKUSDT,1556686800000,0.4714,0.4826,0.4714,0.4825,16198.61,1556690399999,7699.0596,89
LINKUSDT,1556690400000,0.4828,0.4876,0.4795,0.4842,31133.37,1556693999999,15100.194225,177
LINKUSDT,1556694000000,0.4841,0.4868,0.4794,0.4795,4351.85,1556697599999,2099.159027,41
LINKUSDT,1556697600000,0.4799,0.481,0.4767,0.4772,5560.04,1556701199999,2661.434683,40
LINKUSDT,1556701200000,0.4782,0.4795,0.4757,0.4759,17719.57,1556704799999,8454.031523,61
LINKUSDT,1556704800000,0.4769,0.4784,0.475,0.4783,7518.86,1556708399999,3587.63472,46
LINKUSDT,1556708400000,0.478,0.479,0.4771,0.4771,4501.79,1556711999999,2152.590985,24
LINKUSDT,1556712000000,0.477,0.477,0.4638,0.4693,63766.41,1556715599999,30008.625545,156
LINKUSDT,1556715600000,0.4701,0.4701,0.4642,0.4678,6286.9,1556719199999,2936.371317,41
LINKUSDT,1556719200000,0.4684,0.4698,0.4667,0.4671,4831.36,1556722799999,2261.579592,27
LINKUSDT,1556722800000,0.4675,0.4742,0.4671,0.4719,18786.43,1556726399999,8871.56953,112
LINKUSDT,1556726400000,0.4739,0.475,0.4719,0.4739,38115.11,1556729999999,18063.786244,84
LINKUSDT,1556730000000,0.475,0.4806,0.4722,0.4774,45715.77,1556733599999,21741.954217,155
LINKUSDT,1556733600000,0.4752,0.4752,0.4693,0.4714,8260.66,1556737199999,3902.964357,42
LINKUSDT,1556737200000,0.4721,0.4742,0.4678,0.4703,36419.14,1556740799999,17123.576086,94
LINKUSDT,1556740800000,0.4697,0.4749,0.4681,0.4741,3153.95,1556744399999,1490.705334,40
LINKUSDT,1556744400000,0.473,0.4749,0.4687,0.4749,7525.91,1556747999999,3562.148563,50
LINKUSDT,1556748000000,0.4727,0.4757,0.4712,0.4757,1244.53,1556751599999,589.10354,23
LINKUSDT,1556751600000,0.4757,0.4798,0.473,0.473,19829.43,1556755199999,9453.800101,42
LINKUSDT,1556755200000,0.4745,0.4752,0.47,0.47,1670.97,1556758799999,788.77929,24
LINKUSDT,1556758800000,0.4717,0.4717,0.466,0.4685,6132.39,1556762399999,2867.389322,44
LINKUSDT,1556762400000,0.4687,0.4735,0.468,0.4733,992.08,1556765999999,466.826757,21
LINKUSDT,1556766000000,0.4723,0.4752,0.4718,0.4752,9074.47,1556769599999,4300.607273,31
LINKUSDT,1556769600000,0.4733,0.4756,0.4733,0.4756,148.47,1556773199999,70.492191,3
LINKUSDT,1556773200000,0.4756,0.4756,0.4756,0.4756,0.0,1556776799999,0.0,0
LINKUSDT,1556776800000,0.4755,0.4757,0.47,0.47,1533.51,1556780399999,723.789258,23
LINKUSDT,1556780400000,0.4739,0.4756,0.47,0.4721,1393.48,1556783999999,659.2219,24
LINKUSDT,1556784000000,0.4721,0.4734,0.4658,0.4659,6247.58,1556787599999,2936.436913,64
LINKUSDT,1556787600000,0.4725,0.4725,0.4644,0.4644,21359.59,1556791199999,9974.902699,80
LINKUSDT,1556791200000,0.4661,0.4725,0.4661,0.4718,11839.39,1556794799999,5532.510003,68
LINKUSDT,1556794800000,0.4718,0.4723,0.468,0.4711,11134.05,1556798399999,5234.139781,58
LINKUSDT,1556798400000,0.4727,0.4732,0.4689,0.4689,2015.27,1556801999999,947.492479,22
LINKUSDT,1556802000000,0.4689,0.4716,0.4663,0.4683,6942.07,1556805599999,3253.161806,57
LINKUSDT,1556805600000,0.4683,0.4689,0.4615,0.4656,12289.42,1556809199999,5717.487565,101
LINKUSDT,1556809200000,0.4677,0.469,0.4656,0.466,35913.78,1556812799999,16753.607475,44
LINKUSDT,1556812800000,0.4664,0.47,0.4639,0.4665,14491.54,1556816399999,6765.391873,83
LINKUSDT,1556816400000,0.4665,0.4699,0.4661,0.4687,2390.73,1556819999999,1116.310177,29
LINKUSDT,1556820000000,0.4681,0.4683,0.466,0.466,503.5,1556823599999,234.893485,12
LINKUSDT,1556823600000,0.466,0.4683,0.4635,0.4635,7496.25,1556827199999,3491.792676,45
LINKUSDT,1556827200000,0.4635,0.466,0.463,0.4631,14570.16,1556830799999,6759.967989,58
LINKUSDT,1556830800000,0.4632,0.4664,0.4632,0.4633,8400.9,1556834399999,3894.422169,43
LINKUSDT,1556834400000,0.4645,0.4649,0.46,0.4636,44687.66,1556837999999,20653.369516,74
LINKUSDT,1556838000000,0.4635,0.4649,0.463,0.463,7043.14,1556841599999,3268.506807,38
LINKUSDT,1556841600000,0.4643,0.4655,0.4607,0.4648,5579.98,1556845199999,2582.102881,57
LINKUSDT,1556845200000,0.4648,0.4699,0.4632,0.4699,11060.85,1556848799999,5156.016146,59
LINKUSDT,1556848800000,0.4699,0.4715,0.468,0.469,13576.21,1556852399999,6376.927296,63
LINKUSDT,1556852400000,0.469,0.477,0.4676,0.4739,33952.91,1556855999999,16034.128557,134
LINKUSDT,1556856000000,0.4702,0.4857,0.4702,0.4844,57458.15,1556859599999,27683.008096,242
LINKUSDT,1556859600000,0.483,0.4876,0.483,0.4841,22649.87,1556863199999,10999.0901,92
LINKUSDT,1556863200000,0.4856,0.4913,0.4839,0.489,33705.48,1556866799999,16491.356727,182
LINKUSDT,1556866800000,0.4895,0.4966,0.4813,0.4831,84295.4,1556870399999,41542.098985,296
LINKUSDT,1556870400000,0.4832,0.4847,0.4674,0.475,103623.18,1556873999999,49342.842878,375
LINKUSDT,1556874000000,0.476,0.4899,0.4717,0.4874,53749.19,1556877599999,25891.116067,210
LINKUSDT,1556877600000,0.4871,0.4877,0.4783,0.4788,22583.08,1556881199999,10898.802506,88
LINKUSDT,1556881200000,0.4794,0.4882,0.4785,0.4882,11782.66,1556884799999,5660.634152,57
LINKUSDT,1556884800000,0.4883,0.4912,0.4846,0.4853,25031.85,1556888399999,12226.651273,126
LINKUSDT,1556888400000,0.4857,0.4922,0.4857,0.491,11462.24,1556891999999,5604.990818,61
LINKUSDT,1556892000000,0.4889,0.4982,0.4887,0.493,64872.54,1556895599999,32046.59291,269
LINKUSDT,1556895600000,0.4947,0.4986,0.4901,0.4941,15202.33,1556899199999,7491.176131,57
LINKUSDT,1556899200000,0.4932,0.4941,0.4899,0.4916,10569.35,1556902799999,5191.374845,46
LINKUSDT,1556902800000,0.4926,0.4926,0.4864,0.49,17141.71,1556906399999,8390.118758,59
LINKUSDT,1556906400000,0.49,0.4975,0.489,0.4971,23095.5,1556909999999,11412.275893,98
LINKUSDT,1556910000000,0.4961,0.5073,0.4935,0.5015,61018.31,1556913599999,30544.210584,215
LINKUSDT,1556913600000,0.5004,0.5066,0.5004,0.5052,70748.15,1556917199999,35699.527135,176
LINKUSDT,1556917200000,0.5049,0.5097,0.5001,0.5097,38079.13,1556920799999,19233.190271,172
LINKUSDT,1556920800000,0.5097,0.5223,0.5036,0.5136,181018.45,1556924399999,92687.896177,650
LINKUSDT,1556924400000,0.513,0.5143,0.5078,0.511,44977.26,1556927999999,23069.547017,107
LINKUSDT,1556928000000,0.5118,0.5138,0.5086,0.5137,30291.26,1556931599999,15545.077272,117
LINKUSDT,1556931600000,0.5135,0.515,0.5101,0.5129,36941.03,1556935199999,18965.411805,89
LINKUSDT,1556935200000,0.5129,0.5151,0.5039,0.5065,15897.03,1556938799999,8077.928271,153
LINKUSDT,1556938800000,0.5073,0.5125,0.5071,0.5125,18303.8,1556942399999,9365.41575,64
LINKUSDT,1556942400000,0.5125,0.5137,0.5035,0.5085,84913.51,1556945999999,42991.142138,150
LINKUSDT,1556946000000,0.5077,0.5096,0.5018,0.5018,15768.8,1556949599999,7969.90481,83
LINKUSDT,1556949600000,0.5018,0.5026,0.4925,0.5017,24103.65,1556953199999,11976.488118,193
LINKUSDT,1556953200000,0.5028,0.5095,0.4997,0.5094,8378.3,1556956799999,4244.48832,82
LINKUSDT,1556956800000,0.505,0.5084,0.5043,0.5082,8438.21,1556960399999,4272.274613,68
LINKUSDT,1556960400000,0.5079,0.5079,0.5002,0.5002,14565.8,1556963999999,7321.213249,99
LINKUSDT,1556964000000,0.5,0.5,0.492,0.4928,43543.81,1556967599999,21513.641865,143
LINKUSDT,1556967600000,0.4959,0.4988,0.4917,0.4961,2437.22,1556971199999,1206.07223,32
LINKUSDT,1556971200000,0.4942,0.4965,0.491,0.4965,10243.39,1556974799999,5063.873012,79
LINKUSDT,1556974800000,0.4963,0.5052,0.479,0.4834,110412.57,1556978399999,53842.440689,323
LINKUSDT,1556978400000,0.4834,0.4899,0.4783,0.4896,71205.83,1556981999999,34411.678568,234
LINKUSDT,1556982000000,0.49,0.49,0.4831,0.4851,13566.39,1556985599999,6600.076595,119
LINKUSDT,1556985600000,0.4874,0.4933,0.485,0.4892,22041.37,1556989199999,10773.511205,137
LINKUSDT,1556989200000,0.49,0.494,0.4877,0.493,12930.04,1556992799999,6351.778848,76
LINKUSDT,1556992800000,0.49,0.499,0.4883,0.4928,14313.01,1556996399999,7039.14507,97
LINKUSDT,1556996400000,0.495,0.4963,0.4913,0.4955,2374.95,1556999999999,1171.178804,23
LINKUSDT,1557000000000,0.4955,0.5027,0.4938,0.5026,10407.09,1557003599999,5191.741077,121
LINKUSDT,1557003600000,0.5025,0.5084,0.4973,0.5014,31107.62,1557007199999,15635.768382,169
LINKUSDT,1557007200000,0.4981,0.5039,0.4935,0.5,29818.87,1557010799999,14806.133335,134
LINKUSDT,1557010800000,0.5,0.5,0.4932,0.4964,8980.51,1557014399999,4475.12381,152
LINKUSDT,1557014400000,0.4964,0.4965,0.4902,0.4952,3122.21,1557017999999,1537.125835,32
LINKUSDT,1557018000000,0.4951,0.5,0.4939,0.4939,12869.62,1557021599999,6378.906911,52
LINKUSDT,1557021600000,0.4962,0.5035,0.4924,0.5,21663.34,1557025199999,10843.301134,117
LINKUSDT,1557025200000,0.501,0.5042,0.501,0.5042,1405.74,1557028799999,705.292282,25
LINKUSDT,1557028800000,0.5026,0.5043,0.5001,0.5028,1561.16,1557032399999,785.602209,37
LINKUSDT,1557032400000,0.5027,0.5053,0.5,0.5048,8030.05,1557035999999,4034.284378,68
LINKUSDT,1557036000000,0.5056,0.5238,0.5043,0.517,177042.31,1557039599999,91757.455303,592
LINKUSDT,1557039600000,0.5178,0.5186,0.5046,0.5082,30555.29,1557043199999,15527.368298,110
LINKUSDT,1557043200000,0.5047,0.5091,0.5029,0.5091,14158.14,1557046799999,7168.91485,67
LINKUSDT,1557046800000,0.5091,0.52,0.509,0.5122,21593.01,1557050399999,11113.190467,141
LINKUSDT,1557050400000,0.5152,0.5152,0.5094,0.5147,15049.09,1557053999999,7720.843689,74
LINKUSDT,1557054000000,0.5147,0.52,0.5147,0.5185,40886.1,1557057599999,21229.56921,145
LINKUSDT,1557057600000,0.5185,0.5185,0.5133,0.5182,8661.78,1557061199999,4467.531105,68
LINKUSDT,1557061200000,0.5182,0.5199,0.5124,0.5128,12644.72,1557064799999,6539.148692,76
LINKUSDT,1557064800000,0.5143,0.5162,0.5118,0.5136,7918.32,1557068399999,4066.207468,81
LINKUSDT,1557068400000,0.515,0.5165,0.5095,0.5132,9512.17,1557071999999,4885.45516,80
LINKUSDT,1557072000000,0.5098,0.5203,0.5095,0.519,41919.89,1557075599999,21675.806409,134
LINKUSDT,1557075600000,0.519,0.5198,0.5063,0.5071,89851.61,1557079199999,45975.98156,286
LINKUSDT,1557079200000,0.5081,0.509,0.502,0.5073,60307.94,1557082799999,30483.164996,191
LINKUSDT,1557082800000,0.5091,0.5095,0.504,0.5068,18213.86,1557086399999,9256.325185,66
LINKUSDT,1557086400000,0.5069,0.5118,0.5037,0.5095,27682.98,1557089999999,14074.652333,90
LINKUSDT,1557090000000,0.5073,0.5095,0.5035,0.5078,9712.41,1557093599999,4908.06069,47
LINKUSDT,1557093600000,0.509,0.5109,0.5043,0.5043,3800.68,1557097199999,1935.147037,38
LINKUSDT,1557097200000,0.509,0.5094,0.5043,0.5058,3611.9,1557100799999,1826.053203,26
LINKUSDT,1557100800000,0.5058,0.5099,0.4962,0.4991,55049.64,1557104399999,27634.147317,129
LINKUSDT,1557104400000,0.4969,0.5018,0.4901,0.4993,29695.37,1557107999999,14726.696764,178
LINKUSDT,1557108000000,0.4965,0.5081,0.4959,0.5034,6119.41,1557111599999,3082.372454,61
LINKUSDT,1557111600000,0.5034,0.5075,0.5017,0.5075,10617.01,1557115199999,5365.425148,38
LINKUSDT,1557115200000,0.5095,0.5123,0.5044,0.5083,41062.11,1557118799999,20869.062137,167
LINKUSDT,1557118800000,0.5104,0.5112,0.508,0.5098,10291.79,1557122399999,5249.575884,65
LINKUSDT,1557122400000,0.5098,0.5112,0.5034,0.5056,15809.83,1557125999999,8036.591733,66
LINKUSDT,1557126000000,0.5065,0.512,0.5046,0.5082,9242.56,1557129599999,4717.69745,49
LINKUSDT,1557129600000,0.5087,0.5233,0.505,0.5168,39243.07,1557133199999,20320.528403,264
LINKUSDT,1557133200000,0.518,0.5246,0.5137,0.5209,38251.87,1557136799999,19910.54543,173
LINKUSDT,1557136800000,0.5212,0.525,0.5167,0.5211,25241.87,1557140399999,13152.244191,128
LINKUSDT,1557140400000,0.5206,0.5349,0.5206,0.5281,42957.34,1557143999999,22713.197971,248
LINKUSDT,1557144000000,0.5299,0.5406,0.526,0.5366,119707.31,1557147599999,63984.737249,386
LINKUSDT,1557147600000,0.5334,0.5422,0.5261,0.5351,61880.29,1557151199999,33063.262831,321
LINKUSDT,1557151200000,0.5381,0.5539,0.5381,0.5461,173186.35,1557154799999,94887.568657,514
LINKUSDT,1557154800000,0.5435,0.5537,0.5377,0.5472,165495.14,1557158399999,91059.960136,465
LINKUSDT,1557158400000,0.5472,0.5589,0.5399,0.5503,223494.99,1557161999999,123539.609456,505
LINKUSDT,1557162000000,0.5536,0.5558,0.5485,0.5525,62050.09,1557165599999,34286.529467,189
LINKUSDT,1557165600000,0.5546,0.5581,0.5447,0.558,53875.72,1557169199999,29810.490778,260
LINKUSDT,1557169200000,0.558,0.558,0.5476,0.5561,33752.08,1557172799999,18697.347551,152
LINKUSDT,1557172800000,0.5563,0.559,0.544,0.5505,58560.06,1557176399999,32261.233036,234
LINKUSDT,1557176400000,0.5478,0.5581,0.5428,0.5555,38592.92,1557179999999,21245.343276,174
LINKUSDT,1557180000000,0.5563,0.5616,0.5537,0.5609,51560.61,1557183599999,28791.456735,229
LINKUSDT,1557183600000,0.5616,0.5882,0.5608,0.5745,228033.59,1557187199999,131275.365547,1089
LINKUSDT,1557187200000,0.5798,0.5861,0.5707,0.5744,75215.16,1557190799999,43514.722035,407
LINKUSDT,1557190800000,0.5773,0.5782,0.56,0.5619,67133.15,1557194399999,38158.915434,291
LINKUSDT,1557194400000,0.562,0.5695,0.559,0.5695,147980.67,1557197999999,83605.621626,363
LINKUSDT,1557198000000,0.5695,0.5995,0.5605,0.5872,204658.16,1557201599999,118383.847875,791
LINKUSDT,1557201600000,0.5873,0.6077,0.5793,0.605,230011.48,1557205199999,137298.198262,881
LINKUSDT,1557205200000,0.6077,0.6186,0.5891,0.5951,187445.82,1557208799999,113320.49557,753
LINKUSDT,1557208800000,0.595,0.5999,0.584,0.5918,114667.74,1557212399999,67779.783459,346
LINKUSDT,1557212400000,0.5902,0.5962,0.5862,0.5911,59096.51,1557215999999,34868.122531,216
LINKUSDT,1557216000000,0.5911,0.5911,0.5777,0.5785,71586.73,1557219599999,41636.324378,340
LINKUSDT,1557219600000,0.5796,0.591,0.5794,0.5805,44585.29,1557223199999,26137.529841,160
LINKUSDT,1557223200000,0.5811,0.5871,0.5708,0.5754,50732.73,1557226799999,29320.841239,200
LINKUSDT,1557226800000,0.5781,0.5933,0.5756,0.5797,212321.28,1557230399999,124512.179438,474
LINKUSDT,1557230400000,0.5796,0.5911,0.5783,0.5853,77444.24,1557233999999,45182.843968,173
LINKUSDT,1557234000000,0.5888,0.5951,0.5786,0.5931,71318.96,1557237599999,42031.556874,336
LINKUSDT,1557237600000,0.5932,0.5948,0.5584,0.5633,148858.39,1557241199999,85350.407794,563
LINKUSDT,1557241200000,0.5632,0.58,0.5621,0.5799,101021.14,1557244799999,57650.819278,316
LINKUSDT,1557244800000,0.579,0.579,0.5646,0.5714,75557.25,1557248399999,43146.503962,268
LINKUSDT,1557248400000,0.5667,0.57,0.5584,0.5607,60211.29,1557251999999,33857.611408,255
LINKUSDT,1557252000000,0.5608,0.5619,0.5541,0.5605,75278.08,1557255599999,41975.354809,239
LINKUSDT,1557255600000,0.5608,0.5641,0.5539,0.5563,58154.65,1557259199999,32387.264096,147
LINKUSDT,1557259200000,0.5559,0.561,0.553,0.5579,12058.79,1557262799999,6710.377,76
LINKUSDT,1557262800000,0.5577,0.5667,0.5559,0.5624,25996.15,1557266399999,14578.947606,99
LINKUSDT,1557266400000,0.5648,0.5699,0.5632,0.5674,21398.93,1557269999999,12116.629516,91
LINKUSDT,1557270000000,0.5674,0.5699,0.5409,0.5435,74941.71,1557273599999,41321.993037,289
LINKUSDT,1557273600000,0.5433,0.5593,0.5212,0.549,190792.01,1557277199999,102196.812756,599
LINKUSDT,1557277200000,0.5518,0.5619,0.5508,0.5581,32157.07,1557280799999,17839.584682,136
LINKUSDT,1557280800000,0.5584,0.5691,0.5525,0.5656,42318.04,1557284399999,23704.616666,190
LINKUSDT,1557284400000,0.5667,0.5667,0.559,0.5612,25760.93,1557287999999,14508.763269,104
LINKUSDT,1557288000000,0.5613,0.5616,0.5592,0.56,8968.08,1557291599999,5025.197727,33
LINKUSDT,1557291600000,0.56,0.5626,0.5573,0.5588,5995.74,1557295199999,3350.373993,52
LINKUSDT,1557295200000,0.5649,0.5899,0.5619,0.5847,110706.81,1557298799999,63878.228809,437
LINKUSDT,1557298800000,0.5851,0.59,0.5817,0.5878,14180.17,1557302399999,8316.494987,149
LINKUSDT,1557302400000,0.585,0.585,0.5722,0.577,12354.3,1557305999999,7138.119834,122
LINKUSDT,1557306000000,0.579,0.5811,0.5728,0.5729,17291.29,1557309599999,9999.807129,86
LINKUSDT,1557309600000,0.5733,0.5797,0.5733,0.5797,34137.33,1557313199999,19726.150293,131
LINKUSDT,1557313200000,0.5797,0.58,0.5747,0.5799,39345.38,1557316799999,22762.754747,156
LINKUSDT,1557316800000,0.5799,0.5834,0.5745,0.5772,6922.74,1557320399999,4011.207104,61
LINKUSDT,1557320400000,0.5753,0.5775,0.5715,0.5745,18235.93,1557323999999,10471.252344,83
LINKUSDT,1557324000000,0.5735,0.5897,0.5713,0.5856,43408.27,1557327599999,25107.986821,190
LINKUSDT,1557327600000,0.585,0.599,0.5812,0.5923,71452.77,1557331199999,42435.353825,287
LINKUSDT,1557331200000,0.593,0.6144,0.5917,0.6078,95271.25,1557334799999,57380.183812,361
LINKUSDT,1557334800000,0.6108,0.6157,0.5989,0.6,163003.26,1557338399999,98677.186665,377
LINKUSDT,1557338400000,0.5978,0.608,0.596,0.6024,61552.06,1557341999999,37008.946201,240
LINKUSDT,1557342000000,0.6054,0.6127,0.5962,0.6049,61568.23,1557345599999,37413.533139,262
LINKUSDT,1557345600000,0.6049,0.61,0.6003,0.6082,41237.15,1557349199999,24910.794247,154
LINKUSDT,1557349200000,0.6043,0.6059,0.5911,0.594,29730.32,1557352799999,17737.770991,122
LINKUSDT,1557352800000,0.594,0.606,0.594,0.599,26113.95,1557356399999,15648.640244,171
LINKUSDT,1557356400000,0.599,0.6,0.5827,0.594,103121.83,1557359999999,60872.268075,294
LINKUSDT,1557360000000,0.594,0.6034,0.5886,0.59,54587.39,1557363599999,32500.396388,181
LINKUSDT,1557363600000,0.5939,0.61,0.5873,0.6039,98660.94,1557367199999,58796.318806,247
LINKUSDT,1557367200000,0.6039,0.6198,0.6019,0.6141,127938.0,1557370799999,78470.49165,581
LINKUSDT,1557370800000,0.615,0.615,0.6056,0.611,59552.94,1557374399999,36352.673258,169
LINKUSDT,1557374400000,0.6125,0.6137,0.6068,0.6096,20821.86,1557377999999,12704.440863,126
LINKUSDT,1557378000000,0.6069,0.6101,0.6004,0.6037,32581.49,1557381599999,19723.238058,142
LINKUSDT,1557381600000,0.6087,0.6128,0.605,0.6098,22939.59,1557385199999,13959.903758,126
LINKUSDT,1557385200000,0.6091,0.6091,0.6005,0.6005,31465.37,1557388799999,18960.735489,137
LINKUSDT,1557388800000,0.6019,0.6076,0.5996,0.6051,36225.35,1557392399999,21837.125031,124
LINKUSDT,1557392400000,0.6051,0.6051,0.6,0.6009,24024.07,1557395999999,14427.969139,92
LINKUSDT,1557396000000,0.6034,0.6077,0.6004,0.6059,23097.57,1557399599999,13969.360141,74
LINKUSDT,1557399600000,0.6046,0.6199,0.6032,0.6066,36828.97,1557403199999,22446.02873,113
LINKUSDT,1557403200000,0.61,0.6439,0.6086,0.6335,269504.43,1557406799999,169349.133485,941
LINKUSDT,1557406800000,0.631,0.65,0.6271,0.6472,247330.38,1557410399999,158556.966774,825
LINKUSDT,1557410400000,0.647,0.6496,0.6351,0.6401,100510.12,1557413999999,64527.930376,375
LINKUSDT,1557414000000,0.6401,0.6401,0.626,0.6304,201287.49,1557417599999,127323.818454,630
LINKUSDT,1557417600000,0.6329,0.67,0.6295,0.6635,307956.41,1557421199999,201982.704574,893
LINKUSDT,1557421200000,0.6651,0.6886,0.6506,0.6731,301308.71,1557424799999,202442.965655,987
LINKUSDT,1557424800000,0.673,0.704,0.6223,0.623,810176.1,1557428399999,537141.179518,2237
LINKUSDT,1557428400000,0.626,0.6588,0.6236,0.6319,282079.04,1557431999999,181483.106899,687
LINKUSDT,1557432000000,0.633,0.6697,0.6316,0.6578,244758.07,1557435599999,160044.516824,619
LINKUSDT,1557435600000,0.6571,0.6571,0.6351,0.648,127192.18,1557439199999,82079.72304,370
LINKUSDT,1557439200000,0.6468,0.6511,0.6333,0.6386,56471.98,1557442799999,36326.028049,195
LINKUSDT,1557442800000,0.636,0.642,0.6325,0.6403,30729.68,1557446399999,19592.116163,77
LINKUSDT,1557446400000,0.6402,0.664,0.6374,0.6608,228309.5,1557449999999,149689.610583,563
LINKUSDT,1557450000000,0.6607,0.6817,0.6557,0.68,121834.65,1557453599999,81799.640539,447
LINKUSDT,1557453600000,0.6817,0.7,0.6633,0.6677,465770.39,1557457199999,319837.983386,1174
LINKUSDT,1557457200000,0.6717,0.679,0.6584,0.6656,119905.05,1557460799999,79862.233037,335
LINKUSDT,1557460800000,0.6656,0.6849,0.6639,0.6751,111056.33,1557464399999,74798.69028,407
LINKUSDT,1557464400000,0.68,0.6863,0.6728,0.682,64058.92,1557467999999,43622.657982,234
LINKUSDT,1557468000000,0.6821,0.6923,0.6817,0.6908,97739.34,1557471599999,67329.851021,278
LINKUSDT,1557471600000,0.6914,0.6914,0.679,0.6861,42988.51,1557475199999,29460.099645,167
LINKUSDT,1557475200000,0.6874,0.6988,0.6869,0.6971,45190.67,1557478799999,31337.455595,218
LINKUSDT,1557478800000,0.6928,0.7,0.691,0.6944,97356.04,1557482399999,67765.62253,332
LINKUSDT,1557482400000,0.6944,0.714,0.6944,0.6981,137149.11,1557485999999,96578.855731,430
LINKUSDT,1557486000000,0.6997,0.7191,0.6997,0.7143,125626.82,1557489599999,89315.299017,437
LINKUSDT,1557489600000,0.7161,0.7233,0.7083,0.7167,161812.0,1557493199999,116127.163328,580
LINKUSDT,1557493200000,0.7167,0.7167,0.6801,0.6966,338751.94,1557496799999,236156.03913,943
LINKUSDT,1557496800000,0.6938,0.7043,0.6882,0.694,126977.73,1557500399999,88475.688093,360
LINKUSDT,1557500400000,0.6927,0.6942,0.6835,0.6835,122693.82,1557503999999,84572.719152,331
LINKUSDT,1557504000000,0.6871,0.6935,0.6666,0.6752,148443.5,1557507599999,100679.898078,424
LINKUSDT,1557507600000,0.6752,0.7005,0.6701,0.6968,106790.52,1557511199999,73565.594357,401
LINKUSDT,1557511200000,0.6965,0.6966,0.683,0.687,69205.79,1557514799999,47583.27947,239
LINKUSDT,1557514800000,0.6893,0.691,0.6824,0.6825,17807.72,1557518399999,12265.959039,81
LINKUSDT,1557518400000,0.6825,0.686,0.6691,0.6794,90698.12,1557521999999,61438.373658,323
LINKUSDT,1557522000000,0.6837,0.6837,0.6703,0.6728,44602.15,1557525599999,30053.717143,197
LINKUSDT,1557525600000,0.6758,0.6781,0.6727,0.6727,35309.58,1557529199999,23839.040149,85
LINKUSDT,1557529200000,0.6727,0.6763,0.6686,0.6703,67582.49,1557532799999,45289.040937,187
LINKUSDT,1557532800000,0.6731,0.6885,0.6709,0.6834,57559.96,1557536399999,39301.190384,276
LINKUSDT,1557536400000,0.6842,0.69,0.6706,0.6746,62066.38,1557539999999,42114.532413,214
LINKUSDT,1557540000000,0.6746,0.6816,0.6661,0.6758,81131.11,1557543599999,54497.944583,271
LINKUSDT,1557543600000,0.6759,0.679,0.6517,0.6595,163445.27,1557547199999,108042.15454,425
LINKUSDT,1557547200000,0.6589,0.6697,0.6552,0.668,64392.6,1557550799999,42476.442252,215
LINKUSDT,1557550800000,0.6698,0.6835,0.6608,0.6747,99681.71,1557554399999,66740.958708,312
LINKUSDT,1557554400000,0.6747,0.6801,0.6629,0.6761,96688.87,1557557999999,64951.874401,438
LINKUSDT,1557558000000,0.6721,0.6754,0.6624,0.6671,66701.1,1557561599999,44663.144877,266
LINKUSDT,1557561600000,0.6683,0.6851,0.6657,0.6675,132955.37,1557565199999,89985.15055,457
LINKUSDT,1557565200000,0.6675,0.6746,0.6593,0.6664,121897.47,1557568799999,81089.369732,368
LINKUSDT,1557568800000,0.6704,0.68,0.6665,0.67,138282.39,1557572399999,92988.160536,457
LINKUSDT,1557572400000,0.6693,0.6755,0.6655,0.669,95195.39,1557575999999,63796.575503,353
LINKUSDT,1557576000000,0.669,0.6747,0.6677,0.6747,61617.78,1557579599999,41315.025927,195
LINKUSDT,1557579600000,0.6717,0.6914,0.6706,0.6885,85133.59,1557583199999,57943.553056,365
LINKUSDT,1557583200000,0.688,0.7071,0.684,0.6991,161036.51,1557586799999,112212.610566,578
LINKUSDT,1557586800000,0.7019,0.7092,0.695,0.6956,145048.31,1557590399999,101727.132409,389
LINKUSDT,1557590400000,0.6989,0.7009,0.6915,0.6919,61250.19,1557593999999,42621.375905,246
LINKUSDT,1557594000000,0.6921,0.7342,0.6921,0.73,233621.47,1557597599999,166555.710197,653
LINKUSDT,1557597600000,0.7333,0.736,0.7077,0.7144,217214.93,1557601199999,156584.648079,663
LINKUSDT,1557601200000,0.7107,0.7484,0.6932,0.7029,331168.23,1557604799999,233165.213762,729
LINKUSDT,1557604800000,0.7029,0.7057,0.6994,0.7038,80576.75,1557608399999,56605.674177,236
LINKUSDT,1557608400000,0.7026,0.71,0.693,0.693,66252.75,1557611999999,46490.374456,301
LINKUSDT,1557612000000,0.693,0.707,0.6774,0.6942,219057.13,1557615599999,151557.539769,753
LINKUSDT,1557615600000,0.6981,0.7061,0.6661,0.6752,172354.63,1557619199999,118915.169123,603
LINKUSDT,1557619200000,0.679,0.6999,0.6637,0.6735,123393.56,1557622799999,83869.777104,541
LINKUSDT,1557622800000,0.6734,0.6787,0.6703,0.6721,96037.29,1557626399999,64901.92824,303
LINKUSDT,1557626400000,0.6714,0.6803,0.6668,0.6699,67086.02,1557629999999,45012.798003,212
LINKUSDT,1557630000000,0.6699,0.6842,0.6699,0.678,49130.14,1557633599999,33388.388382,217
LINKUSDT,1557633600000,0.6784,0.6816,0.6651,0.6719,67312.36,1557637199999,45319.969845,192
LINKUSDT,1557637200000,0.6719,0.6802,0.67,0.6799,49486.87,1557640799999,33323.284496,268
LINKUSDT,1557640800000,0.6799,0.682,0.675,0.6795,49426.29,1557644399999,33529.853135,140
LINKUSDT,1557644400000,0.6795,0.69,0.6795,0.6845,68219.21,1557647999999,46680.457966,258
LINKUSDT,1557648000000,0.6867,0.6895,0.6353,0.6682,350067.98,1557651599999,230386.992158,699
LINKUSDT,1557651600000,0.6682,0.6797,0.6607,0.6698,97871.1,1557655199999,65558.104408,356
LINKUSDT,1557655200000,0.6691,0.6691,0.646,0.6503,93305.25,1557658799999,61662.900497,360
LINKUSDT,1557658800000,0.652,0.6586,0.6342,0.6428,106051.47,1557662399999,68683.788167,341
LINKUSDT,1557662400000,0.6464,0.6592,0.6368,0.6583,61881.01,1557665999999,40299.687276,265
LINKUSDT,1557666000000,0.6583,0.6643,0.655,0.6638,28221.9,1557669599999,18608.339954,150
LINKUSDT,1557669600000,0.6636,0.6681,0.6437,0.645,83824.17,1557673199999,55216.371793,330
LINKUSDT,1557673200000,0.645,0.6525,0.6285,0.6321,116524.72,1557676799999,74003.483379,325
LINKUSDT,1557676800000,0.6357,0.6451,0.6288,0.6317,38931.61,1557680399999,24820.74669,192
LINKUSDT,1557680400000,0.6322,0.6452,0.6322,0.642,33693.73,1557683999999,21590.591618,103
LINKUSDT,1557684000000,0.6448,0.6527,0.6436,0.65,16168.28,1557687599999,10480.236655,146
LINKUSDT,1557687600000,0.6499,0.6641,0.6438,0.658,46323.81,1557691199999,30181.439989,235
LINKUSDT,1557691200000,0.6591,0.6668,0.6559,0.6644,28674.62,1557694799999,19008.795187,169
LINKUSDT,1557694800000,0.6672,0.6747,0.6546,0.6652,33443.56,1557698399999,22260.40419,238
LINKUSDT,1557698400000,0.6668,0.6683,0.6511,0.6536,37326.64,1557701999999,24518.071056,196
LINKUSDT,1557702000000,0.656,0.6592,0.6431,0.6586,18398.49,1557705599999,11979.511676,109
LINKUSDT,1557705600000,0.6607,0.6734,0.6557,0.6601,27292.31,1557709199999,18145.440975,177
LINKUSDT,1557709200000,0.6618,0.6835,0.6593,0.665,38657.85,1557712799999,25761.333251,209
LINKUSDT,1557712800000,0.665,0.6745,0.665,0.6692,24486.57,1557716399999,16371.286528,116
LINKUSDT,1557716400000,0.6742,0.6742,0.6676,0.6705,17940.01,1557719999999,12017.86236,84
LINKUSDT,1557720000000,0.6675,0.677,0.6657,0.677,24598.96,1557723599999,16518.170146,106
LINKUSDT,1557723600000,0.6748,0.677,0.666,0.669,31012.1,1557727199999,20743.198448,110
LINKUSDT,1557727200000,0.6696,0.6759,0.6694,0.6735,16160.23,1557730799999,10859.706596,85
LINKUSDT,1557730800000,0.673,0.6754,0.6654,0.6663,15384.4,1557734399999,10285.405923,71
LINKUSDT,1557734400000,0.665,0.6721,0.665,0.67,5983.05,1557737999999,3995.2983,35
LINKUSDT,1557738000000,0.67,0.6726,0.6685,0.6714,12843.77,1557741599999,8614.55039,74
LINKUSDT,1557741600000,0.6715,0.6731,0.663,0.672,21477.78,1557745199999,14356.801418,92
LINKUSDT,1557745200000,0.6721,0.68,0.6666,0.6711,71133.36,1557748799999,48009.998024,306
LINKUSDT,1557748800000,0.6711,0.6785,0.6703,0.6785,30081.25,1557752399999,20301.28385,196
LINKUSDT,1557752400000,0.6785,0.68,0.6699,0.6775,27764.2,1557755999999,18800.561146,160
LINKUSDT,1557756000000,0.6778,0.6834,0.6752,0.6781,46434.42,1557759599999,31582.814578,273
LINKUSDT,1557759600000,0.6786,0.6872,0.6657,0.67,158627.19,1557763199999,107092.340746,570
LINKUSDT,1557763200000,0.67,0.6788,0.6544,0.6691,104209.03,1557766799999,69586.237204,422
LINKUSDT,1557766800000,0.6624,0.6648,0.6492,0.6607,64592.34,1557770399999,42390.437077,332
LINKUSDT,1557770400000,0.663,0.667,0.657,0.6575,33110.06,1557773999999,21922.279664,166
LINKUSDT,1557774000000,0.6558,0.6628,0.6491,0.6595,55664.72,1557777599999,36456.556023,348
LINKUSDT,1557777600000,0.659,0.68,0.6544,0.6699,64601.65,1557781199999,43311.80818,336
LINKUSDT,1557781200000,0.6706,0.68,0.6502,0.6624,126341.13,1557784799999,84054.158564,575
LINKUSDT,1557784800000,0.6603,0.6768,0.645,0.6498,132438.14,1557788399999,86999.169084,488
LINKUSDT,1557788400000,0.6531,0.6733,0.6336,0.6474,131030.18,1557791999999,85002.730253,576
LINKUSDT,1557792000000,0.6474,0.6529,0.6394,0.6396,40779.45,1557795599999,26346.910818,206
LINKUSDT,1557795600000,0.6388,0.6482,0.637,0.637,69365.14,1557799199999,44706.109906,232
LINKUSDT,1557799200000,0.6367,0.6639,0.6332,0.6561,105689.79,1557802799999,67908.449509,407
LINKUSDT,1557802800000,0.6566,0.6698,0.6506,0.6646,129082.4,1557806399999,85247.138735,497
LINKUSDT,1557806400000,0.6679,0.6797,0.6636,0.6719,72907.02,1557809999999,48854.179267,338
LINKUSDT,1557810000000,0.6742,0.6798,0.67,0.6782,61405.19,1557813599999,41524.914168,232
LINKUSDT,1557813600000,0.6778,0.6781,0.67,0.6762,30089.85,1557817199999,20295.299898,126
LINKUSDT,1557817200000,0.6779,0.6807,0.6572,0.6806,171548.97,1557820799999,115305.038423,610
LINKUSDT,1557820800000,0.6807,0.6841,0.67,0.6785,107347.76,1557824399999,72669.511706,439
LINKUSDT,1557824400000,0.6769,0.6836,0.6682,0.671,38589.86,1557827999999,26007.718276,211
LINKUSDT,1557828000000,0.6735,0.71,0.669,0.7078,165803.66,1557831599999,115063.085557,664
LINKUSDT,1557831600000,0.7037,0.709,0.6906,0.709,112058.5,1557835199999,78923.070003,427
LINKUSDT,1557835200000,0.7095,0.7449,0.7071,0.7074,383837.43,1557838799999,278833.217724,1323
LINKUSDT,1557838800000,0.7097,0.712,0.6978,0.7031,93100.03,1557842399999,65361.717124,358
LINKUSDT,1557842400000,0.7017,0.7936,0.6589,0.7936,703099.59,1557845999999,504598.467472,2431
LINKUSDT,1557846000000,0.7972,0.9565,0.7928,0.8478,2459627.03,1557849599999,2109964.133356,8056
LINKUSDT,1557849600000,0.8478,0.925,0.792,0.8792,938863.52,1557853199999,800965.197659,3553
LINKUSDT,1557853200000,0.8785,0.9009,0.8276,0.8357,500699.12,1557856799999,435350.068118,1560
LINKUSDT,1557856800000,0.8331,0.8561,0.8111,0.8278,313121.99,1557860399999,260104.969551,990
LINKUSDT,1557860400000,0.8265,0.8324,0.7957,0.8304,257798.38,1557863999999,209083.290068,786
LINKUSDT,1557864000000,0.8304,0.8678,0.8076,0.84,371708.15,1557867599999,311118.245289,1248
LINKUSDT,1557867600000,0.8399,0.8399,0.808,0.823,217329.34,1557871199999,178787.588234,629
LINKUSDT,1557871200000,0.823,0.8858,0.8201,0.8445,248531.2,1557874799999,210776.59248,1242
LINKUSDT,1557874800000,0.8412,0.8557,0.8073,0.828,318630.7,1557878399999,263415.519009,930
LINKUSDT,1557878400000,0.8251,0.831,0.7913,0.8201,259341.5,1557881999999,210392.873965,848
LINKUSDT,1557882000000,0.822,0.8301,0.7992,0.812,197506.12,1557885599999,159892.756116,641
LINKUSDT,1557885600000,0.8161,0.8164,0.7772,0.7875,195579.57,1557889199999,155072.583271,565
LINKUSDT,1557925200000,0.7889,0.8717,0.7802,0.8404,417100.12,1557928799999,353393.306977,1529
LINKUSDT,1557928800000,0.845,0.845,0.8078,0.8167,257337.49,1557932399999,212312.86488,690
LINKUSDT,1557932400000,0.8169,0.8169,0.7935,0.8002,325641.27,1557935999999,260190.552597,936
LINKUSDT,1557936000000,0.8017,0.828,0.7969,0.8278,323388.57,1557939599999,262372.0609,1138
LINKUSDT,1557939600000,0.8278,0.8479,0.8125,0.8342,320617.84,1557943199999,267051.289595,1179
LINKUSDT,1557943200000,0.834,0.8371,0.8149,0.8212,232223.59,1557946799999,191598.071211,745
LINKUSDT,1557946800000,0.8207,0.8385,0.8077,0.8332,235205.45,1557950399999,194085.756192,838
LINKUSDT,1557950400000,0.8336,0.8401,0.82,0.8332,113527.95,1557953999999,94685.645044,441
LINKUSDT,1557954000000,0.8376,0.889,0.8335,0.8845,385417.69,1557957599999,330534.649666,1075
LINKUSDT,1557957600000,0.8845,0.8889,0.8414,0.8519,336766.66,1557961199999,288739.169811,1144
LINKUSDT,1557961200000,0.8515,0.855,0.839,0.8427,198671.82,1557964799999,168304.781663,780
LINKUSDT,1557964800000,0.8427,0.8799,0.8411,0.87,164904.51,1557968399999,142497.930944,842
LINKUSDT,1557968400000,0.8736,0.8847,0.8635,0.869,146429.22,1557971999999,128277.026095,687
LINKUSDT,1557972000000,0.869,0.8749,0.8586,0.8749,114742.64,1557975599999,99627.768709,448
LINKUSDT,1557975600000,0.8749,0.8888,0.8749,0.8822,149276.34,1557979199999,131528.552682,607
LINKUSDT,1557979200000,0.8804,0.8834,0.789,0.813,516924.88,1557982799999,424278.104498,1443
LINKUSDT,1557982800000,0.8124,0.83,0.8,0.8229,154598.1,1557986399999,126114.537028,553
LINKUSDT,1557986400000,0.8229,0.8428,0.8168,0.841,125310.26,1557989999999,104247.216881,367
LINKUSDT,1557990000000,0.841,0.8438,0.8166,0.8237,85024.11,1557993599999,70462.334972,366
LINKUSDT,1557993600000,0.8259,0.8317,0.8156,0.8157,33498.43,1557997199999,27580.561065,161
LINKUSDT,1557997200000,0.8157,0.8257,0.7963,0.798,76606.08,1558000799999,61988.694028,329
LINKUSDT,1558000800000,0.7997,0.806,0.7551,0.7904,243815.12,1558004399999,189222.123955,805
LINKUSDT,1558004400000,0.7862,0.8069,0.7832,0.7951,100337.01,1558007999999,79747.574275,405
LINKUSDT,1558008000000,0.7951,0.8014,0.7775,0.7784,42866.8,1558011599999,33946.903571,214
LINKUSDT,1558011600000,0.7796,0.7998,0.7711,0.7906,57223.16,1558015199999,44636.369594,307
LINKUSDT,1558015200000,0.7906,0.826,0.7889,0.824,223911.48,1558018799999,181192.872264,588
LINKUSDT,1558018800000,0.8222,0.85,0.8168,0.8425,219279.46,1558022399999,183569.882499,839
LINKUSDT,1558022400000,0.8429,0.8439,0.8075,0.819,152193.15,1558025999999,125937.006233,534
LINKUSDT,1558026000000,0.819,0.84,0.7924,0.8352,189308.75,1558029599999,153014.971396,649
LINKUSDT,1558029600000,0.8399,0.8399,0.819,0.8263,96169.07,1558033199999,79627.417654,380
LINKUSDT,1558033200000,0.8263,0.8395,0.8037,0.838,93401.36,1558036799999,76541.562827,484
LINKUSDT,1558036800000,0.838,0.9299,0.838,0.8806,886746.54,1558040399999,796626.608611,3543
LINKUSDT,1558040400000,0.8827,0.9337,0.8706,0.9275,314035.76,1558043999999,282672.269151,1439
LINKUSDT,1558044000000,0.9283,0.9389,0.9123,0.9198,223415.56,1558047599999,206521.73727,1052
LINKUSDT,1558047600000,0.915,0.932,0.9046,0.928,145514.4,1558051199999,134085.208053,795
LINKUSDT,1558051200000,0.9264,0.9869,0.9255,0.98,545441.98,1558054799999,526673.518723,1975
LINKUSDT,1558054800000,0.9778,0.98,0.89,0.9015,407902.67,1558058399999,377871.377408,1471
LINKUSDT,1558058400000,0.9016,0.924,0.8401,0.8409,497987.02,1558061999999,433751.912815,1315
LINKUSDT,1558062000000,0.8408,0.9,0.81,0.8526,500473.47,1558065599999,428291.818636,1819
LINKUSDT,1558065600000,0.8525,0.9,0.849,0.8691,318872.28,1558069199999,279866.215033,1032
LINKUSDT,1558069200000,0.8699,0.8998,0.8561,0.857,188104.75,1558072799999,165967.826311,728
LINKUSDT,1558072800000,0.857,0.8803,0.8511,0.8583,155684.0,1558076399999,134457.285233,655
LINKUSDT,1558076400000,0.8601,0.89,0.8576,0.883,148034.38,1558079999999,130070.278498,667
LINKUSDT,1558080000000,0.883,0.939,0.8715,0.9376,298560.33,1558083599999,270289.264668,1262
LINKUSDT,1558083600000,0.9374,0.9393,0.887,0.9166,248718.82,1558087199999,226552.703338,1127
LINKUSDT,1558087200000,0.9162,0.93,0.88,0.8911,254561.31,1558090799999,230765.892744,869
LINKUSDT,1558090800000,0.8886,0.904,0.8168,0.859,342102.22,1558094399999,293452.682486,1413
LINKUSDT,1558094400000,0.8594,0.8826,0.827,0.8775,308040.3,1558097999999,264302.308679,1109
LINKUSDT,1558098000000,0.8777,0.8962,0.864,0.8787,225592.25,1558101599999,197742.532615,770
LINKUSDT,1558101600000,0.8857,0.915,0.8803,0.8931,212520.64,1558105199999,192014.906023,806
LINKUSDT,1558105200000,0.8945,0.8954,0.86,0.8666,178969.5,1558108799999,156798.854137,573
LINKUSDT,1558108800000,0.8668,0.8983,0.8438,0.8806,194948.85,1558112399999,170330.152876,827
LINKUSDT,1558112400000,0.8837,0.8906,0.87,0.8818,65910.0,1558115999999,58068.968913,367
LINKUSDT,1558116000000,0.8758,0.8948,0.8671,0.8748,106884.81,1558119599999,93945.382676,313
LINKUSDT,1558119600000,0.875,0.9101,0.8748,0.9099,104882.98,1558123199999,93972.15464,469
LINKUSDT,1558123200000,0.9078,0.9097,0.8723,0.877,114168.72,1558126799999,101412.643277,520
LINKUSDT,1558126800000,0.8769,0.8896,0.8723,0.8817,95278.12,1558130399999,83880.992402,414
LINKUSDT,1558130400000,0.8818,0.8875,0.8532,0.8814,107210.5,1558133999999,93505.511655,692
LINKUSDT,1558134000000,0.882,0.9,0.8795,0.8911,104795.79,1558137599999,93017.976264,564
LINKUSDT,1558137600000,0.895,0.9,0.8613,0.8675,121503.02,1558141199999,106982.827267,592
LINKUSDT,1558141200000,0.8711,0.8752,0.8457,0.8631,115699.3,1558144799999,99702.154778,584
LINKUSDT,1558144800000,0.866,0.896,0.8634,0.8888,70436.27,1558148399999,62102.508011,418
LINKUSDT,1558148400000,0.8888,0.9,0.8874,0.9,75556.32,1558151999999,67677.35588,397
LINKUSDT,1558152000000,0.9,0.9049,0.8879,0.8944,81008.23,1558155599999,72658.875984,392
LINKUSDT,1558155600000,0.8945,0.9066,0.8872,0.9043,63090.99,1558159199999,56566.438175,275
LINKUSDT,1558159200000,0.9055,0.933,0.9025,0.9157,146449.8,1558162799999,134600.447201,674
LINKUSDT,1558162800000,0.9156,0.9229,0.8962,0.9178,89541.18,1558166399999,81290.317781,540
LINKUSDT,1558166400000,0.9171,0.9229,0.9,0.9029,34253.78,1558169999999,31141.538203,249
LINKUSDT,1558170000000,0.9016,0.9059,0.86,0.8763,147201.56,1558173599999,128992.476306,725
LINKUSDT,1558173600000,0.8752,0.8949,0.8714,0.8919,46747.86,1558177199999,41223.987299,291
LINKUSDT,1558177200000,0.892,0.8999,0.8845,0.8936,49652.15,1558180799999,44323.101521,238
LINKUSDT,1558180800000,0.8937,0.8995,0.8875,0.8899,27772.22,1558184399999,24804.828514,164
LINKUSDT,1558184400000,0.89,0.8923,0.8798,0.8829,85297.47,1558187999999,75329.978246,277
LINKUSDT,1558188000000,0.8867,0.9003,0.8847,0.8991,42222.29,1558191599999,37832.696176,233
LINKUSDT,1558191600000,0.8951,0.91,0.8948,0.9056,88502.14,1558195199999,79970.804702,362
LINKUSDT,1558195200000,0.905,0.9075,0.8985,0.9019,35590.41,1558198799999,32118.746971,208
LINKUSDT,1558198800000,0.902,0.9387,0.8912,0.9318,189441.15,1558202399999,175011.787008,754
LINKUSDT,1558202400000,0.9367,0.9427,0.9154,0.9425,217490.01,1558205999999,202009.518057,734
LINKUSDT,1558206000000,0.9427,0.9592,0.9301,0.931,249783.71,1558209599999,236419.233041,952
LINKUSDT,1558209600000,0.931,0.9488,0.9257,0.947,117335.54,1558213199999,110057.148652,363
LINKUSDT,1558213200000,0.9467,0.9545,0.9245,0.9509,102159.28,1558216799999,95826.248372,561
LINKUSDT,1558216800000,0.9509,0.9592,0.9364,0.9428,70037.27,1558220399999,66558.491479,313
LINKUSDT,1558220400000,0.9442,0.959,0.9326,0.9359,122597.09,1558223999999,115839.664779,698
LINKUSDT,1558224000000,0.936,0.947,0.9279,0.9399,95059.56,1558227599999,89002.636233,456
LINKUSDT,1558227600000,0.94,0.9721,0.94,0.9699,280259.27,1558231199999,267787.725807,1338
LINKUSDT,1558231200000,0.9699,0.9869,0.935,0.9562,650342.96,1558234799999,624307.795853,2829
LINKUSDT,1558234800000,0.956,0.99,0.9429,0.9694,792240.24,1558238399999,767048.143073,3417
LINKUSDT,1558238400000,0.9686,0.9735,0.9455,0.9556,404189.09,1558241999999,386838.06211,1521
LINKUSDT,1558242000000,0.9566,0.96,0.945,0.9597,137075.22,1558245599999,130553.907689,523
LINKUSDT,1558245600000,0.9597,0.97,0.9579,0.9696,71408.07,1558249199999,68915.00439,407
LINKUSDT,1558249200000,0.9696,0.9892,0.9695,0.9846,130722.23,1558252799999,128116.978901,450
LINKUSDT,1558252800000,0.9832,0.9872,0.9721,0.9806,104584.43,1558256399999,102410.790042,394
LINKUSDT,1558256400000,0.9767,0.9951,0.9712,0.991,87476.05,1558259999999,86174.463538,521
LINKUSDT,1558260000000,0.9892,0.9957,0.9773,0.9791,110097.66,1558263599999,108658.751529,564
LINKUSDT,1558263600000,0.9795,0.998,0.9752,0.9901,81886.12,1558267199999,81103.828417,552
LINKUSDT,1558267200000,0.9901,0.9941,0.971,0.9792,114309.68,1558270799999,112099.233929,545
LINKUSDT,1558270800000,0.9803,1.0,0.9708,0.9989,168772.29,1558274399999,166607.656023,776
LINKUSDT,1558274400000,0.9989,1.0,0.9867,0.9967,110869.56,1558277999999,110569.337905,490
LINKUSDT,1558278000000,0.9992,1.05,0.993,1.0282,607371.09,1558281599999,623711.44377,2343
LINKUSDT,1558281600000,1.0248,1.0283,1.0019,1.0222,187308.37,1558285199999,190617.495405,724
LINKUSDT,1558285200000,1.0247,1.03,1.0156,1.0241,103380.08,1558288799999,105895.283259,447
LINKUSDT,1558288800000,1.0274,1.031,1.016,1.0212,62723.61,1558292399999,64080.191955,275
LINKUSDT,1558292400000,1.0217,1.0375,1.015,1.0286,58697.11,1558295999999,60235.060204,373
LINKUSDT,1558296000000,1.0287,1.0307,1.0161,1.0279,38441.93,1558299599999,39406.365858,255
LINKUSDT,1558299600000,1.0277,1.0299,1.0136,1.0212,66849.15,1558303199999,68342.827354,239
LINKUSDT,1558303200000,1.0211,1.0217,0.988,1.003,188070.98,1558306799999,187955.891251,975
LINKUSDT,1558306800000,1.0028,1.0084,0.9835,0.9934,133470.87,1558310399999,132410.620014,662
LINKUSDT,1558310400000,0.9927,0.9927,0.95,0.9696,283074.91,1558313999999,275219.350037,1354
LINKUSDT,1558314000000,0.9731,0.9885,0.962,0.9787,71563.38,1558317599999,69968.441375,337
LINKUSDT,1558317600000,0.9787,0.993,0.9688,0.9928,84643.1,1558321199999,82645.199119,329
LINKUSDT,1558321200000,0.9891,1.0096,0.989,1.0088,127803.5,1558324799999,127890.933129,685
LINKUSDT,1558324800000,1.0075,1.015,0.9898,1.0043,62978.6,1558328399999,63097.345412,378
LINKUSDT,1558328400000,1.0042,1.0042,0.9807,0.9979,80343.79,1558331999999,79590.5565,327
LINKUSDT,1558332000000,0.9954,1.0042,0.9835,0.9925,30674.81,1558335599999,30557.175372,229
LINKUSDT,1558335600000,0.9926,1.0068,0.9885,1.0046,63295.5,1558339199999,63284.822521,379
LINKUSDT,1558339200000,1.0019,1.0084,0.989,1.008,40740.83,1558342799999,40650.561543,332
LINKUSDT,1558342800000,1.0079,1.0114,0.9885,1.005,38863.41,1558346399999,38810.280608,253
LINKUSDT,1558346400000,1.0052,1.0191,1.0024,1.0132,53923.08,1558349999999,54487.270743,331
LINKUSDT,1558350000000,1.012,1.0173,0.9952,0.9995,37390.88,1558353599999,37571.99382,260
LINKUSDT,1558353600000,0.9995,1.0047,0.956,0.9561,205251.6,1558357199999,199691.834921,732
LINKUSDT,1558357200000,0.9574,0.97,0.946,0.9681,160230.53,1558360799999,153695.611879,801
LINKUSDT,1558360800000,0.9667,0.9915,0.9652,0.9915,69791.86,1558364399999,68142.486317,412
LINKUSDT,1558364400000,0.9916,1.0029,0.9783,1.002,67336.06,1558367999999,66596.415357,409
LINKUSDT,1558368000000,1.0023,1.0083,0.9886,0.9895,133365.2,1558371599999,133355.528739,466
LINKUSDT,1558371600000,0.9895,0.999,0.9702,0.9719,99230.86,1558375199999,97868.609639,405
LINKUSDT,1558375200000,0.9742,0.9883,0.9651,0.9789,70373.51,1558378799999,68551.275154,366
LINKUSDT,1558378800000,0.9701,0.9981,0.9701,0.998,61855.71,1558382399999,61205.913275,363
LINKUSDT,1558382400000,0.9939,1.0179,0.9928,1.0179,87306.7,1558385999999,87687.032818,519
LINKUSDT,1558386000000,1.013,1.028,1.0004,1.002,71474.06,1558389599999,72450.817339,507
LINKUSDT,1558389600000,1.0084,1.057,1.002,1.056,235385.87,1558393199999,243431.20614,1043
LINKUSDT,1558393200000,1.056,1.143,1.0508,1.117,699569.55,1558396799999,765835.213933,3023
LINKUSDT,1558396800000,1.1146,1.1146,1.0621,1.0699,406139.49,1558400399999,438686.397996,1630
LINKUSDT,1558400400000,1.0699,1.0914,1.06,1.089,173725.02,1558403999999,186276.813369,683
LINKUSDT,1558404000000,1.0896,1.1178,1.0761,1.091,209139.09,1558407599999,229060.005401,898
LINKUSDT,1558407600000,1.0911,1.1039,1.0744,1.0842,130779.78,1558411199999,142132.709867,667
LINKUSDT,1558411200000,1.0765,1.095,1.06,1.0748,145592.26,1558414799999,156506.86021,658
LINKUSDT,1558414800000,1.0748,1.12,1.0643,1.1179,225244.66,1558418399999,247434.457979,1120
LINKUSDT,1558418400000,1.1178,1.13,1.0936,1.13,146243.45,1558421999999,162813.058792,666
LINKUSDT,1558422000000,1.13,1.1499,1.1205,1.146,182709.62,1558425599999,207675.614648,776
LINKUSDT,1558425600000,1.146,1.1768,1.1359,1.1361,283817.02,1558429199999,328274.970577,1424
LINKUSDT,1558429200000,1.1361,1.1402,1.1231,1.1301,184013.79,1558432799999,207961.300467,692
LINKUSDT,1558432800000,1.1301,1.1373,1.1233,1.1346,42109.77,1558436399999,47588.953997,267
LINKUSDT,1558436400000,1.1324,1.1392,1.0779,1.0963,205780.29,1558439999999,227119.455066,1355
LINKUSDT,1558440000000,1.1,1.1136,1.0874,1.0997,110299.32,1558443599999,121518.429323,642
LINKUSDT,1558443600000,1.0997,1.117,1.0964,1.1143,90790.67,1558447199999,100420.870753,471
LINKUSDT,1558447200000,1.1133,1.1204,1.0999,1.1147,57680.57,1558450799999,64074.323458,327
LINKUSDT,1558450800000,1.1147,1.1465,1.1014,1.111,161638.29,1558454399999,182272.779763,917
LINKUSDT,1558454400000,1.1048,1.1297,1.1006,1.117,79995.83,1558457999999,88760.36227,477
LINKUSDT,1558458000000,1.117,1.149,1.1162,1.1445,132373.58,1558461599999,150579.10391,546
LINKUSDT,1558461600000,1.1425,1.158,1.1143,1.1143,264708.6,1558465199999,299803.861968,1063
LINKUSDT,1558465200000,1.1151,1.195,1.1102,1.1801,412636.32,1558468799999,475039.0355,1384
LINKUSDT,1558468800000,1.1801,1.249,1.1629,1.2316,620624.11,1558472399999,745616.130213,2080
LINKUSDT,1558472400000,1.2342,1.25,1.1875,1.2141,352235.37,1558475999999,428184.93511,1337
LINKUSDT,1558476000000,1.2162,1.22,1.1602,1.177,276951.38,1558479599999,328210.783472,1100
LINKUSDT,1558479600000,1.175,1.1967,1.175,1.1798,151765.92,1558483199999,179612.27353,527
LINKUSDT,1558483200000,1.1855,1.22,1.1776,1.2183,139772.77,1558486799999,167373.136463,649
LINKUSDT,1558486800000,1.2194,1.25,1.211,1.25,276239.19,1558490399999,339925.335479,1047
LINKUSDT,1558490400000,1.25,1.4,1.2496,1.37,1334567.31,1558493999999,1781229.161259,4464
LINKUSDT,1558494000000,1.371,1.3721,1.2522,1.2738,807442.92,1558497599999,1051676.611366,3217
LINKUSDT,1558497600000,1.2738,1.3333,1.2294,1.28,816465.54,1558501199999,1045043.212517,2426
LINKUSDT,1558501200000,1.2837,1.2853,1.2459,1.2739,244765.84,1558504799999,310124.337952,968
LINKUSDT,1558504800000,1.27,1.2739,1.2441,1.2512,138748.99,1558508399999,174658.417026,601
LINKUSDT,1558508400000,1.2498,1.2579,1.22,1.255,245309.61,1558511999999,303990.994783,1091
LINKUSDT,1558512000000,1.2569,1.299,1.238,1.25,299586.09,1558515599999,381885.71466,1396
LINKUSDT,1558515600000,1.2452,1.2717,1.233,1.252,254961.08,1558519199999,318367.761665,1083
LINKUSDT,1558519200000,1.249,1.2931,1.2477,1.2738,150115.39,1558522799999,191512.370024,802
LINKUSDT,1558522800000,1.2744,1.3576,1.2651,1.3537,461645.87,1558526399999,607808.397479,1947
LINKUSDT,1558526400000,1.3571,1.395,1.3028,1.3885,622282.68,1558529999999,839981.940325,2983
LINKUSDT,1558530000000,1.3824,1.4492,1.3424,1.394,1147622.53,1558533599999,1603287.112159,4218
LINKUSDT,1558533600000,1.395,1.4286,1.3464,1.3662,593842.0,1558537199999,819966.041502,2407
LINKUSDT,1558537200000,1.3575,1.3662,1.2869,1.3305,604960.37,1558540799999,803136.930621,2378
LINKUSDT,1558540800000,1.3329,1.4296,1.3305,1.3732,498795.3,1558544399999,696310.557074,2473
LINKUSDT,1558544400000,1.3726,1.474,1.368,1.4385,850088.86,1558547999999,1217268.887171,2944
LINKUSDT,1558548000000,1.4401,1.474,1.4131,1.4249,599243.23,1558551599999,865225.152166,1864
LINKUSDT,1558551600000,1.4249,1.4362,1.378,1.3866,471990.13,1558555199999,660973.927575,1683
LINKUSDT,1558555200000,1.3907,1.4474,1.3324,1.3815,670641.4,1558558799999,929272.610534,2357
LINKUSDT,1558558800000,1.3827,1.3851,1.14,1.2085,1653124.76,1558562399999,2089482.038117,4236
LINKUSDT,1558562400000,1.2048,1.338,1.1301,1.2806,1291839.05,1558565999999,1620436.918098,3936
LINKUSDT,1558566000000,1.2765,1.2808,1.2052,1.2205,647306.18,1558569599999,800852.765915,2128
LINKUSDT,1558569600000,1.2205,1.2791,1.18,1.2471,586402.91,1558573199999,720859.527302,2284
LINKUSDT,1558573200000,1.2468,1.2747,1.1617,1.1958,454075.01,1558576799999,550700.809201,1800
LINKUSDT,1558576800000,1.1913,1.2142,1.16,1.1602,561082.78,1558580399999,665210.77356,1690
LINKUSDT,1558580400000,1.1647,1.2077,1.1528,1.196,333077.08,1558583999999,393140.016624,1295
LINKUSDT,1558584000000,1.1949,1.28,1.1863,1.2399,427143.69,1558587599999,526125.68699,1551
LINKUSDT,1558587600000,1.2437,1.2498,1.1856,1.1981,288252.13,1558591199999,347639.584976,1230
LINKUSDT,1558591200000,1.1967,1.2229,1.1608,1.2229,390701.98,1558594799999,462552.744651,1019
LINKUSDT,1558594800000,1.2199,1.2274,1.1959,1.2053,145424.85,1558598399999,175745.408563,593
LINKUSDT,1558598400000,1.2128,1.2219,1.1832,1.1903,165271.77,1558601999999,198646.960269,482
LINKUSDT,1558602000000,1.1934,1.1939,1.1418,1.1895,255004.57,1558605599999,298539.097014,1033
LINKUSDT,1558605600000,1.1886,1.2006,1.1645,1.1968,187734.52,1558609199999,222683.452034,687
LINKUSDT,1558609200000,1.1968,1.2789,1.1929,1.2706,246906.85,1558612799999,306005.873485,1191
LINKUSDT,1558612800000,1.2706,1.3208,1.26,1.3116,367921.51,1558616399999,476196.841704,1874
LINKUSDT,1558616400000,1.3132,1.36,1.2831,1.3226,281298.76,1558619999999,369337.698268,1284
LINKUSDT,1558620000000,1.3313,1.3655,1.3,1.338,455086.09,1558623599999,609058.932358,1804
LINKUSDT,1558623600000,1.338,1.338,1.2798,1.292,216551.07,1558627199999,283049.715995,878
LINKUSDT,1558627200000,1.292,1.3157,1.2586,1.2731,286227.73,1558630799999,367928.608245,1142
LINKUSDT,1558630800000,1.273,1.31,1.273,1.275,163261.0,1558634399999,210458.366774,607
LINKUSDT,1558634400000,1.276,1.3276,1.27,1.3025,256671.79,1558637999999,335296.190334,1156
LINKUSDT,1558638000000,1.3025,1.3142,1.2822,1.2947,96109.97,1558641599999,124780.513045,416
LINKUSDT,1558641600000,1.294,1.3495,1.2881,1.3488,157512.32,1558645199999,207997.458964,873
LINKUSDT,1558645200000,1.3495,1.35,1.311,1.3339,145464.06,1558648799999,193644.890876,743
LINKUSDT,1558648800000,1.3392,1.3589,1.3275,1.3416,213876.96,1558652399999,287318.643029,880
LINKUSDT,1558652400000,1.3418,1.3605,1.32,1.3392,193558.99,1558655999999,259956.429931,941
LINKUSDT,1558656000000,1.3393,1.361,1.33,1.361,152735.98,1558659599999,205386.542237,761
LINKUSDT,1558659600000,1.361,1.395,1.3607,1.3755,249679.91,1558663199999,343629.992696,1302
LINKUSDT,1558663200000,1.3755,1.4347,1.366,1.4329,301594.47,1558666799999,421664.117949,1429
LINKUSDT,1558666800000,1.433,1.433,1.3749,1.417,395082.04,1558670399999,554196.947196,1557
LINKUSDT,1558670400000,1.415,1.427,1.3894,1.4208,300742.43,1558673999999,423859.143799,1088
LINKUSDT,1558674000000,1.4204,1.4246,1.3361,1.3428,541850.43,1558677599999,744999.233649,1777
LINKUSDT,1558677600000,1.3456,1.354,1.3243,1.3306,224310.43,1558681199999,301163.250598,859
LINKUSDT,1558681200000,1.3299,1.3497,1.302,1.3496,248951.67,1558684799999,329262.980142,1151
LINKUSDT,1558684800000,1.3444,1.3651,1.32,1.3611,196365.93,1558688399999,263664.778738,1024
LINKUSDT,1558688400000,1.3567,1.3632,1.33,1.3322,89318.3,1558691999999,120246.025039,558
LINKUSDT,1558692000000,1.3356,1.352,1.2992,1.3205,162626.7,1558695599999,214018.555216,1063
LINKUSDT,1558695600000,1.3205,1.3256,1.2667,1.2934,174306.3,1558699199999,224987.448868,1035
LINKUSDT,1558699200000,1.2924,1.325,1.2846,1.321,133459.2,1558702799999,173502.857429,600
LINKUSDT,1558702800000,1.3201,1.3284,1.252,1.2585,172821.62,1558706399999,222610.945489,1197
LINKUSDT,1558706400000,1.2586,1.2915,1.2267,1.242,325408.46,1558709999999,411954.57396,1118
LINKUSDT,1558710000000,1.2476,1.29,1.2216,1.2659,406431.06,1558713599999,510793.483044,1647
LINKUSDT,1558713600000,1.2631,1.3196,1.2555,1.2807,202378.33,1558717199999,260950.613004,982
LINKUSDT,1558717200000,1.2807,1.3072,1.2618,1.2929,73609.99,1558720799999,94338.113266,498
LINKUSDT,1558720800000,1.2929,1.3,1.2762,1.295,70415.99,1558724399999,90919.189331,386
LINKUSDT,1558724400000,1.2933,1.2999,1.2833,1.292,57340.75,1558727999999,74021.76998,260
LINKUSDT,1558728000000,1.292,1.3097,1.2724,1.2724,72291.2,1558731599999,93435.484616,379
LINKUSDT,1558731600000,1.2712,1.3444,1.2564,1.3426,166367.52,1558735199999,215500.571835,1079
LINKUSDT,1558735200000,1.3426,1.3431,1.289,1.3298,176676.95,1558738799999,233141.326607,1221
LINKUSDT,1558738800000,1.3289,1.3447,1.2888,1.3314,203174.39,1558742399999,267048.845815,914
LINKUSDT,1558742400000,1.3314,1.3376,1.3005,1.3005,55288.06,1558745999999,72768.430339,457
LINKUSDT,1558746000000,1.3031,1.3134,1.2762,1.3134,80408.82,1558749599999,103988.729363,571
LINKUSDT,1558749600000,1.31,1.3146,1.2681,1.273,145507.73,1558753199999,186463.833521,571
LINKUSDT,1558753200000,1.2792,1.2795,1.2499,1.2549,177828.89,1558756799999,223928.988462,649
LINKUSDT,1558756800000,1.2547,1.2796,1.246,1.2769,111931.98,1558760399999,140118.670215,555
LINKUSDT,1558760400000,1.2769,1.2804,1.2201,1.2244,194510.82,1558763999999,241365.810641,749
LINKUSDT,1558764000000,1.2226,1.2411,1.2069,1.2148,164808.38,1558767599999,201077.802022,755
LINKUSDT,1558767600000,1.2125,1.2198,1.1648,1.1736,412677.74,1558771199999,488984.791487,1690
LINKUSDT,1558771200000,1.1736,1.2013,1.17,1.1948,266302.72,1558774799999,316264.736615,923
LINKUSDT,1558774800000,1.1883,1.1962,1.156,1.174,320475.8,1558778399999,375418.914047,1013
LINKUSDT,1558778400000,1.172,1.172,1.1458,1.1601,253137.62,1558781999999,293212.61555,1080
LINKUSDT,1558782000000,1.1601,1.186,1.1501,1.165,311975.93,1558785599999,364686.33089,1117
LINKUSDT,1558785600000,1.162,1.1688,1.1422,1.1491,151856.89,1558789199999,175168.727972,720
LINKUSDT,1558789200000,1.1535,1.1584,1.1023,1.1089,488441.0,1558792799999,548806.26666,1574
LINKUSDT,1558792800000,1.1075,1.1313,1.0961,1.1239,458718.87,1558796399999,511895.487939,1407
LINKUSDT,1558796400000,1.1266,1.16,1.1215,1.1485,370929.31,1558799999999,424846.995527,1143
LINKUSDT,1558800000000,1.1451,1.1537,1.1065,1.1332,371495.06,1558803599999,417496.679686,1189
LINKUSDT,1558803600000,1.1346,1.151,1.1217,1.1331,291660.23,1558807199999,331315.928881,924
LINKUSDT,1558807200000,1.1331,1.154,1.125,1.154,151333.47,1558810799999,172171.707662,632
LINKUSDT,1558810800000,1.1454,1.185,1.136,1.1443,432890.37,1558814399999,504011.154876,1500
LINKUSDT,1558814400000,1.1484,1.1657,1.14,1.1477,243563.68,1558817999999,279658.140643,715
LINKUSDT,1558818000000,1.15,1.185,1.1463,1.1746,195737.0,1558821599999,228477.285374,844
LINKUSDT,1558821600000,1.1744,1.18,1.1155,1.1159,320351.43,1558825199999,366928.199866,1185
LINKUSDT,1558825200000,1.1187,1.1458,1.1111,1.113,273635.7,1558828799999,306793.409753,1051
LINKUSDT,1558828800000,1.113,1.1345,1.1114,1.1293,173746.86,1558832399999,195262.139621,687
LINKUSDT,1558832400000,1.1292,1.1333,1.1145,1.1199,121793.4,1558835999999,136723.547904,502
LINKUSDT,1558836000000,1.1168,1.133,1.1166,1.1265,119522.06,1558839599999,134733.874379,552
LINKUSDT,1558839600000,1.1265,1.1824,1.12,1.17,499493.34,1558843199999,578796.27031,1715
LINKUSDT,1558843200000,1.1662,1.1701,1.1385,1.1397,268409.21,1558846799999,309536.818249,744
LINKUSDT,1558846800000,1.1393,1.1574,1.1375,1.144,106266.75,1558850399999,121723.956645,437
LINKUSDT,1558850400000,1.144,1.1582,1.1111,1.1279,154082.27,1558853999999,173884.036369,842
LINKUSDT,1558854000000,1.1274,1.1452,1.1198,1.1317,107153.19,1558857599999,121445.745894,488
LINKUSDT,1558857600000,1.1322,1.1353,1.1174,1.1216,155780.7,1558861199999,175063.243179,523
LINKUSDT,1558861200000,1.1215,1.13,1.1124,1.128,107777.86,1558864799999,120623.142214,529
LINKUSDT,1558864800000,1.128,1.128,1.116,1.1183,58569.86,1558868399999,65696.472456,373
LINKUSDT,1558868400000,1.1183,1.1233,1.0538,1.0565,432091.04,1558871999999,465420.173118,1683
LINKUSDT,1558872000000,1.0604,1.0998,1.0601,1.0851,253373.42,1558875599999,272667.763349,899
LINKUSDT,1558875600000,1.0851,1.0865,1.0626,1.0707,216939.26,1558879199999,232580.093341,579
LINKUSDT,1558879200000,1.0707,1.0846,1.0571,1.0617,168531.86,1558882799999,180781.795135,701
LINKUSDT,1558882800000,1.0661,1.0696,1.0431,1.06,187460.74,1558886399999,197253.406404,756
LINKUSDT,1558886400000,1.0553,1.0748,1.0376,1.0681,240940.12,1558889999999,253594.524538,910
LINKUSDT,1558890000000,1.068,1.0899,1.043,1.0505,166553.01,1558893599999,176897.656002,737
LINKUSDT,1558893600000,1.0499,1.0614,1.0435,1.0595,115179.16,1558897199999,121310.077425,438
LINKUSDT,1558897200000,1.0595,1.069,1.0347,1.0498,187458.91,1558900799999,196504.82502,978
LINKUSDT,1558900800000,1.045,1.0881,1.034,1.0686,325237.56,1558904399999,346288.226081,1307
LINKUSDT,1558904400000,1.078,1.0946,1.0466,1.0583,325366.07,1558907999999,349313.144675,1195
LINKUSDT,1558908000000,1.0536,1.11,1.0516,1.074,251754.82,1558911599999,271908.592049,1167
LINKUSDT,1558911600000,1.07,1.088,1.0684,1.0828,111123.79,1558915199999,119931.447191,465
LINKUSDT,1558915200000,1.0802,1.1263,1.0802,1.1237,202472.38,1558918799999,223435.111497,903
LINKUSDT,1558918800000,1.1204,1.2279,1.107,1.182,609739.94,1558922399999,709610.34767,2440
LINKUSDT,1558922400000,1.1877,1.245,1.1501,1.2006,685815.41,1558925999999,815684.090053,2846
LINKUSDT,1558926000000,1.2006,1.275,1.1894,1.1967,618251.52,1558929599999,762120.106367,2553
LINKUSDT,1558929600000,1.1946,1.2217,1.1879,1.1921,167509.03,1558933199999,201342.457429,749
LINKUSDT,1558933200000,1.1893,1.24,1.1614,1.2272,427926.05,1558936799999,507509.045913,1493
LINKUSDT,1558936800000,1.2272,1.2514,1.2064,1.2384,246758.43,1558940399999,304489.099413,1036
LINKUSDT,1558940400000,1.2385,1.2495,1.222,1.2419,176006.49,1558943999999,217723.218475,840
LINKUSDT,1558944000000,1.242,1.243,1.1884,1.2152,161124.99,1558947599999,195182.978485,792
LINKUSDT,1558947600000,1.2077,1.2153,1.1755,1.1943,146674.91,1558951199999,174665.285293,851
LINKUSDT,1558951200000,1.1896,1.2067,1.1723,1.1723,159395.36,1558954799999,189319.780956,729
LINKUSDT,1558954800000,1.1749,1.1959,1.172,1.1936,136673.46,1558958399999,161863.840811,536
LINKUSDT,1558958400000,1.1911,1.1932,1.1405,1.164,307637.7,1558961999999,357583.242368,1295
LINKUSDT,1558962000000,1.1629,1.1629,1.1297,1.1506,199807.74,1558965599999,227923.940357,1045
LINKUSDT,1558965600000,1.151,1.1544,1.1117,1.1117,223690.47,1558969199999,252705.627711,1009
LINKUSDT,1558969200000,1.1156,1.1567,1.1005,1.122,268481.03,1558972799999,301866.293903,1138
LINKUSDT,1558972800000,1.1253,1.16,1.0821,1.1052,374319.23,1558976399999,418351.015202,1569
LINKUSDT,1558976400000,1.1052,1.1446,1.1034,1.1198,225628.12,1558979999999,254284.964018,882
LINKUSDT,1558980000000,1.1262,1.1953,1.1104,1.1722,270738.88,1558983599999,315078.238646,1888
LINKUSDT,1558983600000,1.1662,1.1839,1.15,1.1606,113856.14,1558987199999,132778.19078,767
LINKUSDT,1558987200000,1.1629,1.236,1.1613,1.2352,526245.16,1558990799999,635470.596476,1875
LINKUSDT,1558990800000,1.2323,1.25,1.2011,1.23,431439.46,1558994399999,531500.410473,1708
LINKUSDT,1558994400000,1.23,1.2555,1.212,1.2197,346378.73,1558997999999,427331.752325,1222
LINKUSDT,1558998000000,1.219,1.2245,1.185,1.2119,312620.65,1559001599999,376469.782983,1672
LINKUSDT,1559001600000,1.2173,1.2265,1.1585,1.1748,263996.58,1559005199999,312275.923586,1280
LINKUSDT,1559005200000,1.1738,1.22,1.1715,1.2034,130220.56,1559008799999,155661.54863,766
LINKUSDT,1559008800000,1.2036,1.2067,1.178,1.184,107723.61,1559012399999,127971.230335,628
LINKUSDT,1559012400000,1.184,1.1898,1.1711,1.1863,81424.18,1559015999999,95705.775227,340
LINKUSDT,1559016000000,1.1863,1.212,1.1678,1.1686,175182.77,1559019599999,206908.99426,764
LINKUSDT,1559019600000,1.1709,1.1897,1.1444,1.1569,104641.59,1559023199999,121607.938895,617
LINKUSDT,1559023200000,1.1568,1.1837,1.1441,1.1775,100761.22,1559026799999,117104.854022,603
LINKUSDT,1559026800000,1.1775,1.2088,1.1722,1.2021,116812.86,1559030399999,138586.492126,770
LINKUSDT,1559030400000,1.2077,1.2077,1.1778,1.1901,140009.1,1559033999999,166798.022929,732
LINKUSDT,1559034000000,1.1935,1.2294,1.1886,1.2281,94432.13,1559037599999,113563.875861,691
LINKUSDT,1559037600000,1.2242,1.2463,1.2151,1.2189,256719.82,1559041199999,315501.040046,1212
LINKUSDT,1559041200000,1.2183,1.2476,1.2159,1.2476,82561.7,1559044799999,102018.767412,547
LINKUSDT,1559044800000,1.2452,1.2494,1.1947,1.2161,206498.32,1559048399999,251144.001637,1119
LINKUSDT,1559048400000,1.2187,1.2231,1.1645,1.1852,223472.21,1559051999999,264124.58951,1191
LINKUSDT,1559052000000,1.1853,1.2293,1.1853,1.2288,132442.84,1559055599999,160696.539695,767
LINKUSDT,1559055600000,1.2247,1.2288,1.204,1.2116,175985.48,1559059199999,214232.90406,626
LINKUSDT,1559059200000,1.2087,1.2913,1.2028,1.2631,710136.42,1559062799999,893579.623032,3055
LINKUSDT,1559062800000,1.2593,1.2899,1.2359,1.2699,421981.09,1559066399999,533108.682232,1839
LINKUSDT,1559066400000,1.269,1.2882,1.2523,1.266,248375.65,1559069999999,315510.67752,1164
LINKUSDT,1559070000000,1.2656,1.3291,1.2616,1.3223,389711.78,1559073599999,504328.809937,2036
LINKUSDT,1559073600000,1.3245,1.35,1.2989,1.33,435779.8,1559077199999,578569.319041,1941
LINKUSDT,1559077200000,1.3322,1.334,1.2782,1.3034,437484.58,1559080799999,569617.999775,1881
LINKUSDT,1559080800000,1.3094,1.3094,1.2482,1.2593,322416.76,1559084399999,411281.203687,1270
LINKUSDT,1559084400000,1.2618,1.312,1.2586,1.2788,221462.03,1559087999999,283575.545577,951
LINKUSDT,1559088000000,1.2787,1.2844,1.2498,1.25,159862.56,1559091599999,201945.479277,791
LINKUSDT,1559091600000,1.2499,1.2583,1.2098,1.224,393657.08,1559095199999,483026.029427,1738
LINKUSDT,1559095200000,1.2188,1.2239,1.18,1.2047,444896.89,1559098799999,533086.99742,1381
LINKUSDT,1559098800000,1.204,1.2133,1.186,1.1887,135167.28,1559102399999,161963.424626,699
LINKUSDT,1559102400000,1.1915,1.1955,1.162,1.175,248289.66,1559105999999,292047.103065,1031
LINKUSDT,1559106000000,1.173,1.1899,1.1475,1.164,222693.85,1559109599999,259206.584066,851
LINKUSDT,1559109600000,1.164,1.2396,1.16,1.2084,406663.77,1559113199999,488303.577428,1626
LINKUSDT,1559113200000,1.2092,1.234,1.2046,1.233,146232.45,1559116799999,177953.640318,626
LINKUSDT,1559116800000,1.2333,1.2333,1.204,1.21,73655.23,1559120399999,89295.65795,469
LINKUSDT,1559120400000,1.21,1.2192,1.1961,1.2083,58245.08,1559123999999,70234.949999,359
LINKUSDT,1559124000000,1.2124,1.217,1.1989,1.2055,93471.87,1559127599999,112924.167814,367
LINKUSDT,1559127600000,1.2085,1.2288,1.1973,1.215,116509.22,1559131199999,141225.787571,568
LINKUSDT,1559131200000,1.2146,1.23,1.2001,1.2232,96433.98,1559134799999,117111.738054,563
LINKUSDT,1559134800000,1.2244,1.25,1.216,1.217,307736.84,1559138399999,380296.100409,1367
LINKUSDT,1559138400000,1.2171,1.2376,1.214,1.2219,113465.33,1559141999999,138941.834606,661
LINKUSDT,1559142000000,1.229,1.2346,1.2058,1.2143,88541.72,1559145599999,108134.822518,568
LINKUSDT,1559145600000,1.2167,1.2167,1.1905,1.197,187757.26,1559149199999,225421.412911,813
LINKUSDT,1559149200000,1.195,1.2037,1.1747,1.1807,142189.05,1559152799999,168720.097329,734
LINKUSDT,1559152800000,1.1805,1.187,1.1738,1.185,151291.89,1559156399999,178514.250194,523
LINKUSDT,1559156400000,1.1828,1.1932,1.1806,1.1809,87106.61,1559159999999,103312.594311,487
LINKUSDT,1559160000000,1.1809,1.1866,1.1426,1.162,497281.18,1559163599999,578460.17045,2064
LINKUSDT,1559163600000,1.1622,1.1933,1.1601,1.1905,201782.8,1559167199999,238684.324336,864
LINKUSDT,1559167200000,1.1877,1.1912,1.17,1.19,168293.68,1559170799999,199136.551165,747
LINKUSDT,1559170800000,1.19,1.1904,1.1564,1.1725,113168.09,1559174399999,132592.863123,701
LINKUSDT,1559174400000,1.1722,1.18,1.161,1.1615,245926.26,1559177999999,287508.847665,713
LINKUSDT,1559178000000,1.1614,1.1741,1.1326,1.1476,247139.31,1559181599999,284360.509163,1173
LINKUSDT,1559181600000,1.1476,1.1624,1.1248,1.1573,201628.87,1559185199999,229818.766595,1078
LINKUSDT,1559185200000,1.1573,1.165,1.1405,1.1521,142914.75,1559188799999,164746.303536,834
LINKUSDT,1559188800000,1.1521,1.1646,1.1404,1.1531,116820.04,1559192399999,134714.089978,541
LINKUSDT,1559192400000,1.1531,1.1551,1.1295,1.1442,223683.09,1559195999999,254959.593028,885
LINKUSDT,1559196000000,1.1443,1.1523,1.1374,1.144,96093.76,1559199599999,110073.175212,500
LINKUSDT,1559199600000,1.144,1.1799,1.1407,1.1629,160888.79,1559203199999,187169.262646,982
LINKUSDT,1559203200000,1.1668,1.177,1.1559,1.164,105982.52,1559206799999,123894.714866,623
LINKUSDT,1559206800000,1.1678,1.1778,1.1643,1.1761,38432.24,1559210399999,45053.640759,271
LINKUSDT,1559210400000,1.177,1.2,1.1735,1.1993,188177.06,1559213999999,223244.867766,964
LINKUSDT,1559214000000,1.1993,1.2257,1.1934,1.2194,234197.61,1559217599999,284267.119688,1269
LINKUSDT,1559217600000,1.2198,1.2198,1.1818,1.1905,172462.82,1559221199999,206209.082769,818
LINKUSDT,1559221200000,1.1905,1.205,1.178,1.1825,97070.29,1559224799999,115766.771948,612
LINKUSDT,1559224800000,1.1825,1.1966,1.1668,1.1771,188501.42,1559228399999,221618.373325,948
LINKUSDT,1559228400000,1.177,1.2009,1.1506,1.1572,221138.33,1559231999999,260590.934385,1222
LINKUSDT,1559232000000,1.1574,1.1889,1.135,1.1679,600365.52,1559235599999,695233.202534,2612
LINKUSDT,1559235600000,1.1641,1.1685,1.1425,1.1427,159595.87,1559239199999,183774.610565,780
LINKUSDT,1559239200000,1.1427,1.1581,1.1281,1.1567,166469.44,1559242799999,189461.151623,709
LINKUSDT,1559242800000,1.1567,1.1567,0.987,1.1099,2904938.92,1559246399999,3103211.016275,11583
LINKUSDT,1559246400000,1.1082,1.1128,1.02,1.054,1237392.92,1559249999999,1317064.53043,5488
LINKUSDT,1559250000000,1.0537,1.0588,0.9009,0.9795,1686798.37,1559253599999,1648126.159255,5610
LINKUSDT,1559253600000,0.9751,1.02,0.9703,0.9823,545365.95,1559257199999,543710.235873,1707
LINKUSDT,1559257200000,0.983,1.016,0.9744,1.0023,344688.78,1559260799999,343668.568885,1099
LINKUSDT,1559260800000,1.0018,1.0444,0.9989,1.0274,335922.28,1559264399999,344853.121341,1387
LINKUSDT,1559264400000,1.0265,1.0402,1.0,1.0245,405221.06,1559267999999,413626.86662,1073
LINKUSDT,1559268000000,1.034,1.034,0.98,0.985,336472.24,1559271599999,336676.693485,1011
LINKUSDT,1559271600000,0.9853,1.0004,0.9492,0.973,675739.05,1559275199999,655397.320845,1800
LINKUSDT,1559275200000,0.9687,0.9937,0.9437,0.9464,505998.3,1559278799999,486907.246802,1231
LINKUSDT,1559278800000,0.9479,0.9769,0.933,0.9692,354754.3,1559282399999,337583.20525,906
LINKUSDT,1559282400000,0.9705,0.986,0.9686,0.9753,176485.24,1559285999999,172860.68184,579
LINKUSDT,1559286000000,0.9753,0.9806,0.9588,0.9747,111797.0,1559289599999,107960.248237,477
LINKUSDT,1559289600000,0.9747,0.9849,0.9664,0.9769,213839.56,1559293199999,208744.052069,559
LINKUSDT,1559293200000,0.9801,0.9828,0.9626,0.9643,191228.08,1559296799999,185094.371971,461
LINKUSDT,1559296800000,0.9662,0.9827,0.9577,0.9676,499454.13,1559300399999,484535.365662,793
LINKUSDT,1559300400000,0.9676,0.9708,0.9435,0.9541,426715.16,1559303999999,406787.914282,924
LINKUSDT,1559304000000,0.9536,0.9818,0.9524,0.9751,233140.61,1559307599999,225551.984056,770
LINKUSDT,1559307600000,0.975,1.0134,0.975,1.006,462138.65,1559311199999,460263.107149,1604
LINKUSDT,1559311200000,1.0061,1.0296,0.9958,1.018,402661.81,1559314799999,405515.3919,984
LINKUSDT,1559314800000,1.0139,1.017,0.9627,0.9764,538030.55,1559318399999,531401.747435,1621
LINKUSDT,1559318400000,0.9763,0.9983,0.9686,0.985,345401.16,1559321999999,340353.397377,878
LINKUSDT,1559322000000,0.985,0.999,0.9762,0.98,218075.45,1559325599999,214713.511613,631
LINKUSDT,1559325600000,0.98,1.002,0.98,0.9933,365882.2,1559329199999,362778.343707,1036
LINKUSDT,1559329200000,0.993,0.9937,0.9811,0.9851,134404.43,1559332799999,132588.365645,473
LINKUSDT,1559332800000,0.9873,0.9928,0.9809,0.9928,190115.11,1559336399999,187651.550931,570
LINKUSDT,1559336400000,0.9926,1.0005,0.9857,0.9953,282921.48,1559339999999,280770.46283,727
LINKUSDT,1559340000000,0.9953,0.9997,0.9873,0.997,94480.02,1559343599999,93890.54069,413
LINKUSDT,1559343600000,0.998,1.0276,0.9952,1.0189,247675.92,1559347199999,249635.748245,1022
LINKUSDT,1559347200000,1.0236,1.0598,1.0213,1.0448,454261.31,1559350799999,471364.379926,1470
LINKUSDT,1559350800000,1.0454,1.0538,1.035,1.0435,270887.67,1559354399999,282870.315984,900
LINKUSDT,1559354400000,1.0435,1.0435,1.0105,1.023,269028.66,1559357999999,276509.203646,955
LINKUSDT,1559358000000,1.0216,1.0294,0.9978,1.0018,253025.58,1559361599999,256879.188276,780
LINKUSDT,1559361600000,1.0018,1.0051,0.9841,0.9971,337207.73,1559365199999,335819.318975,1026
LINKUSDT,1559365200000,0.9994,1.0059,0.98,0.9885,171577.92,1559368799999,171009.017237,554
LINKUSDT,1559368800000,0.9869,0.9913,0.9772,0.9856,144571.78,1559372399999,142189.123373,449
LINKUSDT,1559372400000,0.9828,1.005,0.9802,1.0044,116895.96,1559375999999,116068.38538,453
LINKUSDT,1559376000000,1.0031,1.0098,0.9962,1.0038,107530.22,1559379599999,107612.260099,367
LINKUSDT,1559379600000,1.0038,1.011,0.9933,0.9946,136506.85,1559383199999,136976.260712,377
LINKUSDT,1559383200000,0.9929,1.0084,0.9908,1.0019,103489.38,1559386799999,103347.175282,459
LINKUSDT,1559386800000,1.0001,1.002,0.9904,0.993,64778.71,1559390399999,64462.394812,241
LINKUSDT,1559390400000,0.993,1.0,0.9918,0.995,96991.85,1559393999999,96510.1418,184
LINKUSDT,1559394000000,0.9945,0.9949,0.985,0.9855,119765.44,1559397599999,118629.846575,276
LINKUSDT,1559397600000,0.9855,0.9908,0.9511,0.9738,286233.47,1559401199999,277252.752815,1070
LINKUSDT,1559401200000,0.969,0.9841,0.9642,0.981,122277.27,1559404799999,118826.076187,395
LINKUSDT,1559404800000,0.981,0.9955,0.9771,0.9929,111693.24,1559408399999,110217.369428,392
LINKUSDT,1559408400000,0.9928,0.9929,0.9819,0.9831,56091.61,1559411999999,55324.84417,205
LINKUSDT,1559412000000,0.9834,0.9885,0.9745,0.9749,70946.54,1559415599999,69606.9907,226
LINKUSDT,1559415600000,0.979,0.9825,0.9672,0.9699,64522.88,1559419199999,62675.029873,322
LINKUSDT,1559419200000,0.9701,0.98,0.9531,0.9685,174551.19,1559422799999,169296.779999,778
LINKUSDT,1559422800000,0.9714,0.9758,0.965,0.9706,96004.66,1559426399999,93075.320275,372
LINKUSDT,1559426400000,0.972,0.9825,0.9642,0.9668,76166.95,1559429999999,74074.515302,383
LINKUSDT,1559430000000,0.9709,0.9714,0.9519,0.956,92896.91,1559433599999,89193.882199,485
LINKUSDT,1559433600000,0.9536,0.975,0.9518,0.9702,95299.13,1559437199999,92061.58262,320
LINKUSDT,1559437200000,0.9702,0.9771,0.9549,0.9621,131103.41,1559440799999,126486.639551,467
LINKUSDT,1559440800000,0.9616,0.9645,0.9474,0.948,145215.66,1559444399999,138498.875645,493
LINKUSDT,1559444400000,0.9486,0.9507,0.9323,0.9447,180248.57,1559447999999,169336.304187,570
LINKUSDT,1559448000000,0.9448,0.9472,0.9385,0.9425,61739.92,1559451599999,58225.025768,271
LINKUSDT,1559451600000,0.9462,0.9586,0.9439,0.9586,57315.17,1559455199999,54402.026537,291
LINKUSDT,1559455200000,0.9586,0.9607,0.953,0.9607,57471.38,1559458799999,55009.504874,299
LINKUSDT,1559458800000,0.9611,0.9662,0.9514,0.959,140953.49,1559462399999,134816.792782,489
LINKUSDT,1559462400000,0.959,0.9757,0.9575,0.9756,194488.17,1559465999999,188324.626096,823
LINKUSDT,1559466000000,0.9756,0.9828,0.9673,0.9706,95533.37,1559469599999,93311.417499,424
LINKUSDT,1559469600000,0.9701,0.9774,0.9665,0.9774,108235.4,1559473199999,105049.093817,360
LINKUSDT,1559473200000,0.9768,0.985,0.9716,0.985,116930.2,1559476799999,114240.952902,341
LINKUSDT,1559476800000,0.9851,0.9931,0.9765,0.9831,126173.38,1559480399999,124149.157722,505
LINKUSDT,1559480400000,0.9831,0.9831,0.9624,0.9788,128622.18,1559483999999,124861.255061,590
LINKUSDT,1559484000000,0.9787,1.0554,0.9787,1.0254,578693.86,1559487599999,591354.057303,2361
LINKUSDT,1559487600000,1.0298,1.05,1.0228,1.026,308901.15,1559491199999,320033.805076,1370
LINKUSDT,1559491200000,1.028,1.029,1.0115,1.0219,151121.08,1559494799999,153988.853812,508
LINKUSDT,1559494800000,1.0215,1.0457,1.0163,1.0163,334674.05,1559498399999,346040.708342,920
LINKUSDT,1559498400000,1.0202,1.03,1.0075,1.0207,95501.98,1559501999999,97384.705197,513
LINKUSDT,1559502000000,1.0207,1.0267,1.0037,1.014,108813.53,1559505599999,110165.11945,415
LINKUSDT,1559505600000,1.0111,1.0324,1.0035,1.0058,112110.85,1559509199999,114458.358365,505
LINKUSDT,1559509200000,1.0058,1.0211,1.004,1.0172,41598.93,1559512799999,42047.789809,217
LINKUSDT,1559512800000,1.0157,1.029,1.0129,1.0208,42549.82,1559516399999,43472.350925,230
LINKUSDT,1559516400000,1.0237,1.0278,1.0123,1.0155,35816.14,1559519999999,36527.09508,260
LINKUSDT,1559520000000,1.0155,1.017,0.9963,0.9964,238623.66,1559523599999,239702.669429,726
LINKUSDT,1559523600000,0.9964,1.0024,0.9828,0.9996,83047.55,1559527199999,82400.575024,473
LINKUSDT,1559527200000,0.9996,1.0168,0.9918,0.995,57306.37,1559530799999,57443.377169,358
LINKUSDT,1559530800000,0.995,1.0006,0.9872,0.9899,43442.82,1559534399999,43171.671934,238
LINKUSDT,1559534400000,0.9903,1.0037,0.986,0.9946,36431.67,1559537999999,36211.881287,278
LINKUSDT,1559538000000,0.9914,1.02,0.9682,0.9791,139093.82,1559541599999,136786.943491,745
LINKUSDT,1559541600000,0.9768,0.9875,0.9629,0.9675,79516.73,1559545199999,77381.817369,498
LINKUSDT,1559545200000,0.9675,0.9675,0.9397,0.963,221533.86,1559548799999,211276.811227,837
LINKUSDT,1559548800000,0.9653,0.9779,0.9607,0.9627,89211.5,1559552399999,86397.941302,443
LINKUSDT,1559552400000,0.9651,0.9676,0.9544,0.9624,93044.59,1559555999999,89266.900676,293
LINKUSDT,1559556000000,0.9587,0.9935,0.9555,0.9837,176740.01,1559559599999,173115.745521,677
LINKUSDT,1559559600000,0.9837,0.9967,0.9776,0.9807,157368.28,1559563199999,155206.441252,450
LINKUSDT,1559563200000,0.9807,1.0,0.9758,0.9981,132452.69,1559566799999,131520.872981,446
LINKUSDT,1559566800000,0.9995,1.0012,0.9804,0.9847,82256.42,1559570399999,81824.130716,418
LINKUSDT,1559570400000,0.9818,0.9915,0.949,0.9531,156471.91,1559573999999,151205.327468,764
LINKUSDT,1559574000000,0.9581,0.9715,0.9431,0.9667,238882.65,1559577599999,228553.946686,674
LINKUSDT,1559577600000,0.9658,0.98,0.9584,0.979,152374.78,1559581199999,147761.599968,344
LINKUSDT,1559581200000,0.976,0.9782,0.9564,0.9721,138006.49,1559584799999,133260.868476,478
LINKUSDT,1559584800000,0.9703,0.98,0.9639,0.9742,36375.82,1559588399999,35342.868141,204
LINKUSDT,1559588400000,0.9774,0.99,0.9678,0.9761,87152.97,1559591999999,84839.609998,319
LINKUSDT,1559592000000,0.9777,0.9824,0.9679,0.972,43566.62,1559595599999,42540.009311,244
LINKUSDT,1559595600000,0.9717,0.9745,0.9453,0.9499,130090.81,1559599199999,124450.93927,512
LINKUSDT,1559599200000,0.949,0.9533,0.9407,0.9446,53429.8,1559602799999,50528.670289,366
LINKUSDT,1559602800000,0.9454,0.9472,0.8853,0.9,642073.51,1559606399999,584371.586382,2470
LINKUSDT,1559606400000,0.8985,0.899,0.8368,0.8705,667633.49,1559609999999,578615.267444,2634
LINKUSDT,1559610000000,0.8738,0.8974,0.8738,0.8857,249115.35,1559613599999,220638.441987,940
LINKUSDT,1559613600000,0.8862,0.8879,0.8731,0.8775,111151.65,1559617199999,97828.625004,410
LINKUSDT,1559617200000,0.8775,0.8821,0.8454,0.8454,108098.95,1559620799999,93230.983533,585
LINKUSDT,1559620800000,0.8459,0.872,0.845,0.8683,98744.15,1559624399999,84657.404563,502
LINKUSDT,1559624400000,0.8712,0.8749,0.86,0.86,61168.72,1559627999999,53124.022415,304
LINKUSDT,1559628000000,0.8619,0.8673,0.8512,0.8555,141557.73,1559631599999,121646.715313,498
LINKUSDT,1559631600000,0.8567,0.8642,0.849,0.8574,169556.27,1559635199999,144891.539059,503
LINKUSDT,1559635200000,0.8574,0.8732,0.8544,0.8705,260274.81,1559638799999,225997.88033,414
LINKUSDT,1559638800000,0.8706,0.8961,0.87,0.8948,151689.46,1559642399999,133303.290734,570
LINKUSDT,1559642400000,0.8901,0.895,0.8792,0.895,43771.65,1559645999999,38990.015226,336
LINKUSDT,1559646000000,0.895,0.8989,0.8859,0.89,69742.9,1559649599999,62336.17869,354
LINKUSDT,1559649600000,0.8925,0.9005,0.8895,0.9005,58374.57,1559653199999,52322.847911,347
LINKUSDT,1559653200000,0.9005,0.9238,0.8993,0.9149,109345.72,1559656799999,99490.910836,647
LINKUSDT,1559656800000,0.9137,0.9221,0.9058,0.909,256787.41,1559660399999,234856.41936,645
LINKUSDT,1559660400000,0.909,0.9299,0.9031,0.9214,232465.39,1559663999999,213291.558257,752
LINKUSDT,1559664000000,0.9244,0.9263,0.9112,0.9178,147342.3,1559667599999,135311.701907,472
LINKUSDT,1559667600000,0.9208,0.9208,0.8668,0.88,441213.89,1559671199999,391429.379856,1322
LINKUSDT,1559671200000,0.88,0.9019,0.8589,0.8686,332739.27,1559674799999,291119.20591,1074
LINKUSDT,1559674800000,0.8671,0.8685,0.845,0.8511,203767.59,1559678399999,173771.869753,819
LINKUSDT,1559678400000,0.851,0.8761,0.8458,0.8761,147531.08,1559681999999,126472.775613,596
LINKUSDT,1559682000000,0.8761,0.8789,0.8416,0.8495,294784.73,1559685599999,252650.033309,796
LINKUSDT,1559685600000,0.8444,0.88,0.84,0.8749,135825.39,1559689199999,117220.48044,529
LINKUSDT,1559689200000,0.8751,0.885,0.8671,0.885,84738.43,1559692799999,74442.250395,323
LINKUSDT,1559692800000,0.885,0.9324,0.8838,0.9199,276664.86,1559696399999,250979.5665,1162
LINKUSDT,1559696400000,0.918,0.995,0.9135,0.96,990052.83,1559699999999,951843.597513,3303
LINKUSDT,1559700000000,0.96,0.9925,0.955,0.9925,659798.62,1559703599999,642699.53283,1149
LINKUSDT,1559703600000,0.9907,1.02,0.9817,0.9976,781012.8,1559707199999,782750.604859,1858
LINKUSDT,1559707200000,0.9977,1.01,0.9714,0.986,576036.59,1559710799999,567807.664675,1590
LINKUSDT,1559710800000,0.9834,0.9944,0.9563,0.9592,289108.34,1559714399999,281561.27021,997
LINKUSDT,1559714400000,0.9593,0.998,0.9437,0.9829,374438.0,1559717999999,362366.386245,1075
LINKUSDT,1559718000000,0.983,1.0073,0.9785,0.9955,268560.81,1559721599999,267447.51986,904
LINKUSDT,1559721600000,0.9955,1.0403,0.9955,1.0107,347566.0,1559725199999,354042.422609,1671
LINKUSDT,1559725200000,1.0106,1.0183,0.9893,0.9915,277051.04,1559728799999,277474.229599,858
LINKUSDT,1559728800000,0.9948,1.0327,0.9909,1.0216,235934.49,1559732399999,237503.961282,730
LINKUSDT,1559732400000,1.0215,1.0319,0.9933,1.0028,157652.71,1559735999999,159768.430523,807
LINKUSDT,1559736000000,1.0028,1.0099,0.985,0.989,163589.63,1559739599999,163103.376695,716
LINKUSDT,1559739600000,0.989,1.0171,0.9835,1.008,157071.09,1559743199999,157788.59891,687
LINKUSDT,1559743200000,1.008,1.0569,0.9688,1.0548,495879.29,1559746799999,498526.302176,2238
LINKUSDT,1559746800000,1.0548,1.07,1.0126,1.0283,1364568.83,1559750399999,1422047.308339,4328
LINKUSDT,1559750400000,1.0275,1.0895,1.0254,1.0598,698002.37,1559753999999,740329.48642,2550
LINKUSDT,1559754000000,1.0611,1.0722,1.0433,1.0649,223193.81,1559757599999,236078.689241,1031
LINKUSDT,1559757600000,1.0649,1.0658,1.0406,1.042,258689.32,1559761199999,271515.312964,683
LINKUSDT,1559761200000,1.0438,1.077,1.0397,1.0721,209048.03,1559764799999,220589.010842,978
LINKUSDT,1559764800000,1.0714,1.0897,1.0555,1.0722,338877.86,1559768399999,363762.197811,1569
LINKUSDT,1559768400000,1.0722,1.0733,1.0326,1.0446,333814.97,1559771999999,350528.654744,1129
LINKUSDT,1559772000000,1.0415,1.0543,1.0308,1.0345,213355.62,1559775599999,221946.142306,736
LINKUSDT,1559775600000,1.0359,1.0991,1.0345,1.096,444635.45,1559779199999,477724.458799,1588
LINKUSDT,1559779200000,1.0959,1.099,1.0777,1.0986,253444.55,1559782799999,274972.532108,839
LINKUSDT,1559782800000,1.0985,1.1194,1.0879,1.0977,434785.29,1559786399999,480612.271837,1515
LINKUSDT,1559786400000,1.0977,1.0978,1.0617,1.0695,355502.68,1559789999999,382958.422125,1315
LINKUSDT,1559790000000,1.0729,1.11,1.0683,1.0979,226447.33,1559793599999,245559.350054,805
LINKUSDT,1559793600000,1.0977,1.116,1.074,1.1012,145841.33,1559797199999,159144.857774,959
LINKUSDT,1559797200000,1.1012,1.12,1.0979,1.12,120107.44,1559800799999,133632.255227,710
LINKUSDT,1559800800000,1.12,1.1445,1.12,1.1283,333935.21,1559804399999,378398.807762,1318
LINKUSDT,1559804400000,1.1265,1.1469,1.1216,1.1337,178492.26,1559807999999,202617.125236,933
LINKUSDT,1559808000000,1.1331,1.1416,1.108,1.112,198827.2,1559811599999,223790.705206,891
LINKUSDT,1559811600000,1.1117,1.1394,1.1101,1.1238,256925.61,1559815199999,290212.042821,753
LINKUSDT,1559815200000,1.124,1.1578,1.1221,1.1541,163567.49,1559818799999,187107.509111,773
LINKUSDT,1559818800000,1.1538,1.1641,1.1415,1.1527,276950.99,1559822399999,319515.880629,1112
LINKUSDT,1559822400000,1.152,1.1848,1.1304,1.1692,407375.97,1559825999999,473548.792463,1780
LINKUSDT,1559826000000,1.1712,1.21,1.1551,1.193,990850.62,1559829599999,1172906.517006,3288
LINKUSDT,1559829600000,1.1968,1.27,1.182,1.2177,1710876.06,1559833199999,2099421.687868,5856
LINKUSDT,1559833200000,1.2176,1.2256,1.1262,1.143,1571967.13,1559836799999,1832115.189946,4745
LINKUSDT,1559836800000,1.143,1.143,1.0945,1.119,1247154.33,1559840399999,1390144.593396,3794
LINKUSDT,1559840400000,1.1185,1.1213,1.1,1.1113,309817.48,1559843999999,344331.417722,951
LINKUSDT,1559844000000,1.1114,1.1145,1.0556,1.11,797324.56,1559847599999,864825.623176,2424
LINKUSDT,1559847600000,1.11,1.1261,1.08,1.0831,337423.41,1559851199999,373604.357276,1308
LINKUSDT,1559851200000,1.08,1.1299,1.0786,1.113,369158.71,1559854799999,409104.537844,1363
LINKUSDT,1559854800000,1.1136,1.138,1.1105,1.132,197104.21,1559858399999,222728.826139,810
LINKUSDT,1559858400000,1.132,1.1352,1.1136,1.1187,100036.23,1559861999999,112493.894587,556
LINKUSDT,1559862000000,1.1186,1.1303,1.1051,1.1098,144319.24,1559865599999,161311.142481,695
LINKUSDT,1559865600000,1.1099,1.1153,1.071,1.0844,290954.18,1559869199999,317122.447569,1206
LINKUSDT,1559869200000,1.0844,1.0934,1.0751,1.086,155865.77,1559872799999,169267.179023,555
LINKUSDT,1559872800000,1.0855,1.1711,1.0831,1.1594,703677.22,1559876399999,804946.921619,2216
LINKUSDT,1559876400000,1.1619,1.1983,1.145,1.1922,697632.79,1559879999999,821838.186256,2716
LINKUSDT,1559880000000,1.1921,1.22,1.144,1.1667,713465.52,1559883599999,850926.084792,3065
LINKUSDT,1559883600000,1.1652,1.1977,1.1652,1.1782,269486.19,1559887199999,318677.94431,1132
LINKUSDT,1559887200000,1.1779,1.196,1.167,1.1863,174054.07,1559890799999,205759.847048,934
LINKUSDT,1559890800000,1.1884,1.1884,1.1629,1.1733,155719.61,1559894399999,182833.578102,563
LINKUSDT,1559894400000,1.1733,1.2,1.1701,1.1941,279137.6,1559897999999,331192.91018,1118
LINKUSDT,1559898000000,1.194,1.1951,1.1744,1.1856,128903.82,1559901599999,152850.957247,421
LINKUSDT,1559901600000,1.1869,1.1929,1.1785,1.1785,46500.2,1559905199999,55135.017474,313
LINKUSDT,1559905200000,1.1784,1.1803,1.1548,1.1792,114496.02,1559908799999,133654.791609,717
LINKUSDT,1559908800000,1.1797,1.1941,1.1702,1.1736,103783.22,1559912399999,122719.75674,614
LINKUSDT,1559912400000,1.1774,1.1803,1.1705,1.172,77569.3,1559915999999,91122.558974,394
LINKUSDT,1559916000000,1.172,1.1757,1.15,1.1663,312423.31,1559919599999,362651.369063,1182
LINKUSDT,1559919600000,1.169,1.1869,1.1552,1.1749,215479.06,1559923199999,251809.057121,997
LINKUSDT,1559923200000,1.1745,1.2108,1.1705,1.1938,412638.14,1559926799999,494207.453918,1325
LINKUSDT,1559926800000,1.1973,1.2589,1.1973,1.2141,825826.88,1559930399999,1018153.485249,2818
LINKUSDT,1559930400000,1.2139,1.2419,1.2047,1.212,260170.79,1559933999999,317109.889288,946
LINKUSDT,1559934000000,1.2134,1.2183,1.1721,1.176,224888.34,1559937599999,267477.476015,1014
LINKUSDT,1559937600000,1.175,1.1756,1.1742,1.1742,829.55,1559941199999,974.747928,12
LINKUSDT,1559941200000,1.1742,1.1742,1.1742,1.1742,0.0,1559941998844,0.0,0
LINKUSDT,1559944800000,1.1748,1.1819,1.1709,1.1763,49591.78,1559948399999,58296.702758,219
LINKUSDT,1559948400000,1.1811,1.1846,1.1702,1.1753,127023.44,1559951999999,149558.444913,388
LINKUSDT,1559952000000,1.1747,1.1777,1.1545,1.1595,137615.15,1559955599999,160274.509959,593
LINKUSDT,1559955600000,1.1568,1.18,1.1511,1.1578,130287.33,1559959199999,151915.482127,561
LINKUSDT,1559959200000,1.1582,1.162,1.1362,1.1442,241354.85,1559962799999,276433.941063,891
LINKUSDT,1559962800000,1.1451,1.1521,1.1381,1.1494,175541.81,1559966399999,201057.46839,427
LINKUSDT,1559966400000,1.1461,1.1608,1.1454,1.1594,106024.08,1559969999999,122419.768648,565
LINKUSDT,1559970000000,1.1601,1.185,1.1551,1.1734,76167.74,1559973599999,89516.9497,554
LINKUSDT,1559973600000,1.1729,1.1755,1.1528,1.1528,75172.26,1559977199999,87405.627745,445
LINKUSDT,1559977200000,1.1563,1.1784,1.1452,1.175,47937.88,1559980799999,55741.055758,369
LINKUSDT,1559980800000,1.1774,1.19,1.1702,1.1809,65934.23,1559984399999,77601.525932,290
LINKUSDT,1559984400000,1.1809,1.19,1.1757,1.19,69129.4,1559987999999,81897.383895,295
LINKUSDT,1559988000000,1.1912,1.1991,1.181,1.1892,89178.69,1559991599999,106179.693897,460
LINKUSDT,1559991600000,1.1868,1.1885,1.1737,1.1821,83434.58,1559995199999,98463.847708,401
LINKUSDT,1559995200000,1.18,1.1805,1.1607,1.164,53435.99,1559998799999,62482.132343,327
LINKUSDT,1559998800000,1.1643,1.179,1.1617,1.179,63283.25,1560002399999,74197.41889,307
LINKUSDT,1560002400000,1.1789,1.1852,1.1703,1.177,64870.4,1560005999999,76544.481433,375
LINKUSDT,1560006000000,1.177,1.177,1.14,1.1541,156331.92,1560009599999,181128.159881,776
LINKUSDT,1560009600000,1.1541,1.1541,1.128,1.1402,234942.39,1560013199999,267558.966505,725
LINKUSDT,1560013200000,1.1382,1.1396,1.1165,1.129,198172.27,1560016799999,222867.204928,718
LINKUSDT,1560016800000,1.129,1.1394,1.129,1.1334,75960.9,1560020399999,86101.683263,402
LINKUSDT,1560020400000,1.1296,1.1397,1.1286,1.131,17815.85,1560023999999,20188.865232,152
LINKUSDT,1560024000000,1.1333,1.1418,1.1286,1.1357,61278.83,1560027599999,69569.028634,242
LINKUSDT,1560027600000,1.1358,1.1411,1.1327,1.1339,116577.58,1560031199999,132367.276459,236
LINKUSDT,1560031200000,1.135,1.1601,1.1312,1.1599,131986.7,1560034799999,151572.467753,577
LINKUSDT,1560034800000,1.16,1.1615,1.1326,1.1326,64642.34,1560038399999,74229.702364,437
LINKUSDT,1560038400000,1.1376,1.1486,1.1329,1.1341,90521.91,1560041999999,103332.751753,324
LINKUSDT,1560042000000,1.1347,1.1453,1.115,1.1176,99483.11,1560045599999,111840.726872,676
LINKUSDT,1560045600000,1.1163,1.1196,1.0953,1.111,158736.21,1560049199999,176083.913788,783
LINKUSDT,1560049200000,1.1125,1.1154,1.0977,1.108,126464.45,1560052799999,139742.949013,427
LINKUSDT,1560052800000,1.1079,1.1178,1.103,1.1154,138130.35,1560056399999,153584.257095,322
LINKUSDT,1560056400000,1.1144,1.1144,1.1032,1.1121,31097.86,1560059999999,34481.922726,178
LINKUSDT,1560060000000,1.1091,1.1164,1.106,1.1164,18103.29,1560063599999,20088.197139,137
LINKUSDT,1560063600000,1.1133,1.125,1.1089,1.1227,168636.43,1560067199999,188304.838196,399
LINKUSDT,1560067200000,1.1225,1.1251,1.1132,1.1133,55230.81,1560070799999,61844.819756,288
LINKUSDT,1560070800000,1.1167,1.1285,1.1014,1.1244,156413.4,1560074399999,174385.185764,639
LINKUSDT,1560074400000,1.1228,1.1249,1.1068,1.1096,66397.36,1560077999999,74034.071284,296
LINKUSDT,1560078000000,1.1117,1.1235,1.1096,1.12,44672.38,1560081599999,49891.551966,256
LINKUSDT,1560081600000,1.1186,1.1212,1.0873,1.088,164644.38,1560085199999,180845.725909,804
LINKUSDT,1560085200000,1.0897,1.0933,1.074,1.078,136423.46,1560088799999,147916.779176,566
LINKUSDT,1560088800000,1.0793,1.083,1.0517,1.0668,403576.29,1560092399999,429291.128267,1266
LINKUSDT,1560092400000,1.0668,1.0701,1.0566,1.0625,84304.08,1560095999999,89543.450547,331
LINKUSDT,1560096000000,1.0625,1.0644,1.0085,1.0301,528012.81,1560099599999,544825.91315,1808
LINKUSDT,1560099600000,1.03,1.0504,1.0223,1.0361,264639.77,1560103199999,274777.963211,660
LINKUSDT,1560103200000,1.0404,1.0559,1.0307,1.0506,89526.09,1560106799999,93260.463492,407
LINKUSDT,1560106800000,1.0506,1.0716,1.0505,1.0536,168008.24,1560110399999,178269.195618,567
LINKUSDT,1560110400000,1.0576,1.0658,1.0392,1.046,169255.31,1560113999999,178068.494232,685
LINKUSDT,1560114000000,1.0476,1.0577,1.0379,1.0458,103248.43,1560117599999,108237.844691,421
LINKUSDT,1560117600000,1.0441,1.0527,1.0358,1.0518,80657.15,1560121199999,84143.562293,402
LINKUSDT,1560121200000,1.0517,1.0682,1.0465,1.0595,198798.36,1560124799999,209613.894925,486
LINKUSDT,1560124800000,1.0595,1.0595,1.0301,1.0416,125067.92,1560128399999,130603.999232,502
LINKUSDT,1560128400000,1.045,1.0604,1.044,1.0484,55760.78,1560131999999,58713.02942,241
LINKUSDT,1560132000000,1.0539,1.0817,1.0492,1.0783,53078.02,1560135599999,56783.063941,295
LINKUSDT,1560135600000,1.0783,1.0932,1.0702,1.0789,154812.49,1560139199999,168092.503851,568
LINKUSDT,1560139200000,1.079,1.125,1.0748,1.1173,276277.9,1560142799999,304779.588293,991
LINKUSDT,1560142800000,1.1146,1.118,1.0828,1.09,147296.5,1560146399999,162232.090934,565
LINKUSDT,1560146400000,1.0906,1.098,1.0837,1.0959,49034.06,1560149999999,53556.05646,299
LINKUSDT,1560150000000,1.0969,1.108,1.0942,1.1025,69813.03,1560153599999,76801.214668,187
LINKUSDT,1560153600000,1.1036,1.1163,1.1029,1.1056,70173.45,1560157199999,77783.918097,294
LINKUSDT,1560157200000,1.1079,1.1139,1.0878,1.0878,50909.6,1560160799999,56032.51216,310
LINKUSDT,1560160800000,1.0879,1.094,1.0761,1.092,70174.98,1560164399999,76000.536149,368
LINKUSDT,1560164400000,1.092,1.1343,1.0827,1.1201,193909.69,1560167999999,216476.974055,802
LINKUSDT,1560168000000,1.12,1.14,1.12,1.1251,137067.83,1560171599999,155333.675461,630
LINKUSDT,1560171600000,1.1251,1.13,1.113,1.1213,67056.98,1560175199999,75303.209835,280
LINKUSDT,1560175200000,1.1213,1.14,1.119,1.1221,118175.38,1560178799999,133258.924288,627
LINKUSDT,1560178800000,1.125,1.128,1.1101,1.12,59817.7,1560182399999,66870.442945,320
LINKUSDT,1560182400000,1.12,1.1293,1.0954,1.108,151417.46,1560185999999,167992.00277,639
LINKUSDT,1560186000000,1.1092,1.12,1.1049,1.115,82586.94,1560189599999,91966.911724,289
LINKUSDT,1560189600000,1.1125,1.1139,1.1032,1.109,20509.86,1560193199999,22734.775031,175
LINKUSDT,1560193200000,1.1072,1.125,1.1068,1.1223,54386.71,1560196799999,60740.360472,344
LINKUSDT,1560196800000,1.122,1.1412,1.1169,1.1256,222918.07,1560200399999,251563.083285,658
LINKUSDT,1560200400000,1.1232,1.148,1.1149,1.1479,105342.18,1560203999999,119368.419885,429
LINKUSDT,1560204000000,1.1431,1.2041,1.132,1.185,869700.73,1560207599999,1024017.21601,2080
LINKUSDT,1560207600000,1.1844,1.2104,1.1595,1.206,355711.69,1560211199999,420577.747324,1378
LINKUSDT,1560211200000,1.2043,1.207,1.165,1.1783,271262.13,1560214799999,320784.138022,1120
LINKUSDT,1560214800000,1.1783,1.203,1.165,1.1907,344461.64,1560218399999,410881.231559,921
LINKUSDT,1560218400000,1.1902,1.193,1.1728,1.1843,75293.27,1560221999999,89025.163503,396
LINKUSDT,1560222000000,1.1851,1.1889,1.172,1.172,47527.88,1560225599999,56145.110802,259
LINKUSDT,1560225600000,1.1717,1.1741,1.149,1.1537,181522.94,1560229199999,210268.069323,663
LINKUSDT,1560229200000,1.151,1.1533,1.1349,1.1415,73824.15,1560232799999,84324.776492,470
LINKUSDT,1560232800000,1.143,1.1739,1.1403,1.1596,198966.09,1560236399999,230402.783161,559
LINKUSDT,1560236400000,1.1596,1.172,1.1471,1.1681,53228.56,1560239999999,61532.373857,355
LINKUSDT,1560240000000,1.168,1.1754,1.1648,1.175,42403.63,1560243599999,49652.967675,283
LINKUSDT,1560243600000,1.1749,1.1774,1.1571,1.163,29780.55,1560247199999,34814.091956,208
LINKUSDT,1560247200000,1.163,1.1631,1.1212,1.1338,179277.97,1560250799999,202751.242313,718
LINKUSDT,1560250800000,1.1365,1.1383,1.1001,1.1113,236947.75,1560254399999,263657.582285,901
LINKUSDT,1560254400000,1.1125,1.1339,1.1123,1.1274,92740.29,1560257999999,104196.731761,406
LINKUSDT,1560258000000,1.1274,1.1444,1.1274,1.1426,93406.04,1560261599999,106149.562563,343
LINKUSDT,1560261600000,1.1391,1.1424,1.1214,1.1259,99566.98,1560265199999,112549.730382,307
LINKUSDT,1560265200000,1.1259,1.1296,1.1118,1.1155,73859.82,1560268799999,82621.89867,362
LINKUSDT,1560268800000,1.1143,1.1296,1.0876,1.1257,268136.47,1560272399999,296844.667224,1209
LINKUSDT,1560272400000,1.1281,1.1289,1.106,1.1288,145620.09,1560275999999,162672.1711,744
LINKUSDT,1560276000000,1.1248,1.1398,1.11,1.1239,185820.43,1560279599999,208753.437605,654
LINKUSDT,1560279600000,1.1237,1.1288,1.1137,1.125,79892.74,1560283199999,89515.503496,298
LINKUSDT,1560283200000,1.124,1.1352,1.113,1.1174,139842.33,1560286799999,157126.291974,512
LINKUSDT,1560286800000,1.1178,1.1309,1.1161,1.1205,56123.82,1560290399999,63131.089203,260
LINKUSDT,1560290400000,1.1203,1.1269,1.1133,1.1231,53560.67,1560293999999,60088.878543,222
LINKUSDT,1560294000000,1.1256,1.1299,1.1204,1.1243,49130.15,1560297599999,55290.194511,236
LINKUSDT,1560297600000,1.1241,1.1276,1.102,1.1058,113889.13,1560301199999,126704.755154,327
LINKUSDT,1560301200000,1.1058,1.1142,1.0986,1.109,53196.83,1560304799999,58794.553976,315
LINKUSDT,1560304800000,1.1091,1.1341,1.1061,1.1268,120642.25,1560308399999,135645.497919,422
LINKUSDT,1560308400000,1.1267,1.1339,1.1101,1.1185,165816.22,1560311999999,185081.98261,551
LINKUSDT,1560312000000,1.1174,1.1255,1.1113,1.1146,23829.55,1560315599999,26652.256068,187
LINKUSDT,1560315600000,1.1125,1.1204,1.1023,1.1094,88176.49,1560319199999,97922.576186,347
LINKUSDT,1560319200000,1.1092,1.11,1.0985,1.1002,62679.7,1560322799999,69140.04472,258
LINKUSDT,1560322800000,1.1054,1.1067,1.0941,1.0999,98389.83,1560326399999,108353.515541,319
LINKUSDT,1560326400000,1.0999,1.1009,1.0875,1.0996,145171.86,1560329999999,158671.82662,535
LINKUSDT,1560330000000,1.0964,1.1074,1.0918,1.1074,42600.69,1560333599999,46843.805681,258
LINKUSDT,1560333600000,1.1061,1.1128,1.1001,1.106,64934.56,1560337199999,71826.790147,299
LINKUSDT,1560337200000,1.106,1.1111,1.0948,1.1071,50223.21,1560340799999,55397.372682,359
LINKUSDT,1560340800000,1.107,1.1111,1.0976,1.1032,45566.99,1560344399999,50420.718982,267
LINKUSDT,1560344400000,1.1032,1.1061,1.0903,1.1052,112440.51,1560347999999,123461.779666,551
LINKUSDT,1560348000000,1.1042,1.1619,1.1041,1.1529,633925.98,1560351599999,723576.911178,2068
LINKUSDT,1560351600000,1.1525,1.1643,1.1377,1.1462,203036.56,1560355199999,233621.752738,855
LINKUSDT,1560355200000,1.1449,1.1505,1.1336,1.1393,96807.3,1560358799999,110536.890764,471
LINKUSDT,1560358800000,1.1392,1.1429,1.1287,1.132,72921.54,1560362399999,82779.314417,299
LINKUSDT,1560362400000,1.132,1.1519,1.1316,1.1351,66314.6,1560365999999,75654.275913,372
LINKUSDT,1560366000000,1.1351,1.1468,1.1316,1.1345,32313.11,1560369599999,36764.367593,206
LINKUSDT,1560369600000,1.1345,1.1427,1.1095,1.1319,130063.83,1560373199999,146206.303923,644
LINKUSDT,1560373200000,1.1322,1.1521,1.1263,1.1419,43107.14,1560376799999,49179.762663,301
LINKUSDT,1560376800000,1.1419,1.1517,1.1352,1.149,51198.93,1560380399999,58649.194319,256
LINKUSDT,1560380400000,1.1454,1.149,1.131,1.1448,35128.93,1560383999999,39913.688322,221
LINKUSDT,1560384000000,1.1448,1.15,1.1313,1.1401,41745.26,1560387599999,47680.478924,347
LINKUSDT,1560387600000,1.1401,1.1457,1.1249,1.1339,26873.67,1560391199999,30443.805432,232
LINKUSDT,1560391200000,1.1339,1.1344,1.123,1.1302,98111.48,1560394799999,110848.86429,179
LINKUSDT,1560394800000,1.1267,1.1328,1.1221,1.1289,56386.86,1560398399999,63656.233777,151
LINKUSDT,1560398400000,1.1282,1.1326,1.1241,1.1254,27615.32,1560401999999,31141.406613,160
LINKUSDT,1560402000000,1.1254,1.139,1.1225,1.135,41664.01,1560405599999,47161.910683,278
LINKUSDT,1560405600000,1.1342,1.1369,1.1261,1.1335,12924.12,1560409199999,14614.056983,112
LINKUSDT,1560409200000,1.1338,1.157,1.1256,1.156,90992.44,1560412799999,104315.807806,599
LINKUSDT,1560412800000,1.1533,1.1587,1.1473,1.1543,38620.26,1560416399999,44601.690042,222
LINKUSDT,1560416400000,1.1499,1.1527,1.1274,1.1376,75565.46,1560419999999,86158.997387,406
LINKUSDT,1560420000000,1.134,1.1457,1.134,1.1357,25063.44,1560423599999,28569.571939,129
LINKUSDT,1560423600000,1.1357,1.15,1.1335,1.1484,33046.74,1560427199999,37742.980909,190
LINKUSDT,1560427200000,1.1484,1.1582,1.1351,1.1451,160207.01,1560430799999,184209.266176,437
LINKUSDT,1560430800000,1.1445,1.1483,1.1326,1.135,101881.51,1560434399999,116269.031689,334
LINKUSDT,1560434400000,1.1369,1.1462,1.1332,1.1398,35631.91,1560437999999,40669.493702,235
LINKUSDT,1560438000000,1.1409,1.1415,1.1126,1.1274,197624.4,1560441599999,222614.806652,813
LINKUSDT,1560441600000,1.1257,1.1295,1.1224,1.1279,46856.88,1560445199999,52829.678532,204
LINKUSDT,1560445200000,1.1283,1.97,1.1265,1.7408,11393959.29,1560448799999,18118240.690454,40723
LINKUSDT,1560448800000,1.7468,1.97,1.7,1.8784,7341944.8,1560452399999,13548583.761162,28973
LINKUSDT,1560452400000,1.8784,1.8902,1.7315,1.7911,4601820.55,1560455999999,8296175.344136,16040
LINKUSDT,1560456000000,1.791,1.806,1.6703,1.7167,2861428.33,1560459599999,4985956.762864,11167
LINKUSDT,1560459600000,1.7148,1.81,1.7023,1.7657,2125734.37,1560463199999,3743846.943088,6260
LINKUSDT,1560463200000,1.7679,1.8444,1.75,1.78,2237408.83,1560466799999,4031482.085997,6079
LINKUSDT,1560466800000,1.7834,1.875,1.7821,1.868,2374931.52,1560470399999,4343683.320736,6897
LINKUSDT,1560470400000,1.868,1.8936,1.68,1.7254,2701169.29,1560473999999,4794738.732214,8866
LINKUSDT,1560474000000,1.7186,1.7242,1.6017,1.6341,2620051.69,1560477599999,4334349.215148,7312
LINKUSDT,1560477600000,1.6353,1.7074,1.6066,1.6295,1619773.91,1560481199999,2688888.437235,4588
LINKUSDT,1560481200000,1.6332,1.6333,1.562,1.5748,1504534.76,1560484799999,2404168.609246,4204
LINKUSDT,1560484800000,1.5758,1.645,1.5408,1.6381,1794373.58,1560488399999,2849804.489064,4928
LINKUSDT,1560488400000,1.6344,1.668,1.588,1.6192,1078355.75,1560491999999,1758487.548125,3681
LINKUSDT,1560492000000,1.6204,1.6549,1.572,1.606,785509.5,1560495599999,1268158.550607,3351
LINKUSDT,1560495600000,1.6093,1.6554,1.55,1.552,1311347.07,1560499199999,2107790.471049,3999
LINKUSDT,1560499200000,1.552,1.6122,1.5047,1.5075,1346462.66,1560502799999,2088741.927147,4590
LINKUSDT,1560502800000,1.5064,1.5949,1.49,1.5694,1586724.5,1560506399999,2457414.656918,4758
LINKUSDT,1560506400000,1.57,1.6286,1.55,1.6024,1012317.36,1560509999999,1605345.136162,4658
LINKUSDT,1560510000000,1.6027,1.6065,1.5319,1.5459,618993.39,1560513599999,970780.962716,2359
LINKUSDT,1560513600000,1.5471,1.5787,1.5029,1.5455,720531.79,1560517199999,1108139.268816,2834
LINKUSDT,1560517200000,1.5532,1.6508,1.51,1.551,1761912.4,1560520799999,2787969.589275,6500
LINKUSDT,1560520800000,1.5507,1.5816,1.5231,1.5428,609838.31,1560524399999,945610.799811,2620
LINKUSDT,1560524400000,1.5428,1.5983,1.5112,1.5764,645307.63,1560527999999,1007212.588146,3002
LINKUSDT,1560528000000,1.5788,1.84,1.5773,1.6913,4150167.18,1560531599999,7124139.320588,15740
LINKUSDT,1560531600000,1.6891,1.8114,1.655,1.6626,2435143.54,1560535199999,4236558.866515,8807
LINKUSDT,1560535200000,1.6627,1.6967,1.6251,1.691,1282839.53,1560538799999,2133230.48371,4485
LINKUSDT,1560538800000,1.6916,1.6949,1.5802,1.6452,988058.78,1560542399999,1602406.445981,3625
LINKUSDT,1560542400000,1.6405,1.6605,1.55,1.5642,1000136.86,1560545999999,1601898.208638,3790
LINKUSDT,1560546000000,1.5647,1.6588,1.553,1.6335,818692.56,1560549599999,1321983.659433,3135
LINKUSDT,1560549600000,1.6334,1.6753,1.6086,1.6426,499322.24,1560553199999,821346.202126,1755
LINKUSDT,1560553200000,1.6425,1.6545,1.6102,1.6395,328059.19,1560556799999,535245.784769,1481
LINKUSDT,1560556800000,1.6364,1.6425,1.6022,1.6149,212397.75,1560560399999,343869.808117,943
LINKUSDT,1560560400000,1.6165,1.7,1.6101,1.6829,485128.55,1560563999999,800612.947217,1822
LINKUSDT,1560564000000,1.6829,1.7013,1.6461,1.6564,328794.85,1560567599999,551090.034338,1544
LINKUSDT,1560567600000,1.6564,1.745,1.6548,1.7349,586849.58,1560571199999,998468.015203,2243
LINKUSDT,1560571200000,1.7349,1.7571,1.6724,1.7305,800990.21,1560574799999,1379674.04009,2816
LINKUSDT,1560574800000,1.7306,1.7569,1.7,1.7249,527569.2,1560578399999,911887.298174,2069
LINKUSDT,1560578400000,1.7225,1.7799,1.7224,1.7534,496722.41,1560581999999,872386.698178,2098
LINKUSDT,1560582000000,1.7532,1.8065,1.72,1.7939,790605.68,1560585599999,1409007.196782,2855
LINKUSDT,1560585600000,1.7939,1.7999,1.7314,1.775,416115.68,1560589199999,732355.001081,2323
LINKUSDT,1560589200000,1.7723,1.7784,1.7124,1.7489,422829.91,1560592799999,735056.896308,1892
LINKUSDT,1560592800000,1.7451,1.776,1.72,1.7487,388459.54,1560596399999,676854.463936,1451
LINKUSDT,1560596400000,1.7488,1.7777,1.7385,1.7389,545100.78,1560599999999,961277.412046,1633
LINKUSDT,1560600000000,1.7389,1.7672,1.7199,1.7228,253743.17,1560603599999,442192.305197,1122
LINKUSDT,1560603600000,1.726,1.7366,1.6523,1.7043,945642.83,1560607199999,1606716.625545,3020
LINKUSDT,1560607200000,1.7007,1.7241,1.6737,1.704,369260.05,1560610799999,626118.802489,1809
LINKUSDT,1560610800000,1.7051,1.7282,1.6661,1.6796,340578.02,1560614399999,577830.745344,1730
LINKUSDT,1560614400000,1.6798,1.735,1.6611,1.6753,668268.33,1560617999999,1135325.66732,2789
LINKUSDT,1560618000000,1.678,1.714,1.6622,1.7052,399804.54,1560621599999,675138.368392,1646
LINKUSDT,1560621600000,1.7034,1.7061,1.677,1.692,172128.06,1560625199999,291100.895759,879
LINKUSDT,1560625200000,1.692,1.7289,1.692,1.7034,545906.09,1560628799999,937229.169775,1479
LINKUSDT,1560628800000,1.7069,1.745,1.6942,1.7335,388043.56,1560632399999,667963.060308,1255
LINKUSDT,1560632400000,1.7351,1.7403,1.7159,1.7341,195314.86,1560635999999,337845.062991,828
LINKUSDT,1560636000000,1.7324,1.7349,1.6847,1.6956,241446.51,1560639599999,412811.524246,1103
LINKUSDT,1560639600000,1.6943,1.7331,1.6943,1.7179,212939.05,1560643199999,365793.628879,1175
LINKUSDT,1560643200000,1.718,1.79,1.706,1.7873,668660.55,1560646799999,1176530.248966,2675
LINKUSDT,1560646800000,1.7873,1.7873,1.727,1.7635,448486.35,1560650399999,789362.122984,2196
LINKUSDT,1560650400000,1.7636,1.7924,1.735,1.7898,291260.8,1560653999999,515702.290795,1272
LINKUSDT,1560654000000,1.7898,1.7899,1.7451,1.7684,192177.26,1560657599999,339928.886912,871
LINKUSDT,1560657600000,1.7741,1.7767,1.7311,1.7402,217338.75,1560661199999,381379.075042,958
LINKUSDT,1560661200000,1.7402,1.7598,1.6931,1.74,539626.11,1560664799999,934090.94599,2989
LINKUSDT,1560664800000,1.7403,1.772,1.7318,1.7468,177674.64,1560668399999,311690.167573,1079
LINKUSDT,1560668400000,1.745,1.7515,1.718,1.7285,178069.7,1560671999999,308308.651969,1070
LINKUSDT,1560672000000,1.7264,1.7288,1.675,1.6903,396117.87,1560675599999,672695.403734,1857
LINKUSDT,1560675600000,1.6871,1.705,1.6682,1.6789,214845.19,1560679199999,361534.088342,1040
LINKUSDT,1560679200000,1.681,1.7081,1.6808,1.6844,151718.72,1560682799999,256974.993611,766
LINKUSDT,1560682800000,1.6853,1.6903,1.6687,1.6713,181483.12,1560686399999,304180.69139,619
LINKUSDT,1560686400000,1.6709,1.674,1.652,1.6588,243414.02,1560689999999,404624.345355,1177
LINKUSDT,1560690000000,1.66,1.6636,1.6071,1.6255,568776.93,1560693599999,926601.066676,2440
LINKUSDT,1560693600000,1.6289,1.6479,1.6202,1.6281,246811.72,1560697199999,403043.975934,1237
LINKUSDT,1560697200000,1.6279,1.6579,1.617,1.6406,301823.25,1560700799999,495478.85943,1389
LINKUSDT,1560700800000,1.64,1.6481,1.601,1.6011,486550.5,1560704399999,786844.628389,1479
LINKUSDT,1560704400000,1.604,1.6298,1.6,1.6269,438916.09,1560707999999,707973.734761,1225
LINKUSDT,1560708000000,1.6269,1.7399,1.614,1.6938,1018806.85,1560711599999,1717101.529783,3967
LINKUSDT,1560711600000,1.6938,1.705,1.6344,1.6568,544928.55,1560715199999,908331.98699,2383
LINKUSDT,1560715200000,1.6568,1.683,1.635,1.6602,163918.81,1560718799999,272445.940886,1038
LINKUSDT,1560718800000,1.6631,1.681,1.6501,1.6746,210754.21,1560722399999,350981.677037,830
LINKUSDT,1560722400000,1.6717,1.7104,1.658,1.7025,254902.71,1560725999999,431507.929413,1157
LINKUSDT,1560726000000,1.703,1.703,1.6538,1.6621,150109.45,1560729599999,251520.740881,832
LINKUSDT,1560729600000,1.6651,1.7006,1.6604,1.6703,100934.58,1560733199999,170110.157795,681
LINKUSDT,1560733200000,1.6701,1.699,1.6607,1.6835,229151.3,1560736799999,383787.596488,863
LINKUSDT,1560736800000,1.685,1.6851,1.6525,1.6555,266655.88,1560740399999,445052.487427,772
LINKUSDT,1560740400000,1.6568,1.6928,1.6568,1.6713,91639.46,1560743999999,153815.962071,560
LINKUSDT,1560744000000,1.6713,1.675,1.659,1.664,109417.51,1560747599999,182265.877452,505
LINKUSDT,1560747600000,1.6668,1.6832,1.6613,1.6682,138836.79,1560751199999,232452.075792,590
LINKUSDT,1560751200000,1.6682,1.6892,1.6669,1.6885,121240.29,1560754799999,203886.488647,657
LINKUSDT,1560754800000,1.6882,1.6966,1.6813,1.6902,113552.68,1560758399999,192012.006066,653
LINKUSDT,1560758400000,1.6927,1.79,1.6887,1.79,1137450.25,1560761999999,1990843.360031,3779
LINKUSDT,1560762000000,1.79,1.8053,1.7623,1.7623,633870.3,1560765599999,1131794.113235,2116
LINKUSDT,1560765600000,1.7623,1.8347,1.7434,1.7945,697576.15,1560769199999,1248349.527735,2959
LINKUSDT,1560769200000,1.7986,1.944,1.7857,1.8791,1597196.68,1560772799999,3007219.360641,6805
LINKUSDT,1560772800000,1.8869,1.9784,1.8792,1.95,1444945.89,1560776399999,2787599.221731,5478
LINKUSDT,1560776400000,1.95,1.96,1.883,1.9195,1020822.98,1560779999999,1952980.76657,3872
LINKUSDT,1560780000000,1.9226,1.938,1.892,1.9104,677737.45,1560783599999,1301485.875902,2212
LINKUSDT,1560783600000,1.9104,1.96,1.8683,1.9207,1040738.76,1560787199999,1998010.480089,3853
LINKUSDT,1560787200000,1.9202,1.95,1.885,1.8907,517057.07,1560790799999,993484.522356,2099
LINKUSDT,1560790800000,1.8908,1.96,1.8802,1.9382,672186.01,1560794399999,1294525.834875,2416
LINKUSDT,1560794400000,1.9383,2.0236,1.933,2.0044,1174651.34,1560797999999,2330329.241056,4045
LINKUSDT,1560798000000,2.0046,2.0776,1.9761,1.9939,2282411.63,1560801599999,4610660.381828,8654
LINKUSDT,1560801600000,1.9914,2.0133,1.8885,1.89,1282869.2,1560805199999,2512807.646456,5589
LINKUSDT,1560805200000,1.8885,1.9298,1.8679,1.9122,606047.09,1560808799999,1153693.724956,2887
LINKUSDT,1560808800000,1.9127,1.9631,1.9109,1.9368,493545.25,1560812399999,958278.881851,1952
LINKUSDT,1560812400000,1.9319,2.0,1.9223,1.9631,615942.99,1560815999999,1207915.867462,2080
LINKUSDT,1560816000000,1.9615,1.9783,1.9062,1.9161,462804.05,1560819599999,894601.538505,1454
LINKUSDT,1560819600000,1.916,1.969,1.881,1.9477,518991.61,1560823199999,1000618.271412,2011
LINKUSDT,1560823200000,1.9441,1.9494,1.9,1.9275,423744.68,1560826799999,811847.378691,1364
LINKUSDT,1560826800000,1.9275,1.9566,1.9101,1.942,307274.63,1560830399999,595215.9453,1448
LINKUSDT,1560830400000,1.9417,2.018,1.931,2.0146,556850.53,1560833999999,1102725.212962,2234
LINKUSDT,1560834000000,2.0143,2.0185,1.952,1.958,476174.7,1560837599999,942618.634624,2103
LINKUSDT,1560837600000,1.9563,1.9951,1.9561,1.9745,294821.31,1560841199999,583209.108993,1374
LINKUSDT,1560841200000,1.9746,1.9761,1.875,1.9012,825977.85,1560844799999,1580573.476753,3399
LINKUSDT,1560844800000,1.9011,1.9413,1.8216,1.8394,1369009.98,1560848399999,2571979.912777,4387
LINKUSDT,1560848400000,1.8394,1.885,1.8134,1.8245,1777973.67,1560851999999,3274940.111685,5052
LINKUSDT,1560852000000,1.8243,1.8506,1.782,1.8054,1009424.45,1560855599999,1832186.998501,3451
LINKUSDT,1560855600000,1.8039,1.8276,1.7652,1.7924,751661.81,1560859199999,1351153.675814,2594
LINKUSDT,1560859200000,1.7871,1.8483,1.76,1.8181,802819.06,1560862799999,1445757.006288,2956
LINKUSDT,1560862800000,1.818,1.8729,1.8139,1.871,752262.6,1560866399999,1388065.078415,2380
LINKUSDT,1560866400000,1.8701,1.8714,1.8025,1.8403,599279.39,1560869999999,1101161.744523,2284
LINKUSDT,1560870000000,1.8414,1.849,1.8061,1.8345,411031.82,1560873599999,750437.486728,1576
LINKUSDT,1560873600000,1.8338,1.8389,1.7682,1.779,493508.96,1560877199999,889453.638949,1693
LINKUSDT,1560877200000,1.7783,1.825,1.7717,1.8154,355834.89,1560880799999,640171.587103,1324
LINKUSDT,1560880800000,1.8148,1.8451,1.81,1.845,209729.51,1560884399999,383858.914115,985
LINKUSDT,1560884400000,1.8451,1.8769,1.8081,1.8259,450838.22,1560887999999,830342.464098,2007
LINKUSDT,1560888000000,1.825,1.8502,1.818,1.8458,251337.14,1560891599999,461558.517264,802
LINKUSDT,1560891600000,1.8483,1.8497,1.7857,1.8058,435889.41,1560895199999,789747.623313,1408
LINKUSDT,1560895200000,1.8094,1.8171,1.785,1.809,217978.75,1560898799999,393137.833548,784
LINKUSDT,1560898800000,1.8067,1.8198,1.791,1.8194,148454.72,1560902399999,268262.483468,647
LINKUSDT,1560902400000,1.8158,1.8449,1.7869,1.8083,486501.2,1560905999999,882390.943208,1696
LINKUSDT,1560906000000,1.8111,1.8278,1.8034,1.8162,124476.88,1560909599999,226352.235583,556
LINKUSDT,1560909600000,1.8159,1.8159,1.805,1.805,112186.93,1560913199999,203131.247147,430
LINKUSDT,1560913200000,1.8047,1.8288,1.8,1.817,180079.23,1560916799999,326360.476627,704
LINKUSDT,1560916800000,1.817,1.8576,1.8152,1.829,459483.4,1560920399999,846153.064565,1530
LINKUSDT,1560920400000,1.8312,1.8455,1.8236,1.8341,137823.11,1560923999999,253098.307029,587
LINKUSDT,1560924000000,1.8361,1.8693,1.8322,1.865,187682.14,1560927599999,347169.701004,894
LINKUSDT,1560927600000,1.8673,1.8679,1.844,1.857,163769.27,1560931199999,304085.588158,774
LINKUSDT,1560931200000,1.857,1.9016,1.8553,1.8918,426249.17,1560934799999,801678.211561,1778
LINKUSDT,1560934800000,1.8904,1.8965,1.8547,1.8718,267045.88,1560938399999,501258.260542,1060
LINKUSDT,1560938400000,1.8729,1.8896,1.8641,1.8709,249299.64,1560941999999,467463.48335,901
LINKUSDT,1560942000000,1.8711,1.8818,1.8454,1.88,192380.7,1560945599999,357877.949156,913
LINKUSDT,1560945600000,1.8815,1.8815,1.8403,1.8499,143987.49,1560949199999,267422.303536,774
LINKUSDT,1560949200000,1.8491,1.8525,1.8235,1.8235,233753.07,1560952799999,429706.408273,1044
LINKUSDT,1560952800000,1.825,1.8705,1.807,1.8352,360104.62,1560956399999,658534.01345,1599
LINKUSDT,1560956400000,1.8351,1.8571,1.8244,1.8511,187350.32,1560959999999,345249.347672,841
LINKUSDT,1560960000000,1.8496,1.8587,1.832,1.8448,129979.19,1560963599999,239958.311906,771
LINKUSDT,1560963600000,1.8468,1.8469,1.8289,1.8349,218573.88,1560967199999,401618.5997,770
LINKUSDT,1560967200000,1.8382,1.8438,1.83,1.8408,76490.09,1560970799999,140455.764071,416
LINKUSDT,1560970800000,1.8409,1.8423,1.8312,1.8423,93513.17,1560974399999,171847.323007,415
LINKUSDT,1560974400000,1.8375,1.8416,1.8181,1.8181,134491.04,1560977999999,245967.313393,699
LINKUSDT,1560978000000,1.8181,1.8482,1.815,1.8442,85347.09,1560981599999,156503.66466,530
LINKUSDT,1560981600000,1.8483,1.8582,1.82,1.8383,152816.7,1560985199999,280734.332891,866
LINKUSDT,1560985200000,1.8364,1.8412,1.831,1.8353,54409.22,1560988799999,99917.369016,395
LINKUSDT,1560988800000,1.8352,1.8365,1.82,1.823,113155.69,1560992399999,206752.819807,552
LINKUSDT,1560992400000,1.823,1.835,1.819,1.8246,75644.81,1560995999999,137943.407157,400
LINKUSDT,1560996000000,1.8246,1.8862,1.8204,1.8621,439899.46,1560999599999,818032.135773,1834
LINKUSDT,1560999600000,1.8613,1.8865,1.8396,1.8479,270327.62,1561003199999,502868.094461,1171
LINKUSDT,1561003200000,1.8463,1.8653,1.832,1.8325,183840.33,1561006799999,340021.011399,962
LINKUSDT,1561006800000,1.834,1.8411,1.8264,1.8329,87315.43,1561010399999,160161.984005,494
LINKUSDT,1561010400000,1.8301,1.8581,1.82,1.8518,133146.56,1561013999999,243805.073888,780
LINKUSDT,1561014000000,1.8525,1.8622,1.8295,1.8434,118779.5,1561017599999,219212.660624,813
LINKUSDT,1561017600000,1.8466,1.847,1.8142,1.8151,111207.42,1561021199999,203000.649819,552
LINKUSDT,1561021200000,1.8185,1.8218,1.805,1.8113,164194.6,1561024799999,297540.722578,755
LINKUSDT,1561024800000,1.817,1.8185,1.7818,1.7873,283496.04,1561028399999,509741.606495,1166
LINKUSDT,1561028400000,1.7868,1.8064,1.775,1.8041,254506.44,1561031999999,455197.987915,1138
LINKUSDT,1561032000000,1.7984,1.8039,1.7435,1.7612,470615.13,1561035599999,829425.072848,1804
LINKUSDT,1561035600000,1.7612,1.7613,1.7285,1.7526,282923.11,1561039199999,493526.65571,1404
LINKUSDT,1561039200000,1.7539,1.781,1.7423,1.7521,259030.76,1561042799999,456497.597963,1324
LINKUSDT,1561042800000,1.7504,1.7506,1.7291,1.7446,229242.01,1561046399999,398588.395252,854
LINKUSDT,1561046400000,1.7453,1.7455,1.7027,1.7195,292089.87,1561049999999,501209.055254,1566
LINKUSDT,1561050000000,1.7195,1.7235,1.7021,1.7144,186313.86,1561053599999,318816.33512,808
LINKUSDT,1561053600000,1.716,1.7405,1.7,1.7075,312493.71,1561057199999,535573.031284,1456
LINKUSDT,1561057200000,1.7079,1.7255,1.7002,1.7112,169970.83,1561060799999,290413.442352,748
LINKUSDT,1561060800000,1.7033,1.7194,1.6859,1.7105,300791.12,1561064399999,511808.367986,1443
LINKUSDT,1561064400000,1.7095,1.74,1.7022,1.7171,203998.6,1561067999999,350366.617214,915
LINKUSDT,1561068000000,1.7165,1.77,1.71,1.7537,160027.36,1561071599999,277503.585315,778
LINKUSDT,1561071600000,1.7532,1.7794,1.7339,1.7656,274017.74,1561075199999,482135.067217,1525
LINKUSDT,1561075200000,1.7671,1.79,1.7553,1.7602,325086.97,1561078799999,577446.09872,1274
LINKUSDT,1561078800000,1.7625,1.7694,1.7001,1.729,480417.55,1561082399999,829793.209426,2240
LINKUSDT,1561082400000,1.7331,1.7473,1.69,1.7007,391513.46,1561085999999,673591.90313,1578
LINKUSDT,1561086000000,1.7028,1.71,1.6601,1.683,584433.39,1561089599999,983170.415251,2251
LINKUSDT,1561089600000,1.682,1.6955,1.6747,1.69,222027.31,1561093199999,374210.257479,1039
LINKUSDT,1561093200000,1.6901,1.6927,1.61,1.6388,834652.62,1561096799999,1371328.061904,2514
LINKUSDT,1561096800000,1.639,1.664,1.6344,1.6502,241723.14,1561100399999,399203.223303,1540
LINKUSDT,1561100400000,1.6502,1.6588,1.6272,1.6273,145170.4,1561103999999,238256.827269,980
LINKUSDT,1561104000000,1.628,1.6356,1.614,1.625,181033.41,1561107599999,294187.301149,1042
LINKUSDT,1561107600000,1.625,1.66,1.623,1.633,380441.42,1561111199999,624712.588987,1488
LINKUSDT,1561111200000,1.6311,1.6574,1.6143,1.6479,294918.31,1561114799999,481396.318647,1391
LINKUSDT,1561114800000,1.6479,1.682,1.6428,1.682,345715.22,1561118399999,573244.795388,1635
LINKUSDT,1561118400000,1.6825,1.6927,1.658,1.6678,274069.08,1561121999999,460423.184057,1397
LINKUSDT,1561122000000,1.6678,1.679,1.6249,1.65,415418.7,1561125599999,683029.258017,1899
LINKUSDT,1561125600000,1.65,1.6903,1.6486,1.6628,190187.82,1561129199999,317927.39593,1140
LINKUSDT,1561129200000,1.6605,1.6894,1.6579,1.684,104213.06,1561132799999,175219.446728,613
LINKUSDT,1561132800000,1.6861,1.6939,1.6584,1.6622,183513.59,1561136399999,307236.350365,876
LINKUSDT,1561136400000,1.6643,1.6728,1.6516,1.6582,134978.07,1561139999999,223912.665501,628
LINKUSDT,1561140000000,1.6582,1.6839,1.649,1.6813,102581.8,1561143599999,170508.674001,562
LINKUSDT,1561143600000,1.6803,1.6862,1.673,1.676,95079.49,1561147199999,159533.128262,437
LINKUSDT,1561147200000,1.676,1.7192,1.6744,1.6902,308233.67,1561150799999,524840.557405,1202
LINKUSDT,1561150800000,1.6937,1.7114,1.6937,1.7072,108177.19,1561154399999,184236.194214,601
LINKUSDT,1561154400000,1.7072,1.742,1.699,1.7382,206315.35,1561157999999,356302.263402,1066
LINKUSDT,1561158000000,1.7382,1.7396,1.6632,1.6883,390537.89,1561161599999,664402.032537,1877
LINKUSDT,1561161600000,1.6895,1.73,1.683,1.7058,234977.73,1561165199999,400666.856616,1407
LINKUSDT,1561165200000,1.7015,1.75,1.6827,1.7293,373654.26,1561168799999,644278.108897,2041
LINKUSDT,1561168800000,1.73,1.7438,1.6952,1.7002,283725.71,1561172399999,487572.043144,1648
LINKUSDT,1561172400000,1.7003,1.7353,1.69,1.7239,193490.87,1561175999999,330844.184957,1620
LINKUSDT,1561176000000,1.7239,1.7315,1.6951,1.7122,136854.92,1561179599999,234822.12708,1044
LINKUSDT,1561179600000,1.7122,1.7195,1.6954,1.7099,127095.21,1561183199999,216354.500627,856
LINKUSDT,1561183200000,1.7098,1.7135,1.6981,1.7036,87331.14,1561186799999,149000.225046,554
LINKUSDT,1561186800000,1.7056,1.7394,1.6998,1.7341,100039.55,1561190399999,171936.198333,731
LINKUSDT,1561190400000,1.7379,1.8,1.73,1.7715,564162.47,1561193999999,996885.707954,2913
LINKUSDT,1561194000000,1.7714,1.8198,1.7574,1.7858,503975.63,1561197599999,905628.179767,2818
LINKUSDT,1561197600000,1.7849,1.8094,1.775,1.8008,284492.99,1561201199999,510292.184259,1544
LINKUSDT,1561201200000,1.8007,1.8033,1.7707,1.78,190118.17,1561204799999,339628.455628,934
LINKUSDT,1561204800000,1.7801,1.7918,1.727,1.7403,342636.56,1561208399999,600426.052227,2629
LINKUSDT,1561208400000,1.7404,1.7909,1.7328,1.79,353225.46,1561211999999,621138.664402,2109
LINKUSDT,1561212000000,1.7884,1.8,1.72,1.7678,570169.06,1561215599999,1001002.526825,2909
LINKUSDT,1561215600000,1.7678,1.7939,1.7358,1.7687,291789.45,1561219199999,515871.061877,1673
LINKUSDT,1561219200000,1.7637,1.789,1.7624,1.7747,80853.81,1561222799999,143476.102639,798
LINKUSDT,1561222800000,1.7747,1.8,1.7691,1.7861,188518.75,1561226399999,337466.164395,1205
LINKUSDT,1561226400000,1.7863,1.947,1.7823,1.9343,1560335.75,1561229999999,2939127.963453,6898
LINKUSDT,1561230000000,1.9394,1.9394,1.8261,1.8435,1223884.71,1561233599999,2291257.634781,5515
LINKUSDT,1561233600000,1.8435,1.8774,1.8307,1.8403,165084.4,1561237199999,305983.700783,1338
LINKUSDT,1561237200000,1.839,1.8427,1.8089,1.83,257360.08,1561240799999,468977.982503,1100
LINKUSDT,1561240800000,1.8318,1.8444,1.8089,1.8252,164187.37,1561244399999,299869.076987,1053
LINKUSDT,1561244400000,1.8225,1.8499,1.8089,1.8428,169759.49,1561247999999,311443.590539,1261
LINKUSDT,1561248000000,1.8429,1.8445,1.8012,1.8117,234206.97,1561251599999,425507.448723,1292
LINKUSDT,1561251600000,1.8089,1.8506,1.807,1.837,164591.05,1561255199999,301540.145906,1018
LINKUSDT,1561255200000,1.837,1.8673,1.8355,1.8611,214290.27,1561258799999,397402.648019,1126
LINKUSDT,1561258800000,1.8611,1.8799,1.8307,1.8421,182463.68,1561262399999,338746.962649,1394
LINKUSDT,1561262400000,1.8421,1.8498,1.8191,1.827,190418.25,1561265999999,349106.107294,987
LINKUSDT,1561266000000,1.8325,1.8469,1.8054,1.813,118742.95,1561269599999,217273.910947,902
LINKUSDT,1561269600000,1.8168,1.8535,1.8133,1.84,81784.98,1561273199999,150006.412641,899
LINKUSDT,1561273200000,1.8398,1.85,1.8123,1.82,121607.33,1561276799999,223266.41042,1016
LINKUSDT,1561276800000,1.8216,1.8393,1.814,1.8288,72461.96,1561280399999,132730.763465,484
LINKUSDT,1561280400000,1.8288,1.8373,1.8062,1.8235,88646.1,1561283999999,161615.706129,775
LINKUSDT,1561284000000,1.8239,1.8337,1.8133,1.8205,47158.95,1561287599999,86074.838198,502
LINKUSDT,1561287600000,1.8196,1.8529,1.816,1.8514,73042.6,1561291199999,134380.802294,635
LINKUSDT,1561291200000,1.8513,1.8603,1.8409,1.8573,102460.43,1561294799999,189441.264982,791
LINKUSDT,1561294800000,1.8538,1.91,1.8473,1.8806,332929.0,1561298399999,625155.262046,2210
LINKUSDT,1561298400000,1.88,1.895,1.8686,1.8699,167514.09,1561301999999,315317.643577,1392
LINKUSDT,1561302000000,1.8685,1.8725,1.8199,1.8529,536134.35,1561305599999,985958.726785,2591
LINKUSDT,1561305600000,1.8537,1.8742,1.8273,1.8716,162791.31,1561309199999,301504.371362,1104
LINKUSDT,1561309200000,1.8739,1.88,1.8608,1.8735,83490.21,1561312799999,156464.681227,758
LINKUSDT,1561312800000,1.8735,1.8735,1.835,1.8377,122534.58,1561316399999,226499.106506,962
LINKUSDT,1561316400000,1.8377,1.8534,1.7894,1.8047,394534.27,1561319999999,715249.457329,2642
LINKUSDT,1561320000000,1.8068,1.8398,1.7767,1.7847,209871.42,1561323599999,377787.104911,2208
LINKUSDT,1561323600000,1.7841,1.8298,1.772,1.8111,396434.22,1561327199999,713809.690451,2386
LINKUSDT,1561327200000,1.8133,1.8171,1.7702,1.7897,229533.02,1561330799999,410846.396781,1600
LINKUSDT,1561330800000,1.7858,1.8397,1.7795,1.8169,275724.1,1561334399999,500210.488451,2032
LINKUSDT,1561334400000,1.8169,1.835,1.792,1.8245,209682.57,1561337999999,380293.089766,1642
LINKUSDT,1561338000000,1.8245,1.842,1.8147,1.828,151667.33,1561341599999,278120.942144,1180
LINKUSDT,1561341600000,1.8288,1.8505,1.8204,1.8464,88121.36,1561345199999,162238.589955,822
LINKUSDT,1561345200000,1.8494,1.8504,1.829,1.8347,35192.99,1561348799999,64605.829691,493
LINKUSDT,1561348800000,1.8341,1.8352,1.79,1.8095,79982.15,1561352399999,144850.492603,824
LINKUSDT,1561352400000,1.8102,1.8323,1.8027,1.8209,69754.73,1561355999999,127251.209986,675
LINKUSDT,1561356000000,1.8207,1.84,1.8121,1.8323,51394.57,1561359599999,93945.271721,556
LINKUSDT,1561359600000,1.8323,1.8445,1.8261,1.8261,37960.92,1561363199999,69774.944752,483
LINKUSDT,1561363200000,1.8295,1.8479,1.8264,1.841,36332.6,1561366799999,66779.157588,428
LINKUSDT,1561366800000,1.841,1.841,1.8302,1.8322,38596.97,1561370399999,70793.634086,366
LINKUSDT,1561370400000,1.8326,1.859,1.8326,1.8327,119807.42,1561373999999,221236.288747,882
LINKUSDT,1561374000000,1.8327,1.8448,1.83,1.8445,64173.19,1561377599999,117905.704687,442
LINKUSDT,1561377600000,1.8448,1.8799,1.8429,1.8563,138450.18,1561381199999,257722.241399,1155
LINKUSDT,1561381200000,1.8532,1.8735,1.8464,1.8622,81866.73,1561384799999,152415.8715,617
LINKUSDT,1561384800000,1.8622,1.8884,1.8577,1.8765,118225.71,1561388399999,221600.23385,957
LINKUSDT,1561388400000,1.8758,1.88,1.8537,1.8616,140491.74,1561391999999,262023.9592,1053
LINKUSDT,1561392000000,1.8616,1.8723,1.8135,1.8379,299191.14,1561395599999,552421.219176,2011
LINKUSDT,1561395600000,1.8352,1.852,1.8256,1.8382,59737.4,1561399199999,109701.276153,664
LINKUSDT,1561399200000,1.8383,1.8482,1.8214,1.8453,59434.44,1561402799999,108897.147234,632
LINKUSDT,1561402800000,1.8453,1.85,1.8266,1.8402,81897.54,1561406399999,150597.39649,762
LINKUSDT,1561406400000,1.8387,1.8656,1.8387,1.8602,125991.85,1561409999999,233405.501973,911
LINKUSDT,1561410000000,1.8602,1.8705,1.8518,1.8626,75537.62,1561413599999,141074.46322,609
LINKUSDT,1561413600000,1.866,1.8705,1.8549,1.87,153479.24,1561417199999,286911.700534,658
LINKUSDT,1561417200000,1.87,1.8705,1.8593,1.8689,67517.43,1561420799999,126164.545073,374
LINKUSDT,1561420800000,1.8689,1.8828,1.8613,1.8799,109792.3,1561424399999,205778.868085,690
LINKUSDT,1561424400000,1.8771,1.924,1.8713,1.9225,357422.42,1561427999999,679375.384306,1285
LINKUSDT,1561428000000,1.9201,2.0775,1.9102,2.0312,1845558.92,1561431599999,3709958.259693,8876
LINKUSDT,1561431600000,2.0346,2.125,1.9919,2.0061,1945254.98,1561435199999,4020165.607492,7751
LINKUSDT,1561435200000,2.0061,2.0814,1.995,2.0733,435773.84,1561438799999,887214.308015,2779
LINKUSDT,1561438800000,2.0733,2.107,2.053,2.0731,436132.17,1561442399999,908939.348644,2740
LINKUSDT,1561442400000,2.0731,2.0875,2.0219,2.08,353492.26,1561445999999,724548.400654,2618
LINKUSDT,1561446000000,2.08,2.1427,2.06,2.0834,579042.22,1561449599999,1218460.080735,3171
LINKUSDT,1561449600000,2.0834,2.1171,2.0574,2.0746,188214.85,1561453199999,392632.178973,1504
LINKUSDT,1561453200000,2.072,2.0949,2.0652,2.0938,145476.16,1561456799999,302927.395427,1215
LINKUSDT,1561456800000,2.0937,2.0937,2.0516,2.0753,231928.98,1561460399999,480896.527394,1560
LINKUSDT,1561460400000,2.0753,2.115,2.0683,2.1142,237601.66,1561463999999,495378.415115,1613
LINKUSDT,1561464000000,2.1142,2.192,2.0773,2.1105,1254953.99,1561467599999,2676879.760801,6183
LINKUSDT,1561467600000,2.1105,2.1317,2.0852,2.13,349366.6,1561471199999,737849.783032,1652
LINKUSDT,1561471200000,2.13,2.1802,2.1249,2.1564,574076.5,1561474799999,1236039.367902,3082
LINKUSDT,1561474800000,2.1623,2.2485,2.1536,2.1572,1288680.9,1561478399999,2845869.120232,6507
LINKUSDT,1561478400000,2.1572,2.38,2.1571,2.358,1709570.41,1561481999999,3893672.89963,8505
LINKUSDT,1561482000000,2.3546,2.3657,2.2689,2.3143,1381203.79,1561485599999,3211446.671069,6807
LINKUSDT,1561485600000,2.312,2.3929,2.2991,2.382,508393.49,1561489199999,1191562.571737,3192
LINKUSDT,1561489200000,2.382,2.4254,2.2566,2.2769,1134880.99,1561492799999,2670048.728604,7117
LINKUSDT,1561492800000,2.277,2.4273,2.0441,2.1461,3407471.7,1561496399999,7674087.620292,17664
LINKUSDT,1561496400000,2.1362,2.1926,2.08,2.1199,2069873.88,1561499999999,4429627.298112,8212
LINKUSDT,1561500000000,2.1176,2.22,2.1171,2.1714,958437.21,1561503599999,2081743.645771,5035
LINKUSDT,1561503600000,2.1727,2.2133,2.1402,2.1928,502018.16,1561507199999,1099592.301808,2968
LINKUSDT,1561507200000,2.1931,2.199,2.0601,2.0829,1069101.48,1561510799999,2261437.496173,5263
LINKUSDT,1561510800000,2.0832,2.1262,2.0724,2.0879,430433.72,1561514399999,901523.419449,2728
LINKUSDT,1561514400000,2.085,2.1272,2.0816,2.1097,290449.13,1561517999999,612154.049033,2084
LINKUSDT,1561518000000,2.1138,2.1232,2.0231,2.0657,615415.17,1561521599999,1267659.812044,3820
LINKUSDT,1561521600000,2.0644,2.1509,2.06,2.0883,587779.76,1561525199999,1235967.676833,4035
LINKUSDT,1561525200000,2.0878,2.1943,2.0545,2.1836,685343.75,1561528799999,1460457.328152,4543
LINKUSDT,1561528800000,2.181,2.22,2.11,2.1418,753350.05,1561532399999,1636000.579383,4074
LINKUSDT,1561532400000,2.1411,2.1832,2.1105,2.1483,269682.34,1561535999999,578481.994017,2348
LINKUSDT,1561536000000,2.1483,2.18,2.1266,2.135,270657.71,1561539599999,586424.377986,1764
LINKUSDT,1561539600000,2.1351,2.1642,2.12,2.1277,197419.26,1561543199999,423021.102826,1261
LINKUSDT,1561543200000,2.1277,2.1439,2.1202,2.1297,127902.02,1561546799999,272569.091819,990
LINKUSDT,1561546800000,2.1344,2.1919,2.132,2.1767,296743.78,1561550399999,643807.95556,2032
LINKUSDT,1561550400000,2.1793,2.19,2.13,2.13,288521.89,1561553999999,621231.617058,1935
LINKUSDT,1561554000000,2.1329,2.1524,2.1,2.1175,368350.16,1561557599999,781600.499753,2156
LINKUSDT,1561557600000,2.1159,2.141,2.0915,2.1262,186846.68,1561561199999,394930.522448,1613
LINKUSDT,1561561200000,2.125,2.1368,2.0816,2.1143,299515.66,1561564799999,630162.881601,1748
LINKUSDT,1561564800000,2.1151,2.12,2.05,2.0501,631100.17,1561568399999,1308068.109122,3544
LINKUSDT,1561568400000,2.0501,2.5,2.0444,2.3066,4487658.06,1561571999999,10408783.025042,21668
LINKUSDT,1561572000000,2.3134,2.39,2.28,2.3341,846428.26,1561575599999,1973481.51198,5939
LINKUSDT,1561575600000,2.3332,2.3841,2.32,2.347,535585.28,1561579199999,1259228.349602,3341
LINKUSDT,1561579200000,2.347,2.35,2.0792,2.19,1101173.71,1561582799999,2438429.120617,5882
LINKUSDT,1561582800000,2.1882,2.3,2.0777,2.299,1089906.53,1561586399999,2394065.584294,7600
LINKUSDT,1561586400000,2.2995,2.348,2.2566,2.3303,509289.07,1561589999999,1177404.884131,3989
LINKUSDT,1561590000000,2.3373,2.3463,2.2437,2.28,376208.39,1561593599999,866402.922913,2943
LINKUSDT,1561593600000,2.2821,2.3879,2.2691,2.383,435863.76,1561597199999,1009301.470275,3520
LINKUSDT,1561597200000,2.383,2.44,2.2821,2.3643,974814.5,1561600799999,2315426.532263,7530
LINKUSDT,1561600800000,2.3609,2.48,2.3512,2.4552,1021418.87,1561604399999,2483570.595984,6029
LINKUSDT,1561604400000,2.4543,2.4552,2.332,2.3925,487119.99,1561607999999,1161747.396322,3842
LINKUSDT,1561608000000,2.3925,2.4963,2.39,2.4675,591347.69,1561611599999,1450055.138165,3949
LINKUSDT,1561611600000,2.4667,2.555,2.38,2.5219,1209048.42,1561615199999,3008652.434469,6208
LINKUSDT,1561615200000,2.5189,2.539,2.33,2.4249,1212299.61,1561618799999,2941507.167444,7196
LINKUSDT,1561618800000,2.4278,2.4499,2.3406,2.3796,598153.02,1561622399999,1431087.986501,3362
LINKUSDT,1561622400000,2.3782,2.3829,2.3041,2.3436,451789.83,1561625999999,1057823.149702,3009
LINKUSDT,1561626000000,2.3411,2.3632,2.25,2.3051,680609.56,1561629599999,1563277.242292,4098
LINKUSDT,1561629600000,2.307,2.41,2.3024,2.3495,724572.3,1561633199999,1720550.342708,3920
LINKUSDT,1561633200000,2.3562,2.4203,2.3388,2.419,342772.65,1561636799999,821765.733376,2355
LINKUSDT,1561636800000,2.419,2.42,2.3136,2.3383,373462.58,1561640399999,882458.310186,2618
LINKUSDT,1561640400000,2.3379,2.3706,2.31,2.3311,341274.57,1561643999999,798828.792755,2430
LINKUSDT,1561644000000,2.3279,2.367,2.29,2.3493,382264.82,1561647599999,889963.463368,2735
LINKUSDT,1561647600000,2.3494,2.3517,2.295,2.315,374434.21,1561651199999,867027.930613,2513
LINKUSDT,1561651200000,2.3135,2.345,2.203,2.203,721472.04,1561654799999,1626459.954203,4958
LINKUSDT,1561654800000,2.203,2.2125,2.1123,2.1971,862926.17,1561658399999,1872850.442675,5187
LINKUSDT,1561658400000,2.1971,2.28,2.1802,2.2757,457709.23,1561661999999,1021726.667081,2873
LINKUSDT,1561662000000,2.2748,2.2748,2.1874,2.2286,357411.18,1561665599999,795141.078866,2036
LINKUSDT,1561665600000,2.2289,2.2356,2.1403,2.2322,309604.79,1561669199999,677121.99546,2484
LINKUSDT,1561669200000,2.2301,2.32,2.2297,2.2646,558084.17,1561672799999,1277047.405204,4083
LINKUSDT,1561672800000,2.27,2.33,2.2677,2.2933,239800.34,1561676399999,553542.702116,2059
LINKUSDT,1561676400000,2.2971,2.32,2.2345,2.2879,324172.95,1561679999999,738021.634362,2674
LINKUSDT,1561680000000,2.2912,2.2995,2.2439,2.2619,292051.86,1561683599999,664085.584944,2150
LINKUSDT,1561683600000,2.2619,2.29,2.2201,2.2808,219513.05,1561687199999,496062.511835,2014
LINKUSDT,1561687200000,2.2808,2.2923,2.2475,2.2548,131890.26,1561690799999,300168.518651,1171
LINKUSDT,1561690800000,2.2574,2.2648,2.215,2.2267,159113.88,1561694399999,355782.840224,1126
LINKUSDT,1561694400000,2.2278,2.2795,2.2198,2.2634,119768.79,1561697999999,269189.915005,1364
LINKUSDT,1561698000000,2.2622,2.2773,2.2273,2.2773,92248.72,1561701599999,207448.092769,1050
LINKUSDT,1561701600000,2.2775,2.2926,2.2525,2.278,136727.27,1561705199999,311781.563649,1345
LINKUSDT,1561705200000,2.278,2.2885,2.2512,2.2588,161323.28,1561708799999,366583.790312,1353
LINKUSDT,1561708800000,2.2602,2.2919,2.2521,2.2775,177175.48,1561712399999,403394.658584,1107
LINKUSDT,1561712400000,2.2804,2.2889,2.25,2.2696,269102.08,1561715999999,608782.2684,1795
LINKUSDT,1561716000000,2.2699,2.2998,2.2653,2.2733,87404.72,1561719599999,199449.520901,1089
LINKUSDT,1561719600000,2.2733,2.309,2.26,2.284,142050.06,1561723199999,324974.728029,1436
LINKUSDT,1561723200000,2.2822,2.3008,2.26,2.2679,138410.35,1561726799999,315368.548632,1114
LINKUSDT,1561726800000,2.2686,2.2935,2.2547,2.285,150301.59,1561730399999,342083.719362,1102
LINKUSDT,1561730400000,2.2829,2.2996,2.2693,2.2758,143883.87,1561733999999,328891.411534,1009
LINKUSDT,1561734000000,2.2758,2.3796,2.2758,2.372,412523.34,1561737599999,959084.696794,2513
LINKUSDT,1561737600000,2.3724,2.555,2.353,2.5107,1227093.97,1561741199999,3026068.031673,7490
LINKUSDT,1561741200000,2.5107,2.78,2.4706,2.6812,4221300.03,1561744799999,11227766.831611,21453
LINKUSDT,1561744800000,2.6816,2.704,2.6,2.6274,1186366.02,1561748399999,3153907.376307,7011
LINKUSDT,1561748400000,2.6221,2.7595,2.6084,2.7483,991305.7,1561751999999,2666880.053214,6129
LINKUSDT,1561752000000,2.7495,2.92,2.74,2.8567,2257752.38,1561755599999,6375924.195421,13423
LINKUSDT,1561755600000,2.8567,2.9321,2.8125,2.8878,1200808.53,1561759199999,3446857.576419,7721
LINKUSDT,1561759200000,2.8932,2.9043,2.7839,2.8414,678167.7,1561762799999,1925576.723658,4716
LINKUSDT,1561762800000,2.8455,3.0981,2.8455,3.0392,1597664.31,1561766399999,4799374.764562,9889
LINKUSDT,1561766400000,3.0391,3.2577,2.9499,3.2577,1529758.98,1561769999999,4702153.878671,10463
LINKUSDT,1561770000000,3.259,3.4044,3.17,3.2597,2458162.94,1561773599999,8024909.340106,13658
LINKUSDT,1561773600000,3.2532,3.7875,3.2,3.6809,3759147.99,1561777199999,12957809.795261,20370
LINKUSDT,1561777200000,3.6875,3.6912,3.2369,3.47,4568537.93,1561780799999,15702002.709785,22319
LINKUSDT,1561780800000,3.47,3.4746,3.1033,3.4405,2575658.04,1561784399999,8431201.651526,13888
LINKUSDT,1561784400000,3.4405,3.4464,3.2406,3.2597,936517.27,1561787999999,3122559.472003,6208
LINKUSDT,1561788000000,3.2656,3.3928,3.18,3.375,989347.0,1561791599999,3265836.913816,6681
LINKUSDT,1561791600000,3.3779,3.5361,3.261,3.5071,1214156.64,1561795199999,4129131.669089,7377
LINKUSDT,1561795200000,3.5022,3.6443,3.44,3.5765,1463194.04,1561798799999,5193162.97198,9724
LINKUSDT,1561798800000,3.574,3.5814,3.35,3.39,1308204.57,1561802399999,4543212.445356,8874
LINKUSDT,1561802400000,3.39,3.487,3.2711,3.372,959448.68,1561805999999,3250380.648818,7093
LINKUSDT,1561806000000,3.3746,3.475,3.3458,3.427,549005.45,1561809599999,1879031.968356,4674
LINKUSDT,1561809600000,3.4253,3.59,3.4055,3.5699,1029120.98,1561813199999,3621025.758202,7404
LINKUSDT,1561813200000,3.5703,4.4147,3.5528,4.14,7168411.07,1561816799999,29050338.752776,42405
LINKUSDT,1561816800000,4.1506,4.3499,3.911,4.2093,4945519.83,1561820399999,20290933.945198,28473
LINKUSDT,1561820400000,4.2101,4.234,3.945,4.1199,2504453.73,1561823999999,10194264.429256,15722
LINKUSDT,1561824000000,4.1143,4.5826,4.08,4.44,4614438.88,1561827599999,20138473.717704,28820
LINKUSDT,1561827600000,4.44,4.4798,4.1799,4.2128,2360650.46,1561831199999,10172258.885731,16000
LINKUSDT,1561831200000,4.2136,4.3763,4.1257,4.2055,1782176.69,1561834799999,7552390.64374,11911
LINKUSDT,1561834800000,4.2055,4.37,4.1801,4.2622,1151975.43,1561838399999,4931068.309,8458
LINKUSDT,1561838400000,4.2624,4.4592,4.0523,4.1786,2083866.66,1561841999999,8980116.244058,13762
LINKUSDT,1561842000000,4.1816,4.2714,4.05,4.1415,1428098.8,1561845599999,5946990.280392,10169
LINKUSDT,1561845600000,4.1409,4.27,4.08,4.1619,848349.09,1561849199999,3556573.431941,6507
LINKUSDT,1561849200000,4.1612,4.1658,3.6492,3.7125,3294383.09,1561852799999,12689900.282351,18959
LINKUSDT,1561852800000,3.7051,4.0908,3.682,3.8773,1906467.62,1561856399999,7446599.163075,14935
LINKUSDT,1561856400000,3.877,3.8819,3.701,3.7735,1122452.59,1561859999999,4247087.77854,8939
LINKUSDT,1561860000000,3.7847,4.08,3.65,3.9607,1561225.46,1561863599999,5987936.441058,11833
LINKUSDT,1561863600000,3.9607,4.0488,3.855,3.8901,752002.33,1561867199999,2969297.110355,7654
LINKUSDT,1561867200000,3.8935,4.215,3.8748,4.148,1353989.96,1561870799999,5554714.656022,10510
LINKUSDT,1561870800000,4.148,4.1923,4.0205,4.0205,683865.11,1561874399999,2821831.912246,6175
LINKUSDT,1561874400000,4.0267,4.1045,3.8975,3.9399,655013.89,1561877999999,2612996.280145,6170
LINKUSDT,1561878000000,3.9398,3.9953,3.8139,3.8655,756968.75,1561881599999,2956974.236793,6353
LINKUSDT,1561881600000,3.8657,3.9994,3.86,3.91,451279.2,1561885199999,1779734.316262,3746
LINKUSDT,1561885200000,3.91,4.095,3.8775,4.0396,747917.97,1561888799999,2988596.100395,6316
LINKUSDT,1561888800000,4.05,4.1899,4.0121,4.1802,1262734.22,1561892399999,5186066.011327,9332
LINKUSDT,1561892400000,4.1802,4.22,4.018,4.0899,1181936.71,1561895999999,4890694.045647,8156
LINKUSDT,1561896000000,4.09,4.1724,4.0703,4.1516,496610.82,1561899599999,2044392.638397,4192
LINKUSDT,1561899600000,4.1516,4.1901,3.72,3.78,1611458.77,1561903199999,6386092.44988,11616
LINKUSDT,1561903200000,3.7742,4.0699,3.7726,4.0083,1643508.39,1561906799999,6399290.844662,10502
LINKUSDT,1561906800000,4.0,4.0499,3.825,3.9186,972354.67,1561910399999,3807697.16288,6973
LINKUSDT,1561910400000,3.92,3.9619,3.7946,3.9397,912098.72,1561913999999,3539255.869981,6616
LINKUSDT,1561914000000,3.9338,3.9889,3.8365,3.8967,555676.58,1561917599999,2167097.965316,4582
LINKUSDT,1561917600000,3.897,3.9284,3.8551,3.8831,366862.57,1561921199999,1427183.921094,2435
LINKUSDT,1561921200000,3.8806,3.8806,3.7749,3.81,451754.99,1561924799999,1729776.326649,3768
LINKUSDT,1561924800000,3.8198,3.839,3.66,3.6838,883005.71,1561928399999,3286057.130481,7398
LINKUSDT,1561928400000,3.6836,3.7627,3.51,3.5258,1006012.43,1561931999999,3672055.832654,7092
LINKUSDT,1561932000000,3.5257,3.58,3.23,3.3609,2195629.77,1561935599999,7477460.594506,13348
LINKUSDT,1561935600000,3.377,3.56,3.301,3.3885,1667235.39,1561939199999,5753054.590682,10914
LINKUSDT,1561939200000,3.3885,3.6342,3.3835,3.6116,1023203.19,1561942799999,3601626.677028,7196
LINKUSDT,1561942800000,3.6055,3.6578,3.5001,3.5118,751697.29,1561946399999,2702291.847572,5190
LINKUSDT,1561946400000,3.5116,3.5779,3.4737,3.4952,482482.48,1561949999999,1700890.52119,3618
LINKUSDT,1561950000000,3.495,3.5799,3.4215,3.5285,487750.95,1561953599999,1708196.671031,4035
LINKUSDT,1561953600000,3.5306,3.58,3.5107,3.5309,255297.07,1561957199999,904520.228769,2500
LINKUSDT,1561957200000,3.5266,3.5375,3.4406,3.5,423187.32,1561960799999,1475075.402892,3013
LINKUSDT,1561960800000,3.5011,3.5075,3.45,3.4932,283343.8,1561964399999,985248.90657,2580
LINKUSDT,1561964400000,3.4927,3.53,3.4576,3.4687,268580.78,1561967999999,939406.43269,2233
LINKUSDT,1561968000000,3.4703,3.4703,3.3585,3.4501,438224.18,1561971599999,1498320.070044,3536
LINKUSDT,1561971600000,3.4501,3.4546,3.3119,3.3525,523424.28,1561975199999,1763140.272671,3709
LINKUSDT,1561975200000,3.3552,3.3764,3.1831,3.2597,865200.31,1561978799999,2817996.320408,5898
LINKUSDT,1561978800000,3.2509,3.4336,3.2509,3.43,525984.31,1561982399999,1754465.267788,4328
LINKUSDT,1561982400000,3.43,3.4877,3.2252,3.2984,1005701.99,1561985999999,3377937.655635,7322
LINKUSDT,1561986000000,3.2978,3.3128,3.2319,3.235,383526.55,1561989599999,1256847.772166,2838
LINKUSDT,1561989600000,3.2349,3.2531,2.99,3.0013,1839477.84,1561993199999,5698818.520982,10049
LINKUSDT,1561993200000,3.0162,3.17,2.9266,3.1584,2611345.04,1561996799999,8012371.504393,13262
LINKUSDT,1561996800000,3.1546,3.1945,3.0677,3.0859,1007544.1,1562000399999,3160146.097632,6133
LINKUSDT,1562000400000,3.0878,3.4374,3.0733,3.4106,1646935.86,1562003999999,5328532.57304,9287
LINKUSDT,1562004000000,3.4191,3.636,3.3473,3.4463,2925525.15,1562007599999,10180026.475901,18244
LINKUSDT,1562007600000,3.4442,3.455,3.1501,3.3355,1547455.31,1562011199999,5140525.256972,10030
LINKUSDT,1562011200000,3.3321,3.45,3.3248,3.3908,897371.07,1562014799999,3049708.692427,6553
LINKUSDT,1562014800000,3.3958,3.5469,3.3925,3.5176,944502.46,1562018399999,3286662.185298,5929
LINKUSDT,1562018400000,3.5195,3.862,3.453,3.83,2081856.97,1562021999999,7600473.041329,12907
LINKUSDT,1562022000000,3.8301,3.8399,3.5808,3.6369,2099138.44,1562025599999,7772091.542671,13625
LINKUSDT,1562025600000,3.6476,3.76,3.61,3.6103,1104732.04,1562029199999,4072804.262836,8411
LINKUSDT,1562029200000,3.6102,3.6133,3.3606,3.4037,1173745.47,1562032799999,4097207.273002,7573
LINKUSDT,1562032800000,3.4037,3.4913,3.3822,3.42,693862.99,1562036399999,2395576.566852,4355
LINKUSDT,1562036400000,3.42,3.4604,3.4,3.417,311448.92,1562039999999,1066800.389595,2287
LINKUSDT,1562040000000,3.4155,3.4258,3.201,3.311,1063488.73,1562043599999,3490304.835237,7445
LINKUSDT,1562043600000,3.2991,3.39,3.21,3.3069,852632.44,1562047199999,2792449.228401,5992
LINKUSDT,1562047200000,3.2985,3.4467,3.2618,3.365,833896.07,1562050799999,2802320.322972,6233
LINKUSDT,1562050800000,3.3605,3.4251,3.3018,3.3693,550647.21,1562054399999,1852830.172402,3830
LINKUSDT,1562054400000,3.3743,3.53,3.3482,3.4739,679128.58,1562057999999,2352697.035691,5228
LINKUSDT,1562058000000,3.473,3.6782,3.4656,3.5733,1637311.77,1562061599999,5874080.26961,10867
LINKUSDT,1562061600000,3.5733,3.645,3.4834,3.5444,1022162.89,1562065199999,3633725.737754,6609
LINKUSDT,1562065200000,3.5558,3.6,3.375,3.5104,1198583.65,1562068799999,4186005.708756,7873
LINKUSDT,1562068800000,3.5175,3.7462,3.4999,3.65,1484736.85,1562072399999,5408360.277872,10489
LINKUSDT,1562072400000,3.6562,3.7946,3.6142,3.7943,1849548.37,1562075999999,6866437.189761,12118
LINKUSDT,1562076000000,3.7901,3.9914,3.7556,3.8532,3499465.42,1562079599999,13590715.474275,22773
LINKUSDT,1562079600000,3.8535,3.9282,3.7201,3.8838,2027247.62,1562083199999,7765236.945455,14072
LINKUSDT,1562083200000,3.8858,3.8951,3.75,3.8097,994221.24,1562086799999,3795858.708938,7809
LINKUSDT,1562086800000,3.81,3.8283,3.63,3.63,1079423.34,1562090399999,4034889.176051,7465
LINKUSDT,1562090400000,3.63,3.7346,3.5894,3.6789,1426487.38,1562093999999,5222415.453652,9067
LINKUSDT,1562094000000,3.6815,3.77,3.6076,3.6737,955801.46,1562097599999,3534269.468113,7035
LINKUSDT,1562097600000,3.6736,3.7083,3.5733,3.6222,785013.52,1562101199999,2850600.494277,6121
LINKUSDT,1562101200000,3.6198,3.7974,3.595,3.7361,788214.15,1562104799999,2920907.850437,6417
LINKUSDT,1562104800000,3.7362,3.742,3.6643,3.6695,362782.68,1562108399999,1340913.963776,2966
LINKUSDT,1562108400000,3.6695,3.775,3.6683,3.7453,319702.56,1562111999999,1192880.362444,3119
LINKUSDT,1562112000000,3.7441,3.76,3.6098,3.6461,745593.07,1562115599999,2735912.73031,5754
LINKUSDT,1562115600000,3.6413,3.829,3.5906,3.7774,771458.36,1562119199999,2866339.064205,7070
LINKUSDT,1562119200000,3.7774,3.8036,3.6751,3.6839,520974.94,1562122799999,1950556.974366,4303
LINKUSDT,1562122800000,3.6839,3.7615,3.6839,3.7351,318741.82,1562126399999,1188924.503839,2713
LINKUSDT,1562126400000,3.7377,3.8857,3.7325,3.845,779407.4,1562129999999,2972125.018997,5669
LINKUSDT,1562130000000,3.85,3.8714,3.7217,3.7718,713090.25,1562133599999,2698614.624876,5650
LINKUSDT,1562133600000,3.7756,3.79,3.6951,3.7557,412292.31,1562137199999,1540204.524049,3953
LINKUSDT,1562137200000,3.752,3.7908,3.7175,3.7278,298604.78,1562140799999,1120166.662349,2413
LINKUSDT,1562140800000,3.7278,3.7392,3.645,3.7004,439491.87,1562144399999,1622537.238323,3588
LINKUSDT,1562144400000,3.7097,3.75,3.6737,3.7419,260563.14,1562147999999,969853.389864,3026
LINKUSDT,1562148000000,3.7482,3.7483,3.7032,3.7305,268247.56,1562151599999,999327.201364,2455
LINKUSDT,1562151600000,3.73,3.7375,3.6768,3.6806,244298.32,1562155199999,904893.629471,1811
LINKUSDT,1562155200000,3.6805,3.7099,3.6212,3.6533,568857.11,1562158799999,2084237.487521,3775
LINKUSDT,1562158800000,3.66,3.6707,3.6027,3.6522,493690.06,1562162399999,1793483.45349,3635
LINKUSDT,1562162400000,3.6486,3.6706,3.612,3.63,380631.74,1562165999999,1384042.255596,2680
LINKUSDT,1562166000000,3.6301,3.6646,3.63,3.649,198772.53,1562169599999,724755.552355,1739
LINKUSDT,1562169600000,3.6475,3.78,3.642,3.657,809125.42,1562173199999,3009083.157008,6448
LINKUSDT,1562173200000,3.657,3.6857,3.6427,3.6719,295095.74,1562176799999,1081640.908303,2236
LINKUSDT,1562176800000,3.6717,3.6719,3.62,3.645,267952.39,1562180399999,974762.813319,2204
LINKUSDT,1562180400000,3.644,3.67,3.6001,3.609,277112.22,1562183999999,1007461.646801,2452
LINKUSDT,1562184000000,3.6139,3.6598,3.6041,3.6357,201167.14,1562187599999,730416.328887,1663
LINKUSDT,1562187600000,3.6361,3.6497,3.604,3.613,122836.71,1562191199999,444975.491773,1042
LINKUSDT,1562191200000,3.6128,3.6128,3.511,3.5719,960461.78,1562194799999,3413827.390487,6709
LINKUSDT,1562194800000,3.5765,3.6319,3.4769,3.49,762152.51,1562198399999,2701172.422826,4609
LINKUSDT,1562198400000,3.4854,3.61,3.4826,3.5686,527746.01,1562201999999,1871175.201173,4146
LINKUSDT,1562202000000,3.5687,3.5938,3.515,3.5312,255923.72,1562205599999,909203.14239,2088
LINKUSDT,1562205600000,3.5335,3.5686,3.4558,3.48,334861.58,1562209199999,1173440.601952,2669
LINKUSDT,1562209200000,3.48,3.5373,3.417,3.4487,458267.55,1562212799999,1590110.483923,3830
LINKUSDT,1562212800000,3.4483,3.471,3.4176,3.47,294988.51,1562216399999,1014566.682833,2356
LINKUSDT,1562216400000,3.4714,3.472,3.407,3.4222,174955.0,1562219999999,601587.427541,1666
LINKUSDT,1562220000000,3.4261,3.47,3.361,3.4062,432281.92,1562223599999,1471149.61177,3381
LINKUSDT,1562223600000,3.4063,3.4177,3.243,3.28,748116.36,1562227199999,2474826.099293,5385
LINKUSDT,1562227200000,3.28,3.4625,3.204,3.4617,758902.92,1562230799999,2509694.337144,6041
LINKUSDT,1562230800000,3.4585,3.5998,3.3799,3.5781,963910.01,1562234399999,3368029.693527,7851
LINKUSDT,1562234400000,3.5781,3.5899,3.4605,3.5572,438813.48,1562237999999,1545634.304013,3965
LINKUSDT,1562238000000,3.5574,3.5666,3.421,3.4443,435580.39,1562241599999,1515251.715306,3392
LINKUSDT,1562241600000,3.4413,3.4744,3.3341,3.3899,479577.06,1562245199999,1625592.27051,3990
LINKUSDT,1562245200000,3.39,3.473,3.35,3.4067,610935.29,1562248799999,2083700.341744,4757
LINKUSDT,1562248800000,3.4053,3.4173,3.33,3.3919,331398.51,1562252399999,1117371.91834,3064
LINKUSDT,1562252400000,3.3954,3.4478,3.3582,3.413,357931.39,1562255999999,1218723.565709,2905
LINKUSDT,1562256000000,3.4111,3.4285,3.3615,3.3728,197735.37,1562259599999,668901.441584,1883
LINKUSDT,1562259600000,3.3728,3.3943,3.3,3.3321,329540.11,1562263199999,1100966.065269,2560
LINKUSDT,1562263200000,3.3303,3.385,3.3131,3.3512,211142.28,1562266799999,707015.090088,2018
LINKUSDT,1562266800000,3.3512,3.3943,3.318,3.3593,182942.32,1562270399999,613490.831904,2087
LINKUSDT,1562270400000,3.3572,3.3801,3.32,3.3391,229405.88,1562273999999,768020.206446,2336
LINKUSDT,1562274000000,3.3391,3.3799,3.3391,3.3737,142003.44,1562277599999,477250.948112,1448
LINKUSDT,1562277600000,3.3769,3.519,3.3732,3.407,588424.22,1562281199999,2032627.983339,4881
LINKUSDT,1562281200000,3.409,3.4947,3.352,3.453,395053.43,1562284799999,1350102.731134,4244
LINKUSDT,1562284800000,3.4555,3.6475,3.441,3.5658,1258399.45,1562288399999,4487038.688112,8901
LINKUSDT,1562288400000,3.5625,3.6137,3.505,3.55,482642.84,1562291999999,1712383.449278,3959
LINKUSDT,1562292000000,3.55,3.695,3.55,3.6811,672321.1,1562295599999,2436840.252143,5450
LINKUSDT,1562295600000,3.6773,3.7,3.6004,3.633,589779.33,1562299199999,2152399.849009,4770
LINKUSDT,1562299200000,3.6329,3.6529,3.4754,3.5638,545925.42,1562302799999,1939717.411463,4563
LINKUSDT,1562302800000,3.5661,3.65,3.5153,3.6178,332277.95,1562306399999,1193674.477878,3623
LINKUSDT,1562306400000,3.6149,3.625,3.4816,3.4918,382894.38,1562309999999,1356171.249126,3674
LINKUSDT,1562310000000,3.4957,3.55,3.455,3.521,479564.51,1562313599999,1682463.27415,4032
LINKUSDT,1562313600000,3.52,3.628,3.5185,3.563,419570.69,1562317199999,1503150.060646,3692
LINKUSDT,1562317200000,3.563,3.5861,3.4899,3.5346,295364.16,1562320799999,1044817.852213,2930
LINKUSDT,1562320800000,3.5341,3.5366,3.485,3.4854,201153.92,1562324399999,705162.255586,1845
LINKUSDT,1562324400000,3.4854,3.5408,3.4741,3.4969,225607.16,1562327999999,792761.183145,1915
LINKUSDT,1562328000000,3.497,3.6225,3.4801,3.6194,374302.2,1562331599999,1333352.257204,3373
LINKUSDT,1562331600000,3.6156,3.7393,3.582,3.6001,664885.97,1562335199999,2425727.06668,5717
LINKUSDT,1562335200000,3.6005,3.68,3.589,3.6413,452030.39,1562338799999,1641209.178509,3583
LINKUSDT,1562338800000,3.6413,3.645,3.562,3.5804,270432.36,1562342399999,971340.587944,2285
LINKUSDT,1562342400000,3.5804,3.6432,3.5554,3.6231,316629.13,1562345999999,1141463.25116,3052
LINKUSDT,1562346000000,3.6231,3.7,3.5919,3.7,483065.14,1562349599999,1770564.650828,3756
LINKUSDT,1562349600000,3.6999,3.7,3.6047,3.6323,353162.89,1562353199999,1288768.05078,2644
LINKUSDT,1562353200000,3.6323,3.68,3.6215,3.6424,230788.82,1562356799999,843840.885818,1986
LINKUSDT,1562356800000,3.6342,3.6548,3.57,3.6008,314327.35,1562360399999,1132565.886679,3039
LINKUSDT,1562360400000,3.6008,3.6454,3.585,3.6372,202008.67,1562363999999,731102.013943,1767
LINKUSDT,1562364000000,3.6364,3.75,3.6226,3.6666,661238.05,1562367599999,2444813.577466,5154
LINKUSDT,1562367600000,3.6604,3.6836,3.6,3.64,327453.98,1562371199999,1192256.259483,3093
LINKUSDT,1562371200000,3.64,3.6611,3.58,3.5971,472309.46,1562374799999,1703734.618149,3683
LINKUSDT,1562374800000,3.5973,3.63,3.5705,3.5971,337995.73,1562378399999,1213656.873155,2389
LINKUSDT,1562378400000,3.5932,3.5977,3.512,3.5499,380196.11,1562381999999,1347064.955847,2792
LINKUSDT,1562382000000,3.5497,3.55,3.5002,3.5007,167726.61,1562385599999,590117.0649,1695
LINKUSDT,1562385600000,3.5003,3.5459,3.4802,3.539,301066.59,1562389199999,1058922.173272,2295
LINKUSDT,1562389200000,3.5452,3.565,3.5246,3.5437,166191.29,1562392799999,589447.935114,1831
LINKUSDT,1562392800000,3.5396,3.5547,3.5171,3.5196,122574.56,1562396399999,433065.053236,1356
LINKUSDT,1562396400000,3.52,3.5544,3.5101,3.53,117420.87,1562399999999,414875.597146,1119
LINKUSDT,1562400000000,3.53,3.5341,3.5049,3.525,102817.51,1562403599999,361868.22236,1215
LINKUSDT,1562403600000,3.529,3.5336,3.5045,3.51,53727.48,1562407199999,188794.795574,673
LINKUSDT,1562407200000,3.5145,3.53,3.51,3.5149,68969.28,1562410799999,242632.521031,812
LINKUSDT,1562410800000,3.5126,3.64,3.5104,3.6153,323768.2,1562414399999,1160842.714781,3107
LINKUSDT,1562414400000,3.6168,3.6272,3.5415,3.557,204292.29,1562417999999,733126.560071,2255
LINKUSDT,1562418000000,3.5672,3.59,3.5238,3.546,182508.1,1562421599999,649661.067264,1558
LINKUSDT,1562421600000,3.5426,3.5482,3.5073,3.5135,226804.89,1562425199999,798411.869363,1586
LINKUSDT,1562425200000,3.518,3.532,3.482,3.4822,325598.79,1562428799999,1141520.331197,2985
LINKUSDT,1562428800000,3.4822,3.5423,3.4716,3.5153,343379.34,1562432399999,1204182.976813,2725
LINKUSDT,1562432400000,3.5148,3.5299,3.506,3.5168,65233.0,1562435999999,229501.581519,738
LINKUSDT,1562436000000,3.5211,3.5211,3.4941,3.5059,94505.46,1562439599999,331195.320355,844
LINKUSDT,1562439600000,3.5087,3.5475,3.48,3.535,170358.37,1562443199999,599444.512594,1517
LINKUSDT,1562443200000,3.5321,3.56,3.5137,3.56,97110.15,1562446799999,343604.375393,1130
LINKUSDT,1562446800000,3.5601,3.5691,3.5109,3.5396,150431.2,1562450399999,532520.623541,1690
LINKUSDT,1562450400000,3.5388,3.5841,3.4865,3.4943,208142.51,1562453999999,736146.193847,1815
LINKUSDT,1562454000000,3.4941,3.5301,3.4384,3.4603,296070.22,1562457599999,1028435.895536,2212
LINKUSDT,1562457600000,3.465,3.4982,3.4412,3.4709,114753.57,1562461199999,398278.860895,1319
LINKUSDT,1562461200000,3.4717,3.5038,3.45,3.4977,107625.77,1562464799999,374436.197364,932
LINKUSDT,1562464800000,3.4998,3.5035,3.4569,3.4681,89367.21,1562468399999,311091.188838,907
LINKUSDT,1562468400000,3.468,3.47,3.397,3.4104,250031.88,1562471999999,855218.848491,2146
LINKUSDT,1562472000000,3.4147,3.415,3.35,3.3805,307555.75,1562475599999,1039752.6796,2732
LINKUSDT,1562475600000,3.3775,3.4199,3.3749,3.4172,144279.26,1562479199999,490579.281806,1245
LINKUSDT,1562479200000,3.4153,3.4196,3.359,3.385,184441.49,1562482799999,624797.217372,1446
LINKUSDT,1562482800000,3.385,3.39,3.3559,3.3729,118820.22,1562486399999,400700.63594,1115
LINKUSDT,1562486400000,3.37,3.3778,3.3251,3.3614,219153.81,1562489999999,733528.351473,2079
LINKUSDT,1562490000000,3.3658,3.4292,3.3615,3.428,155150.57,1562493599999,526416.433378,1472
LINKUSDT,1562493600000,3.428,3.4399,3.3398,3.3554,238141.91,1562497199999,803886.615251,2072
LINKUSDT,1562497200000,3.3575,3.3712,3.2723,3.316,811049.44,1562500799999,2685258.91957,5270
LINKUSDT,1562500800000,3.316,3.41,3.3025,3.3874,608951.19,1562504399999,2050110.620013,4404
LINKUSDT,1562504400000,3.3854,3.4181,3.3521,3.404,336052.82,1562507999999,1140319.755249,2291
LINKUSDT,1562508000000,3.3979,3.4156,3.3514,3.3808,200604.82,1562511599999,679511.200322,1352
LINKUSDT,1562511600000,3.3809,3.4296,3.3737,3.4051,212170.72,1562515199999,721825.228403,1693
LINKUSDT,1562515200000,3.408,3.426,3.3867,3.3902,136441.61,1562518799999,465209.535182,1215
LINKUSDT,1562518800000,3.3882,3.3931,3.3301,3.3733,237252.89,1562522399999,797148.673347,2310
LINKUSDT,1562522400000,3.3724,3.3994,3.3606,3.3606,163340.98,1562525999999,551902.932781,1524
LINKUSDT,1562526000000,3.3648,3.3899,3.3558,3.3624,72918.44,1562529599999,245800.4283,952
LINKUSDT,1562529600000,3.3594,3.385,3.3351,3.3699,127640.99,1562533199999,428876.746525,1377
LINKUSDT,1562533200000,3.3699,3.3732,3.3473,3.3517,84523.36,1562536799999,283927.056495,904
LINKUSDT,1562536800000,3.35,3.3543,3.25,3.3376,449206.1,1562540399999,1481533.357406,3690
LINKUSDT,1562540400000,3.3376,3.3381,3.2514,3.275,184195.92,1562543999999,604483.119942,1816
LINKUSDT,1562544000000,3.275,3.2967,3.2512,3.2613,149989.62,1562547599999,490705.331685,1359
LINKUSDT,1562547600000,3.2612,3.3363,3.2513,3.3202,163913.82,1562551199999,541777.71612,1595
LINKUSDT,1562551200000,3.3202,3.352,3.31,3.325,113901.52,1562554799999,379406.549104,1057
LINKUSDT,1562554800000,3.325,3.3345,3.3001,3.3201,68889.8,1562558399999,228649.806934,817
LINKUSDT,1562558400000,3.32,3.3383,3.307,3.3242,88363.78,1562561999999,293744.445136,868
LINKUSDT,1562562000000,3.3242,3.4294,3.3168,3.4232,333392.09,1562565599999,1128035.623968,2572
LINKUSDT,1562565600000,3.425,3.5731,3.3979,3.4519,884975.53,1562569199999,3096068.948821,7287
LINKUSDT,1562569200000,3.4519,3.4892,3.4202,3.4345,206644.94,1562572799999,713703.803633,1937
LINKUSDT,1562572800000,3.4374,3.49,3.426,3.4275,180006.34,1562576399999,622586.425074,1708
LINKUSDT,1562576400000,3.4303,3.462,3.352,3.428,378107.69,1562579999999,1290283.127389,3731
LINKUSDT,1562580000000,3.4282,3.4737,3.4041,3.421,230098.11,1562583599999,792119.653117,1877
LINKUSDT,1562583600000,3.4135,3.455,3.3661,3.372,191175.86,1562587199999,650539.960394,1630
LINKUSDT,1562587200000,3.3753,3.402,3.3514,3.3555,141698.54,1562590799999,477993.661131,1302
LINKUSDT,1562590800000,3.355,3.3973,3.35,3.3728,111137.29,1562594399999,374743.206342,1144
LINKUSDT,1562594400000,3.3704,3.374,3.3132,3.3271,237976.86,1562597999999,794814.825639,1980
LINKUSDT,1562598000000,3.3271,3.385,3.3261,3.3554,259305.75,1562601599999,871257.403879,1740
LINKUSDT,1562601600000,3.3564,3.3706,3.33,3.3491,127260.63,1562605199999,426113.170676,1180
LINKUSDT,1562605200000,3.3497,3.36,3.3229,3.3274,92794.8,1562608799999,309532.919311,787
LINKUSDT,1562608800000,3.3274,3.3382,3.3,3.3251,131999.41,1562612399999,437747.962,1046
LINKUSDT,1562612400000,3.329,3.36,3.3001,3.3181,199518.6,1562615999999,664805.32179,1758
LINKUSDT,1562616000000,3.3172,3.35,3.27,3.318,328741.19,1562619599999,1088613.682054,2540
LINKUSDT,1562619600000,3.3181,3.3318,3.276,3.2851,125673.65,1562623199999,414779.207243,1043
LINKUSDT,1562623200000,3.2851,3.301,3.2583,3.2697,200905.51,1562626799999,658492.859127,1811
LINKUSDT,1562626800000,3.2697,3.3499,3.25,3.3362,337349.84,1562630399999,1113107.978945,2313
LINKUSDT,1562630400000,3.3334,3.3741,3.316,3.3199,294596.69,1562633999999,987457.848058,2197
LINKUSDT,1562634000000,3.3199,3.3324,3.27,3.291,246279.99,1562637599999,812422.793849,2076
LINKUSDT,1562637600000,3.2916,3.3201,3.26,3.266,323499.65,1562641199999,1062420.464456,2016
LINKUSDT,1562641200000,3.2698,3.271,3.217,3.2353,321313.87,1562644799999,1041953.28796,2743
LINKUSDT,1562644800000,3.231,3.2561,3.2062,3.2119,211763.77,1562648399999,684012.542666,1669
LINKUSDT,1562648400000,3.214,3.2402,3.135,3.1858,473548.2,1562651999999,1507848.868444,3582
LINKUSDT,1562652000000,3.1896,3.1932,3.1293,3.1302,297412.03,1562655599999,938170.512609,2288
LINKUSDT,1562655600000,3.1302,3.2815,3.0866,3.2469,589527.92,1562659199999,1880554.647874,4738
LINKUSDT,1562659200000,3.25,3.2685,3.1336,3.1791,305916.29,1562662799999,973618.640887,2620
LINKUSDT,1562662800000,3.1789,3.1799,3.11,3.1682,323340.6,1562666399999,1015383.747484,2606
LINKUSDT,1562666400000,3.1682,3.1969,3.0792,3.1103,462828.16,1562669999999,1445754.078639,3984
LINKUSDT,1562670000000,3.1059,3.1498,3.0943,3.1328,164811.46,1562673599999,514400.404574,1277
LINKUSDT,1562673600000,3.1336,3.212,3.1101,3.1449,242692.97,1562677199999,767123.153958,2008
LINKUSDT,1562677200000,3.1424,3.1855,3.1255,3.13,135626.97,1562680799999,427542.921379,1267
LINKUSDT,1562680800000,3.1292,3.1728,3.1066,3.1313,228327.99,1562684399999,715099.345965,1799
LINKUSDT,1562684400000,3.1313,3.1313,3.051,3.0715,293211.03,1562687999999,907420.08853,2282
LINKUSDT,1562688000000,3.0715,3.13,2.9401,2.9733,806819.1,1562691599999,2437745.669691,5577
LINKUSDT,1562691600000,2.974,3.1307,2.974,3.0451,602734.81,1562695199999,1839641.364284,4806
LINKUSDT,1562695200000,3.0495,3.0549,3.01,3.0499,184145.92,1562698799999,558144.602529,1475
LINKUSDT,1562698800000,3.05,3.055,3.0103,3.02,189688.93,1562702399999,574241.045362,1485
LINKUSDT,1562702400000,3.0201,3.2,3.0141,3.1599,868221.87,1562705999999,2724892.017413,4583
LINKUSDT,1562706000000,3.1595,3.2675,3.0663,3.0701,964064.12,1562709599999,3058882.669589,5807
LINKUSDT,1562709600000,3.0738,3.1416,3.042,3.0842,440104.47,1562713199999,1361318.298807,2595
LINKUSDT,1562713200000,3.0852,3.1109,3.0313,3.067,195134.34,1562716799999,599376.239021,1613
LINKUSDT,1562716800000,3.067,3.0818,3.0,3.027,418292.9,1562720399999,1266207.005849,3070
LINKUSDT,1562720400000,3.0333,3.051,2.9857,3.0238,318871.14,1562723999999,961757.110472,2409
LINKUSDT,1562724000000,3.0238,3.1398,2.9825,3.1087,518422.62,1562727599999,1582442.773516,3935
LINKUSDT,1562727600000,3.1133,3.14,3.0594,3.0835,266931.84,1562731199999,827209.999456,2411
LINKUSDT,1562731200000,3.0835,3.14,3.0645,3.0796,301971.18,1562734799999,938170.428763,2288
LINKUSDT,1562734800000,3.0817,3.119,3.07,3.1013,100395.63,1562738399999,310555.021387,1189
LINKUSDT,1562738400000,3.1033,3.18,3.1018,3.1612,288555.45,1562741999999,908914.151957,2041
LINKUSDT,1562742000000,3.16,3.1661,3.1385,3.1597,170328.9,1562745599999,537179.406497,1617
LINKUSDT,1562745600000,3.1588,3.1665,3.094,3.1154,167263.44,1562749199999,523326.418095,1353
LINKUSDT,1562749200000,3.116,3.1458,3.1038,3.127,99838.87,1562752799999,311845.494651,1053
LINKUSDT,1562752800000,3.127,3.1308,3.1044,3.1192,50640.12,1562756399999,157631.152155,632
LINKUSDT,1562756400000,3.1186,3.1459,3.0825,3.097,108296.82,1562759999999,337009.480589,1172
LINKUSDT,1562760000000,3.0974,3.1035,3.04,3.0825,197659.21,1562763599999,606787.25668,1604
LINKUSDT,1562763600000,3.0835,3.0868,3.035,3.0464,158579.03,1562767199999,484811.784096,1246
LINKUSDT,1562767200000,3.0524,3.0846,3.0225,3.023,236577.36,1562770799999,721285.932442,2335
LINKUSDT,1562770800000,3.0284,3.0385,2.9122,2.9606,605094.99,1562774399999,1799305.161798,4415
LINKUSDT,1562774400000,2.961,2.9687,2.8578,2.8717,466769.28,1562777999999,1355294.382724,3465
LINKUSDT,1562778000000,2.8787,2.9575,2.8595,2.9498,534600.19,1562781599999,1554205.245243,3601
LINKUSDT,1562781600000,2.9421,3.1665,2.9421,3.0669,1207588.72,1562785199999,3713083.194724,8411
LINKUSDT,1562785200000,3.0738,3.2566,3.0651,3.194,1353388.19,1562788799999,4319839.707907,9022
LINKUSDT,1562788800000,3.1982,3.2568,3.05,3.0775,903226.35,1562792399999,2841012.330743,6933
LINKUSDT,1562792400000,3.0814,3.0946,3.019,3.075,407303.5,1562795999999,1246508.704763,3188
LINKUSDT,1562796000000,3.0734,3.1385,3.062,3.081,341586.03,1562799599999,1061391.277366,2825
LINKUSDT,1562799600000,3.081,3.1615,3.0738,3.1166,343909.22,1562803199999,1075372.697735,2928
LINKUSDT,1562803200000,3.1166,3.1555,3.0836,3.1138,284918.12,1562806799999,889807.145737,2410
LINKUSDT,1562806800000,3.1146,3.1285,3.0778,3.1028,164384.04,1562810399999,509699.075693,1481
LINKUSDT,1562810400000,3.1061,3.1292,3.04,3.0514,276236.6,1562813999999,850905.630618,1913
LINKUSDT,1562814000000,3.0502,3.0582,2.97,2.985,500947.54,1562817599999,1511378.09126,3162
LINKUSDT,1562817600000,2.985,3.0064,2.8675,2.95,636889.6,1562821199999,1862595.972979,4366
LINKUSDT,1562821200000,2.9488,3.0347,2.9327,3.0125,461444.01,1562824799999,1381590.962677,3464
LINKUSDT,1562824800000,3.0092,3.0412,2.9602,2.9922,229760.42,1562828399999,690413.422363,1883
LINKUSDT,1562828400000,2.9914,3.02,2.9459,2.9693,145070.41,1562831999999,432543.942631,1324
LINKUSDT,1562832000000,2.9635,2.9741,2.9451,2.9594,97933.96,1562835599999,289708.135189,959
LINKUSDT,1562835600000,2.9636,2.994,2.9165,2.9309,169559.37,1562839199999,500324.856443,1495
LINKUSDT,1562839200000,2.9334,2.9757,2.9012,2.9248,120070.05,1562842799999,353358.960338,1233
LINKUSDT,1562842800000,2.9305,2.9511,2.8766,2.8884,277715.78,1562846399999,806835.267719,2105
LINKUSDT,1562846400000,2.8884,2.922,2.8222,2.9163,557935.76,1562849999999,1597560.120475,3811
LINKUSDT,1562850000000,2.9098,2.9226,2.8684,2.9116,160176.87,1562853599999,464115.742269,1567
LINKUSDT,1562853600000,2.9136,2.9739,2.9105,2.9293,268989.36,1562857199999,791282.87629,2186
LINKUSDT,1562857200000,2.926,2.9331,2.8379,2.8439,318783.84,1562860799999,920547.226923,2372
LINKUSDT,1562860800000,2.8472,2.969,2.823,2.9452,476474.33,1562864399999,1382978.266166,2878
LINKUSDT,1562864400000,2.9444,2.9501,2.8855,2.9044,233723.96,1562867999999,681356.701964,1605
LINKUSDT,1562868000000,2.9006,2.927,2.8855,2.899,155598.04,1562871599999,453189.134795,1173
LINKUSDT,1562871600000,2.8967,2.92,2.8612,2.8617,146008.64,1562875199999,421593.680641,1090
LINKUSDT,1562875200000,2.8617,2.8773,2.7137,2.7599,840659.9,1562878799999,2344393.786812,4962
LINKUSDT,1562878800000,2.7582,2.8249,2.7243,2.7948,326991.92,1562882399999,905811.137081,2117
LINKUSDT,1562882400000,2.7959,2.8192,2.7587,2.7618,233533.09,1562885999999,652424.118126,1352
LINKUSDT,1562886000000,2.765,2.7918,2.71,2.7853,218388.87,1562889599999,600902.433692,1638
LINKUSDT,1562889600000,2.787,2.8367,2.7425,2.8119,333555.47,1562893199999,933435.413618,2058
LINKUSDT,1562893200000,2.8119,2.8123,2.7326,2.7651,213211.99,1562896799999,591044.653884,1230
LINKUSDT,1562896800000,2.7619,2.7695,2.73,2.7343,134454.64,1562900399999,369073.612719,1099
LINKUSDT,1562900400000,2.7343,2.7365,2.6,2.6529,538217.09,1562903999999,1433947.109772,3310
LINKUSDT,1562904000000,2.6556,2.719,2.6063,2.7176,431751.7,1562907599999,1147703.941232,2776
LINKUSDT,1562907600000,2.7176,2.8199,2.7017,2.7456,392855.67,1562911199999,1086858.936946,2819
LINKUSDT,1562911200000,2.7421,2.7721,2.7,2.7616,223241.69,1562914799999,610934.72354,1744
LINKUSDT,1562914800000,2.763,2.802,2.75,2.7728,177088.13,1562918399999,492332.888668,1569
LINKUSDT,1562918400000,2.7791,2.8176,2.7552,2.7868,204819.8,1562921999999,570593.349093,1659
LINKUSDT,1562922000000,2.7898,2.849,2.7898,2.8163,219170.03,1562925599999,618292.710145,1646
LINKUSDT,1562925600000,2.8157,2.8683,2.8101,2.8637,112222.98,1562929199999,317604.928687,1058
LINKUSDT,1562929200000,2.8659,2.9287,2.8487,2.9273,262889.09,1562932799999,756747.863588,1943
LINKUSDT,1562932800000,2.9273,3.0676,2.885,2.9576,1041442.24,1562936399999,3113039.287667,6177
LINKUSDT,1562936400000,2.9599,3.0379,2.9209,2.9973,480758.51,1562939999999,1433314.704202,3285
LINKUSDT,1562940000000,2.9933,3.075,2.9898,3.013,525562.7,1562943599999,1595566.084506,3492
LINKUSDT,1562943600000,3.0197,3.0197,2.9,2.9053,611472.64,1562947199999,1808867.451044,3708
LINKUSDT,1562947200000,2.9052,3.0449,2.8886,3.0178,476834.49,1562950799999,1418276.95703,3538
LINKUSDT,1562950800000,3.0179,3.0942,2.975,3.0942,433289.75,1562954399999,1316739.890809,3034
LINKUSDT,1562954400000,3.0942,3.178,3.0721,3.1024,747896.3,1562957999999,2336536.012869,5030
LINKUSDT,1562958000000,3.1103,3.3282,3.1103,3.2887,1227857.53,1562961599999,3973180.078033,8238
LINKUSDT,1562961600000,3.2888,3.299,3.0656,3.0959,1349767.9,1562965199999,4287512.462305,7779
LINKUSDT,1562965200000,3.0963,3.18,3.03,3.1011,862692.82,1562968799999,2690682.423286,5779
LINKUSDT,1562968800000,3.1034,3.1592,3.0485,3.0828,375061.99,1562972399999,1163429.930307,2687
LINKUSDT,1562972400000,3.0801,3.1918,3.0773,3.166,356555.81,1562975999999,1122576.451394,2914
LINKUSDT,1562976000000,3.166,3.1778,3.1068,3.126,222130.58,1562979599999,697269.853,2033
LINKUSDT,1562979600000,3.1259,3.19,3.1239,3.1635,254563.41,1562983199999,804895.484087,2021
LINKUSDT,1562983200000,3.1637,3.2831,3.1495,3.2536,542755.13,1562986799999,1754067.928925,3909
LINKUSDT,1562986800000,3.255,3.2953,3.1778,3.2139,495215.92,1562990399999,1603287.288445,3619
LINKUSDT,1562990400000,3.2139,3.2569,3.125,3.2062,466009.36,1562993999999,1488475.775213,3507
LINKUSDT,1562994000000,3.2021,3.2063,3.1435,3.1854,206473.52,1562997599999,655658.330805,1515
LINKUSDT,1562997600000,3.1816,3.225,3.1566,3.2186,242039.48,1563001199999,774598.51208,1970
LINKUSDT,1563001200000,3.215,3.28,3.18,3.2466,387843.99,1563004799999,1254562.504152,3203
LINKUSDT,1563004800000,3.2434,3.2799,3.1693,3.2127,347257.31,1563008399999,1127386.632953,2859
LINKUSDT,1563008400000,3.2127,3.2601,3.1854,3.2023,261490.0,1563011999999,841342.003592,2190
LINKUSDT,1563012000000,3.207,3.23,3.0705,3.1111,636187.72,1563015599999,1995079.929717,4200
LINKUSDT,1563015600000,3.1111,3.1699,3.0816,3.0879,297575.92,1563019199999,927566.288554,2023
LINKUSDT,1563019200000,3.089,3.1439,3.0408,3.0502,440539.36,1563022799999,1362407.889768,2651
LINKUSDT,1563022800000,3.0502,3.1156,3.04,3.0869,325563.21,1563026399999,1002385.169622,2424
LINKUSDT,1563026400000,3.083,3.1384,3.083,3.0967,242257.66,1563029999999,753331.75024,1739
LINKUSDT,1563030000000,3.0973,3.185,3.0838,3.1739,301454.03,1563033599999,946951.154091,2187
LINKUSDT,1563033600000,3.1738,3.2252,3.147,3.2033,510004.92,1563037199999,1627174.837713,3680
LINKUSDT,1563037200000,3.2087,3.288,3.1924,3.2781,525784.53,1563040799999,1710236.21415,3466
LINKUSDT,1563040800000,3.2781,3.2868,3.1303,3.1614,687647.36,1563044399999,2203868.77993,4409
LINKUSDT,1563044400000,3.1696,3.24,3.1233,3.2289,383125.03,1563047999999,1216596.097828,2446
LINKUSDT,1563048000000,3.2255,3.2346,3.1215,3.1309,432985.47,1563051599999,1369653.679234,2749
LINKUSDT,1563051600000,3.1306,3.156,3.068,3.156,387930.39,1563055199999,1208006.831649,2379
LINKUSDT,1563055200000,3.154,3.2075,3.1216,3.1852,315439.07,1563058799999,1000037.037899,2652
LINKUSDT,1563058800000,3.1801,3.2099,3.1483,3.1652,157723.07,1563062399999,501144.771997,1351
LINKUSDT,1563062400000,3.1689,3.24,3.15,3.225,246946.61,1563065999999,794129.442581,1987
LINKUSDT,1563066000000,3.2251,3.2413,3.1662,3.2054,268577.56,1563069599999,861653.070099,2093
LINKUSDT,1563069600000,3.2002,3.2123,3.15,3.1501,188814.78,1563073199999,600892.14327,1593
LINKUSDT,1563073200000,3.1534,3.1708,3.123,3.1394,135899.32,1563076799999,426880.361804,1246
LINKUSDT,1563076800000,3.1337,3.1921,3.1251,3.127,159716.8,1563080399999,504056.143854,1502
LINKUSDT,1563080400000,3.127,3.1555,3.1266,3.1299,103942.08,1563083999999,326119.35543,768
LINKUSDT,1563084000000,3.128,3.1661,3.1275,3.1566,93966.34,1563087599999,295938.572849,762
LINKUSDT,1563087600000,3.1542,3.1581,3.1275,3.1499,187417.42,1563091199999,589358.661382,1185
LINKUSDT,1563091200000,3.1495,3.2378,3.1423,3.1833,520672.3,1563094799999,1667931.345623,3158
LINKUSDT,1563094800000,3.1839,3.1996,3.0831,3.0865,480166.14,1563098399999,1508216.078971,2926
LINKUSDT,1563098400000,3.0969,3.1099,2.9452,3.02,897897.2,1563101999999,2710803.131492,5271
LINKUSDT,1563102000000,3.0206,3.0657,2.9117,2.9647,494988.94,1563105599999,1475223.963497,3086
LINKUSDT,1563105600000,2.9601,3.0065,2.9279,2.997,363586.01,1563109199999,1079120.907352,2625
LINKUSDT,1563109200000,2.9933,3.0295,2.85,2.8881,469717.67,1563112799999,1373784.163791,3225
LINKUSDT,1563112800000,2.8881,2.908,2.7768,2.7893,739041.8,1563116399999,2100072.895814,4093
LINKUSDT,1563116400000,2.791,2.8725,2.7611,2.8365,513630.36,1563119999999,1446243.420813,3969
LINKUSDT,1563120000000,2.8295,2.8921,2.7902,2.8636,443533.36,1563123599999,1260833.828111,3092
LINKUSDT,1563123600000,2.8671,2.9466,2.8643,2.9195,428002.2,1563127199999,1246489.045079,2524
LINKUSDT,1563127200000,2.9167,2.9228,2.7865,2.8515,372666.97,1563130799999,1060805.529116,2441
LINKUSDT,1563130800000,2.8597,2.8779,2.8328,2.8667,178400.51,1563134399999,509057.088238,1316
LINKUSDT,1563134400000,2.8652,2.91,2.84,2.8988,204357.61,1563137999999,587826.943378,1546
LINKUSDT,1563138000000,2.8987,2.9267,2.8873,2.9086,247176.39,1563141599999,718861.999977,1650
LINKUSDT,1563141600000,2.908,2.9158,2.88,2.88,92995.66,1563145199999,269101.431216,766
LINKUSDT,1563145200000,2.88,2.8818,2.7635,2.7856,438726.69,1563148799999,1242646.677572,2676
LINKUSDT,1563148800000,2.7792,2.7792,2.6134,2.6403,899617.57,1563152399999,2416697.759449,4990
LINKUSDT,1563152400000,2.6403,2.7145,2.62,2.661,445829.92,1563155999999,1184836.937886,2500
LINKUSDT,1563156000000,2.6607,2.6908,2.5801,2.6907,553782.48,1563159599999,1455972.026967,2987
LINKUSDT,1563159600000,2.6904,2.7971,2.673,2.7564,415957.12,1563163199999,1142620.64628,2719
LINKUSDT,1563163200000,2.76,2.7789,2.7369,2.7411,165475.16,1563166799999,456244.299009,1017
LINKUSDT,1563166800000,2.741,2.7435,2.7,2.7288,182741.24,1563170399999,496011.687065,1132
LINKUSDT,1563170400000,2.7226,2.7492,2.6901,2.7465,202064.94,1563173999999,547945.629107,1132
LINKUSDT,1563174000000,2.7465,2.8498,2.74,2.8338,269770.81,1563177599999,755074.556675,2017
LINKUSDT,1563177600000,2.8349,2.84,2.7594,2.7594,186084.93,1563181199999,521193.764048,1501
LINKUSDT,1563181200000,2.76,2.7846,2.7425,2.775,159470.37,1563184799999,440296.545633,1251
LINKUSDT,1563184800000,2.777,2.7978,2.735,2.7815,148092.79,1563188399999,410766.977145,1118
LINKUSDT,1563188400000,2.7761,2.8007,2.7611,2.7657,140113.51,1563191999999,389938.445492,1076
LINKUSDT,1563192000000,2.765,2.772,2.6649,2.6906,387663.52,1563195599999,1054103.254938,2273
LINKUSDT,1563195600000,2.6906,2.7408,2.67,2.7401,238131.98,1563199199999,642923.190262,1828
LINKUSDT,1563199200000,2.74,2.8349,2.74,2.8026,557443.08,1563202799999,1556715.805052,3169
LINKUSDT,1563202800000,2.8026,2.8164,2.7823,2.7954,185745.86,1563206399999,519920.856098,1367
LINKUSDT,1563206400000,2.7959,2.8234,2.7857,2.8071,165968.3,1563209999999,465642.080339,1332
LINKUSDT,1563210000000,2.8069,2.8112,2.71,2.7117,264498.61,1563213599999,729008.481596,1762
LINKUSDT,1563213600000,2.7117,2.7945,2.655,2.76,686833.68,1563217199999,1872112.287772,4059
LINKUSDT,1563217200000,2.76,2.8097,2.748,2.7569,239279.99,1563220799999,664691.594661,1905
LINKUSDT,1563220800000,2.7569,2.7766,2.7251,2.7466,112047.46,1563224399999,308097.788566,927
LINKUSDT,1563224400000,2.7464,2.7566,2.66,2.6777,316808.93,1563227999999,852104.931054,1914
LINKUSDT,1563228000000,2.6787,2.7404,2.6699,2.7169,211243.14,1563231599999,571982.823377,1493
LINKUSDT,1563231600000,2.717,2.7231,2.675,2.6913,194291.04,1563235199999,524987.508678,1568
LINKUSDT,1563235200000,2.6911,2.7443,2.6798,2.7352,177069.0,1563238799999,478727.085976,1510
LINKUSDT,1563238800000,2.7373,2.7749,2.7159,2.7453,176266.92,1563242399999,484321.180489,1440
LINKUSDT,1563242400000,2.745,2.7518,2.693,2.7304,154857.52,1563245999999,422186.897395,1504
LINKUSDT,1563246000000,2.7304,2.74,2.6801,2.715,118022.41,1563249599999,319143.882349,1060
LINKUSDT,1563249600000,2.7117,2.7284,2.6932,2.7224,68691.6,1563253199999,186229.99111,795
LINKUSDT,1563253200000,2.7182,2.7221,2.6786,2.6786,87272.99,1563256799999,235087.143294,876
LINKUSDT,1563256800000,2.6786,2.7209,2.675,2.6887,108867.72,1563260399999,293038.038209,1102
LINKUSDT,1563260400000,2.6867,2.6898,2.6006,2.6703,311562.31,1563263999999,825399.706357,2211
LINKUSDT,1563264000000,2.662,2.7155,2.6619,2.7155,132717.39,1563267599999,357555.288623,1103
LINKUSDT,1563267600000,2.716,2.7192,2.682,2.6833,75627.75,1563271199999,204038.790813,712
LINKUSDT,1563271200000,2.6859,2.6958,2.6713,2.6713,61187.33,1563274799999,164120.076878,643
LINKUSDT,1563274800000,2.6793,2.6953,2.6276,2.6779,185134.43,1563278399999,493007.958685,1508
LINKUSDT,1563278400000,2.6756,2.6756,2.6061,2.6089,181023.5,1563281999999,477477.120091,1248
LINKUSDT,1563282000000,2.6089,2.6171,2.502,2.5197,628697.98,1563285599999,1607925.878907,4083
LINKUSDT,1563285600000,2.5159,2.5871,2.5001,2.5458,387713.73,1563289199999,985298.473192,2401
LINKUSDT,1563289200000,2.5391,2.6499,2.53,2.6117,341258.66,1563292799999,883591.878138,2562
LINKUSDT,1563292800000,2.6188,2.6238,2.43,2.4409,808469.34,1563296399999,2010290.437278,5307
LINKUSDT,1563296400000,2.4409,2.4409,2.291,2.3255,1153720.42,1563299999999,2704913.133096,6008
LINKUSDT,1563300000000,2.327,2.4247,2.2929,2.3068,504588.53,1563303599999,1191630.325907,3068
LINKUSDT,1563303600000,2.3051,2.3226,2.2701,2.3105,481512.04,1563307199999,1104120.759737,2811
LINKUSDT,1563307200000,2.3105,2.3786,2.2865,2.309,326213.66,1563310799999,760167.319058,2130
LINKUSDT,1563310800000,2.3081,2.3445,2.2644,2.2947,426299.29,1563314399999,982119.998413,2324
LINKUSDT,1563314400000,2.3019,2.3027,2.2061,2.2285,551726.1,1563317999999,1241946.210749,2875
LINKUSDT,1563318000000,2.2238,2.2409,2.1521,2.1948,600514.31,1563321599999,1320637.637664,3111
LINKUSDT,1563321600000,2.1947,2.285,2.1864,2.2244,316383.06,1563325199999,710987.028991,2157
LINKUSDT,1563325200000,2.2244,2.2476,2.2068,2.2251,155345.19,1563328799999,345642.452644,1176
LINKUSDT,1563328800000,2.2267,2.2282,2.1254,2.132,453682.01,1563332399999,982521.626516,2560
LINKUSDT,1563332400000,2.1307,2.1863,2.1211,2.1819,370628.6,1563335999999,795266.40026,2169
LINKUSDT,1563336000000,2.1819,2.27,2.1438,2.252,476389.76,1563339599999,1059576.751332,2668
LINKUSDT,1563339600000,2.2532,2.3225,2.244,2.3172,394150.12,1563343199999,900969.185993,2563
LINKUSDT,1563343200000,2.3176,2.3498,2.2826,2.2905,287491.27,1563346799999,663682.122803,1878
LINKUSDT,1563346800000,2.2909,2.318,2.2337,2.2702,255079.64,1563350399999,576423.643192,2011
LINKUSDT,1563350400000,2.2753,2.3149,2.253,2.2793,278050.86,1563353999999,633822.225293,2043
LINKUSDT,1563354000000,2.2735,2.2832,2.2379,2.241,92422.33,1563357599999,208659.666055,894
LINKUSDT,1563357600000,2.2405,2.2432,2.1646,2.1908,333409.91,1563361199999,731491.151449,2543
LINKUSDT,1563361200000,2.1908,2.2235,2.055,2.0823,798845.24,1563364799999,1685612.773127,4504
LINKUSDT,1563364800000,2.085,2.1798,2.0531,2.1589,689942.55,1563368399999,1459137.156529,4041
LINKUSDT,1563368400000,2.1589,2.2,2.1367,2.17,567948.55,1563371999999,1232513.869144,2735
LINKUSDT,1563372000000,2.1701,2.315,2.1688,2.3068,736142.36,1563375599999,1652945.136472,4052
LINKUSDT,1563375600000,2.3099,2.548,2.2601,2.4646,2120585.48,1563379199999,5156646.937475,10028
LINKUSDT,1563379200000,2.4646,2.5148,2.42,2.4551,1088602.45,1563382799999,2687710.749279,5380
LINKUSDT,1563382800000,2.4557,2.6,2.4418,2.5299,1112810.36,1563386399999,2819909.99509,5573
LINKUSDT,1563386400000,2.5299,2.5307,2.4606,2.4945,533895.25,1563389999999,1330413.874566,3218
LINKUSDT,1563390000000,2.5003,2.531,2.4001,2.4074,485882.21,1563393599999,1191209.346947,2627
LINKUSDT,1563393600000,2.4072,2.4581,2.3713,2.4066,596303.01,1563397199999,1435852.081265,2907
LINKUSDT,1563397200000,2.411,2.4888,2.4,2.4476,377748.14,1563400799999,927245.816466,2234
LINKUSDT,1563400800000,2.4454,2.5197,2.411,2.411,360211.85,1563404399999,884401.991472,2063
LINKUSDT,1563404400000,2.41,2.4223,2.3749,2.398,347115.49,1563407999999,829741.527336,1752
LINKUSDT,1563408000000,2.3951,2.4517,2.3542,2.3777,363301.4,1563411599999,868101.120447,2300
LINKUSDT,1563411600000,2.3715,2.4669,2.3715,2.4199,275073.74,1563415199999,667172.372501,1898
LINKUSDT,1563415200000,2.4198,2.51,2.3906,2.5092,337687.26,1563418799999,827196.562817,1588
LINKUSDT,1563418800000,2.5016,2.5169,2.4264,2.4887,466171.73,1563422399999,1154350.351003,2487
LINKUSDT,1563422400000,2.4887,2.6125,2.4616,2.596,529176.02,1563425999999,1344432.272505,3296
LINKUSDT,1563426000000,2.5969,2.6,2.5205,2.5816,357693.9,1563429599999,917209.613188,2288
LINKUSDT,1563429600000,2.5772,2.5821,2.5338,2.5435,240777.84,1563433199999,617426.164264,1621
LINKUSDT,1563433200000,2.5498,2.5748,2.535,2.54,137313.32,1563436799999,351033.988013,1129
LINKUSDT,1563436800000,2.54,2.69,2.5359,2.6,582421.34,1563440399999,1524110.594927,4317
LINKUSDT,1563440400000,2.5999,2.6501,2.5667,2.6048,444803.12,1563443999999,1162669.09964,2563
LINKUSDT,1563444000000,2.6037,2.6898,2.5951,2.6775,385370.12,1563447599999,1024482.194995,2749
LINKUSDT,1563447600000,2.6776,2.8094,2.6247,2.7,942285.95,1563451199999,2558739.490702,5582
LINKUSDT,1563451200000,2.6949,2.7948,2.4459,2.4741,1876510.47,1563454799999,4879992.802006,9997
LINKUSDT,1563454800000,2.4743,2.5699,2.4632,2.4819,872332.59,1563458399999,2201936.812091,4570
LINKUSDT,1563458400000,2.4867,2.7141,2.441,2.6555,1708469.19,1563461999999,4454879.41506,8759
LINKUSDT,1563462000000,2.6569,2.742,2.621,2.7333,1007582.74,1563465599999,2691552.312108,5434
LINKUSDT,1563465600000,2.7284,2.798,2.6385,2.67,974142.34,1563469199999,2657928.606997,6264
LINKUSDT,1563469200000,2.6606,2.7124,2.65,2.6754,428573.17,1563472799999,1148208.836821,3272
LINKUSDT,1563472800000,2.6746,2.7224,2.6385,2.6801,400115.48,1563476399999,1070958.424329,2746
LINKUSDT,1563476400000,2.6889,2.7111,2.6151,2.6151,338598.15,1563479999999,905276.683717,2325
LINKUSDT,1563480000000,2.615,2.6732,2.6047,2.6513,238976.41,1563483599999,632678.560992,1837
LINKUSDT,1563483600000,2.6513,2.6775,2.6332,2.6602,195707.86,1563487199999,520181.564159,1500
LINKUSDT,1563487200000,2.6602,2.68,2.6402,2.6612,88278.07,1563490799999,235141.012372,936
LINKUSDT,1563490800000,2.6605,2.68,2.6426,2.67,197515.78,1563494399999,527206.275534,1364
LINKUSDT,1563494400000,2.67,2.7464,2.6641,2.7401,269939.95,1563497999999,730693.749679,2159
LINKUSDT,1563498000000,2.7446,2.749,2.7012,2.7029,276807.86,1563501599999,754950.72905,1878
LINKUSDT,1563501600000,2.7011,2.7148,2.6601,2.6854,222996.83,1563505199999,599147.47177,1587
LINKUSDT,1563505200000,2.6806,2.6972,2.6641,2.6858,117962.36,1563508799999,316247.704928,954
LINKUSDT,1563508800000,2.6857,2.6858,2.6101,2.6307,223848.12,1563512399999,593255.777243,1411
LINKUSDT,1563512400000,2.6306,2.6441,2.5786,2.6267,346301.4,1563515999999,904655.358603,2318
LINKUSDT,1563516000000,2.6262,2.6295,2.5381,2.5623,401752.51,1563519599999,1032326.045746,2268
LINKUSDT,1563519600000,2.5614,2.6179,2.533,2.614,375060.04,1563523199999,966081.864209,2181
LINKUSDT,1563523200000,2.614,2.6721,2.5517,2.5837,371925.54,1563526799999,969883.021711,3163
LINKUSDT,1563526800000,2.5838,2.5939,2.5416,2.5842,197954.55,1563530399999,507777.27603,1439
LINKUSDT,1563530400000,2.5803,2.5895,2.5471,2.553,110944.65,1563533999999,284663.194186,801
LINKUSDT,1563534000000,2.5533,2.59,2.53,2.5365,269108.58,1563537599999,686612.100657,1517
LINKUSDT,1563537600000,2.5366,2.6044,2.5165,2.5611,319666.46,1563541199999,822004.965476,2186
LINKUSDT,1563541200000,2.5611,2.5623,2.491,2.5154,470648.51,1563544799999,1184634.812804,2797
LINKUSDT,1563544800000,2.5173,2.555,2.5113,2.5321,208103.99,1563548399999,526196.162194,1489
LINKUSDT,1563548400000,2.5311,2.59,2.53,2.5851,302454.16,1563551999999,776595.389109,1717
LINKUSDT,1563552000000,2.5851,2.5899,2.548,2.5656,197844.3,1563555599999,507096.118091,1421
LINKUSDT,1563555600000,2.5687,2.5857,2.5594,2.5609,112508.8,1563559199999,289788.322078,669
LINKUSDT,1563559200000,2.5618,2.5761,2.5517,2.5704,101957.73,1563562799999,261454.56756,742
LINKUSDT,1563562800000,2.5738,2.5932,2.56,2.5626,117138.57,1563566399999,301881.298133,844
LINKUSDT,1563566400000,2.5626,2.595,2.5626,2.5698,153229.1,1563569999999,395080.228051,1114
LINKUSDT,1563570000000,2.5696,2.5783,2.554,2.5687,117437.82,1563573599999,301427.967669,845
LINKUSDT,1563573600000,2.568,2.6,2.5605,2.5741,170228.85,1563577199999,439004.013758,1198
LINKUSDT,1563577200000,2.5758,2.6048,2.5739,2.6046,92411.44,1563580799999,239300.184375,725
LINKUSDT,1563580800000,2.602,2.648,2.595,2.606,295211.14,1563584399999,775760.689846,2034
LINKUSDT,1563584400000,2.6067,2.6243,2.5751,2.6093,168349.18,1563587999999,437861.852612,1136
LINKUSDT,1563588000000,2.614,2.6688,2.6095,2.668,195525.19,1563591599999,516981.60443,1316
LINKUSDT,1563591600000,2.6631,2.7314,2.6631,2.6796,482108.49,1563595199999,1300209.91823,3175
LINKUSDT,1563595200000,2.6797,2.7261,2.6639,2.6953,239744.33,1563598799999,646536.929099,1771
LINKUSDT,1563598800000,2.6948,2.6989,2.6643,2.6791,129333.21,1563602399999,346593.905881,959
LINKUSDT,1563602400000,2.6782,2.6867,2.6604,2.6835,114086.92,1563605999999,304913.962499,826
LINKUSDT,1563606000000,2.6835,2.6906,2.6311,2.6647,240840.3,1563609599999,639689.876842,1997
LINKUSDT,1563609600000,2.6696,2.6812,2.6408,2.6508,77689.65,1563613199999,206784.528649,695
LINKUSDT,1563613200000,2.6527,2.684,2.645,2.6797,62952.09,1563616799999,167566.890458,714
LINKUSDT,1563616800000,2.6754,2.6792,2.6386,2.64,104694.78,1563620399999,277564.268756,826
LINKUSDT,1563620400000,2.645,2.649,2.604,2.6301,201913.34,1563623999999,530443.03871,1339
LINKUSDT,1563624000000,2.6301,2.6423,2.6154,2.62,162371.85,1563627599999,426169.252224,1040
LINKUSDT,1563627600000,2.6201,2.636,2.5936,2.5989,217814.22,1563631199999,570049.560799,1608
LINKUSDT,1563631200000,2.6008,2.6339,2.59,2.6293,173152.46,1563634799999,451793.10002,1183
LINKUSDT,1563634800000,2.6297,2.6302,2.5952,2.6104,139995.16,1563638399999,364802.109036,1076
LINKUSDT,1563638400000,2.6085,2.7052,2.5984,2.6857,472517.0,1563641999999,1255695.540425,3255
LINKUSDT,1563642000000,2.6857,2.6902,2.6499,2.673,374309.18,1563645599999,999003.609803,2162
LINKUSDT,1563645600000,2.673,2.6796,2.6641,2.671,55602.55,1563649199999,148531.848518,534
LINKUSDT,1563649200000,2.6692,2.67,2.6486,2.667,91730.67,1563652799999,243858.594367,746
LINKUSDT,1563652800000,2.668,2.6918,2.6649,2.6855,100572.69,1563656399999,269484.671985,890
LINKUSDT,1563656400000,2.6854,2.699,2.6753,2.6861,138115.64,1563659999999,371147.321204,779
LINKUSDT,1563660000000,2.687,2.6899,2.6655,2.6747,78994.91,1563663599999,211541.324917,638
LINKUSDT,1563663600000,2.6747,2.6841,2.6272,2.637,290223.31,1563667199999,770267.144159,2119
LINKUSDT,1563667200000,2.6369,2.664,2.62,2.6533,186436.0,1563670799999,492002.467419,1150
LINKUSDT,1563670800000,2.6556,2.665,2.6333,2.6509,90497.28,1563674399999,239747.6149,653
LINKUSDT,1563674400000,2.6489,2.6496,2.5992,2.6019,161037.53,1563677999999,421393.164498,1119
LINKUSDT,1563678000000,2.604,2.604,2.5714,2.58,159595.17,1563681599999,412559.138889,1333
LINKUSDT,1563681600000,2.5776,2.6168,2.5772,2.611,77095.54,1563685199999,200334.644931,803
LINKUSDT,1563685200000,2.6134,2.617,2.578,2.578,91288.79,1563688799999,236916.65762,674
LINKUSDT,1563688800000,2.5782,2.5928,2.56,2.578,124030.83,1563692399999,319704.393725,858
LINKUSDT,1563692400000,2.5775,2.5914,2.5717,2.5855,64367.69,1563695999999,166232.157246,516
LINKUSDT,1563696000000,2.5895,2.6148,2.5764,2.6006,89481.73,1563699599999,232279.9961,902
LINKUSDT,1563699600000,2.6011,2.6153,2.5859,2.5984,62052.16,1563703199999,161653.281378,523
LINKUSDT,1563703200000,2.6031,2.6049,2.58,2.5832,60611.04,1563706799999,156780.92355,696
LINKUSDT,1563706800000,2.5833,2.5949,2.5728,2.5777,61005.57,1563710399999,157464.343971,563
LINKUSDT,1563710400000,2.5777,2.5791,2.5475,2.5597,113834.05,1563713999999,291463.120411,1013
LINKUSDT,1563714000000,2.5561,2.5599,2.4968,2.5076,375287.49,1563717599999,944276.003635,2250
LINKUSDT,1563717600000,2.5082,2.5299,2.46,2.5153,515721.79,1563721199999,1288192.09186,3075
LINKUSDT,1563721200000,2.5127,2.539,2.4651,2.5201,285142.43,1563724799999,711506.309316,1894
LINKUSDT,1563724800000,2.5201,2.5449,2.4882,2.4903,157447.06,1563728399999,396721.122274,1208
LINKUSDT,1563728400000,2.4907,2.5052,2.4687,2.4962,125866.95,1563731999999,312991.206499,977
LINKUSDT,1563732000000,2.4962,2.5224,2.4857,2.5176,96485.67,1563735599999,241852.085768,769
LINKUSDT,1563735600000,2.517,2.5298,2.505,2.5133,57685.12,1563739199999,145125.707226,686
LINKUSDT,1563739200000,2.5138,2.5357,2.5058,2.5306,64976.53,1563742799999,163940.14897,629
LINKUSDT,1563742800000,2.5307,2.56,2.5304,2.5565,63436.11,1563746399999,161595.152442,669
LINKUSDT,1563746400000,2.5563,2.5751,2.533,2.539,110946.89,1563749999999,283385.716653,896
LINKUSDT,1563750000000,2.539,2.55,2.525,2.5319,155102.82,1563753599999,393081.641692,935
LINKUSDT,1563753600000,2.5319,2.5637,2.528,2.5323,116514.09,1563757199999,296639.879898,992
LINKUSDT,1563757200000,2.5325,2.565,2.5276,2.555,61517.94,1563760799999,156479.379358,680
LINKUSDT,1563760800000,2.5555,2.5857,2.549,2.5855,108198.37,1563764399999,277867.89146,857
LINKUSDT,1563764400000,2.5842,2.5845,2.5483,2.5761,72994.43,1563767999999,187150.228184,703
LINKUSDT,1563768000000,2.576,2.5801,2.537,2.546,59856.1,1563771599999,152827.150717,656
LINKUSDT,1563771600000,2.546,2.5638,2.542,2.5569,34540.06,1563775199999,88199.542716,298
LINKUSDT,1563775200000,2.5562,2.564,2.5356,2.5407,77854.81,1563778799999,198609.432033,569
LINKUSDT,1563778800000,2.5407,2.5454,2.5186,2.5422,73521.91,1563782399999,186199.736745,620
LINKUSDT,1563782400000,2.5439,2.5448,2.522,2.5289,46183.86,1563785999999,116904.405672,420
LINKUSDT,1563786000000,2.5282,2.5299,2.4817,2.4838,177237.77,1563789599999,442842.699926,1310
LINKUSDT,1563789600000,2.4853,2.5073,2.4716,2.4974,117176.94,1563793199999,291600.863833,821
LINKUSDT,1563793200000,2.4976,2.5,2.453,2.497,205506.62,1563796799999,509143.349295,1387
LINKUSDT,1563796800000,2.497,2.4997,2.46,2.4808,134334.91,1563800399999,332718.301747,952
LINKUSDT,1563800400000,2.481,2.5327,2.465,2.4953,224598.27,1563803999999,562864.47759,1509
LINKUSDT,1563804000000,2.4989,2.5422,2.4012,2.418,477654.14,1563807599999,1178443.880658,2834
LINKUSDT,1563807600000,2.4167,2.4576,2.3876,2.4165,285617.82,1563811199999,691998.115181,1935
LINKUSDT,1563811200000,2.4162,2.4409,2.4071,2.42,248144.57,1563814799999,601593.671825,1217
LINKUSDT,1563814800000,2.416,2.442,2.3903,2.4214,140588.96,1563818399999,340279.145397,1112
LINKUSDT,1563818400000,2.4214,2.4259,2.4023,2.4128,132204.66,1563821999999,318943.987222,820
LINKUSDT,1563822000000,2.4122,2.426,2.3732,2.3846,145441.62,1563825599999,348402.891491,1167
LINKUSDT,1563825600000,2.3846,2.4388,2.3735,2.422,220835.65,1563829199999,531645.968134,1326
LINKUSDT,1563829200000,2.422,2.4404,2.3901,2.4054,112965.57,1563832799999,273445.531145,880
LINKUSDT,1563832800000,2.4076,2.4273,2.3913,2.4002,100872.84,1563836399999,242566.580134,859
LINKUSDT,1563836400000,2.4028,2.4265,2.4018,2.4078,44709.94,1563839999999,108000.224334,427
LINKUSDT,1563840000000,2.4073,2.4154,2.38,2.3932,87556.82,1563843599999,209541.334617,624
LINKUSDT,1563843600000,2.3891,2.395,2.381,2.3862,43741.87,1563847199999,104496.541815,392
LINKUSDT,1563847200000,2.3865,2.3972,2.3825,2.3908,82981.13,1563850799999,198285.70312,475
LINKUSDT,1563850800000,2.3909,2.4032,2.3771,2.3814,66417.68,1563854399999,158691.867451,546
LINKUSDT,1563854400000,2.3814,2.3869,2.3627,2.3803,71509.03,1563857999999,169806.693962,810
LINKUSDT,1563858000000,2.3795,2.386,2.3352,2.338,187594.09,1563861599999,442101.043315,1135
LINKUSDT,1563861600000,2.342,2.3569,2.2823,2.2976,310358.9,1563865199999,716376.543129,2116
LINKUSDT,1563865200000,2.2953,2.3321,2.2808,2.3043,142103.25,1563868799999,327586.548868,1312
LINKUSDT,1563868800000,2.3003,2.3113,2.2489,2.2662,232388.09,1563872399999,529066.930366,1443
LINKUSDT,1563872400000,2.2675,2.3359,2.2506,2.3163,319343.13,1563875999999,735396.766154,2106
LINKUSDT,1563876000000,2.3207,2.3364,2.3135,2.33,151720.33,1563879599999,352686.758076,1062
LINKUSDT,1563879600000,2.3297,2.38,2.3297,2.378,244784.79,1563883199999,577049.749704,1585
LINKUSDT,1563883200000,2.376,2.4004,2.3472,2.3702,274589.48,1563886799999,653307.883823,1809
LINKUSDT,1563886800000,2.3709,2.3743,2.2651,2.3087,343497.06,1563890399999,793251.963023,2568
LINKUSDT,1563890400000,2.3087,2.32,2.2725,2.2958,176737.89,1563893999999,405920.81741,1376
LINKUSDT,1563894000000,2.294,2.3144,2.2508,2.2889,261848.42,1563897599999,597605.230859,1677
LINKUSDT,1563897600000,2.2879,2.3043,2.2717,2.2967,112927.93,1563901199999,258278.384625,913
LINKUSDT,1563901200000,2.2993,2.3382,2.2991,2.338,152724.67,1563904799999,353851.249905,1021
LINKUSDT,1563904800000,2.3383,2.3983,2.33,2.3876,304923.32,1563908399999,720933.990792,1895
LINKUSDT,1563908400000,2.3912,2.4341,2.3831,2.42,288428.53,1563911999999,694224.977876,1630
LINKUSDT,1563912000000,2.4213,2.52,2.4212,2.4767,780502.63,1563915599999,1940456.236885,4056
LINKUSDT,1563915600000,2.474,2.499,2.43,2.4456,376948.54,1563919199999,927532.412203,2206
LINKUSDT,1563919200000,2.443,2.4576,2.401,2.401,217920.18,1563922799999,529529.700297,1400
LINKUSDT,1563922800000,2.4012,2.4083,2.3365,2.3535,439016.24,1563926399999,1039623.621058,2499
LINKUSDT,1563926400000,2.3559,2.3559,2.27,2.3159,437880.29,1563929999999,1009537.614245,2456
LINKUSDT,1563930000000,2.3156,2.3501,2.3079,2.32,116384.41,1563933599999,271107.773648,990
LINKUSDT,1563933600000,2.32,2.3369,2.2878,2.3285,160470.12,1563937199999,370631.079802,1176
LINKUSDT,1563937200000,2.3262,2.332,2.304,2.3258,66993.27,1563940799999,155215.830146,625
LINKUSDT,1563940800000,2.3221,2.3666,2.3066,2.3637,167120.96,1563944399999,390150.896314,1328
LINKUSDT,1563944400000,2.3665,2.4174,2.3472,2.39,283726.47,1563947999999,676257.24781,1784
LINKUSDT,1563948000000,2.39,2.4241,2.3645,2.3694,206657.13,1563951599999,495456.916984,1436
LINKUSDT,1563951600000,2.3737,2.3844,2.3478,2.3802,121427.13,1563955199999,287276.646967,1141
LINKUSDT,1563955200000,2.3802,2.4134,2.378,2.4022,128696.38,1563958799999,308540.771498,1003
LINKUSDT,1563958800000,2.4022,2.4219,2.383,2.3867,168893.02,1563962399999,405807.882402,1049
LINKUSDT,1563962400000,2.3898,2.3898,2.3175,2.3389,231213.31,1563965999999,542754.406593,1493
LINKUSDT,1563966000000,2.3353,2.3477,2.313,2.3454,150075.23,1563969599999,350209.581328,1078
LINKUSDT,1563969600000,2.3453,2.3624,2.327,2.3581,100139.89,1563973199999,234951.233186,743
LINKUSDT,1563973200000,2.3616,2.3864,2.3504,2.3592,175168.38,1563976799999,415244.607107,1342
LINKUSDT,1563976800000,2.3592,2.4472,2.3569,2.4437,336503.63,1563980399999,814863.125652,2403
LINKUSDT,1563980400000,2.4441,2.5131,2.444,2.4612,654489.81,1563983999999,1618544.273904,3744
LINKUSDT,1563984000000,2.4612,2.4686,2.3292,2.3839,582351.76,1563987599999,1388485.065893,3699
LINKUSDT,1563987600000,2.3813,2.4433,2.375,2.4147,248984.83,1563991199999,601173.829567,1965
LINKUSDT,1563991200000,2.415,2.45,2.402,2.4165,238509.51,1563994799999,579591.749346,1664
LINKUSDT,1563994800000,2.4173,2.4409,2.405,2.4068,162528.88,1563998399999,394133.736196,1008
LINKUSDT,1563998400000,2.4088,2.435,2.3774,2.41,150205.95,1564001999999,360249.214942,1197
LINKUSDT,1564002000000,2.4099,2.4468,2.4075,2.4186,163896.67,1564005599999,397250.180072,1216
LINKUSDT,1564005600000,2.4186,2.4514,2.3951,2.396,154483.34,1564009199999,374481.839133,1078
LINKUSDT,1564009200000,2.3994,2.4259,2.3854,2.3999,116222.11,1564012799999,279500.294739,915
LINKUSDT,1564012800000,2.3971,2.48,2.3937,2.4562,278590.21,1564016399999,682513.378093,1910
LINKUSDT,1564016400000,2.46,2.4774,2.4403,2.4611,206130.82,1564019999999,507301.048802,1231
LINKUSDT,1564020000000,2.462,2.4744,2.4414,2.4592,171879.57,1564023599999,422251.852256,1041
LINKUSDT,1564023600000,2.4592,2.4838,2.4568,2.4717,166997.18,1564027199999,412369.894355,1807
LINKUSDT,1564027200000,2.4717,2.5149,2.4499,2.4577,316870.7,1564030799999,787031.726786,1796
LINKUSDT,1564030800000,2.4559,2.4749,2.4548,2.468,98407.52,1564034399999,242404.261993,738
LINKUSDT,1564034400000,2.4672,2.4942,2.4619,2.4938,137528.06,1564037999999,340748.472622,829
LINKUSDT,1564038000000,2.4942,2.5039,2.477,2.485,132809.17,1564041599999,330855.277883,911
LINKUSDT,1564041600000,2.485,2.5119,2.4794,2.4936,238192.21,1564045199999,595094.879188,1273
LINKUSDT,1564045200000,2.4954,2.5016,2.4546,2.461,186363.45,1564048799999,461123.496558,1224
LINKUSDT,1564048800000,2.461,2.4998,2.44,2.4693,224461.89,1564052399999,553792.013559,1429
LINKUSDT,1564052400000,2.4705,2.4705,2.4535,2.4626,87870.66,1564055999999,216277.050293,780
LINKUSDT,1564056000000,2.4619,2.4759,2.45,2.4701,120021.67,1564059599999,295692.782367,813
LINKUSDT,1564059600000,2.47,2.47,2.4075,2.433,401631.94,1564063199999,976403.904023,1950
LINKUSDT,1564063200000,2.4329,2.4511,2.425,2.425,117639.57,1564066799999,286820.721503,818
LINKUSDT,1564066800000,2.4288,2.4474,2.4259,2.447,84794.39,1564070399999,206481.105962,646
LINKUSDT,1564070400000,2.447,2.47,2.4308,2.4395,178924.22,1564073999999,437767.7548,1079
LINKUSDT,1564074000000,2.4368,2.465,2.436,2.443,110181.71,1564077599999,270348.869784,621
LINKUSDT,1564077600000,2.443,2.4548,2.4359,2.4359,62225.97,1564081199999,152161.807287,486
LINKUSDT,1564081200000,2.4359,2.439,2.3651,2.3801,297659.62,1564084799999,716322.182296,1903
LINKUSDT,1564084800000,2.3801,2.3952,2.3647,2.3817,169654.49,1564088399999,404215.274321,1024
LINKUSDT,1564088400000,2.3839,2.3937,2.3654,2.3876,89354.4,1564091999999,212666.554013,640
LINKUSDT,1564092000000,2.3909,2.4033,2.385,2.4003,50392.17,1564095599999,120725.762647,530
LINKUSDT,1564095600000,2.401,2.407,2.3595,2.3615,101151.23,1564099199999,241036.992958,748
LINKUSDT,1564099200000,2.3615,2.364,2.3201,2.3499,286678.26,1564102799999,671987.658138,1657
LINKUSDT,1564102800000,2.35,2.3584,2.3343,2.3472,106601.2,1564106399999,250127.377389,674
LINKUSDT,1564106400000,2.3472,2.354,2.3401,2.3438,56745.96,1564109999999,133205.629436,405
LINKUSDT,1564110000000,2.3417,2.3725,2.3401,2.3664,97808.03,1564113599999,230627.23035,783
LINKUSDT,1564113600000,2.3664,2.3798,2.365,2.3788,42891.88,1564117199999,101724.469074,403
LINKUSDT,1564117200000,2.3768,2.3784,2.3632,2.3651,80300.79,1564120799999,190326.886708,502
LINKUSDT,1564120800000,2.364,2.39,2.355,2.3852,121976.02,1564124399999,288969.80936,952
LINKUSDT,1564124400000,2.3851,2.43,2.3798,2.4128,150538.02,1564127999999,361606.242221,1013
LINKUSDT,1564128000000,2.4134,2.4214,2.395,2.4001,54689.99,1564131599999,131348.136959,525
LINKUSDT,1564131600000,2.4,2.4066,2.3864,2.4,43123.25,1564135199999,103433.489776,354
LINKUSDT,1564135200000,2.4,2.4043,2.3796,2.386,43524.7,1564138799999,103859.208904,491
LINKUSDT,1564138800000,2.3866,2.3964,2.3804,2.3804,63205.34,1564142399999,150920.92396,522
LINKUSDT,1564142400000,2.3804,2.4092,2.3677,2.3899,101742.23,1564145999999,242952.70233,872
LINKUSDT,1564146000000,2.3921,2.3981,2.38,2.3938,66111.43,1564149599999,158043.08597,427
LINKUSDT,1564149600000,2.3939,2.4012,2.377,2.3908,71215.07,1564153199999,170081.014918,578
LINKUSDT,1564153200000,2.3908,2.3932,2.3744,2.3876,41748.73,1564156799999,99447.187041,400
LINKUSDT,1564156800000,2.3883,2.4105,2.3802,2.3913,80203.3,1564160399999,192162.2705,701
LINKUSDT,1564160400000,2.3939,2.3964,2.3723,2.3795,47096.58,1564163999999,112154.239619,446
LINKUSDT,1564164000000,2.382,2.4057,2.38,2.3966,81123.24,1564167599999,194508.693616,579
LINKUSDT,1564167600000,2.3982,2.4135,2.3975,2.4023,65403.98,1564171199999,157290.084297,430
LINKUSDT,1564171200000,2.4051,2.41,2.3773,2.3932,96191.32,1564174799999,230520.30879,629
LINKUSDT,1564174800000,2.3936,2.4029,2.3769,2.397,102899.36,1564178399999,245762.812743,805
LINKUSDT,1564178400000,2.399,2.4042,2.3801,2.3865,47875.51,1564181999999,114515.210054,413
LINKUSDT,1564182000000,2.3866,2.3997,2.3838,2.3989,29573.64,1564185599999,70730.744309,268
LINKUSDT,1564185600000,2.3954,2.4437,2.3929,2.4226,285417.08,1564189199999,690664.739167,1824
LINKUSDT,1564189200000,2.4243,2.4428,2.4074,2.4428,109500.49,1564192799999,265831.975158,824
LINKUSDT,1564192800000,2.4428,2.4492,2.4241,2.4311,77980.21,1564196399999,190012.602091,685
LINKUSDT,1564196400000,2.4324,2.4331,2.4134,2.4159,117190.59,1564199999999,283917.988404,536
LINKUSDT,1564200000000,2.42,2.4282,2.4141,2.4262,53853.91,1564203599999,130285.39067,349
LINKUSDT,1564203600000,2.4262,2.4334,2.395,2.4058,84642.02,1564207199999,203963.344382,614
LINKUSDT,1564207200000,2.4059,2.4489,2.405,2.4489,239850.14,1564210799999,583815.557957,983
LINKUSDT,1564210800000,2.4443,2.4558,2.4228,2.4411,202784.9,1564214399999,495255.038348,990
LINKUSDT,1564214400000,2.4417,2.4559,2.432,2.4505,69142.06,1564217999999,169123.751585,461
LINKUSDT,1564218000000,2.4505,2.46,2.4482,2.4491,72748.58,1564221599999,178591.903296,474
LINKUSDT,1564221600000,2.4482,2.4519,2.2862,2.2875,939596.18,1564225199999,2193513.735489,4473
LINKUSDT,1564225200000,2.288,2.3114,2.2715,2.2947,285831.76,1564228799999,654122.682803,1757
LINKUSDT,1564228800000,2.293,2.2962,2.2215,2.239,405194.23,1564232399999,911758.39078,2336
LINKUSDT,1564232400000,2.2398,2.2926,2.2304,2.2632,260362.66,1564235999999,590461.091606,1541
LINKUSDT,1564236000000,2.2631,2.2648,2.2423,2.2456,111559.82,1564239599999,251476.235789,692
LINKUSDT,1564239600000,2.2474,2.2533,2.2173,2.2416,183681.73,1564243199999,410612.114041,1149
LINKUSDT,1564243200000,2.2416,2.2523,2.2267,2.237,104230.59,1564246799999,233071.121594,776
LINKUSDT,1564246800000,2.2374,2.2691,2.2348,2.2547,143423.96,1564250399999,323052.652301,948
LINKUSDT,1564250400000,2.2555,2.2654,2.228,2.2349,91173.11,1564253999999,204827.070771,720
LINKUSDT,1564254000000,2.235,2.2515,2.1525,2.2239,200022.78,1564257599999,443321.469349,1236
LINKUSDT,1564257600000,2.223,2.2406,2.209,2.24,71130.82,1564261199999,158263.661704,600
LINKUSDT,1564261200000,2.24,2.266,2.238,2.2645,55758.88,1564264799999,125409.478245,514
LINKUSDT,1564264800000,2.2644,2.2645,2.2243,2.2508,77244.83,1564268399999,173612.12743,678
LINKUSDT,1564268400000,2.2499,2.2533,2.2231,2.2453,54651.39,1564271999999,122257.175959,473
LINKUSDT,1564272000000,2.2372,2.2471,2.2203,2.2269,53281.22,1564275599999,118798.636061,430
LINKUSDT,1564275600000,2.2261,2.2499,2.2261,2.2387,21405.27,1564279199999,47935.267022,273
LINKUSDT,1564279200000,2.2386,2.2472,2.2308,2.2386,32127.81,1564282799999,71895.461529,238
LINKUSDT,1564282800000,2.2386,2.2626,2.2358,2.2493,40646.33,1564286399999,91628.225345,333
LINKUSDT,1564286400000,2.2493,2.2733,2.2479,2.2613,30828.62,1564289999999,69777.479457,328
LINKUSDT,1564290000000,2.266,2.2716,2.2601,2.2631,25294.68,1564293599999,57308.827513,236
LINKUSDT,1564293600000,2.2631,2.2677,2.2432,2.25,57194.62,1564297199999,128751.675652,396
LINKUSDT,1564297200000,2.2518,2.2538,2.243,2.2459,13864.12,1564300799999,31170.192576,155
LINKUSDT,1564300800000,2.2459,2.2494,2.2349,2.2399,79809.81,1564304399999,178773.816635,535
LINKUSDT,1564304400000,2.2419,2.247,2.22,2.2306,166572.01,1564307999999,371370.066019,942
LINKUSDT,1564308000000,2.2322,2.2401,2.223,2.229,35533.28,1564311599999,79243.842155,311
LINKUSDT,1564311600000,2.2313,2.26,2.2311,2.251,79726.39,1564315199999,178754.750437,486
LINKUSDT,1564315200000,2.2506,2.2579,2.23,2.2325,54046.49,1564318799999,121254.664449,409
LINKUSDT,1564318800000,2.2313,2.2388,2.224,2.2379,24659.4,1564322399999,55018.949248,239
LINKUSDT,1564322400000,2.2379,2.2504,2.2283,2.2459,50791.44,1564325999999,113817.529825,372
LINKUSDT,1564326000000,2.2428,2.2441,2.2214,2.231,44878.0,1564329599999,100136.224764,451
LINKUSDT,1564329600000,2.23,2.2495,2.228,2.2376,40197.81,1564333199999,89949.328563,388
LINKUSDT,1564333200000,2.2428,2.25,2.237,2.2398,33316.58,1564336799999,74758.46124,350
LINKUSDT,1564336800000,2.2397,2.243,2.233,2.2349,27626.31,1564340399999,61811.128582,244
LINKUSDT,1564340400000,2.234,2.2409,2.2315,2.233,22276.28,1564343999999,49823.014408,202
LINKUSDT,1564344000000,2.2343,2.2369,2.2053,2.2212,120225.04,1564347599999,266943.160188,630
LINKUSDT,1564347600000,2.2212,2.222,2.1818,2.19,164869.23,1564351199999,361775.465531,906
LINKUSDT,1564351200000,2.1879,2.2178,2.1,2.1773,519252.72,1564354799999,1116659.098059,2901
LINKUSDT,1564354800000,2.185,2.2416,2.1746,2.2156,182877.6,1564358399999,403745.366332,1250
LINKUSDT,1564358400000,2.2178,2.2312,2.2043,2.2162,87281.7,1564361999999,194058.822686,478
LINKUSDT,1564362000000,2.2173,2.2482,2.2097,2.2324,83226.84,1564365599999,185489.22166,637
LINKUSDT,1564365600000,2.2324,2.2346,2.2217,2.2339,28323.63,1564369199999,63055.049125,243
LINKUSDT,1564369200000,2.2339,2.2378,2.1971,2.2117,96633.61,1564372799999,213888.224378,553
LINKUSDT,1564372800000,2.2078,2.2285,2.2076,2.2285,45911.18,1564376399999,101945.045959,355
LINKUSDT,1564376400000,2.2287,2.2391,2.2072,2.2115,69283.59,1564379999999,154178.076499,462
LINKUSDT,1564380000000,2.2148,2.22,2.2018,2.2133,21242.44,1564383599999,46929.663513,242
LINKUSDT,1564383600000,2.2133,2.2213,2.2121,2.2129,12959.25,1564387199999,28723.241441,160
LINKUSDT,1564387200000,2.211,2.2184,2.1803,2.1969,71236.51,1564390799999,156711.178389,551
LINKUSDT,1564390800000,2.1949,2.1958,2.1513,2.1764,170657.29,1564394399999,370404.53466,999
LINKUSDT,1564394400000,2.1764,2.189,2.1629,2.1691,85409.12,1564397999999,185754.999187,538
LINKUSDT,1564398000000,2.1691,2.1765,2.15,2.15,85553.24,1564401599999,185200.956742,566
LINKUSDT,1564401600000,2.1527,2.1577,2.11,2.14,248458.8,1564405199999,528825.4991,1551
LINKUSDT,1564405200000,2.14,2.1925,2.136,2.1617,195458.43,1564408799999,423861.326534,1239
LINKUSDT,1564408800000,2.1629,2.1933,2.1537,2.1872,104559.13,1564412399999,227531.824116,866
LINKUSDT,1564412400000,2.1874,2.194,2.1504,2.156,117166.82,1564415999999,254768.582766,770
LINKUSDT,1564416000000,2.1564,2.184,2.1206,2.1577,208802.53,1564419599999,451105.418726,1171
LINKUSDT,1564419600000,2.155,2.1618,2.1275,2.1355,71135.03,1564423199999,152677.751241,737
LINKUSDT,1564423200000,2.1355,2.1496,2.1159,2.1451,146659.81,1564426799999,312214.601245,915
LINKUSDT,1564426800000,2.1452,2.1453,2.122,2.1267,46251.08,1564430399999,98460.195404,397
LINKUSDT,1564430400000,2.1246,2.1412,2.1229,2.1412,56972.26,1564433999999,121534.70816,492
LINKUSDT,1564434000000,2.1391,2.1662,2.1369,2.1505,78548.22,1564437599999,169155.108025,602
LINKUSDT,1564437600000,2.1485,2.1523,2.1333,2.1418,44648.64,1564441199999,95798.970545,371
LINKUSDT,1564441200000,2.1416,2.1446,2.12,2.1251,51778.92,1564444799999,110463.868336,466
LINKUSDT,1564444800000,2.125,2.1419,2.1231,2.1347,30730.7,1564448399999,65539.991923,251
LINKUSDT,1564448400000,2.1347,2.1351,2.0623,2.0647,309902.56,1564451999999,649659.948347,1870
LINKUSDT,1564452000000,2.0646,2.0906,2.06,2.0699,236721.39,1564455599999,491417.129113,1651
LINKUSDT,1564455600000,2.0696,2.0813,2.065,2.0725,143140.36,1564459199999,296602.141047,740
LINKUSDT,1564459200000,2.0711,2.089,2.0701,2.0847,66840.52,1564462799999,139120.453919,481
LINKUSDT,1564462800000,2.0846,2.0866,1.9694,1.9754,871007.88,1564466399999,1758558.655792,3685
LINKUSDT,1564466400000,1.9759,2.0392,1.9757,2.03,349529.97,1564469999999,704649.277065,2138
LINKUSDT,1564470000000,2.0305,2.0625,2.0287,2.0301,177494.2,1564473599999,362613.42711,1321
LINKUSDT,1564473600000,2.0325,2.0539,2.0125,2.0137,118362.83,1564477199999,240253.59625,975
LINKUSDT,1564477200000,2.0129,2.0283,2.0117,2.0172,85021.91,1564480799999,171655.484441,501
LINKUSDT,1564480800000,2.0151,2.0223,2.0032,2.0102,88947.0,1564484399999,179074.973861,675
LINKUSDT,1564484400000,2.0091,2.073,2.0057,2.0653,287410.18,1564487999999,586753.385343,1809
LINKUSDT,1564488000000,2.0651,2.1047,2.0636,2.081,295362.1,1564491599999,615920.049018,1839
LINKUSDT,1564491600000,2.0869,2.0947,2.0716,2.0922,102442.71,1564495199999,213660.886796,690
LINKUSDT,1564495200000,2.0939,2.1629,2.0925,2.1485,487701.65,1564498799999,1042475.69725,2674
LINKUSDT,1564498800000,2.1459,2.1854,2.131,2.169,315080.96,1564502399999,680705.998262,1822
LINKUSDT,1564502400000,2.168,2.17,2.12,2.1288,180967.3,1564505999999,388265.734671,1310
LINKUSDT,1564506000000,2.128,2.1357,2.1168,2.122,136145.54,1564509599999,289317.442408,821
LINKUSDT,1564509600000,2.122,2.1396,2.1192,2.1243,75207.82,1564513199999,160125.332899,609
LINKUSDT,1564513200000,2.125,2.1268,2.0942,2.1117,152322.16,1564516799999,321548.210454,988
LINKUSDT,1564516800000,2.1128,2.1153,2.095,2.0999,62795.11,1564520399999,132171.418229,543
LINKUSDT,1564520400000,2.0994,2.1089,2.0803,2.1077,95919.95,1564523999999,200636.324375,680
LINKUSDT,1564524000000,2.108,2.125,2.0929,2.1035,70386.69,1564527599999,148467.393128,571
LINKUSDT,1564527600000,2.1048,2.1142,2.0615,2.0682,78934.8,1564531199999,164522.630053,699
LINKUSDT,1564531200000,2.0672,2.1056,2.0624,2.0883,182802.88,1564534799999,382580.731132,1006
LINKUSDT,1564534800000,2.0885,2.092,2.0589,2.0811,142035.0,1564538399999,294852.543514,1046
LINKUSDT,1564538400000,2.0835,2.1088,2.0825,2.1014,92574.57,1564541999999,194286.440865,724
LINKUSDT,1564542000000,2.1019,2.1195,2.1019,2.1091,83976.75,1564545599999,177366.105435,521
LINKUSDT,1564545600000,2.1091,2.1176,2.099,2.1026,46345.7,1564549199999,97683.460952,412
LINKUSDT,1564549200000,2.1035,2.1305,2.0862,2.1303,120028.66,1564552799999,253373.819446,809
LINKUSDT,1564552800000,2.1245,2.25,2.1185,2.2024,741495.23,1564556399999,1618642.417237,3859
LINKUSDT,1564556400000,2.2024,2.2122,2.1699,2.1738,234480.22,1564559999999,513412.309118,1446
LINKUSDT,1564560000000,2.1737,2.238,2.1701,2.2184,254088.62,1564563599999,562150.556412,1660
LINKUSDT,1564563600000,2.218,2.2245,2.187,2.2113,191447.62,1564567199999,422807.48357,1234
LINKUSDT,1564567200000,2.2123,2.2126,2.1713,2.19,192194.14,1564570799999,420516.141528,1244
LINKUSDT,1564570800000,2.1921,2.2052,2.1791,2.2006,116555.97,1564574399999,255784.863852,709
LINKUSDT,1564574400000,2.2009,2.2274,2.193,2.1975,253670.41,1564577999999,561393.823823,1573
LINKUSDT,1564578000000,2.197,2.2,2.1754,2.1927,161181.76,1564581599999,352678.819526,1128
LINKUSDT,1564581600000,2.1927,2.2252,2.1927,2.1948,308558.52,1564585199999,681053.648718,1489
LINKUSDT,1564585200000,2.1968,2.2009,2.1612,2.171,283731.67,1564588799999,618927.443119,1804
LINKUSDT,1564588800000,2.1697,2.1816,2.1422,2.1666,280049.89,1564592399999,604536.050354,1424
LINKUSDT,1564592400000,2.1666,2.18,2.16,2.1761,88846.27,1564595999999,192752.185152,505
LINKUSDT,1564596000000,2.1762,2.1815,2.1629,2.1675,97812.52,1564599599999,212267.923748,550
LINKUSDT,1564599600000,2.1675,2.1738,2.1543,2.1684,84847.97,1564603199999,183642.32947,468
LINKUSDT,1564603200000,2.1679,2.1792,2.1594,2.163,85174.07,1564606799999,184905.289519,418
LINKUSDT,1564606800000,2.1598,2.2215,2.1511,2.2204,267738.74,1564610399999,586821.783483,1326
LINKUSDT,1564610400000,2.2206,2.2349,2.182,2.1824,181302.3,1564613999999,400486.891382,1434
LINKUSDT,1564614000000,2.1878,2.2182,2.1795,2.2102,101083.05,1564617599999,221663.141313,799
LINKUSDT,1564617600000,2.2169,2.231,2.1931,2.2037,180538.99,1564621199999,399984.13242,1029
LINKUSDT,1564621200000,2.2035,2.221,2.198,2.2086,148644.52,1564624799999,328094.92563,868
LINKUSDT,1564624800000,2.2097,2.227,2.1999,2.22,152949.16,1564628399999,338796.904387,688
LINKUSDT,1564628400000,2.22,2.2232,2.1949,2.2072,117718.55,1564631999999,260161.540952,757
LINKUSDT,1564632000000,2.2072,2.2098,2.1611,2.1851,176479.85,1564635599999,384999.407691,1053
LINKUSDT,1564635600000,2.1842,2.1912,2.151,2.1717,158057.83,1564639199999,342223.643539,864
LINKUSDT,1564639200000,2.1719,2.1719,2.1544,2.1715,81225.77,1564642799999,175803.458758,515
LINKUSDT,1564642800000,2.1715,2.1883,2.164,2.1781,37551.67,1564646399999,81718.537237,368
LINKUSDT,1564646400000,2.1778,2.1834,2.1558,2.1589,121577.02,1564649999999,263680.397139,559
LINKUSDT,1564650000000,2.1587,2.17,2.1435,2.1452,125685.97,1564653599999,270743.17283,676
LINKUSDT,1564653600000,2.1458,2.1461,2.1054,2.1223,245742.64,1564657199999,521658.578588,1459
LINKUSDT,1564657200000,2.1223,2.1395,2.1131,2.1308,61603.54,1564660799999,130821.198997,442
LINKUSDT,1564660800000,2.1337,2.146,2.1233,2.1334,85656.96,1564664399999,182784.305391,602
LINKUSDT,1564664400000,2.1347,2.1445,2.1184,2.1381,100677.34,1564667999999,214547.564604,723
LINKUSDT,1564668000000,2.138,2.138,2.1165,2.1175,46894.68,1564671599999,99658.711916,484
LINKUSDT,1564671600000,2.1175,2.1405,2.1138,2.1372,128476.58,1564675199999,272898.375005,717
LINKUSDT,1564675200000,2.1372,2.1396,2.1256,2.1298,52921.01,1564678799999,112900.152478,373
LINKUSDT,1564678800000,2.1341,2.135,2.12,2.1242,62320.39,1564682399999,132558.361837,443
LINKUSDT,1564682400000,2.1244,2.1438,2.1244,2.1341,123398.51,1564685999999,263608.87696,622
LINKUSDT,1564686000000,2.1338,2.1473,2.1151,2.121,122333.59,1564689599999,260155.068482,792
LINKUSDT,1564689600000,2.123,2.1376,2.1101,2.1219,224519.95,1564693199999,476044.344873,1234
LINKUSDT,1564693200000,2.1219,2.1561,2.1217,2.1428,122431.06,1564696799999,261852.333731,741
LINKUSDT,1564696800000,2.1434,2.1623,2.1379,2.1496,94405.48,1564700399999,202870.622876,741
LINKUSDT,1564700400000,2.1513,2.1761,2.1513,2.161,118730.29,1564703999999,257169.667396,739
LINKUSDT,1564704000000,2.1612,2.1669,2.153,2.1645,81989.44,1564707599999,177012.426735,455
LINKUSDT,1564707600000,2.1645,2.1967,2.1645,2.1863,93907.7,1564711199999,205012.536228,727
LINKUSDT,1564711200000,2.1864,2.19,2.1671,2.1855,89508.85,1564714799999,195118.232577,608
LINKUSDT,1564714800000,2.1854,2.1994,2.172,2.1725,150795.69,1564718399999,330166.718924,811
LINKUSDT,1564718400000,2.1725,2.19,2.154,2.1836,92150.78,1564721999999,199847.766786,589
LINKUSDT,1564722000000,2.1836,2.1966,2.1717,2.1887,86028.44,1564725599999,188094.394664,621
LINKUSDT,1564725600000,2.1911,2.1919,2.1797,2.1851,79526.93,1564729199999,173848.578393,588
LINKUSDT,1564729200000,2.1852,2.1882,2.165,2.1662,113388.33,1564732799999,246824.9085,723
LINKUSDT,1564732800000,2.1662,2.1743,2.1561,2.1688,59168.99,1564736399999,128177.110333,451
LINKUSDT,1564736400000,2.1688,2.182,2.157,2.1669,68604.85,1564739999999,148864.068482,469
LINKUSDT,1564740000000,2.1689,2.1791,2.166,2.1765,21100.77,1564743599999,45879.525001,228
LINKUSDT,1564743600000,2.1782,2.1783,2.1468,2.1468,98626.73,1564747199999,212604.39827,701
LINKUSDT,1564747200000,2.1474,2.17,2.1429,2.1667,94970.51,1564750799999,204373.491852,527
LINKUSDT,1564750800000,2.1664,2.1779,2.1611,2.1652,88507.58,1564754399999,191913.809313,427
LINKUSDT,1564754400000,2.1663,2.1855,2.1651,2.183,101853.6,1564757999999,221602.276612,481
LINKUSDT,1564758000000,2.183,2.187,2.1674,2.1729,91760.31,1564761599999,199961.286695,476
LINKUSDT,1564761600000,2.1729,2.173,2.1275,2.1459,205021.02,1564765199999,441425.542098,1094
LINKUSDT,1564765200000,2.144,2.1898,2.1426,2.178,146646.7,1564768799999,319061.645155,917
LINKUSDT,1564768800000,2.178,2.185,2.1722,2.1772,135400.76,1564772399999,294780.269869,550
LINKUSDT,1564772400000,2.1806,2.42,2.18,2.3605,1243554.31,1564775999999,2879749.419419,7282
LINKUSDT,1564776000000,2.3606,2.4372,2.2926,2.3416,1026656.68,1564779599999,2421540.444731,5569
LINKUSDT,1564779600000,2.3443,2.4654,2.3325,2.4277,856461.42,1564783199999,2050920.433265,3957
LINKUSDT,1564783200000,2.4342,2.49,2.4126,2.4447,839102.46,1564786799999,2056891.579489,4009
LINKUSDT,1564786800000,2.4468,2.4498,2.3768,2.4271,461064.16,1564790399999,1109634.642457,2397
LINKUSDT,1564790400000,2.4269,2.4269,2.3569,2.3687,259386.04,1564793999999,617289.650318,1403
LINKUSDT,1564794000000,2.3694,2.4499,2.3694,2.4235,371023.41,1564797599999,898173.556552,2171
LINKUSDT,1564797600000,2.4238,2.51,2.3997,2.4464,492116.53,1564801199999,1211604.620931,3204
LINKUSDT,1564801200000,2.4461,2.5567,2.4424,2.5238,473890.89,1564804799999,1192219.420962,2934
LINKUSDT,1564804800000,2.521,2.7342,2.5146,2.7187,1305697.41,1564808399999,3460149.731148,7330
LINKUSDT,1564808400000,2.7185,2.7241,2.58,2.6825,904343.23,1564811999999,2398442.236357,5561
LINKUSDT,1564812000000,2.6835,2.7147,2.6238,2.6757,653831.24,1564815599999,1745969.96863,3476
LINKUSDT,1564815600000,2.6731,2.6828,2.6365,2.6546,279545.15,1564819199999,743857.64763,1682
LINKUSDT,1564819200000,2.6546,2.7,2.635,2.6388,381583.68,1564822799999,1016914.762517,2105
LINKUSDT,1564822800000,2.6384,2.664,2.5742,2.5918,527358.19,1564826399999,1375767.225272,2828
LINKUSDT,1564826400000,2.5957,2.6478,2.5935,2.6331,202071.56,1564829999999,529380.790108,1337
LINKUSDT,1564830000000,2.6351,2.6374,2.548,2.581,539340.45,1564833599999,1390792.656546,3201
LINKUSDT,1564833600000,2.5831,2.606,2.548,2.5883,361415.08,1564837199999,931215.21221,2160
LINKUSDT,1564837200000,2.5893,2.6901,2.5893,2.6525,555898.11,1564840799999,1481036.567376,3442
LINKUSDT,1564840800000,2.6501,2.677,2.6355,2.6535,221738.52,1564844399999,589339.386985,1561
LINKUSDT,1564844400000,2.6525,2.6666,2.5818,2.6024,312551.64,1564847999999,819986.274895,2162
LINKUSDT,1564848000000,2.6076,2.6449,2.5828,2.6184,296266.8,1564851599999,774472.179613,2020
LINKUSDT,1564851600000,2.6184,2.6245,2.57,2.6089,274285.15,1564855199999,711490.744918,1808
LINKUSDT,1564855200000,2.6049,2.6069,2.5451,2.5579,299395.16,1564858799999,770549.676799,1742
LINKUSDT,1564858800000,2.555,2.5715,2.4814,2.5316,852911.23,1564862399999,2152236.697074,5077
LINKUSDT,1564862400000,2.5381,2.5624,2.5064,2.5126,315338.58,1564865999999,797270.324877,2131
LINKUSDT,1564866000000,2.5206,2.5309,2.4234,2.425,646064.1,1564869599999,1588378.850698,3368
LINKUSDT,1564869600000,2.4298,2.4652,2.4026,2.4553,556594.17,1564873199999,1355027.003454,3132
LINKUSDT,1564873200000,2.4553,2.457,2.4071,2.4211,247017.69,1564876799999,599371.644113,1628
LINKUSDT,1564876800000,2.4186,2.5282,2.4171,2.5141,474215.69,1564880399999,1177004.677568,2940
LINKUSDT,1564880400000,2.5164,2.5985,2.5102,2.5435,395729.04,1564883999999,1008072.308188,2551
LINKUSDT,1564884000000,2.5433,2.55,2.4666,2.5001,355871.59,1564887599999,889475.786069,2170
LINKUSDT,1564887600000,2.5001,2.5149,2.4171,2.444,338551.61,1564891199999,830673.037961,2087
LINKUSDT,1564891200000,2.444,2.4441,2.3811,2.3954,376891.46,1564894799999,907408.035829,2003
LINKUSDT,1564894800000,2.3954,2.4765,2.3814,2.4302,351557.93,1564898399999,857426.915087,2152
LINKUSDT,1564898400000,2.4301,2.4642,2.4264,2.462,168910.56,1564901999999,413365.571127,1021
LINKUSDT,1564902000000,2.4605,2.4605,2.4251,2.4285,92778.37,1564905599999,226466.450796,801
LINKUSDT,1564905600000,2.4282,2.4765,2.4231,2.4449,142975.96,1564909199999,350798.800525,1083
LINKUSDT,1564909200000,2.4466,2.5243,2.4409,2.5243,226449.0,1564912799999,563073.996199,1506
LINKUSDT,1564912800000,2.5243,2.5367,2.4864,2.4923,265184.81,1564916399999,666370.170831,1524
LINKUSDT,1564916400000,2.4924,2.5034,2.4446,2.4653,126390.06,1564919999999,312030.396802,1081
LINKUSDT,1564920000000,2.4654,2.4877,2.4553,2.4699,90813.29,1564923599999,224349.143604,2689
LINKUSDT,1564923600000,2.4745,2.5151,2.4707,2.5061,169818.84,1564927199999,424097.687294,1302
LINKUSDT,1564927200000,2.5066,2.55,2.4911,2.5467,276960.12,1564930799999,697802.091468,1571
LINKUSDT,1564930800000,2.5498,2.6044,2.5038,2.5149,673616.73,1564934399999,1729943.270362,4166
LINKUSDT,1564934400000,2.515,2.549,2.5027,2.509,340580.26,1564937999999,860365.560487,2280
LINKUSDT,1564938000000,2.5099,2.5284,2.4805,2.5216,233017.96,1564941599999,583006.968445,1776
LINKUSDT,1564941600000,2.5241,2.5686,2.5195,2.5435,251600.8,1564945199999,640384.578174,1984
LINKUSDT,1564945200000,2.5431,2.5648,2.5208,2.5347,187605.44,1564948799999,477678.050594,1086
LINKUSDT,1564948800000,2.5321,2.5365,2.4899,2.4948,157465.38,1564952399999,395115.428143,1270
LINKUSDT,1564952400000,2.4912,2.5135,2.4554,2.466,255948.63,1564955999999,635307.405109,1630
LINKUSDT,1564956000000,2.4692,2.5001,2.4464,2.4924,223280.56,1564959599999,553231.224637,1416
LINKUSDT,1564959600000,2.4922,2.515,2.4922,2.5099,81429.35,1564963199999,203693.306127,701
LINKUSDT,1564963200000,2.5097,2.54,2.4787,2.5188,163520.92,1564966799999,409582.259644,1342
LINKUSDT,1564966800000,2.5168,2.5449,2.474,2.5079,325102.2,1564970399999,814378.968171,1985
LINKUSDT,1564970400000,2.5079,2.5198,2.474,2.5071,218489.97,1564973999999,545248.777882,1216
LINKUSDT,1564974000000,2.5067,2.5983,2.5066,2.5955,437457.21,1564977599999,1114346.567683,2272
LINKUSDT,1564977600000,2.593,2.595,2.5443,2.5505,241518.33,1564981199999,618523.717147,1369
LINKUSDT,1564981200000,2.5502,2.5503,2.52,2.5313,111313.22,1564984799999,282143.823868,754
LINKUSDT,1564984800000,2.53,2.5658,2.525,2.5457,171570.1,1564988399999,437010.318799,1090
LINKUSDT,1564988400000,2.5481,2.5608,2.518,2.526,272647.97,1564991999999,692639.41461,1390
LINKUSDT,1564992000000,2.5258,2.5477,2.52,2.5447,109888.03,1564995599999,278078.178149,842
LINKUSDT,1564995600000,2.5413,2.5547,2.5301,2.5547,88497.57,1564999199999,225314.82068,614
LINKUSDT,1564999200000,2.5542,2.5924,2.5367,2.5739,314261.37,1565002799999,805594.986031,2123
LINKUSDT,1565002800000,2.5728,2.6495,2.5589,2.6093,448713.51,1565006399999,1170161.106492,2930
LINKUSDT,1565006400000,2.6062,2.6134,2.5667,2.584,251734.2,1565009999999,650596.798308,1643
LINKUSDT,1565010000000,2.584,2.63,2.5789,2.6139,251738.45,1565013599999,655474.852738,1422
LINKUSDT,1565013600000,2.6139,2.6161,2.56,2.57,152766.03,1565017199999,394420.700039,1190
LINKUSDT,1565017200000,2.5702,2.5734,2.54,2.569,240158.26,1565020799999,613571.511611,1456
LINKUSDT,1565020800000,2.5682,2.5918,2.5637,2.5698,170010.48,1565024399999,438177.95304,1121
LINKUSDT,1565024400000,2.5668,2.583,2.5397,2.5516,166147.79,1565027999999,424730.06108,1179
LINKUSDT,1565028000000,2.5521,2.574,2.5378,2.5518,162656.98,1565031599999,414917.980998,1000
LINKUSDT,1565031600000,2.5489,2.556,2.5071,2.518,219427.27,1565035199999,555124.493122,1265
LINKUSDT,1565035200000,2.5186,2.5245,2.469,2.5051,491363.54,1565038799999,1224767.768372,2698
LINKUSDT,1565038800000,2.5051,2.5149,2.4756,2.4941,121329.95,1565042399999,303021.979465,1042
LINKUSDT,1565042400000,2.4941,2.5186,2.4861,2.4924,95919.39,1565045999999,239925.036416,823
LINKUSDT,1565046000000,2.4924,2.493,2.4562,2.4562,174955.89,1565049599999,432622.362657,1236
LINKUSDT,1565049600000,2.4599,2.5097,2.4599,2.4941,155183.54,1565053199999,386375.814571,1000
LINKUSDT,1565053200000,2.495,2.5181,2.4856,2.4857,68192.45,1565056799999,170564.188324,664
LINKUSDT,1565056800000,2.4857,2.4866,2.4666,2.4765,105990.93,1565060399999,262244.713856,566
LINKUSDT,1565060400000,2.4765,2.4857,2.4765,2.4822,45303.31,1565063999999,112425.11144,264
LINKUSDT,1565064000000,2.4822,2.5114,2.47,2.5114,55323.83,1565067599999,137643.327869,519
LINKUSDT,1565067600000,2.5119,2.5128,2.5001,2.5109,75959.43,1565071199999,190509.427158,502
LINKUSDT,1565071200000,2.5085,2.51,2.4238,2.4525,444520.58,1565074799999,1090658.461204,2495
LINKUSDT,1565074800000,2.4524,2.4899,2.43,2.4762,186593.19,1565078399999,459109.495773,1296
LINKUSDT,1565078400000,2.4761,2.5057,2.4628,2.4663,163882.75,1565081999999,406337.769643,959
LINKUSDT,1565082000000,2.4663,2.4835,2.4631,2.4684,99446.05,1565085599999,245591.821896,738
LINKUSDT,1565085600000,2.4684,2.4712,2.3952,2.4073,507561.56,1565089199999,1232505.921716,2901
LINKUSDT,1565089200000,2.4073,2.4291,2.39,2.4,324269.27,1565092799999,779228.792882,1296
LINKUSDT,1565092800000,2.4,2.4109,2.31,2.3574,547082.52,1565096399999,1287825.673098,2537
LINKUSDT,1565096400000,2.3588,2.3981,2.3401,2.3957,311824.84,1565099999999,738590.419405,1524
LINKUSDT,1565100000000,2.3957,2.3989,2.345,2.3614,242435.06,1565103599999,575635.233062,1223
LINKUSDT,1565103600000,2.3614,2.4152,2.33,2.3861,361101.64,1565107199999,851530.443615,1848
LINKUSDT,1565107200000,2.3861,2.3997,2.3646,2.39,124990.04,1565110799999,298149.092916,877
LINKUSDT,1565110800000,2.3902,2.3916,2.356,2.3598,123732.99,1565114399999,293574.943299,860
LINKUSDT,1565114400000,2.3598,2.495,2.356,2.4121,678591.83,1565117999999,1662418.620965,4282
LINKUSDT,1565118000000,2.4209,2.44,2.3848,2.428,243117.11,1565121599999,587578.581817,1513
LINKUSDT,1565121600000,2.4232,2.4633,2.4092,2.4424,183810.66,1565125199999,448334.947895,1329
LINKUSDT,1565125200000,2.4437,2.46,2.3522,2.4002,251382.75,1565128799999,602086.5644,1849
LINKUSDT,1565128800000,2.4004,2.4942,2.395,2.46,513432.6,1565132399999,1255007.187692,3448
LINKUSDT,1565132400000,2.4604,2.4842,2.4346,2.4785,247110.78,1565135999999,608066.516556,1513
LINKUSDT,1565136000000,2.4822,2.5,2.45,2.4782,272242.19,1565139599999,674441.6101,1649
LINKUSDT,1565139600000,2.4705,2.4905,2.4543,2.4614,79626.85,1565143199999,196692.575653,598
LINKUSDT,1565143200000,2.4662,2.4728,2.4205,2.4591,198084.13,1565146799999,483964.234835,1346
LINKUSDT,1565146800000,2.4579,2.469,2.41,2.4393,123118.31,1565150399999,300256.528584,1030
LINKUSDT,1565150400000,2.4373,2.4654,2.4204,2.4457,99030.28,1565153999999,242215.663925,741
LINKUSDT,1565154000000,2.4401,2.4595,2.43,2.44,79739.15,1565157599999,194502.783127,553
LINKUSDT,1565157600000,2.44,2.4641,2.4327,2.4611,68112.65,1565161199999,166839.735117,545
LINKUSDT,1565161200000,2.4611,2.4623,2.409,2.4182,99301.25,1565164799999,240960.737482,679
LINKUSDT,1565164800000,2.4205,2.4419,2.3981,2.4315,119381.7,1565168399999,288730.2055,829
LINKUSDT,1565168400000,2.4371,2.4566,2.4164,2.4366,66968.6,1565171999999,163531.19976,587
LINKUSDT,1565172000000,2.4329,2.4355,2.39,2.4,101791.23,1565175599999,245440.895624,786
LINKUSDT,1565175600000,2.4037,2.4188,2.385,2.4,124611.49,1565179199999,299426.354598,898
LINKUSDT,1565179200000,2.3976,2.4122,2.3875,2.4009,143002.5,1565182799999,343408.169666,962
LINKUSDT,1565182800000,2.4007,2.445,2.3849,2.41,319070.42,1565186399999,769448.654516,2016
LINKUSDT,1565186400000,2.416,2.4399,2.405,2.4331,134785.44,1565189999999,326887.731287,870
LINKUSDT,1565190000000,2.4334,2.4393,2.39,2.3976,180442.66,1565193599999,434418.380464,1234
LINKUSDT,1565193600000,2.3969,2.4389,2.3922,2.42,190311.45,1565197199999,460836.902515,1376
LINKUSDT,1565197200000,2.425,2.4307,2.3912,2.3972,193498.08,1565200799999,466201.891806,995
LINKUSDT,1565200800000,2.3989,2.4228,2.393,2.3985,112828.96,1565204399999,271269.366796,640
LINKUSDT,1565204400000,2.3985,2.4006,2.354,2.37,247285.56,1565207999999,587836.645991,1515
LINKUSDT,1565208000000,2.3699,2.3854,2.3502,2.3757,167769.38,1565211599999,398049.956342,1279
LINKUSDT,1565211600000,2.3741,2.4143,2.37,2.4014,132354.27,1565215199999,316565.177172,917
LINKUSDT,1565215200000,2.4,2.4127,2.3906,2.3966,78543.27,1565218799999,188612.653267,511
LINKUSDT,1565218800000,2.3966,2.3993,2.3619,2.3826,62645.88,1565222399999,149126.098972,600
LINKUSDT,1565222400000,2.3883,2.3998,2.3677,2.3834,80147.96,1565225999999,190854.430051,529
LINKUSDT,1565226000000,2.3878,2.3878,2.3641,2.3674,65509.9,1565229599999,155610.712266,379
LINKUSDT,1565229600000,2.3699,2.386,2.3631,2.3851,37782.8,1565233199999,89647.530594,352
LINKUSDT,1565233200000,2.3851,2.3877,2.3627,2.3627,65478.2,1565236799999,155590.505527,453
LINKUSDT,1565236800000,2.3653,2.3706,2.3152,2.3293,252988.24,1565240399999,592024.321287,1459
LINKUSDT,1565240400000,2.3299,2.353,2.325,2.3296,112929.3,1565243999999,264039.493863,672
LINKUSDT,1565244000000,2.3311,2.3311,2.286,2.3185,186096.8,1565247599999,428302.873823,1154
LINKUSDT,1565247600000,2.3187,2.357,2.3175,2.3399,101256.55,1565251199999,237198.513025,644
LINKUSDT,1565251200000,2.3398,2.35,2.3217,2.3269,85110.87,1565254799999,199065.220187,596
LINKUSDT,1565254800000,2.3269,2.3349,2.311,2.3197,53738.83,1565258399999,124749.485248,443
LINKUSDT,1565258400000,2.314,2.3365,2.3109,2.3268,39768.23,1565261999999,92573.68895,398
LINKUSDT,1565262000000,2.3268,2.34,2.3037,2.3091,85186.19,1565265599999,197441.513815,520
LINKUSDT,1565265600000,2.3137,2.3198,2.287,2.2914,141963.15,1565269199999,325705.305162,834
LINKUSDT,1565269200000,2.2914,2.3871,2.2901,2.35,309383.91,1565272799999,726972.749916,2016
LINKUSDT,1565272800000,2.3498,2.3789,2.3267,2.3308,158435.85,1565276399999,372167.991153,1144
LINKUSDT,1565276400000,2.3308,2.3351,2.3053,2.3103,79544.16,1565279999999,184675.473299,677
LINKUSDT,1565280000000,2.3127,2.3215,2.2908,2.3068,78077.5,1565283599999,179991.873067,646
LINKUSDT,1565283600000,2.3064,2.3473,2.3035,2.3157,141419.44,1565287199999,328856.712239,912
LINKUSDT,1565287200000,2.3218,2.37,2.31,2.3377,150704.85,1565290799999,353734.325209,919
LINKUSDT,1565290800000,2.3388,2.3497,2.3011,2.3109,145385.63,1565294399999,337719.654765,820
LINKUSDT,1565294400000,2.3126,2.3126,2.2905,2.295,150692.97,1565297999999,346266.709622,921
LINKUSDT,1565298000000,2.295,2.3066,2.2882,2.2945,87121.65,1565301599999,199879.068423,545
LINKUSDT,1565301600000,2.2949,2.3149,2.2713,2.3087,168172.45,1565305199999,384950.319197,979
LINKUSDT,1565305200000,2.3099,2.3118,2.2755,2.2755,87318.57,1565308799999,200147.253187,636
LINKUSDT,1565308800000,2.2784,2.2894,2.262,2.2695,136328.16,1565312399999,310212.511333,709
LINKUSDT,1565312400000,2.2695,2.2743,2.252,2.252,69382.22,1565315999999,157009.009497,521
LINKUSDT,1565316000000,2.2547,2.2719,2.2418,2.2531,139370.37,1565319599999,313808.346716,789
LINKUSDT,1565319600000,2.2531,2.2802,2.2342,2.2723,121282.88,1565323199999,274130.037709,785
LINKUSDT,1565323200000,2.2765,2.2919,2.2663,2.2798,105431.46,1565326799999,240460.453388,686
LINKUSDT,1565326800000,2.2772,2.283,2.2575,2.2598,37385.64,1565330399999,84944.242447,301
LINKUSDT,1565330400000,2.2591,2.2725,2.252,2.2682,37705.06,1565333999999,85179.47712,301
LINKUSDT,1565334000000,2.2682,2.2682,2.25,2.25,36676.9,1565337599999,82767.886355,231
LINKUSDT,1565337600000,2.25,2.2698,2.2429,2.2515,87150.52,1565341199999,196277.320625,541
LINKUSDT,1565341200000,2.2464,2.2497,2.23,2.2338,89410.27,1565344799999,200065.584451,514
LINKUSDT,1565344800000,2.2345,2.2413,2.21,2.2168,124910.36,1565348399999,277477.953366,799
LINKUSDT,1565348400000,2.2165,2.222,2.205,2.2069,93005.37,1565351999999,205843.988976,614
LINKUSDT,1565352000000,2.2073,2.2282,2.2005,2.21,86736.78,1565355599999,191833.134251,537
LINKUSDT,1565355600000,2.21,2.2583,2.21,2.2441,165311.76,1565359199999,370719.875066,967
LINKUSDT,1565359200000,2.2434,2.2515,2.2142,2.2344,85879.7,1565362799999,191957.279025,639
LINKUSDT,1565362800000,2.2342,2.2344,2.2103,2.216,63801.73,1565366399999,141600.993368,417
LINKUSDT,1565366400000,2.2124,2.2474,2.2073,2.2118,123447.4,1565369999999,274582.294545,784
LINKUSDT,1565370000000,2.2111,2.2161,2.1862,2.2003,120189.62,1565373599999,264166.684696,763
LINKUSDT,1565373600000,2.2033,2.2129,2.19,2.1954,71709.02,1565377199999,157703.55878,410
LINKUSDT,1565377200000,2.1954,2.216,2.1716,2.1924,157752.19,1565380799999,345603.663011,872
LINKUSDT,1565380800000,2.1911,2.1911,2.151,2.1676,180396.65,1565384399999,391633.232201,1071
LINKUSDT,1565384400000,2.1655,2.1789,2.1565,2.1565,59170.18,1565387999999,128347.949256,430
LINKUSDT,1565388000000,2.1565,2.1926,2.1545,2.1684,92265.41,1565391599999,200599.558135,617
LINKUSDT,1565391600000,2.1647,2.1934,2.1537,2.1669,84291.15,1565395199999,182666.669407,507
LINKUSDT,1565395200000,2.169,2.1961,2.168,2.172,90190.34,1565398799999,196531.258167,560
LINKUSDT,1565398800000,2.1767,2.1925,2.167,2.1692,46748.55,1565402399999,101674.799314,330
LINKUSDT,1565402400000,2.1692,2.1717,2.1523,2.159,63674.48,1565405999999,137784.59794,404
LINKUSDT,1565406000000,2.1594,2.1644,2.1306,2.148,114071.58,1565409599999,244863.577147,679
LINKUSDT,1565409600000,2.1478,2.182,2.1347,2.1815,49129.39,1565413199999,106121.28933,443
LINKUSDT,1565413200000,2.1815,2.3654,2.1748,2.365,683440.21,1565416799999,1567607.77006,4455
LINKUSDT,1565416800000,2.365,2.4091,2.2831,2.375,988167.0,1565420399999,2333839.804782,5730
LINKUSDT,1565420400000,2.3693,2.3931,2.3102,2.346,244493.44,1565423999999,573892.43308,1801
LINKUSDT,1565424000000,2.346,2.3516,2.3038,2.3082,153179.74,1565427599999,356214.900738,1029
LINKUSDT,1565427600000,2.3081,2.3399,2.2829,2.2861,178284.38,1565431199999,411084.116177,1186
LINKUSDT,1565431200000,2.2911,2.3155,2.262,2.2948,178643.59,1565434799999,409021.271276,1241
LINKUSDT,1565434800000,2.2992,2.3082,2.2273,2.2584,267099.32,1565438399999,603609.619296,1745
LINKUSDT,1565438400000,2.2584,2.2621,2.2012,2.2316,301629.4,1565441999999,671653.022003,1660
LINKUSDT,1565442000000,2.2323,2.3398,2.2322,2.325,420815.77,1565445599999,967155.94817,2491
LINKUSDT,1565445600000,2.325,2.3335,2.2755,2.3213,237217.0,1565449199999,546476.743809,1394
LINKUSDT,1565449200000,2.321,2.3216,2.2831,2.3031,67030.18,1565452799999,154057.795391,571
LINKUSDT,1565452800000,2.303,2.3097,2.2591,2.2591,151418.4,1565456399999,345903.057873,879
LINKUSDT,1565456400000,2.26,2.325,2.26,2.3153,173092.03,1565459999999,397577.671872,1110
LINKUSDT,1565460000000,2.3108,2.3613,2.3102,2.3266,280234.7,1565463599999,654998.733904,1717
LINKUSDT,1565463600000,2.3306,2.3393,2.2933,2.3199,151687.28,1565467199999,351612.987832,1026
LINKUSDT,1565467200000,2.3153,2.3263,2.295,2.295,68642.08,1565470799999,158588.001761,471
LINKUSDT,1565470800000,2.2951,2.3443,2.2951,2.332,103012.06,1565474399999,239193.005469,757
LINKUSDT,1565474400000,2.3253,2.3558,2.3083,2.355,165757.76,1565477999999,387819.876646,886
LINKUSDT,1565478000000,2.3562,2.3642,2.3321,2.3336,84821.76,1565481599999,199210.476674,629
LINKUSDT,1565481600000,2.3336,2.3344,2.2901,2.3199,163391.58,1565485199999,377084.293786,1393
LINKUSDT,1565485200000,2.3199,2.35,2.3155,2.3282,184490.42,1565488799999,430777.69197,1100
LINKUSDT,1565488800000,2.328,2.354,2.325,2.354,75125.28,1565492399999,175889.818357,519
LINKUSDT,1565492400000,2.3545,2.3998,2.3545,2.3748,242514.98,1565495999999,577453.041215,1480
LINKUSDT,1565496000000,2.374,2.38,2.3518,2.367,83289.95,1565499599999,197160.596795,426
LINKUSDT,1565499600000,2.3617,2.3679,2.3339,2.3381,84838.78,1565503199999,199478.123462,514
LINKUSDT,1565503200000,2.3442,2.4,2.338,2.3726,203104.53,1565506799999,482249.826846,1147
LINKUSDT,1565506800000,2.3726,2.3871,2.3505,2.3625,94579.7,1565510399999,224194.352814,613
LINKUSDT,1565510400000,2.3625,2.3713,2.345,2.3713,64587.11,1565513999999,152223.51693,535
LINKUSDT,1565514000000,2.3663,2.3713,2.31,2.3386,182896.25,1565517599999,427959.870488,1245
LINKUSDT,1565517600000,2.3429,2.3653,2.336,2.3602,38695.41,1565521199999,91135.208559,367
LINKUSDT,1565521200000,2.3608,2.3823,2.3367,2.344,105077.02,1565524799999,248987.350789,723
LINKUSDT,1565524800000,2.344,2.37,2.3395,2.3619,79993.69,1565528399999,187983.06638,616
LINKUSDT,1565528400000,2.3604,2.382,2.3555,2.38,63434.89,1565531999999,150284.204259,459
LINKUSDT,1565532000000,2.3799,2.3822,2.3649,2.3673,64163.6,1565535599999,152249.682605,498
LINKUSDT,1565535600000,2.3701,2.3783,2.3625,2.3632,57980.45,1565539199999,137423.49805,461
LINKUSDT,1565539200000,2.3644,2.489,2.3643,2.4491,552539.83,1565542799999,1352128.384421,3214
LINKUSDT,1565542800000,2.4489,2.49,2.447,2.4637,273974.22,1565546399999,676703.569855,1518
LINKUSDT,1565546400000,2.4677,2.4797,2.43,2.4448,140685.1,1565549999999,345201.747078,1200
LINKUSDT,1565550000000,2.446,2.4671,2.416,2.4332,137410.01,1565553599999,335365.309142,871
LINKUSDT,1565553600000,2.4327,2.4471,2.411,2.4331,116522.55,1565557199999,283154.229126,926
LINKUSDT,1565557200000,2.4315,2.4544,2.4012,2.4127,200963.7,1565560799999,487986.703558,1215
LINKUSDT,1565560800000,2.4076,2.426,2.3656,2.3739,248380.45,1565564399999,592470.371785,1360
LINKUSDT,1565564400000,2.3732,2.4247,2.353,2.415,250443.2,1565567999999,598022.300246,1550
LINKUSDT,1565568000000,2.4165,2.4538,2.4111,2.449,193391.33,1565571599999,471248.977807,1255
LINKUSDT,1565571600000,2.4478,2.4548,2.4268,2.4401,65775.86,1565575199999,160478.190895,501
LINKUSDT,1565575200000,2.4401,2.4503,2.3951,2.3996,89094.22,1565578799999,215309.553528,669
LINKUSDT,1565578800000,2.397,2.4372,2.3914,2.4304,146622.26,1565582399999,354315.27713,627
LINKUSDT,1565582400000,2.4334,2.4354,2.41,2.41,55755.41,1565585999999,134946.527748,271
LINKUSDT,1565586000000,2.4101,2.4269,2.405,2.4245,35152.41,1565589599999,84865.632974,260
LINKUSDT,1565589600000,2.4245,2.456,2.408,2.4461,134362.28,1565593199999,327329.727719,897
LINKUSDT,1565593200000,2.4462,2.46,2.4325,2.4585,63745.04,1565596799999,155927.771115,424
LINKUSDT,1565596800000,2.46,2.479,2.442,2.4606,163236.91,1565600399999,402284.25702,1099
LINKUSDT,1565600400000,2.46,2.4634,2.4428,2.4465,64243.32,1565603999999,157567.319311,482
LINKUSDT,1565604000000,2.4465,2.4506,2.4318,2.4464,76733.3,1565607599999,187191.085191,486
LINKUSDT,1565607600000,2.4425,2.4493,2.4175,2.4178,101628.6,1565611199999,246917.010258,524
LINKUSDT,1565611200000,2.418,2.4353,2.407,2.4283,91383.52,1565614799999,221401.597175,723
LINKUSDT,1565614800000,2.4273,2.4286,2.405,2.4097,78486.96,1565618399999,189681.595406,621
LINKUSDT,1565618400000,2.4097,2.4249,2.3934,2.42,92018.22,1565621999999,221368.272124,680
LINKUSDT,1565622000000,2.42,2.4209,2.4003,2.4067,76045.67,1565625599999,183463.03924,461
LINKUSDT,1565625600000,2.407,2.407,2.3736,2.3819,188143.88,1565629199999,449350.019958,1008
LINKUSDT,1565629200000,2.3797,2.4009,2.358,2.363,102224.37,1565632799999,243248.898311,795
LINKUSDT,1565632800000,2.3656,2.3809,2.335,2.3446,151479.0,1565636399999,356734.614973,944
LINKUSDT,1565636400000,2.3445,2.3614,2.3366,2.3596,75422.3,1565639999999,177145.900154,508
LINKUSDT,1565640000000,2.357,2.4051,2.357,2.3875,195827.28,1565643599999,467022.61317,5862
LINKUSDT,1565643600000,2.3849,2.3876,2.3632,2.3665,80204.76,1565647199999,190404.412711,6099
LINKUSDT,1565647200000,2.3698,2.3732,2.3395,2.3581,143088.09,1565650799999,337081.866728,6471
LINKUSDT,1565650800000,2.362,2.3913,2.3521,2.39,110606.1,1565654399999,262487.612055,6154
LINKUSDT,1565654400000,2.3868,2.393,2.3502,2.361,109657.07,1565657999999,260114.219783,5822
LINKUSDT,1565658000000,2.3635,2.3703,2.35,2.3649,40352.87,1565661599999,95140.798329,3131
LINKUSDT,1565661600000,2.368,2.38,2.3588,2.3664,41951.52,1565665199999,99425.949844,367
LINKUSDT,1565665200000,2.3718,2.3718,2.3494,2.356,34806.67,1565668799999,82074.78962,294
LINKUSDT,1565668800000,2.3521,2.3582,2.335,2.335,47304.71,1565672399999,110924.552296,323
LINKUSDT,1565672400000,2.3367,2.3382,2.3211,2.3264,106400.33,1565675999999,247689.649568,622
LINKUSDT,1565676000000,2.3282,2.3518,2.3242,2.3355,104172.53,1565679599999,243601.795248,525
LINKUSDT,1565679600000,2.335,2.3359,2.3111,2.322,72932.81,1565683199999,169348.395747,529
LINKUSDT,1565683200000,2.3201,2.3203,2.306,2.3109,127779.88,1565686799999,295385.973554,647
LINKUSDT,1565686800000,2.3101,2.3327,2.3093,2.3286,45302.48,1565690399999,105054.433347,349
LINKUSDT,1565690400000,2.3286,2.343,2.3225,2.3375,91330.09,1565693999999,212966.598846,523
LINKUSDT,1565694000000,2.3353,2.3353,2.3179,2.3225,69418.01,1565697599999,161384.76036,442
LINKUSDT,1565697600000,2.3225,2.3376,2.3192,2.333,74129.39,1565701199999,172527.001268,379
LINKUSDT,1565701200000,2.335,2.35,2.3142,2.3388,135519.97,1565704799999,316370.779976,820
LINKUSDT,1565704800000,2.3388,2.3742,2.3175,2.3416,230981.37,1565708399999,543074.730379,1489
LINKUSDT,1565708400000,2.3432,2.3495,2.3298,2.3311,69009.41,1565711999999,161317.126691,456
LINKUSDT,1565712000000,2.3342,2.4259,2.33,2.425,351732.16,1565715599999,835865.829327,1798
LINKUSDT,1565715600000,2.425,2.4425,2.3887,2.4128,475772.23,1565719199999,1150239.064308,2505
LINKUSDT,1565719200000,2.4088,2.4478,2.4088,2.44,204669.4,1565722799999,497835.397223,1294
LINKUSDT,1565722800000,2.442,2.4679,2.4173,2.4389,228847.48,1565726399999,559040.351641,1447
LINKUSDT,1565726400000,2.4364,2.4486,2.41,2.4173,176680.52,1565729999999,428676.383208,942
LINKUSDT,1565730000000,2.4173,2.46,2.4172,2.4343,175360.61,1565733599999,428412.659028,1131
LINKUSDT,1565733600000,2.4342,2.4442,2.41,2.4267,65255.31,1565737199999,158169.388927,509
LINKUSDT,1565737200000,2.4231,2.4308,2.4125,2.4229,73397.89,1565740799999,177724.203081,450
LINKUSDT,1565740800000,2.419,2.4997,2.419,2.45,321677.08,1565744399999,793623.597319,1865
LINKUSDT,1565744400000,2.4499,2.4773,2.42,2.4452,207818.5,1565747999999,508250.605694,1321
LINKUSDT,1565748000000,2.4452,2.4987,2.4385,2.485,255936.45,1565751599999,635546.273233,1416
LINKUSDT,1565751600000,2.485,2.5302,2.4725,2.5274,262894.58,1565755199999,655021.626757,1463
LINKUSDT,1565755200000,2.5281,2.6031,2.459,2.48,950148.51,1565758799999,2407151.194829,4934
LINKUSDT,1565758800000,2.4802,2.5146,2.4618,2.5117,354994.64,1565762399999,883412.107948,1875
LINKUSDT,1565762400000,2.5117,2.5469,2.4766,2.489,269373.15,1565765999999,677006.657295,1686
LINKUSDT,1565766000000,2.489,2.525,2.4868,2.5136,191403.47,1565769599999,478872.862828,1284
LINKUSDT,1565769600000,2.5072,2.5297,2.4932,2.4968,162797.31,1565773199999,409272.746874,1131
LINKUSDT,1565773200000,2.4949,2.5,2.45,2.492,200655.56,1565776799999,496510.578256,1433
LINKUSDT,1565776800000,2.492,2.4967,2.45,2.451,82959.02,1565780399999,204978.057369,786
LINKUSDT,1565780400000,2.4511,2.4647,2.4383,2.4551,102175.35,1565783999999,250283.304558,914
LINKUSDT,1565784000000,2.4551,2.474,2.4245,2.4408,228090.9,1565787599999,557465.721871,1415
LINKUSDT,1565787600000,2.4401,2.4943,2.4389,2.491,172272.04,1565791199999,426585.722022,1122
LINKUSDT,1565791200000,2.4909,2.52,2.4824,2.5027,242929.36,1565794799999,608320.037776,1634
LINKUSDT,1565794800000,2.4983,2.5034,2.4577,2.4636,139753.29,1565798399999,345941.770387,1001
LINKUSDT,1565798400000,2.4668,2.4896,2.35,2.365,514163.72,1565801999999,1239770.075088,3563
LINKUSDT,1565802000000,2.365,2.3689,2.163,2.2865,1275574.15,1565805599999,2883068.260306,6681
LINKUSDT,1565805600000,2.2865,2.3329,2.2505,2.3299,194026.4,1565809199999,443516.179588,1487
LINKUSDT,1565809200000,2.3297,2.3329,2.2813,2.285,144213.5,1565812799999,332006.116407,930
LINKUSDT,1565812800000,2.2833,2.2864,2.264,2.2817,104485.66,1565816399999,237760.922581,668
LINKUSDT,1565816400000,2.2829,2.3871,2.2829,2.3401,234479.11,1565819999999,549409.277237,1709
LINKUSDT,1565820000000,2.3433,2.3671,2.3402,2.3532,91308.42,1565823599999,214879.736159,721
LINKUSDT,1565823600000,2.3532,2.3556,2.2493,2.2842,236495.54,1565827199999,541654.58441,1649
LINKUSDT,1565827200000,2.284,2.3263,2.262,2.2687,174134.71,1565830799999,400123.227386,1102
LINKUSDT,1565830800000,2.2718,2.3034,2.2565,2.2978,118120.88,1565834399999,268839.615009,897
LINKUSDT,1565863200000,2.2983,2.3784,2.2685,2.3043,226926.35,1565866799999,528352.677896,1808
LINKUSDT,1565866800000,2.2988,2.3466,2.2827,2.332,117966.09,1565870399999,272296.618945,776
LINKUSDT,1565870400000,2.3319,2.367,2.2939,2.319,244910.7,1565873999999,572917.720249,1163
LINKUSDT,1565874000000,2.3192,2.3604,2.3192,2.3426,185381.13,1565877599999,433453.475115,917
LINKUSDT,1565877600000,2.3418,2.3678,2.327,2.3353,182691.96,1565881199999,429027.787061,913
LINKUSDT,1565881200000,2.3356,2.357,2.3044,2.3499,175076.03,1565884799999,407604.147659,930
LINKUSDT,1565884800000,2.3497,2.3589,2.318,2.3442,145875.01,1565888399999,341449.823893,824
LINKUSDT,1565888400000,2.3442,2.3463,2.32,2.338,80526.89,1565891999999,187741.601469,418
LINKUSDT,1565892000000,2.3403,2.3989,2.3328,2.3869,221815.8,1565895599999,526233.878494,1081
LINKUSDT,1565895600000,2.3861,2.41,2.3666,2.3787,218246.83,1565899199999,521898.186698,1008
LINKUSDT,1565899200000,2.3797,2.4207,2.3711,2.4047,206071.93,1565902799999,495861.574435,1105
LINKUSDT,1565902800000,2.4043,2.425,2.375,2.39,211314.81,1565906399999,506185.96317,1206
LINKUSDT,1565906400000,2.3865,2.4291,2.3756,2.4291,115155.65,1565909999999,275778.582121,716
LINKUSDT,1565910000000,2.4291,2.4506,2.4041,2.4232,184127.92,1565913599999,447178.307747,1644
LINKUSDT,1565913600000,2.4225,2.459,2.3903,2.4217,212837.13,1565917199999,518562.619453,1339
LINKUSDT,1565917200000,2.4212,2.432,2.4032,2.4032,116698.68,1565920799999,282080.749416,777
LINKUSDT,1565920800000,2.4052,2.42,2.3864,2.3933,69339.15,1565924399999,166447.936347,606
LINKUSDT,1565924400000,2.3884,2.3885,2.336,2.3694,224224.94,1565927999999,528853.778234,1097
LINKUSDT,1565928000000,2.371,2.371,2.2899,2.2899,273631.29,1565931599999,635611.49718,1660
LINKUSDT,1565931600000,2.2894,2.3255,2.227,2.3201,442227.87,1565935199999,1002142.449194,2590
LINKUSDT,1565935200000,2.3164,2.3255,2.261,2.3103,224780.23,1565938799999,515146.253009,1426
LINKUSDT,1565938800000,2.3039,2.3323,2.2714,2.2924,203624.15,1565942399999,467487.500047,975
LINKUSDT,1565942400000,2.2893,2.3283,2.2646,2.3257,151587.98,1565945999999,347814.43545,1064
LINKUSDT,1565946000000,2.3209,2.3394,2.3053,2.3354,72588.29,1565949599999,168579.647109,491
LINKUSDT,1565949600000,2.3321,2.3353,2.2938,2.2999,74736.08,1565953199999,173175.159145,557
LINKUSDT,1565953200000,2.2998,2.3284,2.2609,2.3168,192592.84,1565956799999,441617.758923,1189
LINKUSDT,1565956800000,2.3125,2.3238,2.2909,2.3115,82781.5,1565960399999,190888.755157,700
LINKUSDT,1565960400000,2.3115,2.3138,2.2806,2.3066,73703.98,1565963999999,169390.109939,565
LINKUSDT,1565964000000,2.3054,2.3193,2.3013,2.3159,51918.66,1565967599999,120016.416188,414
LINKUSDT,1565967600000,2.3094,2.3418,2.2884,2.3218,198228.86,1565971199999,460707.981751,1057
LINKUSDT,1565971200000,2.3266,2.3334,2.2901,2.3227,119931.89,1565974799999,277988.74372,959
LINKUSDT,1565974800000,2.3198,2.3455,2.2987,2.2987,167652.54,1565978399999,388989.099245,931
LINKUSDT,1565978400000,2.3029,2.3362,2.3029,2.334,52476.05,1565981999999,121854.519018,480
LINKUSDT,1565982000000,2.3341,2.372,2.334,2.3718,175813.77,1565985599999,414448.783284,1017
LINKUSDT,1565985600000,2.3716,2.3756,2.3502,2.3577,102719.49,1565989199999,243000.087812,556
LINKUSDT,1565989200000,2.3609,2.367,2.3368,2.3436,44263.49,1565992799999,103901.266963,357
LINKUSDT,1565992800000,2.3424,2.3497,2.2999,2.3179,130840.45,1565996399999,303623.354508,899
LINKUSDT,1565996400000,2.3216,2.3339,2.2921,2.3,113288.96,1565999999999,261219.765594,574
LINKUSDT,1566000000000,2.3046,2.33,2.282,2.3276,76162.69,1566003599999,175505.200558,608
LINKUSDT,1566003600000,2.3264,2.349,2.3187,2.33,98149.1,1566007199999,229165.715044,751
LINKUSDT,1566007200000,2.33,2.35,2.321,2.3409,48432.41,1566010799999,113342.809114,427
LINKUSDT,1566010800000,2.3422,2.35,2.322,2.3225,37934.78,1566014399999,88846.487649,355
LINKUSDT,1566014400000,2.322,2.3285,2.31,2.315,57145.72,1566017999999,132587.106688,383
LINKUSDT,1566018000000,2.3166,2.3349,2.3112,2.334,21358.16,1566021599999,49584.895077,210
LINKUSDT,1566021600000,2.334,2.334,2.3088,2.3128,54227.92,1566025199999,125567.113932,440
LINKUSDT,1566025200000,2.3128,2.3288,2.312,2.321,46730.42,1566028799999,108526.342764,320
LINKUSDT,1566028800000,2.3224,2.3468,2.3183,2.3383,82678.19,1566032399999,193020.227009,494
LINKUSDT,1566032400000,2.339,2.3443,2.3242,2.3399,39149.26,1566035999999,91444.956307,326
LINKUSDT,1566036000000,2.336,2.3442,2.3244,2.3356,31053.19,1566039599999,72603.826993,245
LINKUSDT,1566039600000,2.3356,2.3492,2.3209,2.3271,56223.77,1566043199999,131500.081936,434
LINKUSDT,1566043200000,2.329,2.3397,2.3201,2.3206,49822.91,1566046799999,116097.853055,334
LINKUSDT,1566046800000,2.32,2.348,2.3081,2.3399,119240.23,1566050399999,277597.528478,743
LINKUSDT,1566050400000,2.34,2.37,2.3342,2.355,177506.65,1566053999999,418611.465794,907
LINKUSDT,1566054000000,2.3584,2.41,2.3475,2.3981,235670.3,1566057599999,561192.953143,1411
LINKUSDT,1566057600000,2.3981,2.419,2.3591,2.3822,198023.08,1566061199999,473712.743981,1407
LINKUSDT,1566061200000,2.3727,2.3925,2.35,2.358,137017.7,1566064799999,324842.151029,992
LINKUSDT,1566064800000,2.358,2.395,2.358,2.3859,75112.52,1566068399999,178793.340963,531
LINKUSDT,1566068400000,2.3851,2.3896,2.356,2.356,117547.91,1566071999999,278067.053042,704
LINKUSDT,1566072000000,2.356,2.3722,2.35,2.3691,78123.49,1566075599999,184102.652726,567
LINKUSDT,1566075600000,2.3707,2.3847,2.3616,2.3712,53194.42,1566079199999,126311.714504,400
LINKUSDT,1566079200000,2.3774,2.3871,2.3666,2.3837,35244.64,1566082799999,83833.882314,334
LINKUSDT,1566082800000,2.3839,2.41,2.3619,2.4036,109664.93,1566086399999,262257.749495,694
LINKUSDT,1566086400000,2.405,2.417,2.3816,2.3953,60203.28,1566089999999,144586.898719,517
LINKUSDT,1566090000000,2.3981,2.4012,2.3729,2.3836,52796.48,1566093599999,125692.199858,389
LINKUSDT,1566093600000,2.3829,2.4118,2.3808,2.3939,73044.98,1566097199999,175566.526256,495
LINKUSDT,1566097200000,2.3909,2.4031,2.3847,2.3907,40011.44,1566100799999,95702.859616,325
LINKUSDT,1566100800000,2.3907,2.404,2.3885,2.404,31516.1,1566104399999,75510.503331,227
LINKUSDT,1566104400000,2.4026,2.43,2.4003,2.42,100048.86,1566107999999,241906.354514,731
LINKUSDT,1566108000000,2.419,2.45,2.4067,2.45,172290.53,1566111599999,418853.323919,803
LINKUSDT,1566111600000,2.45,2.4879,2.435,2.4428,287015.34,1566115199999,706368.450982,1698
LINKUSDT,1566115200000,2.4424,2.4479,2.4273,2.431,98597.06,1566118799999,239996.922948,634
LINKUSDT,1566118800000,2.4335,2.45,2.4025,2.4244,190669.34,1566122399999,463128.742945,1192
LINKUSDT,1566122400000,2.4244,2.4447,2.4055,2.4202,125130.2,1566125999999,303340.387135,977
LINKUSDT,1566126000000,2.4218,2.4417,2.4176,2.4417,63450.54,1566129599999,154394.079682,523
LINKUSDT,1566129600000,2.4417,2.4627,2.4372,2.445,165780.17,1566133199999,406342.828049,1078
LINKUSDT,1566133200000,2.4459,2.49,2.4459,2.4705,189696.65,1566136799999,468125.597376,1123
LINKUSDT,1566136800000,2.4705,2.4867,2.4535,2.461,152956.86,1566140399999,377655.144457,795
LINKUSDT,1566140400000,2.461,2.5062,2.459,2.5062,214336.61,1566143999999,532858.695031,1211
LINKUSDT,1566144000000,2.5058,2.5344,2.4886,2.5216,289430.46,1566147599999,727017.043312,1688
LINKUSDT,1566147600000,2.5209,2.5401,2.5105,2.5316,133659.62,1566151199999,337534.38266,961
LINKUSDT,1566151200000,2.5317,2.5657,2.5114,2.52,267624.39,1566154799999,679710.613922,1547
LINKUSDT,1566154800000,2.5244,2.5253,2.47,2.4844,328436.94,1566158399999,817275.466869,1598
LINKUSDT,1566158400000,2.4839,2.5156,2.4576,2.4655,141501.78,1566161999999,351375.782839,1184
LINKUSDT,1566162000000,2.4657,2.4789,2.4339,2.4455,199875.21,1566165599999,491504.841692,1147
LINKUSDT,1566165600000,2.4454,2.4883,2.4385,2.4839,137374.97,1566169199999,338616.121737,864
LINKUSDT,1566169200000,2.4838,2.5136,2.4702,2.5051,95119.6,1566172799999,237204.92346,784
LINKUSDT,1566172800000,2.5055,2.511,2.452,2.4654,151549.35,1566176399999,375028.95089,925
LINKUSDT,1566176400000,2.4654,2.485,2.4508,2.4647,58621.52,1566179999999,144802.684002,452
LINKUSDT,1566180000000,2.4646,2.4818,2.4596,2.46,95704.47,1566183599999,236267.218351,458
LINKUSDT,1566183600000,2.46,2.5,2.4538,2.4769,71198.17,1566187199999,176450.502638,627
LINKUSDT,1566187200000,2.4794,2.4957,2.4659,2.4662,34249.42,1566190799999,84889.123011,369
LINKUSDT,1566190800000,2.468,2.508,2.4648,2.492,75331.23,1566194399999,187531.714579,579
LINKUSDT,1566194400000,2.4924,2.5048,2.4836,2.4907,45295.98,1566197999999,112997.407322,417
LINKUSDT,1566198000000,2.4912,2.511,2.48,2.4949,181921.73,1566201599999,453498.826035,1189
LINKUSDT,1566201600000,2.4939,2.506,2.4823,2.4838,104339.78,1566205199999,259975.591159,672
LINKUSDT,1566205200000,2.4823,2.5216,2.4801,2.5131,99142.08,1566208799999,247457.585369,829
LINKUSDT,1566208800000,2.5202,2.531,2.4883,2.5148,235157.97,1566212399999,590397.091003,1331
LINKUSDT,1566212400000,2.5144,2.558,2.5143,2.5269,179899.04,1566215999999,456480.885124,1204
LINKUSDT,1566216000000,2.5295,2.5761,2.5167,2.5482,453779.98,1566219599999,1157985.138798,2187
LINKUSDT,1566219600000,2.5481,2.6,2.5461,2.589,710833.67,1566223199999,1834220.504054,2992
LINKUSDT,1566223200000,2.5828,2.593,2.5445,2.5571,188993.64,1566226799999,485618.246411,1283
LINKUSDT,1566226800000,2.5585,2.5649,2.5345,2.5345,144474.16,1566230399999,368278.073095,931
LINKUSDT,1566230400000,2.5364,2.5606,2.5347,2.5511,151103.19,1566233999999,385514.128366,856
LINKUSDT,1566234000000,2.5546,2.5589,2.5429,2.5589,53597.91,1566237599999,136697.944004,343
LINKUSDT,1566237600000,2.5588,2.5898,2.5588,2.5883,122908.38,1566241199999,316120.079258,886
LINKUSDT,1566241200000,2.5886,2.5976,2.54,2.5435,232377.8,1566244799999,596573.970822,1301
LINKUSDT,1566244800000,2.5438,2.551,2.5133,2.5261,190093.95,1566248399999,480468.308605,1115
LINKUSDT,1566248400000,2.5222,2.5458,2.5212,2.5365,136865.11,1566251999999,346910.894213,655
LINKUSDT,1566252000000,2.5351,2.5462,2.53,2.54,129369.42,1566255599999,328519.569575,575
LINKUSDT,1566255600000,2.54,2.55,2.49,2.4958,441912.38,1566259199999,1111217.856066,1724
LINKUSDT,1566259200000,2.4943,2.5401,2.48,2.5037,289426.2,1566262799999,723377.098605,1472
LINKUSDT,1566262800000,2.4983,2.5201,2.4701,2.4864,200445.34,1566266399999,499432.76202,987
LINKUSDT,1566266400000,2.4884,2.4903,2.4765,2.4836,56935.45,1566269999999,141353.684718,391
LINKUSDT,1566270000000,2.4836,2.5035,2.4731,2.4783,71362.89,1566273599999,177559.421157,587
LINKUSDT,1566273600000,2.4734,2.4804,2.465,2.473,73944.8,1566277199999,182636.177734,546
LINKUSDT,1566277200000,2.4746,2.4778,2.4654,2.4674,50191.13,1566280799999,124055.796363,304
LINKUSDT,1566280800000,2.4674,2.4994,2.4659,2.4994,66393.9,1566284399999,164926.233692,496
LINKUSDT,1566284400000,2.4994,2.4999,2.4842,2.49,36524.43,1566287999999,91152.419744,354
LINKUSDT,1566288000000,2.49,2.493,2.434,2.4517,151097.87,1566291599999,371311.580825,1051
LINKUSDT,1566291600000,2.4471,2.4571,2.4171,2.432,131339.6,1566295199999,320356.67783,848
LINKUSDT,1566295200000,2.4353,2.4353,2.4001,2.4184,133269.95,1566298799999,321624.366961,970
LINKUSDT,1566298800000,2.419,2.4199,2.4019,2.4119,56442.75,1566302399999,136097.930053,394
LINKUSDT,1566302400000,2.4104,2.4404,2.4088,2.4404,85530.91,1566305999999,207270.99917,547
LINKUSDT,1566306000000,2.4365,2.452,2.43,2.4419,58385.11,1566309599999,142505.510406,416
LINKUSDT,1566309600000,2.439,2.439,2.38,2.384,286479.85,1566313199999,688128.594099,1362
LINKUSDT,1566313200000,2.3864,2.4168,2.3753,2.3827,198851.46,1566316799999,475957.359329,1267
LINKUSDT,1566316800000,2.3831,2.3941,2.3512,2.3689,282739.41,1566320399999,670629.937246,1580
LINKUSDT,1566320400000,2.3734,2.3835,2.3685,2.3751,102916.86,1566323999999,244489.498954,664
LINKUSDT,1566324000000,2.3753,2.4111,2.3751,2.4111,166131.29,1566327599999,396942.660284,925
LINKUSDT,1566327600000,2.4111,2.414,2.3596,2.3711,358831.22,1566331199999,851661.029459,1396
LINKUSDT,1566331200000,2.3712,2.378,2.3354,2.35,280124.27,1566334799999,660071.462194,1319
LINKUSDT,1566334800000,2.35,2.3962,2.3439,2.3649,159276.54,1566338399999,378966.067529,887
LINKUSDT,1566338400000,2.3649,2.399,2.364,2.395,59646.84,1566341999999,142246.854388,440
LINKUSDT,1566342000000,2.395,2.395,2.3598,2.3624,121102.76,1566345599999,287032.313711,552
LINKUSDT,1566345600000,2.3622,2.371,2.3472,2.3534,93687.41,1566349199999,221174.372646,675
LINKUSDT,1566349200000,2.3492,2.3529,2.3401,2.3452,65149.48,1566352799999,152730.55871,413
LINKUSDT,1566352800000,2.3497,2.3531,2.3201,2.3261,108697.89,1566356399999,254295.965234,695
LINKUSDT,1566356400000,2.3261,2.3453,2.29,2.308,402990.08,1566359999999,931847.077757,1729
LINKUSDT,1566360000000,2.308,2.3249,2.27,2.3172,238560.64,1566363599999,546863.785777,1291
LINKUSDT,1566363600000,2.3173,2.329,2.2915,2.3233,131464.09,1566367199999,304657.097475,922
LINKUSDT,1566367200000,2.3211,2.35,2.28,2.2957,267201.22,1566370799999,616458.448408,1504
LINKUSDT,1566370800000,2.2955,2.3034,2.28,2.28,127128.48,1566374399999,290886.324246,582
LINKUSDT,1566374400000,2.2825,2.2985,2.28,2.2904,97828.86,1566377999999,223764.553524,490
LINKUSDT,1566378000000,2.2904,2.3093,2.2423,2.2526,399349.78,1566381599999,906724.711738,1836
LINKUSDT,1566381600000,2.2567,2.2589,2.15,2.2046,1020165.99,1566385199999,2242373.911531,5301
LINKUSDT,1566385200000,2.204,2.2365,2.1851,2.2205,273342.82,1566388799999,605509.980649,1285
LINKUSDT,1566388800000,2.2202,2.23,2.1536,2.1858,424286.13,1566392399999,926772.138646,2171
LINKUSDT,1566392400000,2.1849,2.2097,2.17,2.2054,159399.2,1566395999999,349115.113402,979
LINKUSDT,1566396000000,2.2035,2.2457,2.2024,2.2123,210668.91,1566399599999,469840.313916,1291
LINKUSDT,1566399600000,2.214,2.2602,2.2028,2.2146,131779.46,1566403199999,294183.355605,1127
LINKUSDT,1566403200000,2.2147,2.2445,2.1837,2.2423,204691.54,1566406799999,454279.808594,1103
LINKUSDT,1566406800000,2.2422,2.2445,2.2107,2.2114,111204.3,1566410399999,248133.854933,681
LINKUSDT,1566410400000,2.2164,2.2181,2.1851,2.2099,123230.98,1566413999999,271233.628086,927
LINKUSDT,1566414000000,2.209,2.2162,2.1826,2.2101,97777.72,1566417599999,214685.264512,665
LINKUSDT,1566417600000,2.2126,2.2337,2.2005,2.22,104905.0,1566421199999,232831.902719,670
LINKUSDT,1566421200000,2.2192,2.2238,2.1927,2.1949,58751.97,1566424799999,129493.657117,419
LINKUSDT,1566424800000,2.1928,2.217,2.1927,2.2047,34371.51,1566428399999,75820.216564,308
LINKUSDT,1566428400000,2.2039,2.2101,2.1861,2.2054,66063.09,1566431999999,145228.19607,451
LINKUSDT,1566432000000,2.2058,2.2202,2.2003,2.2102,57343.09,1566435599999,126896.168813,450
LINKUSDT,1566435600000,2.2089,2.2184,2.135,2.1506,363902.03,1566439199999,787309.257092,1677
LINKUSDT,1566439200000,2.1504,2.2229,2.1401,2.1935,325738.89,1566442799999,714483.817111,1701
LINKUSDT,1566442800000,2.1935,2.1949,2.1624,2.179,80822.9,1566446399999,175969.808224,530
LINKUSDT,1566446400000,2.1805,2.207,2.1726,2.1952,63862.29,1566449999999,140138.568371,450
LINKUSDT,1566450000000,2.2008,2.21,2.178,2.1884,71019.22,1566453599999,155577.032728,651
LINKUSDT,1566453600000,2.1886,2.203,2.1643,2.195,97072.73,1566457199999,212259.186177,660
LINKUSDT,1566457200000,2.1968,2.1968,2.1727,2.1763,49885.85,1566460799999,108961.617585,355
LINKUSDT,1566460800000,2.1738,2.199,2.1737,2.1793,116528.15,1566464399999,254643.963913,682
LINKUSDT,1566464400000,2.1808,2.2127,2.1808,2.2112,57606.24,1566467999999,126793.288213,578
LINKUSDT,1566468000000,2.2116,2.2261,2.2013,2.2056,125595.16,1566471599999,277946.236063,990
LINKUSDT,1566471600000,2.2056,2.2056,2.1837,2.1972,49768.7,1566475199999,109204.315932,581
LINKUSDT,1566475200000,2.1991,2.2333,2.1937,2.2139,148220.1,1566478799999,328577.295642,861
LINKUSDT,1566478800000,2.2139,2.265,2.2139,2.2552,254570.84,1566482399999,571370.067489,1568
LINKUSDT,1566482400000,2.255,2.281,2.2445,2.281,146060.23,1566485999999,329880.860737,995
LINKUSDT,1566486000000,2.281,2.2896,2.2508,2.27,324827.89,1566489599999,739132.298874,1553
LINKUSDT,1566489600000,2.271,2.2872,2.2576,2.2638,140988.96,1566493199999,320192.726936,1096
LINKUSDT,1566493200000,2.264,2.2796,2.2551,2.261,99217.64,1566496799999,224726.001251,827
LINKUSDT,1566496800000,2.2616,2.2766,2.2501,2.2669,60321.01,1566500399999,136668.355803,719
LINKUSDT,1566500400000,2.2669,2.2705,2.2517,2.2536,34068.66,1566503999999,77062.416828,432
LINKUSDT,1566504000000,2.2539,2.2627,2.2501,2.2514,38825.04,1566507599999,87604.261728,405
LINKUSDT,1566507600000,2.2522,2.2571,2.2227,2.2314,156803.56,1566511199999,350357.877359,1080
LINKUSDT,1566511200000,2.2334,2.2465,2.2334,2.2431,46632.94,1566514799999,104383.614662,565
LINKUSDT,1566514800000,2.2431,2.2447,2.2227,2.2227,71455.62,1566518399999,159602.27545,599
LINKUSDT,1566518400000,2.2231,2.2232,2.1735,2.2097,305506.5,1566521999999,670984.500155,1914
LINKUSDT,1566522000000,2.2077,2.2083,2.1771,2.1831,95229.52,1566525599999,208525.546627,794
LINKUSDT,1566525600000,2.1831,2.1923,2.1723,2.1774,148244.1,1566529199999,323155.232496,836
LINKUSDT,1566529200000,2.1793,2.2086,2.1775,2.2065,104925.02,1566532799999,230216.796754,818
LINKUSDT,1566532800000,2.2048,2.2123,2.1968,2.2069,46626.38,1566536399999,102788.505812,422
LINKUSDT,1566536400000,2.2093,2.2327,2.2031,2.2312,95481.52,1566539999999,211670.586244,690
LINKUSDT,1566540000000,2.2312,2.2566,2.2104,2.2561,166468.15,1566543599999,371075.053705,1728
LINKUSDT,1566543600000,2.255,2.2855,2.229,2.2815,281827.32,1566547199999,636932.598293,1687
LINKUSDT,1566547200000,2.2805,2.295,2.2679,2.2782,338345.04,1566550799999,772640.717555,1535
LINKUSDT,1566550800000,2.2784,2.2941,2.271,2.2741,171716.74,1566554399999,392213.144009,1035
LINKUSDT,1566554400000,2.2721,2.2721,2.2399,2.2543,213585.16,1566557999999,482015.354984,1277
LINKUSDT,1566558000000,2.2543,2.2715,2.235,2.2609,100185.9,1566561599999,225721.970694,731
LINKUSDT,1566561600000,2.2605,2.295,2.2604,2.2752,342048.24,1566565199999,780164.426224,2154
LINKUSDT,1566565200000,2.2752,2.2805,2.2405,2.2674,172269.85,1566568799999,389739.376662,1328
LINKUSDT,1566568800000,2.2681,2.2776,2.2485,2.2512,200263.05,1566572399999,453177.323086,1245
LINKUSDT,1566572400000,2.252,2.272,2.245,2.2529,182862.32,1566575999999,412356.096956,1030
LINKUSDT,1566576000000,2.2533,2.2566,2.2228,2.229,187422.55,1566579599999,419629.037056,1169
LINKUSDT,1566579600000,2.2283,2.236,2.2212,2.2241,109472.55,1566583199999,243960.462817,724
LINKUSDT,1566583200000,2.2246,2.2322,2.213,2.2192,134647.77,1566586799999,298900.180191,846
LINKUSDT,1566586800000,2.221,2.2244,2.2061,2.2146,101202.04,1566590399999,223977.44781,711
LINKUSDT,1566590400000,2.2146,2.2266,2.2012,2.2181,137692.55,1566593999999,304961.108393,902
LINKUSDT,1566594000000,2.2174,2.2342,2.1905,2.205,293791.02,1566597599999,649010.675966,1762
LINKUSDT,1566597600000,2.2063,2.2164,2.202,2.216,88620.27,1566601199999,195846.177379,603
LINKUSDT,1566601200000,2.2153,2.2379,2.2122,2.2333,154697.29,1566604799999,344294.516246,861
LINKUSDT,1566604800000,2.234,2.2545,2.2304,2.2422,136031.68,1566608399999,304944.834383,889
LINKUSDT,1566608400000,2.2422,2.2441,2.2299,2.2322,47068.48,1566611999999,105273.969099,378
LINKUSDT,1566612000000,2.2322,2.2345,2.2266,2.2321,28209.11,1566615599999,62883.687318,336
LINKUSDT,1566615600000,2.2321,2.24,2.2258,2.2381,43614.73,1566619199999,97334.910974,353
LINKUSDT,1566619200000,2.2398,2.2434,2.2183,2.2234,61268.0,1566622799999,136525.057734,511
LINKUSDT,1566622800000,2.2241,2.2314,2.2168,2.2208,37236.37,1566626399999,82766.57723,387
LINKUSDT,1566626400000,2.2208,2.2264,2.2108,2.2138,33900.93,1566629999999,75214.680245,419
LINKUSDT,1566630000000,2.2163,2.2338,2.21,2.2211,92056.51,1566633599999,204635.070908,646
LINKUSDT,1566633600000,2.221,2.221,2.1793,2.1849,137521.03,1566637199999,301957.709451,929
LINKUSDT,1566637200000,2.185,2.1924,2.1537,2.1922,223721.76,1566640799999,485477.448525,1725
LINKUSDT,1566640800000,2.1921,2.1924,2.1771,2.179,43323.58,1566644399999,94702.81493,409
LINKUSDT,1566644400000,2.1771,2.1861,2.1722,2.1841,37761.05,1566647999999,82264.889116,323
LINKUSDT,1566648000000,2.1841,2.1862,2.1637,2.1693,79871.92,1566651599999,173479.942584,557
LINKUSDT,1566651600000,2.1691,2.1797,2.1618,2.1624,68314.86,1566655199999,148226.408923,406
LINKUSDT,1566655200000,2.1618,2.1875,2.16,2.1704,74890.32,1566658799999,162869.289026,567
LINKUSDT,1566658800000,2.1696,2.1834,2.1641,2.1725,38916.58,1566662399999,84599.097784,402
LINKUSDT,1566662400000,2.1702,2.1964,2.1613,2.1945,67589.6,1566665999999,147381.113508,559
LINKUSDT,1566666000000,2.1951,2.2001,2.1757,2.1764,50327.62,1566669599999,109988.734939,464
LINKUSDT,1566669600000,2.1764,2.1875,2.1755,2.1778,36947.93,1566673199999,80595.686869,317
LINKUSDT,1566673200000,2.1754,2.2,2.175,2.1952,54863.48,1566676799999,120165.571933,334
LINKUSDT,1566676800000,2.1975,2.2033,2.1794,2.1794,47635.9,1566680399999,104300.583679,352
LINKUSDT,1566680400000,2.1793,2.1876,2.1703,2.178,40990.27,1566683999999,89291.485414,394
LINKUSDT,1566684000000,2.1778,2.185,2.1551,2.175,114258.01,1566687599999,247416.17769,859
LINKUSDT,1566687600000,2.1751,2.1775,2.162,2.1681,37827.08,1566691199999,82097.602126,364
LINKUSDT,1566691200000,2.1704,2.1728,2.1601,2.164,38300.47,1566694799999,82926.544023,235
LINKUSDT,1566694800000,2.1641,2.1693,2.1559,2.1599,50324.35,1566698399999,108708.070295,510
LINKUSDT,1566698400000,2.1582,2.1637,2.1537,2.1615,57772.62,1566701999999,124652.379521,453
LINKUSDT,1566702000000,2.1606,2.1607,2.1433,2.1519,100505.6,1566705599999,215995.260418,684
LINKUSDT,1566705600000,2.1519,2.1551,2.142,2.1428,50551.36,1566709199999,108551.838111,309
LINKUSDT,1566709200000,2.1428,2.1532,2.1428,2.1511,34241.36,1566712799999,73589.340258,275
LINKUSDT,1566712800000,2.1515,2.158,2.145,2.1513,50992.47,1566716399999,109674.818801,353
LINKUSDT,1566716400000,2.1534,2.16,2.1442,2.1551,63535.12,1566719999999,136587.334421,414
LINKUSDT,1566720000000,2.1551,2.158,2.146,2.1516,40328.74,1566723599999,86871.531628,271
LINKUSDT,1566723600000,2.1542,2.1804,2.1458,2.1781,102234.71,1566727199999,221265.115487,655
LINKUSDT,1566727200000,2.1783,2.1799,2.157,2.1661,57076.12,1566730799999,123613.457468,387
LINKUSDT,1566730800000,2.1659,2.169,2.1519,2.1556,61231.26,1566734399999,132159.759489,401
LINKUSDT,1566734400000,2.156,2.1802,2.1559,2.18,57116.34,1566737999999,123880.285239,479
LINKUSDT,1566738000000,2.18,2.18,2.1471,2.1663,124719.56,1566741599999,269539.119953,892
LINKUSDT,1566741600000,2.1654,2.1706,2.1316,2.1423,174585.33,1566745199999,374345.430529,1144
LINKUSDT,1566745200000,2.1422,2.15,2.1048,2.1111,256861.75,1566748799999,544624.997052,1517
LINKUSDT,1566748800000,2.1111,2.1277,2.104,2.1106,185118.28,1566752399999,391352.559231,1036
LINKUSDT,1566752400000,2.1126,2.1195,2.1087,2.114,36365.77,1566755999999,76866.392144,359
LINKUSDT,1566756000000,2.114,2.1159,2.1081,2.1113,31690.13,1566759599999,66918.822766,254
LINKUSDT,1566759600000,2.1104,2.1113,2.065,2.0837,301534.81,1566763199999,629808.427862,1924
LINKUSDT,1566763200000,2.0841,2.092,2.0666,2.0666,133315.58,1566766799999,277247.613675,740
LINKUSDT,1566766800000,2.0661,2.0826,2.032,2.0477,264045.72,1566770399999,541730.194332,1755
LINKUSDT,1566770400000,2.0477,2.0621,2.0255,2.0564,278992.73,1566773999999,568682.446207,1319
LINKUSDT,1566774000000,2.0563,2.1001,2.0517,2.078,221232.81,1566777599999,459835.368013,1280
LINKUSDT,1566777600000,2.0783,2.1385,2.07,2.1215,272611.91,1566781199999,574147.032721,1970
LINKUSDT,1566781200000,2.1239,2.1546,2.114,2.1174,242670.2,1566784799999,518568.767351,1323
LINKUSDT,1566784800000,2.1171,2.1397,2.1031,2.1043,79160.39,1566788399999,167493.86529,558
LINKUSDT,1566788400000,2.1043,2.1234,2.0684,2.0798,154573.83,1566791999999,323824.078317,946
LINKUSDT,1566792000000,2.0774,2.0851,2.0691,2.0727,86804.95,1566795599999,180456.286871,606
LINKUSDT,1566795600000,2.072,2.0892,2.0615,2.0884,82987.21,1566799199999,172196.807936,569
LINKUSDT,1566799200000,2.0888,2.1073,2.085,2.1059,70043.87,1566802799999,146727.992782,492
LINKUSDT,1566802800000,2.1059,2.1114,2.0932,2.11,55588.43,1566806399999,116880.189571,461
LINKUSDT,1566806400000,2.11,2.111,2.0927,2.1033,59269.7,1566809999999,124539.450108,420
LINKUSDT,1566810000000,2.1038,2.1077,2.0873,2.0931,78656.91,1566813599999,165091.878701,500
LINKUSDT,1566813600000,2.093,2.1046,2.0842,2.1013,129687.8,1566817199999,271584.006296,537
LINKUSDT,1566817200000,2.0995,2.1284,2.0988,2.1134,53447.89,1566820799999,113157.307784,513
LINKUSDT,1566820800000,2.1124,2.125,2.1032,2.1208,120793.8,1566824399999,255728.222252,631
LINKUSDT,1566824400000,2.119,2.119,2.0975,2.1032,58891.63,1566827999999,123866.875173,493
LINKUSDT,1566828000000,2.1028,2.1036,2.0896,2.094,43811.32,1566831599999,91815.254304,330
LINKUSDT,1566831600000,2.0943,2.1077,2.0683,2.08,132956.13,1566835199999,277465.937107,767
LINKUSDT,1566835200000,2.0824,2.0914,2.0494,2.067,138487.33,1566838799999,286756.486787,915
LINKUSDT,1566838800000,2.067,2.0849,2.0649,2.0767,41069.71,1566842399999,85247.726858,377
LINKUSDT,1566842400000,2.0767,2.0835,2.0654,2.0714,44944.11,1566845999999,93164.920084,381
LINKUSDT,1566846000000,2.0692,2.1,2.0663,2.0952,63225.94,1566849599999,131762.488319,467
LINKUSDT,1566849600000,2.0954,2.1029,2.0718,2.0733,64960.36,1566853199999,135597.380806,574
LINKUSDT,1566853200000,2.0734,2.0747,2.045,2.066,113875.84,1566856799999,234820.153686,773
LINKUSDT,1566856800000,2.0642,2.0799,2.0598,2.0711,55213.85,1566860399999,114374.784217,463
LINKUSDT,1566860400000,2.0711,2.0783,2.0662,2.0739,47581.8,1566863999999,98674.85887,321
LINKUSDT,1566864000000,2.0737,2.0782,2.0643,2.0703,40595.03,1566867599999,84107.681621,363
LINKUSDT,1566867600000,2.068,2.0686,2.0452,2.0474,86422.99,1566871199999,177763.091867,560
LINKUSDT,1566871200000,2.0474,2.0534,2.031,2.0325,105930.91,1566874799999,216211.541022,503
LINKUSDT,1566874800000,2.0312,2.0392,2.005,2.0331,238560.37,1566878399999,482659.919775,1395
LINKUSDT,1566878400000,2.0319,2.0507,2.0266,2.046,98370.34,1566881999999,200737.936523,586
LINKUSDT,1566882000000,2.0464,2.0482,2.028,2.0383,48408.08,1566885599999,98593.587295,382
LINKUSDT,1566885600000,2.0382,2.0403,2.0248,2.0305,69139.35,1566889199999,140457.102958,440
LINKUSDT,1566889200000,2.0296,2.0429,2.0159,2.0297,63106.8,1566892799999,127958.662094,502
LINKUSDT,1566892800000,2.0311,2.0372,2.0222,2.0369,33435.96,1566896399999,67793.970557,319
LINKUSDT,1566896400000,2.0375,2.0388,2.0263,2.0372,30910.46,1566899999999,62809.968109,373
LINKUSDT,1566900000000,2.0359,2.0516,2.0359,2.0427,48106.98,1566903599999,98247.938762,398
LINKUSDT,1566903600000,2.042,2.0837,2.0405,2.0812,119137.4,1566907199999,245426.359914,867
LINKUSDT,1566907200000,2.0812,2.0999,2.0484,2.0999,218773.64,1566910799999,453836.318626,1526
LINKUSDT,1566910800000,2.0999,2.148,2.0989,2.129,382105.42,1566914399999,812184.015973,2996
LINKUSDT,1566914400000,2.1314,2.1387,2.102,2.1247,166403.16,1566917999999,353084.700876,1105
LINKUSDT,1566918000000,2.1225,2.1788,2.1188,2.1723,378715.49,1566921599999,817333.930747,2439
LINKUSDT,1566921600000,2.1723,2.1739,2.1313,2.1388,186935.41,1566925199999,402633.32589,1387
LINKUSDT,1566925200000,2.1387,2.152,2.1255,2.134,86780.92,1566928799999,185258.967015,669
LINKUSDT,1566928800000,2.134,2.1366,2.1266,2.1304,40070.41,1566932399999,85420.31793,331
LINKUSDT,1566932400000,2.1311,2.1371,2.101,2.1021,107578.02,1566935999999,227682.840674,734
LINKUSDT,1566936000000,2.1027,2.1228,2.0949,2.098,75212.72,1566939599999,158322.572893,594
LINKUSDT,1566939600000,2.0976,2.0976,2.0743,2.0969,157537.58,1566943199999,328500.327843,775
LINKUSDT,1566943200000,2.0974,2.1271,2.0955,2.1182,163568.77,1566946799999,345234.153738,1003
LINKUSDT,1566946800000,2.1178,2.1267,2.1,2.1128,63261.91,1566950399999,133621.89073,530
LINKUSDT,1566950400000,2.1098,2.1134,2.063,2.0736,113147.26,1566953999999,235833.63512,884
LINKUSDT,1566954000000,2.0738,2.0921,2.065,2.0651,93338.28,1566957599999,193652.617191,614
LINKUSDT,1566957600000,2.0665,2.0787,2.0298,2.049,165026.4,1566961199999,338461.611605,1150
LINKUSDT,1566961200000,2.0473,2.05,2.0242,2.033,118626.15,1566964799999,241463.90001,871
LINKUSDT,1566964800000,2.0344,2.0464,2.0311,2.04,47362.95,1566968399999,96659.010968,400
LINKUSDT,1566968400000,2.0409,2.0672,2.0321,2.0494,101454.16,1566971999999,208138.678215,752
LINKUSDT,1566972000000,2.0511,2.0664,2.0485,2.061,62972.49,1566975599999,129656.728213,525
LINKUSDT,1566975600000,2.061,2.0889,2.061,2.0805,97932.06,1566979199999,203688.413825,510
LINKUSDT,1566979200000,2.0818,2.0818,2.0519,2.052,73599.7,1566982799999,152041.490427,507
LINKUSDT,1566982800000,2.053,2.0651,2.04,2.0449,66861.45,1566986399999,137216.763101,550
LINKUSDT,1566986400000,2.0445,2.0561,2.044,2.0471,56283.58,1566989999999,115394.951855,393
LINKUSDT,1566990000000,2.0474,2.0625,2.0474,2.0615,67440.5,1566993599999,138471.427377,466
LINKUSDT,1566993600000,2.0622,2.0684,2.0567,2.0588,47133.76,1566997199999,97185.193048,429
LINKUSDT,1566997200000,2.0569,2.0779,2.0514,2.0644,108625.35,1567000799999,223928.636625,748
LINKUSDT,1567000800000,2.061,2.0716,2.0526,2.0533,89405.33,1567004399999,184412.491972,636
LINKUSDT,1567004400000,2.0559,2.0648,2.0559,2.0616,38131.6,1567007999999,78535.2872,336
LINKUSDT,1567008000000,2.0616,2.0616,2.0469,2.049,47875.2,1567011599999,98291.791525,430
LINKUSDT,1567011600000,2.0472,2.0564,2.0347,2.0355,64081.93,1567015199999,131117.284374,385
LINKUSDT,1567015200000,2.0356,2.0382,1.91,1.952,734294.44,1567018799999,1447425.763945,4285
LINKUSDT,1567018800000,1.952,1.9554,1.8861,1.9129,435856.99,1567022399999,835839.944116,2209
LINKUSDT,1567022400000,1.9129,1.915,1.8838,1.8954,151691.97,1567025999999,288231.738905,1074
LINKUSDT,1567026000000,1.8936,1.925,1.875,1.9135,226113.75,1567029599999,429162.497271,1191
LINKUSDT,1567029600000,1.9136,1.9257,1.9079,1.9235,115706.36,1567033199999,221768.672164,710
LINKUSDT,1567033200000,1.9235,1.9275,1.8913,1.8957,94264.27,1567036799999,179669.400429,654
LINKUSDT,1567036800000,1.8956,1.8956,1.8513,1.8647,268358.11,1567040399999,502568.861225,1560
LINKUSDT,1567040400000,1.8621,1.8852,1.8403,1.8443,197190.22,1567043999999,365884.172642,1039
LINKUSDT,1567044000000,1.8444,1.8801,1.8421,1.8564,105854.36,1567047599999,197476.774678,750
LINKUSDT,1567047600000,1.8577,1.8685,1.83,1.85,177116.42,1567051199999,325826.297112,866
LINKUSDT,1567051200000,1.8497,1.8653,1.8316,1.856,127269.54,1567054799999,235447.186867,790
LINKUSDT,1567054800000,1.8581,1.8658,1.8403,1.8405,65229.65,1567058399999,120811.683088,458
LINKUSDT,1567058400000,1.8401,1.8401,1.8045,1.8173,356778.28,1567061999999,650949.324273,1164
LINKUSDT,1567062000000,1.8173,1.8182,1.7501,1.7803,707787.2,1567065599999,1263487.631323,2547
LINKUSDT,1567065600000,1.7832,1.82,1.7813,1.8025,184065.39,1567069199999,332391.724667,1075
LINKUSDT,1567069200000,1.8044,1.8271,1.8016,1.825,104600.48,1567072799999,189894.181146,614
LINKUSDT,1567072800000,1.825,1.8421,1.8209,1.8391,87790.8,1567076399999,160460.288712,451
LINKUSDT,1567076400000,1.8383,1.8544,1.8205,1.8296,79871.94,1567079999999,147221.648723,623
LINKUSDT,1567080000000,1.8313,1.8349,1.7966,1.8238,145777.95,1567083599999,264573.299998,886
LINKUSDT,1567083600000,1.8238,1.8302,1.7964,1.8035,70094.33,1567087199999,126924.615377,537
LINKUSDT,1567087200000,1.8013,1.8026,1.7253,1.7376,467333.31,1567090799999,822751.838354,2135
LINKUSDT,1567090800000,1.7419,1.7926,1.7419,1.7817,367718.4,1567094399999,650699.40795,1523
LINKUSDT,1567094400000,1.7817,1.7966,1.7563,1.7595,89620.97,1567097999999,159507.818397,619
LINKUSDT,1567098000000,1.7598,1.7872,1.7571,1.7809,101020.26,1567101599999,179284.682829,738
LINKUSDT,1567101600000,1.7819,1.801,1.7719,1.7748,96848.73,1567105199999,173466.051764,712
LINKUSDT,1567105200000,1.7729,1.7818,1.7611,1.7817,59483.02,1567108799999,105271.666951,445
LINKUSDT,1567108800000,1.7818,1.7969,1.7742,1.7969,57844.29,1567112399999,103181.758191,415
LINKUSDT,1567112400000,1.7968,1.8054,1.7884,1.7903,64079.62,1567115999999,115207.406595,433
LINKUSDT,1567116000000,1.7913,1.8141,1.7894,1.8035,99096.4,1567119599999,178725.23761,629
LINKUSDT,1567119600000,1.8049,1.8049,1.7715,1.7744,130247.51,1567123199999,231979.897431,631
LINKUSDT,1567123200000,1.7763,1.7896,1.7669,1.7757,37151.67,1567126799999,65984.677946,329
LINKUSDT,1567126800000,1.7753,1.7764,1.7365,1.7638,194740.21,1567130399999,341608.131422,1090
LINKUSDT,1567130400000,1.7638,1.7731,1.7574,1.7674,44588.38,1567133999999,78811.037057,301
LINKUSDT,1567134000000,1.7695,1.7975,1.7649,1.7948,61784.29,1567137599999,110302.011203,383
LINKUSDT,1567137600000,1.7923,1.7958,1.7888,1.7948,15266.71,1567141199999,27384.464219,168
LINKUSDT,1567141200000,1.7931,1.7956,1.775,1.784,66969.66,1567144799999,119410.760403,374
LINKUSDT,1567144800000,1.784,1.7877,1.7691,1.7766,76297.93,1567148399999,135659.374129,327
LINKUSDT,1567148400000,1.7768,1.7936,1.7725,1.7881,46452.71,1567151999999,82815.768026,339
LINKUSDT,1567152000000,1.7893,1.8449,1.785,1.8399,130569.28,1567155599999,237523.484962,954
LINKUSDT,1567155600000,1.84,1.8589,1.8282,1.8322,162084.84,1567159199999,298821.192384,993
LINKUSDT,1567159200000,1.8322,1.8482,1.8176,1.8189,81185.9,1567162799999,149098.080965,584
LINKUSDT,1567162800000,1.819,1.833,1.8096,1.8271,72290.45,1567166399999,131543.80903,437
LINKUSDT,1567166400000,1.826,1.8632,1.814,1.8519,240525.67,1567169999999,443764.110749,979
LINKUSDT,1567170000000,1.8519,1.8895,1.8503,1.8853,147255.98,1567173599999,275476.807484,1087
LINKUSDT,1567173600000,1.8849,1.8913,1.8497,1.8578,230685.33,1567177199999,431717.527186,1402
LINKUSDT,1567177200000,1.8601,1.8779,1.855,1.8614,100743.03,1567180799999,187910.564618,734
LINKUSDT,1567180800000,1.8621,1.8745,1.834,1.8414,137620.12,1567184399999,254697.888355,848
LINKUSDT,1567184400000,1.8415,1.8451,1.8202,1.8224,119208.85,1567187999999,218377.828117,758
LINKUSDT,1567188000000,1.8215,1.8249,1.7986,1.8008,161047.31,1567191599999,291322.659297,924
LINKUSDT,1567191600000,1.7996,1.8343,1.7772,1.8326,181727.85,1567195199999,328042.042495,1014
LINKUSDT,1567195200000,1.8342,1.8441,1.8154,1.8319,123071.55,1567198799999,225492.546325,792
LINKUSDT,1567198800000,1.8329,1.8455,1.8284,1.8286,48096.4,1567202399999,88379.156779,377
LINKUSDT,1567202400000,1.8286,1.8305,1.8152,1.819,39953.18,1567205999999,72793.764052,398
LINKUSDT,1567206000000,1.819,1.819,1.7951,1.796,141204.8,1567209599999,254790.131692,719
LINKUSDT,1567209600000,1.7958,1.8038,1.7889,1.7978,108428.24,1567213199999,194472.185908,524
LINKUSDT,1567213200000,1.7982,1.8237,1.7948,1.82,42820.75,1567216799999,77495.430547,409
LINKUSDT,1567216800000,1.8212,1.8229,1.8099,1.814,31609.04,1567220399999,57379.305696,281
LINKUSDT,1567220400000,1.8138,1.817,1.8072,1.8096,24271.79,1567223999999,43974.609053,175
LINKUSDT,1567224000000,1.8096,1.81,1.7919,1.797,34196.32,1567227599999,61588.693009,313
LINKUSDT,1567227600000,1.7975,1.8144,1.7975,1.8086,38752.09,1567231199999,70016.427372,285
LINKUSDT,1567231200000,1.8097,1.8097,1.7975,1.7999,15308.89,1567234799999,27597.671761,182
LINKUSDT,1567234800000,1.7985,1.8535,1.7985,1.8427,221794.17,1567238399999,406222.457627,1345
LINKUSDT,1567238400000,1.841,1.8427,1.816,1.8172,83775.2,1567241999999,152977.761312,465
LINKUSDT,1567242000000,1.8172,1.8203,1.8001,1.8116,68367.03,1567245599999,123721.304071,483
LINKUSDT,1567245600000,1.8136,1.8147,1.7882,1.8022,57006.71,1567249199999,102541.597915,432
LINKUSDT,1567249200000,1.8045,1.8066,1.7845,1.7951,70147.25,1567252799999,125667.896832,485
LINKUSDT,1567252800000,1.7951,1.8122,1.7869,1.8063,57304.53,1567256399999,102982.419149,384
LINKUSDT,1567256400000,1.8085,1.8104,1.7669,1.789,135339.81,1567259999999,241095.640327,915
LINKUSDT,1567260000000,1.7881,1.7881,1.7657,1.7683,77007.53,1567263599999,136647.608089,459
LINKUSDT,1567263600000,1.7685,1.7801,1.7626,1.7699,78936.26,1567267199999,139742.973397,409
LINKUSDT,1567267200000,1.7717,1.7839,1.7629,1.7695,69670.44,1567270799999,123369.608228,543
LINKUSDT,1567270800000,1.7695,1.783,1.7695,1.7813,68659.4,1567274399999,122076.131972,456
LINKUSDT,1567274400000,1.7805,1.793,1.7752,1.779,68049.86,1567277999999,121383.320012,451
LINKUSDT,1567278000000,1.7794,1.7813,1.7685,1.7793,32424.04,1567281599999,57516.653199,229
LINKUSDT,1567281600000,1.7794,1.7845,1.74,1.7429,129525.95,1567285199999,227521.846224,716
LINKUSDT,1567285200000,1.743,1.7977,1.74,1.7977,236637.94,1567288799999,416687.589075,1113
LINKUSDT,1567288800000,1.7977,1.8018,1.7786,1.7878,56127.71,1567292399999,100491.396624,429
LINKUSDT,1567292400000,1.7867,1.7909,1.773,1.7791,25808.21,1567295999999,45961.743858,248
LINKUSDT,1567296000000,1.7788,1.7968,1.777,1.79,36212.41,1567299599999,64737.229426,264
LINKUSDT,1567299600000,1.7914,1.8,1.7836,1.7848,46367.9,1567303199999,83213.03282,331
LINKUSDT,1567303200000,1.7848,1.7855,1.7703,1.7724,28510.89,1567306799999,50652.006394,239
LINKUSDT,1567306800000,1.7724,1.7757,1.769,1.769,18885.02,1567310399999,33471.558236,168
LINKUSDT,1567310400000,1.7701,1.7784,1.7701,1.7701,14380.75,1567313999999,25527.378829,113
LINKUSDT,1567314000000,1.7701,1.7719,1.7639,1.7639,23970.3,1567317599999,42384.804477,92
LINKUSDT,1567317600000,1.7639,1.7759,1.7612,1.7729,32678.19,1567321199999,57736.410859,204
LINKUSDT,1567321200000,1.7741,1.7777,1.7691,1.7708,23280.28,1567324799999,41295.988046,180
LINKUSDT,1567324800000,1.7728,1.7768,1.7603,1.7661,27806.17,1567328399999,49140.059512,254
LINKUSDT,1567328400000,1.7643,1.7742,1.7619,1.7731,22189.73,1567331999999,39172.603746,164
LINKUSDT,1567332000000,1.7739,1.7778,1.7676,1.7706,19817.31,1567335599999,35113.894396,140
LINKUSDT,1567335600000,1.7736,1.7751,1.7652,1.7652,20991.91,1567339199999,37156.194654,138
LINKUSDT,1567339200000,1.766,1.7683,1.7575,1.767,32794.75,1567342799999,57802.712939,166
LINKUSDT,1567342800000,1.7655,1.7674,1.7575,1.7576,20577.69,1567346399999,36236.591848,171
LINKUSDT,1567346400000,1.7577,1.7599,1.7554,1.7588,44949.6,1567349999999,79057.516982,260
LINKUSDT,1567350000000,1.7581,1.7793,1.7556,1.7764,58422.15,1567353599999,103010.757459,285
LINKUSDT,1567353600000,1.7758,1.7764,1.7512,1.7567,45965.63,1567357199999,80840.317751,263
LINKUSDT,1567357200000,1.7581,1.7582,1.724,1.7386,195353.42,1567360799999,340021.759093,982
LINKUSDT,1567360800000,1.739,1.7456,1.723,1.7339,140279.75,1567364399999,243434.074719,848
LINKUSDT,1567364400000,1.7339,1.7501,1.717,1.7499,97666.04,1567367999999,169087.437643,740
LINKUSDT,1567368000000,1.7493,1.7685,1.7403,1.7643,63532.96,1567371599999,111259.502868,475
LINKUSDT,1567371600000,1.7622,1.7684,1.752,1.7623,105743.81,1567375199999,186016.620662,640
LINKUSDT,1567375200000,1.762,1.7957,1.7607,1.7765,154918.97,1567378799999,275725.04977,818
LINKUSDT,1567378800000,1.7765,1.7821,1.7616,1.7686,57406.05,1567382399999,101715.490627,385
LINKUSDT,1567382400000,1.7696,1.7765,1.7653,1.7738,33284.65,1567385999999,58979.444476,243
LINKUSDT,1567386000000,1.7709,1.7709,1.7588,1.7597,22265.99,1567389599999,39307.112233,177
LINKUSDT,1567389600000,1.7596,1.7691,1.7428,1.7475,101220.36,1567393199999,177659.4345,486
LINKUSDT,1567393200000,1.7485,1.7599,1.7272,1.7478,135061.44,1567396799999,235312.797735,780
LINKUSDT,1567396800000,1.7492,1.7499,1.7399,1.7466,50005.07,1567400399999,87157.956912,219
LINKUSDT,1567400400000,1.7466,1.7471,1.7324,1.747,60859.38,1567403999999,105810.918897,299
LINKUSDT,1567404000000,1.7467,1.7576,1.7325,1.7351,63251.77,1567407599999,110368.609072,395
LINKUSDT,1567407600000,1.7354,1.7386,1.7318,1.7362,48530.41,1567411199999,84214.492966,198
LINKUSDT,1567411200000,1.7365,1.7421,1.7345,1.7421,21562.55,1567414799999,37483.934661,175
LINKUSDT,1567414800000,1.7424,1.7514,1.739,1.7472,29828.82,1567418399999,52065.57133,245
LINKUSDT,1567418400000,1.7474,1.7487,1.7391,1.7427,44550.61,1567421999999,77606.672462,304
LINKUSDT,1567422000000,1.7425,1.7431,1.735,1.7391,66720.63,1567425599999,116040.516409,460
LINKUSDT,1567425600000,1.7394,1.7406,1.7311,1.7378,47882.25,1567429199999,83178.807264,360
LINKUSDT,1567429200000,1.7388,1.7879,1.7364,1.7716,155414.3,1567432799999,273314.923611,888
LINKUSDT,1567432800000,1.7708,1.87,1.7681,1.8268,685345.09,1567436399999,1254640.549449,3441
LINKUSDT,1567436400000,1.8256,1.8332,1.8038,1.8278,206644.95,1567439999999,375217.978682,925
LINKUSDT,1567440000000,1.826,1.8533,1.8201,1.8481,140197.19,1567443599999,257373.61088,775
LINKUSDT,1567443600000,1.8528,1.88,1.84,1.8584,277785.78,1567447199999,517383.764882,1290
LINKUSDT,1567447200000,1.8584,1.89,1.843,1.8484,353000.31,1567450799999,660004.897769,1407
LINKUSDT,1567450800000,1.8473,1.859,1.8334,1.8509,109660.45,1567454399999,202422.499671,686
LINKUSDT,1567454400000,1.8509,1.88,1.8237,1.8351,182739.67,1567457999999,338916.957993,1136
LINKUSDT,1567458000000,1.837,1.85,1.8318,1.8334,106118.76,1567461599999,195321.574875,625
LINKUSDT,1567461600000,1.8334,1.8396,1.8195,1.8195,64607.16,1567465199999,118183.901498,392
LINKUSDT,1567465200000,1.8217,1.8329,1.8215,1.8287,37850.1,1567468799999,69173.24556,296
LINKUSDT,1567468800000,1.8307,1.8371,1.8301,1.8349,42856.4,1567472399999,78597.978393,306
LINKUSDT,1567472400000,1.8331,1.8343,1.8147,1.819,97976.26,1567475999999,178773.826506,494
LINKUSDT,1567476000000,1.8205,1.8416,1.8162,1.8278,134973.37,1567479599999,247095.130645,459
LINKUSDT,1567479600000,1.8266,1.876,1.8257,1.8687,268504.86,1567483199999,499157.47446,1462
LINKUSDT,1567483200000,1.8686,1.87,1.8436,1.8496,61620.04,1567486799999,114417.939526,444
LINKUSDT,1567486800000,1.8496,1.863,1.8467,1.8575,46211.38,1567490399999,85722.886713,377
LINKUSDT,1567490400000,1.8577,1.8649,1.8541,1.8638,47278.1,1567493999999,87895.286498,331
LINKUSDT,1567494000000,1.8623,1.9424,1.8609,1.9106,323077.33,1567497599999,615489.228827,2151
LINKUSDT,1567497600000,1.9098,1.94,1.8969,1.9169,259670.98,1567501199999,498672.106921,1711
LINKUSDT,1567501200000,1.919,1.919,1.867,1.8682,200137.31,1567504799999,378496.321459,1238
LINKUSDT,1567504800000,1.8682,1.892,1.8584,1.8706,186398.94,1567508399999,349053.145676,1084
LINKUSDT,1567508400000,1.8727,1.8868,1.8607,1.8758,114397.47,1567511999999,214625.755335,700
LINKUSDT,1567512000000,1.8744,1.8786,1.8565,1.8735,127629.95,1567515599999,238120.353495,705
LINKUSDT,1567515600000,1.8736,1.8778,1.8431,1.8434,300220.02,1567519199999,558530.192175,1490
LINKUSDT,1567519200000,1.8434,1.8765,1.839,1.8625,218972.1,1567522799999,406979.461488,1051
LINKUSDT,1567522800000,1.8628,1.863,1.8462,1.8608,134922.8,1567526399999,249785.414496,696
LINKUSDT,1567526400000,1.8587,1.8592,1.847,1.8511,56923.72,1567529999999,105385.881011,376
LINKUSDT,1567530000000,1.8516,1.8557,1.84,1.8426,78588.97,1567533599999,145278.14787,446
LINKUSDT,1567533600000,1.8412,1.888,1.8326,1.8726,212432.41,1567537199999,394957.270362,1181
LINKUSDT,1567537200000,1.8742,1.8819,1.8517,1.852,91439.95,1567540799999,170822.554633,494
LINKUSDT,1567540800000,1.8514,1.8688,1.8513,1.8528,42147.86,1567544399999,78340.415618,364
LINKUSDT,1567544400000,1.8544,1.8605,1.8502,1.86,24292.09,1567547999999,45097.657997,232
LINKUSDT,1567548000000,1.8595,1.8629,1.8568,1.8612,20199.44,1567551599999,37573.262587,145
LINKUSDT,1567551600000,1.8623,1.8639,1.8418,1.849,117882.64,1567555199999,218342.635242,680
LINKUSDT,1567555200000,1.8486,1.8583,1.8418,1.8467,34749.28,1567558799999,64151.3991,250
LINKUSDT,1567558800000,1.8468,1.8468,1.826,1.8307,104077.19,1567562399999,190724.060159,624
LINKUSDT,1567562400000,1.8309,1.8334,1.8207,1.8235,65153.15,1567565999999,119035.795567,315
LINKUSDT,1567566000000,1.8235,1.8355,1.8216,1.832,45332.59,1567569599999,82735.908907,369
LINKUSDT,1567569600000,1.832,1.832,1.8155,1.816,57595.68,1567573199999,104933.176457,321
LINKUSDT,1567573200000,1.816,1.8214,1.7925,1.8001,222714.1,1567576799999,401204.906167,889
LINKUSDT,1567576800000,1.8026,1.8078,1.7653,1.7805,330051.83,1567580399999,588624.419774,1460
LINKUSDT,1567580400000,1.7806,1.801,1.7722,1.7772,177056.05,1567583999999,316254.381251,957
LINKUSDT,1567584000000,1.78,1.7925,1.7721,1.7749,80252.41,1567587599999,142906.50699,487
LINKUSDT,1567587600000,1.7759,1.7977,1.7743,1.7892,83905.54,1567591199999,149782.273148,401
LINKUSDT,1567591200000,1.788,1.7914,1.7802,1.7873,76717.3,1567594799999,136908.702683,487
LINKUSDT,1567594800000,1.7873,1.7979,1.7818,1.793,91942.79,1567598399999,164531.376254,604
LINKUSDT,1567598400000,1.7918,1.7946,1.7722,1.7767,68570.68,1567601999999,122365.722134,373
LINKUSDT,1567602000000,1.7749,1.775,1.7553,1.7642,162080.34,1567605599999,285905.120604,836
LINKUSDT,1567605600000,1.7668,1.7813,1.7643,1.7691,43494.54,1567609199999,77097.510359,325
LINKUSDT,1567609200000,1.7715,1.7746,1.7167,1.7449,505957.39,1567612799999,881956.83324,2113
LINKUSDT,1567612800000,1.7451,1.7741,1.7449,1.768,170745.52,1567616399999,301002.320637,881
LINKUSDT,1567616400000,1.7679,1.7854,1.7606,1.78,126795.7,1567619999999,224776.563082,707
LINKUSDT,1567620000000,1.7806,1.7807,1.7615,1.766,69137.51,1567623599999,122400.204951,382
LINKUSDT,1567623600000,1.766,1.7777,1.7601,1.7681,66466.34,1567627199999,117553.049714,404
LINKUSDT,1567627200000,1.7704,1.87,1.7579,1.7669,690677.62,1567630799999,1242156.357122,3757
LINKUSDT,1567630800000,1.7669,1.8092,1.7627,1.8046,170958.25,1567634399999,306601.624569,911
LINKUSDT,1567634400000,1.8038,1.8082,1.761,1.769,85590.94,1567637999999,152298.540478,607
LINKUSDT,1567638000000,1.7691,1.7848,1.7614,1.7784,49371.38,1567641599999,87511.657757,445
LINKUSDT,1567641600000,1.7793,1.7851,1.774,1.7815,42075.8,1567645199999,74952.318938,279
LINKUSDT,1567645200000,1.783,1.798,1.7725,1.7944,69641.01,1567648799999,124298.819357,373
LINKUSDT,1567648800000,1.7943,1.8566,1.7911,1.8459,408790.1,1567652399999,748640.347278,1926
LINKUSDT,1567652400000,1.8461,1.8512,1.8234,1.8512,223816.69,1567655999999,411263.557241,1092
LINKUSDT,1567656000000,1.852,1.8624,1.82,1.8298,160515.19,1567659599999,295398.870599,882
LINKUSDT,1567659600000,1.8307,1.8451,1.811,1.8243,80376.01,1567663199999,147002.98513,620
LINKUSDT,1567663200000,1.8238,1.8245,1.7948,1.7949,82356.49,1567666799999,148803.110598,641
LINKUSDT,1567666800000,1.7948,1.8051,1.7947,1.804,36420.2,1567670399999,65618.639689,252
LINKUSDT,1567670400000,1.8041,1.8168,1.802,1.813,26400.59,1567673999999,47743.438611,255
LINKUSDT,1567674000000,1.8131,1.8183,1.796,1.7975,46689.86,1567677599999,84309.117146,335
LINKUSDT,1567677600000,1.7968,1.7982,1.77,1.7886,115849.52,1567681199999,206538.266112,706
LINKUSDT,1567681200000,1.7884,1.7886,1.7742,1.7742,31569.84,1567684799999,56219.362668,256
LINKUSDT,1567684800000,1.7737,1.7924,1.7696,1.7779,81855.38,1567688399999,145696.910392,384
LINKUSDT,1567688400000,1.7779,1.78,1.768,1.7741,71351.07,1567691999999,126606.720107,395
LINKUSDT,1567692000000,1.7741,1.832,1.7712,1.8132,313909.22,1567695599999,569324.30661,1556
LINKUSDT,1567695600000,1.8105,1.818,1.795,1.8014,126023.09,1567699199999,227967.374,647
LINKUSDT,1567699200000,1.8035,1.843,1.7865,1.816,265792.42,1567702799999,483595.595295,1421
LINKUSDT,1567702800000,1.8169,1.8313,1.8152,1.8237,113492.58,1567706399999,206794.823697,591
LINKUSDT,1567706400000,1.8272,1.8351,1.8175,1.825,94088.46,1567709999999,171864.06571,590
LINKUSDT,1567710000000,1.8242,1.8274,1.8,1.8069,101104.55,1567713599999,183269.567478,573
LINKUSDT,1567713600000,1.804,1.8131,1.8012,1.8059,33936.69,1567717199999,61303.680396,232
LINKUSDT,1567717200000,1.8061,1.8136,1.8042,1.8116,25900.68,1567720799999,46825.155763,188
LINKUSDT,1567720800000,1.8124,1.8178,1.79,1.7934,153151.83,1567724399999,275404.918635,567
LINKUSDT,1567724400000,1.7934,1.8024,1.7921,1.7921,39108.66,1567727999999,70279.888128,290
LINKUSDT,1567728000000,1.7919,1.8012,1.7919,1.8012,29072.35,1567731599999,52211.106117,166
LINKUSDT,1567731600000,1.8013,1.8087,1.8006,1.8046,25788.16,1567735199999,46544.821562,170
LINKUSDT,1567735200000,1.8067,1.86,1.7969,1.806,311149.08,1567738799999,566303.922274,1310
LINKUSDT,1567738800000,1.8054,1.8198,1.797,1.8117,109634.51,1567742399999,198035.952285,440
LINKUSDT,1567742400000,1.8129,1.8148,1.8029,1.8034,29284.29,1567745999999,52945.230619,169
LINKUSDT,1567746000000,1.805,1.8105,1.7873,1.8006,147242.7,1567749599999,264658.857274,643
LINKUSDT,1567749600000,1.7995,1.803,1.7877,1.7954,55075.65,1567753199999,98975.504838,299
LINKUSDT,1567753200000,1.7955,1.7968,1.7839,1.7898,51114.15,1567756799999,91431.263111,223
LINKUSDT,1567756800000,1.7898,1.7964,1.7851,1.7895,36998.99,1567760399999,66271.246273,289
LINKUSDT,1567760400000,1.7904,1.8099,1.7895,1.8091,38355.19,1567763999999,68968.425567,281
LINKUSDT,1567764000000,1.809,1.8124,1.7962,1.8014,52487.11,1567767599999,94801.26845,377
LINKUSDT,1567767600000,1.8018,1.8242,1.7985,1.8071,131642.19,1567771199999,238861.497657,628
LINKUSDT,1567771200000,1.8077,1.8108,1.7828,1.7884,164519.56,1567774799999,295073.775248,679
LINKUSDT,1567774800000,1.7876,1.7977,1.7818,1.7911,129375.33,1567778399999,231286.174222,576
LINKUSDT,1567778400000,1.7909,1.8078,1.7894,1.7957,89392.66,1567781999999,160705.670941,466
LINKUSDT,1567782000000,1.7952,1.8126,1.79,1.7974,165973.32,1567785599999,298700.540457,527
LINKUSDT,1567785600000,1.7978,1.8059,1.7938,1.8047,74124.17,1567789199999,133326.079479,324
LINKUSDT,1567789200000,1.8047,1.8058,1.7335,1.7628,406423.7,1567792799999,716846.79723,1904
LINKUSDT,1567792800000,1.7623,1.7661,1.7364,1.7492,238142.36,1567796399999,416172.776838,1210
LINKUSDT,1567796400000,1.7488,1.7635,1.7244,1.7279,128773.54,1567799999999,223498.998199,837
LINKUSDT,1567800000000,1.7285,1.7358,1.6767,1.7232,411006.45,1567803599999,700598.491282,1906
LINKUSDT,1567803600000,1.7222,1.7263,1.7032,1.7219,154624.9,1567807199999,265252.943925,616
LINKUSDT,1567807200000,1.7217,1.7217,1.708,1.708,59229.91,1567810799999,101529.745946,388
LINKUSDT,1567810800000,1.708,1.7308,1.7001,1.7226,144618.12,1567814399999,247494.476711,643
LINKUSDT,1567814400000,1.7222,1.7283,1.7085,1.7251,110560.59,1567817999999,190005.159226,470
LINKUSDT,1567818000000,1.7251,1.761,1.7222,1.7432,151556.47,1567821599999,264212.252727,831
LINKUSDT,1567821600000,1.7419,1.7542,1.7381,1.7424,64290.46,1567825199999,112164.63802,346
LINKUSDT,1567825200000,1.7413,1.7453,1.7366,1.7398,40652.25,1567828799999,70698.467245,239
LINKUSDT,1567828800000,1.7398,1.7512,1.7366,1.7504,19416.24,1567832399999,33870.031122,194
LINKUSDT,1567832400000,1.7517,1.769,1.7512,1.7514,105121.27,1567835999999,185093.042483,603
LINKUSDT,1567836000000,1.7529,1.76,1.7393,1.7427,69796.63,1567839599999,122050.29714,348
LINKUSDT,1567839600000,1.7418,1.7611,1.7418,1.7551,29209.76,1567843199999,51224.515543,291
LINKUSDT,1567843200000,1.7553,1.7608,1.7548,1.7581,18620.26,1567846799999,32707.310936,149
LINKUSDT,1567846800000,1.7572,1.759,1.7454,1.7511,44334.66,1567850399999,77662.352479,269
LINKUSDT,1567850400000,1.7511,1.7562,1.7423,1.7447,38655.37,1567853999999,67582.225306,220
LINKUSDT,1567854000000,1.7446,1.7578,1.7416,1.756,30747.23,1567857599999,53834.440918,271
LINKUSDT,1567857600000,1.756,1.7589,1.7448,1.7494,42376.93,1567861199999,74199.962052,256
LINKUSDT,1567861200000,1.7488,1.756,1.7287,1.7302,316133.01,1567864799999,549423.847022,737
LINKUSDT,1567864800000,1.7302,1.7483,1.7246,1.743,259940.67,1567868399999,451601.990086,1091
LINKUSDT,1567868400000,1.7447,1.755,1.7403,1.7534,140085.63,1567871999999,244712.676289,598
LINKUSDT,1567872000000,1.7534,1.7728,1.7371,1.7717,211263.2,1567875599999,370936.123178,938
LINKUSDT,1567875600000,1.7721,1.806,1.7713,1.7921,291758.01,1567879199999,522517.970289,1397
LINKUSDT,1567879200000,1.7903,1.7903,1.7725,1.78,113937.49,1567882799999,202828.630098,648
LINKUSDT,1567882800000,1.78,1.7806,1.7612,1.7651,153083.3,1567886399999,270996.832714,512
LINKUSDT,1567886400000,1.7651,1.7789,1.7651,1.7789,31944.55,1567889999999,56571.821141,234
LINKUSDT,1567890000000,1.7789,1.7868,1.7725,1.7843,46091.27,1567893599999,81940.408891,318
LINKUSDT,1567893600000,1.7845,1.7873,1.7683,1.7721,50849.68,1567897199999,90404.075893,255
LINKUSDT,1567897200000,1.7711,1.7713,1.7625,1.7672,23757.05,1567900799999,41968.653473,225
LINKUSDT,1567900800000,1.7672,1.7826,1.7666,1.7814,39065.04,1567904399999,69391.867343,218
LINKUSDT,1567904400000,1.7806,1.7953,1.7789,1.7939,63964.77,1567907999999,114272.257649,309
LINKUSDT,1567908000000,1.794,1.7974,1.7899,1.7901,52568.79,1567911599999,94291.274616,292
LINKUSDT,1567911600000,1.7903,1.83,1.7894,1.827,139254.33,1567915199999,252606.178141,807
LINKUSDT,1567915200000,1.8257,1.8293,1.8155,1.8228,66383.34,1567918799999,121051.797302,447
LINKUSDT,1567918800000,1.8228,1.8228,1.7931,1.8003,104483.97,1567922399999,188868.672821,573
LINKUSDT,1567922400000,1.8021,1.8064,1.7948,1.8064,44231.15,1567925999999,79648.946039,301
LINKUSDT,1567926000000,1.8063,1.8098,1.805,1.8071,10660.72,1567929599999,19271.043961,111
LINKUSDT,1567929600000,1.8078,1.8107,1.794,1.8068,72539.41,1567933199999,130821.138187,406
LINKUSDT,1567933200000,1.8057,1.8107,1.7988,1.8031,24422.21,1567936799999,44072.964572,170
LINKUSDT,1567936800000,1.8022,1.8047,1.796,1.7974,36861.75,1567940399999,66340.802721,203
LINKUSDT,1567940400000,1.7961,1.7986,1.761,1.7833,193927.37,1567943999999,345052.857342,999
LINKUSDT,1567944000000,1.7831,1.7926,1.7798,1.7846,44214.0,1567947599999,79008.887203,263
LINKUSDT,1567947600000,1.7845,1.7932,1.7739,1.7748,41437.57,1567951199999,73812.265667,236
LINKUSDT,1567951200000,1.7746,1.802,1.7695,1.801,144099.54,1567954799999,257634.963049,712
LINKUSDT,1567954800000,1.801,1.864,1.8006,1.8491,653722.62,1567958399999,1202961.240295,2988
LINKUSDT,1567958400000,1.8491,1.887,1.8371,1.883,486505.69,1567961999999,903756.835628,2040
LINKUSDT,1567962000000,1.8833,1.9054,1.865,1.8708,316353.61,1567965599999,596318.803567,1726
LINKUSDT,1567965600000,1.8704,1.8739,1.8368,1.8491,306534.67,1567969199999,568344.046381,1245
LINKUSDT,1567969200000,1.85,1.8696,1.8434,1.845,202249.56,1567972799999,375111.651209,831
LINKUSDT,1567972800000,1.8432,1.8625,1.8231,1.8475,181580.82,1567976399999,334252.861077,1027
LINKUSDT,1567976400000,1.8485,1.857,1.8399,1.8568,37240.33,1567979999999,68840.256277,364
LINKUSDT,1567980000000,1.8578,1.8607,1.8351,1.8376,62617.74,1567983599999,115749.235552,348
LINKUSDT,1567983600000,1.8351,1.843,1.8161,1.8275,179797.5,1567987199999,329034.776077,736
LINKUSDT,1567987200000,1.829,1.8637,1.8242,1.8576,173726.74,1567990799999,321175.793863,736
LINKUSDT,1567990800000,1.8577,1.8625,1.8474,1.8553,55857.89,1567994399999,103602.847514,359
LINKUSDT,1567994400000,1.857,1.8625,1.822,1.8305,129022.51,1567997999999,237373.325085,596
LINKUSDT,1567998000000,1.8305,1.8325,1.8,1.8135,175981.44,1568001599999,318876.285712,717
LINKUSDT,1568001600000,1.8126,1.8173,1.8013,1.8173,130682.0,1568005199999,236327.69266,469
LINKUSDT,1568005200000,1.8182,1.8233,1.8025,1.8055,85200.81,1568008799999,154317.87843,341
LINKUSDT,1568008800000,1.8077,1.8152,1.8056,1.8125,27786.26,1568012399999,50302.064622,172
LINKUSDT,1568012400000,1.81,1.8113,1.77,1.7756,322963.11,1568015999999,575882.203065,1034
LINKUSDT,1568016000000,1.7756,1.8019,1.761,1.7943,165057.01,1568019599999,293001.118322,1001
LINKUSDT,1568019600000,1.7935,1.8276,1.787,1.8187,104374.6,1568023199999,188778.264075,677
LINKUSDT,1568023200000,1.8202,1.8731,1.8069,1.8651,338612.84,1568026799999,623592.5802,1515
LINKUSDT,1568026800000,1.8651,1.871,1.8037,1.8314,412120.74,1568030399999,760458.593403,2092
LINKUSDT,1568030400000,1.8315,1.8506,1.82,1.8247,126372.72,1568033999999,231973.851053,812
LINKUSDT,1568034000000,1.8272,1.849,1.8272,1.8454,107569.01,1568037599999,197995.452294,642
LINKUSDT,1568037600000,1.8448,1.8518,1.8356,1.842,70844.95,1568041199999,130719.894587,400
LINKUSDT,1568041200000,1.8418,1.8419,1.8212,1.8219,61709.42,1568044799999,112965.526025,465
LINKUSDT,1568044800000,1.8228,1.8228,1.7864,1.8039,202897.58,1568048399999,365428.749763,1089
LINKUSDT,1568048400000,1.8006,1.8159,1.8,1.811,107003.83,1568051999999,193511.841923,469
LINKUSDT,1568052000000,1.8117,1.8147,1.7897,1.7927,90941.97,1568055599999,163853.376206,355
LINKUSDT,1568055600000,1.7928,1.794,1.7676,1.7866,200702.98,1568059199999,357804.387636,1117
LINKUSDT,1568059200000,1.7867,1.7923,1.7765,1.7798,171666.55,1568062799999,306201.91461,608
LINKUSDT,1568062800000,1.7801,1.7991,1.7801,1.7956,57365.06,1568066399999,102815.251576,373
LINKUSDT,1568066400000,1.7956,1.8113,1.7956,1.8051,63471.76,1568069999999,114562.50208,508
LINKUSDT,1568070000000,1.8058,1.8065,1.7872,1.7872,101259.38,1568073599999,182160.908383,422
LINKUSDT,1568073600000,1.7883,1.8021,1.7831,1.7971,178303.59,1568077199999,319112.968675,661
LINKUSDT,1568077200000,1.7976,1.821,1.7969,1.8174,113335.6,1568080799999,205419.571472,554
LINKUSDT,1568080800000,1.8174,1.8243,1.81,1.8126,75865.24,1568084399999,137781.257939,403
LINKUSDT,1568084400000,1.8125,1.8261,1.8092,1.8261,103743.03,1568087999999,188708.820159,426
LINKUSDT,1568088000000,1.8261,1.8326,1.8106,1.8174,139123.47,1568091599999,253420.172994,635
LINKUSDT,1568091600000,1.8168,1.8321,1.812,1.8197,99749.9,1568095199999,181648.642013,522
LINKUSDT,1568095200000,1.8189,1.8189,1.8021,1.8062,101295.92,1568098799999,183193.370559,425
LINKUSDT,1568098800000,1.8086,1.8173,1.8028,1.8113,29475.24,1568102399999,53365.360844,305
LINKUSDT,1568102400000,1.8113,1.8124,1.8006,1.8071,67802.59,1568105999999,122466.119901,277
LINKUSDT,1568106000000,1.8057,1.8061,1.7889,1.796,90329.86,1568109599999,162224.514953,440
LINKUSDT,1568109600000,1.7952,1.8012,1.785,1.786,95336.24,1568113199999,170869.173433,348
LINKUSDT,1568113200000,1.7876,1.7985,1.7837,1.7967,75732.65,1568116799999,135441.521113,375
LINKUSDT,1568116800000,1.7976,1.7985,1.7909,1.7947,51457.07,1568120399999,92365.810335,286
LINKUSDT,1568120400000,1.7947,1.7949,1.7875,1.7895,63819.56,1568123999999,114296.192386,313
LINKUSDT,1568124000000,1.7899,1.7899,1.773,1.7832,133957.0,1568127599999,238546.453956,629
LINKUSDT,1568127600000,1.7831,1.795,1.7798,1.7801,115995.41,1568131199999,207440.805227,426
LINKUSDT,1568131200000,1.7809,1.8106,1.7802,1.8043,120551.78,1568134799999,216770.075328,630
LINKUSDT,1568134800000,1.8043,1.8263,1.7985,1.8082,186178.79,1568138399999,337249.48757,761
LINKUSDT,1568138400000,1.8074,1.8284,1.8068,1.8126,231039.99,1568141999999,420141.747005,758
LINKUSDT,1568142000000,1.8131,1.8167,1.7864,1.7952,255878.15,1568145599999,460490.248422,1017
LINKUSDT,1568145600000,1.7953,1.8001,1.7839,1.7933,153875.9,1568149199999,275760.622243,619
LINKUSDT,1568149200000,1.792,1.8092,1.7904,1.8092,41197.64,1568152799999,74159.642561,327
LINKUSDT,1568152800000,1.8092,1.8116,1.7927,1.7998,119044.34,1568156399999,214196.564668,484
LINKUSDT,1568156400000,1.7987,1.804,1.7904,1.7998,70279.78,1568159999999,126318.83182,275
LINKUSDT,1568160000000,1.7988,1.8225,1.7982,1.8156,101809.07,1568163599999,184661.559175,500
LINKUSDT,1568163600000,1.8156,1.8258,1.8106,1.8236,53910.7,1568167199999,98063.49072,383
LINKUSDT,1568167200000,1.8239,1.824,1.8,1.8078,64730.8,1568170799999,117240.742491,557
LINKUSDT,1568170800000,1.8079,1.8079,1.8,1.8018,25587.89,1568174399999,46090.841925,183
LINKUSDT,1568174400000,1.8018,1.805,1.794,1.7961,33973.82,1568177999999,61227.095228,211
LINKUSDT,1568178000000,1.7959,1.7969,1.7819,1.788,96034.85,1568181599999,171776.911159,450
LINKUSDT,1568181600000,1.788,1.791,1.7693,1.775,107752.53,1568185199999,191593.13612,679
LINKUSDT,1568185200000,1.7759,1.79,1.7738,1.7886,40582.38,1568188799999,72404.129935,320
LINKUSDT,1568188800000,1.7896,1.7919,1.7719,1.7726,60871.79,1568192399999,108397.138817,272
LINKUSDT,1568192400000,1.7716,1.7789,1.771,1.7751,28188.06,1568195999999,49986.257742,204
LINKUSDT,1568196000000,1.7749,1.7942,1.7749,1.7861,22355.62,1568199599999,39934.510604,253
LINKUSDT,1568199600000,1.7861,1.7952,1.781,1.7837,33339.95,1568203199999,59625.200715,213
LINKUSDT,1568203200000,1.7824,1.7892,1.7769,1.7812,63906.6,1568206799999,113946.627179,756
LINKUSDT,1568206800000,1.7812,1.7826,1.773,1.7751,56869.97,1568210399999,101185.281537,307
LINKUSDT,1568210400000,1.7751,1.7751,1.7501,1.7632,194660.72,1568213999999,342838.080752,1025
LINKUSDT,1568214000000,1.7621,1.7621,1.7459,1.7472,138685.86,1568217599999,243135.397804,557
LINKUSDT,1568217600000,1.7465,1.754,1.7202,1.7425,296379.29,1568221199999,514383.95283,1349
LINKUSDT,1568221200000,1.7433,1.7545,1.7371,1.7416,93267.95,1568224799999,162620.869929,445
LINKUSDT,1568224800000,1.7409,1.7452,1.729,1.7292,180878.02,1568228399999,313875.297434,622
LINKUSDT,1568228400000,1.7298,1.7313,1.7136,1.7192,175160.92,1568231999999,301570.615116,754
LINKUSDT,1568232000000,1.7192,1.753,1.7181,1.7448,104110.94,1568235599999,180166.722002,517
LINKUSDT,1568235600000,1.7453,1.7464,1.7212,1.736,149984.21,1568239199999,259439.14073,632
LINKUSDT,1568239200000,1.7355,1.7355,1.7241,1.7342,38601.94,1568242799999,66740.999238,282
LINKUSDT,1568242800000,1.7342,1.7357,1.721,1.7301,68083.18,1568246399999,117611.823213,284
LINKUSDT,1568246400000,1.7301,1.738,1.7219,1.727,74704.35,1568249999999,129209.956608,344
LINKUSDT,1568250000000,1.727,1.7336,1.7214,1.7214,33933.21,1568253599999,58573.649548,211
LINKUSDT,1568253600000,1.7225,1.7225,1.7082,1.7129,131135.37,1568257199999,224725.133361,526
LINKUSDT,1568257200000,1.7129,1.72,1.7082,1.7123,85059.52,1568260799999,145661.474946,361
LINKUSDT,1568260800000,1.712,1.7224,1.705,1.7221,86642.09,1568264399999,148234.455344,407
LINKUSDT,1568264400000,1.7221,1.7265,1.7085,1.7109,176177.33,1568267999999,302307.813515,446
LINKUSDT,1568268000000,1.712,1.7135,1.6918,1.7047,106037.69,1568271599999,180214.976406,500
LINKUSDT,1568271600000,1.7031,1.7261,1.7031,1.7155,132862.55,1568275199999,227672.072236,516
LINKUSDT,1568275200000,1.7156,1.7355,1.7151,1.7321,93910.87,1568278799999,162186.023456,559
LINKUSDT,1568278800000,1.7321,1.7458,1.7302,1.7311,74474.97,1568282399999,129496.629171,516
LINKUSDT,1568282400000,1.7312,1.734,1.72,1.7299,87074.07,1568285999999,150382.431007,402
LINKUSDT,1568286000000,1.7298,1.7304,1.72,1.722,55426.5,1568289599999,95599.217943,315
LINKUSDT,1568289600000,1.722,1.7304,1.722,1.7284,32337.51,1568293199999,55798.624168,236
LINKUSDT,1568293200000,1.7309,1.7356,1.7279,1.7282,49389.79,1568296799999,85503.17824,320
LINKUSDT,1568296800000,1.7298,1.7348,1.7187,1.7218,134853.16,1568300399999,232821.659167,580
LINKUSDT,1568300400000,1.7224,1.7244,1.715,1.7206,60730.33,1568303999999,104383.06719,430
LINKUSDT,1568304000000,1.7217,1.7237,1.7015,1.7096,135543.36,1568307599999,231710.414117,511
LINKUSDT,1568307600000,1.7093,1.7173,1.7087,1.7167,54727.18,1568311199999,93673.871865,179
LINKUSDT,1568311200000,1.7167,1.7218,1.7067,1.7067,67946.74,1568314799999,116576.758054,308
LINKUSDT,1568314800000,1.7069,1.7165,1.7051,1.712,62014.53,1568318399999,105979.982501,334
LINKUSDT,1568318400000,1.713,1.7159,1.701,1.702,52089.99,1568321999999,88908.448599,294
LINKUSDT,1568322000000,1.7022,1.7182,1.7022,1.7162,112203.94,1568325599999,191766.022961,346
LINKUSDT,1568325600000,1.7157,1.7221,1.7009,1.701,177435.07,1568329199999,303489.096985,467
LINKUSDT,1568329200000,1.7014,1.7089,1.6938,1.7073,152358.8,1568332799999,259098.66502,490
LINKUSDT,1568332800000,1.7073,1.7076,1.6983,1.7007,65002.38,1568336399999,110633.368662,256
LINKUSDT,1568336400000,1.7007,1.7099,1.6998,1.7014,60488.72,1568339999999,103073.784277,251
LINKUSDT,1568340000000,1.7014,1.707,1.6962,1.6971,38698.33,1568343599999,65820.930803,255
LINKUSDT,1568343600000,1.6971,1.6988,1.6901,1.6926,85882.75,1568347199999,145551.75189,409
LINKUSDT,1568347200000,1.694,1.6996,1.6933,1.6975,47602.96,1568350799999,80762.955671,234
LINKUSDT,1568350800000,1.6971,1.6983,1.6477,1.6663,355613.21,1568354399999,593206.938577,1847
LINKUSDT,1568354400000,1.6664,1.6679,1.6565,1.6641,120270.72,1568357999999,199880.315553,526
LINKUSDT,1568358000000,1.6648,1.6699,1.6623,1.6672,52177.15,1568361599999,86960.0028,296
LINKUSDT,1568361600000,1.6673,1.6779,1.6641,1.67,134586.52,1568365199999,224842.871307,521
LINKUSDT,1568365200000,1.6693,1.676,1.6631,1.6658,69533.36,1568368799999,116024.887022,358
LINKUSDT,1568368800000,1.6647,1.6736,1.65,1.6591,183869.64,1568372399999,305226.029382,885
LINKUSDT,1568372400000,1.6592,1.6688,1.6554,1.667,105089.78,1568375999999,174449.652711,501
LINKUSDT,1568376000000,1.6664,1.6671,1.6492,1.657,129840.88,1568379599999,215068.445286,772
LINKUSDT,1568379600000,1.6571,1.6601,1.6361,1.6386,208233.06,1568383199999,343343.828768,1001
LINKUSDT,1568383200000,1.6396,1.6402,1.6029,1.6305,721445.87,1568386799999,1167248.228632,3442
LINKUSDT,1568386800000,1.6311,1.6404,1.621,1.6249,279611.26,1568390399999,455280.49665,1077
LINKUSDT,1568390400000,1.6249,1.6375,1.6161,1.625,198699.29,1568393999999,323316.508166,711
LINKUSDT,1568394000000,1.6232,1.6274,1.566,1.5852,557818.32,1568397599999,888396.270038,2194
LINKUSDT,1568397600000,1.5852,1.5997,1.5385,1.5713,556093.56,1568401199999,870992.401149,2322
LINKUSDT,1568401200000,1.5713,1.59,1.51,1.5249,1037678.38,1568404799999,1594559.218406,3878
LINKUSDT,1568404800000,1.5236,1.59,1.5125,1.5661,841531.0,1568408399999,1299817.820974,3273
LINKUSDT,1568408400000,1.5661,1.5747,1.5371,1.5619,288293.65,1568411999999,448055.943027,1661
LINKUSDT,1568412000000,1.5621,1.5712,1.5506,1.56,226956.62,1568415599999,353878.35498,1158
LINKUSDT,1568415600000,1.56,1.5866,1.5581,1.5759,274080.94,1568419199999,431653.797331,979
LINKUSDT,1568419200000,1.5761,1.584,1.5239,1.5355,466852.16,1568422799999,726515.535735,1455
LINKUSDT,1568422800000,1.5354,1.5714,1.5325,1.5614,272952.08,1568426399999,425252.739065,1148
LINKUSDT,1568426400000,1.5633,1.5661,1.5504,1.5533,81597.49,1568429999999,127284.344021,379
LINKUSDT,1568430000000,1.553,1.5721,1.553,1.5654,81959.61,1568433599999,128383.944982,355
LINKUSDT,1568433600000,1.5648,1.5818,1.5635,1.5804,76220.66,1568437199999,119881.02354,465
LINKUSDT,1568437200000,1.5811,1.5821,1.57,1.575,103652.71,1568440799999,163356.316207,418
LINKUSDT,1568440800000,1.5754,1.597,1.5737,1.5901,224719.09,1568444399999,356604.287729,931
LINKUSDT,1568444400000,1.5914,1.5936,1.5757,1.5879,173807.12,1568447999999,275331.264625,628
LINKUSDT,1568448000000,1.5878,1.6198,1.5832,1.613,431299.56,1568451599999,691113.793493,1509
LINKUSDT,1568451600000,1.6129,1.6375,1.6009,1.6175,331445.01,1568455199999,536626.021292,1498
LINKUSDT,1568455200000,1.6168,1.6231,1.6038,1.6152,152233.23,1568458799999,245575.896821,699
LINKUSDT,1568458800000,1.6161,1.6274,1.6092,1.6125,183869.65,1568462399999,297164.721763,562
LINKUSDT,1568462400000,1.6131,1.6154,1.5766,1.581,244860.19,1568465999999,391305.921631,1070
LINKUSDT,1568466000000,1.5772,1.5863,1.5574,1.5803,519739.55,1568469599999,816381.636221,2134
LINKUSDT,1568469600000,1.5796,1.5948,1.5751,1.5921,284599.38,1568473199999,450842.978716,1098
LINKUSDT,1568473200000,1.5918,1.616,1.5898,1.5984,331259.13,1568476799999,530763.539431,1308
LINKUSDT,1568476800000,1.5991,1.615,1.5941,1.615,178074.94,1568480399999,285945.234495,956
LINKUSDT,1568480400000,1.613,1.6157,1.5721,1.5799,348152.1,1568483999999,554770.444213,1386
LINKUSDT,1568484000000,1.5798,1.595,1.5779,1.586,176308.36,1568487599999,279690.58174,788
LINKUSDT,1568487600000,1.5858,1.5893,1.5739,1.5847,143054.56,1568491199999,226030.398826,602
LINKUSDT,1568491200000,1.5847,1.6115,1.5847,1.5919,260334.55,1568494799999,416104.995743,803
LINKUSDT,1568494800000,1.592,1.5975,1.575,1.5795,248542.86,1568498399999,393118.151715,637
LINKUSDT,1568498400000,1.5805,1.5852,1.5665,1.581,233816.65,1568501999999,368361.542293,695
LINKUSDT,1568502000000,1.5802,1.5802,1.558,1.5634,169816.15,1568505599999,266168.673721,873
LINKUSDT,1568505600000,1.5634,1.5751,1.56,1.5631,183489.66,1568509199999,287485.202651,669
LINKUSDT,1568509200000,1.5621,1.5826,1.5616,1.5801,248899.89,1568512799999,392018.564353,635
LINKUSDT,1568512800000,1.5812,1.582,1.5765,1.5788,105236.76,1568516399999,166159.550859,425
LINKUSDT,1568516400000,1.5788,1.5792,1.5721,1.5744,31754.59,1568519999999,50071.335371,249
LINKUSDT,1568520000000,1.5743,1.5795,1.571,1.5785,53516.84,1568523599999,84276.641375,316
LINKUSDT,1568523600000,1.5785,1.5808,1.5715,1.5751,99666.45,1568527199999,157098.008094,320
LINKUSDT,1568527200000,1.5764,1.5962,1.575,1.5962,168069.86,1568530799999,265949.093898,693
LINKUSDT,1568530800000,1.5948,1.6118,1.576,1.5894,349109.66,1568534399999,557386.059548,1309
LINKUSDT,1568534400000,1.5887,1.6078,1.5835,1.5986,158863.92,1568537999999,253860.188834,845
LINKUSDT,1568538000000,1.5982,1.5994,1.5845,1.5903,96035.17,1568541599999,152721.922374,556
LINKUSDT,1568541600000,1.5917,1.6025,1.588,1.5956,89302.14,1568545199999,142438.410927,462
LINKUSDT,1568545200000,1.5951,1.6066,1.5887,1.6042,175096.9,1568548799999,279620.028868,695
LINKUSDT,1568548800000,1.6042,1.6234,1.6,1.6204,247344.74,1568552399999,398568.373958,1220
LINKUSDT,1568552400000,1.6204,1.6458,1.6164,1.6256,571922.05,1568555999999,931909.600441,1897
LINKUSDT,1568556000000,1.6256,1.629,1.5941,1.6114,391645.46,1568559599999,630248.370593,1116
LINKUSDT,1568559600000,1.6105,1.6116,1.5992,1.6086,232249.83,1568563199999,372671.040375,739
LINKUSDT,1568563200000,1.6077,1.6162,1.592,1.5936,144477.99,1568566799999,231932.812234,533
LINKUSDT,1568566800000,1.5936,1.5979,1.5887,1.5947,92441.82,1568570399999,147192.493084,369
LINKUSDT,1568570400000,1.5957,1.6063,1.5907,1.6023,152418.5,1568573999999,243899.495642,445
LINKUSDT,1568574000000,1.6014,1.6128,1.5995,1.6074,97223.91,1568577599999,156140.787098,405
LINKUSDT,1568577600000,1.6075,1.6171,1.6007,1.6064,100609.62,1568581199999,161815.582834,349
LINKUSDT,1568581200000,1.6068,1.6215,1.6061,1.6183,71642.25,1568584799999,115736.461937,326
LINKUSDT,1568584800000,1.6202,1.6215,1.603,1.6149,155012.36,1568588399999,250294.302773,553
LINKUSDT,1568588400000,1.6149,1.6162,1.6077,1.6104,33072.4,1568591999999,53287.110972,203
LINKUSDT,1568592000000,1.611,1.623,1.6071,1.6102,151557.76,1568595599999,244840.698582,627
LINKUSDT,1568595600000,1.61,1.63,1.61,1.6267,125969.04,1568599199999,204700.233083,795
LINKUSDT,1568599200000,1.626,1.6355,1.6229,1.6271,104846.97,1568602799999,170766.663419,542
LINKUSDT,1568602800000,1.6267,1.6287,1.6167,1.618,90640.41,1568606399999,146867.807517,499
LINKUSDT,1568606400000,1.6179,1.6198,1.6109,1.6158,121156.0,1568609999999,195694.159705,472
LINKUSDT,1568610000000,1.6134,1.6161,1.6102,1.6153,51299.71,1568613599999,82785.647526,298
LINKUSDT,1568613600000,1.6154,1.6225,1.6114,1.621,89512.22,1568617199999,144793.896171,406
LINKUSDT,1568617200000,1.6209,1.6236,1.6122,1.6169,135536.71,1568620799999,219448.379533,456
LINKUSDT,1568620800000,1.6186,1.6242,1.6091,1.6127,236694.47,1568624399999,382503.304335,699
LINKUSDT,1568624400000,1.6127,1.6143,1.6015,1.6051,164163.28,1568627999999,263932.785939,549
LINKUSDT,1568628000000,1.605,1.609,1.6,1.6088,41640.48,1568631599999,66823.124313,275
LINKUSDT,1568631600000,1.6095,1.6099,1.5951,1.5966,116500.22,1568635199999,186506.613485,494
LINKUSDT,1568635200000,1.5965,1.5965,1.545,1.5539,547626.93,1568638799999,858328.970588,2095
LINKUSDT,1568638800000,1.5554,1.5672,1.545,1.5528,293338.54,1568642399999,456312.239441,935
LINKUSDT,1568642400000,1.5536,1.5656,1.551,1.5616,233171.52,1568645999999,363740.483452,687
LINKUSDT,1568646000000,1.5614,1.5646,1.5532,1.5545,86570.61,1568649599999,134892.590645,388
LINKUSDT,1568649600000,1.5542,1.5564,1.55,1.5515,182807.02,1568653199999,283748.816542,515
LINKUSDT,1568653200000,1.5515,1.5586,1.5514,1.5558,83870.74,1568656799999,130330.207443,361
LINKUSDT,1568656800000,1.5569,1.558,1.5502,1.5542,58541.75,1568660399999,90987.335084,249
LINKUSDT,1568660400000,1.5547,1.5609,1.55,1.552,77408.14,1568663999999,120310.902614,307
LINKUSDT,1568664000000,1.552,1.5647,1.5505,1.5629,90485.46,1568667599999,140748.657126,543
LINKUSDT,1568667600000,1.5638,1.5887,1.5635,1.5831,292491.72,1568671199999,461387.092352,945
LINKUSDT,1568671200000,1.5822,1.5847,1.5744,1.5817,85976.77,1568674799999,135699.04002,329
LINKUSDT,1568674800000,1.5825,1.5855,1.5684,1.5806,87796.11,1568678399999,138394.514146,331
LINKUSDT,1568678400000,1.5806,1.5823,1.5747,1.5779,85926.38,1568681999999,135612.533665,321
LINKUSDT,1568682000000,1.5779,1.5784,1.5576,1.5712,100815.86,1568685599999,157806.98296,428
LINKUSDT,1568685600000,1.5705,1.5713,1.5554,1.5598,160839.81,1568689199999,251416.968128,446
LINKUSDT,1568689200000,1.5605,1.5787,1.5532,1.5778,241412.1,1568692799999,377339.536716,686
LINKUSDT,1568692800000,1.5772,1.5848,1.5676,1.5687,147017.5,1568696399999,231853.358543,499
LINKUSDT,1568696400000,1.5686,1.5705,1.5643,1.565,56648.23,1568699999999,88819.284078,282
LINKUSDT,1568700000000,1.5661,1.567,1.5581,1.56,72692.84,1568703599999,113519.781045,249
LINKUSDT,1568703600000,1.56,1.5798,1.5592,1.5798,99711.8,1568707199999,156314.313616,515
LINKUSDT,1568707200000,1.5799,1.5816,1.567,1.572,65563.07,1568710799999,103193.989971,422
LINKUSDT,1568710800000,1.572,1.572,1.5546,1.5656,124574.88,1568714399999,194823.888958,528
LINKUSDT,1568714400000,1.5647,1.572,1.5608,1.5689,113842.51,1568717999999,178239.180242,372
LINKUSDT,1568718000000,1.5697,1.5723,1.5655,1.57,57004.34,1568721599999,89482.447975,348
LINKUSDT,1568721600000,1.5695,1.6071,1.5695,1.5986,300972.27,1568725199999,478594.828624,1494
LINKUSDT,1568725200000,1.5988,1.6047,1.5914,1.5995,211648.54,1568728799999,338626.618058,911
LINKUSDT,1568728800000,1.5995,1.5999,1.5867,1.5957,163358.78,1568732399999,260085.891805,627
LINKUSDT,1568732400000,1.5977,1.6057,1.5955,1.5982,253091.08,1568735999999,405312.599947,883
LINKUSDT,1568736000000,1.5979,1.6663,1.5878,1.6545,736553.95,1568739599999,1200815.360335,3462
LINKUSDT,1568739600000,1.6541,1.6578,1.6328,1.6503,279540.85,1568743199999,459530.234707,1626
LINKUSDT,1568743200000,1.6503,1.6765,1.6371,1.6577,588440.35,1568746799999,977165.217745,2411
LINKUSDT,1568746800000,1.6576,1.6577,1.6398,1.64,232063.83,1568750399999,382231.403414,753
LINKUSDT,1568750400000,1.6421,1.6502,1.6349,1.6406,278061.19,1568753999999,456733.726609,980
LINKUSDT,1568754000000,1.6411,1.6631,1.6335,1.6393,190081.64,1568757599999,313461.094796,847
LINKUSDT,1568757600000,1.6372,1.6499,1.6252,1.6336,590819.17,1568761199999,966393.060405,1439
LINKUSDT,1568761200000,1.6358,1.65,1.624,1.624,243304.92,1568764799999,397463.083436,789
LINKUSDT,1568764800000,1.624,1.6506,1.624,1.6504,201799.75,1568768399999,330269.759267,629
LINKUSDT,1568768400000,1.6506,1.6655,1.649,1.66,258374.15,1568771999999,428527.499307,897
LINKUSDT,1568772000000,1.6601,1.6968,1.6599,1.696,381982.97,1568775599999,640892.455667,1610
LINKUSDT,1568775600000,1.6953,1.6994,1.6641,1.6741,390535.81,1568779199999,655653.426403,1528
LINKUSDT,1568779200000,1.6732,1.6972,1.6669,1.6905,407458.93,1568782799999,686077.947884,1106
LINKUSDT,1568782800000,1.6917,1.6991,1.6827,1.6987,184897.57,1568786399999,312675.517661,802
LINKUSDT,1568786400000,1.6972,1.717,1.697,1.7125,560256.03,1568789999999,957307.105572,1728
LINKUSDT,1568790000000,1.7128,1.754,1.7093,1.7415,511457.14,1568793599999,885990.40702,1946
LINKUSDT,1568793600000,1.7415,1.7415,1.6931,1.695,374222.59,1568797199999,645883.518983,1612
LINKUSDT,1568797200000,1.6968,1.7209,1.6932,1.7078,315303.83,1568800799999,538707.262825,1348
LINKUSDT,1568800800000,1.7093,1.7397,1.7093,1.7333,203252.84,1568804399999,350358.861049,1184
LINKUSDT,1568804400000,1.7336,1.7376,1.6956,1.6997,206671.33,1568807999999,353868.9718,1220
LINKUSDT,1568808000000,1.6984,1.7021,1.6746,1.7019,273220.35,1568811599999,461522.382382,1258
LINKUSDT,1568811600000,1.7019,1.733,1.7017,1.7203,274924.28,1568815199999,472442.902697,1399
LINKUSDT,1568815200000,1.7203,1.7394,1.7063,1.738,314792.79,1568818799999,542227.831191,1505
LINKUSDT,1568818800000,1.7389,1.8028,1.73,1.7793,709115.94,1568822399999,1250945.279975,3938
LINKUSDT,1568822400000,1.7799,1.8167,1.7566,1.8034,522950.91,1568825999999,932633.102772,2457
LINKUSDT,1568826000000,1.8035,1.8046,1.7737,1.783,259339.92,1568829599999,463035.797625,1329
LINKUSDT,1568829600000,1.7819,1.7879,1.7526,1.7655,231287.61,1568833199999,408669.529769,1262
LINKUSDT,1568833200000,1.7655,1.7699,1.7214,1.736,262567.99,1568836799999,457801.499122,1563
LINKUSDT,1568836800000,1.7361,1.7933,1.7356,1.7907,258014.27,1568840399999,454781.339819,1423
LINKUSDT,1568840400000,1.7921,1.8332,1.7838,1.8224,483131.55,1568843999999,876705.919182,2657
LINKUSDT,1568844000000,1.8224,1.8462,1.7931,1.799,451704.44,1568847599999,823873.904467,2231
LINKUSDT,1568847600000,1.798,1.82,1.78,1.801,232546.74,1568851199999,418935.883244,1332
LINKUSDT,1568851200000,1.7994,1.8004,1.7518,1.761,294648.34,1568854799999,523266.75333,1418
LINKUSDT,1568854800000,1.7609,1.8971,1.7079,1.8745,1188156.19,1568858399999,2173773.81739,7574
LINKUSDT,1568858400000,1.8749,1.9075,1.8333,1.8459,614560.11,1568861999999,1147304.312112,4107
LINKUSDT,1568862000000,1.846,1.8465,1.7314,1.7828,630522.23,1568865599999,1117698.233301,4120
LINKUSDT,1568865600000,1.7816,1.7852,1.7481,1.7814,218558.93,1568869199999,386665.921199,1485
LINKUSDT,1568869200000,1.7792,1.868,1.7743,1.8645,455677.87,1568872799999,830940.057875,2533
LINKUSDT,1568872800000,1.8624,1.8651,1.8113,1.8231,354734.52,1568876399999,648913.929341,2046
LINKUSDT,1568876400000,1.8218,1.8218,1.8,1.8005,207236.59,1568879999999,374805.851288,1189
LINKUSDT,1568880000000,1.8017,1.8699,1.8,1.8626,435213.51,1568883599999,802531.990721,2810
LINKUSDT,1568883600000,1.8637,1.867,1.8269,1.8335,333940.44,1568887199999,616012.986593,2233
LINKUSDT,1568887200000,1.8335,1.858,1.8008,1.8295,445456.7,1568890799999,815304.564165,2968
LINKUSDT,1568890800000,1.8299,1.8336,1.7904,1.7935,372303.0,1568894399999,673627.412551,1624
LINKUSDT,1568894400000,1.7936,1.8476,1.7813,1.8201,473872.92,1568897999999,858473.271317,2713
LINKUSDT,1568898000000,1.822,1.8397,1.8076,1.8099,219136.42,1568901599999,399370.193521,1471
LINKUSDT,1568901600000,1.81,1.8145,1.7861,1.7949,203728.73,1568905199999,366930.447003,1010
LINKUSDT,1568905200000,1.7969,1.8122,1.7924,1.812,154035.87,1568908799999,278169.068143,804
LINKUSDT,1568908800000,1.812,1.865,1.8074,1.8398,401995.61,1568912399999,739159.964274,1960
LINKUSDT,1568912400000,1.8398,1.8749,1.839,1.8501,335619.57,1568915999999,624091.151483,1946
LINKUSDT,1568916000000,1.8506,1.8847,1.8496,1.8676,199850.75,1568919599999,374014.728496,1176
LINKUSDT,1568919600000,1.8679,1.8953,1.8589,1.8885,211547.23,1568923199999,397598.432206,1279
LINKUSDT,1568923200000,1.8886,1.8987,1.8299,1.8432,432564.39,1568926799999,803108.930472,2512
LINKUSDT,1568926800000,1.8432,1.8721,1.8432,1.8689,144398.33,1568930399999,267945.755675,815
LINKUSDT,1568930400000,1.8698,1.8852,1.8592,1.8693,147007.62,1568933999999,275211.70093,904
LINKUSDT,1568934000000,1.8715,1.8764,1.855,1.8744,115321.65,1568937599999,215184.679184,663
LINKUSDT,1568937600000,1.8743,1.8772,1.8482,1.8567,149684.09,1568941199999,278402.938329,956
LINKUSDT,1568941200000,1.8563,1.8575,1.8059,1.8265,335790.31,1568944799999,612897.997866,1322
LINKUSDT,1568944800000,1.8246,1.834,1.8157,1.8219,103842.39,1568948399999,189407.498482,573
LINKUSDT,1568948400000,1.8236,1.839,1.8234,1.8366,47548.5,1568951999999,87090.232541,360
LINKUSDT,1568952000000,1.8356,1.85,1.8311,1.834,139069.11,1568955599999,255893.009577,644
LINKUSDT,1568955600000,1.8334,1.8446,1.827,1.8298,65398.44,1568959199999,119967.163977,424
LINKUSDT,1568959200000,1.8299,1.845,1.8261,1.8328,46607.27,1568962799999,85526.392955,424
LINKUSDT,1568962800000,1.8328,1.85,1.8293,1.8376,74900.11,1568966399999,137757.079816,492
LINKUSDT,1568966400000,1.8391,1.852,1.8362,1.844,109896.05,1568969999999,202818.471485,544
LINKUSDT,1568970000000,1.8431,1.8479,1.8341,1.8343,48675.21,1568973599999,89563.536456,382
LINKUSDT,1568973600000,1.8357,1.8396,1.8052,1.8124,258432.9,1568977199999,469941.118944,1369
LINKUSDT,1568977200000,1.8124,1.8315,1.8085,1.8168,128318.04,1568980799999,233262.211002,823
LINKUSDT,1568980800000,1.8177,1.834,1.8164,1.8279,104932.28,1568984399999,191706.386158,495
LINKUSDT,1568984400000,1.8279,1.87,1.8,1.8222,234618.49,1568987999999,428296.00714,1246
LINKUSDT,1568988000000,1.8221,1.8229,1.804,1.8056,93919.29,1568991599999,170386.300897,593
LINKUSDT,1568991600000,1.8056,1.8086,1.7811,1.7909,166509.76,1568995199999,298826.877433,885
LINKUSDT,1568995200000,1.7901,1.798,1.7745,1.7775,152787.19,1568998799999,273001.628471,813
LINKUSDT,1568998800000,1.7771,1.792,1.751,1.7642,307762.27,1569002399999,544854.040974,1475
LINKUSDT,1569002400000,1.7637,1.7776,1.7623,1.7694,67648.39,1569005999999,119768.992519,432
LINKUSDT,1569006000000,1.7696,1.81,1.767,1.7761,230814.52,1569009599999,412471.069944,1311
LINKUSDT,1569009600000,1.775,1.8061,1.766,1.7954,188702.27,1569013199999,336661.318711,1019
LINKUSDT,1569013200000,1.791,1.7936,1.777,1.7833,56129.97,1569016799999,100232.903368,435
LINKUSDT,1569016800000,1.786,1.8368,1.7836,1.8296,263879.6,1569020399999,478666.997272,1564
LINKUSDT,1569020400000,1.8294,1.837,1.8145,1.8245,127624.79,1569023999999,233263.686584,836
LINKUSDT,1569024000000,1.8215,1.841,1.8206,1.8395,85178.43,1569027599999,156244.613792,589
LINKUSDT,1569027600000,1.84,1.8549,1.8371,1.8475,102472.98,1569031199999,189218.290863,675
LINKUSDT,1569031200000,1.8476,1.8652,1.8475,1.858,226207.22,1569034799999,420091.147972,884
LINKUSDT,1569034800000,1.8567,1.8653,1.8491,1.8593,70402.69,1569038399999,130699.34968,433
LINKUSDT,1569038400000,1.8612,1.8743,1.8414,1.8449,198457.15,1569041999999,368555.909416,1196
LINKUSDT,1569042000000,1.8435,1.8596,1.8312,1.8588,83763.37,1569045599999,154347.548254,627
LINKUSDT,1569045600000,1.8582,1.859,1.84,1.8433,60871.05,1569049199999,112480.562223,447
LINKUSDT,1569049200000,1.8432,1.8455,1.827,1.8326,53366.66,1569052799999,97872.165109,386
LINKUSDT,1569052800000,1.8328,1.8351,1.8101,1.8259,143727.01,1569056399999,261851.911297,767
LINKUSDT,1569056400000,1.8248,1.8286,1.803,1.8052,171970.86,1569059999999,311023.276387,637
LINKUSDT,1569060000000,1.8052,1.8157,1.8002,1.8101,60739.76,1569063599999,109762.735987,468
LINKUSDT,1569063600000,1.8102,1.835,1.8079,1.8234,95345.72,1569067199999,173511.211735,599
LINKUSDT,1569067200000,1.8262,1.832,1.8038,1.82,87694.03,1569070799999,159428.452035,627
LINKUSDT,1569070800000,1.8175,1.8198,1.795,1.8125,109701.71,1569074399999,198166.315617,647
LINKUSDT,1569074400000,1.8126,1.8167,1.7881,1.8028,109200.83,1569077999999,196577.37326,561
LINKUSDT,1569078000000,1.8028,1.84,1.8028,1.8385,184531.07,1569081599999,337594.868363,1080
LINKUSDT,1569081600000,1.8386,1.8393,1.8275,1.8298,64665.59,1569085199999,118581.6555,457
LINKUSDT,1569085200000,1.8299,1.8311,1.8201,1.822,40921.86,1569088799999,74697.24704,364
LINKUSDT,1569088800000,1.822,1.8482,1.82,1.8421,68169.21,1569092399999,125209.496926,543
LINKUSDT,1569092400000,1.8407,1.8623,1.8322,1.8559,112975.26,1569095999999,209178.327818,690
LINKUSDT,1569096000000,1.8555,1.8749,1.8405,1.8611,264698.3,1569099599999,492728.243163,1363
LINKUSDT,1569099600000,1.8613,1.874,1.8555,1.87,89797.35,1569103199999,167448.111706,623
LINKUSDT,1569103200000,1.8701,1.8775,1.8454,1.8659,131834.31,1569106799999,245882.129651,942
LINKUSDT,1569106800000,1.8652,1.8888,1.8639,1.8855,157094.74,1569110399999,294752.268178,1001
LINKUSDT,1569110400000,1.8848,1.8868,1.8644,1.874,110853.08,1569113999999,207767.942163,931
LINKUSDT,1569114000000,1.8739,1.8739,1.8161,1.8234,378893.32,1569117599999,693196.884457,1881
LINKUSDT,1569117600000,1.8242,1.84,1.8201,1.8319,84844.78,1569121199999,155094.837709,588
LINKUSDT,1569121200000,1.8328,1.8328,1.8098,1.8098,99295.31,1569124799999,181029.311003,507
LINKUSDT,1569124800000,1.8098,1.8132,1.7902,1.8132,115461.52,1569128399999,208241.951075,819
LINKUSDT,1569128400000,1.8135,1.835,1.8061,1.832,61113.32,1569131999999,111007.038852,472
LINKUSDT,1569132000000,1.8321,1.8401,1.8188,1.834,88938.45,1569135599999,162812.845032,500
LINKUSDT,1569135600000,1.8344,1.8551,1.8257,1.849,96979.74,1569139199999,178494.84599,632
LINKUSDT,1569139200000,1.8497,1.86,1.83,1.83,93548.66,1569142799999,172621.54966,580
LINKUSDT,1569142800000,1.8301,1.8322,1.8205,1.8301,56349.93,1569146399999,102872.060967,384
LINKUSDT,1569146400000,1.8303,1.8399,1.816,1.818,126692.48,1569149999999,231416.395763,630
LINKUSDT,1569150000000,1.8185,1.8274,1.8172,1.825,36051.34,1569153599999,65740.810104,269
LINKUSDT,1569153600000,1.8224,1.8336,1.8207,1.828,38234.52,1569157199999,69819.667949,227
LINKUSDT,1569157200000,1.8317,1.8447,1.8218,1.8252,94697.14,1569160799999,173552.39282,511
LINKUSDT,1569160800000,1.8254,1.8354,1.8128,1.8354,74814.75,1569164399999,136316.892063,483
LINKUSDT,1569164400000,1.8354,1.8368,1.8248,1.828,42566.36,1569167999999,77930.411981,231
LINKUSDT,1569168000000,1.828,1.8343,1.7943,1.8019,109207.55,1569171599999,197648.18134,800
LINKUSDT,1569171600000,1.8026,1.8171,1.7847,1.7877,138968.2,1569175199999,249727.484552,834
LINKUSDT,1569175200000,1.7864,1.8018,1.7849,1.7905,86331.85,1569178799999,154756.011737,534
LINKUSDT,1569178800000,1.7917,1.7959,1.7811,1.783,98513.18,1569182399999,176020.022797,462
LINKUSDT,1569182400000,1.783,1.788,1.7711,1.7872,119760.4,1569185999999,213199.272168,588
LINKUSDT,1569186000000,1.7856,1.8124,1.7747,1.8088,75735.74,1569189599999,135891.92567,442
LINKUSDT,1569189600000,1.8088,1.8123,1.7944,1.8062,42883.46,1569193199999,77374.003271,356
LINKUSDT,1569193200000,1.8065,1.8234,1.8034,1.8157,41113.57,1569196799999,74524.225276,335
LINKUSDT,1569196800000,1.8149,1.8194,1.7839,1.7886,97042.34,1569200399999,174676.507217,726
LINKUSDT,1569200400000,1.7904,1.792,1.7799,1.792,26317.07,1569203999999,46960.238623,230
LINKUSDT,1569204000000,1.7919,1.8029,1.79,1.7995,27984.36,1569207599999,50240.626417,277
LINKUSDT,1569207600000,1.7978,1.7983,1.7881,1.7964,30992.38,1569211199999,55530.949374,242
LINKUSDT,1569211200000,1.7955,1.8042,1.7952,1.8042,41815.97,1569214799999,75278.720705,276
LINKUSDT,1569214800000,1.8032,1.8171,1.8014,1.808,27069.34,1569218399999,48984.692635,274
LINKUSDT,1569218400000,1.808,1.8137,1.7801,1.8126,77008.94,1569221999999,138168.902172,688
LINKUSDT,1569222000000,1.8126,1.8273,1.8107,1.8268,100577.73,1569225599999,183021.992834,949
LINKUSDT,1569225600000,1.8268,1.8331,1.8236,1.8304,57351.24,1569229199999,104905.373139,432
LINKUSDT,1569229200000,1.83,1.8572,1.8289,1.8479,209092.57,1569232799999,385855.178394,1219
LINKUSDT,1569232800000,1.8472,1.8502,1.8234,1.8267,55128.83,1569236399999,101018.512419,391
LINKUSDT,1569236400000,1.827,1.8476,1.8197,1.8378,64240.82,1569239999999,117910.808491,515
LINKUSDT,1569240000000,1.8379,1.84,1.8205,1.8287,53212.56,1569243599999,97332.772336,370
LINKUSDT,1569243600000,1.8287,1.8351,1.8262,1.8301,70450.34,1569247199999,129012.350587,353
LINKUSDT,1569247200000,1.83,1.84,1.8124,1.835,168629.01,1569250799999,307651.155478,1065
LINKUSDT,1569250800000,1.8356,1.8557,1.8347,1.8511,132814.53,1569254399999,245658.072085,865
LINKUSDT,1569254400000,1.8512,1.8532,1.831,1.837,63902.39,1569257999999,117638.265587,470
LINKUSDT,1569258000000,1.8389,1.8465,1.831,1.8423,73560.22,1569261599999,135147.41327,446
LINKUSDT,1569261600000,1.8412,1.851,1.838,1.8394,98048.4,1569265199999,180995.764527,364
LINKUSDT,1569265200000,1.8407,1.8737,1.8394,1.8527,235531.5,1569268799999,437984.841597,1313
LINKUSDT,1569268800000,1.8528,1.8681,1.8381,1.8652,301600.17,1569272399999,559389.879963,1203
LINKUSDT,1569272400000,1.8652,1.88,1.8284,1.8538,287107.53,1569275999999,533217.077634,2078
LINKUSDT,1569276000000,1.8539,1.8561,1.7862,1.824,291001.34,1569279599999,527362.336174,1939
LINKUSDT,1569279600000,1.8226,1.8269,1.8,1.8048,79721.58,1569283199999,144439.780386,583
LINKUSDT,1569283200000,1.8034,1.8132,1.78,1.8043,209289.61,1569286799999,375650.765915,1272
LINKUSDT,1569286800000,1.8045,1.837,1.8001,1.8002,129577.43,1569290399999,235625.819486,896
LINKUSDT,1569290400000,1.8002,1.8371,1.7982,1.8109,145573.46,1569293999999,264022.288296,884
LINKUSDT,1569294000000,1.8122,1.8234,1.8038,1.8179,58093.35,1569297599999,105288.203122,514
LINKUSDT,1569297600000,1.8175,1.8351,1.8149,1.8288,59246.45,1569301199999,108102.441466,431
LINKUSDT,1569301200000,1.8298,1.8577,1.8298,1.8537,191759.09,1569304799999,354016.067977,915
LINKUSDT,1569304800000,1.8538,1.8623,1.8446,1.8448,221473.58,1569308399999,411299.68939,804
LINKUSDT,1569308400000,1.8446,1.8864,1.8383,1.8826,343879.22,1569311999999,641757.783727,1517
LINKUSDT,1569312000000,1.8841,1.995,1.8771,1.9527,1471537.87,1569315599999,2868495.669616,7079
LINKUSDT,1569315600000,1.9514,1.975,1.931,1.9339,408501.22,1569319199999,797328.253302,1971
LINKUSDT,1569319200000,1.9339,1.9491,1.9082,1.9244,407321.92,1569322799999,784907.71504,2072
LINKUSDT,1569322800000,1.9244,1.9641,1.9172,1.9493,278812.74,1569326399999,542802.647641,1613
LINKUSDT,1569326400000,1.9493,2.0657,1.9454,2.0164,1633735.52,1569329999999,3288891.242581,7849
LINKUSDT,1569330000000,2.0137,2.04,1.9623,2.0263,834856.58,1569333599999,1669552.43709,5080
LINKUSDT,1569333600000,2.0255,2.0411,1.95,1.9558,813654.16,1569337199999,1626405.403333,4438
LINKUSDT,1569337200000,1.9548,1.9732,1.8888,1.961,969045.75,1569340799999,1873351.008268,5169
LINKUSDT,1569340800000,1.9594,2.0153,1.9215,1.9325,842342.69,1569344399999,1665767.76468,4625
LINKUSDT,1569344400000,1.9367,1.9862,1.925,1.9686,551028.33,1569347999999,1082165.705801,2595
LINKUSDT,1569348000000,1.9684,1.97,1.7767,1.7847,927973.14,1569351599999,1738410.880725,4061
LINKUSDT,1569351600000,1.7844,1.8444,1.4612,1.6102,2572336.71,1569355199999,4291671.514984,9637
LINKUSDT,1569355200000,1.6078,1.75,1.5601,1.7053,1818508.82,1569358799999,3011774.589555,6774
LINKUSDT,1569358800000,1.7053,1.743,1.6745,1.7232,468237.63,1569362399999,801457.615554,2422
LINKUSDT,1569362400000,1.7219,1.7539,1.71,1.744,504405.44,1569365999999,874815.861228,2015
LINKUSDT,1569366000000,1.7433,1.7756,1.71,1.716,634260.43,1569369599999,1106454.252543,2830
LINKUSDT,1569369600000,1.7135,1.7831,1.7135,1.7812,371176.49,1569373199999,650753.297121,1914
LINKUSDT,1569373200000,1.7828,1.9087,1.7755,1.9061,715216.44,1569376799999,1318526.147335,3527
LINKUSDT,1569376800000,1.9061,1.9286,1.7846,1.8209,901913.6,1569380399999,1668490.402664,5044
LINKUSDT,1569380400000,1.8217,1.856,1.7823,1.8066,638436.57,1569383999999,1162840.551202,3605
LINKUSDT,1569384000000,1.8066,1.8107,1.711,1.764,544772.57,1569387599999,956376.381017,3104
LINKUSDT,1569387600000,1.7643,1.788,1.7317,1.7758,229095.18,1569391199999,404344.527634,1468
LINKUSDT,1569391200000,1.7745,1.7776,1.733,1.733,166109.11,1569394799999,291569.660823,1016
LINKUSDT,1569394800000,1.7375,1.7583,1.6847,1.6885,265022.88,1569398399999,453064.549959,1572
LINKUSDT,1569398400000,1.6885,1.6993,1.6249,1.6413,501158.47,1569401999999,832957.560545,2279
LINKUSDT,1569402000000,1.6417,1.7426,1.6391,1.7386,456999.16,1569405599999,777375.678309,2140
LINKUSDT,1569405600000,1.7373,1.7656,1.7205,1.75,397718.02,1569409199999,693220.318073,2007
LINKUSDT,1569409200000,1.7501,1.7706,1.6681,1.6886,597442.35,1569412799999,1022472.783888,2942
LINKUSDT,1569412800000,1.688,1.6992,1.6489,1.6707,444633.34,1569416399999,742594.184929,2047
LINKUSDT,1569416400000,1.6724,1.7269,1.6633,1.697,375814.19,1569419999999,637886.981948,1863
LINKUSDT,1569420000000,1.6989,1.7183,1.6693,1.6816,268657.65,1569423599999,455873.20102,1507
LINKUSDT,1569423600000,1.6823,1.7079,1.6375,1.6408,290603.87,1569427199999,487994.930056,1586
LINKUSDT,1569427200000,1.6434,1.7078,1.6321,1.6996,384030.06,1569430799999,641664.912876,2062
LINKUSDT,1569430800000,1.6965,1.715,1.6719,1.6973,219806.29,1569434399999,372791.665346,1171
LINKUSDT,1569434400000,1.696,1.6989,1.6692,1.6742,122237.74,1569437999999,205976.654816,718
LINKUSDT,1569438000000,1.6752,1.7151,1.6687,1.7144,107221.31,1569441599999,181417.361545,777
LINKUSDT,1569441600000,1.7139,1.7501,1.6952,1.7391,301190.1,1569445199999,520777.997274,1808
LINKUSDT,1569445200000,1.7382,1.7564,1.718,1.755,135378.27,1569448799999,234853.872814,806
LINKUSDT,1569448800000,1.755,1.765,1.7173,1.7173,315720.25,1569452399999,550440.921179,1615
LINKUSDT,1569452400000,1.7173,1.7587,1.703,1.7443,160064.97,1569455999999,277655.336954,1202
LINKUSDT,1569456000000,1.7476,1.7584,1.7276,1.7357,132535.35,1569459599999,231470.590145,1016
LINKUSDT,1569459600000,1.7357,1.75,1.7025,1.7072,141919.63,1569463199999,245189.149624,981
LINKUSDT,1569463200000,1.7071,1.7321,1.7037,1.7306,119018.54,1569466799999,204682.279535,656
LINKUSDT,1569466800000,1.7305,1.7569,1.7173,1.7205,291506.24,1569470399999,507711.684207,1224
LINKUSDT,1569470400000,1.7209,1.7468,1.7142,1.7412,98340.78,1569473999999,170291.453161,653
LINKUSDT,1569474000000,1.7404,1.7568,1.7323,1.744,115954.93,1569477599999,202334.659921,655
LINKUSDT,1569477600000,1.7448,1.7448,1.7277,1.7301,86638.22,1569481199999,150246.97305,605
LINKUSDT,1569481200000,1.7301,1.7301,1.702,1.7034,120926.79,1569484799999,207273.716688,817
LINKUSDT,1569484800000,1.7035,1.729,1.7011,1.7243,124350.34,1569488399999,213814.796236,870
LINKUSDT,1569488400000,1.7243,1.7396,1.7238,1.7299,122148.37,1569491999999,211582.19103,625
LINKUSDT,1569492000000,1.7302,1.734,1.7139,1.7323,130204.39,1569495599999,224465.473041,671
LINKUSDT,1569495600000,1.7328,1.7328,1.7,1.7052,167786.0,1569499199999,287265.818305,959
LINKUSDT,1569499200000,1.7078,1.7241,1.6892,1.7009,342771.75,1569502799999,584811.698746,1286
LINKUSDT,1569502800000,1.7015,1.7026,1.5764,1.6451,1286988.64,1569506399999,2108420.881171,5424
LINKUSDT,1569506400000,1.6466,1.6788,1.5985,1.6271,759927.84,1569509999999,1246910.875509,4141
LINKUSDT,1569510000000,1.6265,1.6323,1.5554,1.57,560196.61,1569513599999,893873.754865,3322
LINKUSDT,1569513600000,1.57,1.5951,1.5276,1.5829,708291.91,1569517199999,1107115.460467,3318
LINKUSDT,1569517200000,1.5829,1.5906,1.5573,1.584,337626.4,1569520799999,531212.471204,1525
LINKUSDT,1569520800000,1.584,1.6506,1.5817,1.6443,368942.24,1569524399999,595765.605233,1976
LINKUSDT,1569524400000,1.6432,1.6654,1.6294,1.6642,244234.36,1569527999999,401759.413512,1440
LINKUSDT,1569528000000,1.6654,1.68,1.6358,1.6442,232058.64,1569531599999,386229.204837,1321
LINKUSDT,1569531600000,1.6445,1.6557,1.6275,1.6483,143395.99,1569535199999,235116.122377,795
LINKUSDT,1569535200000,1.6489,1.6602,1.6304,1.6591,81937.73,1569538799999,134897.779709,478
LINKUSDT,1569538800000,1.6591,1.678,1.6466,1.6512,232504.07,1569542399999,387263.386171,870
LINKUSDT,1569542400000,1.6512,1.6577,1.6245,1.6245,276820.61,1569545999999,455341.013931,894
LINKUSDT,1569546000000,1.6251,1.6318,1.5953,1.6108,287879.62,1569549599999,463957.254851,1009
LINKUSDT,1569549600000,1.6124,1.631,1.6042,1.6116,107213.42,1569553199999,173332.401955,609
LINKUSDT,1569553200000,1.6116,1.6293,1.603,1.6193,126178.15,1569556799999,204013.183657,608
LINKUSDT,1569556800000,1.6178,1.6296,1.6048,1.6124,80048.14,1569560399999,129498.975587,499
LINKUSDT,1569560400000,1.6129,1.6129,1.5861,1.5861,199757.89,1569563999999,318899.839682,822
LINKUSDT,1569564000000,1.5897,1.6236,1.5868,1.6137,127302.11,1569567599999,204757.687112,686
LINKUSDT,1569567600000,1.6123,1.6239,1.6049,1.6121,114294.31,1569571199999,184487.99846,659
LINKUSDT,1569571200000,1.6117,1.6208,1.5895,1.6021,238813.37,1569574799999,382970.591012,1117
LINKUSDT,1569574800000,1.6028,1.6261,1.5933,1.6147,121758.62,1569578399999,196256.045324,724
LINKUSDT,1569578400000,1.6156,1.6358,1.607,1.6195,145698.18,1569581999999,236458.229143,798
LINKUSDT,1569582000000,1.6194,1.622,1.59,1.6062,210551.48,1569585599999,337752.264124,1090
LINKUSDT,1569585600000,1.6058,1.619,1.594,1.5995,116715.37,1569589199999,187620.176716,673
LINKUSDT,1569589200000,1.6007,1.6083,1.5871,1.5905,127987.64,1569592799999,204416.516719,695
LINKUSDT,1569592800000,1.5905,1.6139,1.5753,1.5844,280133.15,1569596399999,446192.068106,1247
LINKUSDT,1569596400000,1.5871,1.5952,1.5573,1.5879,420594.11,1569599999999,662096.202247,1609
LINKUSDT,1569600000000,1.5908,1.6225,1.5723,1.61,265961.7,1569603599999,425956.4581,1203
LINKUSDT,1569603600000,1.6084,1.624,1.5968,1.621,203726.38,1569607199999,328548.29181,826
LINKUSDT,1569607200000,1.6226,1.6233,1.6078,1.6112,73572.62,1569610799999,118955.820793,433
LINKUSDT,1569610800000,1.6107,1.6201,1.6008,1.6054,78511.18,1569614399999,126308.743518,437
LINKUSDT,1569614400000,1.6049,1.6435,1.6017,1.6401,143378.9,1569617999999,233346.045266,754
LINKUSDT,1569618000000,1.6404,1.6786,1.6326,1.6563,243728.66,1569621599999,403808.124054,1182
LINKUSDT,1569621600000,1.6582,1.6703,1.6362,1.6393,204283.96,1569625199999,337709.95613,826
LINKUSDT,1569625200000,1.6386,1.6661,1.6351,1.659,142129.49,1569628799999,234751.374504,723
LINKUSDT,1569628800000,1.6593,1.6651,1.6506,1.6604,69792.3,1569632399999,115764.78433,384
LINKUSDT,1569632400000,1.6587,1.664,1.654,1.66,72740.22,1569635999999,120727.238066,338
LINKUSDT,1569636000000,1.6613,1.666,1.6506,1.6607,93935.32,1569639599999,155817.783707,359
LINKUSDT,1569639600000,1.6605,1.6666,1.6547,1.6648,37842.6,1569643199999,62884.571224,230
LINKUSDT,1569643200000,1.666,1.6705,1.6638,1.6705,27328.38,1569646799999,45584.96516,154
LINKUSDT,1569646800000,1.6691,1.6949,1.6678,1.6841,144728.13,1569650399999,243477.742461,697
LINKUSDT,1569650400000,1.6841,1.6918,1.675,1.6781,61123.56,1569653999999,102833.237823,314
LINKUSDT,1569654000000,1.6774,1.6974,1.6774,1.6967,51005.26,1569657599999,86262.092541,345
LINKUSDT,1569657600000,1.6948,1.6968,1.6729,1.676,77404.89,1569661199999,130380.478228,501
LINKUSDT,1569661200000,1.676,1.6833,1.6719,1.6815,41672.85,1569664799999,69880.840481,279
LINKUSDT,1569664800000,1.6826,1.6891,1.6537,1.6696,129986.34,1569668399999,216710.202088,786
LINKUSDT,1569668400000,1.6694,1.6757,1.651,1.6523,158723.58,1569671999999,263613.797691,621
LINKUSDT,1569672000000,1.6511,1.6522,1.6355,1.6427,110508.37,1569675599999,181771.709807,749
LINKUSDT,1569675600000,1.642,1.6609,1.6385,1.6571,55508.87,1569679199999,91695.450072,410
LINKUSDT,1569679200000,1.6575,1.6583,1.6481,1.6515,90850.79,1569682799999,150326.529777,289
LINKUSDT,1569682800000,1.6508,1.6536,1.6284,1.6478,188810.75,1569686399999,309969.258924,930
LINKUSDT,1569686400000,1.6479,1.6771,1.6379,1.6673,211551.97,1569689999999,351807.310024,1234
LINKUSDT,1569690000000,1.6683,1.6867,1.66,1.6849,154917.12,1569693599999,258831.98284,727
LINKUSDT,1569693600000,1.6835,1.6953,1.6789,1.6874,96391.73,1569697199999,162713.569737,553
LINKUSDT,1569697200000,1.6878,1.6899,1.6649,1.6814,105898.15,1569700799999,177385.43854,516
LINKUSDT,1569700800000,1.6813,1.69,1.6689,1.6881,60046.55,1569704399999,100854.637928,325
LINKUSDT,1569704400000,1.6849,1.685,1.6707,1.6707,74861.99,1569707999999,125449.630352,279
LINKUSDT,1569708000000,1.6704,1.7017,1.6593,1.6732,237506.23,1569711599999,398606.010029,1263
LINKUSDT,1569711600000,1.6739,1.6833,1.6701,1.6742,25633.24,1569715199999,42992.063043,208
LINKUSDT,1569715200000,1.6748,1.715,1.6748,1.715,181048.26,1569718799999,307712.357685,1043
LINKUSDT,1569718800000,1.7149,1.7469,1.7133,1.7447,230049.78,1569722399999,397521.305972,1137
LINKUSDT,1569722400000,1.7448,1.7492,1.7243,1.7269,226628.94,1569725999999,394008.910009,1085
LINKUSDT,1569726000000,1.7266,1.7354,1.7031,1.7078,122132.28,1569729599999,209973.799823,829
LINKUSDT,1569729600000,1.7073,1.7198,1.697,1.7022,108759.41,1569733199999,185564.024286,752
LINKUSDT,1569733200000,1.7022,1.7164,1.6921,1.7117,77154.3,1569736799999,131622.674526,491
LINKUSDT,1569736800000,1.7117,1.7119,1.6996,1.7016,40607.91,1569740399999,69224.287601,307
LINKUSDT,1569740400000,1.7021,1.7218,1.6969,1.7036,96904.35,1569743999999,165579.04325,575
LINKUSDT,1569744000000,1.7059,1.7356,1.705,1.7126,141575.23,1569747599999,244005.14766,805
LINKUSDT,1569747600000,1.7133,1.7389,1.7042,1.718,154753.55,1569751199999,266415.353414,962
LINKUSDT,1569751200000,1.718,1.727,1.7061,1.7205,115508.14,1569754799999,198278.600291,617
LINKUSDT,1569754800000,1.7204,1.7205,1.6923,1.697,251494.12,1569758399999,430102.457441,903
LINKUSDT,1569758400000,1.6971,1.704,1.6441,1.6764,365806.55,1569761999999,611877.973178,1716
LINKUSDT,1569762000000,1.6747,1.68,1.66,1.6729,61739.56,1569765599999,103055.046602,513
LINKUSDT,1569765600000,1.6726,1.6781,1.65,1.6599,104702.56,1569769199999,174423.836519,635
LINKUSDT,1569769200000,1.661,1.7,1.661,1.6852,209315.13,1569772799999,351425.264552,1399
LINKUSDT,1569772800000,1.6874,1.7109,1.674,1.7071,161819.88,1569776399999,274821.956711,1268
LINKUSDT,1569776400000,1.7071,1.7071,1.693,1.6987,58019.23,1569779999999,98663.513274,344
LINKUSDT,1569780000000,1.6988,1.711,1.672,1.6919,171000.16,1569783599999,289273.60116,967
LINKUSDT,1569783600000,1.6908,1.697,1.6739,1.6935,142328.23,1569787199999,239497.521184,757
LINKUSDT,1569787200000,1.6921,1.6923,1.6817,1.6874,46639.58,1569790799999,78690.284021,366
LINKUSDT,1569790800000,1.688,1.7145,1.6861,1.714,121670.21,1569794399999,206654.846405,598
LINKUSDT,1569794400000,1.713,1.725,1.6991,1.7102,79766.55,1569797999999,136700.744871,585
LINKUSDT,1569798000000,1.7102,1.7175,1.6975,1.7002,38008.16,1569801599999,64920.867912,302
LINKUSDT,1569801600000,1.7004,1.7063,1.69,1.6938,110207.16,1569805199999,186682.778216,483
LINKUSDT,1569805200000,1.6925,1.6995,1.69,1.6995,43612.85,1569808799999,73870.808434,241
LINKUSDT,1569808800000,1.6995,1.7138,1.6979,1.7063,95445.51,1569812399999,162745.381796,561
LINKUSDT,1569812400000,1.7061,1.7181,1.69,1.7,184914.51,1569815999999,314798.07063,656
LINKUSDT,1569816000000,1.6987,1.7013,1.6404,1.6532,466218.88,1569819599999,779028.284479,1846
LINKUSDT,1569819600000,1.6535,1.6672,1.6515,1.6597,166278.34,1569823199999,275933.768036,648
LINKUSDT,1569823200000,1.6588,1.6657,1.6525,1.6561,64515.69,1569826799999,107090.634695,398
LINKUSDT,1569826800000,1.6574,1.6637,1.6497,1.6552,72470.72,1569830399999,119920.47993,368
LINKUSDT,1569830400000,1.6558,1.6723,1.6515,1.6674,63317.57,1569833999999,105395.283988,427
LINKUSDT,1569834000000,1.6691,1.7014,1.6612,1.7007,179340.81,1569837599999,302322.28781,946
LINKUSDT,1569837600000,1.6986,1.715,1.6749,1.6957,217171.42,1569841199999,367934.795661,1067
LINKUSDT,1569841200000,1.6965,1.7022,1.6856,1.6927,90372.41,1569844799999,153097.694476,546
LINKUSDT,1569844800000,1.6945,1.7,1.6856,1.6901,84424.47,1569848399999,142824.603037,374
LINKUSDT,1569848400000,1.6901,1.7121,1.6865,1.708,131983.53,1569851999999,224579.047792,730
LINKUSDT,1569852000000,1.7086,1.72,1.6904,1.7107,144091.43,1569855599999,245541.902107,850
LINKUSDT,1569855600000,1.7112,1.7395,1.7085,1.7285,298559.75,1569859199999,515540.903689,1507
LINKUSDT,1569859200000,1.7302,1.7476,1.7084,1.7238,229087.67,1569862799999,396034.988894,1042
LINKUSDT,1569862800000,1.7228,1.731,1.6991,1.7212,127570.4,1569866399999,218266.769971,705
LINKUSDT,1569866400000,1.7222,1.7442,1.7222,1.7419,127894.79,1569869999999,221635.794355,708
LINKUSDT,1569870000000,1.7409,1.755,1.7319,1.741,165776.64,1569873599999,289124.78786,981
LINKUSDT,1569873600000,1.7398,1.7423,1.7193,1.7265,77273.93,1569877199999,133316.20803,527
LINKUSDT,1569877200000,1.7254,1.7438,1.7206,1.7365,110338.24,1569880799999,190792.672862,628
LINKUSDT,1569880800000,1.7363,1.7492,1.7338,1.746,98854.35,1569884399999,172245.373271,480
LINKUSDT,1569884400000,1.7472,1.769,1.7445,1.7677,223829.76,1569887999999,393227.495231,876
LINKUSDT,1569888000000,1.7677,1.7693,1.7533,1.7588,147264.9,1569891599999,259238.132062,640
LINKUSDT,1569891600000,1.7588,1.7865,1.7522,1.7856,132370.15,1569895199999,234213.773486,717
LINKUSDT,1569895200000,1.785,1.7913,1.7719,1.7879,194685.81,1569898799999,347284.875977,1031
LINKUSDT,1569898800000,1.7894,1.82,1.7793,1.7916,202821.63,1569902399999,364573.148673,1371
LINKUSDT,1569902400000,1.7916,1.8128,1.7916,1.8023,105460.62,1569905999999,190040.59247,690
LINKUSDT,1569906000000,1.8033,1.8169,1.7865,1.7961,194614.41,1569909599999,350962.743116,937
LINKUSDT,1569909600000,1.7962,1.8037,1.7729,1.781,142223.79,1569913199999,254322.343215,753
LINKUSDT,1569913200000,1.781,1.7974,1.762,1.7902,127695.51,1569916799999,226909.239068,772
LINKUSDT,1569916800000,1.7916,1.7997,1.7751,1.7894,121425.34,1569920399999,216943.481098,662
LINKUSDT,1569920400000,1.7894,1.7912,1.77,1.7778,99512.16,1569923999999,176913.474348,599
LINKUSDT,1569924000000,1.777,1.7927,1.7767,1.7808,49173.65,1569927599999,87683.387309,376
LINKUSDT,1569927600000,1.7808,1.7887,1.7789,1.7879,35181.0,1569931199999,62758.817684,301
LINKUSDT,1569931200000,1.7872,1.8145,1.7869,1.799,281384.48,1569934799999,508296.243035,1388
LINKUSDT,1569934800000,1.7979,1.82,1.7808,1.8058,160752.76,1569938399999,290135.982765,975
LINKUSDT,1569938400000,1.8058,1.8167,1.792,1.7979,114620.66,1569941999999,206904.113688,717
LINKUSDT,1569942000000,1.7979,1.8488,1.7932,1.8434,288052.79,1569945599999,523919.588021,1583
LINKUSDT,1569945600000,1.8435,1.882,1.8395,1.8652,530776.94,1569949199999,990127.174763,2846
LINKUSDT,1569949200000,1.8649,1.865,1.8155,1.8241,305297.56,1569952799999,561937.451516,1658
LINKUSDT,1569952800000,1.8247,1.8592,1.8187,1.8539,155955.35,1569956399999,287438.903668,1045
LINKUSDT,1569956400000,1.853,1.853,1.8281,1.8506,156484.75,1569959999999,287454.750542,952
LINKUSDT,1569960000000,1.8514,1.87,1.8426,1.8679,143607.94,1569963599999,266361.893227,788
LINKUSDT,1569963600000,1.869,1.8769,1.8411,1.8468,120486.93,1569967199999,224326.540495,763
LINKUSDT,1569967200000,1.8462,1.8622,1.8355,1.8487,132032.46,1569970799999,244118.734675,761
LINKUSDT,1569970800000,1.8506,1.8547,1.821,1.8286,142235.45,1569974399999,261133.937931,880
LINKUSDT,1569974400000,1.8285,1.8405,1.8121,1.8369,172434.27,1569977999999,314436.107416,813
LINKUSDT,1569978000000,1.837,1.8441,1.823,1.824,134830.35,1569981599999,247502.240966,653
LINKUSDT,1569981600000,1.824,1.8525,1.8202,1.8414,136923.81,1569985199999,251751.342946,821
LINKUSDT,1569985200000,1.8398,1.8682,1.8332,1.8566,190439.98,1569988799999,352875.223982,1046
LINKUSDT,1569988800000,1.8569,1.8586,1.8327,1.8538,173337.59,1569992399999,319748.803417,872
LINKUSDT,1569992400000,1.8531,1.8679,1.8304,1.8397,192860.38,1569995999999,356249.602424,1117
LINKUSDT,1569996000000,1.839,1.86,1.8349,1.8587,134352.99,1569999599999,248279.01652,576
LINKUSDT,1569999600000,1.8587,1.8907,1.8587,1.8862,342886.17,1570003199999,643887.536405,1420
LINKUSDT,1570003200000,1.8862,1.9331,1.8848,1.9101,604050.49,1570006799999,1156497.62986,2481
LINKUSDT,1570006800000,1.9115,1.95,1.9014,1.9368,397183.83,1570010399999,767031.40361,2012
LINKUSDT,1570010400000,1.9369,1.9549,1.9223,1.9345,351151.43,1570013999999,680322.394375,1740
LINKUSDT,1570014000000,1.9358,1.9399,1.9089,1.927,273431.59,1570017599999,525757.954392,1638
LINKUSDT,1570017600000,1.9285,1.94,1.9005,1.9133,206040.63,1570021199999,394804.537133,1194
LINKUSDT,1570021200000,1.9133,1.9339,1.909,1.9169,161988.79,1570024799999,311258.192312,1008
LINKUSDT,1570024800000,1.9169,1.9295,1.8999,1.9256,208761.75,1570028399999,399018.200373,1135
LINKUSDT,1570028400000,1.9277,1.964,1.9185,1.95,451364.67,1570031999999,875103.580999,1807
LINKUSDT,1570032000000,1.9499,1.9635,1.93,1.9447,215409.49,1570035599999,420449.346604,1211
LINKUSDT,1570035600000,1.9442,1.95,1.9249,1.947,177474.81,1570039199999,344016.684841,1015
LINKUSDT,1570039200000,1.9464,1.9655,1.9349,1.9642,146106.9,1570042799999,284689.267531,869
LINKUSDT,1570042800000,1.9643,1.9729,1.9498,1.9698,164410.17,1570046399999,322482.615422,1002
LINKUSDT,1570046400000,1.9692,1.9899,1.965,1.9678,255625.37,1570049999999,505707.24607,1398
LINKUSDT,1570050000000,1.9678,1.98,1.9541,1.9745,124690.78,1570053599999,245227.048029,801
LINKUSDT,1570053600000,1.9748,1.9826,1.9613,1.9729,164873.05,1570057199999,325208.677615,779
LINKUSDT,1570057200000,1.9728,2.0233,1.9728,2.011,409918.05,1570060799999,819942.378599,1811
LINKUSDT,1570060800000,2.0134,2.0338,1.9867,1.9874,361805.02,1570064399999,727773.528496,1715
LINKUSDT,1570064400000,1.9871,2.0031,1.97,1.9816,184198.13,1570067999999,365978.10416,1033
LINKUSDT,1570068000000,1.9817,1.9844,1.9505,1.976,292960.22,1570071599999,575746.562651,1406
LINKUSDT,1570071600000,1.976,1.983,1.9642,1.977,104859.91,1570075199999,207003.903141,671
LINKUSDT,1570075200000,1.9762,1.9961,1.9652,1.99,167901.27,1570078799999,332796.780055,902
LINKUSDT,1570078800000,1.99,2.015,1.9866,1.9874,238144.11,1570082399999,476563.137504,1308
LINKUSDT,1570082400000,1.9873,1.9955,1.9616,1.9655,245679.03,1570085999999,485235.987353,1050
LINKUSDT,1570086000000,1.9648,1.9778,1.9602,1.9761,136915.71,1570089599999,269566.525712,685
LINKUSDT,1570089600000,1.976,2.0007,1.9731,1.9903,272619.23,1570093199999,542198.388001,1118
LINKUSDT,1570093200000,1.9903,1.9955,1.9765,1.9953,91470.4,1570096799999,181626.617219,556
LINKUSDT,1570096800000,1.9953,2.0084,1.9775,1.9922,331011.11,1570100399999,660967.256979,1313
LINKUSDT,1570100400000,1.9916,2.0,1.9869,1.9886,137143.16,1570103999999,273005.456909,613
LINKUSDT,1570104000000,1.9899,1.9949,1.9725,1.9725,149530.85,1570107599999,296805.743351,857
LINKUSDT,1570107600000,1.9725,1.9882,1.9651,1.9817,232867.88,1570111199999,460436.635775,1051
LINKUSDT,1570111200000,1.9805,1.9809,1.88,1.9015,1333876.92,1570114799999,2561337.693574,5151
LINKUSDT,1570114800000,1.9011,1.9602,1.8861,1.9569,595577.28,1570118399999,1148651.224116,2685
LINKUSDT,1570118400000,1.9555,1.996,1.9485,1.9787,473498.84,1570121999999,935737.401452,2078
LINKUSDT,1570122000000,1.9787,1.9866,1.9449,1.9657,346511.56,1570125599999,681092.819719,1488
LINKUSDT,1570125600000,1.966,1.966,1.9383,1.9548,168096.24,1570129199999,327945.776665,869
LINKUSDT,1570129200000,1.9546,1.9546,1.9155,1.936,323075.01,1570132799999,624777.203486,1380
LINKUSDT,1570132800000,1.9359,1.9386,1.91,1.9366,216423.92,1570136399999,416195.03289,1174
LINKUSDT,1570136400000,1.936,1.9601,1.91,1.9476,243743.76,1570139999999,472548.205027,1244
LINKUSDT,1570140000000,1.9494,1.9668,1.933,1.9609,214849.09,1570143599999,419146.914554,968
LINKUSDT,1570143600000,1.9609,1.97,1.9441,1.9442,150621.58,1570147199999,294869.196537,771
LINKUSDT,1570147200000,1.9443,1.9483,1.9221,1.9321,122901.58,1570150799999,237421.186703,708
LINKUSDT,1570150800000,1.9328,1.953,1.9212,1.9346,133805.63,1570154399999,259406.228765,901
LINKUSDT,1570154400000,1.936,1.9457,1.9245,1.9247,68418.53,1570157999999,132487.547665,402
LINKUSDT,1570158000000,1.9246,1.9398,1.8971,1.8984,366690.65,1570161599999,702439.532428,1512
LINKUSDT,1570161600000,1.8972,1.9093,1.89,1.89,179384.68,1570165199999,341028.192825,764
LINKUSDT,1570165200000,1.8905,1.916,1.888,1.9102,323362.96,1570168799999,615038.115357,1208
LINKUSDT,1570168800000,1.911,1.9215,1.9027,1.9084,71540.77,1570172399999,136753.954342,559
LINKUSDT,1570172400000,1.9073,1.9228,1.9054,1.9218,61441.48,1570175999999,117620.94979,357
LINKUSDT,1570176000000,1.9204,1.9299,1.9094,1.9136,88366.43,1570179599999,169895.846561,567
LINKUSDT,1570179600000,1.9147,1.9229,1.9039,1.91,98092.31,1570183199999,187405.781512,600
LINKUSDT,1570183200000,1.9111,1.93,1.9066,1.9238,86979.75,1570186799999,167255.704009,676
LINKUSDT,1570186800000,1.924,1.9283,1.898,1.92,165728.42,1570190399999,316649.804667,948
LINKUSDT,1570190400000,1.9203,1.9248,1.9067,1.9124,77758.08,1570193999999,148976.170785,444
LINKUSDT,1570194000000,1.9113,1.9284,1.908,1.9261,99454.86,1570197599999,190747.208468,470
LINKUSDT,1570197600000,1.9262,1.9579,1.9262,1.9576,269469.1,1570201199999,523370.571361,1252
LINKUSDT,1570201200000,1.9567,1.9658,1.935,1.9622,250522.19,1570204799999,489139.834112,1121
LINKUSDT,1570204800000,1.9608,1.966,1.9485,1.9539,177944.76,1570208399999,348104.653961,833
LINKUSDT,1570208400000,1.9539,1.9539,1.9305,1.9449,159887.69,1570211999999,310602.854763,893
LINKUSDT,1570212000000,1.9457,1.966,1.942,1.9587,111717.51,1570215599999,218517.442835,572
LINKUSDT,1570215600000,1.9596,1.9622,1.9448,1.9512,101634.95,1570219199999,198626.383009,477
LINKUSDT,1570219200000,1.9521,1.9675,1.9517,1.9628,70076.51,1570222799999,137426.717599,510
LINKUSDT,1570222800000,1.96,1.986,1.954,1.986,115329.47,1570226399999,227751.353164,717
LINKUSDT,1570226400000,1.9865,1.9949,1.9792,1.9843,136642.36,1570229999999,271557.147355,819
LINKUSDT,1570230000000,1.9843,1.9915,1.965,1.9663,84986.94,1570233599999,168045.253585,582
LINKUSDT,1570233600000,1.9663,1.974,1.9464,1.9626,119274.37,1570237199999,233762.679915,706
LINKUSDT,1570237200000,1.9627,1.9627,1.9415,1.9533,82880.69,1570240799999,161757.761933,470
LINKUSDT,1570240800000,1.9514,1.9645,1.9378,1.9607,79841.15,1570244399999,155916.340435,436
LINKUSDT,1570244400000,1.9594,1.9728,1.9491,1.966,136005.95,1570247999999,266891.45118,592
LINKUSDT,1570248000000,1.9665,1.9719,1.9591,1.9687,37533.45,1570251599999,73802.806146,281
LINKUSDT,1570251600000,1.9687,1.9775,1.9544,1.9594,63896.36,1570255199999,125527.799723,384
LINKUSDT,1570255200000,1.9595,1.9658,1.95,1.9645,57771.52,1570258799999,113108.408897,368
LINKUSDT,1570258800000,1.9645,1.9649,1.946,1.9574,118455.33,1570262399999,231864.855931,546
LINKUSDT,1570262400000,1.9575,1.9652,1.9411,1.9497,100902.84,1570265999999,196519.884469,596
LINKUSDT,1570266000000,1.9479,1.9517,1.9213,1.923,136420.67,1570269599999,263844.416864,846
LINKUSDT,1570269600000,1.9274,1.9411,1.9216,1.9311,77264.44,1570273199999,149115.859671,474
LINKUSDT,1570273200000,1.9313,1.9353,1.9215,1.9239,58670.4,1570276799999,113034.244285,403
LINKUSDT,1570276800000,1.9239,1.9262,1.9142,1.9197,90016.61,1570280399999,172813.433794,534
LINKUSDT,1570280400000,1.9197,1.9406,1.9113,1.9352,156539.1,1570283999999,300777.998389,831
LINKUSDT,1570284000000,1.9362,1.9387,1.9269,1.927,45385.96,1570287599999,87766.825114,347
LINKUSDT,1570287600000,1.927,1.9507,1.9217,1.9469,85533.72,1570291199999,165585.287092,501
LINKUSDT,1570291200000,1.9461,1.9622,1.9382,1.9561,167333.86,1570294799999,326566.672719,887
LINKUSDT,1570294800000,1.9562,1.9568,1.945,1.945,64499.18,1570298399999,125625.825664,374
LINKUSDT,1570298400000,1.945,1.9574,1.945,1.9498,61416.09,1570301999999,119813.445142,319
LINKUSDT,1570302000000,1.9518,1.9613,1.945,1.955,81524.15,1570305599999,159124.361953,388
LINKUSDT,1570305600000,1.9549,1.9618,1.945,1.9583,100303.68,1570309199999,195927.795291,443
LINKUSDT,1570309200000,1.9571,1.976,1.9561,1.9688,163628.86,1570312799999,321901.356506,735
LINKUSDT,1570312800000,1.9686,1.9759,1.9563,1.9636,116435.62,1570316399999,228638.446002,576
LINKUSDT,1570316400000,1.9623,1.9649,1.9567,1.9624,32126.2,1570319999999,63018.804132,215
LINKUSDT,1570320000000,1.9624,1.9764,1.9587,1.9736,49858.01,1570323599999,98025.934104,361
LINKUSDT,1570323600000,1.9736,1.9858,1.96,1.9628,115634.01,1570327199999,228599.336467,812
LINKUSDT,1570327200000,1.9613,1.9777,1.9531,1.9726,90090.21,1570330799999,176975.900728,590
LINKUSDT,1570330800000,1.9726,1.976,1.9652,1.9693,40965.84,1570334399999,80693.927107,211
LINKUSDT,1570334400000,1.9687,1.9791,1.9645,1.9789,36194.81,1570337999999,71338.016242,280
LINKUSDT,1570338000000,1.9788,2.01,1.9774,2.0095,272267.5,1570341599999,543729.164896,1421
LINKUSDT,1570341600000,2.0085,2.021,1.9674,1.9793,275436.84,1570345199999,549993.857938,1586
LINKUSDT,1570345200000,1.9793,1.99,1.9687,1.9814,174467.95,1570348799999,344949.071721,894
LINKUSDT,1570348800000,1.9803,1.99,1.963,1.9669,171037.36,1570352399999,338239.35085,939
LINKUSDT,1570352400000,1.968,1.9774,1.9658,1.9746,155414.55,1570355999999,306537.764741,755
LINKUSDT,1570356000000,1.9758,1.99,1.9723,1.9891,116693.99,1570359599999,230981.273564,486
LINKUSDT,1570359600000,1.99,2.0638,1.9827,2.0603,731816.51,1570363199999,1486990.244711,2890
LINKUSDT,1570363200000,2.0614,2.1455,2.0457,2.1061,1127455.53,1570366799999,2367939.973788,4602
LINKUSDT,1570366800000,2.107,2.118,2.0746,2.0791,494683.15,1570370399999,1036663.593255,2569
LINKUSDT,1570370400000,2.0754,2.1277,2.0609,2.1091,501657.33,1570373999999,1049215.804012,2672
LINKUSDT,1570374000000,2.1098,2.1401,2.0985,2.1213,495880.26,1570377599999,1052957.78124,2472
LINKUSDT,1570377600000,2.1217,2.1885,2.116,2.1644,471439.3,1570381199999,1011235.705372,2198
LINKUSDT,1570381200000,2.1644,2.2659,2.1631,2.2032,1322326.07,1570384799999,2927068.560265,6582
LINKUSDT,1570384800000,2.2031,2.25,2.1412,2.1789,1222667.58,1570388399999,2677148.252936,5416
LINKUSDT,1570388400000,2.1744,2.24,2.1722,2.198,763814.06,1570391999999,1689878.76757,3331
LINKUSDT,1570392000000,2.1968,2.2055,2.1624,2.1805,463781.96,1570395599999,1012199.010045,2092
LINKUSDT,1570395600000,2.1805,2.2073,2.1791,2.1914,116433.26,1570399199999,255095.882787,879
LINKUSDT,1570399200000,2.1913,2.2029,2.1639,2.1653,155133.54,1570402799999,339029.249229,1061
LINKUSDT,1570402800000,2.1638,2.1946,2.1452,2.1669,413049.04,1570406399999,893914.033289,1993
LINKUSDT,1570406400000,2.1669,2.1695,2.0971,2.1368,565040.56,1570409999999,1202225.580012,2740
LINKUSDT,1570410000000,2.1353,2.1466,2.1,2.1232,308272.98,1570413599999,654264.401095,1520
LINKUSDT,1570413600000,2.1232,2.165,2.1102,2.154,247209.62,1570417199999,529619.237056,1526
LINKUSDT,1570417200000,2.1541,2.2013,2.154,2.1748,368918.35,1570420799999,805680.181153,2031
LINKUSDT,1570420800000,2.1744,2.1921,2.1585,2.1607,103347.99,1570424399999,224812.437973,773
LINKUSDT,1570424400000,2.1623,2.1879,2.1562,2.1814,228291.6,1570427999999,496233.969906,1175
LINKUSDT,1570428000000,2.1837,2.1863,2.1525,2.1679,207132.88,1570431599999,449248.333246,1172
LINKUSDT,1570431600000,2.165,2.18,2.1608,2.1701,154546.78,1570435199999,335640.380149,710
LINKUSDT,1570435200000,2.1711,2.225,2.1711,2.22,521159.74,1570438799999,1146146.60935,2163
LINKUSDT,1570438800000,2.2191,2.2463,2.2025,2.2424,282311.05,1570442399999,627293.572974,1593
LINKUSDT,1570442400000,2.2423,2.2691,2.2317,2.258,591551.96,1570445999999,1333208.635788,2639
LINKUSDT,1570446000000,2.258,2.265,2.2249,2.2345,440949.57,1570449599999,989484.079943,1722
LINKUSDT,1570449600000,2.2345,2.2989,2.2336,2.2953,581171.47,1570453199999,1322915.790446,2733
LINKUSDT,1570453200000,2.2967,2.3915,2.2958,2.3636,1462960.76,1570456799999,3429669.58585,6386
LINKUSDT,1570456800000,2.3649,2.3866,2.3343,2.3791,614817.36,1570460399999,1450563.708445,2762
LINKUSDT,1570460400000,2.3789,2.487,2.3708,2.45,1330541.01,1570463999999,3251738.408357,6962
LINKUSDT,1570464000000,2.4516,2.4899,2.4023,2.453,1235022.75,1570467599999,3024351.461225,5891
LINKUSDT,1570467600000,2.4528,2.4672,2.4182,2.4304,686339.57,1570471199999,1675270.625357,3324
LINKUSDT,1570471200000,2.4301,2.4371,2.3725,2.4236,996015.52,1570474799999,2393140.449199,4435
LINKUSDT,1570474800000,2.4225,2.4258,2.3408,2.3782,805903.53,1570478399999,1922326.295814,3678
LINKUSDT,1570478400000,2.3791,2.3915,2.3478,2.3668,355350.43,1570481999999,841023.45408,1900
LINKUSDT,1570482000000,2.3657,2.4085,2.3657,2.4025,312532.51,1570485599999,747235.437272,1878
LINKUSDT,1570485600000,2.4025,2.4144,2.3678,2.3916,178674.77,1570489199999,427120.078497,1369
LINKUSDT,1570489200000,2.3918,2.4197,2.3821,2.3963,217719.91,1570492799999,522578.806796,1430
LINKUSDT,1570492800000,2.3963,2.4255,2.3796,2.4062,395083.24,1570496399999,949577.774686,1780
LINKUSDT,1570496400000,2.4051,2.4098,2.3571,2.3755,426123.76,1570499999999,1012935.72368,2213
LINKUSDT,1570500000000,2.3763,2.3797,2.3123,2.348,617623.93,1570503599999,1445808.771313,3361
LINKUSDT,1570503600000,2.3476,2.3685,2.323,2.3408,374527.79,1570507199999,877291.08243,2120
LINKUSDT,1570507200000,2.3433,2.3687,2.3408,2.3443,273505.8,1570510799999,644539.9702,1416
LINKUSDT,1570510800000,2.3444,2.3599,2.3267,2.3447,245887.15,1570514399999,575669.892215,1450
LINKUSDT,1570514400000,2.3447,2.36,2.285,2.287,566735.22,1570517999999,1314117.055372,2458
LINKUSDT,1570518000000,2.2893,2.3196,2.268,2.309,509743.82,1570521599999,1168263.384634,2737
LINKUSDT,1570521600000,2.3093,2.3362,2.273,2.315,406346.82,1570525199999,936014.855379,2179
LINKUSDT,1570525200000,2.3177,2.322,2.2953,2.306,114592.66,1570528799999,264438.828332,841
LINKUSDT,1570528800000,2.3093,2.3495,2.3093,2.336,330079.36,1570532399999,769903.894291,2053
LINKUSDT,1570532400000,2.3354,2.5999,2.3354,2.5999,2370796.76,1570535999999,5867610.276147,11148
LINKUSDT,1570536000000,2.5999,2.65,2.505,2.54,2599287.53,1570539599999,6670142.504645,11677
LINKUSDT,1570539600000,2.5418,2.5687,2.481,2.566,1118880.59,1570543199999,2819114.090129,5406
LINKUSDT,1570543200000,2.5632,2.5961,2.5077,2.5528,1207229.83,1570546799999,3079529.515289,5816
LINKUSDT,1570546800000,2.5568,2.625,2.5368,2.5675,1065192.74,1570550399999,2760984.776515,5359
LINKUSDT,1570550400000,2.57,2.5781,2.5254,2.5474,556500.41,1570553999999,1416792.370521,2973
LINKUSDT,1570554000000,2.5493,2.5545,2.5,2.5047,542995.65,1570557599999,1368037.399376,2696
LINKUSDT,1570557600000,2.5046,2.5587,2.5042,2.5271,465610.1,1570561199999,1180066.105266,2609
LINKUSDT,1570561200000,2.5277,2.5489,2.527,2.5428,191591.63,1570564799999,485945.514134,1176
LINKUSDT,1570564800000,2.5387,2.5526,2.475,2.4854,493386.11,1570568399999,1239838.841035,2591
LINKUSDT,1570568400000,2.4874,2.5221,2.476,2.4896,335470.58,1570571999999,837345.912976,2111
LINKUSDT,1570572000000,2.489,2.5441,2.4861,2.5164,455941.86,1570575599999,1149705.616339,2321
LINKUSDT,1570575600000,2.5199,2.585,2.5199,2.5765,433325.75,1570579199999,1107392.57946,2250
LINKUSDT,1570579200000,2.577,2.62,2.5679,2.5869,544635.14,1570582799999,1413037.689087,3218
LINKUSDT,1570582800000,2.5869,2.5915,2.5404,2.5468,416976.52,1570586399999,1067633.84839,2279
LINKUSDT,1570586400000,2.546,2.5837,2.501,2.5784,609955.38,1570589999999,1546937.965521,3184
LINKUSDT,1570590000000,2.5749,2.594,2.5468,2.5703,387958.48,1570593599999,997240.087881,2108
LINKUSDT,1570593600000,2.5672,2.5978,2.5669,2.5833,268167.98,1570597199999,693545.564015,1590
LINKUSDT,1570597200000,2.5832,2.7185,2.5614,2.6875,1078515.92,1570600799999,2863683.599967,5078
LINKUSDT,1570600800000,2.6873,2.72,2.6543,2.667,845236.65,1570604399999,2267573.275432,4323
LINKUSDT,1570604400000,2.6674,2.7141,2.6288,2.6866,723609.03,1570607999999,1932704.986308,3524
LINKUSDT,1570608000000,2.6866,2.7113,2.6589,2.6828,480026.25,1570611599999,1289168.26943,2674
LINKUSDT,1570611600000,2.6837,2.79,2.6829,2.7586,1135555.15,1570615199999,3115906.830601,5320
LINKUSDT,1570615200000,2.7586,2.95,2.7377,2.8502,1928249.03,1570618799999,5507520.45449,9591
LINKUSDT,1570618800000,2.8585,2.9032,2.8009,2.8709,1905907.87,1570622399999,5439963.23999,8467
LINKUSDT,1570622400000,2.8709,2.9049,2.8204,2.8949,835258.29,1570625999999,2391577.658341,4589
LINKUSDT,1570626000000,2.8949,2.911,2.8356,2.88,654649.75,1570629599999,1876359.032378,3872
LINKUSDT,1570629600000,2.88,2.889,2.62,2.648,2714473.96,1570633199999,7415523.516281,13211
LINKUSDT,1570633200000,2.648,2.7894,2.6091,2.7585,2115361.8,1570636799999,5706274.708058,10338
LINKUSDT,1570636800000,2.7585,2.86,2.72,2.7836,1624708.94,1570640399999,4549695.692698,8028
LINKUSDT,1570640400000,2.7838,2.7935,2.73,2.7303,692700.46,1570643999999,1915080.580009,4007
LINKUSDT,1570644000000,2.7319,2.78,2.7212,2.7791,474147.86,1570647599999,1302462.869223,3175
LINKUSDT,1570647600000,2.7796,2.78,2.7385,2.7565,309504.21,1570651199999,854350.330708,2045
LINKUSDT,1570651200000,2.7577,2.8333,2.7556,2.8155,651286.39,1570654799999,1827242.165297,4154
LINKUSDT,1570654800000,2.8183,2.8699,2.8095,2.8626,419775.61,1570658399999,1193414.879012,2610
LINKUSDT,1570658400000,2.8626,2.89,2.7864,2.8131,612841.21,1570661999999,1735944.381599,3686
LINKUSDT,1570662000000,2.8142,2.83,2.7838,2.8011,362882.2,1570665599999,1017669.868372,2242
LINKUSDT,1570665600000,2.7977,2.8055,2.7466,2.79,417473.98,1570669199999,1159379.153557,2292
LINKUSDT,1570669200000,2.79,2.8058,2.7221,2.7289,495513.67,1570672799999,1367581.895488,2565
LINKUSDT,1570672800000,2.7327,2.785,2.653,2.6754,892045.94,1570676399999,2428954.915722,4604
LINKUSDT,1570676400000,2.6763,2.6891,2.6303,2.6422,704741.96,1570679999999,1874561.071144,3624
LINKUSDT,1570680000000,2.6401,2.7184,2.6384,2.7179,435026.27,1570683599999,1167446.54088,2557
LINKUSDT,1570683600000,2.7178,2.7831,2.713,2.7314,470996.36,1570687199999,1294869.864506,2644
LINKUSDT,1570687200000,2.7315,2.7526,2.6642,2.6849,376460.58,1570690799999,1017889.608635,2197
LINKUSDT,1570690800000,2.6831,2.7442,2.6792,2.6983,599276.3,1570694399999,1624444.929684,3140
LINKUSDT,1570694400000,2.6997,2.7,2.581,2.6069,1140355.13,1570697999999,2994115.876814,4973
LINKUSDT,1570698000000,2.6048,2.6175,2.51,2.5176,1734273.76,1570701599999,4413685.43729,7362
LINKUSDT,1570701600000,2.5217,2.598,2.492,2.5542,1138383.66,1570705199999,2904823.117032,5294
LINKUSDT,1570705200000,2.5548,2.5884,2.5452,2.5779,518551.36,1570708799999,1332349.077197,3106
LINKUSDT,1570708800000,2.5824,2.5958,2.5385,2.546,441574.81,1570712399999,1135163.182298,2547
LINKUSDT,1570712400000,2.5442,2.5459,2.465,2.5123,998248.73,1570715999999,2500382.010864,4894
LINKUSDT,1570716000000,2.513,2.5673,2.4977,2.5655,491404.43,1570719599999,1247019.63684,2818
LINKUSDT,1570719600000,2.5672,2.58,2.52,2.548,531994.47,1570723199999,1356353.392685,3077
LINKUSDT,1570723200000,2.5475,2.5712,2.52,2.5301,343562.45,1570726799999,873327.445832,2021
LINKUSDT,1570726800000,2.5301,2.569,2.5202,2.5242,364158.69,1570730399999,926224.83768,1886
LINKUSDT,1570730400000,2.5242,2.571,2.5209,2.561,296749.95,1570733999999,757948.121004,1687
LINKUSDT,1570734000000,2.5599,2.63,2.552,2.63,513164.67,1570737599999,1331299.95421,2670
LINKUSDT,1570737600000,2.63,2.7653,2.62,2.6958,1413637.13,1570741199999,3807183.764199,6819
LINKUSDT,1570741200000,2.6943,2.7208,2.672,2.6927,312506.82,1570744799999,841693.118978,1942
LINKUSDT,1570744800000,2.6938,2.7086,2.6244,2.625,381915.45,1570748399999,1013814.182574,2087
LINKUSDT,1570748400000,2.625,2.6458,2.6015,2.6279,329934.53,1570751999999,864220.560321,2013
LINKUSDT,1570752000000,2.6293,2.6989,2.6282,2.6832,373704.17,1570755599999,997108.787384,2011
LINKUSDT,1570755600000,2.6832,2.7007,2.6288,2.6749,320793.86,1570759199999,854613.903806,1724
LINKUSDT,1570759200000,2.6727,2.7058,2.6464,2.7021,208801.72,1570762799999,559645.178261,1222
LINKUSDT,1570762800000,2.7023,2.7936,2.6966,2.7507,599669.2,1570766399999,1648325.204924,3505
LINKUSDT,1570766400000,2.7521,2.76,2.7029,2.7319,358724.87,1570769999999,978776.091087,2141
LINKUSDT,1570770000000,2.7328,2.7598,2.6066,2.6391,809315.32,1570773599999,2155325.753981,3981
LINKUSDT,1570773600000,2.6355,2.65,2.5619,2.641,672146.79,1570777199999,1751627.686685,3692
LINKUSDT,1570777200000,2.6393,2.6449,2.5984,2.6152,291619.76,1570780799999,763065.443981,1686
LINKUSDT,1570780800000,2.6151,2.67,2.5839,2.6688,258764.76,1570784399999,678911.225055,1693
LINKUSDT,1570784400000,2.6688,2.724,2.6432,2.7214,586133.43,1570787999999,1572462.282153,3142
LINKUSDT,1570788000000,2.7214,2.7292,2.6642,2.6726,653756.23,1570791599999,1763915.112516,3208
LINKUSDT,1570791600000,2.6735,2.6865,2.6211,2.6778,622622.24,1570795199999,1653262.796954,2993
LINKUSDT,1570795200000,2.6765,2.7159,2.6763,2.7058,437085.75,1570798799999,1179336.691812,2249
LINKUSDT,1570798800000,2.7043,2.719,2.6499,2.6648,450819.92,1570802399999,1211324.808486,2284
LINKUSDT,1570802400000,2.6653,2.7088,2.6651,2.6906,342534.72,1570805999999,920204.35842,2026
LINKUSDT,1570806000000,2.6885,2.7888,2.687,2.7719,1073812.44,1570809599999,2953015.582332,5400
LINKUSDT,1570809600000,2.7667,2.79,2.739,2.7499,614838.03,1570813199999,1698006.041752,3156
LINKUSDT,1570813200000,2.7473,2.7737,2.7,2.7101,616251.48,1570816799999,1685958.49498,2750
LINKUSDT,1570816800000,2.7109,2.7421,2.688,2.69,468023.43,1570820399999,1272382.891563,2531
LINKUSDT,1570820400000,2.69,2.7388,2.6802,2.709,412898.87,1570823999999,1116730.765406,2168
LINKUSDT,1570824000000,2.7094,2.7169,2.685,2.688,244265.67,1570827599999,658810.730703,1558
LINKUSDT,1570827600000,2.6896,2.7136,2.6631,2.6714,265116.62,1570831199999,711221.053555,1474
LINKUSDT,1570831200000,2.6732,2.73,2.6681,2.709,357601.48,1570834799999,967305.737658,1841
LINKUSDT,1570834800000,2.7088,2.7622,2.7088,2.7481,378400.75,1570838399999,1036674.762647,2023
LINKUSDT,1570838400000,2.7443,2.7572,2.7033,2.7169,273419.51,1570841999999,745301.222359,1605
LINKUSDT,1570842000000,2.7141,2.7471,2.7112,2.734,112574.0,1570845599999,307763.372191,804
LINKUSDT,1570845600000,2.7335,2.7457,2.7236,2.7262,113380.54,1570849199999,310103.72607,786
LINKUSDT,1570849200000,2.7262,2.749,2.7262,2.7307,79177.71,1570852799999,216735.443672,562
LINKUSDT,1570852800000,2.7336,2.7398,2.7101,2.7134,135564.76,1570856399999,369391.838402,948
LINKUSDT,1570856400000,2.714,2.7185,2.6757,2.7095,472915.82,1570859999999,1273028.663718,2384
LINKUSDT,1570860000000,2.7092,2.7147,2.6698,2.6724,345694.77,1570863599999,929389.049077,1809
LINKUSDT,1570863600000,2.6735,2.675,2.6305,2.6646,415651.69,1570867199999,1101633.926643,2535
LINKUSDT,1570867200000,2.663,2.67,2.6437,2.6666,198844.59,1570870799999,528514.136065,1187
LINKUSDT,1570870800000,2.6672,2.6725,2.6421,2.6518,176489.59,1570874399999,468870.708609,967
LINKUSDT,1570874400000,2.6502,2.6717,2.6361,2.6631,171264.08,1570877999999,453977.101105,1075
LINKUSDT,1570878000000,2.6651,2.686,2.6472,2.6552,186045.02,1570881599999,495822.762795,1052
LINKUSDT,1570881600000,2.6567,2.6655,2.6438,2.6547,119417.59,1570885199999,316909.86494,767
LINKUSDT,1570885200000,2.6569,2.6569,2.6075,2.638,490723.38,1570888799999,1292244.447947,2493
LINKUSDT,1570888800000,2.6384,2.6521,2.612,2.6418,311201.42,1570892399999,818662.176401,1631
LINKUSDT,1570892400000,2.6418,2.6467,2.593,2.622,371412.2,1570895999999,971427.901731,1986
LINKUSDT,1570896000000,2.6229,2.6327,2.5519,2.5917,744852.74,1570899599999,1925968.607616,3357
LINKUSDT,1570899600000,2.5921,2.5933,2.5645,2.5725,278888.37,1570903199999,719127.703595,1552
LINKUSDT,1570903200000,2.5706,2.6127,2.565,2.6091,176282.74,1570906799999,456583.104318,1146
LINKUSDT,1570906800000,2.6092,2.6439,2.5977,2.6187,313185.04,1570910399999,822462.086693,1669
LINKUSDT,1570910400000,2.6216,2.6406,2.5999,2.6316,204465.26,1570913999999,536188.829112,1100
LINKUSDT,1570914000000,2.6316,2.6348,2.6026,2.6286,141073.15,1570917599999,369165.387157,813
LINKUSDT,1570917600000,2.6271,2.6299,2.5836,2.5946,144332.38,1570921199999,375427.741604,995
LINKUSDT,1570921200000,2.5943,2.6061,2.558,2.5975,205535.16,1570924799999,530600.127058,1254
LINKUSDT,1570924800000,2.5975,2.6161,2.5801,2.6141,176017.22,1570928399999,457334.847307,898
LINKUSDT,1570928400000,2.6141,2.6443,2.6109,2.6201,173655.04,1570931999999,456760.904038,910
LINKUSDT,1570932000000,2.6202,2.6232,2.6048,2.6048,65989.68,1570935599999,172540.837662,463
LINKUSDT,1570935600000,2.6052,2.607,2.585,2.5959,90368.55,1570939199999,234577.592708,552
LINKUSDT,1570939200000,2.5951,2.6179,2.593,2.5956,172701.55,1570942799999,449985.175303,755
LINKUSDT,1570942800000,2.5939,2.5976,2.5723,2.5876,158282.6,1570946399999,408956.008021,900
LINKUSDT,1570946400000,2.5878,2.6031,2.5851,2.5876,84461.59,1570949999999,219134.438807,472
LINKUSDT,1570950000000,2.5858,2.6,2.5733,2.579,139097.5,1570953599999,359676.504857,820
LINKUSDT,1570953600000,2.5798,2.5826,2.5611,2.5655,127380.56,1570957199999,327362.46625,647
LINKUSDT,1570957200000,2.566,2.5695,2.52,2.5324,443072.32,1570960799999,1124231.855002,2160
LINKUSDT,1570960800000,2.5323,2.5413,2.503,2.5353,379163.54,1570964399999,955618.620988,1728
LINKUSDT,1570964400000,2.535,2.577,2.53,2.5524,228838.96,1570967999999,584778.902959,1405
LINKUSDT,1570968000000,2.5524,2.574,2.5479,2.5661,248729.69,1570971599999,637788.030658,1136
LINKUSDT,1570971600000,2.5654,2.5665,2.525,2.5324,181954.65,1570975199999,462637.377085,979
LINKUSDT,1570975200000,2.5326,2.5417,2.5138,2.5313,164054.01,1570978799999,414656.34588,978
LINKUSDT,1570978800000,2.5325,2.5476,2.516,2.5391,172395.71,1570982399999,436662.339934,928
LINKUSDT,1570982400000,2.5415,2.5648,2.5415,2.551,236720.34,1570985999999,605185.397908,1020
LINKUSDT,1570986000000,2.5513,2.5554,2.5235,2.5355,175254.37,1570989599999,445068.263631,832
LINKUSDT,1570989600000,2.5355,2.5555,2.5277,2.5429,181425.95,1570993199999,460667.563116,785
LINKUSDT,1570993200000,2.5411,2.5697,2.5328,2.5662,189076.33,1570996799999,482772.688846,823
LINKUSDT,1570996800000,2.5633,2.5633,2.4351,2.463,918211.99,1571000399999,2282836.715663,4382
LINKUSDT,1571000400000,2.4629,2.4931,2.4564,2.4696,268136.09,1571003999999,663073.875031,1373
LINKUSDT,1571004000000,2.4677,2.4846,2.4535,2.472,201061.13,1571007599999,496545.578858,1026
LINKUSDT,1571007600000,2.4709,2.5021,2.456,2.486,358013.81,1571011199999,889255.777417,1235
LINKUSDT,1571011200000,2.485,2.53,2.4527,2.5248,362298.29,1571014799999,902560.740801,1726
LINKUSDT,1571014800000,2.5251,2.53,2.4943,2.4952,164286.62,1571018399999,412422.076112,1018
LINKUSDT,1571018400000,2.4943,2.5161,2.4873,2.5031,121174.65,1571021999999,302908.28862,830
LINKUSDT,1571022000000,2.5035,2.52,2.4973,2.5167,53715.82,1571025599999,134902.131512,401
LINKUSDT,1571025600000,2.5159,2.5502,2.5135,2.5484,149422.25,1571029199999,378925.276284,961
LINKUSDT,1571029200000,2.5465,2.6741,2.5461,2.6256,620617.49,1571032799999,1622314.660766,3054
LINKUSDT,1571032800000,2.6255,2.6527,2.5779,2.6161,484932.77,1571036399999,1265374.116006,2413
LINKUSDT,1571036400000,2.6175,2.6436,2.6063,2.6242,298797.0,1571039999999,785618.520458,1596
LINKUSDT,1571040000000,2.6298,2.635,2.5855,2.598,240470.06,1571043599999,626825.518342,1181
LINKUSDT,1571043600000,2.5986,2.599,2.564,2.5827,212618.14,1571047199999,549067.133862,1135
LINKUSDT,1571047200000,2.5844,2.61,2.5715,2.6058,193112.5,1571050799999,500678.110573,929
LINKUSDT,1571050800000,2.6077,2.6122,2.5803,2.5933,124511.39,1571054399999,323673.887982,742
LINKUSDT,1571054400000,2.5933,2.5952,2.5439,2.5543,421913.15,1571057999999,1082313.52583,1667
LINKUSDT,1571058000000,2.5522,2.5735,2.5361,2.5484,326652.24,1571061599999,833919.980527,1400
LINKUSDT,1571061600000,2.5484,2.5538,2.518,2.5354,382962.35,1571065199999,971105.093631,1666
LINKUSDT,1571065200000,2.5369,2.5441,2.5201,2.5275,129822.23,1571068799999,328464.224098,791
LINKUSDT,1571068800000,2.5275,2.5533,2.5107,2.5414,256493.13,1571072399999,649715.141036,1505
LINKUSDT,1571072400000,2.5398,2.5763,2.5353,2.5577,289308.69,1571075999999,740738.269309,1431
LINKUSDT,1571076000000,2.5572,2.5688,2.5358,2.5462,201478.92,1571079599999,514157.144414,959
LINKUSDT,1571079600000,2.5475,2.5666,2.5166,2.5293,310962.9,1571083199999,788847.144307,1494
LINKUSDT,1571083200000,2.5293,2.5422,2.5159,2.5335,116673.39,1571086799999,294929.455284,686
LINKUSDT,1571086800000,2.5324,2.5425,2.51,2.5246,173242.75,1571090399999,437522.25031,1056
LINKUSDT,1571090400000,2.5243,2.5343,2.5155,2.5208,78300.3,1571093999999,197635.885897,501
LINKUSDT,1571094000000,2.5208,2.535,2.5118,2.5324,119806.35,1571097599999,302092.073845,773
LINKUSDT,1571097600000,2.5315,2.5476,2.5267,2.5348,122352.52,1571101199999,310285.576519,760
LINKUSDT,1571101200000,2.5369,2.597,2.5348,2.5888,411568.62,1571104799999,1059948.798583,1922
LINKUSDT,1571104800000,2.5898,2.5947,2.5624,2.5709,198507.96,1571108399999,511554.235359,1001
LINKUSDT,1571108400000,2.5691,2.5851,2.537,2.5441,169596.35,1571111999999,434755.204652,1015
LINKUSDT,1571112000000,2.5462,2.5502,2.5252,2.5486,140302.27,1571115599999,355780.974553,801
LINKUSDT,1571115600000,2.5469,2.574,2.5345,2.5556,146327.1,1571119199999,373853.017425,813
LINKUSDT,1571119200000,2.5562,2.5562,2.5365,2.5466,96484.4,1571122799999,245441.428226,492
LINKUSDT,1571122800000,2.5467,2.5467,2.5288,2.5288,128051.73,1571126399999,324856.916392,591
LINKUSDT,1571126400000,2.5307,2.5434,2.5141,2.534,200553.65,1571129999999,507444.558931,892
LINKUSDT,1571130000000,2.5343,2.5408,2.5267,2.5286,67003.39,1571133599999,169784.384111,412
LINKUSDT,1571133600000,2.5282,2.5389,2.5201,2.5368,89424.71,1571137199999,225987.555055,657
LINKUSDT,1571137200000,2.5368,2.5581,2.5339,2.5485,144827.85,1571140799999,369083.534344,735
LINKUSDT,1571140800000,2.5481,2.55,2.529,2.5481,169139.06,1571144399999,429572.343125,801
LINKUSDT,1571144400000,2.5471,2.5497,2.536,2.536,83684.38,1571147999999,212836.928299,523
LINKUSDT,1571148000000,2.536,2.5445,2.5168,2.5168,133176.06,1571151599999,336714.846997,757
LINKUSDT,1571151600000,2.5169,2.5303,2.4845,2.5043,379946.35,1571155199999,951974.185378,1981
LINKUSDT,1571155200000,2.5065,2.5105,2.453,2.467,452932.73,1571158799999,1119924.671392,2404
LINKUSDT,1571158800000,2.465,2.4671,2.36,2.3814,958064.55,1571162399999,2309925.551252,4246
LINKUSDT,1571162400000,2.3838,2.4164,2.3704,2.3978,508578.44,1571165999999,1218890.32228,2327
LINKUSDT,1571166000000,2.3974,2.4436,2.3899,2.4332,323744.24,1571169599999,784203.383679,1833
LINKUSDT,1571169600000,2.4315,2.4329,2.3752,2.3791,280165.39,1571173199999,673185.938156,1359
LINKUSDT,1571173200000,2.3753,2.3899,2.3507,2.3698,384390.61,1571176799999,909621.39085,1618
LINKUSDT,1571176800000,2.3727,2.381,2.332,2.3667,354878.02,1571180399999,835344.827184,2235
LINKUSDT,1571180400000,2.3638,2.3974,2.3538,2.3974,292412.34,1571183999999,694815.323231,1527
LINKUSDT,1571184000000,2.3949,2.4143,2.3745,2.3786,341486.13,1571187599999,818111.33753,1685
LINKUSDT,1571187600000,2.3796,2.383,2.3484,2.3514,184477.42,1571191199999,436145.04629,1019
LINKUSDT,1571191200000,2.3502,2.3648,2.319,2.3433,569025.23,1571194799999,1330306.2127,2397
LINKUSDT,1571194800000,2.3406,2.3428,2.2981,2.3001,535352.44,1571198399999,1242782.638718,2082
LINKUSDT,1571198400000,2.2999,2.3383,2.298,2.3189,428105.47,1571201999999,993066.405072,1809
LINKUSDT,1571202000000,2.319,2.3325,2.293,2.3175,355430.68,1571205599999,821481.390496,1459
LINKUSDT,1571205600000,2.3173,2.3283,2.3005,2.3031,146439.56,1571209199999,338962.051143,836
LINKUSDT,1571209200000,2.3005,2.3204,2.2781,2.2835,487361.85,1571212799999,1118886.496185,2169
LINKUSDT,1571212800000,2.2835,2.293,2.2627,2.2844,439699.24,1571216399999,999827.054528,1938
LINKUSDT,1571216400000,2.284,2.3089,2.2655,2.3083,353885.75,1571219999999,809675.607867,1630
LINKUSDT,1571220000000,2.308,2.3318,2.2987,2.3026,521992.25,1571223599999,1209445.222526,2010
LINKUSDT,1571223600000,2.301,2.3161,2.2516,2.264,444841.34,1571227199999,1013388.536428,2000
LINKUSDT,1571227200000,2.2644,2.2654,2.182,2.2089,1183777.99,1571230799999,2625446.834596,4810
LINKUSDT,1571230800000,2.207,2.254,2.1846,2.2241,852885.94,1571234399999,1894728.966858,3439
LINKUSDT,1571234400000,2.2249,2.26,2.2129,2.2507,623677.3,1571237999999,1396030.665043,2928
LINKUSDT,1571238000000,2.2507,2.2965,2.2295,2.2745,867660.7,1571241599999,1971535.822873,3650
LINKUSDT,1571241600000,2.2745,2.3,2.2639,2.2767,492788.55,1571245199999,1126414.276811,2455
LINKUSDT,1571245200000,2.2772,2.2801,2.244,2.2474,402501.64,1571248799999,910292.488246,1905
LINKUSDT,1571248800000,2.2471,2.2824,2.2453,2.2555,279944.91,1571252399999,634622.919378,1523
LINKUSDT,1571252400000,2.2556,2.2884,2.25,2.288,267345.62,1571255999999,606918.201601,1232
LINKUSDT,1571256000000,2.2879,2.3473,2.2871,2.3439,740894.73,1571259599999,1723731.534794,3056
LINKUSDT,1571259600000,2.3455,2.3456,2.3046,2.3245,214961.91,1571263199999,499835.457521,1104
LINKUSDT,1571263200000,2.3246,2.384,2.3214,2.3641,506079.87,1571266799999,1194685.904202,2200
LINKUSDT,1571266800000,2.3635,2.3999,2.3616,2.3717,624188.53,1571270399999,1490388.197121,2430
LINKUSDT,1571270400000,2.3736,2.3737,2.32,2.3358,573383.55,1571273999999,1345301.229084,2226
LINKUSDT,1571274000000,2.3343,2.3415,2.2878,2.2925,489333.28,1571277599999,1128884.394883,1986
LINKUSDT,1571277600000,2.2918,2.3365,2.274,2.3259,355006.59,1571281199999,819176.0934,1701
LINKUSDT,1571281200000,2.3263,2.3682,2.3258,2.3593,385631.89,1571284799999,903746.50428,1805
LINKUSDT,1571284800000,2.3593,2.3633,2.299,2.3057,330991.57,1571288399999,770268.139274,1735
LINKUSDT,1571288400000,2.3066,2.3528,2.299,2.3503,233422.16,1571291999999,543531.657453,1342
LINKUSDT,1571292000000,2.3526,2.3543,2.3226,2.3245,337661.07,1571295599999,789104.669875,1292
LINKUSDT,1571295600000,2.3245,2.333,2.3039,2.3241,420127.86,1571299199999,973294.919892,1420
LINKUSDT,1571299200000,2.3238,2.3761,2.3091,2.3722,457354.62,1571302799999,1072921.147848,1952
LINKUSDT,1571302800000,2.3722,2.3924,2.3489,2.3913,349100.12,1571306399999,827784.927976,1571
LINKUSDT,1571306400000,2.3925,2.4461,2.3921,2.4181,953047.33,1571309999999,2307517.245398,3338
LINKUSDT,1571310000000,2.4201,2.4413,2.3837,2.3881,538343.39,1571313599999,1295638.256689,2434
LINKUSDT,1571313600000,2.389,2.4296,2.3853,2.4296,348413.1,1571317199999,839121.841255,1822
LINKUSDT,1571317200000,2.4276,2.49,2.4046,2.465,1308557.04,1571320799999,3212768.218987,4576
LINKUSDT,1571320800000,2.4666,2.4765,2.4312,2.4341,688924.03,1571324399999,1690378.036078,2416
LINKUSDT,1571324400000,2.4349,2.4731,2.4122,2.45,516514.55,1571327999999,1262338.036908,2415
LINKUSDT,1571328000000,2.4518,2.4673,2.4253,2.4313,325789.42,1571331599999,797288.078045,1529
LINKUSDT,1571331600000,2.4316,2.4739,2.4313,2.4699,295577.19,1571335199999,723491.410458,1425
LINKUSDT,1571335200000,2.47,2.4793,2.4451,2.4597,271010.51,1571338799999,667833.022217,1209
LINKUSDT,1571338800000,2.4598,2.4726,2.4315,2.4492,258027.28,1571342399999,633900.845598,1381
LINKUSDT,1571342400000,2.4478,2.4492,2.3584,2.3907,381304.83,1571345999999,919770.931456,1651
LINKUSDT,1571346000000,2.3907,2.44,2.3853,2.4399,377475.22,1571349599999,911515.438874,1994
LINKUSDT,1571349600000,2.4399,2.4399,2.4005,2.4033,164327.09,1571353199999,396740.54419,749
LINKUSDT,1571353200000,2.4026,2.4289,2.3985,2.4124,206305.02,1571356799999,497319.035378,1008
LINKUSDT,1571356800000,2.419,2.4558,2.419,2.4489,345846.98,1571360399999,842127.644128,1251
LINKUSDT,1571360400000,2.4496,2.472,2.4467,2.4589,214295.86,1571363999999,527424.860364,1068
LINKUSDT,1571364000000,2.4578,2.4785,2.4394,2.4723,259768.56,1571367599999,638534.67304,1235
LINKUSDT,1571367600000,2.4727,2.4999,2.46,2.4756,374297.17,1571371199999,928575.709745,1912
LINKUSDT,1571371200000,2.4759,2.4779,2.451,2.456,121958.67,1571374799999,300177.98481,822
LINKUSDT,1571374800000,2.4552,2.4595,2.3936,2.3991,459645.85,1571378399999,1110850.726389,2844
LINKUSDT,1571378400000,2.399,2.3993,2.341,2.3785,815278.14,1571381999999,1929681.809844,3676
LINKUSDT,1571382000000,2.3814,2.391,2.3575,2.3806,206563.02,1571385599999,490389.781569,1117
LINKUSDT,1571385600000,2.379,2.3979,2.3457,2.3468,572976.31,1571389199999,1358536.762444,2339
LINKUSDT,1571389200000,2.3479,2.3819,2.3463,2.3627,212076.91,1571392799999,501779.554148,1045
LINKUSDT,1571392800000,2.3611,2.3721,2.3476,2.3653,171307.29,1571396399999,403834.331424,896
LINKUSDT,1571396400000,2.3653,2.4244,2.3627,2.4181,403099.67,1571399999999,962361.005385,1489
LINKUSDT,1571400000000,2.417,2.4485,2.4,2.4123,581113.96,1571403599999,1408717.352041,2921
LINKUSDT,1571403600000,2.4121,2.4361,2.4071,2.409,262323.91,1571407199999,635373.765256,1035
LINKUSDT,1571407200000,2.4103,2.4139,2.3764,2.3888,452841.28,1571410799999,1083479.227984,1820
LINKUSDT,1571410800000,2.3911,2.3975,2.3712,2.3802,175324.0,1571414399999,418084.118523,866
LINKUSDT,1571414400000,2.3807,2.4014,2.3738,2.3758,156857.64,1571417999999,375065.83836,802
LINKUSDT,1571418000000,2.3769,2.3937,2.3582,2.3903,299074.46,1571421599999,709165.157602,1295
LINKUSDT,1571421600000,2.3919,2.393,2.3666,2.3682,119857.09,1571425199999,285415.883101,670
LINKUSDT,1571425200000,2.3671,2.3827,2.3542,2.3585,227646.25,1571428799999,539211.051422,944
LINKUSDT,1571428800000,2.358,2.3595,2.3164,2.3271,407787.13,1571432399999,953337.318412,2001
LINKUSDT,1571432400000,2.3252,2.3573,2.3252,2.3538,166963.55,1571435999999,391583.893718,844
LINKUSDT,1571436000000,2.3536,2.371,2.351,2.3672,121194.81,1571439599999,286232.843302,771
LINKUSDT,1571439600000,2.3672,2.3769,2.3469,2.3546,136739.77,1571443199999,322326.716337,700
LINKUSDT,1571443200000,2.3521,2.3615,2.2919,2.2947,418739.22,1571446799999,969108.863942,1793
LINKUSDT,1571446800000,2.2946,2.3203,2.2932,2.3096,332302.66,1571450399999,766474.012405,1063
LINKUSDT,1571450400000,2.3085,2.3331,2.2914,2.3155,201955.39,1571453999999,466414.046144,933
LINKUSDT,1571454000000,2.3155,2.346,2.3142,2.3371,150725.23,1571457599999,352045.888649,913
LINKUSDT,1571457600000,2.3399,2.3543,2.3236,2.3496,95265.92,1571461199999,222738.080638,570
LINKUSDT,1571461200000,2.3533,2.3533,2.3202,2.3394,109820.63,1571464799999,256050.881275,627
LINKUSDT,1571464800000,2.3394,2.3456,2.3021,2.3239,243277.86,1571468399999,563534.203467,1066
LINKUSDT,1571468400000,2.323,2.3354,2.312,2.3196,94712.6,1571471999999,219835.967297,502
LINKUSDT,1571472000000,2.3184,2.3696,2.3183,2.3451,382050.47,1571475599999,898058.662416,1466
LINKUSDT,1571475600000,2.3466,2.3556,2.34,2.3534,64952.41,1571479199999,152423.470172,354
LINKUSDT,1571479200000,2.3534,2.3733,2.3353,2.3695,233446.24,1571482799999,549971.622573,897
LINKUSDT,1571482800000,2.3687,2.37,2.3385,2.3465,200803.26,1571486399999,473178.843496,738
LINKUSDT,1571486400000,2.3478,2.3605,2.3109,2.352,358078.21,1571489999999,836012.958595,1701
LINKUSDT,1571490000000,2.3518,2.391,2.3518,2.3792,592577.89,1571493599999,1407993.179739,2056
LINKUSDT,1571493600000,2.3806,2.39,2.356,2.3687,207623.51,1571497199999,492700.208122,836
LINKUSDT,1571497200000,2.3678,2.3719,2.3491,2.3526,266369.07,1571500799999,628495.534342,882
LINKUSDT,1571500800000,2.3526,2.3724,2.3516,2.3584,171968.3,1571504399999,406312.69466,828
LINKUSDT,1571504400000,2.3535,2.3737,2.344,2.3736,79570.33,1571507999999,187440.895151,421
LINKUSDT,1571508000000,2.3724,2.3736,2.351,2.3523,42839.89,1571511599999,101171.071029,273
LINKUSDT,1571511600000,2.351,2.3552,2.3436,2.347,20984.81,1571515199999,49273.383803,232
LINKUSDT,1571515200000,2.3454,2.359,2.3345,2.3585,114425.24,1571518799999,268340.817006,624
LINKUSDT,1571518800000,2.3588,2.3646,2.35,2.3592,52084.67,1571522399999,122776.009391,314
LINKUSDT,1571522400000,2.3598,2.3621,2.3482,2.3525,20433.73,1571525999999,48104.556636,197
LINKUSDT,1571526000000,2.3525,2.3533,2.3426,2.3521,58724.78,1571529599999,137842.736134,420
LINKUSDT,1571529600000,2.3513,2.3569,2.3403,2.3443,76086.34,1571533199999,178629.058342,581
LINKUSDT,1571533200000,2.3438,2.3453,2.3004,2.3225,387878.46,1571536799999,900092.273023,1395
LINKUSDT,1571536800000,2.3202,2.3286,2.3046,2.3096,96129.66,1571540399999,222841.315505,732
LINKUSDT,1571540400000,2.3071,2.3263,2.3029,2.3247,94235.02,1571543999999,217995.962181,597
LINKUSDT,1571544000000,2.3238,2.3376,2.3173,2.3301,80610.51,1571547599999,187774.512509,514
LINKUSDT,1571547600000,2.3315,2.3413,2.3257,2.3306,48701.17,1571551199999,113682.505563,335
LINKUSDT,1571551200000,2.3301,2.3361,2.3214,2.3214,40426.79,1571554799999,94096.723871,328
LINKUSDT,1571554800000,2.3216,2.3268,2.3053,2.3078,113086.93,1571558399999,261727.84515,587
LINKUSDT,1571558400000,2.3078,2.3259,2.3052,2.3215,74382.62,1571561999999,172161.166796,431
LINKUSDT,1571562000000,2.3215,2.3365,2.3147,2.3191,92755.13,1571565599999,215750.752541,438
LINKUSDT,1571565600000,2.3191,2.3264,2.278,2.3,364405.68,1571569199999,836841.397111,1536
LINKUSDT,1571569200000,2.3,2.31,2.292,2.2954,116542.01,1571572799999,268157.056863,764
LINKUSDT,1571572800000,2.2969,2.3191,2.295,2.3101,175204.84,1571576399999,404808.942885,834
LINKUSDT,1571576400000,2.3121,2.3152,2.3057,2.3149,44954.96,1571579999999,103903.733328,318
LINKUSDT,1571580000000,2.3146,2.3396,2.314,2.3366,263345.78,1571583599999,612846.497109,1163
LINKUSDT,1571583600000,2.3379,2.3688,2.3349,2.3614,346418.14,1571587199999,815668.5201,1487
LINKUSDT,1571587200000,2.3633,2.3652,2.3382,2.356,214116.11,1571590799999,503070.167406,996
LINKUSDT,1571590800000,2.357,2.3572,2.335,2.348,182138.96,1571594399999,427221.230724,923
LINKUSDT,1571594400000,2.3479,2.42,2.3452,2.419,411641.28,1571597999999,980969.0997,2125
LINKUSDT,1571598000000,2.419,2.451,2.4107,2.4348,488843.66,1571601599999,1189247.047089,2518
LINKUSDT,1571601600000,2.4333,2.447,2.3975,2.4136,309068.3,1571605199999,747659.150491,1374
LINKUSDT,1571605200000,2.4155,2.4155,2.3906,2.3925,162132.94,1571608799999,389719.281624,695
LINKUSDT,1571608800000,2.3982,2.4199,2.3903,2.4009,124756.67,1571612399999,300345.375268,667
LINKUSDT,1571612400000,2.4004,2.445,2.4002,2.4444,183473.31,1571615999999,445154.443936,1098
LINKUSDT,1571616000000,2.4443,2.4974,2.4347,2.4861,774449.53,1571619599999,1918109.147832,2400
LINKUSDT,1571619600000,2.4902,2.5098,2.461,2.4979,682539.48,1571623199999,1700969.239894,2056
LINKUSDT,1571623200000,2.4966,2.5045,2.465,2.4904,305597.1,1571626799999,759722.917146,1424
LINKUSDT,1571626800000,2.4913,2.4958,2.45,2.4871,388937.16,1571630399999,962483.285411,1496
LINKUSDT,1571630400000,2.4868,2.5236,2.4868,2.519,257661.35,1571633999999,646593.490928,1370
LINKUSDT,1571634000000,2.5189,2.5938,2.505,2.593,729115.6,1571637599999,1864499.943446,3203
LINKUSDT,1571637600000,2.593,2.6413,2.5612,2.6284,886669.95,1571641199999,2313769.106393,4426
LINKUSDT,1571641200000,2.6263,2.639,2.58,2.6153,494226.51,1571644799999,1291831.243031,2494
LINKUSDT,1571644800000,2.6159,2.69,2.6142,2.638,904250.48,1571648399999,2400182.750013,3868
LINKUSDT,1571648400000,2.6356,2.6666,2.5853,2.6041,854922.81,1571651999999,2241605.653534,3499
LINKUSDT,1571652000000,2.6072,2.6315,2.594,2.6042,445122.69,1571655599999,1162506.200428,2146
LINKUSDT,1571655600000,2.6069,2.64,2.6042,2.6174,227691.1,1571659199999,597255.213639,1551
LINKUSDT,1571659200000,2.6168,2.6563,2.6143,2.6306,411826.88,1571662799999,1087354.331511,1976
LINKUSDT,1571662800000,2.6308,2.6311,2.573,2.5911,509297.93,1571666399999,1324739.052843,2560
LINKUSDT,1571666400000,2.591,2.6082,2.5584,2.5656,519094.36,1571669999999,1337967.50728,2578
LINKUSDT,1571670000000,2.5648,2.5897,2.5433,2.5738,598379.88,1571673599999,1532185.921293,2961
LINKUSDT,1571673600000,2.5706,2.5964,2.55,2.5862,468013.48,1571677199999,1205352.801686,2298
LINKUSDT,1571677200000,2.5842,2.6165,2.5691,2.608,334277.56,1571680799999,868885.628976,1711
LINKUSDT,1571680800000,2.6076,2.6143,2.5586,2.5743,272624.6,1571684399999,704328.556022,1647
LINKUSDT,1571684400000,2.5718,2.5827,2.5605,2.5716,135932.27,1571687999999,349410.262624,1063
LINKUSDT,1571688000000,2.5716,2.5898,2.5437,2.5791,285813.48,1571691599999,734047.971047,1538
LINKUSDT,1571691600000,2.5793,2.612,2.578,2.5995,215944.4,1571695199999,561444.497589,1199
LINKUSDT,1571695200000,2.5991,2.64,2.5976,2.607,433327.96,1571698799999,1136181.871336,2018
LINKUSDT,1571698800000,2.6069,2.634,2.595,2.6223,201956.3,1571702399999,528555.277814,1245
LINKUSDT,1571702400000,2.6216,2.6545,2.6157,2.653,303269.37,1571705999999,799939.84297,1417
LINKUSDT,1571706000000,2.6544,2.7316,2.6543,2.7243,876371.33,1571709599999,2362753.875744,4528
LINKUSDT,1571709600000,2.7251,2.7555,2.6769,2.72,892603.39,1571713199999,2423188.933181,3926
LINKUSDT,1571713200000,2.7199,2.76,2.6998,2.719,694724.73,1571716799999,1895207.095246,3180
LINKUSDT,1571716800000,2.72,2.7286,2.6888,2.7194,275187.46,1571720399999,743816.659879,1412
LINKUSDT,1571720400000,2.7203,2.7387,2.6919,2.6958,273218.77,1571723999999,741937.618276,1375
LINKUSDT,1571724000000,2.6957,2.72,2.6719,2.681,302654.26,1571727599999,816168.87963,1691
LINKUSDT,1571727600000,2.6787,2.7314,2.6765,2.7314,235178.6,1571731199999,635801.354788,1345
LINKUSDT,1571731200000,2.7314,2.7377,2.6999,2.722,289592.54,1571734799999,788413.423269,1333
LINKUSDT,1571734800000,2.722,2.7234,2.699,2.7043,193189.12,1571738399999,523496.142777,995
LINKUSDT,1571738400000,2.7043,2.7064,2.682,2.6942,270430.22,1571741999999,727830.023523,1353
LINKUSDT,1571742000000,2.6939,2.739,2.6939,2.73,296156.23,1571745599999,805520.67596,1689
LINKUSDT,1571745600000,2.73,2.7354,2.7096,2.7121,212252.83,1571749199999,577918.234681,1154
LINKUSDT,1571749200000,2.7127,2.7383,2.6917,2.7356,324869.53,1571752799999,882512.997717,1620
LINKUSDT,1571752800000,2.7357,2.8018,2.725,2.7693,802991.48,1571756399999,2222367.162372,3903
LINKUSDT,1571756400000,2.7693,2.8178,2.76,2.786,815137.75,1571759999999,2273108.277671,4298
LINKUSDT,1571760000000,2.7858,2.7988,2.77,2.7822,318373.49,1571763599999,886995.369914,1650
LINKUSDT,1571763600000,2.7843,2.785,2.753,2.7595,276345.71,1571767199999,764784.872928,1461
LINKUSDT,1571767200000,2.7598,2.794,2.7598,2.7841,222233.72,1571770799999,617928.297382,1723
LINKUSDT,1571770800000,2.7849,2.7925,2.75,2.7574,222139.01,1571774399999,615000.363285,1786
LINKUSDT,1571774400000,2.76,2.7605,2.718,2.7496,606368.07,1571777999999,1660345.784635,3311
LINKUSDT,1571778000000,2.7484,2.7484,2.7239,2.724,179225.45,1571781599999,489710.455555,1084
LINKUSDT,1571781600000,2.724,2.7247,2.5835,2.5942,1346586.41,1571785199999,3573603.368929,6414
LINKUSDT,1571785200000,2.5937,2.6485,2.5619,2.6074,980431.31,1571788799999,2550495.201512,4790
LINKUSDT,1571788800000,2.6073,2.636,2.5762,2.6167,401386.44,1571792399999,1048177.58226,2636
LINKUSDT,1571792400000,2.6167,2.6485,2.6134,2.6238,207203.41,1571795999999,545681.589862,1461
LINKUSDT,1571796000000,2.624,2.6333,2.5754,2.5774,427981.59,1571799599999,1112550.354826,1762
LINKUSDT,1571799600000,2.5805,2.6092,2.515,2.5365,778008.16,1571803199999,1982693.686088,3779
LINKUSDT,1571803200000,2.5378,2.569,2.5225,2.5655,352249.27,1571806799999,898101.720288,1823
LINKUSDT,1571806800000,2.5655,2.578,2.5526,2.577,246548.77,1571810399999,632589.074161,1441
LINKUSDT,1571810400000,2.5769,2.589,2.5702,2.5808,196140.36,1571813999999,506339.243155,929
LINKUSDT,1571814000000,2.5785,2.585,2.5619,2.5751,147944.65,1571817599999,380839.247405,985
LINKUSDT,1571817600000,2.5735,2.5893,2.5656,2.5893,114912.76,1571821199999,295898.704855,762
LINKUSDT,1571821200000,2.5871,2.6534,2.5871,2.6424,659644.62,1571824799999,1736289.156259,2960
LINKUSDT,1571824800000,2.6424,2.684,2.6331,2.66,430835.86,1571828399999,1148484.637738,2247
LINKUSDT,1571828400000,2.6626,2.6632,2.6188,2.6382,480909.86,1571831999999,1268770.257194,2688
LINKUSDT,1571832000000,2.6398,2.6511,2.4332,2.4817,2036375.3,1571835599999,5153969.528655,8074
LINKUSDT,1571835600000,2.4817,2.5155,2.3717,2.4603,1882523.08,1571839199999,4596668.519983,8099
LINKUSDT,1571839200000,2.4589,2.516,2.4478,2.4839,947579.42,1571842799999,2355686.490967,4138
LINKUSDT,1571842800000,2.4836,2.5425,2.4721,2.5035,621166.47,1571846399999,1558886.963625,3625
LINKUSDT,1571846400000,2.5006,2.5762,2.45,2.5528,1015816.65,1571849999999,2566157.066918,4687
LINKUSDT,1571850000000,2.5553,2.5596,2.5153,2.5534,356643.82,1571853599999,906666.274737,2316
LINKUSDT,1571853600000,2.551,2.6295,2.5357,2.6168,680039.74,1571857199999,1761170.216639,3528
LINKUSDT,1571857200000,2.6178,2.6401,2.578,2.6016,616222.99,1571860799999,1608386.580458,2972
LINKUSDT,1571860800000,2.6045,2.6053,2.542,2.588,592086.59,1571864399999,1521147.374995,3133
LINKUSDT,1571864400000,2.589,2.5894,2.5316,2.5331,307825.22,1571867999999,786755.233226,1607
LINKUSDT,1571868000000,2.5337,2.5742,2.5335,2.5571,214797.73,1571871599999,548518.978656,1550
LINKUSDT,1571871600000,2.5556,2.62,2.5498,2.6055,386707.01,1571875199999,1004948.919338,2148
LINKUSDT,1571875200000,2.6071,2.71,2.6037,2.6779,1100987.97,1571878799999,2931926.632708,5595
LINKUSDT,1571878800000,2.6779,2.69,2.6325,2.671,576347.07,1571882399999,1534172.803383,2869
LINKUSDT,1571882400000,2.6708,2.6835,2.6362,2.6654,400826.57,1571885999999,1066427.664771,2363
LINKUSDT,1571886000000,2.6647,2.691,2.645,2.6756,417530.8,1571889599999,1113462.371674,2316
LINKUSDT,1571889600000,2.6739,2.7099,2.6652,2.7088,408709.52,1571893199999,1099086.63989,2407
LINKUSDT,1571893200000,2.7087,2.7192,2.663,2.6668,464820.79,1571896799999,1253053.910538,2627
LINKUSDT,1571896800000,2.6669,2.667,2.602,2.6177,852063.64,1571900399999,2242469.882273,4324
LINKUSDT,1571900400000,2.6169,2.6811,2.6169,2.6599,647736.37,1571903999999,1721438.023803,3066
LINKUSDT,1571904000000,2.6619,2.6791,2.6544,2.6773,184983.88,1571907599999,494113.970805,1449
LINKUSDT,1571907600000,2.6762,2.6769,2.641,2.6439,141961.75,1571911199999,377648.735761,1292
LINKUSDT,1571911200000,2.6467,2.685,2.6467,2.67,158511.97,1571914799999,423192.099429,1250
LINKUSDT,1571914800000,2.67,2.6736,2.6493,2.6651,186203.71,1571918399999,495619.719179,1334
LINKUSDT,1571918400000,2.6669,2.7248,2.6665,2.7118,605874.67,1571921999999,1637361.339007,3269
LINKUSDT,1571922000000,2.7106,2.7186,2.691,2.697,252857.56,1571925599999,683637.675014,1557
LINKUSDT,1571925600000,2.6984,2.7288,2.696,2.7109,444022.73,1571929199999,1202823.457791,2380
LINKUSDT,1571929200000,2.709,2.7129,2.655,2.6858,444868.78,1571932799999,1193319.592167,2733
LINKUSDT,1571932800000,2.6858,2.7632,2.6715,2.7446,700791.62,1571936399999,1909322.500773,3961
LINKUSDT,1571936400000,2.7446,2.7748,2.726,2.7368,438441.49,1571939999999,1205986.024841,2656
LINKUSDT,1571940000000,2.7385,2.7624,2.7354,2.7458,239366.97,1571943599999,658553.987998,1557
LINKUSDT,1571943600000,2.7459,2.7636,2.73,2.7388,248043.56,1571947199999,681840.996684,1451
LINKUSDT,1571947200000,2.74,2.74,2.6954,2.7272,394830.64,1571950799999,1073870.04283,2255
LINKUSDT,1571950800000,2.7271,2.76,2.7145,2.7301,247028.6,1571954399999,677068.467397,1605
LINKUSDT,1571954400000,2.731,2.7469,2.7251,2.745,73140.28,1571957999999,200104.07221,682
LINKUSDT,1571958000000,2.7449,2.7498,2.72,2.72,121606.63,1571961599999,332246.550544,787
LINKUSDT,1571961600000,2.7201,2.7248,2.66,2.688,618017.26,1571965199999,1660250.254954,3589
LINKUSDT,1571965200000,2.6864,2.695,2.6576,2.6652,243331.97,1571968799999,650257.920331,1244
LINKUSDT,1571968800000,2.6663,2.7022,2.661,2.6693,363948.09,1571972399999,977708.129787,1735
LINKUSDT,1571972400000,2.6682,2.6974,2.6654,2.6663,132558.4,1571975999999,355344.539944,1002
LINKUSDT,1571976000000,2.6693,2.67,2.6165,2.6369,531296.42,1571979599999,1402226.697989,2662
LINKUSDT,1571979600000,2.6348,2.6933,2.6253,2.679,335728.82,1571983199999,893702.177611,1858
LINKUSDT,1571983200000,2.6844,2.6996,2.6648,2.6724,222704.63,1571986799999,597396.881871,1274
LINKUSDT,1571986800000,2.6723,2.7114,2.6634,2.6979,191588.53,1571990399999,516689.896057,1287
LINKUSDT,1571990400000,2.6997,2.7127,2.6808,2.6808,138826.13,1571993999999,374486.001091,931
LINKUSDT,1571994000000,2.6804,2.7061,2.6724,2.696,134901.59,1571997599999,362973.875643,984
LINKUSDT,1571997600000,2.6964,2.7499,2.6953,2.7369,616794.09,1572001199999,1685273.111528,2791
LINKUSDT,1572001200000,2.7385,2.754,2.72,2.7204,448865.38,1572004799999,1228206.538708,1869
LINKUSDT,1572004800000,2.7219,2.7492,2.7219,2.7313,244444.82,1572008399999,669112.654418,1614
LINKUSDT,1572008400000,2.7336,2.7739,2.7285,2.7638,553544.69,1572011999999,1523810.767287,2750
LINKUSDT,1572012000000,2.7659,2.767,2.7421,2.7435,290454.72,1572015599999,799227.181732,1528
LINKUSDT,1572015600000,2.7439,2.845,2.7439,2.7918,1292595.95,1572019199999,3603730.399136,5807
LINKUSDT,1572019200000,2.7921,2.8999,2.7874,2.8314,1822542.66,1572022799999,5192881.967991,8396
LINKUSDT,1572022800000,2.8333,3.0063,2.82,2.9041,2614743.65,1572026399999,7593296.548365,11348
LINKUSDT,1572026400000,2.9001,2.9038,2.8358,2.8518,760150.74,1572029999999,2178825.282515,4041
LINKUSDT,1572030000000,2.8528,2.8687,2.8018,2.8607,833477.56,1572033599999,2360622.51165,4031
LINKUSDT,1572033600000,2.8564,2.8671,2.8227,2.831,423101.36,1572037199999,1201632.41862,2120
LINKUSDT,1572037200000,2.8342,2.8513,2.8294,2.8378,158816.17,1572040799999,451063.860616,896
LINKUSDT,1572040800000,2.8379,2.843,2.7637,2.8078,632348.02,1572044399999,1775470.330228,3124
LINKUSDT,1572044400000,2.8079,2.85,2.7976,2.8374,399730.32,1572047999999,1129266.566994,2259
LINKUSDT,1572048000000,2.8374,2.8493,2.7821,2.7971,1145275.18,1572051599999,3225578.902005,5891
LINKUSDT,1572051600000,2.7974,2.86,2.785,2.8303,1465966.97,1572055199999,4136018.519042,7292
LINKUSDT,1572055200000,2.8304,2.9977,2.805,2.9269,2038103.74,1572058799999,5912029.005555,9314
LINKUSDT,1572058800000,2.9294,2.9399,2.8074,2.848,1019405.14,1572062399999,2918908.977143,5205
LINKUSDT,1572062400000,2.8482,2.8666,2.8313,2.8358,442229.76,1572065999999,1260052.562584,2403
LINKUSDT,1572066000000,2.8358,2.8464,2.805,2.823,538870.78,1572069599999,1520650.915961,2383
LINKUSDT,1572069600000,2.823,2.85,2.81,2.8286,527823.89,1572073199999,1495401.80133,2249
LINKUSDT,1572073200000,2.8291,2.8462,2.7879,2.8018,463531.57,1572076799999,1303862.542086,2478
LINKUSDT,1572076800000,2.8046,2.8196,2.7737,2.783,405240.87,1572080399999,1133829.203553,2078
LINKUSDT,1572080400000,2.7838,2.8204,2.7678,2.7966,561995.21,1572083999999,1572479.737451,3465
LINKUSDT,1572084000000,2.801,2.89,2.7893,2.8295,866919.57,1572087599999,2470359.87096,4251
LINKUSDT,1572087600000,2.8304,2.8425,2.7962,2.8127,259238.66,1572091199999,730838.414541,1813
LINKUSDT,1572091200000,2.8128,2.8531,2.7921,2.7985,352366.16,1572094799999,993599.627973,2355
LINKUSDT,1572094800000,2.7997,2.8157,2.7704,2.7875,224330.25,1572098399999,626915.91594,1677
LINKUSDT,1572098400000,2.7869,2.7911,2.7123,2.7687,614901.18,1572101999999,1688768.676186,3213
LINKUSDT,1572102000000,2.7667,2.785,2.7331,2.753,225036.42,1572105599999,621299.459656,1613
LINKUSDT,1572105600000,2.7516,2.7621,2.6789,2.6982,565372.02,1572109199999,1532580.745747,3452
LINKUSDT,1572109200000,2.6998,2.7057,2.664,2.7057,337590.21,1572112799999,905243.655553,1760
LINKUSDT,1572112800000,2.7057,2.7572,2.6841,2.7319,447003.6,1572116399999,1218494.821382,2638
LINKUSDT,1572116400000,2.7297,2.76,2.704,2.715,230916.24,1572119999999,630583.646241,1443
LINKUSDT,1572120000000,2.7151,2.76,2.7094,2.7252,171932.8,1572123599999,470783.60066,1241
LINKUSDT,1572123600000,2.7252,2.7654,2.7174,2.7436,160703.69,1572127199999,441744.350151,1073
LINKUSDT,1572127200000,2.7469,2.7581,2.72,2.7521,159502.4,1572130799999,437555.431846,950
LINKUSDT,1572130800000,2.7533,2.7677,2.7319,2.7348,119831.78,1572134399999,329575.306154,872
LINKUSDT,1572134400000,2.7323,2.7521,2.67,2.675,422297.74,1572137999999,1143259.403012,2337
LINKUSDT,1572138000000,2.6793,2.708,2.652,2.7056,319171.75,1572141599999,855385.626561,1885
LINKUSDT,1572141600000,2.7057,2.7139,2.6511,2.6872,300592.2,1572145199999,803882.851508,1767
LINKUSDT,1572145200000,2.6886,2.7162,2.6759,2.6976,132308.79,1572148799999,356594.750683,1175
LINKUSDT,1572148800000,2.6981,2.7014,2.6668,2.6869,122771.28,1572152399999,329622.090613,800
LINKUSDT,1572152400000,2.685,2.7494,2.6823,2.7494,265218.79,1572155999999,724210.509042,1663
LINKUSDT,1572156000000,2.7491,2.762,2.7347,2.7417,199128.08,1572159599999,547764.745587,1040
LINKUSDT,1572159600000,2.742,2.7501,2.7154,2.7161,93075.67,1572163199999,254358.436098,726
LINKUSDT,1572163200000,2.7167,2.751,2.67,2.6961,313006.26,1572166799999,849594.247765,1650
LINKUSDT,1572166800000,2.6957,2.7265,2.6923,2.7151,231962.5,1572170399999,627353.042532,1503
LINKUSDT,1572170400000,2.715,2.7231,2.6757,2.6934,305747.77,1572173999999,824505.812887,1781
LINKUSDT,1572174000000,2.6942,2.7227,2.662,2.6697,424459.81,1572177599999,1143323.239701,2579
LINKUSDT,1572177600000,2.6733,2.6941,2.67,2.6868,177906.33,1572181199999,477337.179883,1177
LINKUSDT,1572181200000,2.6892,2.7195,2.6876,2.7008,264286.7,1572184799999,714833.967249,1606
LINKUSDT,1572184800000,2.7008,2.7033,2.6681,2.691,351334.46,1572188399999,942670.890357,2293
LINKUSDT,1572188400000,2.6909,2.7088,2.686,2.6989,283046.44,1572191999999,763364.457232,1875
LINKUSDT,1572192000000,2.6951,2.7,2.67,2.6812,365015.93,1572195599999,980002.354352,2528
LINKUSDT,1572195600000,2.6786,2.721,2.662,2.721,320760.84,1572199199999,862516.575811,2024
LINKUSDT,1572199200000,2.721,2.7249,2.685,2.6958,246309.92,1572202799999,667137.874671,1450
LINKUSDT,1572202800000,2.6944,2.704,2.6723,2.6862,219202.71,1572206399999,588682.988958,1473
LINKUSDT,1572206400000,2.6874,2.6999,2.6694,2.6806,181721.34,1572209999999,487839.699302,1263
LINKUSDT,1572210000000,2.6822,2.6886,2.6664,2.683,137696.06,1572213599999,368142.050502,993
LINKUSDT,1572213600000,2.6812,2.6952,2.67,2.6723,142925.97,1572217199999,383437.662405,967
LINKUSDT,1572217200000,2.6757,2.681,2.6601,2.6646,154254.82,1572220799999,411671.244465,1148
LINKUSDT,1572220800000,2.6707,2.7142,2.666,2.699,256326.54,1572224399999,690008.258858,1813
LINKUSDT,1572224400000,2.699,2.7722,2.6959,2.7544,631250.14,1572227999999,1733055.954231,3609
LINKUSDT,1572228000000,2.755,2.7722,2.735,2.7569,299233.24,1572231599999,824860.216019,1762
LINKUSDT,1572231600000,2.7594,2.8355,2.7573,2.8308,445547.13,1572235199999,1240895.536253,2662
LINKUSDT,1572235200000,2.8352,2.8859,2.8,2.8118,1049087.4,1572238799999,2985365.143002,5625
LINKUSDT,1572238800000,2.8141,2.855,2.812,2.8387,389373.88,1572242399999,1104850.238769,1935
LINKUSDT,1572242400000,2.8401,2.8415,2.756,2.7867,422157.73,1572245999999,1182157.600772,2858
LINKUSDT,1572246000000,2.7868,2.7956,2.7427,2.7871,243610.63,1572249599999,673839.355649,1562
LINKUSDT,1572249600000,2.7873,2.8131,2.76,2.7815,194638.78,1572253199999,542652.120689,1386
LINKUSDT,1572253200000,2.7801,2.8479,2.7786,2.8479,368439.06,1572256799999,1041626.04345,2132
LINKUSDT,1572256800000,2.8478,2.8485,2.8,2.8294,209870.95,1572260399999,593548.008322,1606
LINKUSDT,1572260400000,2.8292,2.8305,2.809,2.8135,81519.63,1572263999999,229716.357076,749
LINKUSDT,1572264000000,2.8135,2.815,2.7554,2.779,259825.4,1572267599999,722488.384167,1627
LINKUSDT,1572267600000,2.779,2.797,2.7663,2.781,179002.71,1572271199999,498147.709852,1000
LINKUSDT,1572271200000,2.7809,2.8408,2.7499,2.7734,422505.31,1572274799999,1180390.61632,2846
LINKUSDT,1572274800000,2.7718,2.79,2.75,2.7502,240722.46,1572278399999,666946.921545,1538
LINKUSDT,1572278400000,2.7508,2.775,2.7411,2.7499,179811.04,1572281999999,495888.116679,1277
LINKUSDT,1572282000000,2.7502,2.7502,2.6972,2.7039,444257.48,1572285599999,1207271.298114,2196
LINKUSDT,1572285600000,2.7046,2.7352,2.685,2.6924,326368.32,1572289199999,882032.667514,2072
LINKUSDT,1572289200000,2.6934,2.7101,2.6848,2.697,147316.06,1572292799999,397555.310918,909
LINKUSDT,1572292800000,2.697,2.7287,2.6937,2.7052,190099.5,1572296399999,515415.097305,1138
LINKUSDT,1572296400000,2.707,2.7126,2.6844,2.6893,201586.6,1572299999999,542704.522963,1049
LINKUSDT,1572300000000,2.6881,2.7106,2.6814,2.7039,127605.73,1572303599999,343859.899698,933
LINKUSDT,1572303600000,2.7053,2.7253,2.66,2.6611,528991.05,1572307199999,1422966.901246,2347
LINKUSDT,1572307200000,2.6601,2.7002,2.6553,2.6824,134927.63,1572310799999,361717.677505,957
LINKUSDT,1572310800000,2.6819,2.7156,2.6748,2.7076,130406.58,1572314399999,351305.017708,837
LINKUSDT,1572314400000,2.7066,2.7103,2.6814,2.6904,51698.74,1572317999999,139101.329954,488
LINKUSDT,1572318000000,2.69,2.6933,2.6786,2.6836,41158.0,1572321599999,110427.646991,360
LINKUSDT,1572321600000,2.6842,2.709,2.68,2.7085,106826.55,1572325199999,288030.355879,746
LINKUSDT,1572325200000,2.7085,2.715,2.6836,2.6941,145785.99,1572328799999,394104.904071,896
LINKUSDT,1572328800000,2.6942,2.7302,2.6931,2.725,210619.42,1572332399999,572665.369463,1058
LINKUSDT,1572332400000,2.7219,2.769,2.7135,2.7402,353404.07,1572335999999,969748.998933,1874
LINKUSDT,1572336000000,2.7407,2.7534,2.7256,2.7449,130629.4,1572339599999,357915.1105,866
LINKUSDT,1572339600000,2.7417,2.7448,2.7007,2.7084,175736.71,1572343199999,477795.800709,1011
LINKUSDT,1572343200000,2.7085,2.7238,2.7035,2.7208,72634.66,1572346799999,197094.608707,692
LINKUSDT,1572346800000,2.7206,2.7225,2.7,2.7101,89547.01,1572350399999,242571.690697,573
LINKUSDT,1572350400000,2.7113,2.72,2.6906,2.6978,134958.63,1572353999999,364949.201169,802
LINKUSDT,1572354000000,2.6979,2.705,2.6704,2.6938,172077.58,1572357599999,462005.445065,1045
LINKUSDT,1572357600000,2.6936,2.7176,2.686,2.7108,133080.8,1572361199999,359808.162918,1016
LINKUSDT,1572361200000,2.7108,2.7111,2.6852,2.6935,102689.29,1572364799999,276543.413727,695
LINKUSDT,1572364800000,2.6935,2.6957,2.6662,2.668,185331.15,1572368399999,496080.504819,927
LINKUSDT,1572368400000,2.668,2.6962,2.6652,2.6924,81439.33,1572371999999,218481.49992,765
LINKUSDT,1572372000000,2.6912,2.7151,2.681,2.6813,173721.2,1572375599999,469473.096194,1097
LINKUSDT,1572375600000,2.6814,2.6917,2.6321,2.6728,282863.05,1572379199999,751797.092702,1972
LINKUSDT,1572379200000,2.673,2.7088,2.67,2.6836,122392.55,1572382799999,329142.782377,1068
LINKUSDT,1572382800000,2.6822,2.6835,2.6431,2.6607,239094.58,1572386399999,635437.457516,1389
LINKUSDT,1572386400000,2.6618,2.6908,2.6512,2.6733,169940.69,1572389999999,454168.155739,1025
LINKUSDT,1572390000000,2.6768,2.6794,2.6468,2.662,118273.04,1572393599999,314602.960802,907
LINKUSDT,1572393600000,2.661,2.6768,2.6331,2.6527,202102.58,1572397199999,535951.798057,1209
LINKUSDT,1572397200000,2.6523,2.6576,2.6247,2.65,181670.39,1572400799999,479906.564297,1150
LINKUSDT,1572400800000,2.6531,2.6563,2.6032,2.6119,202375.83,1572404399999,531134.618422,1345
LINKUSDT,1572404400000,2.6133,2.6387,2.5961,2.6225,230096.35,1572407999999,601736.024417,1333
LINKUSDT,1572408000000,2.6226,2.6256,2.5852,2.596,160255.95,1572411599999,416625.760731,1160
LINKUSDT,1572411600000,2.596,2.5984,2.54,2.5566,354926.01,1572415199999,910045.658503,2416
LINKUSDT,1572415200000,2.5564,2.5962,2.5502,2.5754,182894.11,1572418799999,470951.432767,1211
LINKUSDT,1572418800000,2.5737,2.6191,2.5701,2.5952,150747.42,1572422399999,391786.500224,1128
LINKUSDT,1572422400000,2.5905,2.6134,2.5905,2.595,119367.4,1572425999999,310600.491645,701
LINKUSDT,1572426000000,2.5953,2.625,2.594,2.625,89484.94,1572429599999,233845.193263,743
LINKUSDT,1572429600000,2.625,2.6272,2.5506,2.5716,212492.28,1572433199999,547580.357918,1261
LINKUSDT,1572433200000,2.5668,2.575,2.5107,2.542,272467.17,1572436799999,690874.522078,1679
LINKUSDT,1572436800000,2.542,2.5784,2.5397,2.5552,270332.19,1572440399999,690545.979169,1243
LINKUSDT,1572440400000,2.5524,2.5698,2.5333,2.5408,158987.9,1572443999999,406284.486447,776
LINKUSDT,1572444000000,2.5409,2.5754,2.535,2.5705,101731.14,1572447599999,260243.31661,711
LINKUSDT,1572447600000,2.5723,2.602,2.5667,2.5973,214306.31,1572451199999,554146.180351,1213
LINKUSDT,1572451200000,2.5937,2.603,2.551,2.5583,133399.13,1572454799999,343262.452761,929
LINKUSDT,1572454800000,2.5593,2.5777,2.5523,2.5744,88917.38,1572458399999,228059.678778,540
LINKUSDT,1572458400000,2.5744,2.599,2.5721,2.5985,67490.0,1572461999999,174590.018562,682
LINKUSDT,1572462000000,2.5984,2.6099,2.5853,2.5958,174785.8,1572465599999,454522.172952,1037
LINKUSDT,1572465600000,2.5967,2.6011,2.5751,2.5812,89707.66,1572469199999,232298.925779,527
LINKUSDT,1572469200000,2.58,2.6097,2.5673,2.6057,136458.14,1572472799999,354761.164101,866
LINKUSDT,1572472800000,2.6059,2.62,2.6031,2.6093,127723.22,1572476399999,333782.872684,746
LINKUSDT,1572476400000,2.6118,2.6166,2.6,2.6093,52762.66,1572479999999,137526.161904,428
LINKUSDT,1572480000000,2.6044,2.64,2.6043,2.6295,137697.63,1572483599999,361485.539423,919
LINKUSDT,1572483600000,2.6295,2.6318,2.58,2.5839,112932.82,1572487199999,294159.628086,963
LINKUSDT,1572487200000,2.5811,2.6,2.58,2.5863,58512.35,1572490799999,151311.983716,448
LINKUSDT,1572490800000,2.5875,2.6009,2.5875,2.5914,22160.28,1572494399999,57495.560901,195
LINKUSDT,1572494400000,2.5936,2.598,2.5701,2.5951,65308.25,1572497999999,168379.314254,543
LINKUSDT,1572498000000,2.5961,2.63,2.5951,2.6247,143907.29,1572501599999,376273.851961,889
LINKUSDT,1572501600000,2.6233,2.633,2.5979,2.6034,168741.35,1572505199999,441078.92808,854
LINKUSDT,1572505200000,2.6034,2.6073,2.5864,2.5942,38679.52,1572508799999,100399.768332,359
LINKUSDT,1572508800000,2.5942,2.6142,2.5917,2.6023,44174.84,1572512399999,114942.357635,408
LINKUSDT,1572512400000,2.6024,2.6025,2.5642,2.5709,104302.5,1572515999999,268734.733571,674
LINKUSDT,1572516000000,2.5732,2.5818,2.5365,2.5698,288032.14,1572519599999,736320.674282,1439
LINKUSDT,1572519600000,2.566,2.6073,2.561,2.588,121549.82,1572523199999,313767.525292,830
LINKUSDT,1572523200000,2.5877,2.633,2.5761,2.6094,233873.34,1572526799999,611717.569072,1641
LINKUSDT,1572526800000,2.6097,2.63,2.594,2.624,104108.69,1572530399999,272106.74424,835
LINKUSDT,1572530400000,2.6269,2.6274,2.5983,2.6107,80936.64,1572533999999,211345.761021,640
LINKUSDT,1572534000000,2.6107,2.6282,2.6017,2.6062,100134.53,1572537599999,261634.809679,756
LINKUSDT,1572537600000,2.6059,2.6259,2.6041,2.6217,87061.38,1572541199999,227799.718688,575
LINKUSDT,1572541200000,2.625,2.6669,2.6237,2.6669,216445.8,1572544799999,571669.77583,1511
LINKUSDT,1572544800000,2.6651,2.7499,2.65,2.7341,599703.39,1572548399999,1618148.148543,3492
LINKUSDT,1572548400000,2.7365,2.7573,2.6975,2.7192,436680.89,1572551999999,1192226.397993,2565
LINKUSDT,1572552000000,2.7172,2.7504,2.6972,2.7064,312457.34,1572555599999,850785.30963,1924
LINKUSDT,1572555600000,2.7052,2.73,2.6721,2.7051,293391.37,1572559199999,792785.179825,1827
LINKUSDT,1572559200000,2.7025,2.7268,2.6978,2.7245,187953.1,1572562799999,509743.978297,1064
LINKUSDT,1572562800000,2.7235,2.7418,2.7119,2.7219,178083.79,1572566399999,486633.207632,1223
LINKUSDT,1572566400000,2.7233,2.7952,2.7145,2.7666,365872.03,1572569999999,1009630.010475,2433
LINKUSDT,1572570000000,2.7657,2.7872,2.7283,2.7417,185018.04,1572573599999,509450.213371,1491
LINKUSDT,1572573600000,2.7417,2.774,2.7116,2.7728,318001.3,1572577199999,872952.066072,1602
LINKUSDT,1572577200000,2.7727,2.7826,2.719,2.7193,145983.62,1572580799999,401794.969213,1104
LINKUSDT,1572580800000,2.7215,2.7535,2.7135,2.729,107153.67,1572584399999,293348.675846,824
LINKUSDT,1572584400000,2.7291,2.7586,2.7177,2.724,135423.67,1572587999999,370676.407281,797
LINKUSDT,1572588000000,2.7237,2.7437,2.7111,2.7351,109545.69,1572591599999,298587.19762,745
LINKUSDT,1572591600000,2.735,2.7369,2.7113,2.7135,85356.05,1572595199999,232359.194727,544
LINKUSDT,1572595200000,2.713,2.7186,2.6865,2.7002,347446.69,1572598799999,938887.484566,1557
LINKUSDT,1572598800000,2.7002,2.7021,2.6605,2.6755,269754.07,1572602399999,721376.368813,1220
LINKUSDT,1572602400000,2.6755,2.6969,2.6733,2.674,150313.59,1572605999999,403570.041607,826
LINKUSDT,1572606000000,2.6776,2.6891,2.6617,2.6735,221721.75,1572609599999,592974.383258,1317
LINKUSDT,1572609600000,2.6735,2.705,2.664,2.6884,151575.16,1572613199999,407260.409201,995
LINKUSDT,1572613200000,2.6873,2.6978,2.6658,2.67,124161.93,1572616799999,332498.47681,826
LINKUSDT,1572616800000,2.67,2.6781,2.6545,2.6645,120974.28,1572620399999,321994.762282,660
LINKUSDT,1572620400000,2.6634,2.6884,2.6505,2.6548,205823.75,1572623999999,549289.484404,1028
LINKUSDT,1572624000000,2.6547,2.6839,2.6428,2.6762,165112.38,1572627599999,439407.578849,963
LINKUSDT,1572627600000,2.6759,2.6873,2.664,2.6687,75136.16,1572631199999,201044.075008,504
LINKUSDT,1572631200000,2.6704,2.68,2.6659,2.6748,27577.78,1572634799999,73722.97237,314
LINKUSDT,1572634800000,2.6772,2.682,2.653,2.66,96801.81,1572638399999,258016.304202,509
LINKUSDT,1572638400000,2.6602,2.6992,2.66,2.6972,118197.46,1572641999999,316974.74365,891
LINKUSDT,1572642000000,2.6972,2.7151,2.6883,2.7096,114294.1,1572645599999,308577.864857,769
LINKUSDT,1572645600000,2.7143,2.726,2.6992,2.7087,111331.19,1572649199999,302026.006112,983
LINKUSDT,1572649200000,2.7087,2.7163,2.7001,2.7091,34237.25,1572652799999,92692.468022,408
LINKUSDT,1572652800000,2.7092,2.7334,2.7049,2.7104,85743.7,1572656399999,233279.702199,724
LINKUSDT,1572656400000,2.712,2.735,2.7103,2.7219,81637.08,1572659999999,222054.621389,608
LINKUSDT,1572660000000,2.7197,2.7308,2.7119,2.7303,51293.84,1572663599999,139508.850696,339
LINKUSDT,1572663600000,2.7303,2.7362,2.723,2.7302,70835.47,1572667199999,193399.529113,442
LINKUSDT,1572667200000,2.7329,2.7399,2.7286,2.73,71987.59,1572670799999,196754.21938,551
LINKUSDT,1572670800000,2.7299,2.7316,2.7034,2.7134,128010.76,1572674399999,347837.378241,689
LINKUSDT,1572674400000,2.7152,2.7225,2.7061,2.7112,49349.58,1572677999999,133862.193309,423
LINKUSDT,1572678000000,2.7097,2.73,2.7059,2.7167,75043.09,1572681599999,203914.80333,423
LINKUSDT,1572681600000,2.7185,2.7225,2.6869,2.6981,217809.98,1572685199999,588091.146614,1085
LINKUSDT,1572685200000,2.7001,2.7149,2.6944,2.6986,34075.48,1572688799999,92066.151444,318
LINKUSDT,1572688800000,2.6974,2.7051,2.6913,2.7009,26736.29,1572692399999,72124.758764,271
LINKUSDT,1572692400000,2.703,2.7196,2.703,2.7123,42954.25,1572695999999,116575.051276,369
LINKUSDT,1572696000000,2.7147,2.7235,2.6872,2.6908,172722.55,1572699599999,466375.809146,962
LINKUSDT,1572699600000,2.69,2.6995,2.6828,2.6947,154802.09,1572703199999,416732.00678,750
LINKUSDT,1572703200000,2.6946,2.7039,2.688,2.6998,109800.09,1572706799999,296074.409867,536
LINKUSDT,1572706800000,2.6999,2.708,2.6888,2.6955,91204.15,1572710399999,245978.757452,529
LINKUSDT,1572710400000,2.6955,2.704,2.688,2.6946,37123.25,1572713999999,100106.847023,336
LINKUSDT,1572714000000,2.6947,2.6981,2.6845,2.6964,64819.96,1572717599999,174413.905661,479
LINKUSDT,1572717600000,2.6949,2.706,2.6898,2.6935,64527.91,1572721199999,174131.222324,539
LINKUSDT,1572721200000,2.6934,2.725,2.69,2.7248,70663.06,1572724799999,191706.450289,498
LINKUSDT,1572724800000,2.7234,2.7301,2.7088,2.7202,126984.77,1572728399999,345436.561526,782
LINKUSDT,1572728400000,2.7203,2.7263,2.6932,2.6939,41480.77,1572731999999,112171.824698,379
LINKUSDT,1572732000000,2.6958,2.71,2.6938,2.7042,35806.62,1572735599999,96694.701046,277
LINKUSDT,1572735600000,2.7048,2.7084,2.6945,2.6973,40291.14,1572739199999,108712.317281,188
LINKUSDT,1572739200000,2.7015,2.7104,2.6928,2.7016,39304.55,1572742799999,106224.395879,300
LINKUSDT,1572742800000,2.7016,2.7084,2.6857,2.6898,73996.94,1572746399999,199507.47965,413
LINKUSDT,1572746400000,2.6914,2.6961,2.6728,2.6762,123048.43,1572749999999,330349.758916,854
LINKUSDT,1572750000000,2.6789,2.693,2.6732,2.6779,49713.53,1572753599999,133268.118411,349
LINKUSDT,1572753600000,2.6783,2.6798,2.666,2.6747,72251.44,1572757199999,193085.8223,430
LINKUSDT,1572757200000,2.6728,2.69,2.666,2.683,81349.19,1572760799999,217863.213002,434
LINKUSDT,1572760800000,2.6833,2.6968,2.6826,2.6898,79183.71,1572764399999,212972.661605,470
LINKUSDT,1572764400000,2.6899,2.692,2.678,2.678,23043.83,1572767999999,61875.424586,215
LINKUSDT,1572768000000,2.6794,2.6798,2.6732,2.6783,41641.33,1572771599999,111488.604466,322
LINKUSDT,1572771600000,2.6783,2.6952,2.6704,2.6938,84021.78,1572775199999,225409.610063,573
LINKUSDT,1572775200000,2.694,2.694,2.6556,2.6611,86491.44,1572778799999,230616.558029,741
LINKUSDT,1572778800000,2.6611,2.6678,2.6505,2.6599,74216.33,1572782399999,197283.477288,500
LINKUSDT,1572782400000,2.6572,2.6867,2.6291,2.6731,272923.93,1572785999999,723300.081795,1462
LINKUSDT,1572786000000,2.6723,2.68,2.6479,2.6707,62635.5,1572789599999,166921.598823,511
LINKUSDT,1572789600000,2.6726,2.6786,2.6446,2.6498,57675.07,1572793199999,153355.536689,488
LINKUSDT,1572793200000,2.649,2.67,2.6439,2.67,44824.35,1572796799999,118908.666286,365
LINKUSDT,1572796800000,2.6682,2.6692,2.6501,2.6605,41623.45,1572800399999,110618.609512,355
LINKUSDT,1572800400000,2.6605,2.6636,2.64,2.6488,47142.45,1572803999999,124987.633295,329
LINKUSDT,1572804000000,2.6536,2.655,2.6395,2.6544,43335.16,1572807599999,114741.747048,252
LINKUSDT,1572807600000,2.6541,2.6542,2.6381,2.641,34434.06,1572811199999,91055.605126,250
LINKUSDT,1572811200000,2.6432,2.6483,2.6324,2.6416,75248.59,1572814799999,198513.162786,436
LINKUSDT,1572814800000,2.6411,2.6491,2.6202,2.6452,63106.84,1572818399999,166196.711846,533
LINKUSDT,1572818400000,2.6463,2.6642,2.645,2.6642,62780.83,1572821999999,166776.044964,506
LINKUSDT,1572822000000,2.663,2.6678,2.6538,2.6605,42762.12,1572825599999,113794.17195,346
LINKUSDT,1572825600000,2.6594,2.66,2.6403,2.6434,39145.27,1572829199999,103620.328691,284
LINKUSDT,1572829200000,2.6427,2.6468,2.6338,2.6407,36897.92,1572832799999,97371.372648,331
LINKUSDT,1572832800000,2.6407,2.6484,2.6287,2.6366,86503.05,1572836399999,228280.26184,541
LINKUSDT,1572836400000,2.6363,2.6436,2.633,2.6404,100505.22,1572839999999,265143.699277,370
LINKUSDT,1572840000000,2.6404,2.6404,2.6307,2.6342,55255.44,1572843599999,145611.332604,326
LINKUSDT,1572843600000,2.6326,2.6385,2.6267,2.6355,40397.86,1572847199999,106346.961836,223
LINKUSDT,1572847200000,2.6355,2.6546,2.6318,2.6478,62195.6,1572850799999,164504.230283,480
LINKUSDT,1572850800000,2.6475,2.6565,2.6437,2.6526,35053.21,1572854399999,92876.75281,294
LINKUSDT,1572854400000,2.6541,2.665,2.6433,2.646,58483.95,1572857999999,155371.971656,408
LINKUSDT,1572858000000,2.6498,2.6638,2.6457,2.662,43093.43,1572861599999,114527.676301,291
LINKUSDT,1572861600000,2.6639,2.6666,2.6583,2.6601,35365.37,1572865199999,94135.61004,437
LINKUSDT,1572865200000,2.6621,2.6726,2.6595,2.6699,77931.93,1572868799999,207876.971454,544
LINKUSDT,1572868800000,2.6699,2.6758,2.6644,2.6731,89968.91,1572872399999,240315.390639,564
LINKUSDT,1572872400000,2.6717,2.72,2.6682,2.7058,299322.24,1572875999999,808116.891613,1992
LINKUSDT,1572876000000,2.7075,2.7245,2.7041,2.7128,203923.45,1572879599999,553646.654159,1436
LINKUSDT,1572879600000,2.7103,2.7238,2.6962,2.7213,148779.01,1572883199999,403211.897907,942
LINKUSDT,1572883200000,2.7213,2.73,2.7025,2.7098,142669.61,1572886799999,387171.687754,951
LINKUSDT,1572886800000,2.7083,2.7176,2.6885,2.69,91231.31,1572890399999,246315.789776,683
LINKUSDT,1572890400000,2.6905,2.6965,2.6801,2.6821,70273.56,1572893999999,188951.048792,551
LINKUSDT,1572894000000,2.6843,2.6987,2.6782,2.6917,72072.51,1572897599999,193904.361079,497
LINKUSDT,1572897600000,2.6953,2.7139,2.6715,2.6927,251968.73,1572901199999,677885.73494,1921
LINKUSDT,1572901200000,2.6927,2.7135,2.6834,2.6834,61656.15,1572904799999,166563.748069,584
LINKUSDT,1572904800000,2.6833,2.688,2.6606,2.6662,115699.74,1572908399999,309110.041235,893
LINKUSDT,1572908400000,2.6662,2.6888,2.6624,2.6746,97592.27,1572911999999,261175.480382,730
LINKUSDT,1572912000000,2.6746,2.6765,2.6322,2.6492,338922.6,1572915599999,898261.386806,1968
LINKUSDT,1572915600000,2.6492,2.6679,2.6373,2.6399,130812.96,1572919199999,347138.108012,870
LINKUSDT,1572919200000,2.6398,2.6789,2.6379,2.678,68829.03,1572922799999,183210.816339,587
LINKUSDT,1572922800000,2.677,2.6816,2.6466,2.6606,89585.41,1572926399999,238436.592784,687
LINKUSDT,1572926400000,2.6616,2.6639,2.6501,2.6549,47393.96,1572929999999,125943.740032,378
LINKUSDT,1572930000000,2.6549,2.6666,2.647,2.6551,82510.29,1572933599999,219174.149001,504
LINKUSDT,1572933600000,2.6533,2.6597,2.6433,2.6484,78320.67,1572937199999,207451.260288,543
LINKUSDT,1572937200000,2.6486,2.6492,2.635,2.645,52228.09,1572940799999,137959.956712,507
LINKUSDT,1572940800000,2.645,2.6594,2.6404,2.6594,40708.14,1572944399999,107823.034441,326
LINKUSDT,1572944400000,2.6581,2.6809,2.6558,2.6681,95315.22,1572947999999,254311.934887,724
LINKUSDT,1572948000000,2.6681,2.6705,2.6525,2.6676,94362.44,1572951599999,251097.446236,602
LINKUSDT,1572951600000,2.6657,2.6935,2.6634,2.6675,123286.98,1572955199999,330191.101051,845
LINKUSDT,1572955200000,2.6671,2.69,2.6659,2.6784,81365.76,1572958799999,218244.430283,459
LINKUSDT,1572958800000,2.6785,2.6822,2.665,2.6652,58936.01,1572962399999,157652.57983,379
LINKUSDT,1572962400000,2.6664,2.6842,2.6659,2.6816,77044.37,1572965999999,206160.905831,549
LINKUSDT,1572966000000,2.6837,2.6939,2.676,2.6874,114223.55,1572969599999,307028.373723,720
LINKUSDT,1572969600000,2.6875,2.693,2.6745,2.6857,92670.67,1572973199999,248522.567434,660
LINKUSDT,1572973200000,2.6817,2.6881,2.6749,2.6828,46307.69,1572976799999,124150.870171,415
LINKUSDT,1572976800000,2.6825,2.6947,2.675,2.6898,76554.0,1572980399999,205707.915696,584
LINKUSDT,1572980400000,2.6862,2.6914,2.6766,2.6867,41558.83,1572983999999,111531.423474,352
LINKUSDT,1572984000000,2.6867,2.692,2.6724,2.679,52440.69,1572987599999,140606.799736,414
LINKUSDT,1572987600000,2.679,2.6896,2.6743,2.6834,28499.94,1572991199999,76429.5611,266
LINKUSDT,1572991200000,2.6811,2.685,2.6678,2.67,44472.52,1572994799999,118838.486363,406
LINKUSDT,1572994800000,2.6723,2.6826,2.6701,2.6746,28871.91,1572998399999,77280.466381,286
LINKUSDT,1572998400000,2.6743,2.6777,2.6642,2.6642,38985.21,1573001999999,104100.750797,437
LINKUSDT,1573002000000,2.6642,2.6679,2.6479,2.6663,125548.69,1573005599999,333752.183825,775
LINKUSDT,1573005600000,2.6664,2.6725,2.6591,2.6616,33738.61,1573009199999,89942.748541,389
LINKUSDT,1573009200000,2.6616,2.6641,2.655,2.6577,39073.8,1573012799999,103932.013264,355
LINKUSDT,1573012800000,2.6577,2.6826,2.6577,2.6819,43650.04,1573016399999,116668.725001,497
LINKUSDT,1573016400000,2.681,2.685,2.675,2.6799,36937.7,1573019999999,98992.179008,389
LINKUSDT,1573020000000,2.68,2.6853,2.6718,2.6844,56092.03,1573023599999,150212.473563,410
LINKUSDT,1573023600000,2.6848,2.6881,2.673,2.6798,114785.57,1573027199999,307659.984373,520
LINKUSDT,1573027200000,2.683,2.684,2.6758,2.6766,32744.75,1573030799999,87713.608229,338
LINKUSDT,1573030800000,2.6766,2.6799,2.6643,2.6688,74647.03,1573034399999,199462.227103,651
LINKUSDT,1573034400000,2.6688,2.6737,2.6589,2.661,70642.81,1573037999999,188322.125732,522
LINKUSDT,1573038000000,2.661,2.6743,2.6603,2.6635,56400.61,1573041599999,150404.743418,415
LINKUSDT,1573041600000,2.6648,2.671,2.6599,2.664,72215.25,1573045199999,192259.375096,417
LINKUSDT,1573045200000,2.6657,2.6685,2.66,2.663,42976.85,1573048799999,114524.468209,442
LINKUSDT,1573048800000,2.663,2.6732,2.662,2.6672,42712.01,1573052399999,113991.536252,424
LINKUSDT,1573052400000,2.6673,2.6778,2.661,2.6775,47852.67,1573055999999,127788.817968,406
LINKUSDT,1573056000000,2.6761,2.6774,2.6556,2.6599,46850.78,1573059599999,124759.999234,491
LINKUSDT,1573059600000,2.663,2.6661,2.6536,2.6567,37518.3,1573063199999,99750.290581,452
LINKUSDT,1573063200000,2.6568,2.6986,2.6562,2.6984,228575.48,1573066799999,612407.204505,1634
LINKUSDT,1573066800000,2.6971,2.705,2.6853,2.6992,207261.23,1573070399999,558960.425421,1240
LINKUSDT,1573070400000,2.697,2.82,2.6957,2.7564,934452.3,1573073999999,2587702.039574,6899
LINKUSDT,1573074000000,2.7563,2.781,2.733,2.7355,398606.18,1573077599999,1097988.929505,2501
LINKUSDT,1573077600000,2.7353,2.7501,2.72,2.7412,233231.09,1573081199999,637815.799013,1530
LINKUSDT,1573081200000,2.7416,2.7542,2.7235,2.7448,158749.64,1573084799999,434424.734208,1235
LINKUSDT,1573084800000,2.7446,2.7549,2.7269,2.727,139347.86,1573088399999,381727.980238,900
LINKUSDT,1573088400000,2.7277,2.7358,2.7047,2.71,144710.18,1573091999999,393691.027766,1050
LINKUSDT,1573092000000,2.7113,2.7143,2.6771,2.6808,173470.73,1573095599999,466757.156288,1442
LINKUSDT,1573095600000,2.6827,2.6958,2.6743,2.6788,96196.22,1573099199999,258240.608858,598
LINKUSDT,1573099200000,2.6788,2.6901,2.6754,2.6782,67035.68,1573102799999,179883.305472,416
LINKUSDT,1573102800000,2.678,2.678,2.65,2.6691,211602.96,1573106399999,563331.442825,1249
LINKUSDT,1573106400000,2.6681,2.6988,2.6681,2.6829,132887.98,1573109999999,357011.280554,1186
LINKUSDT,1573110000000,2.6815,2.7077,2.675,2.6824,65872.02,1573113599999,177103.384352,744
LINKUSDT,1573113600000,2.6804,2.6997,2.6778,2.6873,52457.28,1573117199999,140938.308352,506
LINKUSDT,1573117200000,2.6879,2.6939,2.665,2.6685,76442.09,1573120799999,204956.920666,704
LINKUSDT,1573120800000,2.6684,2.6704,2.6022,2.6674,525899.8,1573124399999,1387741.961848,2614
LINKUSDT,1573124400000,2.6671,2.6777,2.6544,2.67,248594.37,1573127999999,662951.870111,948
LINKUSDT,1573128000000,2.67,2.7242,2.6553,2.7137,364544.34,1573131599999,981807.011194,2246
LINKUSDT,1573131600000,2.713,2.7137,2.6816,2.6839,149840.71,1573135199999,403625.362044,1056
LINKUSDT,1573135200000,2.6856,2.702,2.6661,2.6911,115302.7,1573138799999,309110.780779,967
LINKUSDT,1573138800000,2.6927,2.7034,2.6778,2.6798,117964.82,1573142399999,317045.29294,638
LINKUSDT,1573142400000,2.6798,2.6989,2.6676,2.6833,94581.7,1573145999999,253957.34222,676
LINKUSDT,1573146000000,2.6838,2.6953,2.6728,2.6878,139430.76,1573149599999,374419.216391,662
LINKUSDT,1573149600000,2.6868,2.7199,2.6858,2.7017,128113.26,1573153199999,346707.020684,1049
LINKUSDT,1573153200000,2.7052,2.7077,2.6626,2.6871,193315.72,1573156799999,517895.111242,1088
LINKUSDT,1573156800000,2.686,2.6903,2.6692,2.6695,88255.52,1573160399999,236460.760175,519
LINKUSDT,1573160400000,2.6707,2.6868,2.6663,2.6803,98222.41,1573163999999,262976.906879,618
LINKUSDT,1573164000000,2.6806,2.6892,2.6751,2.6857,42024.93,1573167599999,112780.320685,370
LINKUSDT,1573167600000,2.6866,2.6886,2.6737,2.6757,32755.73,1573171199999,87805.354189,208
LINKUSDT,1573171200000,2.6758,2.6911,2.6675,2.6896,80365.42,1573174799999,215172.266398,548
LINKUSDT,1573174800000,2.6891,2.72,2.688,2.699,162647.43,1573178399999,439827.32149,1081
LINKUSDT,1573178400000,2.6977,2.7333,2.6853,2.7235,185955.77,1573181999999,505221.992505,1764
LINKUSDT,1573182000000,2.7235,2.7247,2.7011,2.7163,90583.58,1573185599999,245958.48745,678
LINKUSDT,1573185600000,2.7188,2.7198,2.6988,2.7038,86245.41,1573189199999,233658.478279,621
LINKUSDT,1573189200000,2.7031,2.7143,2.6969,2.7001,64271.17,1573192799999,173847.192525,521
LINKUSDT,1573192800000,2.7001,2.7049,2.6924,2.7001,57524.45,1573196399999,155166.066664,445
LINKUSDT,1573196400000,2.6961,2.701,2.6871,2.6932,80833.19,1573199999999,217816.57258,619
LINKUSDT,1573200000000,2.6932,2.7014,2.6794,2.6831,63287.99,1573203599999,170251.143163,654
LINKUSDT,1573203600000,2.6801,2.6892,2.668,2.6807,156641.41,1573207199999,419033.705708,1229
LINKUSDT,1573207200000,2.6792,2.6803,2.671,2.6771,58766.2,1573210799999,157348.202689,390
LINKUSDT,1573210800000,2.6782,2.6999,2.6766,2.6778,66683.36,1573214399999,179211.190037,684
LINKUSDT,1573214400000,2.6779,2.6847,2.6691,2.6698,51583.69,1573217999999,138041.441695,473
LINKUSDT,1573218000000,2.6696,2.6738,2.621,2.6335,353081.05,1573221599999,934601.475194,2101
LINKUSDT,1573221600000,2.6345,2.7,2.63,2.6677,391141.54,1573225199999,1043699.572022,3344
LINKUSDT,1573225200000,2.6661,2.6719,2.6365,2.6558,130117.26,1573228799999,344877.038437,1077
LINKUSDT,1573228800000,2.6523,2.6722,2.6455,2.6508,96602.86,1573232399999,256896.327124,983
LINKUSDT,1573232400000,2.6493,2.6608,2.6416,2.651,61049.18,1573235999999,161820.526024,502
LINKUSDT,1573236000000,2.6511,2.675,2.6476,2.6614,48793.31,1573239599999,129830.572346,537
LINKUSDT,1573239600000,2.6628,2.6759,2.6628,2.6707,52959.08,1573243199999,141445.762136,361
LINKUSDT,1573243200000,2.6689,2.7222,2.6663,2.7102,188639.37,1573246799999,510028.152768,1674
LINKUSDT,1573246800000,2.71,2.7223,2.6883,2.701,210785.04,1573250399999,570683.52844,1361
LINKUSDT,1573250400000,2.7011,2.7289,2.6992,2.7142,127158.38,1573253999999,345544.847268,1012
LINKUSDT,1573254000000,2.716,2.7263,2.7046,2.71,67163.53,1573257599999,182237.520311,728
LINKUSDT,1573257600000,2.7091,2.7699,2.7031,2.764,283393.89,1573261199999,778035.494477,2460
LINKUSDT,1573261200000,2.7603,2.7988,2.7389,2.7605,271522.37,1573264799999,753076.458777,2271
LINKUSDT,1573264800000,2.763,2.7632,2.725,2.7458,217063.09,1573268399999,594548.434462,1801
LINKUSDT,1573268400000,2.7459,2.764,2.7432,2.7516,83769.9,1573271999999,230654.279713,691
LINKUSDT,1573272000000,2.7516,2.7516,2.73,2.7342,48812.89,1573275599999,133639.537394,524
LINKUSDT,1573275600000,2.7345,2.7414,2.7156,2.7344,132755.96,1573279199999,362063.674136,1105
LINKUSDT,1573279200000,2.7345,2.7455,2.715,2.715,98697.69,1573282799999,269204.022879,802
LINKUSDT,1573282800000,2.7183,2.7337,2.7102,2.712,79199.39,1573286399999,215464.623446,767
LINKUSDT,1573286400000,2.7116,2.75,2.7116,2.741,119441.31,1573289999999,326617.447662,980
LINKUSDT,1573290000000,2.741,2.7621,2.7382,2.7569,187790.19,1573293599999,516809.961222,1161
LINKUSDT,1573293600000,2.7547,2.7574,2.7345,2.7375,86148.25,1573297199999,236190.643567,862
LINKUSDT,1573297200000,2.7382,2.7397,2.72,2.7254,126180.06,1573300799999,344512.20102,884
LINKUSDT,1573300800000,2.7248,2.767,2.7235,2.7621,120594.32,1573304399999,331430.836756,1009
LINKUSDT,1573304400000,2.7593,2.8193,2.7586,2.8103,526034.86,1573307999999,1469475.886956,3033
LINKUSDT,1573308000000,2.8124,2.8171,2.7811,2.7913,231496.13,1573311599999,648022.303359,1951
LINKUSDT,1573311600000,2.7913,2.835,2.7875,2.83,366566.49,1573315199999,1031941.239349,2437
LINKUSDT,1573315200000,2.83,2.8497,2.77,2.8201,678844.97,1573318799999,1913513.114773,3923
LINKUSDT,1573318800000,2.8208,2.84,2.7839,2.7983,289670.5,1573322399999,815141.775223,2275
LINKUSDT,1573322400000,2.7994,2.8157,2.7859,2.7975,88555.85,1573325999999,248006.985831,785
LINKUSDT,1573326000000,2.7976,2.8324,2.7941,2.8195,136418.37,1573329599999,384740.377708,886
LINKUSDT,1573329600000,2.8188,2.8382,2.8041,2.8091,221738.32,1573333199999,626318.416574,1245
LINKUSDT,1573333200000,2.8084,2.8196,2.7977,2.8186,80397.11,1573336799999,225777.599638,657
LINKUSDT,1573336800000,2.8181,2.823,2.797,2.797,58547.12,1573340399999,164530.642019,598
LINKUSDT,1573340400000,2.798,2.8019,2.7825,2.8009,123354.41,1573343999999,344477.009709,854
LINKUSDT,1573344000000,2.8008,2.8068,2.7726,2.7735,122017.27,1573347599999,340124.810718,850
LINKUSDT,1573347600000,2.7742,2.7985,2.772,2.7898,82538.26,1573351199999,229861.351109,614
LINKUSDT,1573351200000,2.7906,2.798,2.7766,2.7937,37727.45,1573354799999,105169.364267,327
LINKUSDT,1573354800000,2.7921,2.8023,2.7879,2.801,46685.61,1573358399999,130622.716034,431
LINKUSDT,1573358400000,2.8013,2.802,2.792,2.7973,23285.62,1573361999999,65151.668441,251
LINKUSDT,1573362000000,2.7986,2.8268,2.7948,2.8213,73292.63,1573365599999,206200.723761,747
LINKUSDT,1573365600000,2.8214,2.8269,2.8146,2.8269,61693.92,1573369199999,173950.874313,601
LINKUSDT,1573369200000,2.827,2.837,2.8249,2.8269,136550.51,1573372799999,386580.09649,731
LINKUSDT,1573372800000,2.8267,2.8291,2.8044,2.8084,116151.72,1573376399999,326833.382184,853
LINKUSDT,1573376400000,2.8084,2.8251,2.8071,2.814,69140.05,1573379999999,194769.346814,606
LINKUSDT,1573380000000,2.8141,2.8233,2.8043,2.8073,73150.78,1573383599999,205996.812117,572
LINKUSDT,1573383600000,2.8072,2.8119,2.7874,2.7893,118557.14,1573387199999,331958.114801,920
LINKUSDT,1573387200000,2.7891,2.8099,2.7891,2.8021,67248.67,1573390799999,188464.784169,498
LINKUSDT,1573390800000,2.8021,2.813,2.7964,2.7984,58285.74,1573394399999,163476.894579,502
LINKUSDT,1573394400000,2.8,2.8061,2.7838,2.7907,126162.08,1573397999999,352521.627337,867
LINKUSDT,1573398000000,2.7907,2.7907,2.7587,2.7686,176757.69,1573401599999,490067.381269,1183
LINKUSDT,1573401600000,2.7686,2.8112,2.7362,2.771,556397.0,1573405199999,1541416.988497,3894
LINKUSDT,1573405200000,2.771,2.7854,2.76,2.7853,146231.14,1573408799999,405381.067614,1163
LINKUSDT,1573408800000,2.7835,2.7983,2.7781,2.7961,81243.76,1573412399999,226691.888279,706
LINKUSDT,1573412400000,2.7958,2.7993,2.786,2.795,49499.26,1573415999999,138413.898548,474
LINKUSDT,1573416000000,2.795,2.795,2.7825,2.7829,63611.77,1573419599999,177267.253483,435
LINKUSDT,1573419600000,2.784,2.7991,2.7705,2.7805,101450.81,1573423199999,282338.54373,645
LINKUSDT,1573423200000,2.7805,2.7886,2.7601,2.7853,146129.27,1573426799999,404871.617675,926
LINKUSDT,1573426800000,2.7853,2.7883,2.7552,2.777,85741.93,1573430399999,237338.318476,653
LINKUSDT,1573430400000,2.7773,2.7777,2.7588,2.7602,57706.46,1573433999999,159499.003569,564
LINKUSDT,1573434000000,2.7617,2.7617,2.7485,2.7555,84065.06,1573437599999,231439.165115,660
LINKUSDT,1573437600000,2.7562,2.763,2.7515,2.763,70424.51,1573441199999,194167.723222,511
LINKUSDT,1573441200000,2.763,2.7698,2.7535,2.7652,55691.98,1573444799999,153791.213404,533
LINKUSDT,1573444800000,2.7641,2.77,2.7488,2.75,66301.52,1573448399999,182653.601144,521
LINKUSDT,1573448400000,2.75,2.754,2.7325,2.7443,108777.36,1573451999999,298243.905602,845
LINKUSDT,1573452000000,2.7442,2.7483,2.706,2.7215,196403.89,1573455599999,534733.460082,1390
LINKUSDT,1573455600000,2.722,2.7361,2.7199,2.7296,60791.17,1573459199999,165802.613443,520
LINKUSDT,1573459200000,2.7287,2.7368,2.7152,2.7203,75408.62,1573462799999,205383.374545,531
LINKUSDT,1573462800000,2.7204,2.7226,2.6655,2.687,328779.96,1573466399999,884594.517959,1946
LINKUSDT,1573466400000,2.6871,2.7154,2.6779,2.7147,80492.09,1573469999999,217174.561146,719
LINKUSDT,1573470000000,2.7147,2.716,2.69,2.7043,106188.22,1573473599999,286890.259179,644
LINKUSDT,1573473600000,2.704,2.7182,2.6852,2.7111,166268.93,1573477199999,449432.033471,849
LINKUSDT,1573477200000,2.7112,2.7163,2.6976,2.7011,100021.52,1573480799999,270680.50503,454
LINKUSDT,1573480800000,2.7023,2.7316,2.7012,2.7283,118430.9,1573484399999,322303.621762,991
LINKUSDT,1573484400000,2.7297,2.7307,2.7113,2.719,48187.85,1573487999999,131232.738087,467
LINKUSDT,1573488000000,2.718,2.7281,2.7164,2.7203,26135.34,1573491599999,71142.815245,322
LINKUSDT,1573491600000,2.7203,2.7227,2.7045,2.7051,35434.13,1573495199999,96110.664746,388
LINKUSDT,1573495200000,2.7047,2.726,2.6993,2.726,72563.92,1573498799999,196860.990887,794
LINKUSDT,1573498800000,2.726,2.75,2.7203,2.7378,106087.53,1573502399999,290413.053743,928
LINKUSDT,1573502400000,2.7371,2.7418,2.727,2.7293,50693.71,1573505999999,138646.842497,410
LINKUSDT,1573506000000,2.7309,2.735,2.7179,2.7231,21124.02,1573509599999,57573.895705,335
LINKUSDT,1573509600000,2.7232,2.7349,2.7221,2.7277,30915.36,1573513199999,84381.964675,265
LINKUSDT,1573513200000,2.7308,2.7471,2.728,2.744,74869.7,1573516799999,205018.579442,465
LINKUSDT,1573516800000,2.7438,2.7527,2.74,2.7501,65221.91,1573520399999,179024.805479,548
LINKUSDT,1573520400000,2.7522,2.7593,2.7504,2.759,28702.84,1573523999999,79075.555899,367
LINKUSDT,1573524000000,2.7575,2.7783,2.7554,2.774,82784.15,1573527599999,228880.664925,710
LINKUSDT,1573527600000,2.7735,2.7834,2.753,2.7591,106690.96,1573531199999,295849.31438,745
LINKUSDT,1573531200000,2.7598,2.7666,2.7575,2.7615,46735.63,1573534799999,129077.799702,315
LINKUSDT,1573534800000,2.763,2.7662,2.7406,2.745,65177.95,1573538399999,179159.5512,571
LINKUSDT,1573538400000,2.7434,2.7542,2.7403,2.7453,41130.76,1573541999999,112910.679085,394
LINKUSDT,1573542000000,2.7453,2.7643,2.7324,2.7351,73687.72,1573545599999,202402.415508,612
LINKUSDT,1573545600000,2.7353,2.7441,2.7335,2.7336,30300.13,1573549199999,82939.75307,314
LINKUSDT,1573549200000,2.734,2.7573,2.7311,2.752,37197.24,1573552799999,102139.03458,408
LINKUSDT,1573552800000,2.7501,2.7785,2.747,2.7773,57189.67,1573556399999,157979.291924,552
LINKUSDT,1573556400000,2.7772,2.7772,2.7492,2.7595,86131.68,1573559999999,237891.572329,597
LINKUSDT,1573560000000,2.7624,2.787,2.7439,2.75,201146.42,1573563599999,555914.385157,1391
LINKUSDT,1573563600000,2.7478,2.81,2.7401,2.7788,451581.79,1573567199999,1258420.730894,2445
LINKUSDT,1573567200000,2.7791,2.7888,2.7522,2.7671,108175.79,1573570799999,299483.045034,923
LINKUSDT,1573570800000,2.769,2.7846,2.7563,2.7788,117223.38,1573574399999,324953.135932,1079
LINKUSDT,1573574400000,2.7803,2.8354,2.7773,2.8354,626275.94,1573577999999,1762773.398535,2979
LINKUSDT,1573578000000,2.8354,2.871,2.8206,2.8244,489267.34,1573581599999,1393104.305268,2896
LINKUSDT,1573581600000,2.8269,2.841,2.8144,2.8323,95505.17,1573585199999,270140.657568,841
LINKUSDT,1573585200000,2.8303,2.842,2.812,2.84,71474.82,1573588799999,202167.722899,788
LINKUSDT,1573588800000,2.8425,2.8733,2.8383,2.846,161470.81,1573592399999,461362.463015,1468
LINKUSDT,1573592400000,2.846,2.8476,2.82,2.8249,99394.97,1573595999999,281320.273401,815
LINKUSDT,1573596000000,2.8249,2.8261,2.8152,2.8186,32454.98,1573599599999,91558.053415,363
LINKUSDT,1573599600000,2.8191,2.8233,2.81,2.8152,44810.95,1573603199999,126164.724971,420
LINKUSDT,1573603200000,2.8177,2.8205,2.7851,2.7877,190777.23,1573606799999,533450.375994,1011
LINKUSDT,1573606800000,2.7876,2.8044,2.7852,2.7854,60189.55,1573610399999,168210.906444,443
LINKUSDT,1573617600000,2.789,2.8178,2.7885,2.807,41657.18,1573621199999,116841.819731,339
LINKUSDT,1573621200000,2.807,2.8328,2.8062,2.8281,50146.25,1573624799999,141435.162168,443
LINKUSDT,1573624800000,2.8332,2.84,2.8219,2.8399,138439.87,1573628399999,392759.737125,663
LINKUSDT,1573628400000,2.8368,2.8488,2.8147,2.8147,115009.75,1573631999999,325996.060883,855
LINKUSDT,1573632000000,2.8171,2.8545,2.8148,2.8481,176285.73,1573635599999,501608.313136,782
LINKUSDT,1573635600000,2.8456,2.9566,2.841,2.9266,827449.79,1573639199999,2404793.208949,4741
LINKUSDT,1573639200000,2.9265,2.9565,2.9136,2.9263,341976.83,1573642799999,1004959.85629,1742
LINKUSDT,1573642800000,2.9258,2.9433,2.9181,2.939,118165.19,1573646399999,346617.324011,803
LINKUSDT,1573646400000,2.939,3.0349,2.9241,3.0077,879132.11,1573649999999,2631667.104572,4426
LINKUSDT,1573650000000,3.0062,3.0894,3.0026,3.0288,1034550.33,1573653599999,3146167.962233,5543
LINKUSDT,1573653600000,3.0289,3.0313,2.963,3.0045,622723.57,1573657199999,1865010.631474,3314
LINKUSDT,1573657200000,3.004,3.0112,2.9632,2.993,324029.11,1573660799999,968540.749915,1953
LINKUSDT,1573660800000,2.9947,2.9947,2.953,2.9824,242067.68,1573664399999,719578.316996,1585
LINKUSDT,1573664400000,2.9831,3.0151,2.9655,3.015,177716.38,1573667999999,531822.362402,1351
LINKUSDT,1573668000000,3.016,3.0536,2.9973,3.0213,300096.14,1573671599999,909281.612939,2302
LINKUSDT,1573671600000,3.0226,3.0447,3.0059,3.0333,192594.0,1573675199999,582688.025532,1467
LINKUSDT,1573675200000,3.0333,3.0353,2.9697,2.9816,338261.17,1573678799999,1011971.461933,2070
LINKUSDT,1573678800000,2.9824,2.9876,2.9567,2.9774,140213.24,1573682399999,416481.415237,1041
LINKUSDT,1573682400000,2.9774,2.9896,2.9656,2.9771,68193.0,1573685999999,203014.24105,555
LINKUSDT,1573686000000,2.9798,3.02,2.9771,3.02,161342.66,1573689599999,484126.652327,1163
LINKUSDT,1573689600000,3.0189,3.02,2.9832,2.997,103914.44,1573693199999,311870.349191,1019
LINKUSDT,1573693200000,2.9968,2.9999,2.9782,2.9789,74473.72,1573696799999,222681.228736,671
LINKUSDT,1573696800000,2.9782,2.9816,2.9666,2.9816,67673.32,1573700399999,201196.885081,582
LINKUSDT,1573700400000,2.9816,3.0611,2.98,3.0458,262836.83,1573703999999,795424.317372,1982
LINKUSDT,1573704000000,3.0411,3.0515,2.9842,2.9981,242505.88,1573707599999,732260.71671,1744
LINKUSDT,1573707600000,2.9981,3.0148,2.981,3.0061,142209.71,1573711199999,427003.269219,1048
LINKUSDT,1573711200000,3.0074,3.08,3.0,3.0777,222517.47,1573714799999,677252.659838,1634
LINKUSDT,1573714800000,3.0782,3.138,3.0775,3.11,786573.04,1573718399999,2444736.282932,4518
LINKUSDT,1573718400000,3.11,3.1166,3.032,3.0564,519555.9,1573721999999,1592074.98999,3512
LINKUSDT,1573722000000,3.0564,3.1285,3.02,3.1271,472338.58,1573725599999,1452445.002113,2951
LINKUSDT,1573725600000,3.1256,3.1515,3.093,3.1122,542261.71,1573729199999,1693432.960531,3148
LINKUSDT,1573729200000,3.1117,3.1356,3.08,3.1324,250779.43,1573732799999,778096.945954,1748
LINKUSDT,1573732800000,3.1327,3.16,3.1134,3.1229,407033.77,1573736399999,1278471.531142,2588
LINKUSDT,1573736400000,3.1201,3.1565,3.1107,3.1227,343358.07,1573739999999,1075092.313386,2288
LINKUSDT,1573740000000,3.1227,3.1502,3.0942,3.143,290325.0,1573743599999,904852.686837,2100
LINKUSDT,1573743600000,3.143,3.1437,3.1044,3.1236,224194.54,1573747199999,699732.68879,1679
LINKUSDT,1573747200000,3.1243,3.15,3.121,3.15,158242.83,1573750799999,496725.975405,1203
LINKUSDT,1573750800000,3.15,3.1576,3.12,3.1366,211382.58,1573754399999,662262.461763,1973
LINKUSDT,1573754400000,3.1367,3.139,3.0843,3.1071,281821.12,1573757999999,875450.37363,1912
LINKUSDT,1573758000000,3.1071,3.1073,3.0441,3.0459,435131.5,1573761599999,1334547.42879,2359
LINKUSDT,1573761600000,3.0453,3.0731,3.0407,3.0565,152539.86,1573765199999,465893.997805,1197
LINKUSDT,1573765200000,3.0551,3.0781,3.0545,3.0756,107143.69,1573768799999,328744.763362,1040
LINKUSDT,1573768800000,3.0737,3.1033,3.0668,3.0938,117177.82,1573772399999,361627.400762,1258
LINKUSDT,1573772400000,3.0927,3.0928,3.0362,3.039,178275.45,1573775999999,545628.422195,1350
LINKUSDT,1573776000000,3.037,3.07,3.0133,3.0471,318715.6,1573779599999,967993.681407,2076
LINKUSDT,1573779600000,3.0461,3.0587,3.015,3.0197,146927.21,1573783199999,445112.701502,1172
LINKUSDT,1573783200000,3.0208,3.0616,3.0146,3.042,141732.5,1573786799999,430402.169145,1375
LINKUSDT,1573786800000,3.0397,3.0596,3.0229,3.029,95131.55,1573790399999,289041.070386,919
LINKUSDT,1573790400000,3.03,3.0445,3.011,3.0151,118318.23,1573793999999,357790.368468,932
LINKUSDT,1573794000000,3.0151,3.0151,2.9566,2.975,356197.4,1573797599999,1063622.805352,2592
LINKUSDT,1573797600000,2.9748,3.0042,2.9639,3.001,126680.47,1573801199999,377739.578322,890
LINKUSDT,1573801200000,3.0033,3.01,2.9967,2.9983,132747.39,1573804799999,398323.242617,707
LINKUSDT,1573804800000,2.9967,3.0032,2.975,2.9837,205959.89,1573808399999,615283.627331,1072
LINKUSDT,1573808400000,2.9823,3.0157,2.9275,2.9313,507975.4,1573811999999,1504661.063383,3154
LINKUSDT,1573812000000,2.9322,2.9522,2.927,2.9522,173584.68,1573815599999,510425.033461,1250
LINKUSDT,1573815600000,2.9522,2.96,2.9379,2.9395,138837.89,1573819199999,409582.12354,893
LINKUSDT,1573819200000,2.94,2.9493,2.9122,2.929,170871.24,1573822799999,500319.138885,1445
LINKUSDT,1573822800000,2.9264,2.9339,2.91,2.91,137365.42,1573826399999,401100.24086,900
LINKUSDT,1573826400000,2.91,2.9105,2.797,2.9068,1160554.11,1573829999999,3321145.299362,6052
LINKUSDT,1573830000000,2.9072,2.9315,2.8849,2.9299,365138.39,1573833599999,1061790.627027,2062
LINKUSDT,1573833600000,2.9299,2.9846,2.9162,2.9541,506197.79,1573837199999,1497827.478844,3313
LINKUSDT,1573837200000,2.9544,2.9861,2.947,2.9808,135752.8,1573840799999,403638.662869,1152
LINKUSDT,1573840800000,2.9809,2.9811,2.946,2.9574,112484.55,1573844399999,332909.363094,1138
LINKUSDT,1573844400000,2.9583,2.9598,2.9306,2.9399,72553.21,1573847999999,213456.516155,797
LINKUSDT,1573848000000,2.9392,2.98,2.9388,2.9764,90074.18,1573851599999,267027.568051,905
LINKUSDT,1573851600000,2.9778,2.98,2.958,2.98,51375.16,1573855199999,152567.668571,532
LINKUSDT,1573855200000,2.98,3.044,2.9779,3.0075,268468.32,1573858799999,811461.208181,2271
LINKUSDT,1573858800000,3.0075,3.0389,3.0028,3.0389,117055.26,1573862399999,353794.012134,1237
LINKUSDT,1573862400000,3.0372,3.0435,2.9826,2.9946,182059.24,1573865999999,548918.024929,1406
LINKUSDT,1573866000000,2.9904,3.042,2.9886,3.0183,115766.44,1573869599999,349431.07097,1107
LINKUSDT,1573869600000,3.0194,3.0392,3.015,3.027,94675.6,1573873199999,286703.930787,763
LINKUSDT,1573873200000,3.0284,3.0335,3.0177,3.0251,52182.57,1573876799999,157889.648516,543
LINKUSDT,1573876800000,3.0276,3.0316,3.0146,3.0206,64971.17,1573880399999,196361.88152,584
LINKUSDT,1573880400000,3.0206,3.021,2.9864,2.9899,83576.16,1573883999999,250761.480471,961
LINKUSDT,1573884000000,2.9918,3.0163,2.9866,3.0106,57514.8,1573887599999,172627.684264,572
LINKUSDT,1573887600000,3.01,3.0199,2.9864,2.9884,72056.18,1573891199999,216074.570496,770
LINKUSDT,1573891200000,2.9899,2.9985,2.9742,2.987,79742.02,1573894799999,237710.074531,694
LINKUSDT,1573894800000,2.9837,3.009,2.9837,3.0001,80188.16,1573898399999,240505.863087,764
LINKUSDT,1573898400000,2.9969,3.005,2.9749,2.975,57426.51,1573901999999,171691.677024,529
LINKUSDT,1573902000000,2.9771,2.9834,2.9303,2.9557,203014.45,1573905599999,601183.406928,1801
LINKUSDT,1573905600000,2.9601,2.966,2.9376,2.9502,68207.59,1573909199999,201020.44937,720
LINKUSDT,1573909200000,2.949,2.9679,2.9401,2.9442,86417.82,1573912799999,255233.527637,808
LINKUSDT,1573912800000,2.9443,2.9549,2.9115,2.9492,124840.4,1573916399999,366265.201422,1156
LINKUSDT,1573916400000,2.9521,2.9658,2.9507,2.9658,86159.51,1573919999999,254873.344056,759
LINKUSDT,1573920000000,2.9634,2.9729,2.9341,2.9485,85187.52,1573923599999,251735.294157,890
LINKUSDT,1573923600000,2.9486,2.9493,2.9172,2.9301,88862.44,1573927199999,260126.427257,715
LINKUSDT,1573927200000,2.93,2.942,2.9278,2.9346,25598.52,1573930799999,75168.424481,326
LINKUSDT,1573930800000,2.9343,2.9437,2.9168,2.9409,69152.68,1573934399999,202546.910358,556
LINKUSDT,1573934400000,2.9397,2.94,2.919,2.9287,35176.08,1573937999999,102994.256491,347
LINKUSDT,1573938000000,2.9287,2.9387,2.9254,2.9386,22338.24,1573941599999,65497.696421,296
LINKUSDT,1573941600000,2.9386,2.963,2.9329,2.9617,48291.68,1573945199999,142461.87741,561
LINKUSDT,1573945200000,2.9628,2.9967,2.9612,2.9894,89738.04,1573948799999,267628.026034,985
LINKUSDT,1573948800000,2.9893,2.9894,2.9517,2.9635,88855.21,1573952399999,263328.696292,878
LINKUSDT,1573952400000,2.9639,2.9847,2.96,2.9802,43553.14,1573955999999,129508.477497,425
LINKUSDT,1573956000000,2.98,2.984,2.9565,2.9581,21707.19,1573959599999,64426.171181,313
LINKUSDT,1573959600000,2.9596,2.96,2.9496,2.9502,20499.04,1573963199999,60561.234642,301
LINKUSDT,1573963200000,2.9509,2.9509,2.922,2.923,69492.25,1573966799999,203755.919069,945
LINKUSDT,1573966800000,2.9247,2.9294,2.9033,2.9294,122579.65,1573970399999,357269.856384,1064
LINKUSDT,1573970400000,2.9293,2.9293,2.909,2.911,23947.04,1573973999999,69788.256307,317
LINKUSDT,1573974000000,2.9112,2.9166,2.8741,2.8819,109635.71,1573977599999,317365.328761,1161
LINKUSDT,1573977600000,2.8826,2.932,2.8644,2.9287,134317.75,1573981199999,388687.175251,1454
LINKUSDT,1573981200000,2.9277,2.9374,2.912,2.9185,113349.47,1573984799999,331462.360697,879
LINKUSDT,1573984800000,2.9197,2.9266,2.9093,2.9126,37978.5,1573988399999,110786.142482,408
LINKUSDT,1573988400000,2.9117,2.9382,2.9109,2.9343,51926.85,1573991999999,151978.59293,431
LINKUSDT,1573992000000,2.9343,2.9542,2.9319,2.9486,63549.42,1573995599999,187222.212843,647
LINKUSDT,1573995600000,2.9502,2.9546,2.894,2.9151,199042.82,1573999199999,581648.278051,1504
LINKUSDT,1573999200000,2.915,2.9179,2.8965,2.9162,54970.76,1574002799999,159763.030467,577
LINKUSDT,1574002800000,2.9165,2.919,2.9035,2.9105,20033.34,1574006399999,58353.580471,334
LINKUSDT,1574006400000,2.9089,2.919,2.9012,2.9189,35158.26,1574009999999,102363.00886,479
LINKUSDT,1574010000000,2.9188,2.92,2.9013,2.902,27613.8,1574013599999,80420.53788,352
LINKUSDT,1574013600000,2.902,2.9107,2.8977,2.904,53430.03,1574017199999,155153.533639,389
LINKUSDT,1574017200000,2.9057,2.912,2.8802,2.8843,95829.44,1574020799999,277328.269057,647
LINKUSDT,1574020800000,2.8843,2.912,2.8775,2.8787,89951.37,1574024399999,260259.377098,903
LINKUSDT,1574024400000,2.8779,2.8821,2.87,2.8816,46929.88,1574027999999,134992.361056,556
LINKUSDT,1574028000000,2.882,2.9048,2.8811,2.9002,71223.91,1574031599999,206193.490359,710
LINKUSDT,1574031600000,2.9002,2.91,2.8946,2.91,42915.05,1574035199999,124625.364875,697
LINKUSDT,1574035200000,2.91,2.9204,2.8982,2.92,56587.67,1574038799999,164617.372732,597
LINKUSDT,1574038800000,2.9206,2.955,2.9199,2.9549,79091.72,1574042399999,232208.423678,1130
LINKUSDT,1574042400000,2.9547,2.961,2.9137,2.9215,121709.92,1574045999999,358175.45446,1327
LINKUSDT,1574046000000,2.922,2.922,2.9043,2.9138,49717.69,1574049599999,144874.278762,580
LINKUSDT,1574049600000,2.9159,2.9369,2.9049,2.9309,41899.11,1574053199999,122532.182666,566
LINKUSDT,1574053200000,2.9309,2.9329,2.9206,2.9278,22846.15,1574056799999,66862.34294,301
LINKUSDT,1574056800000,2.9265,2.9337,2.921,2.93,29922.58,1574060399999,87641.190792,348
LINKUSDT,1574060400000,2.928,2.932,2.923,2.9273,21909.4,1574063999999,64126.033719,259
LINKUSDT,1574064000000,2.9273,2.928,2.9,2.9139,74146.06,1574067599999,215809.283353,744
LINKUSDT,1574067600000,2.9143,2.9186,2.8966,2.904,43951.74,1574071199999,127633.840389,486
LINKUSDT,1574071200000,2.9039,2.9059,2.8894,2.8894,91339.85,1574074799999,264866.554465,477
LINKUSDT,1574074800000,2.8907,2.8977,2.8573,2.8666,202345.15,1574078399999,581842.803326,1477
LINKUSDT,1574078400000,2.8667,2.8699,2.8232,2.8516,436406.27,1574081999999,1240073.141572,2745
LINKUSDT,1574082000000,2.8517,2.8862,2.8431,2.8789,140376.79,1574085599999,402372.809491,1275
LINKUSDT,1574085600000,2.8787,2.8875,2.8453,2.8576,146259.31,1574089199999,419115.9165,1131
LINKUSDT,1574089200000,2.8572,2.8604,2.8156,2.846,305950.81,1574092799999,866869.347699,1723
LINKUSDT,1574092800000,2.846,2.8504,2.8303,2.8423,64544.12,1574096399999,183240.081529,648
LINKUSDT,1574096400000,2.84,2.8423,2.8156,2.8253,72864.08,1574099999999,205818.161435,862
LINKUSDT,1574100000000,2.8246,2.8262,2.6977,2.7771,815126.81,1574103599999,2247462.477945,4436
LINKUSDT,1574103600000,2.7783,2.7783,2.7438,2.7738,114000.41,1574107199999,314799.917384,1076
LINKUSDT,1574107200000,2.7738,2.8143,2.7716,2.8113,195497.38,1574110799999,544713.41717,1360
LINKUSDT,1574110800000,2.8112,2.85,2.7932,2.8241,176090.92,1574114399999,498359.623024,1208
LINKUSDT,1574114400000,2.8241,2.8435,2.8039,2.8039,111491.01,1574117999999,314870.033237,947
LINKUSDT,1574118000000,2.8049,2.8171,2.7881,2.7885,81270.71,1574121599999,227802.468724,642
LINKUSDT,1574121600000,2.7886,2.8069,2.7601,2.7601,113203.04,1574125199999,314479.061395,986
LINKUSDT,1574125200000,2.7632,2.7843,2.7606,2.7715,63362.15,1574128799999,175521.502501,548
LINKUSDT,1574128800000,2.7717,2.7989,2.7508,2.7522,150763.4,1574132399999,418234.528137,1225
LINKUSDT,1574132400000,2.7533,2.7815,2.7124,2.7269,244022.29,1574135999999,670042.166301,1372
LINKUSDT,1574136000000,2.727,2.7704,2.723,2.727,205969.69,1574139599999,564481.526795,1390
LINKUSDT,1574139600000,2.7266,2.7381,2.72,2.7221,71548.55,1574143199999,195426.446456,569
LINKUSDT,1574143200000,2.722,2.7541,2.7101,2.7306,237419.64,1574146799999,646744.362312,1071
LINKUSDT,1574146800000,2.7307,2.7307,2.6385,2.685,464737.04,1574150399999,1245858.774611,2770
LINKUSDT,1574150400000,2.6857,2.7095,2.6721,2.7071,259330.45,1574153999999,699589.291116,1384
LINKUSDT,1574154000000,2.707,2.7153,2.686,2.6891,166135.46,1574157599999,448459.414359,873
LINKUSDT,1574157600000,2.6897,2.6957,2.6492,2.6545,211479.08,1574161199999,564763.631291,1347
LINKUSDT,1574161200000,2.6552,2.6603,2.58,2.6097,463885.95,1574164799999,1215869.186765,2673
LINKUSDT,1574164800000,2.6098,2.678,2.6008,2.6209,260033.93,1574168399999,687746.333834,2051
LINKUSDT,1574168400000,2.6223,2.6411,2.5981,2.6076,198122.14,1574171999999,518033.83212,1350
LINKUSDT,1574172000000,2.6076,2.6829,2.6,2.6612,247920.16,1574175599999,658495.368979,1874
LINKUSDT,1574175600000,2.6617,2.706,2.6507,2.7,218946.44,1574179199999,588057.158307,1502
LINKUSDT,1574179200000,2.6994,2.7403,2.69,2.6933,236452.39,1574182799999,642494.580697,1999
LINKUSDT,1574182800000,2.693,2.6935,2.654,2.6845,153570.08,1574186399999,410739.040111,1198
LINKUSDT,1574186400000,2.6857,2.7008,2.665,2.666,89841.85,1574189999999,241550.41707,576
LINKUSDT,1574190000000,2.666,2.6856,2.6615,2.6645,52492.61,1574193599999,140369.973815,463
LINKUSDT,1574193600000,2.6644,2.6792,2.6536,2.6748,71062.09,1574197199999,189363.106836,673
LINKUSDT,1574197200000,2.6766,2.7249,2.6672,2.7148,76672.95,1574200799999,206906.417462,923
LINKUSDT,1574200800000,2.7142,2.7405,2.7109,2.721,158727.67,1574204399999,433031.628773,965
LINKUSDT,1574204400000,2.721,2.73,2.7,2.7255,122940.63,1574207999999,333875.795254,863
LINKUSDT,1574208000000,2.7279,2.7288,2.7092,2.7158,41058.09,1574211599999,111591.680233,331
LINKUSDT,1574211600000,2.716,2.7223,2.7029,2.7155,40445.6,1574215199999,109669.972444,394
LINKUSDT,1574215200000,2.7153,2.7586,2.7077,2.7462,293909.27,1574218799999,804827.323527,1416
LINKUSDT,1574218800000,2.7477,2.7669,2.7465,2.7585,124112.41,1574222399999,342279.758577,739
LINKUSDT,1574222400000,2.7587,2.7712,2.7272,2.7333,135981.79,1574225999999,373648.906814,829
LINKUSDT,1574226000000,2.7278,2.74,2.71,2.735,105682.32,1574229599999,287909.734805,890
LINKUSDT,1574229600000,2.7382,2.7606,2.733,2.7505,96606.97,1574233199999,265562.124541,794
LINKUSDT,1574233200000,2.7505,2.7571,2.7408,2.7526,35797.83,1574236799999,98455.381522,394
LINKUSDT,1574236800000,2.7526,2.7934,2.743,2.7773,279886.99,1574240399999,775189.538915,1496
LINKUSDT,1574240400000,2.7773,2.79,2.7606,2.7653,135221.51,1574243999999,375731.366109,918
LINKUSDT,1574244000000,2.764,2.7642,2.7343,2.7549,126168.26,1574247599999,346958.539233,985
LINKUSDT,1574247600000,2.754,2.763,2.7465,2.7587,193879.27,1574251199999,533565.563788,1418
LINKUSDT,1574251200000,2.7587,2.7957,2.7587,2.7899,152989.69,1574254799999,425554.935434,1141
LINKUSDT,1574254800000,2.7906,2.7947,2.7568,2.7785,193528.68,1574258399999,535455.09088,1132
LINKUSDT,1574258400000,2.7781,2.7839,2.75,2.7722,164084.87,1574261999999,453870.498017,1058
LINKUSDT,1574262000000,2.7711,2.777,2.6965,2.6995,256908.44,1574265599999,700942.683973,1876
LINKUSDT,1574265600000,2.6981,2.7319,2.6965,2.7067,137529.08,1574269199999,373682.817739,911
LINKUSDT,1574269200000,2.7067,2.7206,2.6671,2.6865,129831.61,1574272799999,348848.733474,972
LINKUSDT,1574272800000,2.6865,2.6952,2.657,2.6697,164199.44,1574276399999,439647.156432,1232
LINKUSDT,1574276400000,2.6696,2.6699,2.63,2.6404,264929.76,1574279999999,701705.735559,1572
LINKUSDT,1574280000000,2.6401,2.675,2.6323,2.675,138944.05,1574283599999,369413.105684,926
LINKUSDT,1574283600000,2.675,2.6801,2.661,2.6747,87931.87,1574287199999,234977.727656,740
LINKUSDT,1574287200000,2.6748,2.6959,2.6707,2.6807,46138.79,1574290799999,123814.552892,464
LINKUSDT,1574290800000,2.6802,2.7153,2.6802,2.6982,242999.76,1574294399999,655671.132524,1187
LINKUSDT,1574294400000,2.6983,2.7153,2.6759,2.6956,145657.58,1574297999999,392505.513634,820
LINKUSDT,1574298000000,2.6956,2.6977,2.6596,2.6717,138742.35,1574301599999,371677.584024,811
LINKUSDT,1574301600000,2.6717,2.7053,2.656,2.6968,155966.89,1574305199999,417513.955457,835
LINKUSDT,1574305200000,2.6959,2.7004,2.6772,2.6834,34767.47,1574308799999,93425.414003,386
LINKUSDT,1574308800000,2.6835,2.6928,2.6726,2.6796,48532.38,1574312399999,130106.228264,281
LINKUSDT,1574312400000,2.678,2.6834,2.6688,2.6834,49367.4,1574315999999,132021.606085,306
LINKUSDT,1574316000000,2.6832,2.6834,2.6426,2.6448,108090.16,1574319599999,287244.165104,691
LINKUSDT,1574319600000,2.645,2.6554,2.6353,2.65,93296.5,1574323199999,246780.746124,554
LINKUSDT,1574323200000,2.65,2.65,2.5921,2.6,330993.4,1574326799999,865955.905694,1583
LINKUSDT,1574326800000,2.6,2.629,2.6,2.6287,175748.99,1574330399999,459780.618033,942
LINKUSDT,1574330400000,2.6273,2.6316,2.6068,2.6294,91381.92,1574333999999,239404.811639,585
LINKUSDT,1574334000000,2.6294,2.6294,2.594,2.605,153372.93,1574337599999,399570.139951,921
LINKUSDT,1574337600000,2.6055,2.6291,2.605,2.6291,108099.17,1574341199999,282984.563196,682
LINKUSDT,1574341200000,2.629,2.6563,2.6265,2.6391,237593.96,1574344799999,628515.039636,1225
LINKUSDT,1574344800000,2.6388,2.6474,2.605,2.6051,211445.78,1574348399999,555287.099633,1152
LINKUSDT,1574348400000,2.6058,2.6276,2.5172,2.5802,799171.25,1574351999999,2060413.189671,4391
LINKUSDT,1574352000000,2.5802,2.5898,2.538,2.539,202867.12,1574355599999,519993.715295,1349
LINKUSDT,1574355600000,2.5393,2.5405,2.5006,2.5044,318309.0,1574359199999,801853.378714,1619
LINKUSDT,1574359200000,2.5044,2.5069,2.471,2.48,331958.64,1574362799999,826681.580802,1923
LINKUSDT,1574362800000,2.4793,2.5548,2.478,2.5548,303954.59,1574366399999,766586.90883,2130
LINKUSDT,1574366400000,2.5532,2.5686,2.5112,2.5163,182707.49,1574369999999,464841.4692,1263
LINKUSDT,1574370000000,2.5163,2.5618,2.5126,2.5533,119634.15,1574373599999,304054.86656,765
LINKUSDT,1574373600000,2.5474,2.5793,2.5415,2.551,175824.29,1574377199999,450159.826971,922
LINKUSDT,1574377200000,2.5536,2.56,2.5347,2.5456,49106.0,1574380799999,124993.01424,411
LINKUSDT,1574380800000,2.5456,2.5927,2.5329,2.589,217895.32,1574384399999,558496.489175,1144
LINKUSDT,1574384400000,2.5894,2.5952,2.5576,2.5701,86297.01,1574387999999,222756.814149,736
LINKUSDT,1574388000000,2.5694,2.5786,2.565,2.5668,38730.87,1574391599999,99608.75822,450
LINKUSDT,1574391600000,2.5668,2.5737,2.526,2.529,146702.4,1574395199999,373739.098798,940
LINKUSDT,1574395200000,2.53,2.546,2.5293,2.5327,55232.12,1574398799999,140131.472948,442
LINKUSDT,1574398800000,2.5312,2.5339,2.446,2.4886,405170.44,1574402399999,1005125.994094,2080
LINKUSDT,1574402400000,2.4889,2.4925,2.4026,2.4078,361961.79,1574405999999,883630.11021,2304
LINKUSDT,1574406000000,2.4078,2.4539,2.38,2.4458,750922.4,1574409599999,1813616.113255,3757
LINKUSDT,1574409600000,2.4457,2.497,2.3922,2.4083,591029.18,1574413199999,1443022.480888,2926
LINKUSDT,1574413200000,2.4093,2.4134,2.2968,2.3329,944545.37,1574416799999,2212231.155936,4699
LINKUSDT,1574416800000,2.3328,2.3329,2.1,2.2461,1533431.31,1574420399999,3414657.715565,7139
LINKUSDT,1574420400000,2.2472,2.3078,2.2441,2.2834,750091.94,1574423999999,1711065.539509,3813
LINKUSDT,1574424000000,2.2868,2.325,2.2639,2.3199,334451.87,1574427599999,769008.863608,1967
LINKUSDT,1574427600000,2.3192,2.32,2.1838,2.204,467825.12,1574431199999,1048008.271274,2787
LINKUSDT,1574431200000,2.2033,2.2527,2.1256,2.2372,1112871.17,1574434799999,2431856.86386,5251
LINKUSDT,1574434800000,2.2345,2.34,2.2322,2.3283,685182.69,1574438399999,1566550.444998,3620
LINKUSDT,1574438400000,2.3322,2.37,2.2853,2.3117,521137.14,1574441999999,1216092.186391,3369
LINKUSDT,1574442000000,2.3146,2.3384,2.3063,2.3146,158976.51,1574445599999,369501.755375,1261
LINKUSDT,1574445600000,2.3143,2.3678,2.31,2.3633,167227.4,1574449199999,389970.732475,1047
LINKUSDT,1574449200000,2.3647,2.4321,2.3521,2.413,654358.26,1574452799999,1566205.288967,3342
LINKUSDT,1574452800000,2.4114,2.42,2.375,2.3865,276397.57,1574456399999,662968.719563,1663
LINKUSDT,1574456400000,2.3871,2.4008,2.3647,2.369,193920.28,1574459999999,461660.926299,1235
LINKUSDT,1574460000000,2.371,2.383,2.33,2.332,149354.19,1574463599999,352362.964539,1221
LINKUSDT,1574463600000,2.3351,2.3571,2.3125,2.3466,190016.99,1574467199999,443462.775106,1448
LINKUSDT,1574467200000,2.3434,2.349,2.2666,2.3,437936.58,1574470799999,1005061.700933,2295
LINKUSDT,1574470800000,2.2978,2.3046,2.2749,2.2836,136648.73,1574474399999,313239.674652,984
LINKUSDT,1574474400000,2.2801,2.3132,2.2787,2.3017,125103.73,1574477999999,287310.528178,802
LINKUSDT,1574478000000,2.3019,2.33,2.2897,2.3225,149358.85,1574481599999,345294.01639,1107
LINKUSDT,1574481600000,2.3227,2.3382,2.2935,2.2974,156088.34,1574485199999,361431.509472,1433
LINKUSDT,1574485200000,2.2996,2.3091,2.2687,2.2908,134568.27,1574488799999,307232.722243,1257
LINKUSDT,1574488800000,2.2878,2.2962,2.2604,2.2809,315704.89,1574492399999,717269.669284,1618
LINKUSDT,1574492400000,2.2843,2.317,2.2827,2.3105,265517.89,1574495999999,609850.683695,1392
LINKUSDT,1574496000000,2.3105,2.341,2.275,2.2955,265221.87,1574499599999,613042.298251,1876
LINKUSDT,1574499600000,2.294,2.31,2.2701,2.2905,134387.08,1574503199999,307534.358032,1282
LINKUSDT,1574503200000,2.2932,2.3182,2.2792,2.3033,105542.74,1574506799999,242839.66409,812
LINKUSDT,1574506800000,2.3063,2.353,2.2978,2.351,262030.19,1574510399999,610309.240141,1761
LINKUSDT,1574510400000,2.3526,2.3853,2.3448,2.3557,313278.04,1574513999999,741690.498722,2316
LINKUSDT,1574514000000,2.3557,2.3906,2.345,2.3759,213831.09,1574517599999,505869.205422,1735
LINKUSDT,1574517600000,2.3773,2.455,2.3709,2.4304,495957.27,1574521199999,1199607.373596,2900
LINKUSDT,1574521200000,2.4317,2.4586,2.4161,2.4448,247674.29,1574524799999,603315.404879,1682
LINKUSDT,1574524800000,2.4461,2.4621,2.415,2.4209,286387.57,1574528399999,698933.234196,1700
LINKUSDT,1574528400000,2.4213,2.4346,2.405,2.4232,136793.69,1574531999999,330921.518574,862
LINKUSDT,1574532000000,2.4232,2.4269,2.4046,2.4129,123332.29,1574535599999,297533.603989,938
LINKUSDT,1574535600000,2.4144,2.4391,2.4048,2.4379,96279.04,1574539199999,233299.495623,842
LINKUSDT,1574539200000,2.438,2.4399,2.4052,2.415,133694.01,1574542799999,323936.041243,1135
LINKUSDT,1574542800000,2.4164,2.4164,2.401,2.4141,78994.06,1574546399999,190110.043944,483
LINKUSDT,1574546400000,2.414,2.4203,2.3968,2.4007,119468.36,1574549999999,287888.26787,793
LINKUSDT,1574550000000,2.4015,2.4266,2.3992,2.4266,107818.25,1574553599999,260498.3655,851
LINKUSDT,1574553600000,2.4272,2.4533,2.3359,2.3662,542343.13,1574557199999,1294294.460763,3594
LINKUSDT,1574557200000,2.3644,2.3774,2.3553,2.3687,169743.39,1574560799999,401879.588638,1128
LINKUSDT,1574560800000,2.369,2.387,2.358,2.3644,93292.17,1574564399999,221459.838869,793
LINKUSDT,1574564400000,2.3644,2.3696,2.3406,2.3651,118859.4,1574567999999,279690.082582,914
LINKUSDT,1574568000000,2.364,2.3661,2.3358,2.3381,99938.94,1574571599999,234570.920915,623
LINKUSDT,1574571600000,2.3384,2.3533,2.3369,2.3455,52037.67,1574575199999,122076.464885,507
LINKUSDT,1574575200000,2.3455,2.3733,2.343,2.3503,116811.47,1574578799999,275478.353147,879
LINKUSDT,1574578800000,2.3487,2.3583,2.339,2.3451,127999.2,1574582399999,300653.537649,858
LINKUSDT,1574582400000,2.3451,2.3726,2.343,2.3641,73635.51,1574585999999,173639.463632,627
LINKUSDT,1574586000000,2.3642,2.3789,2.3428,2.3718,141528.51,1574589599999,333923.24816,1004
LINKUSDT,1574589600000,2.3726,2.383,2.3258,2.3385,218422.44,1574593199999,512190.600923,1364
LINKUSDT,1574593200000,2.3385,2.3785,2.3367,2.3611,75759.29,1574596799999,178644.095086,852
LINKUSDT,1574596800000,2.3595,2.3611,2.3266,2.3299,80140.17,1574600399999,187681.711367,673
LINKUSDT,1574600400000,2.33,2.3419,2.3072,2.312,319915.36,1574603999999,742768.575674,1813
LINKUSDT,1574604000000,2.3108,2.3258,2.2295,2.2758,536017.87,1574607599999,1219906.494833,2611
LINKUSDT,1574607600000,2.2753,2.2875,2.2127,2.2366,385266.04,1574611199999,868577.695806,2420
LINKUSDT,1574611200000,2.2368,2.2714,2.2101,2.2522,324567.34,1574614799999,726304.215738,2072
LINKUSDT,1574614800000,2.2522,2.286,2.2488,2.275,183348.19,1574618399999,416475.702452,1113
LINKUSDT,1574618400000,2.2759,2.2845,2.254,2.2673,105508.18,1574621999999,239066.714656,795
LINKUSDT,1574622000000,2.2673,2.2714,2.2469,2.2548,60055.93,1574625599999,135640.64086,537
LINKUSDT,1574625600000,2.2567,2.2708,2.2323,2.2666,90330.19,1574629199999,203045.203513,732
LINKUSDT,1574629200000,2.2666,2.2947,2.2636,2.2797,126806.44,1574632799999,289494.366145,1067
LINKUSDT,1574632800000,2.2776,2.2896,2.2627,2.2738,83412.46,1574636399999,189731.689495,659
LINKUSDT,1574636400000,2.2747,2.2789,2.2,2.2216,365479.04,1574639999999,816815.64709,2117
LINKUSDT,1574640000000,2.2218,2.2268,2.1675,2.2071,561565.11,1574643599999,1234455.200008,2950
LINKUSDT,1574643600000,2.209,2.2387,2.11,2.167,596837.6,1574647199999,1296417.363023,3025
LINKUSDT,1574654400000,2.1647,2.1647,2.02,2.1021,674098.16,1574657999999,1416577.660038,2903
LINKUSDT,1574658000000,2.0957,2.1098,2.02,2.0584,737260.97,1574661599999,1518219.715472,3633
LINKUSDT,1574661600000,2.0599,2.1372,2.0585,2.123,379596.46,1574665199999,796835.970092,2043
LINKUSDT,1574665200000,2.1242,2.1652,2.095,2.1116,364063.76,1574668799999,774548.026675,1681
LINKUSDT,1574668800000,2.1153,2.1469,2.0922,2.1453,253189.71,1574672399999,537841.231493,1455
LINKUSDT,1574672400000,2.1465,2.165,2.1344,2.1455,164303.07,1574675999999,353461.820879,928
LINKUSDT,1574676000000,2.1435,2.2295,2.1279,2.2174,312648.36,1574679599999,681649.34798,1574
LINKUSDT,1574679600000,2.2069,2.2394,2.1692,2.2004,384611.21,1574683199999,847514.714176,2473
LINKUSDT,1574683200000,2.1965,2.3285,2.1937,2.2923,791030.88,1574686799999,1799590.20536,3590
LINKUSDT,1574686800000,2.2956,2.331,2.2255,2.2368,493083.01,1574690399999,1123074.581513,2508
LINKUSDT,1574690400000,2.2368,2.2787,2.2368,2.2632,168721.03,1574693999999,381646.094213,1163
LINKUSDT,1574694000000,2.2631,2.3244,2.259,2.3063,449617.39,1574697599999,1036192.200061,1775
LINKUSDT,1574697600000,2.3064,2.3976,2.2901,2.3586,726639.43,1574701199999,1701488.446939,2849
LINKUSDT,1574701200000,2.3554,2.3675,2.323,2.3328,310893.67,1574704799999,728985.857552,1521
LINKUSDT,1574704800000,2.335,2.35,2.3295,2.3381,106008.71,1574708399999,248240.988633,575
LINKUSDT,1574708400000,2.3374,2.34,2.2953,2.304,145906.23,1574711999999,338307.664615,841
LINKUSDT,1574712000000,2.302,2.3195,2.2578,2.2821,203385.83,1574715599999,463880.557663,1122
LINKUSDT,1574715600000,2.2837,2.3163,2.2576,2.3054,175167.71,1574719199999,399685.105127,812
LINKUSDT,1574719200000,2.3022,2.3034,2.2849,2.2902,32945.78,1574722799999,75542.270459,267
LINKUSDT,1574722800000,2.2926,2.2932,2.2523,2.2523,137872.31,1574726399999,313173.552627,672
LINKUSDT,1574726400000,2.2554,2.2726,2.1913,2.2133,648729.61,1574729999999,1438509.152747,2726
LINKUSDT,1574730000000,2.2133,2.2382,2.2006,2.2337,148073.32,1574733599999,329082.242528,919
LINKUSDT,1574733600000,2.2374,2.2858,2.2318,2.2809,223135.84,1574737199999,504411.257834,1292
LINKUSDT,1574737200000,2.2793,2.3172,2.2761,2.3171,146381.92,1574740799999,336118.747762,968
LINKUSDT,1574740800000,2.3171,2.3389,2.2922,2.3,229123.57,1574744399999,531513.099547,1262
LINKUSDT,1574744400000,2.3007,2.3423,2.2727,2.3358,303169.76,1574747999999,701371.202645,1395
LINKUSDT,1574748000000,2.3367,2.3578,2.2846,2.2846,356192.92,1574751599999,828835.994906,1813
LINKUSDT,1574751600000,2.2877,2.3051,2.271,2.2842,279459.46,1574755199999,638524.765682,1240
LINKUSDT,1574755200000,2.2826,2.3084,2.271,2.2904,286922.59,1574758799999,658131.149539,1051
LINKUSDT,1574758800000,2.2921,2.3264,2.2821,2.3085,298290.37,1574762399999,687448.183992,1406
LINKUSDT,1574762400000,2.3084,2.3163,2.2679,2.288,165291.57,1574765999999,378790.981926,993
LINKUSDT,1574766000000,2.2904,2.2982,2.242,2.2899,257438.1,1574769599999,583078.552495,1252
LINKUSDT,1574769600000,2.2898,2.3027,2.2523,2.2567,255990.65,1574773199999,583186.568377,1222
LINKUSDT,1574773200000,2.2568,2.2618,2.2285,2.2544,277876.38,1574776799999,624539.895387,1369
LINKUSDT,1574776800000,2.2485,2.2705,2.1699,2.177,1259264.53,1574780399999,2781362.751733,3624
LINKUSDT,1574780400000,2.177,2.2042,2.1459,2.1981,935098.66,1574783999999,2028102.89813,4053
LINKUSDT,1574784000000,2.1933,2.224,2.1622,2.1983,315408.12,1574787599999,691634.016165,1631
LINKUSDT,1574787600000,2.1983,2.1988,2.1614,2.1926,153395.09,1574791199999,334377.031045,927
LINKUSDT,1574791200000,2.1902,2.2118,2.1739,2.2118,134248.44,1574794799999,294488.436223,812
LINKUSDT,1574794800000,2.2085,2.2112,2.1926,2.2054,81642.49,1574798399999,179716.775364,792
LINKUSDT,1574798400000,2.2054,2.2632,2.2052,2.2584,289991.3,1574801999999,647761.39183,1492
LINKUSDT,1574802000000,2.2594,2.268,2.2296,2.2432,196043.75,1574805599999,440452.08754,919
LINKUSDT,1574805600000,2.2442,2.2466,2.22,2.245,136341.37,1574809199999,304405.463543,886
LINKUSDT,1574809200000,2.2453,2.272,2.2408,2.2424,163706.11,1574812799999,369232.473903,1028
LINKUSDT,1574812800000,2.2437,2.269,2.2335,2.2651,93978.99,1574816399999,210981.141948,569
LINKUSDT,1574816400000,2.2678,2.2775,2.2302,2.2401,222747.36,1574819999999,501387.875176,988
LINKUSDT,1574820000000,2.2456,2.247,2.2105,2.2305,297984.07,1574823599999,663626.141591,1124
LINKUSDT,1574823600000,2.2305,2.2378,2.1932,2.2035,241045.7,1574827199999,532899.578369,1328
LINKUSDT,1574827200000,2.2047,2.2127,2.1625,2.1975,289670.94,1574830799999,633517.969023,1450
LINKUSDT,1574830800000,2.1961,2.2014,2.1837,2.1991,119100.91,1574834399999,260937.20644,706
LINKUSDT,1574834400000,2.1981,2.2395,2.1861,2.2376,207370.54,1574837999999,459778.664695,1074
LINKUSDT,1574838000000,2.2379,2.2495,2.2,2.216,150100.21,1574841599999,333445.698826,936
LINKUSDT,1574841600000,2.216,2.2241,2.201,2.201,63593.09,1574845199999,140658.492372,474
LINKUSDT,1574845200000,2.201,2.2048,2.1002,2.156,867122.04,1574848799999,1848316.942024,4392
LINKUSDT,1574848800000,2.1524,2.1898,2.1401,2.1681,337333.13,1574852399999,731840.352503,1644
LINKUSDT,1574852400000,2.1717,2.2263,2.1663,2.2232,438406.65,1574855999999,965515.021037,1852
LINKUSDT,1574856000000,2.2235,2.2689,2.2148,2.2421,614409.16,1574859599999,1382570.815537,2512
LINKUSDT,1574859600000,2.2419,2.2554,2.2204,2.2382,405999.63,1574863199999,908701.303611,1281
LINKUSDT,1574863200000,2.2382,2.2431,2.206,2.2228,216089.47,1574866799999,479231.880687,896
LINKUSDT,1574866800000,2.2191,2.258,2.2134,2.2408,253442.76,1574870399999,567135.838276,1224
LINKUSDT,1574870400000,2.2408,2.2858,2.2175,2.2702,405798.94,1574873999999,912967.511367,2013
LINKUSDT,1574874000000,2.2706,2.2882,2.2383,2.2569,852786.17,1574877599999,1924142.902278,3084
LINKUSDT,1574877600000,2.2569,2.2799,2.2352,2.2374,507187.89,1574881199999,1147044.147815,1661
LINKUSDT,1574881200000,2.2374,2.2647,2.2328,2.2605,177095.93,1574884799999,398733.913698,1001
LINKUSDT,1574884800000,2.2608,2.2657,2.2111,2.2214,388895.99,1574888399999,872235.728982,1415
LINKUSDT,1574888400000,2.2202,2.2349,2.1778,2.2033,433238.92,1574891999999,956283.118243,1912
LINKUSDT,1574892000000,2.2056,2.2175,2.19,2.2095,175498.45,1574895599999,386994.125263,836
LINKUSDT,1574895600000,2.2074,2.2322,2.2052,2.2242,118715.58,1574899199999,263624.802555,685
LINKUSDT,1574899200000,2.2216,2.2294,2.206,2.2209,150923.99,1574902799999,334542.481921,780
LINKUSDT,1574902800000,2.2206,2.2207,2.2076,2.2106,108093.88,1574906399999,239256.147192,551
LINKUSDT,1574906400000,2.2106,2.218,2.205,2.2054,120265.41,1574909999999,265955.602892,608
LINKUSDT,1574910000000,2.2054,2.207,2.1711,2.1782,380397.53,1574913599999,831042.261501,1640
LINKUSDT,1574913600000,2.1822,2.2089,2.1801,2.2057,163344.56,1574917199999,358902.236122,847
LINKUSDT,1574917200000,2.2046,2.2136,2.1902,2.2049,111031.03,1574920799999,244227.249631,647
LINKUSDT,1574920800000,2.205,2.248,2.1949,2.2373,137165.15,1574924399999,305480.991343,1048
LINKUSDT,1574924400000,2.2373,2.2387,2.2147,2.2201,118657.65,1574927999999,264064.627881,792
LINKUSDT,1574928000000,2.2201,2.2238,2.2009,2.21,101230.03,1574931599999,223948.716535,672
LINKUSDT,1574931600000,2.21,2.2328,2.21,2.2277,133369.05,1574935199999,296235.418311,762
LINKUSDT,1574935200000,2.2277,2.2359,2.2111,2.2359,107806.99,1574938799999,239702.560223,656
LINKUSDT,1574938800000,2.2359,2.2565,2.2241,2.2518,219137.68,1574942399999,491149.262812,1012
LINKUSDT,1574942400000,2.2512,2.2571,2.2069,2.2173,200367.26,1574945999999,446748.875166,1153
LINKUSDT,1574946000000,2.2185,2.2271,2.2069,2.2101,94467.83,1574949599999,209033.576908,482
LINKUSDT,1574949600000,2.2121,2.2445,2.2121,2.2335,211952.2,1574953199999,472789.285243,1115
LINKUSDT,1574953200000,2.2335,2.2588,2.21,2.236,562612.62,1574956799999,1256536.396134,2567
LINKUSDT,1574956800000,2.236,2.2409,2.2176,2.2367,198872.98,1574960399999,443998.50497,918
LINKUSDT,1574960400000,2.2372,2.2443,2.2317,2.2423,65387.91,1574963999999,146336.912972,565
LINKUSDT,1574964000000,2.2419,2.2601,2.2367,2.2598,145363.95,1574967599999,327370.221071,857
LINKUSDT,1574967600000,2.2599,2.3,2.259,2.2976,268788.39,1574971199999,613147.197109,1777
LINKUSDT,1574971200000,2.2976,2.306,2.2625,2.276,290424.74,1574974799999,664357.650636,1825
LINKUSDT,1574974800000,2.276,2.2923,2.2639,2.2923,105813.92,1574978399999,240734.579675,594
LINKUSDT,1574978400000,2.2883,2.3248,2.2269,2.2421,496405.35,1574981999999,1132176.926605,3111
LINKUSDT,1574982000000,2.2425,2.2747,2.2231,2.2702,282639.83,1574985599999,638425.637985,1846
LINKUSDT,1574985600000,2.2716,2.298,2.2628,2.298,212575.65,1574989199999,486076.632867,1387
LINKUSDT,1574989200000,2.2961,2.3031,2.2733,2.2844,106055.99,1574992799999,242454.931562,786
LINKUSDT,1574992800000,2.2839,2.2941,2.2611,2.2871,131895.55,1574996399999,300096.646162,833
LINKUSDT,1574996400000,2.2832,2.34,2.2814,2.3355,374810.74,1574999999999,868877.344858,2121
LINKUSDT,1575000000000,2.3353,2.3353,2.3069,2.3093,206822.09,1575003599999,479600.106586,1304
LINKUSDT,1575003600000,2.3093,2.3165,2.3024,2.3064,89391.42,1575007199999,206457.72619,812
LINKUSDT,1575007200000,2.3064,2.3176,2.303,2.3169,100773.09,1575010799999,232781.791436,651
LINKUSDT,1575010800000,2.3169,2.3268,2.304,2.3135,183396.93,1575014399999,424560.768261,1146
LINKUSDT,1575014400000,2.3127,2.3217,2.2786,2.2938,328941.66,1575017999999,754134.880875,1428
LINKUSDT,1575018000000,2.2949,2.3316,2.29,2.3282,183772.78,1575021599999,425201.358055,1138
LINKUSDT,1575021600000,2.3271,2.332,2.3,2.3096,138762.26,1575025199999,321272.257871,1060
LINKUSDT,1575025200000,2.3073,2.3282,2.3033,2.32,99711.54,1575028799999,231220.508498,546
LINKUSDT,1575028800000,2.3155,2.332,2.2875,2.3245,230639.83,1575032399999,533549.635288,1193
LINKUSDT,1575032400000,2.3211,2.3449,2.3146,2.3315,292031.38,1575035999999,680035.194306,1261
LINKUSDT,1575036000000,2.334,2.3597,2.3303,2.352,286656.1,1575039599999,673095.504215,1422
LINKUSDT,1575039600000,2.352,2.366,2.3305,2.3653,186944.28,1575043199999,439187.987269,1301
LINKUSDT,1575043200000,2.366,2.3763,2.3351,2.3409,277733.19,1575046799999,653380.138762,1553
LINKUSDT,1575046800000,2.3436,2.3537,2.3348,2.3386,96651.98,1575050399999,226485.227505,613
LINKUSDT,1575050400000,2.3386,2.3473,2.3273,2.3274,91081.69,1575053999999,212620.321255,620
LINKUSDT,1575054000000,2.3277,2.332,2.3145,2.3175,141320.55,1575057599999,328277.447279,887
LINKUSDT,1575057600000,2.32,2.3379,2.3109,2.328,105417.76,1575061199999,244999.795144,744
LINKUSDT,1575061200000,2.3279,2.3346,2.3121,2.3311,110908.76,1575064799999,257183.095972,672
LINKUSDT,1575064800000,2.3319,2.3388,2.3209,2.3344,90935.2,1575068399999,211831.476004,594
LINKUSDT,1575068400000,2.3355,2.3424,2.3273,2.3403,68709.79,1575071999999,160446.950532,528
LINKUSDT,1575072000000,2.3403,2.3426,2.3349,2.339,125232.78,1575075599999,292687.114593,518
LINKUSDT,1575075600000,2.3391,2.3437,2.3249,2.3264,67093.84,1575079199999,156698.756838,352
LINKUSDT,1575079200000,2.3257,2.3272,2.3064,2.3088,133245.33,1575082799999,308114.611733,940
LINKUSDT,1575082800000,2.3092,2.3092,2.2965,2.3045,68042.32,1575086399999,156693.183463,597
LINKUSDT,1575086400000,2.3019,2.3108,2.289,2.2935,117980.36,1575089999999,271007.267312,638
LINKUSDT,1575090000000,2.2943,2.3169,2.2914,2.3115,102770.9,1575093599999,236709.663571,548
LINKUSDT,1575093600000,2.3135,2.3135,2.2964,2.3006,57970.72,1575097199999,133528.05335,437
LINKUSDT,1575097200000,2.3,2.3189,2.2964,2.3163,69214.44,1575100799999,159977.590993,428
LINKUSDT,1575100800000,2.3154,2.3159,2.3005,2.3006,34658.38,1575104399999,79948.540696,335
LINKUSDT,1575104400000,2.3007,2.3011,2.2507,2.2733,320789.39,1575107999999,729436.241713,2013
LINKUSDT,1575108000000,2.2745,2.2904,2.255,2.265,254445.73,1575111599999,578019.48168,1537
LINKUSDT,1575111600000,2.2646,2.2675,2.25,2.2515,112778.1,1575115199999,254242.015045,728
LINKUSDT,1575115200000,2.2508,2.2833,2.2497,2.2711,116458.62,1575118799999,264041.318343,724
LINKUSDT,1575118800000,2.2704,2.2704,2.2508,2.252,78517.63,1575122399999,177299.504758,429
LINKUSDT,1575122400000,2.2522,2.256,2.2212,2.2242,188739.77,1575125999999,421503.848007,1187
LINKUSDT,1575126000000,2.2242,2.249,2.2132,2.2245,203020.52,1575129599999,452221.730401,1506
LINKUSDT,1575129600000,2.2234,2.2494,2.215,2.2409,178267.42,1575133199999,398841.17114,1004
LINKUSDT,1575133200000,2.2401,2.2401,2.2156,2.2186,99412.01,1575136799999,221482.039466,846
LINKUSDT,1575136800000,2.2171,2.2269,2.1943,2.1986,210849.34,1575140399999,466121.0646,1146
LINKUSDT,1575140400000,2.1984,2.2313,2.1984,2.2179,116124.99,1575143999999,257674.473264,779
LINKUSDT,1575144000000,2.2159,2.223,2.2088,2.223,49255.23,1575147599999,109109.526134,416
LINKUSDT,1575147600000,2.2211,2.2283,2.2189,2.2228,48507.61,1575151199999,107790.121399,394
LINKUSDT,1575151200000,2.2219,2.2367,2.2172,2.228,74063.05,1575154799999,165036.931264,582
LINKUSDT,1575154800000,2.2298,2.2463,2.2289,2.2373,94346.62,1575158399999,211312.801978,636
LINKUSDT,1575158400000,2.236,2.2385,2.2057,2.2112,121980.74,1575161999999,270646.119971,770
LINKUSDT,1575162000000,2.2098,2.2133,2.145,2.1613,356645.37,1575165599999,774881.495108,2409
LINKUSDT,1575165600000,2.1614,2.1892,2.1409,2.1444,216239.05,1575169199999,467996.406303,1363
LINKUSDT,1575169200000,2.1456,2.1478,2.1274,2.1478,173183.0,1575172799999,370252.667424,1183
LINKUSDT,1575172800000,2.1469,2.18,2.1413,2.1748,113342.07,1575176399999,244357.269985,897
LINKUSDT,1575176400000,2.1742,2.1779,2.1501,2.1549,122383.79,1575179999999,264519.313173,603
LINKUSDT,1575180000000,2.1529,2.164,2.1438,2.1457,124958.44,1575183599999,269458.628412,672
LINKUSDT,1575183600000,2.1457,2.1649,2.1303,2.147,151563.1,1575187199999,325269.36134,858
LINKUSDT,1575187200000,2.1462,2.1715,2.1374,2.1547,132539.08,1575190799999,285294.413469,952
LINKUSDT,1575190800000,2.1545,2.171,2.1447,2.1641,66045.36,1575194399999,142534.249166,649
LINKUSDT,1575194400000,2.1672,2.1844,2.1607,2.1777,97995.14,1575197999999,213052.357409,702
LINKUSDT,1575198000000,2.1784,2.1815,2.1544,2.1555,136378.78,1575201599999,295509.999766,955
LINKUSDT,1575201600000,2.1569,2.1664,2.155,2.1573,97844.32,1575205199999,211440.807099,693
LINKUSDT,1575205200000,2.1582,2.2009,2.1566,2.1983,277523.92,1575208799999,605257.894225,1422
LINKUSDT,1575208800000,2.1979,2.215,2.1908,2.212,226682.82,1575212399999,499085.920575,1195
LINKUSDT,1575212400000,2.2105,2.2136,2.163,2.1687,147944.82,1575215999999,323329.108274,1140
LINKUSDT,1575216000000,2.1684,2.1825,2.1501,2.1536,167489.03,1575219599999,362557.345452,1227
LINKUSDT,1575219600000,2.1546,2.1593,2.1463,2.1536,97788.35,1575223199999,210412.902816,895
LINKUSDT,1575223200000,2.1539,2.1631,2.149,2.1495,86523.61,1575226799999,186341.519928,734
LINKUSDT,1575226800000,2.1502,2.1554,2.1393,2.1547,125344.74,1575230399999,269172.144188,872
LINKUSDT,1575230400000,2.1545,2.1809,2.1533,2.1686,139830.95,1575233999999,303351.488982,1171
LINKUSDT,1575234000000,2.1677,2.1715,2.15,2.1646,144385.3,1575237599999,312139.004477,905
LINKUSDT,1575237600000,2.1641,2.175,2.1545,2.1649,87670.44,1575241199999,189528.184491,806
LINKUSDT,1575241200000,2.1647,2.1751,2.1587,2.1638,105201.21,1575244799999,228164.463319,574
LINKUSDT,1575244800000,2.1634,2.166,2.1443,2.1578,124121.46,1575248399999,267418.682792,857
LINKUSDT,1575248400000,2.1578,2.1587,2.1338,2.1461,128763.85,1575251999999,276148.815869,835
LINKUSDT,1575252000000,2.148,2.1531,2.139,2.1502,56423.41,1575255599999,121089.461341,319
LINKUSDT,1575255600000,2.1507,2.1523,2.1416,2.1428,80625.12,1575259199999,173169.998291,442
LINKUSDT,1575259200000,2.1428,2.1517,2.1398,2.1517,69377.16,1575262799999,148706.188601,372
LINKUSDT,1575262800000,2.1533,2.1541,2.1106,2.1122,236902.04,1575266399999,504450.042428,1154
LINKUSDT,1575266400000,2.1123,2.1234,2.0696,2.1139,454510.51,1575269999999,954589.471584,2212
LINKUSDT,1575270000000,2.1127,2.1212,2.0953,2.1121,160773.31,1575273599999,338225.430425,911
LINKUSDT,1575273600000,2.1121,2.1156,2.0854,2.1035,158962.58,1575277199999,334339.525331,932
LINKUSDT,1575277200000,2.1014,2.1201,2.0873,2.11,226318.58,1575280799999,476075.645594,1377
LINKUSDT,1575280800000,2.109,2.139,2.0943,2.1008,210768.49,1575284399999,445396.168317,1603
LINKUSDT,1575284400000,2.0989,2.1073,2.0835,2.1028,158338.47,1575287999999,331731.267854,1246
LINKUSDT,1575288000000,2.103,2.109,2.0877,2.1006,81691.05,1575291599999,171215.982885,579
LINKUSDT,1575291600000,2.1006,2.1055,2.0879,2.094,145413.27,1575295199999,304633.934345,600
LINKUSDT,1575295200000,2.092,2.108,2.0844,2.0954,139717.09,1575298799999,292765.472762,843
LINKUSDT,1575298800000,2.0937,2.1036,2.0867,2.091,76877.13,1575302399999,161086.509073,484
LINKUSDT,1575302400000,2.0945,2.1006,2.0686,2.0734,101912.38,1575305999999,212296.915761,732
LINKUSDT,1575306000000,2.0735,2.0806,2.0545,2.063,213548.14,1575309599999,440760.693,1057
LINKUSDT,1575309600000,2.0624,2.0915,2.0524,2.0814,210446.87,1575313199999,435316.932598,1026
LINKUSDT,1575313200000,2.0812,2.0969,2.0754,2.0842,73672.12,1575316799999,153658.202234,717
LINKUSDT,1575316800000,2.0843,2.1016,2.0843,2.092,101443.39,1575320399999,212530.203284,819
LINKUSDT,1575320400000,2.0912,2.097,2.0809,2.0885,89703.06,1575323999999,187348.537685,681
LINKUSDT,1575324000000,2.0896,2.1238,2.0894,2.1079,158595.63,1575327599999,334439.205695,978
LINKUSDT,1575327600000,2.1076,2.1189,2.0844,2.0911,197073.86,1575331199999,413171.026849,903
LINKUSDT,1575331200000,2.0913,2.117,2.085,2.1129,111148.8,1575334799999,233674.870352,792
LINKUSDT,1575334800000,2.1135,2.1147,2.0923,2.0995,91187.31,1575338399999,191471.036677,707
LINKUSDT,1575338400000,2.0995,2.1054,2.0826,2.0856,86332.48,1575341999999,180775.943487,615
LINKUSDT,1575342000000,2.0866,2.0887,2.0771,2.0826,85634.06,1575345599999,178291.830366,745
LINKUSDT,1575345600000,2.0822,2.0872,2.07,2.077,109639.53,1575349199999,227790.542605,717
LINKUSDT,1575349200000,2.0766,2.0801,2.061,2.0647,82963.79,1575352799999,171837.307275,708
LINKUSDT,1575352800000,2.0634,2.0784,2.0618,2.0696,126716.03,1575356399999,262251.201211,775
LINKUSDT,1575356400000,2.0712,2.0712,2.0623,2.0649,77061.14,1575359999999,159208.259746,472
LINKUSDT,1575360000000,2.0646,2.0802,2.0608,2.0802,105968.13,1575363599999,219084.898467,783
LINKUSDT,1575363600000,2.0801,2.0831,2.0619,2.0621,116109.38,1575367199999,241059.457426,732
LINKUSDT,1575367200000,2.0642,2.08,2.058,2.0727,125938.55,1575370799999,260396.276689,727
LINKUSDT,1575370800000,2.0731,2.1159,2.07,2.0936,230592.17,1575374399999,484630.836015,1366
LINKUSDT,1575374400000,2.0934,2.1652,2.0915,2.1571,490834.44,1575377999999,1047497.66352,2527
LINKUSDT,1575378000000,2.1584,2.1627,2.1322,2.1441,285806.83,1575381599999,614748.805727,1929
LINKUSDT,1575381600000,2.1437,2.178,2.1244,2.1744,337782.12,1575385199999,728961.758926,2022
LINKUSDT,1575385200000,2.1743,2.1891,2.1715,2.1804,326457.52,1575388799999,712016.754335,1875
LINKUSDT,1575388800000,2.1789,2.1854,2.1521,2.1612,202680.85,1575392399999,438939.999161,1363
LINKUSDT,1575392400000,2.1615,2.1741,2.1536,2.1561,125744.63,1575395999999,272053.398554,1032
LINKUSDT,1575396000000,2.1559,2.159,2.1448,2.1549,77902.61,1575399599999,167676.848811,808
LINKUSDT,1575399600000,2.155,2.1591,2.144,2.1527,123825.3,1575403199999,266362.497232,735
LINKUSDT,1575403200000,2.1531,2.157,2.1205,2.129,211946.41,1575406799999,452214.762252,1275
LINKUSDT,1575406800000,2.1286,2.1383,2.1175,2.1306,119744.18,1575410399999,254434.885282,812
LINKUSDT,1575410400000,2.1298,2.1328,2.1169,2.1187,52738.26,1575413999999,112030.649907,475
LINKUSDT,1575414000000,2.1187,2.1246,2.1161,2.1222,74385.01,1575417599999,157787.441452,683
LINKUSDT,1575417600000,2.1222,2.1224,2.0675,2.0754,398844.02,1575421199999,833397.041818,2237
LINKUSDT,1575421200000,2.0744,2.0889,2.0641,2.0695,132094.0,1575424799999,274337.694317,841
LINKUSDT,1575424800000,2.0705,2.0798,2.05,2.0543,280240.11,1575428399999,577342.44667,1193
LINKUSDT,1575428400000,2.0519,2.06,2.049,2.0517,175464.23,1575431999999,360611.733365,1051
LINKUSDT,1575432000000,2.0513,2.06,2.0372,2.0473,209722.01,1575435599999,429449.754826,1350
LINKUSDT,1575435600000,2.0473,2.0527,2.0202,2.0237,169714.12,1575439199999,345678.48672,1371
LINKUSDT,1575439200000,2.0216,2.051,2.0173,2.0462,286726.76,1575442799999,582888.07427,1670
LINKUSDT,1575442800000,2.0443,2.0529,2.0182,2.0213,167334.54,1575446399999,340634.313187,1072
LINKUSDT,1575446400000,2.0226,2.077,2.0,2.065,833001.95,1575449999999,1685070.792368,3433
LINKUSDT,1575450000000,2.065,2.09,2.0546,2.0635,449579.12,1575453599999,931077.581905,1731
LINKUSDT,1575453600000,2.0629,2.0728,2.0491,2.07,116154.18,1575457199999,239060.730145,714
LINKUSDT,1575457200000,2.07,2.0727,2.061,2.0658,83995.23,1575460799999,173414.175903,309
LINKUSDT,1575460800000,2.0678,2.0924,2.0644,2.0689,185729.05,1575464399999,386361.763698,801
LINKUSDT,1575464400000,2.0686,2.17,2.06,2.0994,833618.91,1575467999999,1763579.093021,3613
LINKUSDT,1575468000000,2.0995,2.14,2.0995,2.1105,364973.06,1575471599999,772691.972691,1618
LINKUSDT,1575471600000,2.1074,2.1102,2.0797,2.0994,244130.67,1575475199999,511327.720852,1116
LINKUSDT,1575475200000,2.1037,2.109,2.08,2.0816,177307.0,1575478799999,371240.843472,868
LINKUSDT,1575478800000,2.0829,2.0948,2.0741,2.0788,220623.71,1575482399999,459593.115704,726
LINKUSDT,1575482400000,2.0784,2.089,2.0784,2.0856,52309.28,1575485999999,108980.993894,357
LINKUSDT,1575486000000,2.0856,2.0896,2.0729,2.0753,110572.93,1575489599999,230073.306144,513
LINKUSDT,1575489600000,2.0737,2.0777,2.009,2.0251,434077.36,1575493199999,886483.883164,2169
LINKUSDT,1575493200000,2.0287,2.0485,2.0005,2.0066,383947.63,1575496799999,775773.977384,2036
LINKUSDT,1575496800000,2.0065,2.0446,2.002,2.0346,170809.14,1575500399999,345957.184793,833
LINKUSDT,1575500400000,2.0341,2.05,2.0283,2.029,116034.7,1575503999999,236645.553784,650
LINKUSDT,1575504000000,2.0282,2.0405,2.0187,2.032,108389.5,1575507599999,220211.268245,521
LINKUSDT,1575507600000,2.032,2.0337,1.9742,1.9784,506138.22,1575511199999,1013597.703385,1881
LINKUSDT,1575511200000,1.9799,2.0025,1.9741,1.9901,462450.83,1575514799999,918323.338119,1879
LINKUSDT,1575514800000,1.9901,2.0003,1.9583,1.9881,323590.61,1575518399999,640040.098481,1788
LINKUSDT,1575518400000,1.989,2.0164,1.9835,1.991,205821.59,1575521999999,410886.681596,1147
LINKUSDT,1575522000000,1.9898,2.0499,1.9868,2.0405,299983.81,1575525599999,607983.666988,1529
LINKUSDT,1575525600000,2.0432,2.0458,2.0256,2.0306,139832.97,1575529199999,284547.170155,620
LINKUSDT,1575529200000,2.0279,2.0361,1.9942,2.006,158365.87,1575532799999,318210.070276,837
LINKUSDT,1575532800000,2.0065,2.0115,2.001,2.0048,116703.54,1575536399999,234005.35685,593
LINKUSDT,1575536400000,2.0059,2.0314,2.0059,2.0179,162881.69,1575539999999,328974.080281,784
LINKUSDT,1575540000000,2.0184,2.0267,2.0141,2.0221,103963.8,1575543599999,209937.136494,600
LINKUSDT,1575543600000,2.0221,2.0339,2.0156,2.0287,164124.13,1575547199999,332088.380456,733
LINKUSDT,1575547200000,2.03,2.0666,2.03,2.0615,227269.83,1575550799999,466222.525975,1263
LINKUSDT,1575550800000,2.0616,2.074,2.0232,2.0275,274669.13,1575554399999,561651.768478,1302
LINKUSDT,1575554400000,2.0278,2.0333,2.0068,2.0117,288833.39,1575557999999,583079.992231,1263
LINKUSDT,1575558000000,2.0102,2.0113,1.9829,1.9912,230260.79,1575561599999,458547.804341,1093
LINKUSDT,1575561600000,1.9931,1.999,1.9759,1.9764,145188.46,1575565199999,288413.195945,878
LINKUSDT,1575565200000,1.9794,1.9808,1.9584,1.9674,263513.17,1575568799999,518002.788703,1635
LINKUSDT,1575568800000,1.9673,1.9965,1.9635,1.9899,160649.74,1575572399999,317658.078962,1138
LINKUSDT,1575572400000,1.9864,2.03,1.9826,2.0272,252861.16,1575575999999,507648.876513,1405
LINKUSDT,1575576000000,2.0261,2.059,2.02,2.0267,315442.01,1575579599999,642360.814577,1330
LINKUSDT,1575579600000,2.0247,2.0267,1.9964,2.0076,157000.65,1575583199999,315366.879823,833
LINKUSDT,1575583200000,2.0075,2.0329,2.007,2.021,174684.94,1575586799999,353001.160678,866
LINKUSDT,1575586800000,2.0241,2.0322,2.0053,2.0068,122300.16,1575590399999,246704.111923,731
LINKUSDT,1575590400000,2.0059,2.0316,2.0022,2.024,148512.9,1575593999999,299631.628356,906
LINKUSDT,1575594000000,2.0274,2.0366,2.0211,2.0281,45910.84,1575597599999,93027.496849,322
LINKUSDT,1575597600000,2.026,2.0301,2.0014,2.0049,98741.62,1575601199999,198569.873537,511
LINKUSDT,1575601200000,2.0044,2.0099,1.9934,1.9969,133541.32,1575604799999,267305.43884,671
LINKUSDT,1575604800000,1.9966,2.0155,1.9919,2.0094,64363.93,1575608399999,128715.357667,402
LINKUSDT,1575608400000,2.0093,2.0156,2.0,2.0089,65008.03,1575611999999,130525.362788,362
LINKUSDT,1575612000000,2.0128,2.0128,1.9948,1.9991,81564.99,1575615599999,163373.312383,375
LINKUSDT,1575615600000,1.9979,2.0073,1.994,2.0013,35265.16,1575619199999,70552.213882,205
LINKUSDT,1575619200000,2.002,2.0103,1.9685,1.9868,280128.12,1575622799999,556452.503358,1117
LINKUSDT,1575622800000,1.9838,2.0,1.969,1.9874,178883.06,1575626399999,354323.426747,868
LINKUSDT,1575626400000,1.9895,2.0064,1.9866,1.9927,125817.06,1575629999999,251416.83419,663
LINKUSDT,1575630000000,1.9924,2.0064,1.9801,1.9914,84035.9,1575633599999,167301.274474,434
LINKUSDT,1575633600000,1.9913,2.0115,1.9913,2.0027,103830.49,1575637199999,208095.506982,520
LINKUSDT,1575637200000,2.0048,2.029,2.0,2.0283,63607.69,1575640799999,128131.380877,618
LINKUSDT,1575640800000,2.029,2.0458,2.0148,2.0247,245283.96,1575644399999,498132.442719,1318
LINKUSDT,1575644400000,2.0225,2.0804,2.0175,2.076,361684.69,1575647999999,745210.0028,1694
LINKUSDT,1575648000000,2.076,2.1042,2.0619,2.092,572539.78,1575651599999,1195109.567399,2370
LINKUSDT,1575651600000,2.0898,2.1,2.0709,2.0757,224587.15,1575655199999,468785.85528,1211
LINKUSDT,1575655200000,2.0756,2.0905,2.0608,2.0723,248887.79,1575658799999,515533.346611,1204
LINKUSDT,1575658800000,2.0748,2.0776,2.0438,2.0535,178176.22,1575662399999,366865.480068,884
LINKUSDT,1575662400000,2.0537,2.0545,2.0487,2.0494,56669.39,1575665999999,116260.126909,346
LINKUSDT,1575666000000,2.05,2.0815,2.0439,2.0813,110614.22,1575669599999,227937.445778,704
LINKUSDT,1575669600000,2.08,2.0915,2.0685,2.0847,169135.75,1575673199999,352046.361714,898
LINKUSDT,1575673200000,2.0873,2.0954,2.07,2.0943,182937.24,1575676799999,380806.404351,849
LINKUSDT,1575676800000,2.0918,2.1036,2.0787,2.0862,148952.99,1575680399999,312049.528656,756
LINKUSDT,1575680400000,2.087,2.091,2.0686,2.078,124369.19,1575683999999,258663.798636,533
LINKUSDT,1575684000000,2.0766,2.1012,2.0766,2.0989,120910.12,1575687599999,252596.038881,528
LINKUSDT,1575687600000,2.0991,2.1114,2.0898,2.103,140883.42,1575691199999,295941.241641,807
LINKUSDT,1575691200000,2.0985,2.1092,2.0888,2.1033,163636.52,1575694799999,343237.642479,932
LINKUSDT,1575694800000,2.1001,2.111,2.0939,2.0949,79388.49,1575698399999,166862.750987,380
LINKUSDT,1575698400000,2.0939,2.0939,2.0682,2.0699,113626.25,1575701999999,236525.580687,619
LINKUSDT,1575702000000,2.0699,2.0884,2.0682,2.0825,76211.74,1575705599999,158178.274031,453
LINKUSDT,1575705600000,2.0847,2.0851,2.0745,2.0783,60016.55,1575709199999,124855.526099,317
LINKUSDT,1575709200000,2.0778,2.0818,2.0599,2.0635,89827.97,1575712799999,185850.066449,429
LINKUSDT,1575712800000,2.06,2.0818,2.0599,2.0726,76237.13,1575716399999,157922.657445,496
LINKUSDT,1575716400000,2.0738,2.0851,2.0708,2.0751,70794.48,1575719999999,147150.608497,519
LINKUSDT,1575720000000,2.0745,2.0809,2.055,2.0594,96992.11,1575723599999,200199.554555,596
LINKUSDT,1575723600000,2.06,2.0613,2.0442,2.0501,175567.53,1575727199999,360282.411077,768
LINKUSDT,1575727200000,2.0513,2.052,2.0381,2.0459,116542.7,1575730799999,238390.000203,665
LINKUSDT,1575730800000,2.0448,2.0603,2.0398,2.0453,168690.1,1575734399999,345748.267055,723
LINKUSDT,1575734400000,2.0453,2.0534,2.0452,2.0494,40777.79,1575737999999,83565.762084,232
LINKUSDT,1575738000000,2.0473,2.049,2.0356,2.037,69219.97,1575741599999,141260.540698,395
LINKUSDT,1575741600000,2.0379,2.0504,2.0346,2.0474,113829.78,1575745199999,232303.245066,492
LINKUSDT,1575745200000,2.0466,2.075,2.0423,2.0731,105587.14,1575748799999,217242.269531,661
LINKUSDT,1575748800000,2.0732,2.0754,2.0526,2.053,56030.26,1575752399999,115700.384405,369
LINKUSDT,1575752400000,2.053,2.0658,2.0417,2.0418,74069.92,1575755999999,152314.641692,407
LINKUSDT,1575756000000,2.0437,2.0523,2.0418,2.0477,31624.77,1575759599999,64764.567056,218
LINKUSDT,1575759600000,2.0468,2.052,2.0374,2.044,91614.9,1575763199999,187497.079968,425
LINKUSDT,1575763200000,2.0402,2.045,2.0256,2.0304,81061.78,1575766799999,164713.109504,501
LINKUSDT,1575766800000,2.0304,2.0304,2.0076,2.014,124439.23,1575770399999,251011.995854,723
LINKUSDT,1575770400000,2.014,2.014,2.0012,2.0084,66288.89,1575773999999,133006.412273,398
LINKUSDT,1575774000000,2.0099,2.02,2.0069,2.0133,48337.3,1575777599999,97249.783338,315
LINKUSDT,1575777600000,2.0124,2.0292,2.0087,2.0269,61417.16,1575781199999,123971.708611,341
LINKUSDT,1575781200000,2.0235,2.0488,2.0235,2.0316,99089.77,1575784799999,201986.863274,540
LINKUSDT,1575784800000,2.0313,2.0423,2.0216,2.0242,60323.5,1575788399999,122617.849434,501
LINKUSDT,1575788400000,2.0243,2.0345,2.0157,2.0159,92264.62,1575791999999,186930.752196,417
LINKUSDT,1575792000000,2.0173,2.034,2.0137,2.0306,40970.82,1575795599999,82915.619842,308
LINKUSDT,1575795600000,2.0309,2.0558,2.0302,2.0444,88890.41,1575799199999,181913.424714,525
LINKUSDT,1575799200000,2.0455,2.0707,2.04,2.0595,123357.44,1575802799999,253868.139714,505
LINKUSDT,1575802800000,2.0627,2.085,2.0616,2.0736,161957.06,1575806399999,335860.453108,722
LINKUSDT,1575806400000,2.0721,2.0786,2.0579,2.0579,82299.56,1575809999999,170054.950992,451
LINKUSDT,1575810000000,2.06,2.0747,2.0549,2.0692,81586.62,1575813599999,168467.833479,394
LINKUSDT,1575813600000,2.07,2.0711,2.053,2.055,60098.86,1575817199999,123872.406595,368
LINKUSDT,1575817200000,2.055,2.0673,2.0511,2.0622,124784.97,1575820799999,256901.098244,691
LINKUSDT,1575820800000,2.0628,2.0641,2.0555,2.0601,34631.56,1575824399999,71345.766019,283
LINKUSDT,1575824400000,2.0602,2.0616,2.0542,2.0583,43118.94,1575827999999,88759.1285,247
LINKUSDT,1575828000000,2.0598,2.0623,2.0424,2.0435,79186.5,1575831599999,162433.817415,578
LINKUSDT,1575831600000,2.0449,2.0467,2.0363,2.0406,69765.25,1575835199999,142365.425114,368
LINKUSDT,1575835200000,2.0405,2.0415,2.0279,2.0373,90260.94,1575838799999,183577.405883,478
LINKUSDT,1575838800000,2.0368,2.0458,2.0368,2.0438,60802.0,1575842399999,124263.242626,280
LINKUSDT,1575842400000,2.0428,2.0465,2.037,2.0465,24864.63,1575845999999,50758.036782,229
LINKUSDT,1575846000000,2.0465,2.0674,2.0447,2.0528,220928.17,1575849599999,454516.141345,1088
LINKUSDT,1575849600000,2.052,2.0569,2.042,2.0569,109255.31,1575853199999,223765.607422,444
LINKUSDT,1575853200000,2.0521,2.0756,2.0479,2.0731,168997.58,1575856799999,348584.449428,790
LINKUSDT,1575856800000,2.0737,2.0737,2.0444,2.0491,194855.6,1575860399999,400691.75968,897
LINKUSDT,1575860400000,2.0508,2.0615,2.0436,2.0445,134026.76,1575863999999,274841.930948,613
LINKUSDT,1575864000000,2.0445,2.0541,2.042,2.0473,103917.3,1575867599999,212802.1654,482
LINKUSDT,1575867600000,2.0462,2.0488,2.0331,2.0357,84497.41,1575871199999,172320.328117,542
LINKUSDT,1575871200000,2.0366,2.0456,2.03,2.0448,72146.23,1575874799999,146821.456516,371
LINKUSDT,1575874800000,2.0447,2.0448,2.0318,2.037,27778.74,1575878399999,56564.897311,212
LINKUSDT,1575878400000,2.037,2.037,2.0176,2.0307,131914.59,1575881999999,267151.973932,567
LINKUSDT,1575882000000,2.0293,2.0425,2.0267,2.0391,40863.9,1575885599999,83202.50721,282
LINKUSDT,1575885600000,2.0395,2.0411,2.0269,2.0374,134696.84,1575889199999,273762.373077,570
LINKUSDT,1575889200000,2.037,2.0515,2.0333,2.0453,138312.01,1575892799999,282823.523233,532
LINKUSDT,1575892800000,2.0469,2.0484,2.0386,2.0484,84725.82,1575896399999,173102.040227,397
LINKUSDT,1575896400000,2.0461,2.0696,2.046,2.064,111076.87,1575899999999,228673.074283,697
LINKUSDT,1575900000000,2.064,2.075,2.0602,2.0674,104462.37,1575903599999,216054.152442,617
LINKUSDT,1575903600000,2.0675,2.0787,2.0238,2.0256,209507.77,1575907199999,429936.765026,1142
LINKUSDT,1575907200000,2.0238,2.0445,2.0238,2.0394,100387.55,1575910799999,204474.032537,644
LINKUSDT,1575910800000,2.036,2.053,2.0353,2.05,74190.89,1575914399999,151764.135027,393
LINKUSDT,1575914400000,2.0495,2.057,2.0442,2.057,66347.35,1575917999999,136024.456312,472
LINKUSDT,1575918000000,2.057,2.0618,2.0439,2.0439,79635.15,1575921599999,163571.022515,527
LINKUSDT,1575921600000,2.0437,2.0456,2.018,2.0209,136132.73,1575925199999,275900.666351,891
LINKUSDT,1575925200000,2.0208,2.0343,2.0151,2.0343,72521.57,1575928799999,146709.165228,507
LINKUSDT,1575928800000,2.0317,2.039,2.0287,2.0358,58307.41,1575932399999,118488.016414,363
LINKUSDT,1575932400000,2.0368,2.0985,2.0368,2.0984,339191.3,1575935999999,704624.131445,1914
LINKUSDT,1575936000000,2.0983,2.1972,2.0611,2.18,1078308.74,1575939599999,2311123.624916,4987
LINKUSDT,1575939600000,2.1811,2.1833,2.1061,2.1253,1016460.66,1575943199999,2177425.462183,4855
LINKUSDT,1575943200000,2.1233,2.1663,2.1091,2.1426,334955.61,1575946799999,714376.660256,1804
LINKUSDT,1575946800000,2.1418,2.1892,2.1304,2.1714,423430.42,1575950399999,918366.418585,1979
LINKUSDT,1575950400000,2.1718,2.2065,2.1535,2.1552,456255.69,1575953999999,996475.105019,2230
LINKUSDT,1575954000000,2.156,2.1822,2.1441,2.1504,355179.85,1575957599999,767535.802145,1796
LINKUSDT,1575957600000,2.149,2.2699,2.1477,2.227,665471.54,1575961199999,1477431.579299,3617
LINKUSDT,1575961200000,2.226,2.2507,2.2104,2.2263,420430.35,1575964799999,936619.030676,2183
LINKUSDT,1575964800000,2.225,2.2862,2.2155,2.2604,591910.74,1575968399999,1335796.65945,3293
LINKUSDT,1575968400000,2.2599,2.271,2.2161,2.2267,577379.98,1575971999999,1292012.898367,2774
LINKUSDT,1575972000000,2.2267,2.2699,2.2262,2.262,271475.06,1575975599999,610839.647773,1847
LINKUSDT,1575975600000,2.2614,2.27,2.2171,2.2317,351905.58,1575979199999,788418.346855,1933
LINKUSDT,1575979200000,2.2304,2.2381,2.2101,2.2245,319202.58,1575982799999,709745.731625,1878
LINKUSDT,1575982800000,2.223,2.26,2.2222,2.2452,302253.03,1575986399999,678098.143828,1618
LINKUSDT,1575986400000,2.2437,2.25,2.2053,2.2095,287801.78,1575989999999,642440.758977,1822
LINKUSDT,1575990000000,2.209,2.2269,2.1409,2.1511,743754.47,1575993599999,1617772.604485,3942
LINKUSDT,1575993600000,2.1511,2.1762,2.1418,2.1577,412179.32,1575997199999,889484.278115,1967
LINKUSDT,1575997200000,2.1633,2.2,2.1609,2.1726,308550.76,1576000799999,673403.665063,1596
LINKUSDT,1576000800000,2.1745,2.2321,2.1728,2.2065,333659.86,1576004399999,736212.84832,1965
LINKUSDT,1576004400000,2.2053,2.2147,2.1836,2.1974,141875.11,1576007999999,311899.236735,888
LINKUSDT,1576008000000,2.1986,2.2134,2.1601,2.1708,257507.07,1576011599999,562987.143009,1357
LINKUSDT,1576011600000,2.1713,2.1947,2.1625,2.1872,136631.38,1576015199999,298217.517343,779
LINKUSDT,1576015200000,2.1887,2.2247,2.1887,2.2208,248805.02,1576018799999,550521.740786,1678
LINKUSDT,1576018800000,2.2207,2.2785,2.2202,2.2657,779154.55,1576022399999,1759536.280157,3543
LINKUSDT,1576022400000,2.2655,2.3042,2.2435,2.2553,556127.27,1576025999999,1265970.34526,2858
LINKUSDT,1576026000000,2.2553,2.273,2.2394,2.2562,210649.71,1576029599999,475359.323667,1159
LINKUSDT,1576029600000,2.2542,2.2878,2.2473,2.2746,173727.41,1576033199999,395021.329418,1079
LINKUSDT,1576033200000,2.2745,2.2755,2.2203,2.2378,501453.58,1576036799999,1124043.728094,2306
LINKUSDT,1576036800000,2.237,2.27,2.2313,2.2392,195987.02,1576040399999,440383.222441,1116
LINKUSDT,1576040400000,2.2393,2.244,2.2145,2.2165,159405.46,1576043999999,355466.194864,745
LINKUSDT,1576044000000,2.2165,2.2492,2.214,2.2468,132421.59,1576047599999,295917.540992,823
LINKUSDT,1576047600000,2.2466,2.2475,2.2135,2.2277,216665.45,1576051199999,482910.603192,891
LINKUSDT,1576051200000,2.23,2.2315,2.1834,2.22,374552.74,1576054799999,825607.073701,1850
LINKUSDT,1576054800000,2.221,2.2325,2.2026,2.2031,135137.23,1576058399999,299378.052229,676
LINKUSDT,1576058400000,2.2049,2.2078,2.1918,2.199,90491.84,1576061999999,199255.435744,459
LINKUSDT,1576062000000,2.1999,2.2132,2.1999,2.2046,80243.15,1576065599999,177185.097216,529
LINKUSDT,1576065600000,2.2082,2.2538,2.208,2.2516,331562.81,1576069199999,742076.079837,1564
LINKUSDT,1576069200000,2.2521,2.2531,2.2319,2.2457,121093.02,1576072799999,271161.303487,554
LINKUSDT,1576072800000,2.2464,2.2525,2.2241,2.2248,177965.7,1576076399999,399162.110113,919
LINKUSDT,1576076400000,2.2241,2.2259,2.1515,2.1845,557974.97,1576079999999,1217295.017074,2815
LINKUSDT,1576080000000,2.1824,2.1988,2.1668,2.1815,109051.55,1576083599999,238133.807234,683
LINKUSDT,1576083600000,2.1815,2.1927,2.17,2.1843,70085.62,1576087199999,152809.735482,487
LINKUSDT,1576087200000,2.1822,2.1832,2.1645,2.1649,59416.77,1576090799999,129217.647504,420
LINKUSDT,1576090800000,2.1666,2.1827,2.16,2.167,143952.52,1576094399999,312200.615079,744
LINKUSDT,1576094400000,2.1677,2.1677,2.148,2.1481,129387.46,1576097999999,278962.387582,679
LINKUSDT,1576098000000,2.1485,2.1826,2.147,2.1824,97229.92,1576101599999,211015.641834,646
LINKUSDT,1576101600000,2.1817,2.187,2.1542,2.1855,144152.4,1576105199999,312540.159205,856
LINKUSDT,1576105200000,2.1855,2.188,2.1705,2.1786,45484.49,1576108799999,99013.242916,346
LINKUSDT,1576108800000,2.1784,2.1951,2.112,2.1237,457860.7,1576112399999,982271.109211,2199
LINKUSDT,1576112400000,2.123,2.1444,2.0794,2.1073,460354.39,1576115999999,971052.838369,2328
LINKUSDT,1576116000000,2.1077,2.1293,2.0862,2.0916,244365.05,1576119599999,514695.885308,1146
LINKUSDT,1576119600000,2.0917,2.1148,2.0888,2.1035,147560.66,1576123199999,310015.146413,715
LINKUSDT,1576123200000,2.1052,2.1085,2.0858,2.0953,118862.15,1576126799999,248951.745854,576
LINKUSDT,1576126800000,2.0926,2.1025,2.0494,2.0752,431104.6,1576130399999,893052.072092,2141
LINKUSDT,1576130400000,2.0744,2.085,2.0711,2.0813,127593.36,1576133999999,265258.69334,737
LINKUSDT,1576134000000,2.0815,2.0851,2.06,2.0604,88124.55,1576137599999,182556.495024,482
LINKUSDT,1576137600000,2.0602,2.063,2.0197,2.0607,567041.61,1576141199999,1155905.646171,2441
LINKUSDT,1576141200000,2.0616,2.0905,2.0496,2.0769,253366.1,1576144799999,525313.789712,1395
LINKUSDT,1576144800000,2.0773,2.0998,2.0633,2.0678,205481.83,1576148399999,427188.595716,986
LINKUSDT,1576148400000,2.0683,2.1098,2.0682,2.0962,145554.67,1576151999999,305126.942539,928
LINKUSDT,1576152000000,2.0937,2.1185,2.0871,2.0946,129958.43,1576155599999,273605.663018,984
LINKUSDT,1576155600000,2.0947,2.1185,2.0924,2.1143,151078.54,1576159199999,318804.761349,824
LINKUSDT,1576159200000,2.1126,2.1319,2.07,2.0877,328490.6,1576162799999,687416.950117,1530
LINKUSDT,1576162800000,2.0876,2.0939,2.0776,2.0889,100580.57,1576166399999,209947.862858,463
LINKUSDT,1576166400000,2.0903,2.0977,2.0834,2.0962,108002.63,1576169999999,225755.550972,505
LINKUSDT,1576170000000,2.0955,2.1012,2.0734,2.0911,204593.2,1576173599999,427514.792881,801
LINKUSDT,1576173600000,2.0892,2.115,2.087,2.1097,88178.93,1576177199999,185200.644224,558
LINKUSDT,1576177200000,2.1139,2.1186,2.104,2.111,64691.05,1576180799999,136461.11213,493
LINKUSDT,1576180800000,2.1096,2.131,2.1074,2.1208,59906.09,1576184399999,126853.801091,532
LINKUSDT,1576184400000,2.1258,2.1339,2.1065,2.1068,109981.42,1576187999999,233353.879757,581
LINKUSDT,1576188000000,2.1067,2.1283,2.0993,2.102,121748.54,1576191599999,256942.926649,745
LINKUSDT,1576191600000,2.1038,2.1157,2.0978,2.1056,70510.61,1576195199999,148557.973748,470
LINKUSDT,1576195200000,2.1037,2.1102,2.0862,2.0889,100301.34,1576198799999,210369.346007,675
LINKUSDT,1576198800000,2.0882,2.099,2.085,2.0962,67358.64,1576202399999,140919.406212,458
LINKUSDT,1576202400000,2.0962,2.0972,2.091,2.0948,31231.01,1576205999999,65408.737914,161
LINKUSDT,1576206000000,2.0931,2.1159,2.0907,2.1079,69908.25,1576209599999,146934.711114,372
LINKUSDT,1576209600000,2.1078,2.121,2.106,2.106,110049.39,1576213199999,232763.797545,522
LINKUSDT,1576213200000,2.1087,2.1088,2.0879,2.0965,96495.92,1576216799999,202059.813839,516
LINKUSDT,1576216800000,2.0945,2.1055,2.0666,2.0946,230076.24,1576220399999,479533.695774,1332
LINKUSDT,1576220400000,2.0933,2.107,2.0859,2.1037,82128.33,1576223999999,172111.123941,383
LINKUSDT,1576224000000,2.1058,2.1058,2.0797,2.0882,105871.12,1576227599999,221176.50213,602
LINKUSDT,1576227600000,2.091,2.1158,2.0881,2.112,57228.77,1576231199999,120487.033119,414
LINKUSDT,1576231200000,2.1115,2.1179,2.0966,2.102,50614.89,1576234799999,106619.137674,294
LINKUSDT,1576234800000,2.1019,2.1024,2.0914,2.0968,66688.52,1576238399999,139823.490205,370
LINKUSDT,1576238400000,2.0992,2.0996,2.0801,2.0857,94925.51,1576241999999,198196.349199,483
LINKUSDT,1576242000000,2.0857,2.088,2.0575,2.0699,165887.02,1576245599999,343962.247686,1004
LINKUSDT,1576245600000,2.0682,2.0933,2.0653,2.0871,143108.34,1576249199999,298181.09619,869
LINKUSDT,1576249200000,2.087,2.0982,2.0817,2.0924,54396.13,1576252799999,113662.78255,387
LINKUSDT,1576252800000,2.0915,2.1,2.0905,2.0979,66317.66,1576256399999,138953.662838,429
LINKUSDT,1576256400000,2.0958,2.0982,2.0806,2.0833,47859.34,1576259999999,99883.090329,407
LINKUSDT,1576260000000,2.0833,2.0999,2.0825,2.0825,63139.69,1576263599999,132140.032762,391
LINKUSDT,1576263600000,2.0826,2.087,2.0728,2.0825,34478.85,1576267199999,71731.937572,253
LINKUSDT,1576267200000,2.0817,2.0871,2.0767,2.0804,31052.74,1576270799999,64615.679923,213
LINKUSDT,1576270800000,2.0826,2.085,2.0691,2.0757,61379.8,1576274399999,127412.768793,247
LINKUSDT,1576274400000,2.0766,2.0788,2.0683,2.0722,20509.15,1576277999999,42535.944771,177
LINKUSDT,1576278000000,2.0708,2.0755,2.0647,2.0709,112969.39,1576281599999,233690.097799,459
LINKUSDT,1576281600000,2.0713,2.076,2.0661,2.071,33161.35,1576285199999,68643.351378,235
LINKUSDT,1576285200000,2.0719,2.0733,2.0644,2.069,43626.34,1576288799999,90181.357543,247
LINKUSDT,1576288800000,2.0689,2.0724,2.0658,2.0681,23784.85,1576292399999,49211.462505,207
LINKUSDT,1576292400000,2.0681,2.0764,2.0681,2.0764,36068.85,1576295999999,74775.876975,140
LINKUSDT,1576296000000,2.0733,2.0911,2.0725,2.0911,90164.02,1576299599999,187817.530441,524
LINKUSDT,1576299600000,2.09,2.0933,2.0808,2.085,25727.82,1576303199999,53721.821259,212
LINKUSDT,1576303200000,2.0851,2.0868,2.0718,2.0739,20618.45,1576306799999,42886.145135,225
LINKUSDT,1576306800000,2.0732,2.0794,2.0689,2.075,58012.81,1576310399999,120276.543621,229
LINKUSDT,1576310400000,2.0774,2.0775,2.0517,2.0566,95522.49,1576313999999,196872.926094,634
LINKUSDT,1576314000000,2.0581,2.0739,2.058,2.0611,62172.64,1576317599999,128420.825035,382
LINKUSDT,1576317600000,2.0612,2.065,2.06,2.0639,26275.78,1576321199999,54207.236682,200
LINKUSDT,1576321200000,2.0639,2.0639,2.0357,2.0511,108295.98,1576324799999,221799.408979,852
LINKUSDT,1576324800000,2.0528,2.0531,2.0285,2.0339,96987.11,1576328399999,197671.527346,776
LINKUSDT,1576328400000,2.034,2.0364,2.0222,2.0238,94327.19,1576331999999,191243.081018,709
LINKUSDT,1576332000000,2.0222,2.0316,2.0109,2.0236,173690.05,1576335599999,350528.008944,943
LINKUSDT,1576335600000,2.0236,2.0309,1.9935,2.0003,159899.32,1576339199999,321322.369625,1023
LINKUSDT,1576339200000,2.0003,2.0116,1.97,2.0067,269607.6,1576342799999,535589.893343,1595
LINKUSDT,1576342800000,2.0065,2.0078,1.9935,2.001,55292.35,1576346399999,110525.843629,410
LINKUSDT,1576346400000,2.0001,2.0349,2.0001,2.0239,104354.37,1576349999999,210679.194328,759
LINKUSDT,1576350000000,2.0223,2.0271,2.0149,2.0206,34591.74,1576353599999,69905.499838,198
LINKUSDT,1576353600000,2.02,2.0202,2.0003,2.0099,40605.84,1576357199999,81600.897202,355
LINKUSDT,1576357200000,2.0111,2.0211,2.0037,2.0194,26907.04,1576360799999,54231.96719,228
LINKUSDT,1576360800000,2.015,2.0181,2.005,2.0112,14940.92,1576364399999,30038.402727,204
LINKUSDT,1576364400000,2.0112,2.0118,1.9939,1.9946,58349.28,1576367999999,116700.86207,432
LINKUSDT,1576368000000,1.9947,1.9967,1.9615,1.973,183107.4,1576371599999,361677.224439,1037
LINKUSDT,1576371600000,1.9724,1.9764,1.9606,1.9686,74571.22,1576375199999,146667.415997,499
LINKUSDT,1576375200000,1.9675,1.9962,1.9675,1.9902,78843.57,1576378799999,156372.251432,580
LINKUSDT,1576378800000,1.9903,1.9966,1.9896,1.9897,28948.86,1576382399999,57644.449476,212
LINKUSDT,1576382400000,1.9904,1.997,1.9904,1.9968,19636.86,1576385999999,39149.080293,151
LINKUSDT,1576386000000,1.9948,2.0109,1.9948,2.003,48340.77,1576389599999,96854.449039,378
LINKUSDT,1576389600000,2.0027,2.0028,1.9809,1.9853,32761.1,1576393199999,65201.131852,248
LINKUSDT,1576393200000,1.9881,2.06,1.9874,2.0544,213465.57,1576396799999,432008.071708,1378
LINKUSDT,1576396800000,2.0563,2.08,2.0516,2.0778,247027.68,1576400399999,510684.025929,1279
LINKUSDT,1576400400000,2.0763,2.0871,2.0595,2.0617,153506.35,1576403999999,318638.642942,960
LINKUSDT,1576404000000,2.0648,2.0662,2.042,2.0444,75595.82,1576407599999,154992.231244,574
LINKUSDT,1576407600000,2.0444,2.0512,2.0406,2.0511,53767.62,1576411199999,109937.33882,420
LINKUSDT,1576411200000,2.0509,2.0671,2.03,2.036,126956.31,1576414799999,259875.069347,876
LINKUSDT,1576414800000,2.0357,2.0698,2.0335,2.0561,71321.67,1576418399999,146311.628686,586
LINKUSDT,1576418400000,2.0559,2.079,2.0478,2.0772,86684.0,1576421999999,179027.7144,666
LINKUSDT,1576422000000,2.0785,2.1,2.0655,2.0875,234232.4,1576425599999,488837.398667,1529
LINKUSDT,1576425600000,2.0875,2.1118,2.0822,2.1036,216930.68,1576429199999,456038.887087,1401
LINKUSDT,1576429200000,2.1055,2.1168,2.0859,2.0877,194620.66,1576432799999,409419.308911,1077
LINKUSDT,1576432800000,2.0868,2.11,2.0771,2.1097,147705.63,1576436399999,309445.68965,790
LINKUSDT,1576436400000,2.1098,2.11,2.0889,2.09,67148.54,1576439999999,140840.072448,336
LINKUSDT,1576440000000,2.0915,2.1,2.0842,2.092,46242.99,1576443599999,96802.389927,302
LINKUSDT,1576443600000,2.092,2.092,2.0743,2.0757,42707.15,1576447199999,88922.748638,311
LINKUSDT,1576447200000,2.0755,2.076,2.0592,2.0723,77735.32,1576450799999,160770.237864,534
LINKUSDT,1576450800000,2.0721,2.0847,2.0627,2.0708,54226.07,1576454399999,112430.948041,456
LINKUSDT,1576454400000,2.0722,2.081,2.0462,2.0562,63413.82,1576457999999,130799.881997,453
LINKUSDT,1576458000000,2.0515,2.0561,2.0454,2.0531,38096.89,1576461599999,78173.306359,226
LINKUSDT,1576461600000,2.053,2.055,2.0423,2.048,25481.11,1576465199999,52149.683908,192
LINKUSDT,1576465200000,2.0461,2.0553,2.0429,2.0481,23750.95,1576468799999,48655.95382,181
LINKUSDT,1576468800000,2.0481,2.0493,2.0274,2.0281,92120.54,1576472399999,187466.071948,666
LINKUSDT,1576472400000,2.0281,2.0328,2.0235,2.0302,52803.6,1576475999999,107014.461965,421
LINKUSDT,1576476000000,2.0303,2.0484,2.0235,2.0428,48406.77,1576479599999,98558.642923,419
LINKUSDT,1576479600000,2.0421,2.0438,2.0257,2.0258,33380.88,1576483199999,67987.273745,285
LINKUSDT,1576483200000,2.0297,2.0327,2.0225,2.0259,72241.84,1576486799999,146343.668082,430
LINKUSDT,1576486800000,2.0262,2.0301,2.02,2.022,27219.2,1576490399999,55070.581698,204
LINKUSDT,1576490400000,2.021,2.0772,2.0209,2.0617,156388.56,1576493999999,321130.364962,1000
LINKUSDT,1576494000000,2.0593,2.0873,2.045,2.0685,132574.94,1576497599999,273211.231304,831
LINKUSDT,1576497600000,2.0657,2.0737,2.0562,2.0657,34580.77,1576501199999,71354.354412,297
LINKUSDT,1576501200000,2.0624,2.0642,2.0473,2.0564,63367.86,1576504799999,130059.192087,410
LINKUSDT,1576504800000,2.0564,2.0593,2.0439,2.0458,43528.2,1576508399999,89188.907211,275
LINKUSDT,1576508400000,2.0484,2.0516,2.0294,2.0401,80374.06,1576511999999,163734.237077,605
LINKUSDT,1576512000000,2.0391,2.0473,2.0325,2.0427,64558.33,1576515599999,131663.865407,386
LINKUSDT,1576515600000,2.0431,2.0469,2.0344,2.0426,30396.53,1576519199999,62011.350399,163
LINKUSDT,1576519200000,2.0425,2.0427,1.967,1.9747,615497.37,1576522799999,1225390.894666,3317
LINKUSDT,1576522800000,1.9747,1.9821,1.967,1.9797,350722.86,1576526399999,691353.506533,1156
LINKUSDT,1576526400000,1.9797,2.01,1.967,1.9685,297266.05,1576529999999,589441.728132,1421
LINKUSDT,1576530000000,1.97,2.0031,1.9685,1.9912,86986.72,1576533599999,173103.509952,799
LINKUSDT,1576533600000,1.9901,1.9981,1.97,1.976,61055.5,1576537199999,120848.836632,488
LINKUSDT,1576537200000,1.9772,1.9781,1.9674,1.9751,75370.22,1576540799999,148624.198719,546
LINKUSDT,1576540800000,1.9705,1.9779,1.9671,1.9694,78886.25,1576544399999,155540.536295,467
LINKUSDT,1576544400000,1.9706,1.9768,1.9671,1.968,58813.19,1576547999999,115839.780141,396
LINKUSDT,1576548000000,1.9672,1.9892,1.9671,1.9891,61214.45,1576551599999,121172.346274,445
LINKUSDT,1576551600000,1.9891,2.0025,1.967,1.9746,105145.4,1576555199999,208568.588999,655
LINKUSDT,1576555200000,1.9746,1.9746,1.9104,1.916,580119.53,1576558799999,1124021.942523,2671
LINKUSDT,1576558800000,1.9195,1.9204,1.8721,1.9012,601700.59,1576562399999,1140743.46778,3156
LINKUSDT,1576562400000,1.9022,1.9036,1.8815,1.8835,197557.01,1576565999999,374119.351851,904
LINKUSDT,1576566000000,1.8848,1.899,1.8783,1.88,110157.31,1576569599999,208065.259122,662
LINKUSDT,1576569600000,1.8808,1.884,1.8662,1.874,138900.75,1576573199999,260350.242882,824
LINKUSDT,1576573200000,1.8723,1.8903,1.8699,1.8822,135736.15,1576576799999,255377.457381,705
LINKUSDT,1576576800000,1.882,1.8864,1.8748,1.8834,50723.82,1576580399999,95402.698933,440
LINKUSDT,1576580400000,1.8833,1.8918,1.8751,1.8901,99042.96,1576583999999,186483.856999,417
LINKUSDT,1576584000000,1.8901,1.8974,1.888,1.8933,84348.83,1576587599999,159658.821179,473
LINKUSDT,1576587600000,1.8906,1.8945,1.8326,1.8432,305020.49,1576591199999,568422.988848,1635
LINKUSDT,1576591200000,1.8461,1.8461,1.7956,1.822,563176.18,1576594799999,1023474.976118,2762
LINKUSDT,1576594800000,1.8236,1.8278,1.75,1.7501,423485.74,1576598399999,758960.595533,1990
LINKUSDT,1576598400000,1.7514,1.8031,1.7316,1.795,1046854.04,1576601999999,1845133.848746,4900
LINKUSDT,1576602000000,1.7925,1.8126,1.7595,1.7718,364363.59,1576605599999,651974.057339,2158
LINKUSDT,1576605600000,1.7721,1.7893,1.7626,1.7725,136542.04,1576609199999,242202.945304,667
LINKUSDT,1576609200000,1.7707,1.7725,1.7151,1.7351,682675.82,1576612799999,1188055.03287,2705
LINKUSDT,1576612800000,1.7355,1.7619,1.7165,1.7223,338303.99,1576616399999,588115.424694,1621
LINKUSDT,1576616400000,1.7206,1.7865,1.7206,1.7711,349188.84,1576619999999,610711.763895,1593
LINKUSDT,1576620000000,1.7712,1.7819,1.7235,1.735,559736.13,1576623599999,978709.05285,1870
LINKUSDT,1576623600000,1.7336,1.7599,1.7,1.7598,314151.56,1576627199999,543084.567223,1382
LINKUSDT,1576627200000,1.7594,1.7685,1.7406,1.763,153775.13,1576630799999,269890.702225,916
LINKUSDT,1576630800000,1.7663,1.782,1.7563,1.7712,164716.17,1576634399999,291725.929916,995
LINKUSDT,1576634400000,1.7729,1.8056,1.771,1.8006,221000.69,1576637999999,396005.851849,1202
LINKUSDT,1576638000000,1.8003,1.8296,1.7976,1.8023,250286.64,1576641599999,453862.282642,1405
LINKUSDT,1576641600000,1.8007,1.8148,1.7822,1.7906,98975.27,1576645199999,178160.493928,771
LINKUSDT,1576645200000,1.7895,1.7999,1.7829,1.7839,107731.21,1576648799999,192779.571365,602
LINKUSDT,1576648800000,1.7858,1.8068,1.7721,1.7779,177321.07,1576652399999,316717.291479,949
LINKUSDT,1576652400000,1.7756,1.7758,1.747,1.7572,212004.08,1576655999999,373112.561248,1049
LINKUSDT,1576656000000,1.7569,1.7749,1.7409,1.7485,140497.15,1576659599999,246678.297433,837
LINKUSDT,1576659600000,1.749,1.7711,1.7408,1.7529,286137.61,1576663199999,501037.226549,1355
LINKUSDT,1576663200000,1.7514,1.7886,1.7486,1.7757,174287.43,1576666799999,308372.411338,1040
LINKUSDT,1576666800000,1.7737,1.7821,1.7365,1.7416,230687.12,1576670399999,405310.606055,1150
LINKUSDT,1576670400000,1.7413,1.7493,1.67,1.6794,452180.13,1576673999999,772411.743013,2108
LINKUSDT,1576674000000,1.6784,1.7228,1.5996,1.7226,1299533.13,1576677599999,2151602.164378,5641
LINKUSDT,1576677600000,1.7227,1.7469,1.6953,1.7385,598060.26,1576681199999,1030106.827077,2809
LINKUSDT,1576681200000,1.7385,1.8226,1.7385,1.812,543843.51,1576684799999,974853.653054,2996
LINKUSDT,1576684800000,1.8117,1.85,1.779,1.8434,660741.83,1576688399999,1204891.30016,2879
LINKUSDT,1576688400000,1.8395,1.85,1.784,1.8071,373447.72,1576691999999,678133.341627,1797
LINKUSDT,1576692000000,1.8069,1.819,1.7629,1.786,355469.14,1576695599999,635028.414121,1733
LINKUSDT,1576695600000,1.7852,1.855,1.7852,1.8307,583737.34,1576699199999,1067584.317313,2370
LINKUSDT,1576699200000,1.8267,1.8881,1.8069,1.8427,800150.39,1576702799999,1478903.579892,3518
LINKUSDT,1576702800000,1.8408,1.8703,1.8386,1.843,185832.06,1576706399999,344686.185158,1218
LINKUSDT,1576706400000,1.8462,1.8995,1.8342,1.8923,201650.73,1576709999999,374798.682633,953
LINKUSDT,1576710000000,1.8935,1.8988,1.8586,1.8703,325452.5,1576713599999,610559.077665,1375
LINKUSDT,1576713600000,1.8703,1.8901,1.8303,1.8307,320138.2,1576717199999,593099.297659,1563
LINKUSDT,1576717200000,1.8308,1.8321,1.79,1.825,448076.03,1576720799999,810525.004989,1816
LINKUSDT,1576720800000,1.8219,1.8299,1.8088,1.8224,90333.48,1576724399999,164392.887712,517
LINKUSDT,1576724400000,1.8212,1.8299,1.811,1.8155,63077.59,1576727999999,114891.35343,462
LINKUSDT,1576728000000,1.8168,1.8408,1.8155,1.8343,127203.11,1576731599999,232799.396298,790
LINKUSDT,1576731600000,1.832,1.832,1.813,1.8186,84198.45,1576735199999,153280.588003,507
LINKUSDT,1576735200000,1.813,1.8174,1.7977,1.8051,87800.69,1576738799999,158474.026617,418
LINKUSDT,1576738800000,1.8052,1.8125,1.7803,1.7811,156128.58,1576742399999,281014.968891,670
LINKUSDT,1576742400000,1.7806,1.7928,1.753,1.7571,213577.0,1576745999999,378456.781862,1093
LINKUSDT,1576746000000,1.7571,1.79,1.749,1.772,308047.29,1576749599999,543945.888455,1260
LINKUSDT,1576749600000,1.7742,1.8362,1.774,1.8139,489554.93,1576753199999,889123.313414,2040
LINKUSDT,1576753200000,1.8138,1.8311,1.799,1.8182,360944.01,1576756799999,656103.664316,1640
LINKUSDT,1576756800000,1.8179,1.8442,1.8034,1.823,321899.4,1576760399999,585643.863525,1453
LINKUSDT,1576760400000,1.8234,1.8428,1.7827,1.8055,735856.3,1576763999999,1331355.251122,3093
LINKUSDT,1576764000000,1.8054,1.8378,1.8014,1.8373,124529.55,1576767599999,227011.101559,564
LINKUSDT,1576767600000,1.8361,1.8372,1.812,1.8173,136485.2,1576771199999,248757.128871,887
LINKUSDT,1576771200000,1.8173,1.8331,1.8103,1.8124,47838.95,1576774799999,87200.694191,431
LINKUSDT,1576774800000,1.8128,1.817,1.8031,1.8122,82248.2,1576778399999,148840.115538,431
LINKUSDT,1576778400000,1.8087,1.8332,1.7851,1.8111,567596.41,1576781999999,1024005.614886,1942
LINKUSDT,1576782000000,1.8111,1.8152,1.7995,1.8089,85929.4,1576785599999,155233.000769,426
LINKUSDT,1576785600000,1.809,1.8111,1.7955,1.7977,57745.52,1576789199999,104197.574403,400
LINKUSDT,1576789200000,1.7979,1.8118,1.794,1.8082,35672.07,1576792799999,64374.629724,294
LINKUSDT,1576792800000,1.8079,1.808,1.7943,1.802,59742.08,1576796399999,107494.591592,348
LINKUSDT,1576796400000,1.801,1.8082,1.7986,1.805,40780.14,1576799999999,73493.227993,168
LINKUSDT,1576800000000,1.805,1.8147,1.7849,1.8,137233.45,1576803599999,246627.031879,835
LINKUSDT,1576803600000,1.8,1.8039,1.7886,1.7921,54084.81,1576807199999,97013.437755,303
LINKUSDT,1576807200000,1.7904,1.7987,1.7884,1.7888,33892.15,1576810799999,60740.334254,363
LINKUSDT,1576810800000,1.7889,1.8258,1.785,1.8216,245527.09,1576814399999,443492.02441,906
LINKUSDT,1576814400000,1.8216,1.8248,1.8067,1.8106,118922.48,1576817999999,215589.020354,492
LINKUSDT,1576818000000,1.811,1.8197,1.8067,1.8067,85226.57,1576821599999,154231.627806,371
LINKUSDT,1576821600000,1.8053,1.85,1.803,1.84,180601.03,1576825199999,331289.278535,943
LINKUSDT,1576825200000,1.84,1.8689,1.84,1.8663,181277.01,1576828799999,336871.220202,948
LINKUSDT,1576828800000,1.8666,1.8847,1.8492,1.8789,225715.32,1576832399999,422025.345396,1079
LINKUSDT,1576832400000,1.8809,1.8844,1.8437,1.8437,220097.41,1576835999999,409956.724378,1108
LINKUSDT,1576836000000,1.8451,1.8494,1.839,1.839,87251.96,1576839599999,160882.001881,476
LINKUSDT,1576839600000,1.8405,1.8548,1.8372,1.8459,89364.29,1576843199999,165184.184964,392
LINKUSDT,1576843200000,1.846,1.8624,1.846,1.8612,57072.4,1576846799999,105890.400608,424
LINKUSDT,1576846800000,1.8617,1.8746,1.8539,1.8732,143368.33,1576850399999,267592.017105,634
LINKUSDT,1576850400000,1.8712,1.8926,1.856,1.8686,270499.8,1576853999999,507629.108153,1263
LINKUSDT,1576854000000,1.8702,1.8833,1.848,1.852,195980.08,1576857599999,365601.360245,1065
LINKUSDT,1576857600000,1.852,1.8587,1.8446,1.8509,98777.82,1576861199999,182735.814597,658
LINKUSDT,1576861200000,1.8539,1.8628,1.845,1.845,99896.95,1576864799999,185215.280971,595
LINKUSDT,1576864800000,1.8463,1.8557,1.8437,1.8539,66445.75,1576868399999,122995.65583,335
LINKUSDT,1576868400000,1.8552,1.8671,1.8521,1.8527,88402.31,1576871999999,164468.062839,555
LINKUSDT,1576872000000,1.8527,1.8625,1.85,1.86,75044.73,1576875599999,139374.227445,519
LINKUSDT,1576875600000,1.86,1.8834,1.859,1.8806,68636.16,1576879199999,128509.874512,341
LINKUSDT,1576879200000,1.8806,1.9238,1.8743,1.9217,320077.86,1576882799999,605531.961592,1709
LINKUSDT,1576882800000,1.9184,1.9236,1.9129,1.9182,142083.62,1576886399999,272378.34266,738
LINKUSDT,1576886400000,1.9182,1.9204,1.9027,1.9029,170638.83,1576889999999,326330.922133,682
LINKUSDT,1576890000000,1.9027,1.9039,1.895,1.896,131197.29,1576893599999,249287.102231,515
LINKUSDT,1576893600000,1.897,1.9158,1.895,1.9092,97552.68,1576897199999,185538.004486,600
LINKUSDT,1576897200000,1.909,1.9194,1.895,1.8999,189085.67,1576900799999,360591.006603,882
LINKUSDT,1576900800000,1.8999,1.9083,1.896,1.8999,49641.31,1576904399999,94388.231286,277
LINKUSDT,1576904400000,1.8997,1.915,1.8997,1.9028,77195.02,1576907999999,147259.242632,596
LINKUSDT,1576908000000,1.9054,1.914,1.9003,1.902,47788.55,1576911599999,91104.254968,218
LINKUSDT,1576911600000,1.9033,1.9124,1.8902,1.8904,121573.82,1576915199999,231126.808869,724
LINKUSDT,1576915200000,1.891,1.8959,1.887,1.8939,83806.97,1576918799999,158504.223228,401
LINKUSDT,1576918800000,1.8937,1.8947,1.887,1.887,129689.1,1576922399999,244814.587975,369
LINKUSDT,1576922400000,1.887,1.8977,1.887,1.8977,66890.04,1576925999999,126669.144863,328
LINKUSDT,1576926000000,1.8978,1.9136,1.8967,1.9131,49795.63,1576929599999,94907.983079,343
LINKUSDT,1576929600000,1.9132,1.9179,1.9066,1.9119,101609.08,1576933199999,194323.388022,669
LINKUSDT,1576933200000,1.9115,1.9129,1.8741,1.8989,232657.84,1576936799999,440192.668973,1442
LINKUSDT,1576936800000,1.8964,1.898,1.8839,1.8886,58620.57,1576940399999,110937.078376,346
LINKUSDT,1576940400000,1.8879,1.899,1.8872,1.8938,41609.4,1576943999999,78763.585708,276
LINKUSDT,1576944000000,1.8939,1.9012,1.8897,1.8941,65867.38,1576947599999,124715.506894,385
LINKUSDT,1576947600000,1.8943,1.8951,1.8741,1.8766,166002.36,1576951199999,312069.580033,814
LINKUSDT,1576951200000,1.8772,1.8832,1.8767,1.8808,56521.69,1576954799999,106226.72442,210
LINKUSDT,1576954800000,1.8799,1.8799,1.8675,1.8739,89703.62,1576958399999,168051.785091,311
LINKUSDT,1576958400000,1.8717,1.8765,1.8717,1.8765,25778.48,1576961999999,48324.576116,156
LINKUSDT,1576962000000,1.8764,1.8833,1.87,1.8706,38860.06,1576965599999,72931.127224,224
LINKUSDT,1576965600000,1.8706,1.8722,1.8614,1.8648,81616.7,1576969199999,152331.516613,317
LINKUSDT,1576969200000,1.8652,1.8652,1.8544,1.8575,72505.83,1576972799999,134816.419513,360
LINKUSDT,1576972800000,1.8563,1.8612,1.853,1.8573,38364.32,1576976399999,71216.594079,185
LINKUSDT,1576976400000,1.8592,1.8669,1.8544,1.8658,54901.88,1576979999999,102185.580721,214
LINKUSDT,1576980000000,1.8666,1.8791,1.8647,1.8757,56382.26,1576983599999,105593.905467,296
LINKUSDT,1576983600000,1.8746,1.8778,1.8705,1.8774,24860.85,1576987199999,46588.724986,199
LINKUSDT,1576987200000,1.8774,1.8883,1.8774,1.8781,33288.58,1576990799999,62707.83204,250
LINKUSDT,1576990800000,1.8774,1.881,1.8718,1.8746,30905.7,1576994399999,58013.074704,220
LINKUSDT,1576994400000,1.8747,1.8747,1.87,1.871,48390.76,1576997999999,90545.592865,222
LINKUSDT,1576998000000,1.8711,1.8915,1.8703,1.8911,38630.74,1577001599999,72704.781952,253
LINKUSDT,1577001600000,1.892,1.8994,1.87,1.8737,132884.68,1577005199999,249640.71322,499
LINKUSDT,1577005200000,1.8714,1.8841,1.8618,1.8694,125142.18,1577008799999,234208.239157,657
LINKUSDT,1577008800000,1.8697,1.8821,1.8697,1.8783,47243.57,1577012399999,88651.496063,224
LINKUSDT,1577012400000,1.8789,1.886,1.8698,1.8768,33928.43,1577015999999,63719.898499,238
LINKUSDT,1577016000000,1.8792,1.8936,1.8776,1.8912,94302.27,1577019599999,177989.583036,369
LINKUSDT,1577019600000,1.891,1.902,1.8809,1.8975,112647.51,1577023199999,213357.407117,571
LINKUSDT,1577023200000,1.8978,1.9091,1.8947,1.9045,136520.59,1577026799999,259686.745212,663
LINKUSDT,1577026800000,1.9045,1.9186,1.8973,1.9121,136459.65,1577030399999,260382.029877,674
LINKUSDT,1577030400000,1.9124,1.927,1.9047,1.9139,359319.16,1577033999999,688712.08879,1430
LINKUSDT,1577034000000,1.9129,1.9329,1.9111,1.9201,255234.85,1577037599999,490321.361762,1029
LINKUSDT,1577037600000,1.9203,1.9377,1.9132,1.9315,164917.27,1577041199999,317769.707795,749
LINKUSDT,1577041200000,1.9309,1.9399,1.9219,1.9351,306602.76,1577044799999,592396.642339,1128
LINKUSDT,1577044800000,1.934,1.94,1.9241,1.9315,222409.4,1577048399999,429613.583977,822
LINKUSDT,1577048400000,1.9331,1.9332,1.9105,1.9131,152421.48,1577051999999,292411.888191,768
LINKUSDT,1577052000000,1.9132,1.9195,1.8912,1.9109,205854.75,1577055599999,392199.794537,888
LINKUSDT,1577055600000,1.9101,1.9272,1.9063,1.9181,148107.48,1577059199999,283983.497774,764
LINKUSDT,1577059200000,1.9167,1.9468,1.9167,1.939,303445.8,1577062799999,586667.463009,1256
LINKUSDT,1577062800000,1.9359,1.9457,1.9252,1.9402,80901.11,1577066399999,156480.408144,394
LINKUSDT,1577066400000,1.9401,1.9453,1.9326,1.9397,85186.41,1577069999999,165250.18075,369
LINKUSDT,1577070000000,1.9415,1.943,1.9358,1.9409,30643.98,1577073599999,59449.957074,181
LINKUSDT,1577073600000,1.9401,1.9401,1.925,1.925,36323.06,1577077199999,70158.30206,199
LINKUSDT,1577077200000,1.9249,1.9355,1.9213,1.9242,26822.54,1577080799999,51671.355855,206
LINKUSDT,1577080800000,1.9244,1.9261,1.9051,1.9072,60888.71,1577084399999,116519.505077,367
LINKUSDT,1577084400000,1.9072,1.9224,1.9072,1.9224,48123.51,1577087999999,92070.704056,301
LINKUSDT,1577088000000,1.921,1.9399,1.921,1.9294,148949.63,1577091599999,287898.98801,775
LINKUSDT,1577091600000,1.9294,1.9381,1.9271,1.9321,49334.9,1577095199999,95385.673356,404
LINKUSDT,1577095200000,1.9347,1.9374,1.9252,1.9338,69002.28,1577098799999,133249.037427,375
LINKUSDT,1577098800000,1.9373,1.9441,1.9332,1.9441,56054.81,1577102399999,108674.95252,374
LINKUSDT,1577102400000,1.9426,1.9442,1.9346,1.9422,42858.99,1577105999999,83151.966261,272
LINKUSDT,1577106000000,1.9424,1.9499,1.9347,1.9362,76192.57,1577109599999,148258.220865,403
LINKUSDT,1577109600000,1.94,1.9424,1.9195,1.941,279774.12,1577113199999,539805.736451,1448
LINKUSDT,1577113200000,1.9404,1.9471,1.9298,1.9423,111057.4,1577116799999,215335.937433,585
LINKUSDT,1577116800000,1.9392,1.9532,1.9039,1.9087,368577.53,1577120399999,710096.541861,1472
LINKUSDT,1577120400000,1.9079,1.9236,1.8802,1.9038,233366.92,1577123999999,444188.128693,1363
LINKUSDT,1577124000000,1.9024,1.9236,1.8966,1.9068,94546.2,1577127599999,180448.996485,551
LINKUSDT,1577127600000,1.91,1.914,1.9006,1.9065,46913.52,1577131199999,89425.828116,332
LINKUSDT,1577131200000,1.9042,1.9058,1.8969,1.8987,35188.76,1577134799999,66872.847394,293
LINKUSDT,1577134800000,1.9005,1.9052,1.865,1.8716,277935.65,1577138399999,523069.691851,1233
LINKUSDT,1577138400000,1.8713,1.8713,1.8464,1.8473,182693.48,1577141999999,339154.404563,937
LINKUSDT,1577142000000,1.8471,1.8765,1.846,1.8629,88150.88,1577145599999,164044.457959,482
LINKUSDT,1577145600000,1.8638,1.8732,1.85,1.8564,82276.06,1577149199999,153034.034681,538
LINKUSDT,1577149200000,1.8569,1.8703,1.8569,1.8703,40237.97,1577152799999,75002.204022,277
LINKUSDT,1577152800000,1.8703,1.8803,1.8607,1.8803,146882.42,1577156399999,274833.720858,501
LINKUSDT,1577156400000,1.8803,1.8854,1.858,1.8621,73688.81,1577159999999,137495.783088,510
LINKUSDT,1577160000000,1.862,1.8686,1.8602,1.866,33737.4,1577163599999,62841.415494,188
LINKUSDT,1577163600000,1.8635,1.8695,1.8615,1.8648,18372.6,1577167199999,34268.312859,159
LINKUSDT,1577167200000,1.865,1.865,1.858,1.8588,39893.89,1577170799999,74288.930379,210
LINKUSDT,1577170800000,1.8588,1.8609,1.8468,1.8493,107506.2,1577174399999,199071.323837,418
LINKUSDT,1577174400000,1.8488,1.8609,1.8269,1.8521,288876.11,1577177999999,532170.398541,1217
LINKUSDT,1577178000000,1.8535,1.8623,1.8357,1.8472,311679.68,1577181599999,576231.678569,1074
LINKUSDT,1577181600000,1.8464,1.863,1.8402,1.8591,119109.93,1577185199999,220620.167135,490
LINKUSDT,1577185200000,1.8591,1.8628,1.8508,1.8587,54138.35,1577188799999,100581.730637,234
LINKUSDT,1577188800000,1.8587,1.8589,1.8481,1.8517,52168.46,1577192399999,96608.001962,300
LINKUSDT,1577192400000,1.8528,1.861,1.8494,1.8541,62113.18,1577195999999,115202.297379,349
LINKUSDT,1577196000000,1.8531,1.8612,1.84,1.8447,134229.3,1577199599999,248426.861734,776
LINKUSDT,1577199600000,1.8447,1.8457,1.8229,1.8338,173129.28,1577203199999,317182.673317,875
LINKUSDT,1577203200000,1.8338,1.8423,1.8242,1.839,114223.93,1577206799999,209384.959583,636
LINKUSDT,1577206800000,1.8406,1.8516,1.83,1.8304,66048.73,1577210399999,121648.721157,453
LINKUSDT,1577210400000,1.8315,1.8333,1.8154,1.8242,127143.93,1577213999999,231802.621482,686
LINKUSDT,1577214000000,1.8235,1.8565,1.8235,1.8515,72185.59,1577217599999,132966.693266,515
LINKUSDT,1577217600000,1.8519,1.8589,1.84,1.8441,78847.43,1577221199999,145737.714369,466
LINKUSDT,1577221200000,1.8442,1.8557,1.8406,1.8547,29722.88,1577224799999,54905.279583,243
LINKUSDT,1577224800000,1.8552,1.8586,1.847,1.8516,28248.46,1577228399999,52332.770577,237
LINKUSDT,1577228400000,1.8517,1.8527,1.843,1.8435,25388.85,1577231999999,46907.013698,210
LINKUSDT,1577232000000,1.8434,1.8462,1.8213,1.8232,83153.66,1577235599999,152368.424426,503
LINKUSDT,1577235600000,1.8226,1.8297,1.8153,1.8264,46171.33,1577239199999,84226.26476,278
LINKUSDT,1577239200000,1.8264,1.83,1.8229,1.8229,32254.82,1577242799999,58907.431411,204
LINKUSDT,1577242800000,1.8246,1.8351,1.8219,1.8315,36190.99,1577246399999,66152.951532,218
LINKUSDT,1577246400000,1.8286,1.8307,1.8221,1.8222,32873.9,1577249999999,60063.925154,254
LINKUSDT,1577250000000,1.8237,1.8348,1.8221,1.8268,64646.02,1577253599999,118071.718576,245
LINKUSDT,1577253600000,1.8279,1.8333,1.8213,1.8249,25146.79,1577257199999,45961.935851,127
LINKUSDT,1577257200000,1.8246,1.8327,1.8142,1.8306,36635.36,1577260799999,66745.076689,232
LINKUSDT,1577260800000,1.828,1.8324,1.8246,1.8297,14234.98,1577264399999,26034.934023,184
LINKUSDT,1577264400000,1.8316,1.8325,1.8199,1.8252,27273.51,1577267999999,49797.899682,187
LINKUSDT,1577268000000,1.8259,1.8276,1.8115,1.8206,46291.93,1577271599999,84234.567627,262
LINKUSDT,1577271600000,1.8217,1.8257,1.814,1.8191,30285.12,1577275199999,55115.54961,307
LINKUSDT,1577275200000,1.8191,1.84,1.8116,1.8263,125168.45,1577278799999,228840.220601,615
LINKUSDT,1577278800000,1.8278,1.8278,1.8119,1.8166,72915.93,1577282399999,132578.251,376
LINKUSDT,1577282400000,1.8158,1.8199,1.8119,1.8169,45839.4,1577285999999,83250.082777,280
LINKUSDT,1577286000000,1.817,1.8195,1.785,1.7901,269895.45,1577289599999,485165.513238,1241
LINKUSDT,1577289600000,1.7906,1.7947,1.76,1.7753,216504.26,1577293199999,384274.289066,1025
LINKUSDT,1577293200000,1.7736,1.7901,1.7621,1.7705,94121.1,1577296799999,167121.283751,502
LINKUSDT,1577296800000,1.7715,1.784,1.7698,1.781,41204.09,1577300399999,73264.871227,284
LINKUSDT,1577300400000,1.7811,1.7905,1.7758,1.7857,63431.85,1577303999999,113171.364873,370
LINKUSDT,1577304000000,1.7866,1.799,1.7866,1.7902,96876.64,1577307599999,173697.549438,411
LINKUSDT,1577307600000,1.7901,1.7941,1.7831,1.7907,39452.43,1577311199999,70610.51254,311
LINKUSDT,1577311200000,1.7891,1.7891,1.7746,1.7827,25585.63,1577314799999,45547.198842,296
LINKUSDT,1577314800000,1.7827,1.7876,1.782,1.7826,13943.76,1577318399999,24894.519755,137
LINKUSDT,1577318400000,1.7836,1.787,1.7778,1.7822,16175.64,1577321999999,28825.095138,208
LINKUSDT,1577322000000,1.7797,1.7823,1.7752,1.7786,15362.52,1577325599999,27308.643219,159
LINKUSDT,1577325600000,1.7788,1.7839,1.7755,1.7774,15037.46,1577329199999,26762.336588,170
LINKUSDT,1577329200000,1.7753,1.7811,1.772,1.7752,21249.58,1577332799999,37765.356529,191
LINKUSDT,1577332800000,1.7724,1.7789,1.7702,1.7708,34511.56,1577336399999,61234.796642,229
LINKUSDT,1577336400000,1.7733,1.7746,1.7704,1.7705,15936.85,1577339999999,28227.424615,87
LINKUSDT,1577340000000,1.7705,1.7843,1.7702,1.7807,33572.18,1577343599999,59593.350343,207
LINKUSDT,1577343600000,1.7804,1.7908,1.7804,1.789,47240.07,1577347199999,84393.278833,287
LINKUSDT,1577347200000,1.788,1.807,1.7873,1.7995,123702.71,1577350799999,222428.492855,665
LINKUSDT,1577350800000,1.7998,1.8007,1.7883,1.7928,65707.58,1577354399999,117960.494803,299
LINKUSDT,1577354400000,1.7931,1.8033,1.7931,1.7984,39382.71,1577357999999,70893.698373,275
LINKUSDT,1577358000000,1.8013,1.8021,1.7855,1.7868,41249.1,1577361599999,73880.363259,271
LINKUSDT,1577361600000,1.7868,1.8024,1.7855,1.8004,40789.63,1577365199999,73290.585696,218
LINKUSDT,1577365200000,1.8025,1.8254,1.7977,1.8178,124283.17,1577368799999,225552.500259,682
LINKUSDT,1577368800000,1.8162,1.8319,1.815,1.8265,107536.11,1577372399999,196214.48005,553
LINKUSDT,1577372400000,1.8269,1.8444,1.82,1.8391,159263.2,1577375999999,291552.776937,649
LINKUSDT,1577376000000,1.8391,1.8529,1.8197,1.851,174960.9,1577379599999,321726.569696,841
LINKUSDT,1577379600000,1.851,1.868,1.8487,1.8614,128367.31,1577383199999,238544.254164,942
LINKUSDT,1577383200000,1.8612,1.9197,1.8612,1.9086,343109.25,1577386799999,649600.57648,1946
LINKUSDT,1577386800000,1.9085,1.9604,1.8887,1.9068,440192.23,1577390399999,848625.426592,2507
LINKUSDT,1577390400000,1.9028,1.9168,1.873,1.8777,212207.65,1577393999999,401276.975838,1243
LINKUSDT,1577394000000,1.8766,1.8823,1.8512,1.8521,198213.04,1577397599999,369968.001903,993
LINKUSDT,1577397600000,1.8521,1.8746,1.8422,1.8743,185947.25,1577401199999,345218.825008,915
LINKUSDT,1577401200000,1.8732,1.8732,1.8536,1.8539,90257.65,1577404799999,168056.502822,507
LINKUSDT,1577404800000,1.8538,1.8817,1.8515,1.8668,56615.27,1577408399999,105846.051468,574
LINKUSDT,1577408400000,1.8664,1.8688,1.8618,1.8648,16011.43,1577411999999,29880.868905,147
LINKUSDT,1577412000000,1.8648,1.865,1.8524,1.8546,48238.12,1577415599999,89578.480838,337
LINKUSDT,1577415600000,1.853,1.8777,1.852,1.8707,51154.74,1577419199999,95434.926129,399
LINKUSDT,1577419200000,1.8733,1.8813,1.8512,1.8526,142548.86,1577422799999,265983.262258,877
LINKUSDT,1577422800000,1.8529,1.8771,1.8526,1.8761,154632.08,1577426399999,288305.993919,819
LINKUSDT,1577426400000,1.8762,1.8937,1.8674,1.8905,150186.27,1577429999999,282286.005024,830
LINKUSDT,1577430000000,1.8904,1.8985,1.879,1.8828,142963.11,1577433599999,270224.177899,876
LINKUSDT,1577433600000,1.8834,1.896,1.88,1.8846,95759.73,1577437199999,180842.391952,464
LINKUSDT,1577437200000,1.8856,1.8878,1.8649,1.865,57371.35,1577440799999,107661.135648,427
LINKUSDT,1577440800000,1.8657,1.8898,1.865,1.8877,42092.09,1577444399999,79056.525494,266
LINKUSDT,1577444400000,1.8894,1.8942,1.8529,1.8613,133440.32,1577447999999,250044.801762,813
LINKUSDT,1577448000000,1.8629,1.8768,1.8435,1.8768,114814.92,1577451599999,212791.578362,687
LINKUSDT,1577451600000,1.8771,1.885,1.8615,1.8768,91162.78,1577455199999,170887.75228,566
LINKUSDT,1577455200000,1.877,1.8994,1.8759,1.8983,132991.1,1577458799999,251326.339824,597
LINKUSDT,1577458800000,1.8983,1.9299,1.888,1.9258,202648.5,1577462399999,386992.028213,1119
LINKUSDT,1577462400000,1.9262,1.9294,1.8864,1.9032,302540.3,1577465999999,577267.778705,1331
LINKUSDT,1577466000000,1.9028,1.91,1.8784,1.8852,136297.54,1577469599999,258000.610518,825
LINKUSDT,1577469600000,1.8851,1.9009,1.88,1.8892,98015.09,1577473199999,185047.569931,531
LINKUSDT,1577473200000,1.888,1.8951,1.8812,1.889,77310.58,1577476799999,146132.852739,400
LINKUSDT,1577476800000,1.8894,1.8969,1.8724,1.8724,67082.76,1577480399999,126467.409383,322
LINKUSDT,1577480400000,1.8724,1.8775,1.8669,1.8682,45525.21,1577483999999,85208.835298,320
LINKUSDT,1577484000000,1.8703,1.8834,1.8686,1.878,42823.33,1577487599999,80404.366553,256
LINKUSDT,1577487600000,1.878,1.8806,1.8719,1.8751,15207.45,1577491199999,28539.985855,117
LINKUSDT,1577491200000,1.8777,1.8939,1.8771,1.8874,27349.52,1577494799999,51614.097172,249
LINKUSDT,1577494800000,1.8905,1.8969,1.8755,1.8815,58097.61,1577498399999,109406.901252,357
LINKUSDT,1577498400000,1.8833,1.8887,1.859,1.8652,93162.96,1577501999999,174081.582093,574
LINKUSDT,1577502000000,1.8658,1.8666,1.8555,1.8639,34705.29,1577505599999,64638.167487,208
LINKUSDT,1577505600000,1.8626,1.879,1.86,1.879,56686.91,1577509199999,106114.989725,260
LINKUSDT,1577509200000,1.8782,1.8796,1.864,1.8756,68674.95,1577512799999,128554.717595,342
LINKUSDT,1577512800000,1.875,1.8813,1.8683,1.8701,60634.97,1577516399999,113735.911317,309
LINKUSDT,1577516400000,1.8701,1.8734,1.8608,1.8635,61786.14,1577519999999,115352.79146,352
LINKUSDT,1577520000000,1.8638,1.8715,1.8562,1.8689,42515.38,1577523599999,79235.532933,276
LINKUSDT,1577523600000,1.8688,1.874,1.865,1.8734,51258.26,1577527199999,95847.419061,168
LINKUSDT,1577527200000,1.8729,1.8845,1.8724,1.8843,42413.04,1577530799999,79676.18891,228
LINKUSDT,1577530800000,1.8831,1.8841,1.8751,1.8794,26663.62,1577534399999,50114.951545,182
LINKUSDT,1577534400000,1.8775,1.8895,1.8753,1.8856,56186.03,1577537999999,105833.96607,374
LINKUSDT,1577538000000,1.8871,1.8871,1.8798,1.884,44847.65,1577541599999,84444.933882,234
LINKUSDT,1577541600000,1.8838,1.892,1.8837,1.892,33754.57,1577545199999,63690.419725,200
LINKUSDT,1577545200000,1.8921,1.8955,1.8722,1.877,63488.62,1577548799999,119623.972401,392
LINKUSDT,1577548800000,1.8771,1.8847,1.8636,1.8827,108816.13,1577552399999,203700.13787,505
LINKUSDT,1577552400000,1.8818,1.8932,1.871,1.8882,85924.46,1577555999999,161922.05973,455
LINKUSDT,1577556000000,1.889,1.895,1.8826,1.8932,95079.54,1577559599999,179681.911184,408
LINKUSDT,1577559600000,1.8944,1.8957,1.888,1.8926,22818.59,1577563199999,43152.392949,127
LINKUSDT,1577563200000,1.8926,1.8994,1.8885,1.8899,28678.84,1577566799999,54300.85391,205
LINKUSDT,1577566800000,1.8934,1.8934,1.883,1.884,39233.6,1577570399999,74089.828751,175
LINKUSDT,1577570400000,1.884,1.8866,1.8778,1.8831,40934.75,1577573999999,77016.227092,278
LINKUSDT,1577574000000,1.8839,1.884,1.8711,1.8746,25653.27,1577577599999,48182.504663,192
LINKUSDT,1577577600000,1.8716,1.8759,1.8691,1.8725,42330.29,1577581199999,79242.780939,257
LINKUSDT,1577581200000,1.875,1.8751,1.8628,1.8649,17120.78,1577584799999,31959.848248,152
LINKUSDT,1577584800000,1.865,1.8705,1.8639,1.8702,11239.52,1577588399999,21002.47673,71
LINKUSDT,1577588400000,1.8688,1.872,1.8675,1.8688,14000.94,1577591999999,26167.013037,92
LINKUSDT,1577592000000,1.8667,1.8733,1.8655,1.8705,27341.09,1577595599999,51126.891378,198
LINKUSDT,1577595600000,1.8701,1.8706,1.8659,1.87,6087.88,1577599199999,11376.307137,71
LINKUSDT,1577599200000,1.8723,1.8736,1.8636,1.8696,36396.3,1577602799999,67944.583021,198
LINKUSDT,1577602800000,1.869,1.8726,1.8672,1.8689,11235.66,1577606399999,20998.990289,89
LINKUSDT,1577606400000,1.869,1.8799,1.8689,1.8785,17407.66,1577609999999,32657.687438,153
LINKUSDT,1577610000000,1.8785,1.8792,1.8645,1.8645,23660.89,1577613599999,44239.942628,132
LINKUSDT,1577613600000,1.8648,1.8708,1.8444,1.8515,149290.53,1577617199999,277136.544535,809
LINKUSDT,1577617200000,1.8515,1.858,1.8477,1.858,49415.84,1577620799999,91481.287751,360
LINKUSDT,1577620800000,1.858,1.8626,1.8517,1.8626,76286.78,1577624399999,141630.042007,468
LINKUSDT,1577624400000,1.8597,1.8632,1.848,1.8527,116546.31,1577627999999,216097.229917,515
LINKUSDT,1577628000000,1.85,1.8571,1.8466,1.8544,97352.94,1577631599999,180303.633009,526
LINKUSDT,1577631600000,1.8558,1.8635,1.8521,1.8607,113590.9,1577635199999,210962.011815,333
LINKUSDT,1577635200000,1.8585,1.8731,1.8576,1.8658,66716.28,1577638799999,124717.418846,415
LINKUSDT,1577638800000,1.8686,1.8731,1.8625,1.8731,38546.83,1577642399999,72005.787221,257
LINKUSDT,1577642400000,1.8728,1.8789,1.8697,1.8788,29870.6,1577645999999,56018.622178,251
LINKUSDT,1577646000000,1.8788,1.89,1.8754,1.8864,51533.21,1577649599999,96952.801321,327
LINKUSDT,1577649600000,1.8889,1.92,1.8661,1.879,237112.45,1577653199999,449745.748284,1230
LINKUSDT,1577653200000,1.8749,1.8806,1.8654,1.8739,43667.62,1577656799999,81831.422734,310
LINKUSDT,1577656800000,1.8774,1.881,1.872,1.873,12839.14,1577660399999,24074.10601,125
LINKUSDT,1577660400000,1.873,1.9,1.8706,1.8976,121826.61,1577663999999,229930.740052,740
LINKUSDT,1577664000000,1.898,1.898,1.8731,1.8743,48273.89,1577667599999,90770.705672,326
LINKUSDT,1577667600000,1.8727,1.8804,1.8727,1.8786,17055.85,1577671199999,31997.377312,121
LINKUSDT,1577671200000,1.879,1.8794,1.8714,1.876,11701.74,1577674799999,21950.171244,149
LINKUSDT,1577674800000,1.8747,1.88,1.8714,1.8743,27256.05,1577678399999,51111.417671,183
LINKUSDT,1577678400000,1.8742,1.8798,1.8666,1.8785,29307.12,1577681999999,54848.968523,215
LINKUSDT,1577682000000,1.8757,1.8887,1.8753,1.8835,42734.65,1577685599999,80459.209242,253
LINKUSDT,1577685600000,1.8834,1.886,1.8782,1.8839,14385.73,1577689199999,27084.006098,103
LINKUSDT,1577689200000,1.885,1.8941,1.885,1.8904,53125.08,1577692799999,100429.790328,276
LINKUSDT,1577692800000,1.8925,1.8925,1.8739,1.8739,30574.28,1577696399999,57529.749881,200
LINKUSDT,1577696400000,1.8739,1.89,1.8706,1.8706,87222.25,1577699999999,164192.262564,411
LINKUSDT,1577700000000,1.8706,1.8811,1.8612,1.8633,63944.44,1577703599999,119395.434023,329
LINKUSDT,1577703600000,1.8633,1.8737,1.8584,1.8737,38495.3,1577707199999,71785.71019,237
LINKUSDT,1577707200000,1.8708,1.8789,1.8676,1.868,29515.14,1577710799999,55297.638937,187
LINKUSDT,1577710800000,1.8683,1.8689,1.8583,1.8631,18057.89,1577714399999,33645.306996,158
LINKUSDT,1577714400000,1.8608,1.8656,1.853,1.8575,38167.64,1577717999999,70958.051448,234
LINKUSDT,1577718000000,1.8557,1.8557,1.8284,1.8322,223434.63,1577721599999,410363.849917,1129
LINKUSDT,1577721600000,1.832,1.8373,1.8072,1.8262,98167.54,1577725199999,178946.890923,594
LINKUSDT,1577725200000,1.8248,1.8302,1.8124,1.8302,54948.61,1577728799999,100047.697042,287
LINKUSDT,1577728800000,1.8277,1.8315,1.8192,1.82,26463.94,1577732399999,48337.117785,184
LINKUSDT,1577732400000,1.8191,1.8265,1.8141,1.82,36928.48,1577735999999,67179.550328,195
LINKUSDT,1577736000000,1.8201,1.8408,1.8201,1.8285,71042.11,1577739599999,130210.393851,380
LINKUSDT,1577739600000,1.8312,1.8341,1.824,1.829,16740.84,1577743199999,30608.39452,159
LINKUSDT,1577743200000,1.8297,1.8322,1.824,1.8322,8891.39,1577746799999,16259.704409,113
LINKUSDT,1577746800000,1.8286,1.8322,1.82,1.8243,12603.4,1577750399999,22979.39505,132
LINKUSDT,1577750400000,1.8215,1.8236,1.8071,1.818,57172.24,1577753999999,103687.144367,358
LINKUSDT,1577754000000,1.8197,1.8292,1.8174,1.8292,24343.0,1577757599999,44332.048459,214
LINKUSDT,1577757600000,1.8268,1.8268,1.8045,1.8093,146441.34,1577761199999,265677.209803,841
LINKUSDT,1577761200000,1.8119,1.8121,1.795,1.7997,70612.75,1577764799999,127252.472206,334
LINKUSDT,1577764800000,1.7987,1.8057,1.797,1.8,43991.58,1577768399999,79168.824724,210
LINKUSDT,1577768400000,1.8011,1.812,1.8011,1.8119,17402.34,1577771999999,31452.242882,179
LINKUSDT,1577772000000,1.8124,1.8153,1.8106,1.8128,34271.72,1577775599999,62137.044842,145
LINKUSDT,1577775600000,1.8128,1.8184,1.8105,1.818,34214.62,1577779199999,62089.151313,177
LINKUSDT,1577779200000,1.8178,1.8191,1.8127,1.8154,24403.54,1577782799999,44295.573162,162
LINKUSDT,1577782800000,1.8154,1.8175,1.8111,1.8141,32802.05,1577786399999,59500.44776,193
LINKUSDT,1577786400000,1.8161,1.8181,1.8124,1.8125,8997.62,1577789999999,16330.01821,96
LINKUSDT,1577790000000,1.8158,1.8159,1.8119,1.8142,12632.79,1577793599999,22898.311139,122
LINKUSDT,1577793600000,1.8136,1.8149,1.811,1.8138,25670.68,1577797199999,46517.191529,170
LINKUSDT,1577797200000,1.8133,1.8139,1.8003,1.8005,71873.69,1577800799999,129648.710268,358
LINKUSDT,1577800800000,1.8003,1.8108,1.7818,1.7903,255120.17,1577804399999,458586.015685,1195
LINKUSDT,1577804400000,1.7902,1.7945,1.7805,1.786,119131.75,1577807999999,212863.799433,739
LINKUSDT,1577808000000,1.7854,1.7984,1.7842,1.79,65992.88,1577811599999,118243.239322,388
LINKUSDT,1577811600000,1.7904,1.791,1.7548,1.7619,280831.57,1577815199999,497917.182323,1275
LINKUSDT,1577815200000,1.7619,1.7697,1.754,1.7584,102955.49,1577818799999,181145.715046,625
LINKUSDT,1577818800000,1.7578,1.7723,1.7542,1.7676,49757.98,1577822399999,87660.428496,397
LINKUSDT,1577822400000,1.7675,1.7716,1.7598,1.7629,32946.31,1577825999999,58116.678959,292
LINKUSDT,1577826000000,1.7625,1.7689,1.7597,1.7689,25814.58,1577829599999,45522.903587,201
LINKUSDT,1577829600000,1.7668,1.774,1.7639,1.7693,64169.08,1577833199999,113607.525848,448
LINKUSDT,1577833200000,1.7693,1.7729,1.7641,1.7673,36099.51,1577836799999,63851.043276,214
