symbol,open_time,open,high,low,close,volume,close_time,quote_volume,trades_count
XRPUSDT,1735689600000,2.0836,2.1125,2.0811,2.1106,8271344.0,1735693199999,17374141.5966,33860
XRPUSDT,1735693200000,2.1106,2.1112,2.0929,2.0943,4301257.0,1735696799999,9040716.9652,22246
XRPUSDT,1735696800000,2.0944,2.106,2.0929,2.1058,3680119.0,1735700399999,7732289.5671,17514
XRPUSDT,1735700400000,2.1057,2.1087,2.1003,2.1069,1788392.0,1735703999999,3763727.8986,12375
XRPUSDT,1735704000000,2.1069,2.1131,2.1003,2.1027,2890478.0,1735707599999,6086947.5778,17188
XRPUSDT,1735707600000,2.1028,2.1494,2.0999,2.1358,10844247.0,1735711199999,23082408.6488,45038
XRPUSDT,1735711200000,2.1358,2.1474,2.1303,2.1439,6898622.0,1735714799999,14754481.5311,33099
XRPUSDT,1735714800000,2.144,2.144,2.1244,2.1246,4690301.0,1735718399999,10004707.215,22527
XRPUSDT,1735718400000,2.1246,2.135,2.1081,2.1103,6392440.0,1735721999999,13551603.4666,28240
XRPUSDT,1735722000000,2.1103,2.1164,2.0901,2.1052,9439821.0,1735725599999,19820610.556,40126
XRPUSDT,1735725600000,2.1053,2.1184,2.1053,2.109,5102665.0,1735729199999,10774685.5179,21523
XRPUSDT,1735729200000,2.109,2.1439,2.1021,2.1357,8875657.0,1735732799999,18891600.5126,42072
XRPUSDT,1735732800000,2.1358,2.1737,2.1312,2.1679,15511957.0,1735736399999,33443460.0079,61748
XRPUSDT,1735736400000,2.1679,2.185,2.1587,2.1653,14886067.0,1735739999999,32328680.884,63006
XRPUSDT,1735740000000,2.1653,2.1855,2.1605,2.174,12290672.0,1735743599999,26730179.2272,54613
XRPUSDT,1735743600000,2.174,2.234,2.1626,2.2283,22707165.0,1735747199999,50067887.0422,91807
XRPUSDT,1735747200000,2.2283,2.2842,2.2219,2.2635,39073764.0,1735750799999,88310688.2739,169615
XRPUSDT,1735750800000,2.2635,2.2659,2.2114,2.2596,28056973.0,1735754399999,62744341.5256,106585
XRPUSDT,1735754400000,2.2596,2.3333,2.2482,2.322,32004482.0,1735757999999,73540586.431,128301
XRPUSDT,1735758000000,2.3219,2.342,2.2884,2.3172,34931200.0,1735761599999,80816584.9253,125655
XRPUSDT,1735761600000,2.3172,2.3196,2.2957,2.3068,13445771.0,1735765199999,31014964.2533,63573
XRPUSDT,1735765200000,2.3067,2.33,2.2867,2.3207,21553733.0,1735768799999,49813277.8952,76912
XRPUSDT,1735768800000,2.3205,2.3545,2.2982,2.3493,17779448.0,1735772399999,41370269.8531,61330
XRPUSDT,1735772400000,2.3494,2.3521,2.314,2.3328,15353699.0,1735775999999,35773218.9431,64570
XRPUSDT,1735776000000,2.3329,2.4522,2.3297,2.3887,67760691.0,1735779599999,163310083.1298,254632
XRPUSDT,1735779600000,2.3887,2.4119,2.3707,2.4008,25466622.0,1735783199999,61007624.7829,96641
XRPUSDT,1735783200000,2.4007,2.4164,2.3868,2.4054,17588435.0,1735786799999,42231041.4071,65245
XRPUSDT,1735786800000,2.4053,2.4299,2.4001,2.4249,14477747.0,1735790399999,34976537.2177,52989
XRPUSDT,1735790400000,2.4249,2.4282,2.399,2.4001,14126612.0,1735793999999,34125954.7215,62150
XRPUSDT,1735794000000,2.4001,2.4019,2.3658,2.3725,14665813.0,1735797599999,34974983.6169,86162
XRPUSDT,1735797600000,2.3725,2.383,2.3434,2.3545,22568926.0,1735801199999,53293950.7101,95670
XRPUSDT,1735801200000,2.3546,2.3742,2.348,2.3672,13298437.0,1735804799999,31416333.3665,47745
XRPUSDT,1735804800000,2.3673,2.3843,2.3672,2.3788,10045447.0,1735808399999,23882383.7443,44023
XRPUSDT,1735808400000,2.3788,2.4101,2.377,2.4005,13144625.0,1735811999999,31514974.9027,55056
XRPUSDT,1735812000000,2.4005,2.4056,2.3825,2.3952,12664547.0,1735815599999,30322809.0239,49296
XRPUSDT,1735815600000,2.3952,2.4168,2.3874,2.4035,9867181.0,1735819199999,23708932.0619,44266
XRPUSDT,1735819200000,2.4035,2.422,2.3982,2.4071,7836398.0,1735822799999,18880936.2034,44566
XRPUSDT,1735822800000,2.4072,2.4143,2.3857,2.3911,9475829.0,1735826399999,22734279.2334,50746
XRPUSDT,1735826400000,2.391,2.4224,2.3641,2.4076,22112733.0,1735829999999,52969215.9458,112619
XRPUSDT,1735830000000,2.4075,2.4093,2.3786,2.4042,12083860.0,1735833599999,28917153.7614,71677
XRPUSDT,1735833600000,2.4043,2.422,2.3943,2.4189,11166184.0,1735837199999,26912383.1926,54791
XRPUSDT,1735837200000,2.419,2.438,2.3756,2.396,20951239.0,1735840799999,50477318.1613,88499
XRPUSDT,1735840800000,2.3959,2.4142,2.3856,2.4072,6952318.0,1735844399999,16692235.6488,42220
XRPUSDT,1735844400000,2.4071,2.415,2.3877,2.3878,7235509.0,1735847999999,17373632.8178,34790
XRPUSDT,1735848000000,2.3879,2.3975,2.3662,2.3841,9799033.0,1735851599999,23329634.3583,43721
XRPUSDT,1735851600000,2.3841,2.388,2.3728,2.3865,5035717.0,1735855199999,11990087.091,25567
XRPUSDT,1735855200000,2.3865,2.4113,2.3848,2.4056,7452327.0,1735858799999,17868796.1728,29290
XRPUSDT,1735858800000,2.4056,2.4147,2.3984,2.4024,5420151.0,1735862399999,13038494.4438,27687
XRPUSDT,1735862400000,2.4024,2.4198,2.3979,2.4112,7209644.0,1735865999999,17385590.3031,46991
XRPUSDT,1735866000000,2.4112,2.4371,2.3966,2.4231,11710921.0,1735869599999,28333084.834,69487
XRPUSDT,1735869600000,2.4232,2.4648,2.4176,2.4475,17063023.0,1735873199999,41729584.5933,88889
XRPUSDT,1735873200000,2.4475,2.4743,2.4372,2.468,11805650.0,1735876799999,28994596.4351,71685
XRPUSDT,1735876800000,2.4681,2.4681,2.437,2.4428,10503517.0,1735880399999,25740642.417,69179
XRPUSDT,1735880400000,2.4428,2.4454,2.4207,2.4301,7792822.0,1735883999999,18948014.7847,64467
XRPUSDT,1735884000000,2.4302,2.4535,2.4301,2.4444,7497558.0,1735887599999,18328124.7087,60291
XRPUSDT,1735887600000,2.4443,2.446,2.4044,2.4152,14159822.0,1735891199999,34235264.8006,81909
XRPUSDT,1735891200000,2.4153,2.4249,2.4017,2.4133,6218329.0,1735894799999,15019667.2502,45818
XRPUSDT,1735894800000,2.4133,2.4271,2.4085,2.4204,5385780.0,1735898399999,13032058.5081,42551
XRPUSDT,1735898400000,2.4205,2.429,2.4077,2.4106,9291638.0,1735901999999,22475483.4816,48510
XRPUSDT,1735902000000,2.4107,2.4369,2.3975,2.4087,18296629.0,1735905599999,44133398.6438,60312
XRPUSDT,1735905600000,2.4087,2.4215,2.4039,2.4041,8993674.0,1735909199999,21689142.8174,43347
XRPUSDT,1735909200000,2.4041,2.418,2.4011,2.4082,8214774.0,1735912799999,19793725.9063,42865
XRPUSDT,1735912800000,2.4082,2.4449,2.4079,2.4346,10989154.0,1735916399999,26692687.9281,54108
XRPUSDT,1735916400000,2.4347,2.4496,2.4241,2.4468,10523681.0,1735919999999,25662975.4377,54845
XRPUSDT,1735920000000,2.4469,2.4798,2.4377,2.4596,17113440.0,1735923599999,42117830.9735,75240
XRPUSDT,1735923600000,2.4596,2.4709,2.4388,2.4419,9376436.0,1735927199999,23037539.1973,48134
XRPUSDT,1735927200000,2.442,2.4589,2.4388,2.4512,6368068.0,1735930799999,15594753.334,37833
XRPUSDT,1735930800000,2.4512,2.4794,2.4503,2.4728,9362939.0,1735934399999,23119319.9201,42516
XRPUSDT,1735934400000,2.4727,2.4727,2.4484,2.4486,7523293.0,1735937999999,18490317.2394,39641
XRPUSDT,1735938000000,2.4486,2.454,2.442,2.4533,5197253.0,1735941599999,12723769.2895,28590
XRPUSDT,1735941600000,2.4534,2.4666,2.4515,2.4597,6045322.0,1735945199999,14868313.6543,26996
XRPUSDT,1735945200000,2.4596,2.4676,2.4506,2.4547,7029361.0,1735948799999,17276188.8233,33462
XRPUSDT,1735948800000,2.4546,2.466,2.428,2.444,11937807.0,1735952399999,29197922.5703,55487
XRPUSDT,1735952400000,2.4441,2.4744,2.432,2.4731,8595004.0,1735955999999,21096953.5658,51780
XRPUSDT,1735956000000,2.4731,2.509,2.4638,2.4838,35168392.0,1735959599999,87663455.694,133362
XRPUSDT,1735959600000,2.4839,2.4862,2.4605,2.4657,7922735.0,1735963199999,19593219.3217,41736
XRPUSDT,1735963200000,2.4657,2.4662,2.442,2.4506,6671492.0,1735966799999,16358704.0054,44125
XRPUSDT,1735966800000,2.4507,2.4612,2.4465,2.4544,4588590.0,1735970399999,11259174.3231,33175
XRPUSDT,1735970400000,2.4544,2.4618,2.4507,2.4556,2875090.0,1735973999999,7064378.4004,23826
XRPUSDT,1735974000000,2.4555,2.4605,2.4451,2.4462,4145583.0,1735977599999,10167903.185,27532
XRPUSDT,1735977600000,2.4462,2.4517,2.4306,2.4329,7496565.0,1735981199999,18290927.5973,44926
XRPUSDT,1735981200000,2.433,2.4488,2.4325,2.4464,5048357.0,1735984799999,12333641.5944,31473
XRPUSDT,1735984800000,2.4463,2.4535,2.4332,2.4393,4374836.0,1735988399999,10676551.4966,33650
XRPUSDT,1735988400000,2.4392,2.4438,2.4288,2.4407,4905395.0,1735991999999,11945955.0503,31703
XRPUSDT,1735992000000,2.4408,2.4538,2.438,2.45,4282689.0,1735995599999,10479490.421,34244
XRPUSDT,1735995600000,2.45,2.4581,2.444,2.4541,5856203.0,1735999199999,14356830.418,34438
XRPUSDT,1735999200000,2.4541,2.4593,2.4448,2.4583,3974242.0,1736002799999,9747288.5744,28516
XRPUSDT,1736002800000,2.4584,2.4629,2.3999,2.4115,24086334.0,1736006399999,58278792.1539,116906
XRPUSDT,1736006400000,2.4114,2.4345,2.4106,2.4196,8821891.0,1736009999999,21371535.8962,57892
XRPUSDT,1736010000000,2.4197,2.4286,2.4124,2.427,4065580.0,1736013599999,9841403.712,33181
XRPUSDT,1736013600000,2.427,2.4302,2.4156,2.4198,3145979.0,1736017199999,7621706.0469,27381
XRPUSDT,1736017200000,2.4198,2.4253,2.4136,2.4234,3877078.0,1736020799999,9375906.2861,26877
XRPUSDT,1736020800000,2.4234,2.44,2.42,2.4348,4281529.0,1736024399999,10405998.9977,30420
XRPUSDT,1736024400000,2.4348,2.4424,2.4196,2.4241,5622740.0,1736027999999,13677048.8733,38208
XRPUSDT,1736028000000,2.4241,2.4327,2.4177,2.4294,4304483.0,1736031599999,10430093.0846,27779
XRPUSDT,1736031600000,2.4294,2.4332,2.4166,2.4201,3745332.0,1736035199999,9074676.9193,29265
XRPUSDT,1736035200000,2.4201,2.4285,2.4064,2.4085,5900249.0,1736038799999,14256362.3851,42563
XRPUSDT,1736038800000,2.4085,2.4105,2.3712,2.3886,14210264.0,1736042399999,33972935.1637,69989
XRPUSDT,1736042400000,2.3886,2.3967,2.384,2.3929,4610786.0,1736045999999,11023984.2131,32740
XRPUSDT,1736046000000,2.3929,2.3946,2.3828,2.3903,5002638.0,1736049599999,11953946.5305,23957
XRPUSDT,1736049600000,2.3902,2.4063,2.3895,2.4012,4976446.0,1736053199999,11936768.4301,28576
XRPUSDT,1736053200000,2.4013,2.4058,2.3922,2.3954,2486901.0,1736056799999,5967115.8542,20518
XRPUSDT,1736056800000,2.3953,2.4084,2.3876,2.4072,3314552.0,1736060399999,7951759.3601,22416
XRPUSDT,1736060400000,2.4072,2.4157,2.3971,2.4006,5290232.0,1736063999999,12726146.9312,26758
XRPUSDT,1736064000000,2.4005,2.4035,2.3674,2.3823,8955393.0,1736067599999,21303763.5328,56480
XRPUSDT,1736067600000,2.3822,2.3843,2.3456,2.3493,11848657.0,1736071199999,28003033.0337,63536
XRPUSDT,1736071200000,2.3493,2.3536,2.3273,2.3415,14790690.0,1736074799999,34627841.982,80030
XRPUSDT,1736074800000,2.3416,2.359,2.3368,2.3527,8128000.0,1736078399999,19109369.1166,47285
XRPUSDT,1736078400000,2.3527,2.3676,2.344,2.3589,7605842.0,1736081999999,17920681.8151,43906
XRPUSDT,1736082000000,2.3589,2.3795,2.3575,2.3665,7969512.0,1736085599999,18879927.568,44679
XRPUSDT,1736085600000,2.3665,2.3819,2.3451,2.3753,6889428.0,1736089199999,16277161.2698,56041
XRPUSDT,1736089200000,2.3752,2.3808,2.3602,2.3683,4575873.0,1736092799999,10846818.3862,40452
XRPUSDT,1736092800000,2.3684,2.3766,2.3597,2.3667,4299335.0,1736096399999,10175478.7277,32646
XRPUSDT,1736096400000,2.3667,2.3835,2.366,2.3795,3541763.0,1736099999999,8418537.1377,31679
XRPUSDT,1736100000000,2.3795,2.4098,2.369,2.403,7453601.0,1736103599999,17849215.2397,54532
XRPUSDT,1736103600000,2.4031,2.4117,2.381,2.3837,5777822.0,1736107199999,13835593.3107,44069
XRPUSDT,1736107200000,2.3836,2.4019,2.3824,2.3976,4479657.0,1736110799999,10723928.0847,38876
XRPUSDT,1736110800000,2.3976,2.4054,2.3911,2.3918,3160258.0,1736114399999,7581323.2761,30319
XRPUSDT,1736114400000,2.3919,2.4045,2.3868,2.4031,4195220.0,1736117999999,10054523.7313,27062
XRPUSDT,1736118000000,2.403,2.4149,2.3973,2.3994,6074741.0,1736121599999,14620143.5235,45289
XRPUSDT,1736121600000,2.3993,2.4128,2.3853,2.3895,6616141.0,1736125199999,15864727.6259,58320
XRPUSDT,1736125200000,2.3895,2.4198,2.3734,2.4191,8994522.0,1736128799999,21568318.9346,70945
XRPUSDT,1736128800000,2.419,2.4423,2.4041,2.405,15200011.0,1736132399999,36849826.2711,101942
XRPUSDT,1736132400000,2.4049,2.4157,2.3979,2.4121,5659267.0,1736135999999,13620474.1106,37866
XRPUSDT,1736136000000,2.4121,2.4249,2.4121,2.4163,5975065.0,1736139599999,14446950.8281,37839
XRPUSDT,1736139600000,2.4162,2.418,2.4028,2.4043,7391645.0,1736143199999,17816951.1968,42640
XRPUSDT,1736143200000,2.4044,2.4145,2.3987,2.412,5571930.0,1736146799999,13414051.0166,33752
XRPUSDT,1736146800000,2.4121,2.4152,2.3906,2.3927,7987896.0,1736150399999,19166147.0303,45288
XRPUSDT,1736150400000,2.3926,2.4034,2.378,2.3797,8615358.0,1736153999999,20590772.9838,61759
XRPUSDT,1736154000000,2.3796,2.3876,2.3742,2.3858,4930971.0,1736157599999,11742600.2801,36725
XRPUSDT,1736157600000,2.3858,2.3903,2.3766,2.3869,3710160.0,1736161199999,8846593.799,30033
XRPUSDT,1736161200000,2.3868,2.4044,2.3811,2.3959,5521734.0,1736164799999,13215206.3155,35094
XRPUSDT,1736164800000,2.3958,2.4023,2.3884,2.392,4623246.0,1736168399999,11070566.3187,32706
XRPUSDT,1736168400000,2.392,2.4005,2.3797,2.399,6115389.0,1736171999999,14629734.0895,48874
XRPUSDT,1736172000000,2.399,2.4389,2.3674,2.4288,20484661.0,1736175599999,49276619.133,122919
XRPUSDT,1736175600000,2.4287,2.4509,2.4183,2.4363,19589686.0,1736179199999,47761773.0277,128865
XRPUSDT,1736179200000,2.4364,2.4584,2.4265,2.4442,14223295.0,1736182799999,34788295.4606,97374
XRPUSDT,1736182800000,2.4442,2.4447,2.4,2.4165,16228146.0,1736186399999,39200956.8489,97891
XRPUSDT,1736186400000,2.4165,2.4308,2.4072,2.4262,5893838.0,1736189999999,14265912.7117,57271
XRPUSDT,1736190000000,2.4262,2.4343,2.4208,2.4249,4662234.0,1736193599999,11325120.9643,39189
XRPUSDT,1736193600000,2.4249,2.4299,2.4129,2.4196,4230626.0,1736197199999,10248081.6389,40436
XRPUSDT,1736197200000,2.4196,2.4249,2.4095,2.413,4867303.0,1736200799999,11764315.7828,40427
XRPUSDT,1736200800000,2.413,2.4257,2.4073,2.4214,3655606.0,1736204399999,8828102.9957,26098
XRPUSDT,1736204400000,2.4214,2.4227,2.41,2.42,3544547.0,1736207999999,8559726.9924,38150
XRPUSDT,1736208000000,2.42,2.4236,2.4053,2.407,4287970.0,1736211599999,10348976.9148,46574
XRPUSDT,1736211600000,2.407,2.4153,2.3941,2.4145,8983374.0,1736215199999,21572823.9492,45078
XRPUSDT,1736215200000,2.4144,2.4157,2.3933,2.3944,5287573.0,1736218799999,12694293.8057,36351
XRPUSDT,1736218800000,2.3944,2.4071,2.3944,2.4048,3981677.0,1736222399999,9559196.4798,27755
XRPUSDT,1736222400000,2.4047,2.4182,2.4047,2.4064,5039147.0,1736225999999,12152217.8043,23797
XRPUSDT,1736226000000,2.4063,2.4335,2.4034,2.4309,5341720.0,1736229599999,12910573.3716,29668
XRPUSDT,1736229600000,2.431,2.4479,2.425,2.4464,9497738.0,1736233199999,23146037.0843,56707
XRPUSDT,1736233200000,2.4463,2.4464,2.4252,2.4275,7034856.0,1736236799999,17129131.3659,44364
XRPUSDT,1736236800000,2.4276,2.4531,2.4275,2.4417,8993711.0,1736240399999,21971183.6573,52656
XRPUSDT,1736240400000,2.4416,2.4518,2.4368,2.4477,6447310.0,1736243999999,15762691.3142,48796
XRPUSDT,1736244000000,2.4477,2.4683,2.4385,2.4565,11500614.0,1736247599999,28218817.1107,64313
XRPUSDT,1736247600000,2.4565,2.4589,2.4064,2.422,17214977.0,1736251199999,41809927.4876,92973
XRPUSDT,1736251200000,2.422,2.4313,2.4117,2.4138,6955629.0,1736254799999,16843149.1632,54956
XRPUSDT,1736254800000,2.4139,2.4307,2.4136,2.4257,6008273.0,1736258399999,14556971.5369,45520
XRPUSDT,1736258400000,2.4257,2.4431,2.38,2.3943,16102191.0,1736261999999,38929278.31,108042
XRPUSDT,1736262000000,2.3942,2.4024,2.2788,2.3139,103499529.0,1736265599999,241385205.069,635563
XRPUSDT,1736265600000,2.3139,2.3462,2.2993,2.3123,27092204.0,1736269199999,63042588.8156,160447
XRPUSDT,1736269200000,2.3123,2.3273,2.2856,2.3015,18499425.0,1736272799999,42709994.4366,95467
XRPUSDT,1736272800000,2.3015,2.3178,2.2719,2.2949,16409935.0,1736276399999,37628465.2943,90569
XRPUSDT,1736276400000,2.2949,2.302,2.2629,2.2827,12284068.0,1736279999999,28017484.0317,83373
XRPUSDT,1736280000000,2.2826,2.2958,2.2572,2.2771,12693815.0,1736283599999,28930624.3202,93432
XRPUSDT,1736283600000,2.2771,2.3077,2.2698,2.2698,13192022.0,1736287199999,30214674.2098,69621
XRPUSDT,1736287200000,2.2698,2.2976,2.2631,2.2964,8262281.0,1736290799999,18865603.8847,48025
XRPUSDT,1736290800000,2.2963,2.2963,2.2675,2.2712,7867299.0,1736294399999,17952872.687,49087
XRPUSDT,1736294400000,2.2712,2.3404,2.2676,2.3316,17686913.0,1736297999999,40856491.1466,122484
XRPUSDT,1736298000000,2.3316,2.3479,2.2979,2.3463,12110492.0,1736301599999,28074623.3619,99910
XRPUSDT,1736301600000,2.3463,2.367,2.3256,2.3355,13794416.0,1736305199999,32369452.0117,105947
XRPUSDT,1736305200000,2.3355,2.347,2.3079,2.3198,12953939.0,1736308799999,30129477.4151,110204
XRPUSDT,1736308800000,2.3198,2.3335,2.3,2.3098,9599402.0,1736312399999,22219646.1316,88370
XRPUSDT,1736312400000,2.3098,2.329,2.2921,2.2974,11146510.0,1736315999999,25765928.1563,97732
XRPUSDT,1736316000000,2.2973,2.3142,2.2612,2.2614,15687493.0,1736319599999,35899741.9782,130600
XRPUSDT,1736319600000,2.2614,2.2953,2.2577,2.2863,15644861.0,1736323199999,35624399.9424,98315
XRPUSDT,1736323200000,2.2863,2.3354,2.2859,2.3245,15046588.0,1736326799999,34879267.1321,96086
XRPUSDT,1736326800000,2.3246,2.333,2.306,2.3069,7952006.0,1736330399999,18445633.4193,59770
XRPUSDT,1736330400000,2.3069,2.3398,2.3066,2.3298,9326921.0,1736333999999,21683208.9743,67826
XRPUSDT,1736334000000,2.3297,2.333,2.2978,2.3262,10965574.0,1736337599999,25401299.3396,85269
XRPUSDT,1736337600000,2.3263,2.377,2.3086,2.3128,26161005.0,1736341199999,61310002.0311,140894
XRPUSDT,1736341200000,2.3127,2.3427,2.3121,2.3139,13715759.0,1736344799999,31910119.565,99680
XRPUSDT,1736344800000,2.3138,2.3421,2.3095,2.3169,15438267.0,1736348399999,35870244.1613,152988
XRPUSDT,1736348400000,2.3168,2.3417,2.2779,2.3091,22330201.0,1736351999999,51500038.2978,136258
XRPUSDT,1736352000000,2.309,2.315,2.2737,2.2747,11277738.0,1736355599999,25858889.0738,85538
XRPUSDT,1736355600000,2.2747,2.2874,2.2001,2.2815,58268960.0,1736359199999,130743119.9606,310063
XRPUSDT,1736359200000,2.2814,2.3379,2.277,2.3023,29615693.0,1736362799999,68393054.2689,156229
XRPUSDT,1736362800000,2.3025,2.3321,2.2925,2.3157,15204953.0,1736366399999,35223980.1309,98936
XRPUSDT,1736366400000,2.3156,2.3337,2.297,2.3232,11407118.0,1736369999999,26430457.5017,69277
XRPUSDT,1736370000000,2.3232,2.3668,2.3148,2.3394,16301629.0,1736373599999,38123490.5085,92915
XRPUSDT,1736373600000,2.3393,2.3986,2.339,2.3886,19301970.0,1736377199999,45763456.651,87824
XRPUSDT,1736377200000,2.3886,2.3908,2.3618,2.3731,10097621.0,1736380799999,23994961.6736,65334
XRPUSDT,1736380800000,2.373,2.3827,2.3602,2.376,7979033.0,1736384399999,18921330.0292,62406
XRPUSDT,1736384400000,2.376,2.3956,2.369,2.3728,11961802.0,1736387999999,28474325.3604,58289
XRPUSDT,1736388000000,2.3729,2.3773,2.3359,2.3611,20723350.0,1736391599999,48770324.9312,121367
XRPUSDT,1736391600000,2.3611,2.363,2.3418,2.3485,8775817.0,1736395199999,20633981.2708,50927
XRPUSDT,1736395200000,2.3484,2.3634,2.3346,2.3626,7376221.0,1736398799999,17331830.838,47461
XRPUSDT,1736398800000,2.3625,2.366,2.347,2.3489,4939262.0,1736402399999,11639840.5914,36407
XRPUSDT,1736402400000,2.349,2.3561,2.3302,2.3307,7849812.0,1736405999999,18384344.1171,47006
XRPUSDT,1736406000000,2.3307,2.3383,2.2969,2.3127,20721553.0,1736409599999,47898855.1758,101018
XRPUSDT,1736409600000,2.3127,2.3323,2.3,2.318,8933380.0,1736413199999,20673808.0453,62852
XRPUSDT,1736413200000,2.3181,2.3285,2.3125,2.3183,6123004.0,1736416799999,14199879.3835,42063
XRPUSDT,1736416800000,2.3182,2.3223,2.2874,2.3014,11498168.0,1736420399999,26473202.334,74278
XRPUSDT,1736420400000,2.3014,2.3139,2.2906,2.304,5553718.0,1736423999999,12795698.008,62228
XRPUSDT,1736424000000,2.3039,2.3141,2.2839,2.2974,11005593.0,1736427599999,25306546.3913,70174
XRPUSDT,1736427600000,2.2974,2.3012,2.2352,2.2361,26297340.0,1736431199999,59485658.9857,167415
XRPUSDT,1736431200000,2.236,2.2788,2.2351,2.274,20515062.0,1736434799999,46398786.6297,158641
XRPUSDT,1736434800000,2.2741,2.3385,2.265,2.3205,25286621.0,1736438399999,58392238.532,177947
XRPUSDT,1736438400000,2.3205,2.3291,2.2986,2.3215,13182731.0,1736441999999,30511389.5036,104254
XRPUSDT,1736442000000,2.3215,2.3296,2.2799,2.2905,15334100.0,1736445599999,35369939.7597,109613
XRPUSDT,1736445600000,2.2905,2.3224,2.2871,2.3107,10422942.0,1736449199999,24027396.1616,91847
XRPUSDT,1736449200000,2.3108,2.3131,2.2668,2.2793,11113622.0,1736452799999,25416912.4846,94796
XRPUSDT,1736452800000,2.2793,2.2895,2.2519,2.2787,16893364.0,1736456399999,38345125.7235,125024
XRPUSDT,1736456400000,2.2788,2.2895,2.2595,2.2649,7439703.0,1736459999999,16929883.067,62199
XRPUSDT,1736460000000,2.2648,2.2997,2.2548,2.2909,9381842.0,1736463599999,21373564.1142,53806
XRPUSDT,1736463600000,2.2909,2.2935,2.2708,2.2722,5277046.0,1736467199999,12037113.2044,41812
XRPUSDT,1736467200000,2.2722,2.2874,2.2668,2.2726,7144306.0,1736470799999,16281428.8818,58003
XRPUSDT,1736470800000,2.2726,2.2859,2.2578,2.2841,8209731.0,1736474399999,18648749.2086,62938
XRPUSDT,1736474400000,2.2841,2.2945,2.2744,2.2777,7558177.0,1736477999999,17273000.1034,56507
XRPUSDT,1736478000000,2.2777,2.2901,2.2754,2.2883,4059726.0,1736481599999,9269613.0209,37001
XRPUSDT,1736481600000,2.2882,2.2996,2.2824,2.2884,4826251.0,1736485199999,11045061.056,39134
XRPUSDT,1736485200000,2.2884,2.3078,2.2802,2.2997,6524087.0,1736488799999,14971580.489,49642
XRPUSDT,1736488800000,2.2998,2.3044,2.2846,2.3007,8044932.0,1736492399999,18468541.265,49591
XRPUSDT,1736492400000,2.3006,2.3265,2.2948,2.3102,10227440.0,1736495999999,23637150.0526,70683
XRPUSDT,1736496000000,2.3102,2.3218,2.3026,2.3107,7009478.0,1736499599999,16209373.5117,50696
XRPUSDT,1736499600000,2.3106,2.3189,2.3041,2.3132,5670001.0,1736503199999,13108275.5697,40709
XRPUSDT,1736503200000,2.3132,2.3227,2.3089,2.3206,6509923.0,1736506799999,15070297.3009,35894
XRPUSDT,1736506800000,2.3206,2.3212,2.3001,2.3095,9033381.0,1736510399999,20860151.6209,50170
XRPUSDT,1736510400000,2.3095,2.311,2.296,2.3093,6422376.0,1736513999999,14788349.3242,50050
XRPUSDT,1736514000000,2.3092,2.319,2.2465,2.2782,41280105.0,1736517599999,93910676.5998,256392
XRPUSDT,1736517600000,2.2781,2.3086,2.2721,2.2942,16838266.0,1736521199999,38614789.1779,146330
XRPUSDT,1736521200000,2.2941,2.3047,2.2492,2.2889,21145066.0,1736524799999,48157115.917,154205
XRPUSDT,1736524800000,2.2889,2.2915,2.2682,2.2758,10400072.0,1736528399999,23713261.2343,82891
XRPUSDT,1736528400000,2.2759,2.3507,2.271,2.35,20528898.0,1736531999999,47549013.746,108934
XRPUSDT,1736532000000,2.3499,2.3632,2.322,2.3353,15359178.0,1736535599999,35981902.2974,114077
XRPUSDT,1736535600000,2.3354,2.3594,2.3247,2.3583,8128082.0,1736539199999,19042500.8792,62585
XRPUSDT,1736539200000,2.3584,2.3699,2.344,2.3566,8893239.0,1736542799999,20960618.6306,66740
XRPUSDT,1736542800000,2.3566,2.3589,2.338,2.3393,4710763.0,1736546399999,11072782.9741,40436
XRPUSDT,1736546400000,2.3393,2.3524,2.3319,2.3427,5437702.0,1736549999999,12732455.4746,30937
XRPUSDT,1736550000000,2.3427,2.3486,2.3354,2.3414,4057098.0,1736553599999,9500708.3874,36152
XRPUSDT,1736553600000,2.3414,2.3608,2.3353,2.3603,8117375.0,1736557199999,19043708.1481,62648
XRPUSDT,1736557200000,2.3604,2.3643,2.3423,2.3552,5821602.0,1736560799999,13704701.9095,47307
XRPUSDT,1736560800000,2.3553,2.3574,2.3357,2.3475,3827470.0,1736564399999,8976717.3481,30744
XRPUSDT,1736564400000,2.3474,2.3475,2.3249,2.3314,6358075.0,1736567999999,14839986.7675,38649
XRPUSDT,1736568000000,2.3314,2.34,2.3268,2.3336,3244893.0,1736571599999,7567473.7896,29223
XRPUSDT,1736571600000,2.3336,2.338,2.3271,2.3323,2396162.0,1736575199999,5589704.496,22276
XRPUSDT,1736575200000,2.3322,2.3462,2.3317,2.3382,3007525.0,1736578799999,7036681.4032,25439
XRPUSDT,1736578800000,2.3382,2.3461,2.3342,2.344,3564917.0,1736582399999,8343197.056,29091
XRPUSDT,1736582400000,2.3439,2.3515,2.3323,2.3403,5357074.0,1736585999999,12549569.8204,37118
XRPUSDT,1736586000000,2.3403,2.3594,2.3403,2.3561,4875899.0,1736589599999,11469099.4186,41871
XRPUSDT,1736589600000,2.356,2.3928,2.3503,2.3866,14332883.0,1736593199999,34010540.7143,80325
XRPUSDT,1736593200000,2.3866,2.437,2.3774,2.4195,22459842.0,1736596799999,54076970.7812,131602
XRPUSDT,1736596800000,2.4194,2.4303,2.3988,2.406,23780159.0,1736600399999,57341028.0758,116610
XRPUSDT,1736600400000,2.406,2.41,2.3819,2.3941,11225254.0,1736603999999,26849702.2566,74138
XRPUSDT,1736604000000,2.3941,2.407,2.3779,2.4021,9640668.0,1736607599999,23072759.2051,60632
XRPUSDT,1736607600000,2.4021,2.4168,2.39,2.4075,8915598.0,1736611199999,21452912.5599,59538
XRPUSDT,1736611200000,2.4075,2.4985,2.3973,2.4748,36409335.0,1736614799999,89500996.4468,208748
XRPUSDT,1736614800000,2.4747,2.5129,2.4458,2.4822,36787182.0,1736618399999,91227892.3799,214547
XRPUSDT,1736618400000,2.4822,2.5044,2.4771,2.4899,18027726.0,1736621999999,44886378.6983,108165
XRPUSDT,1736622000000,2.49,2.5321,2.4729,2.5301,21017063.0,1736625599999,52611753.2144,126396
XRPUSDT,1736625600000,2.5301,2.5999,2.5081,2.5927,37929243.0,1736629199999,96910929.2467,190686
XRPUSDT,1736629200000,2.5927,2.6036,2.5527,2.5739,29731186.0,1736632799999,76509907.7813,156402
XRPUSDT,1736632800000,2.574,2.5756,2.5315,2.5482,20342156.0,1736636399999,51884818.6575,97005
XRPUSDT,1736636400000,2.5483,2.5809,2.5451,2.5764,12003209.0,1736639999999,30818366.6104,73813
XRPUSDT,1736640000000,2.5764,2.5835,2.5124,2.521,21849509.0,1736643599999,55468951.2864,154525
XRPUSDT,1736643600000,2.521,2.5312,2.5057,2.5305,10153046.0,1736647199999,25551592.4106,92467
XRPUSDT,1736647200000,2.5305,2.5498,2.5266,2.5441,9025220.0,1736650799999,22909999.9605,72875
XRPUSDT,1736650800000,2.544,2.5465,2.5265,2.5418,6673402.0,1736654399999,16917180.8006,56262
XRPUSDT,1736654400000,2.5418,2.554,2.5337,2.5518,6217577.0,1736657999999,15831573.5266,48287
XRPUSDT,1736658000000,2.552,2.5561,2.5379,2.5467,5091950.0,1736661599999,12970079.9348,44388
XRPUSDT,1736661600000,2.5467,2.5508,2.5227,2.523,6430757.0,1736665199999,16308008.516,51417
XRPUSDT,1736665200000,2.5231,2.543,2.5113,2.5421,6005152.0,1736668799999,15168093.256,55099
XRPUSDT,1736668800000,2.5421,2.5505,2.5187,2.5239,8216174.0,1736672399999,20848107.4036,67284
XRPUSDT,1736672400000,2.524,2.5319,2.4849,2.4955,14106249.0,1736675999999,35287022.9651,97721
XRPUSDT,1736676000000,2.4954,2.5027,2.47,2.4851,14895027.0,1736679599999,36980735.0111,90356
XRPUSDT,1736679600000,2.4851,2.5034,2.4756,2.4946,8253656.0,1736683199999,20558150.7717,55337
XRPUSDT,1736683200000,2.4946,2.5282,2.4891,2.5082,12131763.0,1736686799999,30442106.632,83068
XRPUSDT,1736686800000,2.5083,2.5218,2.502,2.508,8100815.0,1736690399999,20336437.7631,62643
XRPUSDT,1736690400000,2.5081,2.5118,2.4869,2.5023,9431430.0,1736693999999,23558207.0365,66954
XRPUSDT,1736694000000,2.5022,2.5331,2.4944,2.523,10278084.0,1736697599999,25889009.3518,78808
XRPUSDT,1736697600000,2.523,2.5429,2.5191,2.5299,10299772.0,1736701199999,26091760.9714,80529
XRPUSDT,1736701200000,2.53,2.5516,2.5157,2.5418,7449188.0,1736704799999,18882277.2254,59463
XRPUSDT,1736704800000,2.5417,2.5538,2.5283,2.5439,7701761.0,1736708399999,19562505.5404,61023
XRPUSDT,1736708400000,2.5438,2.555,2.5349,2.5487,6933108.0,1736711999999,17639268.5754,66039
XRPUSDT,1736712000000,2.5488,2.5492,2.5272,2.5412,6018458.0,1736715599999,15284896.6375,56819
XRPUSDT,1736715600000,2.5412,2.5431,2.5141,2.5192,8593103.0,1736719199999,21688185.5223,73282
XRPUSDT,1736719200000,2.5192,2.5201,2.4892,2.4964,12273541.0,1736722799999,30670467.2083,67197
XRPUSDT,1736722800000,2.4963,2.5098,2.4847,2.5046,6783591.0,1736726399999,16943378.6732,48751
XRPUSDT,1736726400000,2.5045,2.5634,2.4988,2.5465,16250918.0,1736729999999,41266184.5766,133325
XRPUSDT,1736730000000,2.5464,2.563,2.5205,2.5297,16503574.0,1736733599999,41933183.8851,131604
XRPUSDT,1736733600000,2.5297,2.5337,2.4947,2.5161,12496671.0,1736737199999,31414672.864,92693
XRPUSDT,1736737200000,2.5161,2.5412,2.505,2.505,16253755.0,1736740799999,41044213.4617,95927
XRPUSDT,1736740800000,2.5051,2.5413,2.4988,2.5233,10670406.0,1736744399999,26941389.1626,85966
XRPUSDT,1736744400000,2.5233,2.5256,2.4967,2.5105,11910223.0,1736747999999,29859931.8599,77508
XRPUSDT,1736748000000,2.5106,2.5216,2.4444,2.4576,29422141.0,1736751599999,72786235.0535,173098
XRPUSDT,1736751600000,2.4575,2.4767,2.4469,2.4623,12344851.0,1736755199999,30408681.047,82040
XRPUSDT,1736755200000,2.4622,2.4642,2.4129,2.4381,22022067.0,1736758799999,53623013.5562,119456
XRPUSDT,1736758800000,2.438,2.4533,2.412,2.4443,19631453.0,1736762399999,47796040.912,119366
XRPUSDT,1736762400000,2.4442,2.4529,2.4122,2.4253,16187266.0,1736765999999,39350860.2937,119870
XRPUSDT,1736766000000,2.4253,2.4261,2.3351,2.3389,34862743.0,1736769599999,82982547.7244,226199
XRPUSDT,1736769600000,2.3388,2.3907,2.3329,2.3775,41025531.0,1736773199999,97136436.4821,217827
XRPUSDT,1736773200000,2.3776,2.4181,2.3719,2.3798,30721446.0,1736776799999,73542091.2733,139026
XRPUSDT,1736776800000,2.3798,2.4618,2.3297,2.4312,55686232.0,1736780399999,133872929.876,330679
XRPUSDT,1736780400000,2.4312,2.4973,2.4191,2.4664,36860562.0,1736783999999,90970315.3976,240651
XRPUSDT,1736784000000,2.4664,2.4957,2.4462,2.4529,21720039.0,1736787599999,53690758.5564,131642
XRPUSDT,1736787600000,2.4529,2.4779,2.4344,2.4458,13632855.0,1736791199999,33467825.163,96535
XRPUSDT,1736791200000,2.4459,2.4657,2.4245,2.4504,19172039.0,1736794799999,46850035.6277,102755
XRPUSDT,1736794800000,2.4504,2.4827,2.4385,2.4634,12536282.0,1736798399999,30856925.9841,92536
XRPUSDT,1736798400000,2.4633,2.5145,2.4502,2.5088,18067074.0,1736801999999,44934916.9515,95777
XRPUSDT,1736802000000,2.5089,2.5499,2.4934,2.5318,23025292.0,1736805599999,58091093.4077,131304
XRPUSDT,1736805600000,2.5318,2.5562,2.5193,2.5307,17230136.0,1736809199999,43725060.7908,91782
XRPUSDT,1736809200000,2.5307,2.532,2.5151,2.5232,7123190.0,1736812799999,17966936.7976,46142
XRPUSDT,1736812800000,2.5232,2.546,2.5153,2.5442,12582595.0,1736816399999,31876141.6256,87057
XRPUSDT,1736816400000,2.5441,2.5543,2.5323,2.5373,15815874.0,1736819999999,40224468.6733,84331
XRPUSDT,1736820000000,2.5373,2.5515,2.524,2.5331,9898449.0,1736823599999,25136031.3922,64633
XRPUSDT,1736823600000,2.533,2.5387,2.5243,2.5334,4608550.0,1736827199999,11664167.0954,44421
XRPUSDT,1736827200000,2.5334,2.5448,2.5296,2.5391,5605260.0,1736830799999,14225526.9293,37855
XRPUSDT,1736830800000,2.5391,2.5533,2.5241,2.5264,11865820.0,1736834399999,30130722.8529,59240
XRPUSDT,1736834400000,2.5264,2.5409,2.5203,2.5315,9853647.0,1736837999999,24944037.6629,53572
XRPUSDT,1736838000000,2.5316,2.541,2.5126,2.5158,11026644.0,1736841599999,27852058.6364,63371
XRPUSDT,1736841600000,2.5158,2.552,2.5158,2.5407,16986481.0,1736845199999,43086808.3187,82000
XRPUSDT,1736845200000,2.5407,2.5866,2.5398,2.5777,22559013.0,1736848799999,57989119.0311,151634
XRPUSDT,1736848800000,2.5777,2.6028,2.5632,2.5905,25545240.0,1736852399999,66046555.5486,141693
XRPUSDT,1736852400000,2.5905,2.5916,2.561,2.5753,15215675.0,1736855999999,39158373.8136,84441
XRPUSDT,1736856000000,2.5753,2.5799,2.5516,2.553,10893530.0,1736859599999,27914767.1511,67952
XRPUSDT,1736859600000,2.5531,2.5867,2.5467,2.5657,22473594.0,1736863199999,57768322.7673,151071
XRPUSDT,1736863200000,2.5657,2.5918,2.5535,2.5723,14808316.0,1736866799999,38132501.0686,110719
XRPUSDT,1736866800000,2.5723,2.5913,2.5685,2.5794,11079218.0,1736870399999,28592624.5728,91773
XRPUSDT,1736870400000,2.5794,2.616,2.552,2.6155,28836879.0,1736873999999,74579784.0677,166062
XRPUSDT,1736874000000,2.6154,2.6773,2.5982,2.656,50562499.0,1736877599999,133826356.0742,288152
XRPUSDT,1736877600000,2.6561,2.7,2.6538,2.6828,36645375.0,1736881199999,98205365.6523,198319
XRPUSDT,1736881200000,2.6829,2.6913,2.6636,2.6637,14199920.0,1736884799999,38033615.5242,81872
XRPUSDT,1736884800000,2.6637,2.6725,2.6377,2.6485,15925942.0,1736888399999,42262203.693,114651
XRPUSDT,1736888400000,2.6484,2.671,2.6448,2.6705,10765675.0,1736891999999,28648784.1973,54144
XRPUSDT,1736892000000,2.6704,2.6793,2.6583,2.6683,9479059.0,1736895599999,25315068.9103,42325
XRPUSDT,1736895600000,2.6682,2.6749,2.66,2.6673,9994087.0,1736899199999,26668234.191,47839
XRPUSDT,1736899200000,2.6673,2.6836,2.6492,2.6773,11653801.0,1736902799999,31098842.8216,90669
XRPUSDT,1736902800000,2.6772,2.8109,2.6714,2.7931,59211050.0,1736906399999,163131456.2733,478997
XRPUSDT,1736906400000,2.793,2.8776,2.7814,2.8481,62226163.0,1736909999999,175686801.6643,406231
XRPUSDT,1736910000000,2.8481,2.8636,2.7922,2.8315,39907447.0,1736913599999,112507207.0746,228929
XRPUSDT,1736913600000,2.8316,2.8381,2.7826,2.8034,18988321.0,1736917199999,53273847.975,122556
XRPUSDT,1736917200000,2.8034,2.85,2.7971,2.8464,22289480.0,1736920799999,62951697.2574,108562
XRPUSDT,1736920800000,2.8464,2.8598,2.8253,2.8444,20308401.0,1736924399999,57702741.5041,117736
XRPUSDT,1736924400000,2.8444,2.8928,2.8349,2.8595,35374378.0,1736927999999,101381322.1089,166591
XRPUSDT,1736928000000,2.8596,2.8765,2.8271,2.8463,29844584.0,1736931599999,85007501.9946,152635
XRPUSDT,1736931600000,2.8463,2.866,2.7922,2.8044,48133207.0,1736935199999,136383255.4105,210855
XRPUSDT,1736935200000,2.8043,2.8417,2.8043,2.8175,17914117.0,1736938799999,50530859.8166,110481
XRPUSDT,1736938800000,2.8175,2.82,2.7107,2.7612,60882474.0,1736942399999,167454963.4324,372411
XRPUSDT,1736942400000,2.7612,2.7745,2.7262,2.7655,23563595.0,1736945999999,64892327.6653,145186
XRPUSDT,1736946000000,2.7656,2.89,2.7648,2.8607,86757144.0,1736949599999,246267874.4176,523887
XRPUSDT,1736949600000,2.8607,2.8778,2.8267,2.8652,40965540.0,1736953199999,116811405.4392,341344
XRPUSDT,1736953200000,2.8652,3.0286,2.8479,2.9704,142174837.65,1736956799999,420876316.182294,889535
XRPUSDT,1736956800000,2.9703,3.0061,2.8855,2.8998,54541077.0,1736960399999,160706506.6999,325096
XRPUSDT,1736960400000,2.8999,2.9256,2.8716,2.8968,33133890.0,1736963999999,96053055.8401,192693
XRPUSDT,1736964000000,2.8968,2.95,2.895,2.9487,24977354.0,1736967599999,73041163.9964,123964
XRPUSDT,1736967600000,2.9486,2.9693,2.9302,2.9459,23402847.0,1736971199999,68999183.1844,129727
XRPUSDT,1736971200000,2.946,2.9761,2.9346,2.9694,24466794.0,1736974799999,72264767.8684,146902
XRPUSDT,1736974800000,2.9694,3.0672,2.967,3.0471,58511179.39,1736978399999,176038391.99582,290848
XRPUSDT,1736978400000,3.0471,3.099,3.0193,3.0821,48954670.0,1736981999999,149834053.466,298344
XRPUSDT,1736982000000,3.0821,3.2,3.0759,3.1429,74447771.19,1736985599999,234503661.991565,546436
XRPUSDT,1736985600000,3.143,3.1516,2.9228,3.0016,118955753.0,1736989199999,359417394.0729,883520
XRPUSDT,1736989200000,3.0016,3.0846,3.0,3.0738,45399270.0,1736992799999,138106702.3352,346205
XRPUSDT,1736992800000,3.0738,3.0858,3.0269,3.0397,24896875.0,1736996399999,75955638.7146,239001
XRPUSDT,1736996400000,3.0398,3.0574,2.9845,3.0398,21581776.0,1736999999999,65261714.5851,220309
XRPUSDT,1737000000000,3.0398,3.0836,3.0392,3.075,14747697.0,1737003599999,45181408.2258,140420
XRPUSDT,1737003600000,3.0751,3.0764,3.05,3.0539,11523231.0,1737007199999,35278605.8969,91639
XRPUSDT,1737007200000,3.0538,3.1222,3.0461,3.1222,22525031.0,1737010799999,69543051.0579,166578
XRPUSDT,1737010800000,3.1222,3.15,3.089,3.091,30017029.0,1737014399999,93642007.0363,224119
XRPUSDT,1737014400000,3.0908,3.1139,3.0452,3.0777,30849649.0,1737017999999,95078994.5875,253109
XRPUSDT,1737018000000,3.0778,3.087,3.0281,3.0742,33508545.0,1737021599999,102379537.5852,222496
XRPUSDT,1737021600000,3.0743,3.1112,3.07,3.1109,21656516.0,1737025199999,67002041.8537,134397
XRPUSDT,1737025200000,3.1109,3.21,3.0877,3.1967,109555891.66,1737028799999,346381232.73602,623072
XRPUSDT,1737028800000,3.1968,3.3478,3.1614,3.3386,96564124.96,1737032399999,314778759.597517,630677
XRPUSDT,1737032400000,3.3385,3.3884,3.2563,3.2965,96583560.74,1737035999999,320506518.265011,704700
XRPUSDT,1737036000000,3.2966,3.365,3.1869,3.2189,107240761.0,1737039599999,350414238.0311,640537
XRPUSDT,1737039600000,3.2189,3.33,3.2149,3.3076,56877891.0,1737043199999,186365880.1975,358467
XRPUSDT,1737043200000,3.3076,3.4,3.3043,3.3805,54792711.84,1737046799999,184176413.075031,352045
XRPUSDT,1737046800000,3.3804,3.3873,3.32,3.3513,40017564.0,1737050399999,134306758.9198,272267
XRPUSDT,1737050400000,3.3514,3.3697,3.3194,3.3506,23457367.0,1737053999999,78565814.0101,181378
XRPUSDT,1737054000000,3.3506,3.3914,3.3235,3.3495,23002711.0,1737057599999,77293850.2929,167021
XRPUSDT,1737057600000,3.3494,3.3503,3.2563,3.2921,46834252.0,1737061199999,154276517.12,290797
XRPUSDT,1737061200000,3.292,3.3068,3.2432,3.2921,23458613.0,1737064799999,76922437.0464,168709
XRPUSDT,1737064800000,3.2921,3.2989,3.2004,3.225,26276397.0,1737068399999,85136991.372,173310
XRPUSDT,1737068400000,3.2251,3.2579,3.1649,3.2451,30048005.0,1737071999999,96647835.6972,185861
XRPUSDT,1737072000000,3.245,3.2924,3.2437,3.2747,25213271.0,1737075599999,82503241.4573,189841
XRPUSDT,1737075600000,3.2746,3.2941,3.2555,3.2807,15571911.0,1737079199999,50979934.2277,133221
XRPUSDT,1737079200000,3.2807,3.3499,3.2788,3.3456,21121166.0,1737082799999,70038829.4547,225684
XRPUSDT,1737082800000,3.3455,3.3483,3.2957,3.3078,18093523.0,1737086399999,60077922.837,160497
XRPUSDT,1737086400000,3.3077,3.3192,3.2841,3.3087,11837718.0,1737089999999,39081485.2078,103568
XRPUSDT,1737090000000,3.3088,3.3544,3.3,3.3245,22318091.0,1737093599999,74350609.4191,133276
XRPUSDT,1737093600000,3.3245,3.3433,3.3085,3.3418,15807532.0,1737097199999,52524663.6684,112526
XRPUSDT,1737097200000,3.3418,3.345,3.293,3.3025,20253804.0,1737100799999,67255947.25,121592
XRPUSDT,1737100800000,3.3026,3.32,3.2318,3.2662,42056646.0,1737104399999,137319176.8802,261709
XRPUSDT,1737104400000,3.2663,3.2826,3.2275,3.2761,25481930.0,1737107999999,83024080.436,181881
XRPUSDT,1737108000000,3.2761,3.3022,3.2713,3.2931,19717749.0,1737111599999,64862509.8883,192551
XRPUSDT,1737111600000,3.2932,3.328,3.2872,3.2989,18871302.0,1737115199999,62438872.4667,156000
XRPUSDT,1737115200000,3.2989,3.2989,3.2351,3.2389,37765432.0,1737118799999,123184524.2836,238265
XRPUSDT,1737118800000,3.239,3.2612,3.2108,3.239,23868443.0,1737122399999,77352211.3739,201232
XRPUSDT,1737122400000,3.2391,3.2695,3.2219,3.2549,24287893.0,1737125999999,78829465.8106,207058
XRPUSDT,1737126000000,3.2549,3.265,3.1762,3.1995,35696193.0,1737129599999,114777359.9875,217110
XRPUSDT,1737129600000,3.1996,3.261,3.198,3.2423,23469412.0,1737133199999,75983067.914,160292
XRPUSDT,1737133200000,3.2423,3.2547,3.1758,3.1879,25892053.0,1737136799999,83106468.6255,164556
XRPUSDT,1737136800000,3.1878,3.2149,3.177,3.2042,12814015.0,1737140399999,40996039.9349,101460
XRPUSDT,1737140400000,3.2042,3.2491,3.2041,3.2346,15416979.0,1737143999999,49863295.056,102002
XRPUSDT,1737144000000,3.2346,3.29,3.227,3.2664,24389569.0,1737147599999,79647289.0002,142725
XRPUSDT,1737147600000,3.2663,3.2954,3.2613,3.2788,20803143.0,1737151199999,68199642.192,121093
XRPUSDT,1737151200000,3.2787,3.2889,3.2638,3.2689,10325656.0,1737154799999,33843409.7958,68317
XRPUSDT,1737154800000,3.2689,3.318,3.2523,3.2922,18860063.0,1737158399999,62114344.2683,107719
XRPUSDT,1737158400000,3.2923,3.2996,3.2426,3.2511,26185627.0,1737161999999,85535629.1002,149593
XRPUSDT,1737162000000,3.2511,3.2527,3.2196,3.2477,14067040.0,1737165599999,45553326.3615,100206
XRPUSDT,1737165600000,3.2477,3.2875,3.2477,3.2714,13800177.0,1737169199999,45151145.2177,92310
XRPUSDT,1737169200000,3.2714,3.2798,3.1985,3.2398,26649439.0,1737172799999,86226611.9053,151040
XRPUSDT,1737172800000,3.2398,3.2475,3.1863,3.2038,14845010.0,1737176399999,47634581.818,128164
XRPUSDT,1737176400000,3.2039,3.2183,3.0701,3.0942,52504277.0,1737179999999,164763699.5477,360877
XRPUSDT,1737180000000,3.0942,3.1608,3.0932,3.1485,26328769.0,1737183599999,82691634.4256,179724
XRPUSDT,1737183600000,3.1485,3.158,3.0956,3.1166,14938514.0,1737187199999,46690835.9514,115924
XRPUSDT,1737187200000,3.1165,3.14,3.0646,3.1348,25189724.0,1737190799999,78179227.6183,234882
XRPUSDT,1737190800000,3.1349,3.1445,3.0972,3.1271,12947574.0,1737194399999,40408530.1835,117353
XRPUSDT,1737194400000,3.1272,3.136,3.058,3.1046,22559399.0,1737197999999,69810370.0281,170865
XRPUSDT,1737198000000,3.1047,3.1843,3.1,3.1729,21921217.0,1737201599999,69119313.2818,187533
XRPUSDT,1737201600000,3.1729,3.1834,3.154,3.1685,13844661.0,1737205199999,43893266.0442,112629
XRPUSDT,1737205200000,3.1684,3.2499,3.1597,3.2417,26487660.0,1737208799999,85161409.3794,219588
XRPUSDT,1737208800000,3.2417,3.242,3.1949,3.2,18844549.0,1737212399999,60584109.465,149566
XRPUSDT,1737212400000,3.2,3.2212,3.1742,3.177,17548474.0,1737215999999,56144786.1894,144488
XRPUSDT,1737216000000,3.1771,3.1865,3.1324,3.1433,22167124.0,1737219599999,69971893.9207,191956
XRPUSDT,1737219600000,3.1433,3.1896,3.1418,3.1556,11785123.0,1737223199999,37357628.2644,99262
XRPUSDT,1737223200000,3.1557,3.207,3.149,3.1806,11852652.0,1737226799999,37731094.7907,102746
XRPUSDT,1737226800000,3.1805,3.2186,3.1713,3.212,10038248.0,1737230399999,32107965.0263,89466
XRPUSDT,1737230400000,3.212,3.2162,3.1713,3.2059,9356169.0,1737233999999,29877660.0781,82762
XRPUSDT,1737234000000,3.206,3.2333,3.1973,3.1987,9832625.0,1737237599999,31613120.2737,73643
XRPUSDT,1737237600000,3.1988,3.234,3.197,3.2201,8665506.0,1737241199999,27874551.482,62502
XRPUSDT,1737241200000,3.2201,3.29,3.2076,3.2697,25729386.0,1737244799999,83926918.7187,162534
XRPUSDT,1737244800000,3.2697,3.2753,3.2238,3.2683,16637779.0,1737248399999,54072195.9015,115876
XRPUSDT,1737248400000,3.2684,3.2929,3.2435,3.2799,16227779.0,1737251999999,53089475.7134,131214
XRPUSDT,1737252000000,3.28,3.2882,3.2502,3.2564,11891639.0,1737255599999,38875687.6623,90424
XRPUSDT,1737255600000,3.2565,3.265,3.2305,3.251,7789179.0,1737259199999,25300012.3573,75756
XRPUSDT,1737259200000,3.2509,3.2531,3.1806,3.1836,14649089.0,1737262799999,47033836.6764,144269
XRPUSDT,1737262800000,3.1835,3.2091,3.1719,3.2039,12759899.0,1737266399999,40712912.5475,93342
XRPUSDT,1737266400000,3.2039,3.2245,3.199,3.2027,11405785.0,1737269999999,36631251.7439,74081
XRPUSDT,1737270000000,3.2027,3.2085,3.1718,3.1817,15521094.0,1737273599999,49511341.7874,91836
XRPUSDT,1737273600000,3.1818,3.1818,3.108,3.1282,34103305.0,1737277199999,107070838.2743,239420
XRPUSDT,1737277200000,3.1283,3.1448,3.05,3.1362,71055555.0,1737280799999,220321099.7423,524433
XRPUSDT,1737280800000,3.1361,3.1393,3.1042,3.1166,24480960.0,1737284399999,76363724.3962,190476
XRPUSDT,1737284400000,3.1167,3.1225,3.0351,3.054,38529634.0,1737287999999,118401615.043,283185
XRPUSDT,1737288000000,3.0541,3.1136,3.0535,3.1094,20507056.0,1737291599999,63460572.3355,202461
XRPUSDT,1737291600000,3.1094,3.135,3.0967,3.135,16869274.0,1737295199999,52566559.9733,185154
XRPUSDT,1737295200000,3.135,3.1565,3.1144,3.1405,26614501.0,1737298799999,83488805.7868,296613
XRPUSDT,1737298800000,3.1406,3.1596,3.1097,3.1479,21807911.0,1737302399999,68474890.1637,141209
XRPUSDT,1737302400000,3.1478,3.1786,3.1217,3.147,22569170.0,1737305999999,71237554.9891,138801
XRPUSDT,1737306000000,3.1469,3.1671,3.1271,3.1592,12902992.0,1737309599999,40604731.0014,118311
XRPUSDT,1737309600000,3.1591,3.1729,3.145,3.1683,13685465.0,1737313199999,43239769.3089,89483
XRPUSDT,1737313200000,3.1683,3.2268,3.16,3.2242,17056812.0,1737316799999,54519374.9242,130993
XRPUSDT,1737316800000,3.2242,3.2379,3.1787,3.1842,20860831.0,1737320399999,66781570.525,161793
XRPUSDT,1737320400000,3.1842,3.1874,3.0637,3.0646,41831968.0,1737323999999,130233979.0552,417193
XRPUSDT,1737324000000,3.0646,3.1353,2.9106,3.0509,69247320.0,1737327599999,211264788.7096,546465
XRPUSDT,1737327600000,3.0508,3.0508,2.8277,2.9587,104323808.0,1737331199999,306173743.1344,819765
XRPUSDT,1737331200000,2.9586,3.0163,2.909,2.9299,69654229.0,1737334799999,206358631.3069,601205
XRPUSDT,1737334800000,2.93,3.0371,2.9286,2.9862,34622193.0,1737338399999,103290351.0046,376969
XRPUSDT,1737338400000,2.9863,3.1202,2.9832,3.0868,41952188.0,1737341999999,128958738.8483,278782
XRPUSDT,1737342000000,3.0868,3.1334,3.0696,3.1133,20566040.0,1737345599999,63765768.0412,187326
XRPUSDT,1737345600000,3.1133,3.1455,3.0745,3.1022,17357117.0,1737349199999,53956924.826,136014
XRPUSDT,1737349200000,3.1021,3.1272,3.0778,3.1067,15464522.0,1737352799999,47948844.3792,125161
XRPUSDT,1737352800000,3.1068,3.2233,3.0877,3.1734,30578471.0,1737356399999,96525103.683,222408
XRPUSDT,1737356400000,3.1733,3.256,3.1694,3.201,46323835.0,1737359999999,149078148.0529,350928
XRPUSDT,1737360000000,3.2011,3.2985,3.1984,3.2667,33006955.0,1737363599999,107668513.8682,210823
XRPUSDT,1737363600000,3.2668,3.292,3.2298,3.2551,28850356.0,1737367199999,94140669.5433,152102
XRPUSDT,1737367200000,3.255,3.3448,3.2421,3.3197,34749437.0,1737370799999,114549133.0091,210660
XRPUSDT,1737370800000,3.3196,3.3308,3.2781,3.3263,24113000.0,1737374399999,79592871.5738,159281
XRPUSDT,1737374400000,3.3262,3.353,3.2076,3.2495,54928268.0,1737377999999,179024925.3025,396158
XRPUSDT,1737378000000,3.2496,3.3056,3.241,3.2939,23361493.0,1737381599999,76546961.3728,223383
XRPUSDT,1737381600000,3.294,3.3555,3.263,3.3538,31895912.0,1737385199999,105435065.8737,185587
XRPUSDT,1737385200000,3.3538,3.3695,3.2599,3.2719,45442658.0,1737388799999,150768242.8914,279011
XRPUSDT,1737388800000,3.2719,3.3216,3.2252,3.3123,34630014.0,1737392399999,113732715.6461,227353
XRPUSDT,1737392400000,3.3123,3.3155,3.0,3.1351,123889918.0,1737395999999,391628833.5656,784153
XRPUSDT,1737396000000,3.1352,3.2045,3.1202,3.1899,29875880.0,1737399599999,94688328.7597,223094
XRPUSDT,1737399600000,3.1899,3.1955,3.1307,3.1519,20142549.0,1737403199999,63659070.7202,151972
XRPUSDT,1737403200000,3.1519,3.1664,3.0915,3.1548,18775292.0,1737406799999,58738650.1254,138240
XRPUSDT,1737406800000,3.1547,3.1792,3.0641,3.0762,16108485.0,1737410399999,50383765.1458,128237
XRPUSDT,1737410400000,3.0761,3.1599,3.0269,3.1445,26261571.0,1737413999999,81473884.045,168840
XRPUSDT,1737414000000,3.1445,3.153,3.0828,3.1053,16210875.0,1737417599999,50544858.2857,131897
XRPUSDT,1737417600000,3.1053,3.161,3.0738,3.1338,23867312.0,1737421199999,74670345.3332,223159
XRPUSDT,1737421200000,3.1339,3.193,3.084,3.0936,25896002.0,1737424799999,80975186.3881,280399
XRPUSDT,1737424800000,3.0936,3.1353,3.0636,3.1231,20832143.0,1737428399999,64581866.7686,233654
XRPUSDT,1737428400000,3.1231,3.14,3.09,3.1035,11806491.0,1737431999999,36769180.4941,137037
XRPUSDT,1737432000000,3.1035,3.1035,3.0419,3.0873,20487544.0,1737435599999,62828685.017,173275
XRPUSDT,1737435600000,3.0873,3.103,3.0257,3.0382,14980891.0,1737439199999,45950916.795,145908
XRPUSDT,1737439200000,3.0382,3.0836,3.0124,3.0504,20771579.0,1737442799999,63253672.9021,193897
XRPUSDT,1737442800000,3.0504,3.0944,3.0368,3.0695,12729818.0,1737446399999,39061492.5223,131321
XRPUSDT,1737446400000,3.0695,3.0954,3.0448,3.0786,13041212.0,1737449999999,40099570.6828,142475
XRPUSDT,1737450000000,3.0785,3.1136,3.0622,3.0972,12857960.0,1737453599999,39701157.1345,159630
XRPUSDT,1737453600000,3.0973,3.1164,3.0817,3.1069,10915572.0,1737457199999,33851488.8534,154208
XRPUSDT,1737457200000,3.1068,3.123,3.0822,3.1112,17134052.0,1737460799999,53169371.578,200902
XRPUSDT,1737460800000,3.1112,3.1539,3.1034,3.1302,17929510.0,1737464399999,56158301.249,193053
XRPUSDT,1737464400000,3.1301,3.15,3.1135,3.1359,11111552.0,1737467999999,34810750.0895,131687
XRPUSDT,1737468000000,3.1359,3.1499,3.0906,3.1026,17392009.0,1737471599999,54187757.9697,156575
XRPUSDT,1737471600000,3.1026,3.1335,3.0784,3.1217,11411709.0,1737475199999,35456459.6072,105193
XRPUSDT,1737475200000,3.1216,3.1899,3.1181,3.1744,30213619.0,1737478799999,95725551.8894,179478
XRPUSDT,1737478800000,3.1744,3.2312,3.1681,3.2249,15832446.0,1737482399999,50637902.9792,104915
XRPUSDT,1737482400000,3.2249,3.246,3.1994,3.2096,18615623.0,1737485999999,59945475.6002,116477
XRPUSDT,1737486000000,3.2095,3.2106,3.1765,3.2008,12014586.0,1737489599999,38365508.9939,77263
XRPUSDT,1737489600000,3.2008,3.2029,3.1779,3.198,8520295.0,1737493199999,27190314.5415,60132
XRPUSDT,1737493200000,3.1983,3.2009,3.1713,3.1837,10413215.0,1737496799999,33152247.4401,62158
XRPUSDT,1737496800000,3.1837,3.188,3.1622,3.1706,7347230.0,1737500399999,23345734.2079,54849
XRPUSDT,1737500400000,3.1705,3.1739,3.1399,3.1738,10301132.0,1737503999999,32547680.4929,84522
XRPUSDT,1737504000000,3.1739,3.2,3.1643,3.1959,11706992.0,1737507599999,37315603.6428,131633
XRPUSDT,1737507600000,3.1958,3.2076,3.1813,3.1931,7969019.0,1737511199999,25442852.7533,101415
XRPUSDT,1737511200000,3.1931,3.1966,3.1735,3.1903,5003348.0,1737514799999,15945591.977,69863
XRPUSDT,1737514800000,3.1903,3.191,3.1672,3.1768,4275154.0,1737518399999,13594750.2789,63281
XRPUSDT,1737518400000,3.1768,3.1809,3.1489,3.1646,10254078.0,1737521999999,32389199.2845,69492
XRPUSDT,1737522000000,3.1647,3.1797,3.16,3.1606,5464669.0,1737525599999,17313931.3292,56524
XRPUSDT,1737525600000,3.1605,3.1899,3.1565,3.1669,8469172.0,1737529199999,26884150.2717,72199
XRPUSDT,1737529200000,3.1669,3.1777,3.1524,3.171,7616370.0,1737532799999,24096013.2509,63660
XRPUSDT,1737532800000,3.171,3.1737,3.1414,3.171,8358579.0,1737536399999,26391043.2929,90196
XRPUSDT,1737536400000,3.171,3.1753,3.1594,3.1694,4744745.0,1737539999999,15026372.1853,58052
XRPUSDT,1737540000000,3.1695,3.1698,3.1496,3.1654,7246262.0,1737543599999,22884727.3315,71679
XRPUSDT,1737543600000,3.1654,3.2348,3.1616,3.2348,15203830.0,1737547199999,48731570.8139,151265
XRPUSDT,1737547200000,3.2348,3.2606,3.224,3.2263,20112289.0,1737550799999,65217686.8815,217118
XRPUSDT,1737550800000,3.2262,3.2282,3.1656,3.1796,16124837.0,1737554399999,51586871.2437,192766
XRPUSDT,1737554400000,3.1796,3.2003,3.1577,3.1759,12211341.0,1737557999999,38801797.2804,166856
XRPUSDT,1737558000000,3.1759,3.1948,3.1528,3.1627,10352357.0,1737561599999,32822203.5147,145277
XRPUSDT,1737561600000,3.1628,3.17,3.142,3.1661,8305949.0,1737565199999,26206790.9317,115122
XRPUSDT,1737565200000,3.1661,3.1931,3.1621,3.1881,6192320.0,1737568799999,19676491.5198,62344
XRPUSDT,1737568800000,3.1881,3.1936,3.1237,3.142,7677181.0,1737572399999,24222164.2511,82113
XRPUSDT,1737572400000,3.142,3.2661,3.142,3.2242,40124721.0,1737575999999,129557290.0437,292523
XRPUSDT,1737576000000,3.2242,3.2854,3.209,3.2189,36213733.0,1737579599999,117700866.2171,283633
XRPUSDT,1737579600000,3.2189,3.2252,3.1658,3.17,18534529.0,1737583199999,59064631.1725,150217
XRPUSDT,1737583200000,3.17,3.1958,3.1537,3.1656,12448742.0,1737586799999,39481047.2941,87994
XRPUSDT,1737586800000,3.1656,3.1805,3.1514,3.1803,7151057.0,1737590399999,22651619.6147,82005
XRPUSDT,1737590400000,3.1802,3.1826,3.1606,3.1641,5681257.0,1737593999999,18016166.8577,87492
XRPUSDT,1737594000000,3.1641,3.175,3.1428,3.1525,8552478.0,1737597599999,26987418.8841,89847
XRPUSDT,1737597600000,3.1525,3.1555,3.1157,3.1475,15615354.0,1737601199999,48982548.8628,132158
XRPUSDT,1737601200000,3.1476,3.1697,3.1394,3.1521,10619515.0,1737604799999,33518203.2789,72009
XRPUSDT,1737604800000,3.1521,3.1554,3.1066,3.1141,11459969.0,1737608399999,35822131.8687,106409
XRPUSDT,1737608400000,3.114,3.1431,3.114,3.1399,7069821.0,1737611999999,22151423.9429,58234
XRPUSDT,1737612000000,3.1399,3.1481,3.1201,3.1226,7080426.0,1737615599999,22198614.2221,52410
XRPUSDT,1737615600000,3.1226,3.1326,3.1,3.1299,14004211.0,1737619199999,43651624.9575,85319
XRPUSDT,1737619200000,3.1298,3.132,3.0928,3.1016,12142726.0,1737622799999,37759724.6858,84612
XRPUSDT,1737622800000,3.1017,3.1196,3.0828,3.0927,10053809.0,1737626399999,31170467.9062,108766
XRPUSDT,1737626400000,3.0927,3.106,3.0765,3.0886,7723342.0,1737629999999,23883831.5735,108459
XRPUSDT,1737630000000,3.0886,3.0944,3.0623,3.0852,7526389.0,1737633599999,23185756.8609,96588
XRPUSDT,1737633600000,3.0852,3.0856,3.05,3.0538,11573316.0,1737637199999,35445559.8283,140215
XRPUSDT,1737637200000,3.0539,3.1025,3.0374,3.0856,20845919.0,1737640799999,64055952.2843,191192
XRPUSDT,1737640800000,3.0855,3.1644,3.0773,3.1532,25067911.0,1737644399999,78560298.4218,280187
XRPUSDT,1737644400000,3.1533,3.1609,3.0898,3.1352,26440101.0,1737647999999,82632419.893,329981
XRPUSDT,1737648000000,3.1351,3.1868,3.1191,3.1237,18635209.0,1737651599999,58771865.9822,200328
XRPUSDT,1737651600000,3.1236,3.1322,3.0923,3.1257,9865473.0,1737655199999,30734443.9547,119545
XRPUSDT,1737655200000,3.1258,3.1288,3.0922,3.0933,5605925.0,1737658799999,17424872.3164,76677
XRPUSDT,1737658800000,3.0933,3.0959,3.06,3.0801,10480513.0,1737662399999,32257953.4784,137045
XRPUSDT,1737662400000,3.0801,3.175,3.0725,3.0991,31702905.0,1737665999999,99081318.3813,312635
XRPUSDT,1737666000000,3.0991,3.1037,3.058,3.0787,10166418.0,1737669599999,31294449.2659,133324
XRPUSDT,1737669600000,3.0788,3.1287,3.0718,3.12,7651130.0,1737673199999,23741550.2902,75932
XRPUSDT,1737673200000,3.1201,3.1456,3.111,3.1194,9750729.0,1737676799999,30526896.0858,70146
XRPUSDT,1737676800000,3.1194,3.1225,3.077,3.0799,8942011.0,1737680399999,27705860.747,94267
XRPUSDT,1737680400000,3.0799,3.1035,3.0673,3.0752,5795953.0,1737683999999,17896931.4785,93716
XRPUSDT,1737684000000,3.0751,3.083,3.055,3.0552,6463000.0,1737687599999,19827293.2669,96739
XRPUSDT,1737687600000,3.0552,3.1333,3.055,3.1217,19435264.0,1737691199999,60245227.6222,223474
XRPUSDT,1737691200000,3.1218,3.164,3.1125,3.1609,12455347.0,1737694799999,39086734.6368,139202
XRPUSDT,1737694800000,3.1608,3.1746,3.1456,3.1727,13940227.0,1737698399999,44052887.1393,124107
XRPUSDT,1737698400000,3.1727,3.176,3.1492,3.1502,10407240.0,1737701999999,32903356.776,101312
XRPUSDT,1737702000000,3.1502,3.1698,3.142,3.1659,8256036.0,1737705599999,26068447.3699,77983
XRPUSDT,1737705600000,3.1658,3.1816,3.1618,3.1798,8672781.0,1737709199999,27520938.5944,68871
XRPUSDT,1737709200000,3.1797,3.1949,3.171,3.1815,10248990.0,1737712799999,32633309.9907,103654
XRPUSDT,1737712800000,3.1815,3.201,3.1678,3.1955,11958160.0,1737716399999,38137946.5671,112879
XRPUSDT,1737716400000,3.1955,3.2007,3.1821,3.1975,6176503.0,1737719999999,19709223.6879,77561
XRPUSDT,1737720000000,3.1975,3.2031,3.176,3.1926,9798931.0,1737723599999,31245221.7741,86583
XRPUSDT,1737723600000,3.1927,3.1939,3.1666,3.18,8488044.0,1737727199999,26973105.4199,83851
XRPUSDT,1737727200000,3.1799,3.1934,3.166,3.1817,8678523.0,1737730799999,27602653.4584,128339
XRPUSDT,1737730800000,3.1817,3.1879,3.13,3.1651,13784015.0,1737734399999,43495096.5681,154621
XRPUSDT,1737734400000,3.1651,3.1704,3.1482,3.1515,6537706.0,1737737999999,20660443.9893,85822
XRPUSDT,1737738000000,3.1516,3.1632,3.134,3.1505,11919384.0,1737741599999,37513210.8849,109517
XRPUSDT,1737741600000,3.1504,3.1648,3.1456,3.1473,6237083.0,1737745199999,19673001.4737,90095
XRPUSDT,1737745200000,3.1472,3.155,3.133,3.142,7871311.0,1737748799999,24730644.1549,70533
XRPUSDT,1737748800000,3.1419,3.1437,3.1007,3.1052,11657810.0,1737752399999,36333826.558,125357
XRPUSDT,1737752400000,3.1052,3.1281,3.1015,3.1087,9699989.0,1737755999999,30208459.804,106908
XRPUSDT,1737756000000,3.1087,3.115,3.0932,3.0949,8104071.0,1737759599999,25142716.1269,69461
XRPUSDT,1737759600000,3.0949,3.1063,3.0828,3.1009,7098585.0,1737763199999,21964009.528,95524
XRPUSDT,1737763200000,3.1008,3.1216,3.0967,3.0989,6948748.0,1737766799999,21595836.5337,102141
XRPUSDT,1737766800000,3.0988,3.1318,3.0965,3.1207,6565029.0,1737770399999,20498278.957,77189
XRPUSDT,1737770400000,3.1207,3.1248,3.1097,3.1186,2735469.0,1737773999999,8525921.7229,48530
XRPUSDT,1737774000000,3.1186,3.134,3.113,3.1335,3400132.0,1737777599999,10627498.5295,51271
XRPUSDT,1737777600000,3.1336,3.136,3.1144,3.1168,2158070.0,1737781199999,6739063.0249,39737
XRPUSDT,1737781200000,3.1167,3.1176,3.0949,3.1082,3916591.0,1737784799999,12171575.9209,41729
XRPUSDT,1737784800000,3.1082,3.1083,3.0937,3.1024,3239548.0,1737788399999,10042652.9418,46831
XRPUSDT,1737788400000,3.1024,3.1087,3.0959,3.1086,2581884.0,1737791999999,8013236.7044,30700
XRPUSDT,1737792000000,3.1087,3.1117,3.0949,3.1018,2854626.0,1737795599999,8855396.4952,38764
XRPUSDT,1737795600000,3.1018,3.1067,3.0955,3.0995,2609366.0,1737799199999,8090462.4274,38672
XRPUSDT,1737799200000,3.0995,3.1022,3.0784,3.1003,6494907.0,1737802799999,20066711.5505,69378
XRPUSDT,1737802800000,3.1003,3.1167,3.098,3.1145,4120135.0,1737806399999,12798908.1947,45742
XRPUSDT,1737806400000,3.1145,3.1212,3.1063,3.1211,3457893.0,1737809999999,10763897.9664,50134
XRPUSDT,1737810000000,3.1211,3.1279,3.1106,3.1143,3870142.0,1737813599999,12078100.6473,53355
XRPUSDT,1737813600000,3.1143,3.12,3.1031,3.1128,4111450.0,1737817199999,12792965.9136,50301
XRPUSDT,1737817200000,3.1127,3.1434,3.1115,3.1413,8583562.0,1737820799999,26886834.4244,93183
XRPUSDT,1737820800000,3.1413,3.1446,3.1187,3.1281,4871626.0,1737824399999,15248225.1207,64667
XRPUSDT,1737824400000,3.128,3.1293,3.1113,3.1193,4424847.0,1737827999999,13792028.3367,53083
XRPUSDT,1737828000000,3.1193,3.1282,3.1125,3.1247,3282268.0,1737831599999,10241964.4127,44608
XRPUSDT,1737831600000,3.1247,3.134,3.1187,3.1253,2951251.0,1737835199999,9230015.9394,35395
XRPUSDT,1737835200000,3.1253,3.1328,3.1196,3.1203,2489178.0,1737838799999,7783653.3674,35221
XRPUSDT,1737838800000,3.1203,3.1391,3.1185,3.1365,5058904.0,1737842399999,15837165.1599,48970
XRPUSDT,1737842400000,3.1364,3.1431,3.1216,3.1236,4567626.0,1737845999999,14310137.6513,37430
XRPUSDT,1737846000000,3.1236,3.1284,3.1038,3.108,4196605.0,1737849599999,13078492.5516,54043
XRPUSDT,1737849600000,3.1079,3.1261,3.105,3.1208,4426212.0,1737853199999,13788037.4456,48400
XRPUSDT,1737853200000,3.1207,3.1304,3.1166,3.1293,3094155.0,1737856799999,9663403.0858,45128
XRPUSDT,1737856800000,3.1293,3.1293,3.1105,3.1187,2494223.0,1737860399999,7775025.3101,37390
XRPUSDT,1737860400000,3.1187,3.1434,3.1183,3.135,4733389.0,1737863999999,14828662.228,43204
XRPUSDT,1737864000000,3.135,3.1443,3.1318,3.1321,6501305.0,1737867599999,20405021.1576,40652
XRPUSDT,1737867600000,3.1322,3.135,3.1218,3.1304,3135175.0,1737871199999,9809905.2164,29869
XRPUSDT,1737871200000,3.1304,3.136,3.1261,3.1322,4950701.0,1737874799999,15504048.2943,44503
XRPUSDT,1737874800000,3.1322,3.1426,3.1315,3.142,5942052.0,1737878399999,18646770.9144,42051
XRPUSDT,1737878400000,3.142,3.1442,3.1301,3.1347,3268860.0,1737881999999,10253192.3926,35734
XRPUSDT,1737882000000,3.1346,3.1355,3.1103,3.115,5125265.0,1737885599999,15995004.1132,42537
XRPUSDT,1737885600000,3.115,3.1247,3.1119,3.1247,3232740.0,1737889199999,10075872.8033,34835
XRPUSDT,1737889200000,3.1247,3.1357,3.1228,3.1303,3742730.0,1737892799999,11714183.326,42862
XRPUSDT,1737892800000,3.1303,3.1304,3.1155,3.1257,4214721.0,1737896399999,13159024.0078,42457
XRPUSDT,1737896400000,3.1257,3.1266,3.116,3.1205,4147541.0,1737899999999,12944516.9173,44221
XRPUSDT,1737900000000,3.1204,3.1204,3.1121,3.1168,3116063.0,1737903599999,9707755.1259,31764
XRPUSDT,1737903600000,3.1168,3.1217,3.1137,3.1153,2634817.0,1737907199999,8211835.242,26882
XRPUSDT,1737907200000,3.1152,3.122,3.107,3.1181,5379389.0,1737910799999,16746740.583,36910
XRPUSDT,1737910800000,3.1182,3.1225,3.1111,3.12,2227124.0,1737914399999,6943483.7767,30963
XRPUSDT,1737914400000,3.12,3.1322,3.1155,3.1322,3028113.0,1737917999999,9458424.588,34507
XRPUSDT,1737918000000,3.1322,3.1375,3.1258,3.131,2271171.0,1737921599999,7112895.6053,28654
XRPUSDT,1737921600000,3.131,3.1321,3.1232,3.1258,2240642.0,1737925199999,7009426.8072,26944
XRPUSDT,1737925200000,3.1259,3.1267,3.0971,3.0975,8298187.0,1737928799999,25791308.9005,63075
XRPUSDT,1737928800000,3.0975,3.0987,3.07,3.0813,14042913.0,1737932399999,43316390.7508,97577
XRPUSDT,1737932400000,3.0813,3.0813,3.0115,3.0223,26690325.0,1737935999999,81068544.2361,308905
XRPUSDT,1737936000000,3.0222,3.0394,2.9701,2.9893,28076130.0,1737939599999,84436968.8936,341827
XRPUSDT,1737939600000,2.9894,3.0133,2.9583,2.9807,15061096.0,1737943199999,45007844.3271,236199
XRPUSDT,1737943200000,2.9806,2.987,2.9423,2.9775,19817361.0,1737946799999,58778904.4301,260557
XRPUSDT,1737946800000,2.9776,3.02,2.9704,3.0047,13149970.0,1737950399999,39465088.1438,141181
XRPUSDT,1737950400000,3.0047,3.0047,2.9573,2.9618,9509226.0,1737953999999,28323085.2207,125488
XRPUSDT,1737954000000,2.9617,2.9663,2.9035,2.9355,26732731.0,1737957599999,78344330.9009,257239
XRPUSDT,1737957600000,2.9355,2.9477,2.8376,2.8565,41800345.0,1737961199999,120385390.6238,392137
XRPUSDT,1737961200000,2.8564,2.8732,2.6559,2.8103,129974803.0,1737964799999,360067104.0643,914018
XRPUSDT,1737964800000,2.8104,2.8132,2.6989,2.7928,52529992.0,1737968399999,145203674.6927,401557
XRPUSDT,1737968400000,2.7929,2.8329,2.7748,2.828,25911202.0,1737971999999,72862603.0063,298135
XRPUSDT,1737972000000,2.8279,2.8289,2.7487,2.762,19941998.0,1737975599999,55566471.1752,272597
XRPUSDT,1737975600000,2.762,2.824,2.7615,2.7886,19370309.0,1737979199999,54212424.1158,181382
XRPUSDT,1737979200000,2.7886,2.8823,2.77,2.8779,31170386.0,1737982799999,88110840.9338,173128
XRPUSDT,1737982800000,2.8779,2.923,2.8589,2.8686,39512832.0,1737986399999,114401964.0059,268547
XRPUSDT,1737986400000,2.8686,2.9647,2.8562,2.9528,31917484.0,1737989999999,92878514.4363,239888
XRPUSDT,1737990000000,2.9527,3.0005,2.9364,2.9566,33753239.0,1737993599999,100253682.0637,216752
XRPUSDT,1737993600000,2.9566,3.0261,2.9136,2.9248,26025813.0,1737997199999,77202376.1863,200214
XRPUSDT,1737997200000,2.9247,2.9452,2.8892,2.9135,18926639.0,1738000799999,55271968.7134,139014
XRPUSDT,1738000800000,2.9136,2.9349,2.8772,2.891,12574351.0,1738004399999,36496998.1501,118729
XRPUSDT,1738004400000,2.891,2.9283,2.8909,2.9159,8500608.0,1738007999999,24744719.4776,82402
XRPUSDT,1738008000000,2.9159,3.0065,2.9153,3.0011,14709484.0,1738011599999,43601024.1046,113113
XRPUSDT,1738011600000,3.001,3.0587,2.9948,3.013,25901323.0,1738015199999,78457550.8499,174845
XRPUSDT,1738015200000,3.013,3.0438,3.0012,3.035,8387255.0,1738018799999,25333637.6526,63859
XRPUSDT,1738018800000,3.035,3.0583,3.0205,3.0552,6801597.0,1738022399999,20667775.983,62840
XRPUSDT,1738022400000,3.0552,3.0936,3.0316,3.0384,16425502.0,1738025999999,50423898.2853,173112
XRPUSDT,1738026000000,3.0384,3.0418,3.0062,3.0197,9581016.0,1738029599999,28962450.66,121805
XRPUSDT,1738029600000,3.0196,3.0626,3.0186,3.0605,9293354.0,1738033199999,28331892.7023,115490
XRPUSDT,1738033200000,3.0605,3.095,3.0422,3.0879,15782639.0,1738036799999,48539884.2817,163400
XRPUSDT,1738036800000,3.088,3.1509,3.0849,3.1196,23275060.0,1738040399999,72694562.3921,191960
XRPUSDT,1738040400000,3.1196,3.1263,3.0948,3.103,9720625.0,1738043999999,30266455.7547,107761
XRPUSDT,1738044000000,3.1031,3.1192,3.0945,3.1014,11197093.0,1738047599999,34774594.144,119072
XRPUSDT,1738047600000,3.1013,3.1212,3.0913,3.1052,7312549.0,1738051199999,22733517.9279,99411
XRPUSDT,1738051200000,3.1053,3.1164,3.0916,3.1042,6954109.0,1738054799999,21576656.7932,92345
XRPUSDT,1738054800000,3.1042,3.1114,3.0717,3.1015,12709033.0,1738058399999,39311441.5352,137301
XRPUSDT,1738058400000,3.1014,3.1383,3.101,3.1161,14748207.0,1738061999999,46050754.4713,143492
XRPUSDT,1738062000000,3.1162,3.1446,3.1097,3.137,13472298.0,1738065599999,42159515.3177,134184
XRPUSDT,1738065600000,3.1371,3.197,3.1283,3.1701,29854399.0,1738069199999,94632393.4411,318571
XRPUSDT,1738069200000,3.1701,3.1851,3.1425,3.1486,13782741.0,1738072799999,43611993.1122,162824
XRPUSDT,1738072800000,3.1487,3.1748,3.1151,3.159,21177756.0,1738076399999,66589878.7665,235689
XRPUSDT,1738076400000,3.1591,3.214,3.158,3.1857,37114162.0,1738079999999,118341502.7754,320554
XRPUSDT,1738080000000,3.1858,3.198,3.1555,3.1767,14935218.0,1738083599999,47411788.8874,197634
XRPUSDT,1738083600000,3.1768,3.1874,3.1461,3.1548,11505428.0,1738087199999,36450543.912,141377
XRPUSDT,1738087200000,3.1549,3.179,3.1301,3.1372,10117331.0,1738090799999,31915025.7313,119055
XRPUSDT,1738090800000,3.1371,3.1479,3.122,3.1374,8154570.0,1738094399999,25565099.7731,101301
XRPUSDT,1738094400000,3.1374,3.1405,3.0724,3.0787,17789152.0,1738097999999,55145205.361,140671
XRPUSDT,1738098000000,3.0787,3.1038,3.0149,3.0162,22469638.0,1738101599999,68726846.3804,128556
XRPUSDT,1738101600000,3.0162,3.0792,3.0124,3.0749,22631926.0,1738105199999,68996165.8602,114881
XRPUSDT,1738105200000,3.0749,3.0839,3.0379,3.0572,9466980.0,1738108799999,28965119.1729,75581
XRPUSDT,1738108800000,3.0572,3.0944,3.0551,3.0761,8292418.0,1738112399999,25508869.5167,113850
XRPUSDT,1738112400000,3.0761,3.0883,3.0615,3.0679,5890333.0,1738115999999,18114734.893,82646
XRPUSDT,1738116000000,3.068,3.0962,3.0602,3.0652,4862160.0,1738119599999,14956977.8217,68155
XRPUSDT,1738119600000,3.0653,3.0918,3.0632,3.0843,5007586.0,1738123199999,15418802.1125,74867
XRPUSDT,1738123200000,3.0843,3.0949,3.0732,3.0928,4126377.0,1738126799999,12733717.9757,56594
XRPUSDT,1738126800000,3.0928,3.1208,3.0861,3.1197,6398793.0,1738130399999,19874670.9887,66555
XRPUSDT,1738130400000,3.1197,3.1237,3.11,3.1175,5725146.0,1738133999999,17843455.8518,71958
XRPUSDT,1738134000000,3.1174,3.1175,3.0967,3.1061,6961172.0,1738137599999,21615520.8805,55640
XRPUSDT,1738137600000,3.1061,3.1296,3.0983,3.1024,7966704.0,1738141199999,24794143.5832,86327
XRPUSDT,1738141200000,3.1024,3.105,3.0712,3.0813,10026283.0,1738144799999,30942299.811,97419
XRPUSDT,1738144800000,3.0813,3.0993,3.0725,3.0901,6185905.0,1738148399999,19103184.3607,48716
XRPUSDT,1738148400000,3.0901,3.0991,3.0805,3.0867,5812545.0,1738151999999,17956568.3757,62612
XRPUSDT,1738152000000,3.0867,3.1005,3.0617,3.064,7279397.0,1738155599999,22409777.7944,91742
XRPUSDT,1738155600000,3.0639,3.0662,3.0255,3.0582,15267409.0,1738159199999,46505031.6437,172937
XRPUSDT,1738159200000,3.0582,3.077,3.046,3.0617,7285069.0,1738162799999,22310432.9468,131420
XRPUSDT,1738162800000,3.0618,3.0804,3.0542,3.0649,5418622.0,1738166399999,16617506.5354,92967
XRPUSDT,1738166400000,3.0649,3.066,3.0161,3.0403,12851216.0,1738169999999,39034748.9896,124771
XRPUSDT,1738170000000,3.0403,3.0695,3.0387,3.0417,8717460.0,1738173599999,26624701.8847,112126
XRPUSDT,1738173600000,3.0418,3.0666,3.0178,3.0655,14796942.0,1738177199999,44985574.7816,127378
XRPUSDT,1738177200000,3.0655,3.1278,2.9673,3.0726,59430447.0,1738180799999,180819042.701,578888
XRPUSDT,1738180800000,3.0725,3.1363,3.0365,3.0968,25656067.0,1738184399999,79275924.8854,323146
XRPUSDT,1738184400000,3.0967,3.1143,3.0747,3.0909,10336624.0,1738187999999,32017737.221,126605
XRPUSDT,1738188000000,3.091,3.102,3.0747,3.0794,4680161.0,1738191599999,14447650.465,46904
XRPUSDT,1738191600000,3.0795,3.1004,3.0636,3.0683,5781819.0,1738195199999,17822826.273,69093
XRPUSDT,1738195200000,3.0683,3.0877,3.0466,3.0796,5935889.0,1738198799999,18201875.6788,72879
XRPUSDT,1738198800000,3.0795,3.124,3.075,3.1009,10952168.0,1738202399999,33988892.3715,90084
XRPUSDT,1738202400000,3.1009,3.1114,3.0917,3.1089,5117467.0,1738205999999,15881072.1628,54789
XRPUSDT,1738206000000,3.1089,3.124,3.102,3.1216,8141506.0,1738209599999,25342522.6691,62187
XRPUSDT,1738209600000,3.1216,3.1356,3.1158,3.1265,8732257.0,1738213199999,27285416.192,57578
XRPUSDT,1738213200000,3.1266,3.1274,3.1067,3.1165,4414102.0,1738216799999,13751645.6593,42516
XRPUSDT,1738216800000,3.1166,3.1258,3.1152,3.1204,4071146.0,1738220399999,12704814.1921,40813
XRPUSDT,1738220400000,3.1205,3.1255,3.0972,3.1085,6149916.0,1738223999999,19112532.7473,44425
XRPUSDT,1738224000000,3.1086,3.1158,3.0964,3.0991,5241817.0,1738227599999,16273739.5349,38468
XRPUSDT,1738227600000,3.0991,3.1156,3.0966,3.1099,5083318.0,1738231199999,15792159.4169,45567
XRPUSDT,1738231200000,3.1099,3.115,3.0972,3.1034,7212987.0,1738234799999,22394036.5689,39567
XRPUSDT,1738234800000,3.1034,3.1119,3.0967,3.102,6513829.0,1738238399999,20204631.9422,36249
XRPUSDT,1738238400000,3.102,3.102,3.0828,3.092,6688891.0,1738241999999,20682718.3941,44418
XRPUSDT,1738242000000,3.0919,3.1059,3.0835,3.0983,6414828.0,1738245599999,19859979.212,55452
XRPUSDT,1738245600000,3.0982,3.1277,3.0919,3.12,9099290.0,1738249199999,28270510.5312,78652
XRPUSDT,1738249200000,3.12,3.1544,3.1166,3.1203,20430107.0,1738252799999,64055438.5541,154570
XRPUSDT,1738252800000,3.1204,3.136,3.1165,3.1233,6352392.0,1738256399999,19851385.8106,64446
XRPUSDT,1738256400000,3.1232,3.1239,3.1072,3.1146,5295798.0,1738259999999,16489473.887,52448
XRPUSDT,1738260000000,3.1147,3.1309,3.0991,3.1232,8421308.0,1738263599999,26233134.118,63629
XRPUSDT,1738263600000,3.1233,3.145,3.1156,3.1299,9683320.0,1738267199999,30321113.2388,70346
XRPUSDT,1738267200000,3.1299,3.14,3.1143,3.1188,5833164.0,1738270799999,18256607.7498,62467
XRPUSDT,1738270800000,3.1188,3.1326,3.1187,3.1276,4278239.0,1738274399999,13375446.8582,38052
XRPUSDT,1738274400000,3.1275,3.1425,3.1211,3.1348,4962396.0,1738277999999,15554310.9245,32570
XRPUSDT,1738278000000,3.1349,3.154,3.1267,3.1276,8117179.0,1738281599999,25521876.6424,55490
XRPUSDT,1738281600000,3.1276,3.1333,3.106,3.1096,6782251.0,1738285199999,21139355.7486,57098
XRPUSDT,1738285200000,3.1096,3.1154,3.1004,3.1066,3005525.0,1738288799999,9339597.7075,36356
XRPUSDT,1738288800000,3.1066,3.1098,3.0956,3.1,4740875.0,1738292399999,14703088.0416,35214
XRPUSDT,1738292400000,3.0999,3.0999,3.0792,3.0929,10067504.0,1738295999999,31094321.4563,49890
XRPUSDT,1738296000000,3.0929,3.093,3.071,3.0761,7312798.0,1738299599999,22535133.3438,42794
XRPUSDT,1738299600000,3.0761,3.0901,3.0754,3.0881,4192698.0,1738303199999,12932041.0949,27545
XRPUSDT,1738303200000,3.088,3.0985,3.0854,3.0897,4780310.0,1738306799999,14780694.5636,31449
XRPUSDT,1738306800000,3.0897,3.0943,3.07,3.0794,7362716.0,1738310399999,22699321.8542,38803
XRPUSDT,1738310400000,3.0794,3.0827,3.0588,3.0645,6296924.0,1738313999999,19315339.9179,55862
XRPUSDT,1738314000000,3.0645,3.081,3.0631,3.081,4063310.0,1738317599999,12487528.6687,41039
XRPUSDT,1738317600000,3.081,3.0835,3.0703,3.0784,3744845.0,1738321199999,11525435.3498,39196
XRPUSDT,1738321200000,3.0783,3.1022,3.0753,3.0983,6889028.0,1738324799999,21309708.7369,65079
XRPUSDT,1738324800000,3.0982,3.1118,3.0876,3.0953,5619304.0,1738328399999,17409719.7127,57951
XRPUSDT,1738328400000,3.0954,3.107,3.0927,3.0954,5522041.0,1738331999999,17117408.466,64111
XRPUSDT,1738332000000,3.0953,3.1002,3.0705,3.0831,8161138.0,1738335599999,25202503.5557,77868
XRPUSDT,1738335600000,3.0831,3.1148,3.0825,3.0989,8151818.0,1738339199999,25283120.9101,87378
XRPUSDT,1738339200000,3.0989,3.1039,3.0789,3.0906,6184559.0,1738342799999,19112071.5112,67192
XRPUSDT,1738342800000,3.0906,3.0915,3.0755,3.0757,4418005.0,1738346399999,13621991.738,47153
XRPUSDT,1738346400000,3.0757,3.08,3.0143,3.0315,20833907.0,1738349999999,63379602.5096,189967
XRPUSDT,1738350000000,3.0316,3.0505,3.022,3.0329,10962880.0,1738353599999,33299614.0382,117583
XRPUSDT,1738353600000,3.0328,3.0328,3.003,3.0195,11091729.0,1738357199999,33465461.9599,106068
XRPUSDT,1738357200000,3.0194,3.037,3.0032,3.0369,5799008.0,1738360799999,17521686.7352,78665
XRPUSDT,1738360800000,3.0369,3.0472,3.028,3.0387,3501698.0,1738364399999,10639627.3727,40816
XRPUSDT,1738364400000,3.0386,3.0434,3.0274,3.0361,2750451.0,1738367999999,8351974.8368,46533
XRPUSDT,1738368000000,3.0361,3.044,3.0263,3.044,3187178.0,1738371599999,9676005.2989,47122
XRPUSDT,1738371600000,3.0439,3.0631,3.0421,3.0536,4069858.0,1738375199999,12427427.0061,45747
XRPUSDT,1738375200000,3.0536,3.0727,3.0492,3.058,3381036.0,1738378799999,10353303.3473,44361
XRPUSDT,1738378800000,3.058,3.059,3.0299,3.0403,3286177.0,1738382399999,9999022.2111,39063
XRPUSDT,1738382400000,3.0404,3.0516,3.0357,3.0435,2503074.0,1738385999999,7620649.8064,31760
XRPUSDT,1738386000000,3.0435,3.0578,3.0423,3.0552,3144314.0,1738389599999,9598401.3895,32082
XRPUSDT,1738389600000,3.0551,3.0551,3.0369,3.0485,3412655.0,1738393199999,10396925.9426,32751
XRPUSDT,1738393200000,3.0485,3.0535,3.0276,3.0309,3032179.0,1738396799999,9212862.227,31322
XRPUSDT,1738396800000,3.0309,3.0394,3.0086,3.0261,6113119.0,1738400399999,18474945.4743,64716
XRPUSDT,1738400400000,3.026,3.0273,2.9466,2.9751,19619503.0,1738403999999,58499966.7169,138360
XRPUSDT,1738404000000,2.9752,2.9934,2.9654,2.9666,10877064.0,1738407599999,32410841.7165,74087
XRPUSDT,1738407600000,2.9666,2.9956,2.9651,2.9947,5259929.0,1738411199999,15680747.3822,52251
XRPUSDT,1738411200000,2.9947,3.0083,2.9874,3.0006,5674129.0,1738414799999,17002942.7435,53071
XRPUSDT,1738414800000,3.0007,3.0024,2.9744,2.9767,4707176.0,1738418399999,14080456.0758,58400
XRPUSDT,1738418400000,2.9766,2.9889,2.9611,2.9624,6028783.0,1738421999999,17931063.0786,71670
XRPUSDT,1738422000000,2.9625,2.9772,2.9506,2.9734,6505370.0,1738425599999,19279768.7795,77092
XRPUSDT,1738425600000,2.9734,2.987,2.9635,2.9655,4688096.0,1738429199999,13956739.4134,66506
XRPUSDT,1738429200000,2.9654,3.0017,2.9654,2.9937,5672139.0,1738432799999,16957722.4693,58838
XRPUSDT,1738432800000,2.9938,2.996,2.963,2.9647,4149563.0,1738436399999,12384771.183,55772
XRPUSDT,1738436400000,2.9648,2.9671,2.9075,2.9388,13348339.0,1738439999999,39188336.5349,138717
XRPUSDT,1738440000000,2.9388,2.9389,2.9,2.9241,14021368.0,1738443599999,40883848.8984,154762
XRPUSDT,1738443600000,2.924,2.945,2.9082,2.912,8644483.0,1738447199999,25325933.8006,93907
XRPUSDT,1738447200000,2.912,2.9268,2.8636,2.8869,13666352.0,1738450799999,39525207.6859,102973
XRPUSDT,1738450800000,2.887,2.9005,2.8281,2.8778,18609520.0,1738454399999,53317642.6067,192760
XRPUSDT,1738454400000,2.8779,2.9381,2.875,2.929,11685838.0,1738457999999,34046184.695,138342
XRPUSDT,1738458000000,2.9289,2.9559,2.9236,2.9376,8960645.0,1738461599999,26366798.3421,95636
XRPUSDT,1738461600000,2.9375,2.9382,2.8806,2.8852,8589000.0,1738465199999,24980458.0383,104395
XRPUSDT,1738465200000,2.8853,2.9,2.8273,2.8338,21440498.0,1738468799999,61147009.3074,258813
XRPUSDT,1738468800000,2.8337,2.8637,2.8221,2.8399,12634724.0,1738472399999,35967181.8133,169768
XRPUSDT,1738472400000,2.84,2.9143,2.8364,2.8992,14234943.0,1738475999999,41127399.1593,158504
XRPUSDT,1738476000000,2.8992,2.9272,2.8947,2.9016,6357842.0,1738479599999,18508469.7565,84629
XRPUSDT,1738479600000,2.9017,2.9073,2.8636,2.8818,12671908.0,1738483199999,36552371.5063,95429
XRPUSDT,1738483200000,2.8817,2.9154,2.8745,2.9008,6116898.0,1738486799999,17712136.9924,77580
XRPUSDT,1738486800000,2.9007,2.901,2.88,2.8977,4038098.0,1738490399999,11676332.6434,54390
XRPUSDT,1738490400000,2.8977,2.9001,2.8528,2.8639,7351106.0,1738493999999,21070314.3973,84650
XRPUSDT,1738494000000,2.8639,2.8712,2.7823,2.7871,22299720.0,1738497599999,62845477.9174,203505
XRPUSDT,1738497600000,2.7871,2.8192,2.7325,2.7336,27187185.0,1738501199999,75430257.3659,239160
XRPUSDT,1738501200000,2.7336,2.8248,2.7336,2.8204,21243501.0,1738504799999,59089127.9431,216579
XRPUSDT,1738504800000,2.8205,2.8501,2.8106,2.8204,13700298.0,1738508399999,38798426.2425,140624
XRPUSDT,1738508400000,2.8204,2.8204,2.7747,2.8106,13300553.0,1738511999999,37243163.2147,145754
XRPUSDT,1738512000000,2.8107,2.811,2.6881,2.7111,34246238.0,1738515599999,93692163.4421,336068
XRPUSDT,1738515600000,2.7111,2.7327,2.5233,2.5742,101956998.0,1738519199999,267607890.1256,889716
XRPUSDT,1738519200000,2.5742,2.6277,2.5001,2.5384,81286417.0,1738522799999,208125871.6292,878527
XRPUSDT,1738522800000,2.5384,2.7009,2.5044,2.6687,78632922.0,1738526399999,206214167.4644,753987
XRPUSDT,1738526400000,2.6687,2.7207,2.6253,2.6341,36572548.0,1738529999999,98075405.1775,304522
XRPUSDT,1738530000000,2.6341,2.6459,2.5732,2.6082,33094657.0,1738533599999,86102378.6403,236847
XRPUSDT,1738533600000,2.6082,2.6535,2.4603,2.5837,45612679.0,1738537199999,116831866.9505,279679
XRPUSDT,1738537200000,2.5836,2.5862,2.4694,2.58,60873796.0,1738540799999,153831892.7978,498952
XRPUSDT,1738540800000,2.5801,2.5813,2.1817,2.3937,222134424.0,1738544399999,523066782.7864,1353212
XRPUSDT,1738544400000,2.3941,2.4157,2.0,2.0976,215208235.0,1738547999999,480701530.0569,1212895
XRPUSDT,1738548000000,2.0984,2.1743,1.7711,2.1529,275194822.0,1738551599999,570601818.9975,1536909
XRPUSDT,1738551600000,2.153,2.3216,2.1458,2.2589,132518906.0,1738555199999,296761375.4401,823404
XRPUSDT,1738555200000,2.2589,2.3215,2.119,2.1389,86764218.0,1738558799999,190795439.7109,706719
XRPUSDT,1738558800000,2.1389,2.3,2.1307,2.2932,54537582.0,1738562399999,120495969.7157,420269
XRPUSDT,1738562400000,2.2932,2.3486,2.2536,2.3174,47502817.0,1738565999999,109660790.1091,342551
XRPUSDT,1738566000000,2.3173,2.4531,2.3055,2.4298,68305656.0,1738569599999,163388133.6587,414220
XRPUSDT,1738569600000,2.4298,2.4298,2.3082,2.3616,43813422.0,1738573199999,103305511.2871,293829
XRPUSDT,1738573200000,2.3616,2.41,2.3518,2.3733,36471484.0,1738576799999,86894957.7037,257781
XRPUSDT,1738576800000,2.3735,2.4405,2.3343,2.432,29597719.0,1738580399999,70544224.0998,207878
XRPUSDT,1738580400000,2.4319,2.4329,2.3498,2.372,23519674.0,1738583999999,56093855.032,167480
XRPUSDT,1738584000000,2.372,2.4368,2.3515,2.3586,31281554.0,1738587599999,74960251.7537,212715
XRPUSDT,1738587600000,2.3585,2.3837,2.3213,2.3395,28964807.0,1738591199999,68128598.8993,214674
XRPUSDT,1738591200000,2.3396,2.3998,2.2067,2.373,150523557.0,1738594799999,348495934.9533,739398
XRPUSDT,1738594800000,2.3729,2.5959,2.3594,2.552,126323603.0,1738598399999,314730181.6173,601375
XRPUSDT,1738598400000,2.5521,2.6668,2.5375,2.6104,84824496.0,1738601999999,221675578.1526,490390
XRPUSDT,1738602000000,2.6103,2.6953,2.5902,2.6748,40215215.0,1738605599999,106199894.8666,264853
XRPUSDT,1738605600000,2.6747,2.6934,2.6295,2.6795,30129072.0,1738609199999,80195347.3497,229813
XRPUSDT,1738609200000,2.6795,2.7814,2.6608,2.7464,45660560.0,1738612799999,124795877.7221,328003
XRPUSDT,1738612800000,2.7463,2.7466,2.6443,2.6703,37390823.0,1738616399999,100410660.401,253013
XRPUSDT,1738616400000,2.6703,2.7281,2.6661,2.6983,20132986.0,1738619999999,54293789.0252,156892
XRPUSDT,1738620000000,2.6983,2.735,2.675,2.7055,22177388.0,1738623599999,60064613.5215,163043
XRPUSDT,1738623600000,2.7055,2.7283,2.6564,2.7001,13565952.0,1738627199999,36522702.8205,100568
XRPUSDT,1738627200000,2.7,2.7874,2.6953,2.6986,28788747.0,1738630799999,78836446.7905,198265
XRPUSDT,1738630800000,2.6986,2.7724,2.6914,2.7543,19700546.0,1738634399999,53934952.8843,142435
XRPUSDT,1738634400000,2.7542,2.7796,2.721,2.7249,21193349.0,1738637999999,58345722.9671,108044
XRPUSDT,1738638000000,2.725,2.735,2.6887,2.7208,13425653.0,1738641599999,36391047.087,85653
XRPUSDT,1738641600000,2.7209,2.7303,2.67,2.6759,14931549.0,1738645199999,40231602.8354,116089
XRPUSDT,1738645200000,2.6758,2.6775,2.5033,2.5253,74877640.0,1738648799999,192112331.4286,441836
XRPUSDT,1738648800000,2.5254,2.596,2.5227,2.5772,25906005.0,1738652399999,66467482.7125,162525
XRPUSDT,1738652400000,2.5771,2.5771,2.472,2.486,28880990.0,1738655999999,72673947.0811,163709
XRPUSDT,1738656000000,2.4859,2.5326,2.4748,2.4991,23817871.0,1738659599999,59585398.3753,159893
XRPUSDT,1738659600000,2.4991,2.5457,2.4976,2.5114,18140086.0,1738663199999,45824884.1072,106931
XRPUSDT,1738663200000,2.5114,2.58,2.5078,2.5666,20064152.0,1738666799999,51326084.906,116801
XRPUSDT,1738666800000,2.5666,2.6334,2.5645,2.5903,21875261.0,1738670399999,57043214.2592,148519
XRPUSDT,1738670400000,2.5903,2.6589,2.5848,2.6409,18654198.0,1738673999999,49029327.9769,123564
XRPUSDT,1738674000000,2.641,2.6592,2.5954,2.6051,16053585.0,1738677599999,42246804.4153,144482
XRPUSDT,1738677600000,2.605,2.6863,2.5897,2.6591,27671787.0,1738681199999,73285588.702,251842
XRPUSDT,1738681200000,2.659,2.6733,2.5865,2.6204,22397936.0,1738684799999,58838208.9193,255891
XRPUSDT,1738684800000,2.6205,2.665,2.605,2.6192,11674999.0,1738688399999,30727052.3575,124260
XRPUSDT,1738688400000,2.6192,2.6514,2.5947,2.6272,12135509.0,1738691999999,31796769.9416,114039
XRPUSDT,1738692000000,2.6273,2.656,2.605,2.6477,10138918.0,1738695599999,26705844.3338,89387
XRPUSDT,1738695600000,2.6476,2.7105,2.5864,2.5881,40253106.0,1738699199999,106846562.5304,260872
XRPUSDT,1738699200000,2.5882,2.62,2.532,2.5449,48787112.0,1738702799999,125358850.4733,377297
XRPUSDT,1738702800000,2.545,2.547,2.4209,2.4496,64797072.0,1738706399999,160486029.8937,365961
XRPUSDT,1738706400000,2.4497,2.5231,2.437,2.5168,23952412.0,1738709999999,59363497.2712,162599
XRPUSDT,1738710000000,2.5169,2.5492,2.503,2.5274,13434482.0,1738713599999,33948028.0808,115058
XRPUSDT,1738713600000,2.5275,2.545,2.5024,2.5238,10609609.0,1738717199999,26797562.2062,101690
XRPUSDT,1738717200000,2.5237,2.5646,2.4984,2.5023,10624632.0,1738720799999,26887560.0051,93133
XRPUSDT,1738720800000,2.5023,2.5314,2.4702,2.5188,16548785.0,1738724399999,41335270.6504,121451
XRPUSDT,1738724400000,2.5187,2.5286,2.4944,2.5061,9682740.0,1738727999999,24303522.1988,70208
XRPUSDT,1738728000000,2.5061,2.5187,2.4909,2.5079,6168503.0,1738731599999,15449489.89,53281
XRPUSDT,1738731600000,2.5079,2.5409,2.4856,2.5348,9166024.0,1738735199999,22983743.4023,67048
XRPUSDT,1738735200000,2.5348,2.5396,2.4886,2.4961,10006123.0,1738738799999,25141790.7115,80748
XRPUSDT,1738738800000,2.4962,2.5205,2.4862,2.511,8050625.0,1738742399999,20155444.1218,64715
XRPUSDT,1738742400000,2.511,2.5256,2.4961,2.5166,6880622.0,1738745999999,17275830.7186,54135
XRPUSDT,1738746000000,2.5165,2.5437,2.4995,2.5078,11732273.0,1738749599999,29559836.3755,76336
XRPUSDT,1738749600000,2.5076,2.5294,2.5046,2.5185,5335063.0,1738753199999,13438590.7407,52547
XRPUSDT,1738753200000,2.5186,2.556,2.5186,2.5496,12760050.0,1738756799999,32406874.7241,77117
XRPUSDT,1738756800000,2.5496,2.5692,2.5227,2.53,13536524.0,1738760399999,34497245.4777,85943
XRPUSDT,1738760400000,2.5301,2.548,2.5214,2.5432,8402202.0,1738763999999,21303311.9903,68947
XRPUSDT,1738764000000,2.5432,2.5507,2.4965,2.5057,14615534.0,1738767599999,36955062.1622,115586
XRPUSDT,1738767600000,2.5057,2.5293,2.4761,2.5024,17526633.0,1738771199999,43838405.3249,146998
XRPUSDT,1738771200000,2.5023,2.509,2.4237,2.4546,25039833.0,1738774799999,61550508.7444,193881
XRPUSDT,1738774800000,2.4547,2.4742,2.3877,2.3907,26001721.0,1738778399999,62955068.7868,168126
XRPUSDT,1738778400000,2.3908,2.4204,2.3384,2.3671,36349037.0,1738781999999,86723896.4434,205928
XRPUSDT,1738782000000,2.3671,2.443,2.3549,2.4374,22589622.0,1738785599999,54358944.9308,141667
XRPUSDT,1738785600000,2.4375,2.4631,2.3859,2.4208,22431098.0,1738789199999,54558795.7176,131270
XRPUSDT,1738789200000,2.4208,2.4336,2.3966,2.405,10202189.0,1738792799999,24658775.7235,87402
XRPUSDT,1738792800000,2.4052,2.4157,2.3597,2.3751,15587372.0,1738796399999,37184242.2291,100177
XRPUSDT,1738796400000,2.375,2.3974,2.3616,2.381,8968279.0,1738799999999,21346551.7336,86453
XRPUSDT,1738800000000,2.381,2.4206,2.3767,2.3911,10146279.0,1738803599999,24368907.6108,109357
XRPUSDT,1738803600000,2.3912,2.4232,2.3758,2.4026,8511807.0,1738807199999,20435755.9456,84717
XRPUSDT,1738807200000,2.4027,2.4305,2.3986,2.4196,8885794.0,1738810799999,21493686.8113,76622
XRPUSDT,1738810800000,2.4196,2.4354,2.406,2.4247,5351562.0,1738814399999,12954426.2526,52516
XRPUSDT,1738814400000,2.4247,2.4461,2.4195,2.4379,6576580.0,1738817999999,16023153.1528,53810
XRPUSDT,1738818000000,2.4379,2.4485,2.4244,2.4342,5702618.0,1738821599999,13898948.0347,47061
XRPUSDT,1738821600000,2.4343,2.4678,2.4131,2.4646,9828745.0,1738825199999,24040448.6875,64741
XRPUSDT,1738825200000,2.4647,2.4648,2.4329,2.4402,18804283.0,1738828799999,46047670.9076,69692
XRPUSDT,1738828800000,2.4403,2.4497,2.4232,2.4278,6704427.0,1738832399999,16338642.7612,56776
XRPUSDT,1738832400000,2.4277,2.46,2.4195,2.4531,8767922.0,1738835999999,21442989.3498,67379
XRPUSDT,1738836000000,2.453,2.4699,2.4336,2.4612,10514559.0,1738839599999,25810453.8696,66118
XRPUSDT,1738839600000,2.4612,2.4643,2.4242,2.449,8514513.0,1738843199999,20815558.713,79027
XRPUSDT,1738843200000,2.4489,2.453,2.3902,2.3979,14586315.0,1738846799999,35200778.2483,106746
XRPUSDT,1738846800000,2.3978,2.4385,2.3933,2.4196,13259952.0,1738850399999,31980840.8583,101552
XRPUSDT,1738850400000,2.4197,2.4289,2.3611,2.3698,17866313.0,1738853999999,42699197.6529,168210
XRPUSDT,1738854000000,2.3698,2.3795,2.2855,2.3158,47891585.0,1738857599999,111420759.802,338200
XRPUSDT,1738857600000,2.3158,2.3417,2.286,2.3038,29147900.0,1738861199999,67407188.8074,220378
XRPUSDT,1738861200000,2.3039,2.371,2.294,2.3232,17260619.0,1738864799999,40228510.1747,130918
XRPUSDT,1738864800000,2.3233,2.3355,2.2939,2.2947,14753841.0,1738868399999,34159978.3362,132326
XRPUSDT,1738868400000,2.2946,2.3366,2.2772,2.2953,18037078.0,1738871999999,41521196.0321,133964
XRPUSDT,1738872000000,2.2953,2.365,2.2904,2.354,13998661.0,1738875599999,32650030.1295,111377
XRPUSDT,1738875600000,2.3541,2.3561,2.3066,2.3419,12946212.0,1738879199999,30231786.529,98290
XRPUSDT,1738879200000,2.342,2.3433,2.3059,2.3368,7354647.0,1738882799999,17093480.7026,57296
XRPUSDT,1738882800000,2.3368,2.3463,2.3025,2.325,7484725.0,1738886399999,17410525.0842,66167
XRPUSDT,1738886400000,2.3251,2.3489,2.3109,2.3206,10082021.0,1738889999999,23500295.5498,85900
XRPUSDT,1738890000000,2.3205,2.374,2.314,2.3549,11018920.0,1738893599999,25828623.93,94349
XRPUSDT,1738893600000,2.3549,2.3716,2.3502,2.3593,8262990.0,1738897199999,19510166.1663,75702
XRPUSDT,1738897200000,2.3592,2.367,2.332,2.3536,5702235.0,1738900799999,13403776.7653,56331
XRPUSDT,1738900800000,2.3535,2.373,2.3492,2.3573,7857641.0,1738904399999,18573500.3476,51037
XRPUSDT,1738904400000,2.3573,2.3658,2.3425,2.352,3965020.0,1738907999999,9322359.0595,37016
XRPUSDT,1738908000000,2.3521,2.3547,2.2655,2.292,20758074.0,1738911599999,47813241.1089,114359
XRPUSDT,1738911600000,2.292,2.3346,2.2822,2.2889,13529165.0,1738915199999,31200010.3554,91813
XRPUSDT,1738915200000,2.289,2.3322,2.277,2.3146,13763609.0,1738918799999,31684900.9599,101888
XRPUSDT,1738918800000,2.3146,2.3772,2.3102,2.3742,16518828.0,1738922399999,38829272.6197,95236
XRPUSDT,1738922400000,2.3742,2.4024,2.366,2.3863,13799543.0,1738925999999,32866663.6369,93698
XRPUSDT,1738926000000,2.3863,2.4333,2.3848,2.4185,15328337.0,1738929599999,36989622.0141,99750
XRPUSDT,1738929600000,2.4185,2.4281,2.3942,2.4142,11086691.0,1738933199999,26727273.8674,75318
XRPUSDT,1738933200000,2.4143,2.4986,2.3732,2.4888,44800355.0,1738936799999,108697414.4358,233374
XRPUSDT,1738936800000,2.4887,2.542,2.4851,2.5325,58539692.0,1738940399999,147333170.8235,372165
XRPUSDT,1738940400000,2.5325,2.5329,2.4383,2.4789,50022445.0,1738943999999,124011095.1161,373191
XRPUSDT,1738944000000,2.4789,2.509,2.4486,2.4594,23041544.0,1738947599999,56939100.1351,192857
XRPUSDT,1738947600000,2.4594,2.4645,2.4111,2.4289,23316328.0,1738951199999,56781740.8721,183215
XRPUSDT,1738951200000,2.429,2.5062,2.4247,2.4824,17511430.0,1738954799999,43360148.4738,108239
XRPUSDT,1738954800000,2.4823,2.4825,2.4258,2.4279,12943701.0,1738958399999,31775754.1838,97636
XRPUSDT,1738958400000,2.4279,2.4318,2.3508,2.3579,30858484.0,1738961999999,73543757.338,198343
XRPUSDT,1738962000000,2.3579,2.3974,2.3577,2.3723,11750650.0,1738965599999,27953550.2395,112209
XRPUSDT,1738965600000,2.3723,2.383,2.3466,2.3809,10997986.0,1738969199999,25947339.3977,86040
XRPUSDT,1738969200000,2.381,2.3983,2.3598,2.3968,12032256.0,1738972799999,28620328.4676,79392
XRPUSDT,1738972800000,2.3969,2.4277,2.3795,2.4175,9449587.0,1738976399999,22726352.9138,94934
XRPUSDT,1738976400000,2.4175,2.4187,2.3854,2.3885,7654304.0,1738979999999,18396939.7278,71199
XRPUSDT,1738980000000,2.3886,2.4024,2.3757,2.3922,7601018.0,1738983599999,18147680.4395,58845
XRPUSDT,1738983600000,2.3922,2.4054,2.3788,2.383,4394547.0,1738987199999,10496113.9099,37409
XRPUSDT,1738987200000,2.383,2.3859,2.3667,2.3675,5791409.0,1738990799999,13755242.835,44166
XRPUSDT,1738990800000,2.3676,2.3811,2.3506,2.3769,6250865.0,1738994399999,14776290.4623,52829
XRPUSDT,1738994400000,2.377,2.3902,2.3685,2.3808,6378239.0,1738997999999,15185978.913,45046
XRPUSDT,1738998000000,2.3808,2.4043,2.3582,2.3944,6688921.0,1739001599999,15932327.8763,55998
XRPUSDT,1739001600000,2.3944,2.4033,2.371,2.3729,5664083.0,1739005199999,13516403.727,54862
XRPUSDT,1739005200000,2.3729,2.3991,2.3729,2.3955,5351102.0,1739008799999,12783686.6803,44117
XRPUSDT,1739008800000,2.3954,2.418,2.3954,2.4086,9265090.0,1739012399999,22323863.3206,57279
XRPUSDT,1739012400000,2.4085,2.4142,2.3955,2.4105,5616077.0,1739015999999,13504868.8224,51499
XRPUSDT,1739016000000,2.4105,2.4161,2.3854,2.4021,7241472.0,1739019599999,17374527.0958,54217
XRPUSDT,1739019600000,2.4022,2.435,2.4022,2.419,7759982.0,1739023199999,18771080.946,60919
XRPUSDT,1739023200000,2.419,2.4304,2.3995,2.4167,7206427.0,1739026799999,17391250.1552,61300
XRPUSDT,1739026800000,2.4167,2.4243,2.3826,2.3913,9548195.0,1739030399999,22902020.8278,66793
XRPUSDT,1739030400000,2.3913,2.4094,2.3778,2.4088,6336813.0,1739033999999,15150808.4347,60499
XRPUSDT,1739034000000,2.4087,2.4219,2.4057,2.4201,6994809.0,1739037599999,16886561.7046,63856
XRPUSDT,1739037600000,2.4202,2.435,2.407,2.4238,5553893.0,1739041199999,13451784.476,46857
XRPUSDT,1739041200000,2.4237,2.4372,2.4125,2.425,6224074.0,1739044799999,15093943.5187,45307
XRPUSDT,1739044800000,2.4249,2.4316,2.4154,2.4238,3930294.0,1739048399999,9521747.535,34407
XRPUSDT,1739048400000,2.4237,2.4298,2.4143,2.4221,3633471.0,1739051999999,8799581.6054,31452
XRPUSDT,1739052000000,2.422,2.4336,2.4031,2.4137,5283713.0,1739055599999,12787040.9765,28458
XRPUSDT,1739055600000,2.4136,2.4368,2.4135,2.419,4898819.0,1739059199999,11878760.1237,36522
XRPUSDT,1739059200000,2.419,2.424,2.4074,2.4181,3678844.0,1739062799999,8880196.1179,41302
XRPUSDT,1739062800000,2.4182,2.4499,2.4135,2.4491,8430514.0,1739066399999,20530023.9461,62117
XRPUSDT,1739066400000,2.4491,2.4499,2.4338,2.4362,4436618.0,1739069999999,10830826.5196,43751
XRPUSDT,1739070000000,2.4362,2.505,2.4331,2.5038,15439626.0,1739073599999,38228686.0028,95701
XRPUSDT,1739073600000,2.5038,2.5079,2.4753,2.4929,7734357.0,1739077199999,19247520.1679,56508
XRPUSDT,1739077200000,2.4929,2.4946,2.4655,2.468,5117310.0,1739080799999,12677304.603,38754
XRPUSDT,1739080800000,2.4681,2.4743,2.4498,2.4728,6155009.0,1739084399999,15148083.9695,46602
XRPUSDT,1739084400000,2.4729,2.4759,2.4547,2.4672,4630125.0,1739087999999,11412984.0473,39139
XRPUSDT,1739088000000,2.4672,2.4967,2.4672,2.4836,8266077.0,1739091599999,20519241.4942,48857
XRPUSDT,1739091600000,2.4836,2.4861,2.4568,2.4664,5743343.0,1739095199999,14184522.9465,44407
XRPUSDT,1739095200000,2.4665,2.47,2.4521,2.4533,4500797.0,1739098799999,11083665.0754,33475
XRPUSDT,1739098800000,2.4533,2.4603,2.4381,2.4386,5442278.0,1739102399999,13327625.9497,44038
XRPUSDT,1739102400000,2.4387,2.4488,2.4257,2.437,6156411.0,1739105999999,15004678.2527,50382
XRPUSDT,1739106000000,2.4371,2.4396,2.3795,2.3885,18225022.0,1739109599999,43810108.3551,93668
XRPUSDT,1739109600000,2.3884,2.4187,2.3845,2.4074,8911164.0,1739113199999,21435958.5341,66634
XRPUSDT,1739113200000,2.4074,2.4311,2.4065,2.4285,7611665.0,1739116799999,18434880.8133,56746
XRPUSDT,1739116800000,2.4284,2.4347,2.4151,2.427,4280254.0,1739120399999,10385264.2042,37105
XRPUSDT,1739120400000,2.427,2.4327,2.402,2.4097,4105553.0,1739123999999,9921740.8851,37751
XRPUSDT,1739124000000,2.4096,2.42,2.4022,2.413,2943667.0,1739127599999,7095326.3554,32795
XRPUSDT,1739127600000,2.4129,2.4164,2.385,2.3987,5675553.0,1739131199999,13605238.2476,43776
XRPUSDT,1739131200000,2.3987,2.4227,2.3966,2.4119,4664041.0,1739134799999,11250767.9621,38989
XRPUSDT,1739134800000,2.4119,2.4163,2.3113,2.3356,31831925.0,1739138399999,74775222.7723,167045
XRPUSDT,1739138400000,2.3355,2.4,2.3154,2.3717,22061962.0,1739141999999,51975709.5565,122217
XRPUSDT,1739142000000,2.3717,2.4,2.3627,2.3928,8163488.0,1739145599999,19464291.6241,65600
XRPUSDT,1739145600000,2.3928,2.437,2.392,2.4086,13256714.0,1739149199999,32064982.6935,93064
XRPUSDT,1739149200000,2.4087,2.4107,2.3351,2.3447,15166481.0,1739152799999,35875808.1468,108644
XRPUSDT,1739152800000,2.3447,2.3605,2.3235,2.3453,18003137.0,1739156399999,42119221.5668,109090
XRPUSDT,1739156400000,2.3454,2.4155,2.3353,2.3827,17041929.0,1739159999999,40569497.8839,136880
XRPUSDT,1739160000000,2.3828,2.4071,2.3721,2.388,7354395.0,1739163599999,17583147.9836,58382
XRPUSDT,1739163600000,2.388,2.4196,2.3809,2.4017,9242985.0,1739167199999,22172736.8619,62505
XRPUSDT,1739167200000,2.4018,2.4072,2.3842,2.3944,8611261.0,1739170799999,20605582.4202,50189
XRPUSDT,1739170800000,2.3944,2.4092,2.3926,2.4049,7511357.0,1739174399999,18040220.8029,48206
XRPUSDT,1739174400000,2.4049,2.445,2.4015,2.4373,11607964.0,1739177999999,28202686.2117,83100
XRPUSDT,1739178000000,2.4374,2.4534,2.4247,2.4325,9827130.0,1739181599999,23969772.213,70381
XRPUSDT,1739181600000,2.4325,2.442,2.4182,2.4232,6876365.0,1739185199999,16724835.5413,49587
XRPUSDT,1739185200000,2.4232,2.4362,2.4102,2.4285,5426143.0,1739188799999,13159356.9397,51923
XRPUSDT,1739188800000,2.4286,2.4363,2.4051,2.4136,6537607.0,1739192399999,15815855.9805,71337
XRPUSDT,1739192400000,2.4137,2.4733,2.4107,2.462,10812243.0,1739195999999,26409582.6809,101686
XRPUSDT,1739196000000,2.4621,2.4683,2.4177,2.425,12597687.0,1739199599999,30718316.9668,148716
XRPUSDT,1739199600000,2.425,2.4384,2.4057,2.4218,11518870.0,1739203199999,27916355.6763,108221
XRPUSDT,1739203200000,2.4218,2.4358,2.4093,2.4245,6143576.0,1739206799999,14883717.0026,74763
XRPUSDT,1739206800000,2.4244,2.4424,2.4174,2.4375,6329703.0,1739210399999,15390287.5038,71655
XRPUSDT,1739210400000,2.4374,2.4397,2.4235,2.4386,4350872.0,1739213999999,10583554.3068,61247
XRPUSDT,1739214000000,2.4387,2.4458,2.4191,2.4244,3801008.0,1739217599999,9257485.8913,44338
XRPUSDT,1739217600000,2.4245,2.4423,2.4201,2.4344,3735381.0,1739221199999,9078005.5927,44797
XRPUSDT,1739221200000,2.4344,2.4354,2.4205,2.4274,3044225.0,1739224799999,7390077.4407,30815
XRPUSDT,1739224800000,2.4274,2.4312,2.4089,2.4152,5133363.0,1739228399999,12422490.9963,32974
XRPUSDT,1739228400000,2.4152,2.4253,2.4085,2.4237,3327537.0,1739231999999,8037796.7759,41423
XRPUSDT,1739232000000,2.4238,2.4593,2.42,2.4489,7134791.0,1739235599999,17423958.6948,73548
XRPUSDT,1739235600000,2.4488,2.47,2.442,2.4557,10167109.0,1739239199999,24984568.8362,62756
XRPUSDT,1739239200000,2.4557,2.4591,2.4319,2.4433,6035147.0,1739242799999,14748892.8104,54767
XRPUSDT,1739242800000,2.4433,2.4433,2.4334,2.4413,3652711.0,1739246399999,8905683.7599,30733
XRPUSDT,1739246400000,2.4413,2.4794,2.441,2.4773,10492135.0,1739249999999,25849090.236,66424
XRPUSDT,1739250000000,2.4773,2.52,2.4687,2.5168,18427893.0,1739253599999,45957204.5381,126356
XRPUSDT,1739253600000,2.5167,2.529,2.4917,2.5224,13011784.0,1739257199999,32657240.8708,100587
XRPUSDT,1739257200000,2.5225,2.5246,2.498,2.4999,11612087.0,1739260799999,29153123.4205,78678
XRPUSDT,1739260800000,2.4999,2.5126,2.4932,2.5029,10771742.0,1739264399999,26962899.1111,62708
XRPUSDT,1739264400000,2.5029,2.5125,2.4803,2.486,13626381.0,1739267999999,33993855.1668,80102
XRPUSDT,1739268000000,2.4859,2.4957,2.4736,2.4847,10425053.0,1739271599999,25897589.752,74790
XRPUSDT,1739271600000,2.4846,2.499,2.4768,2.4964,5811400.0,1739275199999,14453124.8167,44551
XRPUSDT,1739275200000,2.4964,2.4991,2.4685,2.4851,6473158.0,1739278799999,16060830.6929,63763
XRPUSDT,1739278800000,2.4851,2.4955,2.4339,2.4421,15128821.0,1739282399999,37254982.4864,115861
XRPUSDT,1739282400000,2.4421,2.4724,2.4369,2.4678,12308051.0,1739285999999,30274832.6392,110261
XRPUSDT,1739286000000,2.4678,2.486,2.4523,2.4697,6818544.0,1739289599999,16834406.8355,94484
XRPUSDT,1739289600000,2.4697,2.4815,2.4524,2.4564,6259108.0,1739293199999,15424466.4314,79296
XRPUSDT,1739293200000,2.4563,2.4573,2.4185,2.4296,13445307.0,1739296799999,32748137.6914,113261
XRPUSDT,1739296800000,2.4296,2.43,2.3893,2.3993,21349499.0,1739300399999,51408395.7868,135070
XRPUSDT,1739300400000,2.3993,2.4085,2.3708,2.3875,11939450.0,1739303999999,28519165.9942,115132
XRPUSDT,1739304000000,2.3876,2.422,2.3834,2.4131,10848001.0,1739307599999,26117243.3498,105745
XRPUSDT,1739307600000,2.4131,2.4464,2.4104,2.4335,11154169.0,1739311199999,27119872.6888,97021
XRPUSDT,1739311200000,2.4335,2.4456,2.401,2.4121,7398682.0,1739314799999,17970854.5918,62093
XRPUSDT,1739314800000,2.4121,2.4297,2.4094,2.4131,3891153.0,1739318399999,9415968.8493,60355
XRPUSDT,1739318400000,2.413,2.4268,2.3978,2.4212,5607142.0,1739321999999,13526036.0859,70625
XRPUSDT,1739322000000,2.4211,2.4271,2.4056,2.4225,3969469.0,1739325599999,9596688.5764,52456
XRPUSDT,1739325600000,2.4225,2.4229,2.392,2.3986,7585062.0,1739329199999,18256821.7323,58296
XRPUSDT,1739329200000,2.3986,2.4019,2.3814,2.3884,7941786.0,1739332799999,18998450.2673,71292
XRPUSDT,1739332800000,2.3884,2.4012,2.3804,2.3957,6481792.0,1739336399999,15500161.1681,70657
XRPUSDT,1739336400000,2.3958,2.4158,2.3911,2.4096,4241548.0,1739339999999,10210374.6717,47176
XRPUSDT,1739340000000,2.4097,2.4128,2.3936,2.3975,4762530.0,1739343599999,11445508.301,38762
XRPUSDT,1739343600000,2.3974,2.419,2.393,2.4062,6204691.0,1739347199999,14938400.7507,38462
XRPUSDT,1739347200000,2.4062,2.4258,2.4057,2.4194,3998333.0,1739350799999,9662362.4854,41095
XRPUSDT,1739350800000,2.4193,2.4236,2.4057,2.4199,3571130.0,1739354399999,8616019.8842,40416
XRPUSDT,1739354400000,2.4199,2.4227,2.4004,2.4068,5163685.0,1739357999999,12444722.7139,37288
XRPUSDT,1739358000000,2.4069,2.4333,2.4068,2.4213,5190728.0,1739361599999,12558662.886,40364
XRPUSDT,1739361600000,2.4213,2.4461,2.4198,2.4208,9041727.0,1739365199999,21984969.7709,59406
XRPUSDT,1739365200000,2.4208,2.4523,2.3323,2.3883,52056538.0,1739368799999,123906712.2536,364698
XRPUSDT,1739368800000,2.3884,2.3968,2.3398,2.3936,22385279.0,1739372399999,53152438.1634,220066
XRPUSDT,1739372400000,2.3936,2.4144,2.3656,2.4008,14819832.0,1739375999999,35502576.6455,119137
XRPUSDT,1739376000000,2.4008,2.4391,2.3791,2.4284,11154919.0,1739379599999,26826243.261,83047
XRPUSDT,1739379600000,2.4283,2.4664,2.4269,2.4541,14955646.0,1739383199999,36594274.607,83861
XRPUSDT,1739383200000,2.4542,2.4553,2.4284,2.4495,6187478.0,1739386799999,15101406.5331,45837
XRPUSDT,1739386800000,2.4494,2.4518,2.4288,2.4482,4702038.0,1739390399999,11484009.7077,52431
XRPUSDT,1739390400000,2.4482,2.4687,2.44,2.4539,6999583.0,1739393999999,17194006.6177,64109
XRPUSDT,1739394000000,2.454,2.4697,2.445,2.4589,5216537.0,1739397599999,12821806.0732,49774
XRPUSDT,1739397600000,2.459,2.4962,2.4534,2.4759,10725940.0,1739401199999,26585321.5957,79826
XRPUSDT,1739401200000,2.4759,2.4821,2.4625,2.4734,4994223.0,1739404799999,12345275.0406,63869
XRPUSDT,1739404800000,2.4734,2.4761,2.4515,2.4615,5069132.0,1739408399999,12473469.9629,45650
XRPUSDT,1739408400000,2.4614,2.482,2.4586,2.4797,3712980.0,1739411999999,9175803.5845,44500
XRPUSDT,1739412000000,2.4796,2.4799,2.4653,2.4716,4391353.0,1739415599999,10850366.845,35238
XRPUSDT,1739415600000,2.4716,2.483,2.4681,2.4827,5336310.0,1739419199999,13205412.4145,36748
XRPUSDT,1739419200000,2.4828,2.4862,2.4661,2.4722,6391809.0,1739422799999,15840286.7175,53710
XRPUSDT,1739422800000,2.4724,2.4734,2.4578,2.469,5786718.0,1739426399999,14276049.1092,47651
XRPUSDT,1739426400000,2.469,2.4727,2.4334,2.4384,9997021.0,1739429999999,24504674.8352,75580
XRPUSDT,1739430000000,2.4384,2.4492,2.4283,2.4407,7340798.0,1739433599999,17904610.5319,52807
XRPUSDT,1739433600000,2.4407,2.4468,2.4195,2.4299,6526733.0,1739437199999,15878691.5772,56958
XRPUSDT,1739437200000,2.4299,2.4536,2.423,2.4505,4412837.0,1739440799999,10779528.5455,40216
XRPUSDT,1739440800000,2.4504,2.4581,2.4443,2.4469,3828382.0,1739444399999,9380276.0545,37376
XRPUSDT,1739444400000,2.4469,2.4505,2.4287,2.444,4135928.0,1739447999999,10099872.7566,51527
XRPUSDT,1739448000000,2.4441,2.4709,2.4303,2.4355,8823989.0,1739451599999,21616137.6427,87249
XRPUSDT,1739451600000,2.4355,2.4646,2.4271,2.4484,10190561.0,1739455199999,24924508.7606,118745
XRPUSDT,1739455200000,2.4484,2.4504,2.4154,2.4312,10539190.0,1739458799999,25631571.4509,126514
XRPUSDT,1739458800000,2.4313,2.4579,2.4169,2.4478,7122740.0,1739462399999,17390612.8519,86653
XRPUSDT,1739462400000,2.4477,2.4494,2.421,2.4228,7241486.0,1739465999999,17614957.916,92652
XRPUSDT,1739466000000,2.4228,2.4424,2.4211,2.4299,5029784.0,1739469599999,12235026.1131,52743
XRPUSDT,1739469600000,2.4299,2.454,2.4226,2.4521,6232008.0,1739473199999,15184056.0364,51103
XRPUSDT,1739473200000,2.4521,2.4733,2.4475,2.4546,7369945.0,1739476799999,18145141.7857,51146
XRPUSDT,1739476800000,2.4546,2.4832,2.454,2.4766,6951204.0,1739480399999,17190414.7326,54455
XRPUSDT,1739480400000,2.4767,2.5281,2.4753,2.5011,19733353.0,1739483999999,49389648.124,142957
XRPUSDT,1739484000000,2.501,2.6061,2.4955,2.5272,41262568.0,1739487599999,105473540.8898,281623
XRPUSDT,1739487600000,2.5272,2.5658,2.5062,2.5599,15051874.0,1739491199999,38154392.1433,123788
XRPUSDT,1739491200000,2.56,2.5779,2.5386,2.5597,16535357.0,1739494799999,42393588.1663,133071
XRPUSDT,1739494800000,2.5597,2.5666,2.53,2.5462,8050681.0,1739498399999,20475634.1335,72037
XRPUSDT,1739498400000,2.5459,2.5671,2.5456,2.5539,6674824.0,1739501999999,17055063.1476,47874
XRPUSDT,1739502000000,2.5539,2.5938,2.5537,2.5938,8902049.0,1739505599999,22907741.6255,59072
XRPUSDT,1739505600000,2.5938,2.598,2.5651,2.5692,8240097.0,1739509199999,21273422.4717,52025
XRPUSDT,1739509200000,2.5691,2.5848,2.5546,2.5578,6870133.0,1739512799999,17639812.3629,60397
XRPUSDT,1739512800000,2.5577,2.5637,2.5382,2.5565,9912314.0,1739516399999,25273299.8591,76724
XRPUSDT,1739516400000,2.5566,2.5926,2.5532,2.5881,11250498.0,1739519999999,28903794.6724,69092
XRPUSDT,1739520000000,2.588,2.7396,2.5871,2.6952,53525520.0,1739523599999,142871733.0581,542150
XRPUSDT,1739523600000,2.6952,2.7766,2.6899,2.7557,43321809.0,1739527199999,118843246.9838,404848
XRPUSDT,1739527200000,2.7557,2.7647,2.7266,2.7391,16394341.0,1739530799999,44979687.2649,161304
XRPUSDT,1739530800000,2.739,2.7895,2.7263,2.7324,22586538.0,1739534399999,62199916.8725,236829
XRPUSDT,1739534400000,2.7324,2.7373,2.6797,2.698,29216704.0,1739537999999,78872298.2795,249187
XRPUSDT,1739538000000,2.6981,2.7294,2.6838,2.7207,15461930.0,1739541599999,41880179.6711,164094
XRPUSDT,1739541600000,2.7208,2.7513,2.7179,2.7291,16343573.0,1739545199999,44686827.6103,174831
XRPUSDT,1739545200000,2.7292,2.7331,2.695,2.7251,15927432.0,1739548799999,43253970.7051,198817
XRPUSDT,1739548800000,2.7251,2.7387,2.6999,2.7368,9625147.0,1739552399999,26156246.6385,110760
XRPUSDT,1739552400000,2.7368,2.7628,2.7222,2.7451,12152826.0,1739555999999,33321441.4584,125487
XRPUSDT,1739556000000,2.7452,2.7756,2.7413,2.7542,13287923.0,1739559599999,36603034.5501,121716
XRPUSDT,1739559600000,2.7543,2.8356,2.7535,2.7879,34871231.0,1739563199999,97414998.3982,342627
XRPUSDT,1739563200000,2.788,2.8109,2.7342,2.747,16004755.0,1739566799999,44413618.4708,173882
XRPUSDT,1739566800000,2.7471,2.7598,2.7078,2.7473,14695736.0,1739570399999,40184199.703,153820
XRPUSDT,1739570400000,2.7473,2.7474,2.6917,2.7104,11086876.0,1739573999999,30133643.2044,106584
XRPUSDT,1739574000000,2.7105,2.7437,2.7068,2.7384,6602828.0,1739577599999,18010349.222,93303
XRPUSDT,1739577600000,2.7384,2.7524,2.7235,2.7476,6440845.0,1739581199999,17634573.5696,97167
XRPUSDT,1739581200000,2.7477,2.784,2.7454,2.7819,7103920.0,1739584799999,19659294.3247,90365
XRPUSDT,1739584800000,2.7819,2.8335,2.7813,2.8237,20331486.0,1739588399999,57142504.4373,176053
XRPUSDT,1739588400000,2.8236,2.829,2.7978,2.8135,8690405.0,1739591999999,24466354.1253,85221
XRPUSDT,1739592000000,2.8135,2.8149,2.7822,2.7911,9067020.0,1739595599999,25359725.5544,89965
XRPUSDT,1739595600000,2.7911,2.8071,2.7793,2.7864,5556414.0,1739599199999,15512419.6661,70335
XRPUSDT,1739599200000,2.7864,2.7922,2.7615,2.7635,7136543.0,1739602799999,19811103.7158,77948
XRPUSDT,1739602800000,2.7636,2.776,2.746,2.7638,7766619.0,1739606399999,21434334.8816,75727
XRPUSDT,1739606400000,2.7638,2.81,2.7637,2.7991,10347974.0,1739609999999,28909307.273,93055
XRPUSDT,1739610000000,2.799,2.8128,2.7852,2.787,6982509.0,1739613599999,19546104.4927,66016
XRPUSDT,1739613600000,2.7869,2.818,2.7771,2.8069,6644492.0,1739617199999,18594396.1866,80585
XRPUSDT,1739617200000,2.8068,2.8145,2.7824,2.7972,5713709.0,1739620799999,15984844.2936,75825
XRPUSDT,1739620800000,2.7973,2.8146,2.7921,2.7986,5269009.0,1739624399999,14773988.7652,72612
XRPUSDT,1739624400000,2.7986,2.8248,2.798,2.8092,5948564.0,1739627999999,16721754.912,70781
XRPUSDT,1739628000000,2.8092,2.8104,2.7577,2.7864,14338211.0,1739631599999,39827557.8013,141808
XRPUSDT,1739631600000,2.7865,2.805,2.7735,2.78,7264861.0,1739635199999,20273035.488,79903
XRPUSDT,1739635200000,2.7799,2.7859,2.7592,2.7694,7536841.0,1739638799999,20880622.5393,90082
XRPUSDT,1739638800000,2.7694,2.7777,2.7385,2.7485,13087729.0,1739642399999,35983265.3347,99928
XRPUSDT,1739642400000,2.7484,2.7785,2.7465,2.777,4525603.0,1739645999999,12517588.1507,61054
XRPUSDT,1739646000000,2.777,2.7785,2.7385,2.7446,4234861.0,1739649599999,11665298.4607,52965
XRPUSDT,1739649600000,2.7447,2.7523,2.713,2.7299,8419299.0,1739653199999,22983681.5297,74343
XRPUSDT,1739653200000,2.7299,2.7464,2.7287,2.7434,5088876.0,1739656799999,13931213.1685,49675
XRPUSDT,1739656800000,2.7434,2.7529,2.7258,2.7471,2907335.0,1739660399999,7971245.9171,40047
XRPUSDT,1739660400000,2.7471,2.7656,2.7428,2.7619,3778782.0,1739663999999,10423360.6497,50938
XRPUSDT,1739664000000,2.7619,2.7838,2.7552,2.7708,5902166.0,1739667599999,16355639.567,58501
XRPUSDT,1739667600000,2.7709,2.7988,2.7636,2.7923,8549260.0,1739671199999,23849482.8904,81597
XRPUSDT,1739671200000,2.7924,2.7928,2.7699,2.7789,3744414.0,1739674799999,10413957.1309,50608
XRPUSDT,1739674800000,2.7788,2.7879,2.7668,2.7832,3278515.0,1739678399999,9107571.5202,37594
XRPUSDT,1739678400000,2.7832,2.798,2.7777,2.7898,3515518.0,1739681999999,9807788.5017,37829
XRPUSDT,1739682000000,2.7898,2.8054,2.7788,2.7931,3919042.0,1739685599999,10939116.5412,47241
XRPUSDT,1739685600000,2.793,2.8011,2.78,2.7867,5905754.0,1739689199999,16487743.8022,43558
XRPUSDT,1739689200000,2.7868,2.787,2.7495,2.7603,7980558.0,1739692799999,22081082.2237,51824
XRPUSDT,1739692800000,2.7603,2.7773,2.7556,2.7662,4007611.0,1739696399999,11089603.5118,44605
XRPUSDT,1739696400000,2.7662,2.7691,2.74,2.7617,7149733.0,1739699999999,19663859.727,68059
XRPUSDT,1739700000000,2.7617,2.7623,2.7445,2.7453,2981707.0,1739703599999,8207931.9504,38795
XRPUSDT,1739703600000,2.7453,2.77,2.7436,2.7642,4094908.0,1739707199999,11299662.3826,38687
XRPUSDT,1739707200000,2.7642,2.7673,2.7485,2.7611,2503943.0,1739710799999,6901967.7519,34635
XRPUSDT,1739710800000,2.7612,2.7639,2.7266,2.732,5283930.0,1739714399999,14497010.8396,53962
XRPUSDT,1739714400000,2.732,2.7333,2.6969,2.7266,15023535.0,1739717999999,40827395.5681,116008
XRPUSDT,1739718000000,2.7267,2.7351,2.7157,2.7231,3385433.0,1739721599999,9231518.6309,50796
XRPUSDT,1739721600000,2.723,2.734,2.7135,2.7295,3439143.0,1739725199999,9371993.5863,40295
XRPUSDT,1739725200000,2.7296,2.7411,2.7257,2.7305,3644568.0,1739728799999,9968262.0129,44533
XRPUSDT,1739728800000,2.7304,2.7304,2.6879,2.7176,9939430.0,1739732399999,26876779.5095,105814
XRPUSDT,1739732400000,2.7176,2.7294,2.6995,2.7261,4188424.0,1739735999999,11375015.0474,52116
XRPUSDT,1739736000000,2.7261,2.7503,2.7236,2.7448,5807531.0,1739739599999,15916109.8222,66626
XRPUSDT,1739739600000,2.7448,2.7683,2.735,2.7594,6843294.0,1739743199999,18846054.0545,69586
XRPUSDT,1739743200000,2.7593,2.7656,2.734,2.7595,4870706.0,1739746799999,13408414.5972,47534
XRPUSDT,1739746800000,2.7596,2.7601,2.7177,2.7283,6428874.0,1739750399999,17596024.749,74618
XRPUSDT,1739750400000,2.7283,2.7477,2.7223,2.7463,5640036.0,1739753999999,15427074.2283,60533
XRPUSDT,1739754000000,2.7463,2.7646,2.7388,2.7604,4152703.0,1739757599999,11430914.6797,48783
XRPUSDT,1739757600000,2.7604,2.7648,2.7299,2.7339,4626474.0,1739761199999,12712328.8824,38133
XRPUSDT,1739761200000,2.7339,2.7341,2.7,2.7126,8393358.0,1739764799999,22800220.708,52569
XRPUSDT,1739764800000,2.7126,2.7174,2.6919,2.703,8414151.0,1739768399999,22742325.5182,52381
XRPUSDT,1739768400000,2.703,2.7057,2.6546,2.6915,23530020.0,1739771999999,63005930.6622,181982
XRPUSDT,1739772000000,2.6915,2.7037,2.6637,2.6764,9741381.0,1739775599999,26144638.5429,85448
XRPUSDT,1739775600000,2.6763,2.6885,2.6357,2.655,15890642.0,1739779199999,42214208.7557,114411
XRPUSDT,1739779200000,2.6549,2.6759,2.642,2.6728,8393966.0,1739782799999,22336379.9256,73080
XRPUSDT,1739782800000,2.6727,2.6899,2.6702,2.6803,7759637.0,1739786399999,20806486.6147,68821
XRPUSDT,1739786400000,2.6803,2.7001,2.6723,2.675,6724533.0,1739789999999,18076243.0778,61205
XRPUSDT,1739790000000,2.6749,2.6864,2.6633,2.6727,4366445.0,1739793599999,11671341.248,43511
XRPUSDT,1739793600000,2.6727,2.696,2.6703,2.691,6183236.0,1739797199999,16610770.5818,59373
XRPUSDT,1739797200000,2.6909,2.6931,2.6691,2.6821,5225584.0,1739800799999,14004794.4992,47607
XRPUSDT,1739800800000,2.6821,2.7323,2.677,2.7151,12232908.0,1739804399999,33183858.7896,113602
XRPUSDT,1739804400000,2.7152,2.7251,2.6395,2.6465,17419411.0,1739807999999,46570335.6212,146336
XRPUSDT,1739808000000,2.6464,2.6547,2.6075,2.6176,18755940.0,1739811599999,49288923.1897,195209
XRPUSDT,1739811600000,2.6176,2.6639,2.6171,2.6533,8924396.0,1739815199999,23594741.9111,90670
XRPUSDT,1739815200000,2.6534,2.6542,2.6144,2.6258,8590371.0,1739818799999,22613600.1444,115685
XRPUSDT,1739818800000,2.6258,2.6553,2.6111,2.6487,6824760.0,1739822399999,17973828.8416,73996
XRPUSDT,1739822400000,2.6487,2.6668,2.6472,2.6601,5624474.0,1739825999999,14947081.1004,61174
XRPUSDT,1739826000000,2.66,2.6852,2.659,2.6849,4582698.0,1739829599999,12245625.5291,46363
XRPUSDT,1739829600000,2.6849,2.686,2.6502,2.6519,5788325.0,1739833199999,15435898.1895,47376
XRPUSDT,1739833200000,2.6518,2.6621,2.6435,2.6599,5027907.0,1739836799999,13339971.5527,45116
XRPUSDT,1739836800000,2.6599,2.6658,2.6262,2.6363,5550180.0,1739840399999,14664309.2111,62702
XRPUSDT,1739840400000,2.6364,2.6686,2.6299,2.6661,4837749.0,1739843999999,12844321.5655,42940
XRPUSDT,1739844000000,2.6661,2.6699,2.6511,2.655,4294989.0,1739847599999,11421330.7417,33491
XRPUSDT,1739847600000,2.655,2.6664,2.6486,2.6599,4043269.0,1739851199999,10748980.8531,31256
XRPUSDT,1739851200000,2.66,2.6669,2.6387,2.6464,5737209.0,1739854799999,15211847.9421,43193
XRPUSDT,1739854800000,2.6464,2.6505,2.6035,2.6088,9987934.0,1739858399999,26177845.5591,91693
XRPUSDT,1739858400000,2.6088,2.6117,2.5491,2.5534,25887968.0,1739861999999,66635810.6852,247032
XRPUSDT,1739862000000,2.5534,2.5851,2.5414,2.5636,12729548.0,1739865599999,32624711.3028,115671
XRPUSDT,1739865600000,2.5636,2.58,2.5463,2.556,9104701.0,1739869199999,23336688.8905,84075
XRPUSDT,1739869200000,2.556,2.6018,2.5476,2.6008,8661641.0,1739872799999,22330112.5793,97994
XRPUSDT,1739872800000,2.6008,2.6097,2.5861,2.5883,5907378.0,1739876399999,15344154.5241,63173
XRPUSDT,1739876400000,2.5884,2.59,2.5695,2.5735,4988030.0,1739879999999,12860688.4208,56569
XRPUSDT,1739880000000,2.5736,2.6223,2.5705,2.6091,8296963.0,1739883599999,21612417.9546,70818
XRPUSDT,1739883600000,2.609,2.6162,2.5967,2.6101,4240378.0,1739887199999,11050001.739,55432
XRPUSDT,1739887200000,2.6102,2.631,2.5629,2.5778,13259348.0,1739890799999,34443813.8782,120647
XRPUSDT,1739890800000,2.5778,2.5818,2.5264,2.5407,15245194.0,1739894399999,38924583.4001,160528
XRPUSDT,1739894400000,2.5408,2.557,2.4754,2.4909,24664355.0,1739897999999,61816775.8686,247943
XRPUSDT,1739898000000,2.4909,2.5056,2.4693,2.5046,12027230.0,1739901599999,29938379.5637,154514
XRPUSDT,1739901600000,2.5045,2.5363,2.4955,2.5157,11770876.0,1739905199999,29673288.2408,118592
XRPUSDT,1739905200000,2.5158,2.5252,2.4883,2.5117,8837432.0,1739908799999,22134993.413,96353
XRPUSDT,1739908800000,2.5118,2.5223,2.4954,2.5041,6062142.0,1739912399999,15194287.6913,70180
XRPUSDT,1739912400000,2.5041,2.5446,2.5013,2.5332,8499717.0,1739915999999,21489318.3448,94593
XRPUSDT,1739916000000,2.5333,2.5601,2.5278,2.5465,5824598.0,1739919599999,14831225.9769,52912
XRPUSDT,1739919600000,2.5465,2.5683,2.5397,2.5628,6711190.0,1739923199999,17163057.8999,59369
XRPUSDT,1739923200000,2.5629,2.5748,2.5314,2.5374,8249156.0,1739926799999,21091821.7018,63740
XRPUSDT,1739926800000,2.5373,2.5405,2.5192,2.5383,6191684.0,1739930399999,15660611.1597,63061
XRPUSDT,1739930400000,2.5384,2.5779,2.5374,2.5709,8557044.0,1739933999999,21899554.2703,67993
XRPUSDT,1739934000000,2.5709,2.5724,2.5423,2.5541,7028495.0,1739937599999,17966221.7401,51832
XRPUSDT,1739937600000,2.554,2.5559,2.5167,2.5171,7540005.0,1739941199999,19094883.5592,62234
XRPUSDT,1739941200000,2.5171,2.5362,2.5121,2.5309,5173224.0,1739944799999,13062173.166,46604
XRPUSDT,1739944800000,2.5309,2.5501,2.5215,2.5465,6403936.0,1739948399999,16234376.4555,56838
XRPUSDT,1739948400000,2.5465,2.5656,2.5441,2.5571,7108642.0,1739951999999,18165776.7208,54383
XRPUSDT,1739952000000,2.5571,2.571,2.5428,2.5466,4371821.0,1739955599999,11184858.7955,42803
XRPUSDT,1739955600000,2.5466,2.5658,2.5435,2.5594,4018930.0,1739959199999,10260648.9556,41936
XRPUSDT,1739959200000,2.5594,2.5846,2.5593,2.5752,7329009.0,1739962799999,18879570.4752,64144
XRPUSDT,1739962800000,2.5752,2.6322,2.5728,2.6152,14895784.0,1739966399999,38793402.9696,87323
XRPUSDT,1739966400000,2.6152,2.6217,2.5817,2.5845,10260986.0,1739969999999,26741193.8758,82403
XRPUSDT,1739970000000,2.5845,2.6129,2.5845,2.61,4970040.0,1739973599999,12926197.6442,49902
XRPUSDT,1739973600000,2.61,2.6252,2.5811,2.5824,7977791.0,1739977199999,20753366.8138,86363
XRPUSDT,1739977200000,2.5824,2.6243,2.5732,2.6075,8385350.0,1739980799999,21803175.6771,97963
XRPUSDT,1739980800000,2.6077,2.6746,2.607,2.6421,15115217.0,1739984399999,39975309.8049,133131
XRPUSDT,1739984400000,2.6421,2.692,2.6361,2.6757,14446074.0,1739987999999,38534918.3929,108410
XRPUSDT,1739988000000,2.6757,2.6843,2.6479,2.6513,12902395.0,1739991599999,34445237.1674,103709
XRPUSDT,1739991600000,2.6513,2.6793,2.633,2.6607,8592962.0,1739995199999,22834292.0842,89021
XRPUSDT,1739995200000,2.6607,2.685,2.6559,2.666,5826055.0,1739998799999,15579169.4429,74176
XRPUSDT,1739998800000,2.6659,2.6974,2.6589,2.6733,6769318.0,1740002399999,18144257.9593,70469
XRPUSDT,1740002400000,2.6733,2.7186,2.6665,2.7043,7886025.0,1740005999999,21233183.5321,69154
XRPUSDT,1740006000000,2.7044,2.747,2.7044,2.7378,18222748.0,1740009599999,49768556.4544,113206
XRPUSDT,1740009600000,2.7378,2.749,2.7035,2.7147,12037841.0,1740013199999,32777196.5552,106503
XRPUSDT,1740013200000,2.7147,2.7197,2.6855,2.6954,6544093.0,1740016799999,17677510.3142,62210
XRPUSDT,1740016800000,2.6954,2.7063,2.6813,2.6912,7008116.0,1740020399999,18877883.21,54183
XRPUSDT,1740020400000,2.6912,2.7126,2.6912,2.7046,6075431.0,1740023999999,16415085.4056,35046
XRPUSDT,1740024000000,2.7045,2.7173,2.7,2.7136,4873957.0,1740027599999,13201067.1967,44353
XRPUSDT,1740027600000,2.7136,2.7331,2.7081,2.7186,11714769.0,1740031199999,31889155.2023,58388
XRPUSDT,1740031200000,2.7186,2.7247,2.6844,2.6852,8064383.0,1740034799999,21763704.1352,53070
XRPUSDT,1740034800000,2.6852,2.7022,2.6701,2.6861,9765049.0,1740038399999,26240872.5282,51095
XRPUSDT,1740038400000,2.6861,2.7051,2.6822,2.7047,2655857.0,1740041999999,7154442.6635,37446
XRPUSDT,1740042000000,2.7048,2.7125,2.69,2.6926,4401321.0,1740045599999,11881564.8954,39062
XRPUSDT,1740045600000,2.6925,2.7075,2.6834,2.7069,4676799.0,1740049199999,12600259.1498,42016
XRPUSDT,1740049200000,2.7068,2.7087,2.6762,2.6813,5786250.0,1740052799999,15555130.8315,50941
XRPUSDT,1740052800000,2.6813,2.7097,2.6811,2.6868,5532747.0,1740056399999,14914234.4582,45909
XRPUSDT,1740056400000,2.6868,2.7055,2.6807,2.7042,6185676.0,1740059999999,16662642.3673,55468
XRPUSDT,1740060000000,2.7043,2.7473,2.6858,2.6918,17439373.0,1740063599999,47469410.1593,137990
XRPUSDT,1740063600000,2.6919,2.6998,2.6707,2.6728,7613990.0,1740067199999,20460611.8416,89215
XRPUSDT,1740067200000,2.6728,2.7066,2.6671,2.6874,8002607.0,1740070799999,21528236.7705,71851
XRPUSDT,1740070800000,2.6874,2.7056,2.6873,2.7039,2890415.0,1740074399999,7798117.1569,47498
XRPUSDT,1740074400000,2.704,2.7283,2.7038,2.7121,6077350.0,1740077999999,16506498.7736,60489
XRPUSDT,1740078000000,2.712,2.7199,2.7032,2.7076,3419306.0,1740081599999,9271078.6584,37350
XRPUSDT,1740081600000,2.7078,2.714,2.6914,2.6965,4565251.0,1740085199999,12339667.3475,49132
XRPUSDT,1740085200000,2.6966,2.6975,2.6699,2.6756,6757877.0,1740088799999,18116660.4197,54513
XRPUSDT,1740088800000,2.6756,2.693,2.6754,2.6859,5654433.0,1740092399999,15176483.3095,29979
XRPUSDT,1740092400000,2.6859,2.6998,2.6844,2.6877,3470784.0,1740095999999,9343732.804,34958
XRPUSDT,1740096000000,2.6878,2.6931,2.6701,2.679,5319713.0,1740099599999,14267754.1659,46087
XRPUSDT,1740099600000,2.6791,2.683,2.6517,2.6641,6582842.0,1740103199999,17531308.8456,46279
XRPUSDT,1740103200000,2.664,2.6732,2.653,2.6568,4833785.0,1740106799999,12876643.6839,39504
XRPUSDT,1740106800000,2.6567,2.663,2.6396,2.6437,6535775.0,1740110399999,17321909.4426,39456
XRPUSDT,1740110400000,2.6436,2.6588,2.6413,2.6552,4330931.0,1740113999999,11480372.5632,32558
XRPUSDT,1740114000000,2.6552,2.6595,2.6464,2.6485,4568605.0,1740117599999,12121846.5691,34298
XRPUSDT,1740117600000,2.6485,2.6688,2.6436,2.6665,4954152.0,1740121199999,13154905.6889,25577
XRPUSDT,1740121200000,2.6665,2.675,2.6568,2.6596,5040946.0,1740124799999,13437420.7433,34680
XRPUSDT,1740124800000,2.6597,2.6757,2.6547,2.6715,5291118.0,1740128399999,14100792.1678,34766
XRPUSDT,1740128400000,2.6714,2.695,2.6466,2.667,11518820.0,1740131999999,30786348.4212,71963
XRPUSDT,1740132000000,2.667,2.6787,2.6601,2.6757,4403598.0,1740135599999,11758983.8594,37932
XRPUSDT,1740135600000,2.6758,2.6773,2.6507,2.6507,6594735.0,1740139199999,17549183.0714,45315
XRPUSDT,1740139200000,2.6508,2.6661,2.6454,2.6656,4206524.0,1740142799999,11167816.9256,41038
XRPUSDT,1740142800000,2.6656,2.716,2.6655,2.6987,16380878.0,1740146399999,44120469.2663,118923
XRPUSDT,1740146400000,2.6987,2.7012,2.65,2.6685,12434925.0,1740149999999,33241450.8442,108524
XRPUSDT,1740150000000,2.6685,2.6981,2.5644,2.6144,42037219.0,1740153599999,110433684.745,356484
XRPUSDT,1740153600000,2.6144,2.6473,2.5944,2.6297,20343272.0,1740157199999,53328193.3157,176950
XRPUSDT,1740157200000,2.6297,2.6394,2.558,2.5688,18512544.0,1740160799999,47920350.0312,151094
XRPUSDT,1740160800000,2.5687,2.5858,2.5539,2.5756,10039005.0,1740164399999,25816412.4398,100589
XRPUSDT,1740164400000,2.5755,2.5833,2.5076,2.5257,17563422.0,1740167999999,44585850.7502,169957
XRPUSDT,1740168000000,2.5257,2.5489,2.5158,2.5279,13136373.0,1740171599999,33289837.1505,108415
XRPUSDT,1740171600000,2.5279,2.5474,2.527,2.536,10324252.0,1740175199999,26203187.526,81546
XRPUSDT,1740175200000,2.536,2.5718,2.5336,2.5638,14654585.0,1740178799999,37382814.6263,55649
XRPUSDT,1740178800000,2.5638,2.5763,2.5537,2.5721,8146188.0,1740182399999,20915877.0802,53183
XRPUSDT,1740182400000,2.5722,2.5878,2.5505,2.583,6748392.0,1740185999999,17356383.041,50394
XRPUSDT,1740186000000,2.583,2.5987,2.5776,2.5902,4712498.0,1740189599999,12196023.4821,37773
XRPUSDT,1740189600000,2.5902,2.5902,2.5626,2.5733,7816687.0,1740193199999,20121510.404,35386
XRPUSDT,1740193200000,2.5732,2.5756,2.5599,2.5724,5352717.0,1740196799999,13743872.9002,31370
XRPUSDT,1740196800000,2.5724,2.586,2.5672,2.5821,3877167.0,1740200399999,9996740.98,29499
XRPUSDT,1740200400000,2.5822,2.5858,2.5715,2.583,2581981.0,1740203999999,6660651.3624,24107
XRPUSDT,1740204000000,2.583,2.5881,2.578,2.5855,2237075.0,1740207599999,5776869.1917,20819
XRPUSDT,1740207600000,2.5856,2.5954,2.5811,2.5815,2636131.0,1740211199999,6824304.6983,22752
XRPUSDT,1740211200000,2.5815,2.5854,2.5641,2.5721,6835826.0,1740214799999,17584704.677,30121
XRPUSDT,1740214800000,2.5722,2.5846,2.5722,2.583,3305102.0,1740218399999,8526437.89,24400
XRPUSDT,1740218400000,2.583,2.5967,2.578,2.5858,6161090.0,1740221999999,15960442.6005,36793
XRPUSDT,1740222000000,2.5858,2.5935,2.5833,2.5886,2050339.0,1740225599999,5307958.4805,18572
XRPUSDT,1740225600000,2.5887,2.5946,2.5823,2.5907,2647744.0,1740229199999,6852291.0781,21601
XRPUSDT,1740229200000,2.5908,2.5997,2.5784,2.5798,4100103.0,1740232799999,10609081.162,28692
XRPUSDT,1740232800000,2.5798,2.5888,2.5794,2.5831,2162029.0,1740236399999,5587470.0587,22146
XRPUSDT,1740236400000,2.5832,2.5957,2.58,2.5902,2967506.0,1740239999999,7678159.7475,26896
XRPUSDT,1740240000000,2.5903,2.5989,2.5861,2.5872,3192005.0,1740243599999,8282319.0572,32740
XRPUSDT,1740243600000,2.5873,2.606,2.5843,2.606,3329559.0,1740247199999,8642409.7423,29352
XRPUSDT,1740247200000,2.6059,2.6099,2.5876,2.5906,2893563.0,1740250799999,7517810.0344,27229
XRPUSDT,1740250800000,2.5906,2.5937,2.5814,2.5874,2299790.0,1740254399999,5949301.5117,19548
XRPUSDT,1740254400000,2.5874,2.5893,2.5678,2.578,8783354.0,1740257999999,22639659.2795,28189
XRPUSDT,1740258000000,2.578,2.5829,2.5732,2.5804,1688947.0,1740261599999,4354691.6853,17637
XRPUSDT,1740261600000,2.5804,2.5873,2.5787,2.5818,2000298.0,1740265199999,5166102.9769,13462
XRPUSDT,1740265200000,2.5819,2.5839,2.5736,2.574,2136749.0,1740268799999,5509606.9594,20975
XRPUSDT,1740268800000,2.574,2.575,2.5408,2.5661,8717021.0,1740272399999,22313070.1563,51114
XRPUSDT,1740272400000,2.5661,2.5708,2.5459,2.5569,3975136.0,1740275999999,10158559.3649,28938
XRPUSDT,1740276000000,2.5569,2.56,2.543,2.5439,2375733.0,1740279599999,6061499.6317,23984
XRPUSDT,1740279600000,2.544,2.557,2.5413,2.5527,2997253.0,1740283199999,7645645.4888,24387
XRPUSDT,1740283200000,2.5527,2.5602,2.544,2.5592,2064235.0,1740286799999,5269112.7813,22643
XRPUSDT,1740286800000,2.5591,2.5714,2.5565,2.5646,3300772.0,1740290399999,8461727.4693,25630
XRPUSDT,1740290400000,2.5646,2.5694,2.5608,2.5655,2206090.0,1740293999999,5658140.5652,24395
XRPUSDT,1740294000000,2.5656,2.6016,2.5645,2.59,6028703.0,1740297599999,15595485.5768,42537
XRPUSDT,1740297600000,2.59,2.5915,2.5794,2.5871,2815640.0,1740301199999,7280670.0447,31241
XRPUSDT,1740301200000,2.5871,2.589,2.5659,2.5796,5544635.0,1740304799999,14278769.9408,31426
XRPUSDT,1740304800000,2.5796,2.5822,2.5676,2.5732,2535345.0,1740308399999,6521713.8086,18492
XRPUSDT,1740308400000,2.5732,2.5784,2.5663,2.5693,1663206.0,1740311999999,4277914.8071,17987
XRPUSDT,1740312000000,2.5693,2.5743,2.5462,2.5524,6595556.0,1740315599999,16857888.8247,42293
XRPUSDT,1740315600000,2.5525,2.5662,2.551,2.5649,3322806.0,1740319199999,8506931.9309,29581
XRPUSDT,1740319200000,2.5649,2.5686,2.5483,2.5526,3556284.0,1740322799999,9096916.3321,28722
XRPUSDT,1740322800000,2.5526,2.559,2.5201,2.522,6000442.0,1740326399999,15225110.8872,46146
XRPUSDT,1740326400000,2.522,2.5562,2.5205,2.5392,5609571.0,1740329999999,14233697.5225,45013
XRPUSDT,1740330000000,2.5392,2.564,2.5389,2.5592,4021584.0,1740333599999,10269701.7339,27567
XRPUSDT,1740333600000,2.5592,2.5659,2.5492,2.552,2693247.0,1740337199999,6889433.2669,20592
XRPUSDT,1740337200000,2.5521,2.5592,2.5493,2.5523,1560502.0,1740340799999,3986377.7057,15021
XRPUSDT,1740340800000,2.5524,2.558,2.5415,2.5552,2879893.0,1740344399999,7342119.8578,20199
XRPUSDT,1740344400000,2.5552,2.5738,2.5537,2.5737,3000908.0,1740347999999,7697324.5104,23372
XRPUSDT,1740348000000,2.5738,2.574,2.5578,2.5645,3478901.0,1740351599999,8928349.4492,19603
XRPUSDT,1740351600000,2.5645,2.5836,2.5617,2.5763,4454546.0,1740355199999,11466352.4459,42373
XRPUSDT,1740355200000,2.5763,2.609,2.5738,2.5756,6957846.0,1740358799999,18027211.2688,52532
XRPUSDT,1740358800000,2.5756,2.58,2.5474,2.557,5297993.0,1740362399999,13575978.3743,46190
XRPUSDT,1740362400000,2.5569,2.5661,2.538,2.5391,6368209.0,1740365999999,16251035.7467,47895
XRPUSDT,1740366000000,2.5391,2.5395,2.47,2.4902,23804690.0,1740369599999,59511738.7013,150900
XRPUSDT,1740369600000,2.4901,2.493,2.4424,2.4747,17831299.0,1740373199999,44010853.7488,126387
XRPUSDT,1740373200000,2.4746,2.505,2.4661,2.4943,12337232.0,1740376799999,30710526.5935,67645
XRPUSDT,1740376800000,2.4944,2.4965,2.4764,2.4916,7714607.0,1740380399999,19184585.5653,42983
XRPUSDT,1740380400000,2.4916,2.5007,2.4846,2.4939,6125454.0,1740383999999,15257213.5654,36869
XRPUSDT,1740384000000,2.4939,2.4945,2.4453,2.4534,14521787.0,1740387599999,35762571.7977,90190
XRPUSDT,1740387600000,2.4534,2.4884,2.4509,2.4751,7216418.0,1740391199999,17849429.2114,54997
XRPUSDT,1740391200000,2.4751,2.4784,2.433,2.4672,12413950.0,1740394799999,30453081.1349,79496
XRPUSDT,1740394800000,2.4672,2.4938,2.4543,2.4881,6924390.0,1740398399999,17131475.3738,55575
XRPUSDT,1740398400000,2.4882,2.4912,2.4754,2.4796,3998108.0,1740401999999,9926831.1847,48288
XRPUSDT,1740402000000,2.4796,2.4984,2.4636,2.4784,6629943.0,1740405599999,16456790.9073,64796
XRPUSDT,1740405600000,2.4784,2.4842,2.426,2.4303,14351476.0,1740409199999,35190448.0576,111335
XRPUSDT,1740409200000,2.4303,2.4544,2.402,2.4309,29618699.0,1740412799999,71815619.1837,202545
XRPUSDT,1740412800000,2.431,2.4568,2.4224,2.4406,8550485.0,1740416399999,20893685.106,83501
XRPUSDT,1740416400000,2.4407,2.4764,2.4391,2.4644,10212962.0,1740419999999,25102554.2641,74277
XRPUSDT,1740420000000,2.4643,2.4747,2.4426,2.4449,5081980.0,1740423599999,12508092.7755,45068
XRPUSDT,1740423600000,2.4448,2.4514,2.3811,2.4014,18974666.0,1740427199999,45684390.16,135440
XRPUSDT,1740427200000,2.4015,2.4494,2.3906,2.4246,10566614.0,1740430799999,25633228.2157,91306
XRPUSDT,1740430800000,2.4245,2.4278,2.357,2.3645,15531741.0,1740434399999,37161150.0477,106917
XRPUSDT,1740434400000,2.3646,2.366,2.2336,2.2656,76093396.0,1740437999999,176276654.4744,496095
XRPUSDT,1740438000000,2.2656,2.322,2.2576,2.2783,23910836.0,1740441599999,54665499.3429,206733
XRPUSDT,1740441600000,2.2784,2.3367,2.211,2.3071,41782199.0,1740445199999,95983497.5298,460269
XRPUSDT,1740445200000,2.3071,2.3229,2.2638,2.291,20942065.0,1740448799999,48171472.6847,207437
XRPUSDT,1740448800000,2.291,2.3295,2.2691,2.3175,16386276.0,1740452399999,37685026.3769,163658
XRPUSDT,1740452400000,2.3174,2.3252,2.28,2.2835,11647282.0,1740455999999,26758835.2315,112470
XRPUSDT,1740456000000,2.2836,2.2987,2.247,2.2539,19444880.0,1740459599999,44128409.2054,197996
XRPUSDT,1740459600000,2.2539,2.3071,2.2338,2.305,24786410.0,1740463199999,56571278.916,180756
XRPUSDT,1740463200000,2.305,2.31,2.248,2.25,22566733.0,1740466799999,51144617.9521,157440
XRPUSDT,1740466800000,2.2501,2.2571,2.0906,2.1511,112931387.0,1740470399999,244238201.0209,844464
XRPUSDT,1740470400000,2.1511,2.2137,2.1371,2.1859,30839923.0,1740473999999,67515236.2369,304887
XRPUSDT,1740474000000,2.186,2.1954,2.1269,2.1396,28835023.0,1740477599999,62055137.1243,227945
XRPUSDT,1740477600000,2.1396,2.1646,2.0684,2.1297,55953363.0,1740481199999,118266969.21,496700
XRPUSDT,1740481200000,2.1298,2.2138,2.0637,2.1893,64458810.0,1740484799999,137293267.6164,369424
XRPUSDT,1740484800000,2.1893,2.2732,2.1717,2.2732,51023524.0,1740488399999,113248759.5227,308221
XRPUSDT,1740488400000,2.2733,2.2794,2.2171,2.2233,30303590.0,1740491999999,68100196.2994,229996
XRPUSDT,1740492000000,2.2234,2.2567,2.1638,2.1744,46733283.0,1740495599999,102801347.3269,273699
XRPUSDT,1740495600000,2.1743,2.2328,2.1562,2.2064,36139021.0,1740499199999,79056886.2784,355431
XRPUSDT,1740499200000,2.2065,2.2487,2.1722,2.2212,19641810.0,1740502799999,43342945.1884,187033
XRPUSDT,1740502800000,2.2212,2.2441,2.2029,2.2206,11304716.0,1740506399999,25116511.5837,123517
XRPUSDT,1740506400000,2.2207,2.25,2.1871,2.2108,20580215.0,1740509999999,45531288.2824,119624
XRPUSDT,1740510000000,2.2108,2.265,2.1838,2.2629,16462977.0,1740513599999,36636726.6242,127312
XRPUSDT,1740513600000,2.2629,2.31,2.245,2.301,28770122.0,1740517199999,65750537.7633,190159
XRPUSDT,1740517200000,2.3009,2.3349,2.2786,2.3307,14407134.0,1740520799999,33203844.4845,93634
XRPUSDT,1740520800000,2.3307,2.3663,2.315,2.3329,22782996.0,1740524399999,53279446.9484,112176
XRPUSDT,1740524400000,2.3328,2.3583,2.318,2.3222,13697838.0,1740527999999,32030602.2134,97716
XRPUSDT,1740528000000,2.3222,2.3306,2.2634,2.2764,18052658.0,1740531599999,41480522.2553,110805
XRPUSDT,1740531600000,2.2763,2.3122,2.2759,2.3005,10372172.0,1740535199999,23813003.2263,79282
XRPUSDT,1740535200000,2.3006,2.3302,2.2844,2.3195,10565010.0,1740538799999,24304553.4639,66810
XRPUSDT,1740538800000,2.3194,2.3314,2.3089,2.3115,8247375.0,1740542399999,19136851.5434,73028
XRPUSDT,1740542400000,2.3116,2.3288,2.298,2.2997,5644616.0,1740545999999,13061082.5338,53895
XRPUSDT,1740546000000,2.2998,2.306,2.2774,2.2791,8059673.0,1740549599999,18479899.687,63122
XRPUSDT,1740549600000,2.279,2.3045,2.2772,2.3019,7527392.0,1740553199999,17253652.2939,58381
XRPUSDT,1740553200000,2.3019,2.3076,2.2679,2.2872,7852375.0,1740556799999,17956882.5006,54845
XRPUSDT,1740556800000,2.2872,2.2958,2.2644,2.2915,9263015.0,1740560399999,21131710.8739,81970
XRPUSDT,1740560400000,2.2915,2.3226,2.2876,2.3207,10668377.0,1740563999999,24637369.1941,73401
XRPUSDT,1740564000000,2.3206,2.3212,2.2965,2.3138,12195607.0,1740567599999,28131412.733,53205
XRPUSDT,1740567600000,2.3139,2.3181,2.2767,2.2802,9388186.0,1740571199999,21533620.2158,55952
XRPUSDT,1740571200000,2.2803,2.2845,2.2346,2.2456,15627425.0,1740574799999,35336279.5331,106225
XRPUSDT,1740574800000,2.2455,2.2517,2.2239,2.2277,18354474.0,1740578399999,41106184.5605,115236
XRPUSDT,1740578400000,2.2277,2.2648,2.1948,2.2594,36166933.0,1740581999999,80380904.9363,235156
XRPUSDT,1740582000000,2.2594,2.304,2.2585,2.2749,22666660.0,1740585599999,51725698.3183,166549
XRPUSDT,1740585600000,2.275,2.2828,2.2291,2.2576,17087341.0,1740589199999,38573838.63,149095
XRPUSDT,1740589200000,2.2576,2.2695,2.2022,2.2136,15595826.0,1740592799999,34806117.5797,126957
XRPUSDT,1740592800000,2.2135,2.2272,2.1507,2.1669,38475234.0,1740596399999,84207004.055,320894
XRPUSDT,1740596400000,2.1669,2.1998,2.1592,2.18,21970540.0,1740599999999,47848394.8111,193444
XRPUSDT,1740600000000,2.1801,2.2273,2.1542,2.217,23541955.0,1740603599999,51590771.4617,250968
XRPUSDT,1740603600000,2.2169,2.2296,2.1797,2.2134,15320972.0,1740607199999,33759990.0611,181506
XRPUSDT,1740607200000,2.2135,2.2472,2.2029,2.2147,13293192.0,1740610799999,29619007.5227,102155
XRPUSDT,1740610800000,2.2145,2.2276,2.1867,2.1982,8188557.0,1740614399999,18020074.1813,66438
XRPUSDT,1740614400000,2.1983,2.2114,2.1648,2.183,14445524.0,1740617999999,31599809.9207,116393
XRPUSDT,1740618000000,2.183,2.2158,2.16,2.197,12580812.0,1740621599999,27567378.365,120788
XRPUSDT,1740621600000,2.1971,2.2187,2.1722,2.1813,9742618.0,1740625199999,21380797.2003,108820
XRPUSDT,1740625200000,2.1812,2.2091,2.1737,2.2025,8636203.0,1740628799999,18930644.5865,81571
XRPUSDT,1740628800000,2.2026,2.2136,2.1717,2.1845,6200667.0,1740632399999,13563572.9726,59206
XRPUSDT,1740632400000,2.1845,2.2194,2.1829,2.2165,8271666.0,1740635999999,18224043.5223,58210
XRPUSDT,1740636000000,2.2164,2.2395,2.202,2.2248,9906343.0,1740639599999,21991313.296,67692
XRPUSDT,1740639600000,2.2248,2.2394,2.2197,2.2229,8835821.0,1740643199999,19684524.0821,50917
XRPUSDT,1740643200000,2.2229,2.2257,2.2018,2.2089,9860065.0,1740646799999,21814037.8142,66790
XRPUSDT,1740646800000,2.209,2.237,2.2085,2.2263,7525486.0,1740650399999,16737869.4075,54549
XRPUSDT,1740650400000,2.2263,2.2568,2.2212,2.2565,8718560.0,1740653999999,19554411.2961,54635
XRPUSDT,1740654000000,2.2564,2.2577,2.2323,2.2394,7400693.0,1740657599999,16606855.0032,55971
XRPUSDT,1740657600000,2.2395,2.2459,2.2211,2.2305,7272334.0,1740661199999,16255309.4446,54443
XRPUSDT,1740661200000,2.2304,2.2467,2.2106,2.221,13584325.0,1740664799999,30247536.8978,118576
XRPUSDT,1740664800000,2.2209,2.2314,2.1819,2.1832,15720846.0,1740668399999,34657031.9965,148706
XRPUSDT,1740668400000,2.1832,2.2118,2.1668,2.1995,13150967.0,1740671999999,28806239.8222,131534
XRPUSDT,1740672000000,2.1994,2.2148,2.1735,2.1768,8474517.0,1740675599999,18611346.2404,73163
XRPUSDT,1740675600000,2.1768,2.2043,2.1737,2.2034,5265675.0,1740679199999,11532177.1006,55732
XRPUSDT,1740679200000,2.2034,2.2375,2.2034,2.2237,8241287.0,1740682799999,18303950.1689,61514
XRPUSDT,1740682800000,2.2237,2.2237,2.1795,2.1904,7059921.0,1740686399999,15546773.8698,77891
XRPUSDT,1740686400000,2.1904,2.1924,2.1453,2.1696,21139339.0,1740689999999,45690698.294,151789
XRPUSDT,1740690000000,2.1697,2.1943,2.1472,2.1933,8411361.0,1740693599999,18287132.7927,86733
XRPUSDT,1740693600000,2.1932,2.2063,2.1659,2.2013,5142113.0,1740697199999,11237193.2207,39791
XRPUSDT,1740697200000,2.2012,2.2085,2.1888,2.1985,4154783.0,1740700799999,9131168.5269,36967
XRPUSDT,1740700800000,2.1985,2.2017,2.1736,2.1736,7395402.0,1740704399999,16165783.2342,55273
XRPUSDT,1740704400000,2.1735,2.1827,2.0653,2.0822,50321619.0,1740707999999,105914251.5494,371450
XRPUSDT,1740708000000,2.0822,2.1073,2.0239,2.056,54536132.0,1740711599999,112204981.2721,450444
XRPUSDT,1740711600000,2.0559,2.0793,2.018,2.0209,25279110.0,1740715199999,51717883.5713,162293
XRPUSDT,1740715200000,2.0209,2.0504,1.9953,2.039,33336046.0,1740718799999,67297191.1631,266949
XRPUSDT,1740718800000,2.0389,2.0475,2.0014,2.0268,18620764.0,1740722399999,37672940.5903,180603
XRPUSDT,1740722400000,2.0268,2.0352,1.9828,2.0058,24740695.0,1740725999999,49578000.3309,242413
XRPUSDT,1740726000000,2.0057,2.0362,1.9948,2.0003,15315321.0,1740729599999,30840745.3675,134524
XRPUSDT,1740729600000,2.0003,2.0212,1.951,2.0169,30209498.0,1740733199999,60019134.4251,244494
XRPUSDT,1740733200000,2.0169,2.0573,2.0117,2.0547,18629111.0,1740736799999,37937808.1046,148721
XRPUSDT,1740736800000,2.0547,2.0603,2.0185,2.0274,11969120.0,1740740399999,24389984.8217,84650
XRPUSDT,1740740400000,2.0274,2.0538,2.0068,2.0316,12896453.0,1740743999999,26269658.3764,93152
XRPUSDT,1740744000000,2.0315,2.0412,2.013,2.034,10823534.0,1740747599999,21939339.1538,93250
XRPUSDT,1740747600000,2.0341,2.0849,2.0296,2.073,27001223.0,1740751199999,55746542.881,215004
XRPUSDT,1740751200000,2.073,2.13,2.0716,2.1046,31177824.0,1740754799999,65630893.951,260070
XRPUSDT,1740754800000,2.1045,2.157,2.0988,2.1469,22464780.0,1740758399999,48059158.0339,145099
XRPUSDT,1740758400000,2.1469,2.1646,2.1197,2.1413,12829822.0,1740761999999,27439307.3596,101608
XRPUSDT,1740762000000,2.1413,2.1519,2.1263,2.1277,10049030.0,1740765599999,21491342.8716,78570
XRPUSDT,1740765600000,2.1277,2.1624,2.1152,2.14,15236279.0,1740769199999,32573519.6048,97876
XRPUSDT,1740769200000,2.1399,2.1584,2.131,2.1479,7611370.0,1740772799999,16336150.4478,70642
XRPUSDT,1740772800000,2.1479,2.155,2.1217,2.1401,7487573.0,1740776399999,15997294.2116,65724
XRPUSDT,1740776400000,2.1402,2.159,2.1367,2.1502,5314174.0,1740779999999,11411626.8519,42407
XRPUSDT,1740780000000,2.1502,2.1541,2.1297,2.1369,4988233.0,1740783599999,10680786.5616,30410
XRPUSDT,1740783600000,2.1369,2.1485,2.1279,2.1453,4933226.0,1740787199999,10555264.8449,25943
XRPUSDT,1740787200000,2.1454,2.156,2.1216,2.1232,5230715.0,1740790799999,11182471.122,40995
XRPUSDT,1740790800000,2.1232,2.1732,2.1228,2.1685,8472444.0,1740794399999,18196119.8604,57993
XRPUSDT,1740794400000,2.1686,2.2176,2.1538,2.1896,16344556.0,1740797999999,35834557.0628,117835
XRPUSDT,1740798000000,2.1897,2.1987,2.1804,2.1847,5833639.0,1740801599999,12773871.9201,52202
XRPUSDT,1740801600000,2.1846,2.2199,2.183,2.2122,10678211.0,1740805199999,23533758.8057,58550
XRPUSDT,1740805200000,2.2122,2.2131,2.1859,2.1865,5672910.0,1740808799999,12489965.7318,46980
XRPUSDT,1740808800000,2.1866,2.1928,2.1716,2.1839,5026736.0,1740812399999,10961982.0244,31665
XRPUSDT,1740812400000,2.1838,2.1839,2.1631,2.1671,5084185.0,1740815999999,11045379.9522,30157
XRPUSDT,1740816000000,2.1671,2.1858,2.1671,2.1853,3672082.0,1740819599999,7997935.1397,25068
XRPUSDT,1740819600000,2.1853,2.1938,2.1751,2.1838,5629588.0,1740823199999,12300164.085,32226
XRPUSDT,1740823200000,2.1838,2.1853,2.1516,2.1607,6541786.0,1740826799999,14155489.7075,45302
XRPUSDT,1740826800000,2.1607,2.1641,2.1415,2.1606,7252429.0,1740830399999,15605030.1214,46039
XRPUSDT,1740830400000,2.1607,2.1694,2.1514,2.1655,3696866.0,1740833999999,7988156.2955,38088
XRPUSDT,1740834000000,2.1655,2.1719,2.1214,2.1399,8976232.0,1740837599999,19203718.8898,53147
XRPUSDT,1740837600000,2.1399,2.1502,2.1356,2.1471,4348900.0,1740841199999,9322358.5298,39743
XRPUSDT,1740841200000,2.1471,2.1589,2.1365,2.1511,4470262.0,1740844799999,9602557.4614,39017
XRPUSDT,1740844800000,2.1512,2.1632,2.144,2.1583,3735288.0,1740848399999,8043012.0864,44453
XRPUSDT,1740848400000,2.1582,2.1592,2.1358,2.1422,3590189.0,1740851999999,7703288.0295,32694
XRPUSDT,1740852000000,2.1422,2.1627,2.136,2.1592,3915132.0,1740855599999,8427595.1608,34358
XRPUSDT,1740855600000,2.1592,2.1774,2.1569,2.169,3982589.0,1740859199999,8633057.6464,37264
XRPUSDT,1740859200000,2.169,2.1732,2.1601,2.1709,4531488.0,1740862799999,9822209.749,31244
XRPUSDT,1740862800000,2.1709,2.203,2.1626,2.1978,6385046.0,1740866399999,13951003.0876,42449
XRPUSDT,1740866400000,2.1978,2.2094,2.1837,2.1916,7535947.0,1740869999999,16555655.2158,37117
XRPUSDT,1740870000000,2.1915,2.194,2.176,2.1916,4980971.0,1740873599999,10883914.5082,33084
XRPUSDT,1740873600000,2.1917,2.1996,2.1735,2.1912,4729980.0,1740877199999,10347129.8682,47253
XRPUSDT,1740877200000,2.1913,2.2153,2.1901,2.2151,6682862.0,1740880799999,14731678.3207,45433
XRPUSDT,1740880800000,2.2152,2.2658,2.212,2.2584,15530056.0,1740884399999,34855632.4748,115906
XRPUSDT,1740884400000,2.2584,2.2677,2.2392,2.2539,5169383.0,1740887999999,11643849.5421,65351
XRPUSDT,1740888000000,2.2539,2.257,2.2394,2.2488,4344379.0,1740891599999,9771357.9812,42178
XRPUSDT,1740891600000,2.2487,2.284,2.2414,2.2656,8650524.0,1740895199999,19604154.8321,62461
XRPUSDT,1740895200000,2.2656,2.2851,2.2533,2.2842,5450303.0,1740898799999,12369111.1385,48659
XRPUSDT,1740898800000,2.2842,2.2986,2.2728,2.2737,6879291.0,1740902399999,15698494.6781,60784
XRPUSDT,1740902400000,2.2738,2.285,2.2552,2.2552,8247396.0,1740905999999,18694285.6067,52623
XRPUSDT,1740906000000,2.2553,2.2683,2.2528,2.2637,4098684.0,1740909599999,9263066.438,35575
XRPUSDT,1740909600000,2.2637,2.2691,2.2552,2.2658,3028264.0,1740913199999,6852201.402,34571
XRPUSDT,1740913200000,2.2658,2.282,2.2606,2.2748,7058065.0,1740916799999,16049089.7753,47916
XRPUSDT,1740916800000,2.2748,2.2781,2.2577,2.274,6927057.0,1740920399999,15690166.9719,35683
XRPUSDT,1740920400000,2.274,2.274,2.2456,2.2558,6290260.0,1740923999999,14186662.7351,43657
XRPUSDT,1740924000000,2.2559,2.2588,2.2202,2.2263,9012887.0,1740927599999,20144539.1578,74100
XRPUSDT,1740927600000,2.2262,2.725,2.2231,2.5984,197134385.0,1740931199999,495938814.1682,1152956
XRPUSDT,1740931200000,2.5985,2.999,2.5949,2.8483,222393297.0,1740934799999,621180279.6227,1503706
XRPUSDT,1740934800000,2.8484,2.9742,2.7815,2.8736,96054686.0,1740938399999,275981818.4521,976071
XRPUSDT,1740938400000,2.8735,2.8906,2.7454,2.7927,68335940.0,1740941999999,191642745.4179,562580
XRPUSDT,1740942000000,2.7928,2.8909,2.7848,2.8715,26244703.0,1740945599999,74365999.0883,235458
XRPUSDT,1740945600000,2.8715,2.8802,2.8348,2.8647,22258528.0,1740949199999,63637271.6967,219218
XRPUSDT,1740949200000,2.8648,2.9453,2.8538,2.9058,27888557.0,1740952799999,80890302.7406,293929
XRPUSDT,1740952800000,2.9057,2.9279,2.8633,2.91,17245035.0,1740956399999,49881949.5351,157470
XRPUSDT,1740956400000,2.91,2.9626,2.8958,2.9396,27301097.0,1740959999999,79969745.6429,287880
XRPUSDT,1740960000000,2.9395,2.9676,2.8539,2.8611,38521926.0,1740963599999,111109309.5624,425133
XRPUSDT,1740963600000,2.8612,2.8944,2.7976,2.8103,28385003.0,1740967199999,80437622.9722,259462
XRPUSDT,1740967200000,2.8103,2.8216,2.7625,2.8108,25202612.0,1740970799999,70441067.9982,242310
XRPUSDT,1740970800000,2.8107,2.8224,2.7792,2.7936,16646435.0,1740974399999,46526486.7078,161618
XRPUSDT,1740974400000,2.7935,2.8112,2.7871,2.8098,13412320.0,1740977999999,37514390.8812,100706
XRPUSDT,1740978000000,2.8098,2.8236,2.7993,2.8131,10148678.0,1740981599999,28547127.7504,81622
XRPUSDT,1740981600000,2.8131,2.8148,2.652,2.6767,41696064.0,1740985199999,113291284.0735,299084
XRPUSDT,1740985200000,2.6767,2.6957,2.6313,2.6896,32049487.0,1740988799999,85516704.7331,291215
XRPUSDT,1740988800000,2.6896,2.696,2.5738,2.5932,34274230.0,1740992399999,90064002.9037,282340
XRPUSDT,1740992400000,2.5932,2.6043,2.5259,2.5741,35111252.0,1740995999999,90247439.3397,306752
XRPUSDT,1740996000000,2.574,2.6701,2.57,2.6642,36133126.0,1740999599999,95042147.2651,208405
XRPUSDT,1740999600000,2.6642,2.6699,2.6258,2.6337,18781851.0,1741003199999,49704524.2378,136968
XRPUSDT,1741003200000,2.6337,2.6875,2.6291,2.6658,23804701.0,1741006799999,63366226.2883,227893
XRPUSDT,1741006800000,2.6658,2.7159,2.6555,2.6934,23019963.0,1741010399999,61791932.2137,184693
XRPUSDT,1741010400000,2.6933,2.7067,2.555,2.5633,53990273.0,1741013999999,142388048.3863,448126
XRPUSDT,1741014000000,2.5634,2.6439,2.5589,2.5981,37229323.0,1741017599999,97004837.3782,285906
XRPUSDT,1741017600000,2.5982,2.6259,2.5775,2.6086,15005080.0,1741021199999,39044001.1227,133618
XRPUSDT,1741021200000,2.6085,2.637,2.5842,2.598,13100203.0,1741024799999,34138315.3037,104465
XRPUSDT,1741024800000,2.598,2.6016,2.4437,2.4737,73314169.0,1741028399999,183600027.7744,625316
XRPUSDT,1741028400000,2.4737,2.4987,2.3415,2.349,87271275.0,1741031999999,210865122.2105,698779
XRPUSDT,1741032000000,2.349,2.4189,2.3461,2.4107,45521936.0,1741035599999,108767263.5234,349944
XRPUSDT,1741035600000,2.4108,2.4232,2.2976,2.3206,30871180.0,1741039199999,73296391.242,132841
XRPUSDT,1741039200000,2.3206,2.42,2.3188,2.4067,24282577.0,1741042799999,57745848.1133,95681
XRPUSDT,1741042800000,2.4067,2.4217,2.3809,2.3873,13016472.0,1741046399999,31287200.1735,66498
XRPUSDT,1741046400000,2.3873,2.4225,2.3585,2.3615,16321646.0,1741049999999,39042010.9192,122967
XRPUSDT,1741050000000,2.3615,2.3709,2.2451,2.2827,48518915.0,1741053599999,111368747.1894,302141
XRPUSDT,1741053600000,2.2828,2.3113,2.2123,2.2904,33648846.0,1741057199999,75887311.4577,211488
XRPUSDT,1741057200000,2.2904,2.3277,2.2741,2.2983,16539701.0,1741060799999,37986784.576,93324
XRPUSDT,1741060800000,2.2984,2.3176,2.2879,2.2925,9754693.0,1741064399999,22451513.6399,57110
XRPUSDT,1741064400000,2.2926,2.377,2.288,2.3591,26406213.0,1741067999999,61961509.6356,142213
XRPUSDT,1741068000000,2.3592,2.37,2.313,2.3231,15026448.0,1741071599999,35195735.6273,85857
XRPUSDT,1741071600000,2.3232,2.3388,2.3063,2.3207,10216110.0,1741075199999,23720673.8794,65835
XRPUSDT,1741075200000,2.3207,2.3737,2.3018,2.3611,15796313.0,1741078799999,36976451.062,103819
XRPUSDT,1741078800000,2.3611,2.3841,2.3373,2.3556,11491869.0,1741082399999,27084016.4556,72839
XRPUSDT,1741082400000,2.3556,2.4081,2.3422,2.3926,15339968.0,1741085999999,36412956.0985,95803
XRPUSDT,1741086000000,2.3927,2.4137,2.3572,2.3597,19041582.0,1741089599999,45474053.9517,140622
XRPUSDT,1741089600000,2.3596,2.3659,2.3341,2.3504,14794614.0,1741093199999,34788522.8461,119679
XRPUSDT,1741093200000,2.3503,2.3503,2.2921,2.2995,23895792.0,1741096799999,55338772.8443,169271
XRPUSDT,1741096800000,2.2996,2.5262,2.2887,2.3663,81224882.0,1741100399999,196831744.1572,515546
XRPUSDT,1741100400000,2.3663,2.4143,2.3087,2.4035,40902431.0,1741103999999,96275314.6175,315646
XRPUSDT,1741104000000,2.4035,2.4104,2.312,2.3922,32610725.0,1741107599999,76941367.2488,226448
XRPUSDT,1741107600000,2.3921,2.495,2.3755,2.447,39913728.0,1741111199999,97326387.8106,231829
XRPUSDT,1741111200000,2.447,2.4954,2.4283,2.4939,19144591.0,1741114799999,47088147.5027,117845
XRPUSDT,1741114800000,2.4938,2.52,2.4723,2.4943,26697340.0,1741118399999,66728488.4657,191605
XRPUSDT,1741118400000,2.4943,2.5062,2.4345,2.4383,18269710.0,1741121999999,45199729.4747,111540
XRPUSDT,1741122000000,2.4383,2.5388,2.4273,2.4737,20500697.0,1741125599999,50879377.0254,158288
XRPUSDT,1741125600000,2.4737,2.4894,2.4479,2.4497,8323255.0,1741129199999,20596268.6751,73914
XRPUSDT,1741129200000,2.4496,2.4706,2.4489,2.4543,5535024.0,1741132799999,13613178.1554,50127
XRPUSDT,1741132800000,2.4542,2.4743,2.4348,2.4451,8951955.0,1741136399999,21959255.5706,85788
XRPUSDT,1741136400000,2.445,2.496,2.4335,2.4959,7802827.0,1741139999999,19234504.562,70610
XRPUSDT,1741140000000,2.496,2.5409,2.479,2.5076,15151105.0,1741143599999,38006631.3961,162597
XRPUSDT,1741143600000,2.5076,2.5238,2.4374,2.4391,11488827.0,1741147199999,28613589.1418,101208
XRPUSDT,1741147200000,2.4391,2.4596,2.4287,2.4522,18325981.0,1741150799999,44828901.6305,123320
XRPUSDT,1741150800000,2.4521,2.4571,2.4304,2.432,5856128.0,1741154399999,14305002.421,40016
XRPUSDT,1741154400000,2.432,2.4481,2.408,2.4428,11518096.0,1741157999999,28003398.119,78750
XRPUSDT,1741158000000,2.4429,2.455,2.4316,2.4473,5950868.0,1741161599999,14540642.316,61280
XRPUSDT,1741161600000,2.4472,2.4959,2.445,2.4837,10734429.0,1741165199999,26515474.0917,85611
XRPUSDT,1741165200000,2.4838,2.5148,2.4771,2.4908,11621920.0,1741168799999,29017365.2388,90831
XRPUSDT,1741168800000,2.4907,2.5399,2.4867,2.5125,16860581.0,1741172399999,42452561.9792,130324
XRPUSDT,1741172400000,2.5125,2.515,2.4674,2.4791,10283845.0,1741175999999,25687212.9804,87012
XRPUSDT,1741176000000,2.4792,2.5079,2.4668,2.4864,11949427.0,1741179599999,29722269.7677,81015
XRPUSDT,1741179600000,2.4864,2.4981,2.4462,2.4683,20258802.0,1741183199999,50046414.6483,104388
XRPUSDT,1741183200000,2.4682,2.4965,2.4482,2.4532,14106908.0,1741186799999,34838744.6789,144867
XRPUSDT,1741186800000,2.4532,2.49,2.4188,2.4481,20093223.0,1741190399999,49224490.6885,198954
XRPUSDT,1741190400000,2.4481,2.4807,2.4259,2.4669,10190985.0,1741193999999,24971525.3082,94672
XRPUSDT,1741194000000,2.4669,2.5064,2.4623,2.489,10385791.0,1741197599999,25771592.2439,90383
XRPUSDT,1741197600000,2.489,2.506,2.4681,2.5022,6068258.0,1741201199999,15100386.8971,58349
XRPUSDT,1741201200000,2.5022,2.5173,2.4935,2.4966,8049737.0,1741204799999,20156106.2892,56579
XRPUSDT,1741204800000,2.4966,2.5132,2.4887,2.5036,5145595.0,1741208399999,12871567.955,37819
XRPUSDT,1741208400000,2.5036,2.5126,2.4883,2.4998,4316764.0,1741211999999,10788426.0535,31749
XRPUSDT,1741212000000,2.4998,2.5124,2.4936,2.5093,4086795.0,1741215599999,10221671.8212,24722
XRPUSDT,1741215600000,2.5093,2.515,2.496,2.4998,5707120.0,1741219199999,14297510.8977,42242
XRPUSDT,1741219200000,2.4998,2.5103,2.4707,2.4749,7658293.0,1741222799999,19038466.8505,62079
XRPUSDT,1741222800000,2.4748,2.5484,2.474,2.5149,11579337.0,1741226399999,29118140.6102,86762
XRPUSDT,1741226400000,2.5148,2.5286,2.5001,2.5231,8206054.0,1741229999999,20638164.7852,66393
XRPUSDT,1741230000000,2.5231,2.5311,2.5088,2.5133,6420648.0,1741233599999,16178270.9334,40709
XRPUSDT,1741233600000,2.5133,2.5363,2.5057,2.5306,7462034.0,1741237199999,18808589.7746,37360
XRPUSDT,1741237200000,2.5306,2.5549,2.5173,2.525,10710501.0,1741240799999,27149270.5258,68001
XRPUSDT,1741240800000,2.5251,2.5268,2.5013,2.5021,8010237.0,1741244399999,20129788.5361,46034
XRPUSDT,1741244400000,2.5022,2.5175,2.5007,2.5123,5459786.0,1741247999999,13692657.5025,38905
XRPUSDT,1741248000000,2.5123,2.593,2.5103,2.5654,20771011.0,1741251599999,53102864.3398,133807
XRPUSDT,1741251600000,2.5654,2.5918,2.5359,2.5737,15150124.0,1741255199999,38883688.025,104623
XRPUSDT,1741255200000,2.5738,2.6461,2.5688,2.6313,22160273.0,1741258799999,58144177.755,159458
XRPUSDT,1741258800000,2.6314,2.6406,2.6063,2.611,9566646.0,1741262399999,25069950.3831,88563
XRPUSDT,1741262400000,2.6111,2.6174,2.5668,2.5791,17205893.0,1741265999999,44473095.9098,124586
XRPUSDT,1741266000000,2.5792,2.6259,2.5726,2.5912,14079408.0,1741269599999,36610525.2981,110828
XRPUSDT,1741269600000,2.5913,2.6152,2.5464,2.582,20711458.0,1741273199999,53390818.1548,187394
XRPUSDT,1741273200000,2.582,2.64,2.577,2.6222,18508636.0,1741276799999,48411786.3619,139348
XRPUSDT,1741276800000,2.6222,2.6392,2.5692,2.575,18120300.0,1741280399999,47262851.1779,139877
XRPUSDT,1741280400000,2.5749,2.5823,2.5265,2.5503,21027627.0,1741283999999,53718571.7263,157631
XRPUSDT,1741284000000,2.5503,2.5833,2.5495,2.5674,10423843.0,1741287599999,26754291.706,70687
XRPUSDT,1741287600000,2.5673,2.6113,2.55,2.5842,8683359.0,1741291199999,22394088.3664,73146
XRPUSDT,1741291200000,2.5843,2.6117,2.5785,2.5976,6946525.0,1741294799999,18050816.4402,67333
XRPUSDT,1741294800000,2.5982,2.6216,2.5931,2.605,8143347.0,1741298399999,21212938.4916,60806
XRPUSDT,1741298400000,2.605,2.6262,2.575,2.594,10495123.0,1741301999999,27312178.0479,85488
XRPUSDT,1741302000000,2.5941,2.6142,2.5795,2.6001,5994535.0,1741305599999,15581716.6673,40300
XRPUSDT,1741305600000,2.6,2.6217,2.3737,2.4086,82702006.0,1741309199999,204116268.7389,606587
XRPUSDT,1741309200000,2.4087,2.5041,2.3905,2.4857,40140748.0,1741312799999,98577945.2448,318672
XRPUSDT,1741312800000,2.4856,2.5253,2.4575,2.4844,14774368.0,1741316399999,36711936.7824,109169
XRPUSDT,1741316400000,2.4845,2.5006,2.4682,2.4704,10000324.0,1741319999999,24837296.3928,62586
XRPUSDT,1741320000000,2.4704,2.4974,2.467,2.4836,7507521.0,1741323599999,18644541.6953,56790
XRPUSDT,1741323600000,2.4836,2.5186,2.4814,2.5054,8787352.0,1741327199999,21991827.5349,59916
XRPUSDT,1741327200000,2.5055,2.5062,2.4825,2.4872,7678820.0,1741330799999,19130184.2691,49456
XRPUSDT,1741330800000,2.4871,2.5098,2.4819,2.5062,7539425.0,1741334399999,18817426.3579,49369
XRPUSDT,1741334400000,2.5062,2.5156,2.4929,2.515,6119825.0,1741337999999,15314836.7393,45310
XRPUSDT,1741338000000,2.515,2.5699,2.5127,2.5399,12940146.0,1741341599999,32902756.9995,111629
XRPUSDT,1741341600000,2.54,2.5515,2.5317,2.5411,6643903.0,1741345199999,16888651.3458,62483
XRPUSDT,1741345200000,2.5411,2.5555,2.52,2.5302,8985509.0,1741348799999,22777354.7851,64049
XRPUSDT,1741348800000,2.5303,2.5419,2.4969,2.5106,10958926.0,1741352399999,27592206.14,70129
XRPUSDT,1741352400000,2.5107,2.557,2.5055,2.513,17985112.0,1741355999999,45551153.7858,150174
XRPUSDT,1741356000000,2.513,2.5565,2.4902,2.5329,17064966.0,1741359599999,43118496.0767,148450
XRPUSDT,1741359600000,2.5329,2.555,2.4832,2.5035,21348685.0,1741363199999,53688681.7458,160429
XRPUSDT,1741363200000,2.5035,2.5102,2.3839,2.4329,47499261.0,1741366799999,115472345.511,308714
XRPUSDT,1741366800000,2.4329,2.4761,2.3983,2.4466,22580279.0,1741370399999,54892761.8312,184734
XRPUSDT,1741370400000,2.4467,2.5184,2.4362,2.5073,13215897.0,1741373999999,32804211.6779,143172
XRPUSDT,1741374000000,2.5073,2.5234,2.4576,2.4829,11969453.0,1741377599999,29783004.709,86004
XRPUSDT,1741377600000,2.483,2.5347,2.442,2.4683,17832265.0,1741381199999,44220363.9679,147306
XRPUSDT,1741381200000,2.4682,2.4715,2.376,2.3975,32183594.0,1741384799999,77805327.5901,184809
XRPUSDT,1741384800000,2.3974,2.4034,2.3435,2.3962,16677686.0,1741388399999,39620236.0743,96482
XRPUSDT,1741388400000,2.3963,2.3967,2.3563,2.3855,11098023.0,1741391999999,26326278.7737,87580
XRPUSDT,1741392000000,2.3855,2.4106,2.3678,2.406,8267120.0,1741395599999,19742955.8123,52021
XRPUSDT,1741395600000,2.4059,2.4089,2.3385,2.3677,9032855.0,1741399199999,21368759.0041,65507
XRPUSDT,1741399200000,2.3676,2.3734,2.3562,2.3604,4876162.0,1741402799999,11530067.5145,37431
XRPUSDT,1741402800000,2.3605,2.3607,2.3274,2.3435,9987558.0,1741406399999,23389105.6838,57200
XRPUSDT,1741406400000,2.3435,2.3758,2.3317,2.3683,5678737.0,1741409999999,13395338.847,42363
XRPUSDT,1741410000000,2.3684,2.3695,2.3398,2.349,4154741.0,1741413599999,9772476.6768,30021
XRPUSDT,1741413600000,2.3489,2.363,2.3476,2.3592,3046325.0,1741417199999,7175694.6512,26194
XRPUSDT,1741417200000,2.3591,2.3747,2.357,2.362,3068013.0,1741420799999,7261909.757,21166
XRPUSDT,1741420800000,2.3619,2.3688,2.3375,2.341,5173046.0,1741424399999,12160217.7106,35135
XRPUSDT,1741424400000,2.341,2.3621,2.32,2.3305,5266399.0,1741427999999,12308171.1543,34406
XRPUSDT,1741428000000,2.3302,2.3497,2.3298,2.3398,4284075.0,1741431599999,10027087.9574,29313
XRPUSDT,1741431600000,2.3399,2.3403,2.3013,2.3164,6163563.0,1741435199999,14286218.8434,47102
XRPUSDT,1741435200000,2.3164,2.3432,2.3063,2.3343,5252496.0,1741438799999,12232779.7211,42668
XRPUSDT,1741438800000,2.3343,2.357,2.3314,2.3476,4601955.0,1741442399999,10802815.6659,52312
XRPUSDT,1741442400000,2.3477,2.366,2.3423,2.3507,4634709.0,1741445999999,10912959.5234,49497
XRPUSDT,1741446000000,2.3506,2.3656,2.3361,2.3513,3417985.0,1741449599999,8039858.0393,40886
XRPUSDT,1741449600000,2.3513,2.3553,2.3121,2.3362,8058121.0,1741453199999,18768017.7825,75601
XRPUSDT,1741453200000,2.3361,2.3524,2.3106,2.348,4777249.0,1741456799999,11147511.6618,72370
XRPUSDT,1741456800000,2.348,2.3557,2.3295,2.3389,2464292.0,1741460399999,5769975.3562,39360
XRPUSDT,1741460400000,2.339,2.36,2.3282,2.356,3337811.0,1741463999999,7838953.7851,47407
XRPUSDT,1741464000000,2.356,2.3589,2.3395,2.3462,2186889.0,1741467599999,5136723.1827,27158
XRPUSDT,1741467600000,2.3461,2.3635,2.3451,2.3495,2238486.0,1741471199999,5274471.2742,28925
XRPUSDT,1741471200000,2.3495,2.3533,2.3271,2.3425,4574515.0,1741474799999,10691751.0635,36621
XRPUSDT,1741474800000,2.3426,2.3453,2.3136,2.3261,4497842.0,1741478399999,10462931.6681,42406
XRPUSDT,1741478400000,2.3262,2.3498,2.3149,2.3432,4048590.0,1741481999999,9461523.7637,52132
XRPUSDT,1741482000000,2.3432,2.351,2.3213,2.3258,2908093.0,1741485599999,6808272.8631,32953
XRPUSDT,1741485600000,2.3258,2.3336,2.3104,2.3118,4067652.0,1741489199999,9437460.1625,38470
XRPUSDT,1741489200000,2.3118,2.3306,2.3055,2.3227,3014974.0,1741492799999,6981030.464,43987
XRPUSDT,1741492800000,2.3228,2.3317,2.3173,2.3295,2825530.0,1741496399999,6567379.0158,25132
XRPUSDT,1741496400000,2.3296,2.343,2.3237,2.3329,3923644.0,1741499999999,9162346.8905,30907
XRPUSDT,1741500000000,2.333,2.3334,2.311,2.3204,2774444.0,1741503599999,6436477.5049,36343
XRPUSDT,1741503600000,2.3204,2.3439,2.3158,2.3393,3045134.0,1741507199999,7113293.8698,30635
XRPUSDT,1741507200000,2.3392,2.3416,2.3158,2.3191,3696095.0,1741510799999,8602719.4176,31297
XRPUSDT,1741510800000,2.3191,2.3238,2.2939,2.2986,8303731.0,1741514399999,19199983.2508,46406
XRPUSDT,1741514400000,2.2987,2.3013,2.2399,2.2499,20108030.0,1741517999999,45571624.1405,174042
XRPUSDT,1741518000000,2.2499,2.2644,2.2466,2.2547,8885862.0,1741521599999,20045413.5274,82388
XRPUSDT,1741521600000,2.2547,2.2563,2.2251,2.2383,11105783.0,1741525199999,24819268.3761,96270
XRPUSDT,1741525200000,2.2383,2.2426,2.1637,2.1686,20538074.0,1741528799999,45325330.3574,153211
XRPUSDT,1741528800000,2.1687,2.212,2.1675,2.2115,14757217.0,1741532399999,32394273.7844,139012
XRPUSDT,1741532400000,2.2115,2.2196,2.173,2.1853,13865865.0,1741535999999,30461626.6208,102579
XRPUSDT,1741536000000,2.1852,2.1975,2.1317,2.1353,30126947.0,1741539599999,65059892.6194,239072
XRPUSDT,1741539600000,2.1354,2.162,2.1022,2.1048,19470343.0,1741543199999,41586840.9672,214985
XRPUSDT,1741543200000,2.1049,2.1446,2.083,2.1256,25234142.0,1741546799999,53260797.3124,317600
XRPUSDT,1741546800000,2.1256,2.181,2.1153,2.1639,20405701.0,1741550399999,43934154.2859,190863
XRPUSDT,1741550400000,2.164,2.2062,2.1578,2.1946,14663256.0,1741553999999,32086190.4441,128734
XRPUSDT,1741554000000,2.1946,2.2018,2.1622,2.1685,11052154.0,1741557599999,24068369.746,97507
XRPUSDT,1741557600000,2.1685,2.1685,2.1281,2.133,13951522.0,1741561199999,29962982.0245,114285
XRPUSDT,1741561200000,2.133,2.156,2.1179,2.1387,13938269.0,1741564799999,29775975.526,122754
XRPUSDT,1741564800000,2.1388,2.1761,2.0872,2.1655,24045719.0,1741568399999,51200658.8691,240591
XRPUSDT,1741568400000,2.1655,2.1977,2.1504,2.1686,14303325.0,1741571999999,31101734.7897,151148
XRPUSDT,1741572000000,2.1686,2.2013,2.1615,2.1826,10401583.0,1741575599999,22712569.9981,81158
XRPUSDT,1741575600000,2.1827,2.1863,2.1615,2.1702,6463375.0,1741579199999,14049307.4445,55692
XRPUSDT,1741579200000,2.1702,2.1966,2.1683,2.1949,6288777.0,1741582799999,13770483.5822,55310
XRPUSDT,1741582800000,2.1949,2.2037,2.187,2.1946,8398276.0,1741586399999,18448675.3139,57889
XRPUSDT,1741586400000,2.1947,2.1987,2.1687,2.1794,9138302.0,1741589999999,19928467.4071,60048
XRPUSDT,1741590000000,2.1794,2.194,2.1584,2.1843,9200913.0,1741593599999,20006355.8527,68467
XRPUSDT,1741593600000,2.1844,2.1858,2.1291,2.1371,12136988.0,1741597199999,26077787.9978,113438
XRPUSDT,1741597200000,2.1371,2.2613,2.1363,2.1827,31929210.0,1741600799999,70834793.2896,290143
XRPUSDT,1741600800000,2.1827,2.1925,2.1501,2.1801,11436100.0,1741604399999,24811899.7221,118795
XRPUSDT,1741604400000,2.1802,2.2204,2.1757,2.2138,11222695.0,1741607999999,24666879.7976,103845
XRPUSDT,1741608000000,2.2139,2.226,2.1891,2.2047,9845438.0,1741611599999,21718652.7955,109212
XRPUSDT,1741611600000,2.2048,2.2089,2.1437,2.1511,14107167.0,1741615199999,30631559.0559,176479
XRPUSDT,1741615200000,2.1511,2.1511,2.0669,2.0929,39790371.0,1741618799999,83500199.1357,388450
XRPUSDT,1741618800000,2.0928,2.1533,2.0842,2.1187,20663996.0,1741622399999,43821369.186,237712
XRPUSDT,1741622400000,2.1188,2.1287,2.0757,2.0919,14076220.0,1741625999999,29549532.1695,181496
XRPUSDT,1741626000000,2.0919,2.1123,2.0211,2.0506,31273027.0,1741629599999,64529201.6591,375846
XRPUSDT,1741629600000,2.0505,2.0879,1.995,2.0011,30003583.0,1741633199999,61015509.9919,306207
XRPUSDT,1741633200000,2.0011,2.0963,1.9925,2.0766,31469178.0,1741636799999,64439176.5071,388123
XRPUSDT,1741636800000,2.0767,2.0893,2.0451,2.0753,15867238.0,1741640399999,32813481.0106,108868
XRPUSDT,1741640400000,2.0752,2.0923,2.0602,2.0728,8788667.0,1741643999999,18260387.9836,77449
XRPUSDT,1741644000000,2.0728,2.0841,2.0257,2.0472,10350052.0,1741647599999,21225455.5633,85676
XRPUSDT,1741647600000,2.0473,2.0612,2.0126,2.0216,10023431.0,1741651199999,20400496.2847,89287
XRPUSDT,1741651200000,2.0216,2.0496,1.9,1.9545,47929088.0,1741654799999,93891630.1222,333648
XRPUSDT,1741654800000,1.9544,2.0274,1.904,2.027,34083118.0,1741658399999,66777784.8236,295353
XRPUSDT,1741658400000,2.0269,2.0646,2.0151,2.0357,18079403.0,1741661999999,36871607.3573,134220
XRPUSDT,1741662000000,2.0357,2.0646,2.032,2.0462,6930292.0,1741665599999,14201280.6968,60650
XRPUSDT,1741665600000,2.0461,2.0861,2.0418,2.0737,9883092.0,1741669199999,20444019.2564,80388
XRPUSDT,1741669200000,2.0736,2.1314,2.0694,2.101,17915764.0,1741672799999,37676475.3032,119038
XRPUSDT,1741672800000,2.101,2.1245,2.0808,2.0839,9776367.0,1741676399999,20573842.1382,67999
XRPUSDT,1741676400000,2.084,2.1115,2.0817,2.0952,7991124.0,1741679999999,16726365.7186,51865
XRPUSDT,1741680000000,2.0952,2.1369,2.09,2.1206,12310520.0,1741683599999,26077841.5195,81410
XRPUSDT,1741683600000,2.1205,2.1495,2.1191,2.1288,9798099.0,1741687199999,20931334.5498,61341
XRPUSDT,1741687200000,2.1288,2.1544,2.1242,2.147,7322866.0,1741690799999,15668099.1644,38508
XRPUSDT,1741690800000,2.1469,2.1646,2.1268,2.156,8107794.0,1741694399999,17401578.2473,49912
XRPUSDT,1741694400000,2.1559,2.1607,2.1,2.1113,17056598.0,1741697999999,36228810.3053,94371
XRPUSDT,1741698000000,2.1112,2.155,2.0845,2.1135,28501155.0,1741701599999,60261054.0121,190079
XRPUSDT,1741701600000,2.1135,2.1298,2.0559,2.0766,34226599.0,1741705199999,71440522.7967,205842
XRPUSDT,1741705200000,2.0768,2.1456,2.0728,2.1358,22787356.0,1741708799999,48238551.4859,109868
XRPUSDT,1741708800000,2.1358,2.1455,2.1072,2.1246,12380957.0,1741712399999,26360633.9647,68452
XRPUSDT,1741712400000,2.1245,2.1275,2.08,2.1002,11309318.0,1741715999999,23802123.5361,38023
XRPUSDT,1741716000000,2.1001,2.1996,2.0991,2.1817,24196788.0,1741719599999,52356550.4634,77455
XRPUSDT,1741719600000,2.1816,2.2138,2.1743,2.2086,15163936.0,1741723199999,33230874.1719,43525
XRPUSDT,1741723200000,2.2087,2.2106,2.1762,2.1926,9063648.0,1741726799999,19867187.7015,36694
XRPUSDT,1741726800000,2.1927,2.2106,2.182,2.194,5683095.0,1741730399999,12492469.5853,23881
XRPUSDT,1741730400000,2.1939,2.2048,2.1867,2.1948,4692476.0,1741733999999,10306080.3826,21072
XRPUSDT,1741734000000,2.1947,2.1963,2.1633,2.1711,7230791.0,1741737599999,15712104.0719,31764
XRPUSDT,1741737600000,2.171,2.1983,2.16,2.1812,9367537.0,1741741199999,20438351.1106,44010
XRPUSDT,1741741200000,2.1813,2.2464,2.1774,2.2301,12290771.0,1741744799999,27204650.9177,52288
XRPUSDT,1741744800000,2.2302,2.245,2.1891,2.1958,10371927.0,1741748399999,22956666.3981,49420
XRPUSDT,1741748400000,2.1957,2.2097,2.1655,2.1682,8193119.0,1741751999999,17920656.3671,42463
XRPUSDT,1741752000000,2.1681,2.1697,2.1432,2.1586,13357492.0,1741755599999,28799874.1927,90036
XRPUSDT,1741755600000,2.1587,2.1873,2.156,2.1827,6462397.0,1741759199999,14021280.8389,49373
XRPUSDT,1741759200000,2.1828,2.1863,2.1454,2.1599,7549685.0,1741762799999,16331609.3463,59591
XRPUSDT,1741762800000,2.1599,2.1943,2.1586,2.1887,6902502.0,1741766399999,15001808.7205,60159
XRPUSDT,1741766400000,2.1886,2.2372,2.1854,2.2225,13214191.0,1741769999999,29219769.2827,101245
XRPUSDT,1741770000000,2.2226,2.2319,2.19,2.2035,11996583.0,1741773599999,26465784.0606,86503
XRPUSDT,1741773600000,2.2035,2.2087,2.1677,2.179,7239959.0,1741777199999,15830693.3756,56785
XRPUSDT,1741777200000,2.1789,2.2156,2.1788,2.2143,4780624.0,1741780799999,10498705.5671,48927
XRPUSDT,1741780800000,2.2143,2.2769,2.1967,2.2517,28979151.0,1741784399999,64979098.8018,213113
XRPUSDT,1741784400000,2.2516,2.2605,2.1774,2.1888,19919900.0,1741787999999,44234903.8973,249692
XRPUSDT,1741788000000,2.1888,2.1975,2.1524,2.1676,15253814.0,1741791599999,33178791.0971,184143
XRPUSDT,1741791600000,2.1677,2.235,2.1333,2.2038,27339808.0,1741795199999,59634111.5835,210197
XRPUSDT,1741795200000,2.2037,2.2544,2.1885,2.2007,26182484.0,1741798799999,58088948.2186,251250
XRPUSDT,1741798800000,2.2008,2.2353,2.1969,2.2069,10664191.0,1741802399999,23657665.604,122166
XRPUSDT,1741802400000,2.207,2.2456,2.2037,2.2326,7033108.0,1741805999999,15663975.3314,85415
XRPUSDT,1741806000000,2.2325,2.2468,2.2195,2.2379,8873636.0,1741809599999,19841359.3683,91037
XRPUSDT,1741809600000,2.2379,2.2424,2.2225,2.2294,5310786.0,1741813199999,11854705.5586,61435
XRPUSDT,1741813200000,2.2294,2.2404,2.212,2.2201,4895738.0,1741816799999,10901299.4004,51450
XRPUSDT,1741816800000,2.2202,2.24,2.2178,2.2294,5626989.0,1741820399999,12557008.6675,68993
XRPUSDT,1741820400000,2.2295,2.2433,2.2214,2.2396,5754018.0,1741823999999,12851286.1167,52690
XRPUSDT,1741824000000,2.2395,2.2529,2.2262,2.2335,7244629.0,1741827599999,16234859.0144,88498
XRPUSDT,1741827600000,2.2335,2.256,2.2269,2.2492,5280437.0,1741831199999,11837400.7905,48576
XRPUSDT,1741831200000,2.2492,2.2588,2.2336,2.235,5335735.0,1741834799999,11986648.187,30908
XRPUSDT,1741834800000,2.235,2.251,2.232,2.2408,4414278.0,1741838399999,9888583.423,26077
XRPUSDT,1741838400000,2.2407,2.246,2.221,2.2302,6038279.0,1741841999999,13490439.2366,34966
XRPUSDT,1741842000000,2.2303,2.2539,2.2288,2.2348,5360827.0,1741845599999,12019907.2909,35537
XRPUSDT,1741845600000,2.2348,2.2381,2.2176,2.2292,6634377.0,1741849199999,14766049.6943,45177
XRPUSDT,1741849200000,2.2293,2.2418,2.2237,2.234,5894823.0,1741852799999,13157385.4442,37281
XRPUSDT,1741852800000,2.234,2.2444,2.2137,2.2323,5725334.0,1741856399999,12750123.6283,32193
XRPUSDT,1741856400000,2.2324,2.2889,2.232,2.2805,15075898.0,1741859999999,34076899.9823,75702
XRPUSDT,1741860000000,2.2805,2.2815,2.2503,2.2687,8936644.0,1741863599999,20232067.4904,65091
XRPUSDT,1741863600000,2.2686,2.2842,2.2598,2.2841,6932179.0,1741867199999,15727631.1961,83971
XRPUSDT,1741867200000,2.2841,2.3428,2.2751,2.2935,29755249.0,1741870799999,68589119.7965,237980
XRPUSDT,1741870800000,2.2934,2.347,2.2742,2.2835,24351329.0,1741874399999,56386746.5241,266211
XRPUSDT,1741874400000,2.2835,2.3369,2.2766,2.3205,19624471.0,1741877999999,45421389.1081,216224
XRPUSDT,1741878000000,2.3204,2.3271,2.2766,2.2879,15489085.0,1741881599999,35556306.0483,168252
XRPUSDT,1741881600000,2.288,2.3086,2.2554,2.2709,15188363.0,1741885199999,34580385.728,179136
XRPUSDT,1741885200000,2.2709,2.2734,2.2151,2.2219,18220304.0,1741888799999,40802590.4229,179428
XRPUSDT,1741888800000,2.2219,2.2738,2.2198,2.2627,11162506.0,1741892399999,25129822.7861,114295
XRPUSDT,1741892400000,2.2627,2.2654,2.2292,2.2387,6242979.0,1741895999999,14002731.7871,74434
XRPUSDT,1741896000000,2.2387,2.2603,2.2187,2.2213,5142887.0,1741899599999,11507274.7133,62646
XRPUSDT,1741899600000,2.2212,2.2378,2.2185,2.2378,3701814.0,1741903199999,8243494.2793,48019
XRPUSDT,1741903200000,2.2378,2.2689,2.2325,2.2677,6554164.0,1741906799999,14738686.2375,57404
XRPUSDT,1741906800000,2.2677,2.2761,2.2443,2.2527,5590002.0,1741910399999,12626181.7439,61064
XRPUSDT,1741910400000,2.2526,2.2748,2.2371,2.2651,6627542.0,1741913999999,14945191.3344,68770
XRPUSDT,1741914000000,2.2652,2.2778,2.2538,2.2661,5981390.0,1741917599999,13562760.252,53530
XRPUSDT,1741917600000,2.266,2.3008,2.2612,2.2955,16052300.0,1741921199999,36553062.8572,84042
XRPUSDT,1741921200000,2.2955,2.2958,2.2779,2.2911,10867188.0,1741924799999,24837581.6262,64201
XRPUSDT,1741924800000,2.2911,2.2992,2.2867,2.2941,4754172.0,1741928399999,10908542.9847,49295
XRPUSDT,1741928400000,2.2941,2.3096,2.2876,2.3008,5706172.0,1741931999999,13123459.8158,41991
XRPUSDT,1741932000000,2.3008,2.32,2.2799,2.2868,14625545.0,1741935599999,33568507.8225,78548
XRPUSDT,1741935600000,2.2868,2.3055,2.2809,2.2946,4943435.0,1741939199999,11337642.0295,40200
XRPUSDT,1741939200000,2.2945,2.3199,2.2902,2.3089,6940153.0,1741942799999,16021799.9658,58788
XRPUSDT,1741942800000,2.3089,2.3259,2.3058,2.3138,4573884.0,1741946399999,10596212.6471,51965
XRPUSDT,1741946400000,2.3138,2.3322,2.305,2.3218,5738331.0,1741949999999,13316005.307,56425
XRPUSDT,1741950000000,2.3217,2.3238,2.3114,2.3165,4167648.0,1741953599999,9662796.2955,46828
XRPUSDT,1741953600000,2.3166,2.3208,2.2965,2.3067,5648879.0,1741957199999,13038407.705,47536
XRPUSDT,1741957200000,2.3068,2.3464,2.3007,2.3364,13510763.0,1741960799999,31364935.7205,113195
XRPUSDT,1741960800000,2.3363,2.343,2.3087,2.3333,21408013.0,1741964399999,49888447.0271,185051
XRPUSDT,1741964400000,2.3333,2.3893,2.3332,2.3583,24373097.0,1741967999999,57748734.3167,253089
XRPUSDT,1741968000000,2.3582,2.3683,2.3417,2.368,9463240.0,1741971599999,22279642.6722,116837
XRPUSDT,1741971600000,2.368,2.3723,2.3377,2.3465,6486882.0,1741975199999,15267736.0755,73072
XRPUSDT,1741975200000,2.3464,2.3578,2.3359,2.349,4794676.0,1741978799999,11253918.6762,58453
XRPUSDT,1741978800000,2.3489,2.3636,2.3432,2.3551,3548358.0,1741982399999,8355421.1306,44775
XRPUSDT,1741982400000,2.355,2.3583,2.3313,2.3477,4636953.0,1741985999999,10861381.4088,54417
XRPUSDT,1741986000000,2.3478,2.354,2.3323,2.3536,3576354.0,1741989599999,8378359.7986,39466
XRPUSDT,1741989600000,2.3536,2.3727,2.3449,2.3683,5498150.0,1741993199999,12969465.2134,53279
XRPUSDT,1741993200000,2.3684,2.3689,2.353,2.3564,3363344.0,1741996799999,7939714.9069,44869
XRPUSDT,1741996800000,2.3564,2.388,2.3525,2.38,5960586.0,1742000399999,14137535.833,61938
XRPUSDT,1742000400000,2.38,2.3989,2.3766,2.3907,5598724.0,1742003999999,13375477.2868,69323
XRPUSDT,1742004000000,2.3907,2.4107,2.3836,2.4029,6039724.0,1742007599999,14479961.0643,55612
XRPUSDT,1742007600000,2.403,2.4305,2.3999,2.4247,9314953.0,1742011199999,22536268.6129,88589
XRPUSDT,1742011200000,2.4247,2.4751,2.4247,2.4652,12356300.0,1742014799999,30288350.3822,131398
XRPUSDT,1742014800000,2.4651,2.4674,2.4263,2.4265,9680651.0,1742018399999,23666314.2721,75135
XRPUSDT,1742018400000,2.4265,2.4411,2.4119,2.4169,11378871.0,1742021999999,27629335.8117,66781
XRPUSDT,1742022000000,2.4168,2.4205,2.3734,2.393,14204836.0,1742025599999,33974044.656,92693
XRPUSDT,1742025600000,2.3929,2.4183,2.386,2.4123,7284261.0,1742029199999,17524166.4178,70598
XRPUSDT,1742029200000,2.4123,2.4124,2.3972,2.4113,5469381.0,1742032799999,13151489.1641,51732
XRPUSDT,1742032800000,2.4113,2.413,2.3982,2.4093,3584188.0,1742036399999,8626908.7419,38133
XRPUSDT,1742036400000,2.4094,2.426,2.402,2.4252,5193167.0,1742039999999,12536921.9904,39568
XRPUSDT,1742040000000,2.4253,2.4425,2.4148,2.4271,5049665.0,1742043599999,12261014.4217,57577
XRPUSDT,1742043600000,2.427,2.4539,2.4268,2.4458,6138719.0,1742047199999,15004624.3858,63902
XRPUSDT,1742047200000,2.4457,2.4458,2.4132,2.4234,7611550.0,1742050799999,18461321.2783,74654
XRPUSDT,1742050800000,2.4234,2.4386,2.4208,2.4262,4025854.0,1742054399999,9782043.5168,50288
XRPUSDT,1742054400000,2.4261,2.4281,2.4079,2.4114,4795395.0,1742057999999,11591297.1152,58780
XRPUSDT,1742058000000,2.4113,2.421,2.409,2.4184,3663092.0,1742061599999,8844964.6704,43967
XRPUSDT,1742061600000,2.4184,2.4219,2.3941,2.4063,4663110.0,1742065199999,11228544.8721,38699
XRPUSDT,1742065200000,2.4063,2.4064,2.3935,2.4015,4260863.0,1742068799999,10226449.3673,47084
XRPUSDT,1742068800000,2.4015,2.4183,2.4004,2.4109,3637556.0,1742072399999,8768650.6164,35926
XRPUSDT,1742072400000,2.4109,2.4187,2.4097,2.4135,2329521.0,1742075999999,5624371.9646,26534
XRPUSDT,1742076000000,2.4135,2.4162,2.3958,2.4026,3361486.0,1742079599999,8084939.7521,39432
XRPUSDT,1742079600000,2.4025,2.4031,2.3826,2.3911,4454483.0,1742083199999,10650354.2195,41272
XRPUSDT,1742083200000,2.3911,2.4071,2.3779,2.4034,5135142.0,1742086799999,12279452.9166,69404
XRPUSDT,1742086800000,2.4033,2.4109,2.3771,2.3791,4799603.0,1742090399999,11478700.3412,58659
XRPUSDT,1742090400000,2.379,2.3832,2.3627,2.371,7941861.0,1742093999999,18840354.6923,72381
XRPUSDT,1742094000000,2.3711,2.3859,2.368,2.3824,3052029.0,1742097599999,7256292.7458,38705
XRPUSDT,1742097600000,2.3825,2.3938,2.3808,2.3848,2568298.0,1742101199999,6129641.5339,31879
XRPUSDT,1742101200000,2.3849,2.3938,2.3811,2.3927,1696760.0,1742104799999,4053908.7205,21560
XRPUSDT,1742104800000,2.3927,2.396,2.3881,2.3892,1808583.0,1742108399999,4325903.3016,23631
XRPUSDT,1742108400000,2.3892,2.3897,2.368,2.3809,4453570.0,1742111999999,10590475.489,41336
XRPUSDT,1742112000000,2.3808,2.3851,2.3711,2.3772,2417628.0,1742115599999,5744818.6344,34441
XRPUSDT,1742115600000,2.3773,2.3779,2.3374,2.3516,8836028.0,1742119199999,20802363.9928,70666
XRPUSDT,1742119200000,2.3515,2.3595,2.3421,2.3481,4983206.0,1742122799999,11708834.3368,52571
XRPUSDT,1742122800000,2.3481,2.3505,2.2875,2.2981,19888201.0,1742126399999,45982990.8825,172181
XRPUSDT,1742126400000,2.2981,2.3221,2.2955,2.3067,8138640.0,1742129999999,18797105.1807,85348
XRPUSDT,1742130000000,2.3067,2.3212,2.2677,2.2754,13619071.0,1742133599999,31247201.6706,107158
XRPUSDT,1742133600000,2.2753,2.303,2.2724,2.302,6993728.0,1742137199999,15983035.5846,83347
XRPUSDT,1742137200000,2.3019,2.3069,2.2829,2.2961,5716784.0,1742140799999,13122210.91,65362
XRPUSDT,1742140800000,2.296,2.352,2.2932,2.317,17209433.0,1742144399999,40093758.7646,178611
XRPUSDT,1742144400000,2.3169,2.3317,2.3072,2.3209,6010073.0,1742147999999,13945184.0825,67330
XRPUSDT,1742148000000,2.321,2.3342,2.3102,2.3198,3377908.0,1742151599999,7848193.355,52653
XRPUSDT,1742151600000,2.3198,2.3207,2.284,2.2948,7101078.0,1742155199999,16332701.0162,84163
XRPUSDT,1742155200000,2.2948,2.3125,2.2928,2.309,2640327.0,1742158799999,6081896.1852,44755
XRPUSDT,1742158800000,2.3089,2.3208,2.2977,2.3039,3977392.0,1742162399999,9189223.7452,35515
XRPUSDT,1742162400000,2.3038,2.3118,2.2845,2.2898,5057095.0,1742165999999,11624709.2583,63857
XRPUSDT,1742166000000,2.2898,2.3057,2.2828,2.2938,4552319.0,1742169599999,10446729.549,50656
XRPUSDT,1742169600000,2.2938,2.3364,2.2915,2.3289,6274107.0,1742173199999,14529477.6682,56091
XRPUSDT,1742173200000,2.3288,2.3455,2.3176,2.3359,5954856.0,1742176799999,13892759.6345,46748
XRPUSDT,1742176800000,2.3359,2.346,2.3314,2.3422,3324358.0,1742180399999,7777656.3402,30719
XRPUSDT,1742180400000,2.3421,2.3582,2.3417,2.3551,4518412.0,1742183999999,10616628.3562,34944
XRPUSDT,1742184000000,2.3551,2.37,2.3494,2.3528,5623260.0,1742187599999,13268661.242,44880
XRPUSDT,1742187600000,2.3527,2.3527,2.3278,2.3283,5550867.0,1742191199999,12998919.801,41870
XRPUSDT,1742191200000,2.3284,2.3374,2.307,2.3294,7045066.0,1742194799999,16373423.5491,50565
XRPUSDT,1742194800000,2.3295,2.3439,2.3281,2.3363,4540109.0,1742198399999,10609783.7674,47906
XRPUSDT,1742198400000,2.3364,2.3525,2.3201,2.3464,4712939.0,1742201999999,11013243.847,45409
XRPUSDT,1742202000000,2.3464,2.3557,2.3406,2.3478,4389815.0,1742205599999,10310119.7681,40445
XRPUSDT,1742205600000,2.3477,2.3495,2.3294,2.3308,4313904.0,1742209199999,10079358.3591,34386
XRPUSDT,1742209200000,2.3308,2.3441,2.3237,2.3387,3315401.0,1742212799999,7746127.526,34843
XRPUSDT,1742212800000,2.3387,2.3679,2.3317,2.3327,12002547.0,1742216399999,28165963.2279,109712
XRPUSDT,1742216400000,2.3327,2.3456,2.3183,2.3242,7495055.0,1742219999999,17463395.6221,88125
XRPUSDT,1742220000000,2.3241,2.3351,2.3069,2.3227,7320618.0,1742223599999,16986860.3181,107240
XRPUSDT,1742223600000,2.3228,2.352,2.3111,2.3446,7530182.0,1742227199999,17568777.7834,73256
XRPUSDT,1742227200000,2.3446,2.3558,2.3302,2.3417,5877943.0,1742230799999,13779520.3155,56426
XRPUSDT,1742230800000,2.3416,2.3607,2.3386,2.3558,6198589.0,1742234399999,14590175.7616,51138
XRPUSDT,1742234400000,2.3557,2.3788,2.3472,2.3738,9427433.0,1742237999999,22285132.7642,69946
XRPUSDT,1742238000000,2.3738,2.3776,2.3591,2.3601,4146713.0,1742241599999,9823666.2425,48747
XRPUSDT,1742241600000,2.3602,2.3628,2.3447,2.3486,4589452.0,1742245199999,10805628.092,35805
XRPUSDT,1742245200000,2.3487,2.3569,2.3371,2.3426,3867032.0,1742248799999,9070281.4256,33735
XRPUSDT,1742248800000,2.3426,2.3502,2.3372,2.3479,2873973.0,1742252399999,6737447.9536,23827
XRPUSDT,1742252400000,2.3479,2.3481,2.3346,2.3382,3030865.0,1742255999999,7093423.3708,26919
XRPUSDT,1742256000000,2.3381,2.3399,2.314,2.3236,5874209.0,1742259599999,13666092.9229,47418
XRPUSDT,1742259600000,2.3236,2.33,2.2803,2.2915,12237141.0,1742263199999,28130557.009,89899
XRPUSDT,1742263200000,2.2915,2.3082,2.2885,2.2997,6957263.0,1742266799999,15999598.0446,54805
XRPUSDT,1742266800000,2.2996,2.2996,2.2742,2.286,10368066.0,1742270399999,23682307.4497,64175
XRPUSDT,1742270400000,2.2861,2.2962,2.277,2.2816,5992129.0,1742273999999,13705343.2766,41685
XRPUSDT,1742274000000,2.2816,2.3015,2.2807,2.2899,4414399.0,1742277599999,10120072.8197,32534
XRPUSDT,1742277600000,2.2899,2.2925,2.2432,2.2526,14573343.0,1742281199999,32956855.856,84171
XRPUSDT,1742281200000,2.2525,2.2897,2.2514,2.2894,8697777.0,1742284799999,19795925.6338,73868
XRPUSDT,1742284800000,2.2894,2.3052,2.2845,2.295,5575724.0,1742288399999,12792037.4854,45223
XRPUSDT,1742288400000,2.295,2.2976,2.2742,2.2769,3608823.0,1742291999999,8258903.2251,30049
XRPUSDT,1742292000000,2.277,2.2846,2.2632,2.2724,7526952.0,1742295599999,17097201.9889,47270
XRPUSDT,1742295600000,2.2725,2.2761,2.26,2.2619,4626605.0,1742299199999,10491405.1752,43956
XRPUSDT,1742299200000,2.2619,2.268,2.2457,2.2478,7429002.0,1742302799999,16752165.8781,56897
XRPUSDT,1742302800000,2.2478,2.26,2.225,2.2343,12751996.0,1742306399999,28570670.537,140003
XRPUSDT,1742306400000,2.2342,2.2645,2.231,2.2582,10375030.0,1742309999999,23321414.5638,94119
XRPUSDT,1742310000000,2.2582,2.2582,2.2333,2.2371,5892632.0,1742313599999,13232395.086,55223
XRPUSDT,1742313600000,2.2371,2.2539,2.2327,2.2444,4891116.0,1742317199999,10969698.2019,48475
XRPUSDT,1742317200000,2.2445,2.2467,2.2225,2.2293,6851120.0,1742320799999,15286238.9922,62910
XRPUSDT,1742320800000,2.2293,2.2505,2.2267,2.247,5316531.0,1742324399999,11901663.3233,44978
XRPUSDT,1742324400000,2.2469,2.2663,2.2454,2.2628,5319245.0,1742327999999,12003825.2049,47020
XRPUSDT,1742328000000,2.2628,2.2698,2.2502,2.258,3766123.0,1742331599999,8505194.973,31856
XRPUSDT,1742331600000,2.2579,2.2673,2.2533,2.2617,2766531.0,1742335199999,6253091.5862,21251
XRPUSDT,1742335200000,2.2617,2.2845,2.2578,2.2809,4684995.0,1742338799999,10642739.0682,35843
XRPUSDT,1742338800000,2.2809,2.2949,2.2809,2.2851,4222547.0,1742342399999,9660065.2262,39477
XRPUSDT,1742342400000,2.2851,2.3081,2.28,2.2912,5505272.0,1742345999999,12633719.3892,44268
XRPUSDT,1742346000000,2.2911,2.2921,2.2696,2.2699,4331091.0,1742349599999,9879034.3799,42168
XRPUSDT,1742349600000,2.2699,2.282,2.2653,2.2815,4043092.0,1742353199999,9195619.8414,31173
XRPUSDT,1742353200000,2.2815,2.2975,2.2775,2.2954,3622800.0,1742356799999,8285765.3723,30413
XRPUSDT,1742356800000,2.2954,2.2974,2.2859,2.2916,3383070.0,1742360399999,7752493.9875,28766
XRPUSDT,1742360400000,2.2915,2.3022,2.2913,2.2994,3877515.0,1742363999999,8908710.0133,27743
XRPUSDT,1742364000000,2.2995,2.3048,2.2828,2.2892,4821445.0,1742367599999,11049734.675,31811
XRPUSDT,1742367600000,2.2892,2.3032,2.2834,2.2932,4448442.0,1742371199999,10208646.018,34666
XRPUSDT,1742371200000,2.2933,2.3131,2.2932,2.3094,5158236.0,1742374799999,11885838.6101,34303
XRPUSDT,1742374800000,2.3094,2.3172,2.3054,2.3129,3383531.0,1742378399999,7821593.9787,31763
XRPUSDT,1742378400000,2.313,2.339,2.31,2.3116,7284646.0,1742381999999,16903513.6266,54615
XRPUSDT,1742382000000,2.3117,2.3488,2.3076,2.3363,12070880.0,1742385599999,28137320.6146,90287
XRPUSDT,1742385600000,2.3362,2.3405,2.3172,2.3272,6539301.0,1742389199999,15210234.6121,54436
XRPUSDT,1742389200000,2.3273,2.59,2.3213,2.5228,136464574.0,1742392799999,338896531.7942,773369
XRPUSDT,1742392800000,2.5228,2.5812,2.4859,2.5399,77515862.0,1742396399999,196475038.2591,442604
XRPUSDT,1742396400000,2.5398,2.58,2.5245,2.5548,31070794.0,1742399999999,79243367.4165,212209
XRPUSDT,1742400000000,2.5548,2.5668,2.5022,2.5161,28145792.0,1742403599999,71094798.1955,189440
XRPUSDT,1742403600000,2.5161,2.5319,2.4685,2.4912,23652085.0,1742407199999,58947632.1259,152492
XRPUSDT,1742407200000,2.4912,2.5333,2.4525,2.5141,33356072.0,1742410799999,83205541.0556,259543
XRPUSDT,1742410800000,2.5141,2.5399,2.473,2.4877,22074607.0,1742414399999,55294377.5129,169912
XRPUSDT,1742414400000,2.4878,2.5168,2.4762,2.4897,9989080.0,1742417999999,24956036.5298,73840
XRPUSDT,1742418000000,2.4896,2.52,2.4882,2.5046,8679249.0,1742421599999,21759528.3189,61156
XRPUSDT,1742421600000,2.5046,2.5672,2.5045,2.5309,13635585.0,1742425199999,34559702.0787,96227
XRPUSDT,1742425200000,2.531,2.5579,2.531,2.5469,9128794.0,1742428799999,23244278.8768,78251
XRPUSDT,1742428800000,2.5469,2.5638,2.4972,2.5051,18435458.0,1742432399999,46601069.9157,135458
XRPUSDT,1742432400000,2.5051,2.5168,2.4856,2.4958,12573965.0,1742435999999,31491106.492,81631
XRPUSDT,1742436000000,2.4958,2.4989,2.4784,2.4944,6520214.0,1742439599999,16225843.8292,56234
XRPUSDT,1742439600000,2.4944,2.4967,2.4817,2.4845,4587786.0,1742443199999,11416734.6215,31621
XRPUSDT,1742443200000,2.4845,2.4873,2.4534,2.4651,10720168.0,1742446799999,26445118.132,68077
XRPUSDT,1742446800000,2.4651,2.4706,2.4312,2.4491,10133472.0,1742450399999,24806375.5387,72595
XRPUSDT,1742450400000,2.4492,2.4646,2.4438,2.4531,6412693.0,1742453999999,15731676.7549,46591
XRPUSDT,1742454000000,2.4531,2.4703,2.4438,2.4644,5758142.0,1742457599999,14139494.5057,47935
XRPUSDT,1742457600000,2.4643,2.518,2.464,2.5112,14449449.0,1742461199999,35956783.538,94384
XRPUSDT,1742461200000,2.5111,2.5182,2.488,2.5123,12437560.0,1742464799999,31152905.7121,102950
XRPUSDT,1742464800000,2.5122,2.5176,2.4671,2.4792,9424503.0,1742468399999,23440196.0436,116730
XRPUSDT,1742468400000,2.4792,2.4938,2.4683,2.4909,5278017.0,1742471999999,13100031.0127,62641
XRPUSDT,1742472000000,2.4909,2.5002,2.4761,2.494,4784491.0,1742475599999,11894045.9626,49532
XRPUSDT,1742475600000,2.494,2.5091,2.4759,2.5007,8647040.0,1742479199999,21557405.3457,88205
XRPUSDT,1742479200000,2.5006,2.5186,2.4923,2.499,10837381.0,1742482799999,27160822.3555,107533
XRPUSDT,1742482800000,2.499,2.501,2.4374,2.4388,20131406.0,1742486399999,49603707.9637,187777
XRPUSDT,1742486400000,2.4387,2.458,2.389,2.4027,22548912.0,1742489999999,54528539.5342,196609
XRPUSDT,1742490000000,2.4026,2.4319,2.4005,2.4261,12626575.0,1742493599999,30509475.1609,93162
XRPUSDT,1742493600000,2.4261,2.4485,2.4247,2.4305,6354276.0,1742497199999,15485552.5172,62654
XRPUSDT,1742497200000,2.4305,2.4426,2.4187,2.4363,5449633.0,1742500799999,13245627.8947,53300
XRPUSDT,1742500800000,2.4362,2.455,2.4356,2.4459,3858974.0,1742504399999,9448310.2783,33846
XRPUSDT,1742504400000,2.4459,2.4492,2.4284,2.4381,4742563.0,1742507999999,11557130.2704,35727
XRPUSDT,1742508000000,2.438,2.4426,2.4183,2.4228,4509581.0,1742511599999,10941318.4727,51752
XRPUSDT,1742511600000,2.4228,2.4377,2.4131,2.4361,4350833.0,1742515199999,10550986.0239,33816
XRPUSDT,1742515200000,2.436,2.4446,2.4213,2.4387,3578767.0,1742518799999,8708449.8162,44287
XRPUSDT,1742518800000,2.4387,2.4643,2.4359,2.4616,7349298.0,1742522399999,18017183.6374,52619
XRPUSDT,1742522400000,2.4615,2.4669,2.4292,2.4334,7205570.0,1742525999999,17618627.5383,61033
XRPUSDT,1742526000000,2.4335,2.4349,2.4125,2.4237,6793721.0,1742529599999,16461411.0657,42484
XRPUSDT,1742529600000,2.4236,2.4352,2.4216,2.4254,4650976.0,1742533199999,11303340.9066,30591
XRPUSDT,1742533200000,2.4253,2.4262,2.4082,2.4198,5019188.0,1742536799999,12127173.0743,39100
XRPUSDT,1742536800000,2.4199,2.4199,2.3997,2.4066,6923708.0,1742540399999,16670786.0312,53896
XRPUSDT,1742540400000,2.4065,2.4138,2.3834,2.4083,11889459.0,1742543999999,28484086.8878,68789
XRPUSDT,1742544000000,2.4083,2.418,2.3888,2.4072,7390807.0,1742547599999,17776185.7571,64339
XRPUSDT,1742547600000,2.4072,2.4205,2.3955,2.405,5732251.0,1742551199999,13817904.0997,42676
XRPUSDT,1742551200000,2.4051,2.4055,2.3713,2.3881,7750846.0,1742554799999,18492693.6758,60614
XRPUSDT,1742554800000,2.3881,2.3915,2.3734,2.3883,5799175.0,1742558399999,13813970.4522,47931
XRPUSDT,1742558400000,2.3882,2.399,2.3644,2.3688,7408531.0,1742561999999,17640583.6212,60173
XRPUSDT,1742562000000,2.3688,2.3863,2.3564,2.3823,8721259.0,1742565599999,20675717.2615,87339
XRPUSDT,1742565600000,2.3824,2.3889,2.3607,2.3867,7980724.0,1742569199999,18974927.9554,72053
XRPUSDT,1742569200000,2.3866,2.39,2.368,2.3726,5268972.0,1742572799999,12530501.5151,44645
XRPUSDT,1742572800000,2.3725,2.3982,2.3614,2.3969,6351574.0,1742576399999,15115822.3017,55011
XRPUSDT,1742576400000,2.3968,2.4085,2.3875,2.4027,4859296.0,1742579999999,11650495.0621,34055
XRPUSDT,1742580000000,2.4028,2.4242,2.4008,2.4012,7136062.0,1742583599999,17208549.8998,49379
XRPUSDT,1742583600000,2.4013,2.4118,2.3948,2.402,3416585.0,1742587199999,8206739.2365,35646
XRPUSDT,1742587200000,2.402,2.4046,2.392,2.4019,1904434.0,1742590799999,4566884.1779,24560
XRPUSDT,1742590800000,2.4019,2.4156,2.3935,2.3977,4038420.0,1742594399999,9705673.4753,30299
XRPUSDT,1742594400000,2.3977,2.3982,2.3784,2.3875,3546719.0,1742597999999,8464490.9728,33454
XRPUSDT,1742598000000,2.3874,2.3937,2.3746,2.3809,2316724.0,1742601599999,5522340.5671,24840
XRPUSDT,1742601600000,2.3809,2.4056,2.3735,2.3986,4983431.0,1742605199999,11921306.7483,41224
XRPUSDT,1742605200000,2.3986,2.407,2.3834,2.3886,3211624.0,1742608799999,7693511.7695,29190
XRPUSDT,1742608800000,2.3887,2.3963,2.3845,2.3903,2008716.0,1742612399999,4801520.8739,20593
XRPUSDT,1742612400000,2.3903,2.3912,2.3806,2.3891,1767353.0,1742615999999,4216368.3831,19453
XRPUSDT,1742616000000,2.3891,2.3994,2.3846,2.3973,1619483.0,1742619599999,3873647.3713,17698
XRPUSDT,1742619600000,2.3973,2.4013,2.3902,2.3934,1745186.0,1742623199999,4181633.0087,16836
XRPUSDT,1742623200000,2.3934,2.4053,2.3923,2.4033,2785901.0,1742626799999,6690590.9607,19421
XRPUSDT,1742626800000,2.4033,2.4133,2.3991,2.4014,2843902.0,1742630399999,6843747.3946,22374
XRPUSDT,1742630400000,2.4015,2.4057,2.3948,2.404,2800106.0,1742633999999,6720671.7878,20093
XRPUSDT,1742634000000,2.404,2.417,2.4016,2.4059,3410587.0,1742637599999,8216917.9032,29095
XRPUSDT,1742637600000,2.4059,2.4089,2.3952,2.3966,2679069.0,1742641199999,6434086.6326,25558
XRPUSDT,1742641200000,2.3965,2.3983,2.3849,2.3939,4189344.0,1742644799999,10017671.9887,29606
XRPUSDT,1742644800000,2.3938,2.397,2.3875,2.3948,2093627.0,1742648399999,5008583.5122,23447
XRPUSDT,1742648400000,2.3949,2.3963,2.3776,2.3882,2757851.0,1742651999999,6576915.594,27638
XRPUSDT,1742652000000,2.3881,2.3881,2.3689,2.3705,3504045.0,1742655599999,8325458.1106,33945
XRPUSDT,1742655600000,2.3706,2.3797,2.3668,2.378,2946586.0,1742659199999,6990348.0853,30682
XRPUSDT,1742659200000,2.3779,2.3871,2.3733,2.3842,3010499.0,1742662799999,7169251.6105,30168
XRPUSDT,1742662800000,2.3843,2.3926,2.3805,2.3921,3550080.0,1742666399999,8474635.3038,22690
XRPUSDT,1742666400000,2.3921,2.3932,2.3847,2.3879,1981914.0,1742669999999,4735322.4031,18768
XRPUSDT,1742670000000,2.3879,2.3894,2.3784,2.3811,2494665.0,1742673599999,5947256.1211,17489
XRPUSDT,1742673600000,2.3811,2.3839,2.3721,2.3721,2403036.0,1742677199999,5716960.9245,20940
XRPUSDT,1742677200000,2.3722,2.3753,2.3594,2.3685,5168168.0,1742680799999,12235430.7664,32824
XRPUSDT,1742680800000,2.3684,2.3762,2.3637,2.3657,2209104.0,1742684399999,5237597.9091,26023
XRPUSDT,1742684400000,2.3656,2.372,2.3598,2.3711,2919288.0,1742687999999,6905733.6607,24112
XRPUSDT,1742688000000,2.3712,2.3794,2.365,2.3747,3171427.0,1742691599999,7527633.9792,36095
XRPUSDT,1742691600000,2.3747,2.3844,2.369,2.38,2905960.0,1742695199999,6909534.6972,27424
XRPUSDT,1742695200000,2.38,2.3886,2.3741,2.3864,2688043.0,1742698799999,6400931.4446,21548
XRPUSDT,1742698800000,2.3863,2.3925,2.3831,2.3884,2279228.0,1742702399999,5443901.3371,19603
XRPUSDT,1742702400000,2.3884,2.3906,2.3796,2.3813,2379593.0,1742705999999,5674032.8004,20168
XRPUSDT,1742706000000,2.3814,2.3883,2.377,2.3883,2344517.0,1742709599999,5586587.2387,18247
XRPUSDT,1742709600000,2.3882,2.3935,2.3855,2.3914,2541432.0,1742713199999,6071879.361,19291
XRPUSDT,1742713200000,2.3915,2.4015,2.3909,2.3954,2683498.0,1742716799999,6432507.285,20670
XRPUSDT,1742716800000,2.3954,2.3964,2.3889,2.3941,1985370.0,1742720399999,4750778.2461,16405
XRPUSDT,1742720400000,2.3942,2.3995,2.385,2.3872,2867074.0,1742723999999,6861555.1845,18193
XRPUSDT,1742724000000,2.3872,2.398,2.3849,2.3959,3488845.0,1742727599999,8345712.0811,20254
XRPUSDT,1742727600000,2.3959,2.4282,2.3959,2.4052,9702727.0,1742731199999,23408488.477,74709
XRPUSDT,1742731200000,2.4051,2.4113,2.396,2.4027,3201740.0,1742734799999,7692657.3016,28491
XRPUSDT,1742734800000,2.4026,2.4204,2.3938,2.4181,3976525.0,1742738399999,9583122.921,30252
XRPUSDT,1742738400000,2.4181,2.4236,2.4059,2.4091,4993438.0,1742741999999,12055453.7759,35674
XRPUSDT,1742742000000,2.4091,2.4197,2.4028,2.4133,3017771.0,1742745599999,7278031.6234,29168
XRPUSDT,1742745600000,2.4133,2.4174,2.3946,2.4004,3981754.0,1742749199999,9576152.6195,32528
XRPUSDT,1742749200000,2.4005,2.4106,2.394,2.4005,2594924.0,1742752799999,6235343.87,26274
XRPUSDT,1742752800000,2.4005,2.4015,2.3859,2.3909,2803046.0,1742756399999,6706683.887,26207
XRPUSDT,1742756400000,2.3909,2.4025,2.3874,2.4003,2099742.0,1742759999999,5032603.8649,20316
XRPUSDT,1742760000000,2.4004,2.409,2.4001,2.4019,1576648.0,1742763599999,3791305.035,18997
XRPUSDT,1742763600000,2.4019,2.402,2.3881,2.4011,2032024.0,1742767199999,4866251.0951,16676
XRPUSDT,1742767200000,2.4011,2.427,2.4003,2.4175,5926453.0,1742770799999,14309940.6011,45568
XRPUSDT,1742770800000,2.4175,2.4409,2.4174,2.4393,6929867.0,1742774399999,16834845.1929,53222
XRPUSDT,1742774400000,2.4392,2.4578,2.4251,2.4353,7754621.0,1742777999999,18929088.0226,78478
XRPUSDT,1742778000000,2.4354,2.4369,2.4134,2.4154,5859284.0,1742781599999,14196831.9609,52271
XRPUSDT,1742781600000,2.4153,2.4357,2.4139,2.4314,3843959.0,1742785199999,9321545.6021,34551
XRPUSDT,1742785200000,2.4313,2.455,2.4304,2.4434,6174394.0,1742788799999,15088865.9435,50433
XRPUSDT,1742788800000,2.4434,2.4587,2.4433,2.4514,6440045.0,1742792399999,15792956.6061,45560
XRPUSDT,1742792400000,2.4514,2.4694,2.4492,2.4523,8083207.0,1742795999999,19886340.0133,45145
XRPUSDT,1742796000000,2.4524,2.4679,2.4524,2.4571,5738588.0,1742799599999,14114162.7732,37880
XRPUSDT,1742799600000,2.457,2.4653,2.4383,2.4433,8103280.0,1742803199999,19869737.7811,38276
XRPUSDT,1742803200000,2.4432,2.4686,2.443,2.4624,7486085.0,1742806799999,18379862.2937,44218
XRPUSDT,1742806800000,2.4624,2.4663,2.4531,2.4628,4473542.0,1742810399999,11003488.8126,27600
XRPUSDT,1742810400000,2.4628,2.4772,2.4597,2.4706,6334549.0,1742813999999,15646723.621,33252
XRPUSDT,1742814000000,2.4706,2.4715,2.4555,2.4594,4480184.0,1742817599999,11030976.67,28706
XRPUSDT,1742817600000,2.4595,2.4608,2.4481,2.4542,5079974.0,1742821199999,12466266.0217,34319
XRPUSDT,1742821200000,2.4541,2.4597,2.4422,2.4569,5739474.0,1742824799999,14071324.7047,44688
XRPUSDT,1742824800000,2.4568,2.5044,2.455,2.468,15038360.0,1742828399999,37320338.7807,103020
XRPUSDT,1742828400000,2.468,2.4782,2.4604,2.4738,4861306.0,1742831999999,12010253.1032,41510
XRPUSDT,1742832000000,2.4738,2.475,2.4459,2.4588,5979507.0,1742835599999,14693841.7801,41892
XRPUSDT,1742835600000,2.4589,2.4752,2.4543,2.4692,7638175.0,1742839199999,18845026.8154,40461
XRPUSDT,1742839200000,2.4692,2.4766,2.458,2.4742,3783177.0,1742842799999,9334386.0833,29117
XRPUSDT,1742842800000,2.4743,2.4758,2.4621,2.4653,3152445.0,1742846399999,7785963.2185,26636
XRPUSDT,1742846400000,2.4653,2.477,2.4546,2.4584,3352168.0,1742849999999,8265666.6597,22652
XRPUSDT,1742850000000,2.4584,2.4687,2.455,2.459,2623002.0,1742853599999,6456191.9718,20993
XRPUSDT,1742853600000,2.459,2.461,2.4456,2.4489,3747451.0,1742857199999,9187174.2882,27934
XRPUSDT,1742857200000,2.4488,2.452,2.4273,2.4501,4824613.0,1742860799999,11768234.2794,36364
XRPUSDT,1742860800000,2.4501,2.4665,2.4424,2.4536,6441599.0,1742864399999,15825874.7464,38741
XRPUSDT,1742864400000,2.4536,2.4536,2.4271,2.4369,4748972.0,1742867999999,11589826.8266,36481
XRPUSDT,1742868000000,2.4369,2.4378,2.4215,2.4254,3164001.0,1742871599999,7689056.9677,27312
XRPUSDT,1742871600000,2.4255,2.4304,2.4087,2.4142,6394437.0,1742875199999,15466912.4094,40773
XRPUSDT,1742875200000,2.4142,2.426,2.4071,2.4255,3162878.0,1742878799999,7647256.2936,24749
XRPUSDT,1742878800000,2.4255,2.4327,2.423,2.4299,2651820.0,1742882399999,6438276.0779,22802
XRPUSDT,1742882400000,2.43,2.4353,2.4128,2.4146,4963585.0,1742885999999,12025626.0492,29692
XRPUSDT,1742886000000,2.4145,2.4266,2.4141,2.4227,3165076.0,1742889599999,7659389.0335,23532
XRPUSDT,1742889600000,2.4226,2.4371,2.4203,2.4338,3502281.0,1742893199999,8509915.2341,25412
XRPUSDT,1742893200000,2.4337,2.4428,2.4304,2.4401,4231564.0,1742896799999,10307381.2532,25477
XRPUSDT,1742896800000,2.44,2.4476,2.4331,2.4431,2336337.0,1742900399999,5701834.9287,22884
XRPUSDT,1742900400000,2.4431,2.45,2.4366,2.4446,3846127.0,1742903999999,9402225.2272,28307
XRPUSDT,1742904000000,2.4447,2.4466,2.4291,2.4315,4066680.0,1742907599999,9912392.6209,27745
XRPUSDT,1742907600000,2.4316,2.4578,2.4267,2.4402,6698972.0,1742911199999,16372827.034,62904
XRPUSDT,1742911200000,2.4403,2.4549,2.4297,2.4501,5029519.0,1742914799999,12293610.9447,51007
XRPUSDT,1742914800000,2.4501,2.4555,2.435,2.4377,5055690.0,1742918399999,12352206.9844,41059
XRPUSDT,1742918400000,2.4378,2.4442,2.4243,2.432,4929405.0,1742921999999,12002618.1331,39940
XRPUSDT,1742922000000,2.432,2.4783,2.432,2.4638,10896238.0,1742925599999,26791347.8011,76067
XRPUSDT,1742925600000,2.4638,2.4754,2.4416,2.4519,7567593.0,1742929199999,18613246.3294,52857
XRPUSDT,1742929200000,2.4518,2.4627,2.4503,2.4592,3007971.0,1742932799999,7393210.503,30420
XRPUSDT,1742932800000,2.4592,2.47,2.45,2.4518,3445267.0,1742936399999,8480108.5458,31622
XRPUSDT,1742936400000,2.4518,2.4616,2.4422,2.4432,3145642.0,1742939999999,7711402.2757,19354
XRPUSDT,1742940000000,2.4431,2.447,2.4335,2.4441,2952116.0,1742943599999,7206977.5907,25880
XRPUSDT,1742943600000,2.4441,2.4527,2.437,2.4492,1902571.0,1742947199999,4653911.5298,20207
XRPUSDT,1742947200000,2.4491,2.4578,2.4432,2.455,3248626.0,1742950799999,7965624.2184,29730
XRPUSDT,1742950800000,2.4551,2.4794,2.454,2.469,7309185.0,1742954399999,18051573.8121,40631
XRPUSDT,1742954400000,2.4691,2.4722,2.4393,2.4413,5162754.0,1742957999999,12672028.0836,36584
XRPUSDT,1742958000000,2.4413,2.4507,2.4355,2.4383,3736533.0,1742961599999,9127194.342,27229
XRPUSDT,1742961600000,2.4383,2.4506,2.4354,2.4484,2043083.0,1742965199999,4994063.0955,16527
XRPUSDT,1742965200000,2.4483,2.4587,2.4426,2.4561,2400587.0,1742968799999,5882314.5671,18368
XRPUSDT,1742968800000,2.4561,2.4574,2.4494,2.4557,2513751.0,1742972399999,6167173.3803,18391
XRPUSDT,1742972400000,2.4557,2.4707,2.4503,2.465,6864748.0,1742975999999,16894776.5368,36992
XRPUSDT,1742976000000,2.4651,2.4723,2.4595,2.464,4291172.0,1742979599999,10580841.3026,30474
XRPUSDT,1742979600000,2.464,2.4729,2.458,2.4652,2869649.0,1742983199999,7073845.243,26550
XRPUSDT,1742983200000,2.4652,2.4693,2.4601,2.4632,4692800.0,1742986799999,11566705.2526,28580
XRPUSDT,1742986800000,2.4632,2.47,2.4509,2.4567,8202632.0,1742990399999,20195402.3192,39128
XRPUSDT,1742990400000,2.4567,2.4592,2.4438,2.4524,4296136.0,1742993999999,10523089.3478,32163
XRPUSDT,1742994000000,2.4524,2.4525,2.4127,2.4169,11678252.0,1742997599999,28413129.499,73962
XRPUSDT,1742997600000,2.4169,2.4296,2.3952,2.4088,14028825.0,1743001199999,33815356.6568,96066
XRPUSDT,1743001200000,2.4088,2.417,2.4013,2.4054,6606663.0,1743004799999,15925926.8616,44531
XRPUSDT,1743004800000,2.4053,2.4135,2.3986,2.4023,4429843.0,1743008399999,10651445.0445,39861
XRPUSDT,1743008400000,2.4022,2.4058,2.379,2.389,8183260.0,1743011999999,19575151.4454,65246
XRPUSDT,1743012000000,2.389,2.3932,2.3673,2.3704,4298035.0,1743015599999,10237778.2128,41543
XRPUSDT,1743015600000,2.3703,2.3854,2.3584,2.3717,8520202.0,1743019199999,20198350.2141,67894
XRPUSDT,1743019200000,2.3716,2.3887,2.3603,2.3818,5893920.0,1743022799999,14019865.1883,48405
XRPUSDT,1743022800000,2.3819,2.3838,2.3333,2.3635,7232388.0,1743026399999,17077804.4429,59352
XRPUSDT,1743026400000,2.3634,2.3636,2.3382,2.3431,5943877.0,1743029999999,13959543.9732,54955
XRPUSDT,1743030000000,2.3431,2.3516,2.328,2.3494,6366161.0,1743033599999,14902861.042,55625
XRPUSDT,1743033600000,2.3494,2.3699,2.3451,2.3658,8858080.0,1743037199999,20884600.153,59953
XRPUSDT,1743037200000,2.3658,2.3742,2.3604,2.371,5090052.0,1743040799999,12053975.6846,34292
XRPUSDT,1743040800000,2.371,2.39,2.3693,2.3846,4400083.0,1743044399999,10470383.2894,32475
XRPUSDT,1743044400000,2.3846,2.3859,2.3759,2.378,2461529.0,1743047999999,5859345.6151,21716
XRPUSDT,1743048000000,2.3781,2.3807,2.3693,2.3747,3414389.0,1743051599999,8107565.0306,20927
XRPUSDT,1743051600000,2.3746,2.3746,2.3554,2.3575,3611006.0,1743055199999,8542983.3877,23469
XRPUSDT,1743055200000,2.3575,2.3699,2.3559,2.3607,3813868.0,1743058799999,9010321.8821,26077
XRPUSDT,1743058800000,2.3608,2.3696,2.3519,2.3645,6100400.0,1743062399999,14399071.2352,33294
XRPUSDT,1743062400000,2.3645,2.3799,2.3618,2.3717,4096181.0,1743065999999,9716455.8383,41122
XRPUSDT,1743066000000,2.3718,2.3767,2.3645,2.3717,2706062.0,1743069599999,6415006.0965,27267
XRPUSDT,1743069600000,2.3716,2.3775,2.354,2.3572,3256271.0,1743073199999,7700195.0582,27266
XRPUSDT,1743073200000,2.3572,2.3666,2.3392,2.3432,5480546.0,1743076799999,12883375.5478,40028
XRPUSDT,1743076800000,2.3431,2.3477,2.324,2.337,8611322.0,1743080399999,20124883.6817,63520
XRPUSDT,1743080400000,2.337,2.3463,2.3021,2.3254,12480418.0,1743083999999,28956904.1391,113865
XRPUSDT,1743084000000,2.3253,2.365,2.3185,2.3631,8954311.0,1743087599999,20980655.9629,64680
XRPUSDT,1743087600000,2.3632,2.367,2.338,2.3402,7207733.0,1743091199999,16980760.1544,56499
XRPUSDT,1743091200000,2.3401,2.3522,2.3318,2.3338,4319326.0,1743094799999,10118474.3867,43773
XRPUSDT,1743094800000,2.3338,2.34,2.32,2.3219,5285184.0,1743098399999,12318247.3254,45555
XRPUSDT,1743098400000,2.3218,2.3562,2.3193,2.351,5314035.0,1743101999999,12435296.5082,34318
XRPUSDT,1743102000000,2.3511,2.3564,2.3385,2.3396,4407533.0,1743105599999,10351281.1152,31584
XRPUSDT,1743105600000,2.3395,2.3454,2.3292,2.339,3469306.0,1743109199999,8109958.4553,22922
XRPUSDT,1743109200000,2.339,2.36,2.3313,2.3536,2980455.0,1743112799999,6997089.1234,28678
XRPUSDT,1743112800000,2.3535,2.357,2.3468,2.3498,2507912.0,1743116399999,5893943.4555,21426
XRPUSDT,1743116400000,2.3498,2.3506,2.3346,2.341,3080800.0,1743119999999,7206365.1913,25609
XRPUSDT,1743120000000,2.3411,2.3414,2.3077,2.3358,5050009.0,1743123599999,11734833.1211,48354
XRPUSDT,1743123600000,2.3358,2.3433,2.3146,2.329,5005705.0,1743127199999,11664458.619,39119
XRPUSDT,1743127200000,2.3291,2.3363,2.3129,2.3187,4813476.0,1743130799999,11184460.2169,32387
XRPUSDT,1743130800000,2.3187,2.3199,2.3018,2.3104,5652665.0,1743134399999,13044404.9066,40811
XRPUSDT,1743134400000,2.3104,2.314,2.2605,2.2757,16911071.0,1743137999999,38591471.4026,117464
XRPUSDT,1743138000000,2.2757,2.2778,2.2461,2.2525,10833510.0,1743141599999,24504440.7653,79097
XRPUSDT,1743141600000,2.2525,2.2677,2.2375,2.2392,8737282.0,1743145199999,19679449.7573,52919
XRPUSDT,1743145200000,2.2393,2.25,2.2171,2.2208,12049509.0,1743148799999,26942110.8779,77363
XRPUSDT,1743148800000,2.2209,2.243,2.2184,2.2328,8734879.0,1743152399999,19510946.5208,69480
XRPUSDT,1743152400000,2.2327,2.2387,2.2183,2.2224,7449658.0,1743155999999,16595581.3635,49147
XRPUSDT,1743156000000,2.2224,2.2307,2.2,2.2074,10175389.0,1743159599999,22554079.7458,47262
XRPUSDT,1743159600000,2.2075,2.2281,2.1945,2.2271,13773373.0,1743163199999,30427169.3655,98826
XRPUSDT,1743163200000,2.227,2.2462,2.21,2.212,12953686.0,1743166799999,28844699.9549,83019
XRPUSDT,1743166800000,2.2121,2.223,2.19,2.1972,10959579.0,1743170399999,24206385.6153,74150
XRPUSDT,1743170400000,2.1973,2.2071,2.1746,2.1984,15471865.0,1743173999999,33895713.6762,108967
XRPUSDT,1743174000000,2.1984,2.199,2.177,2.1785,10535765.0,1743177599999,23067003.8373,71822
XRPUSDT,1743177600000,2.1785,2.1899,2.1535,2.1642,12418187.0,1743181199999,27011048.6215,83511
XRPUSDT,1743181200000,2.1641,2.1811,2.1591,2.1806,7041991.0,1743184799999,15280021.2631,56564
XRPUSDT,1743184800000,2.1807,2.1932,2.1782,2.1833,5983296.0,1743188399999,13081565.2403,37134
XRPUSDT,1743188400000,2.1833,2.1845,2.1694,2.1802,4637194.0,1743191999999,10097445.5924,39453
XRPUSDT,1743192000000,2.1802,2.1978,2.167,2.1732,6945962.0,1743195599999,15188402.7194,45977
XRPUSDT,1743195600000,2.1733,2.1863,2.1587,2.1827,5358462.0,1743199199999,11641225.2848,43003
XRPUSDT,1743199200000,2.1827,2.2068,2.1821,2.2067,4404652.0,1743202799999,9665292.8199,37041
XRPUSDT,1743202800000,2.2067,2.2119,2.1965,2.2073,5492516.0,1743206399999,12112576.9304,36420
XRPUSDT,1743206400000,2.2072,2.2267,2.2002,2.2067,6089898.0,1743209999999,13492008.2505,40799
XRPUSDT,1743210000000,2.2068,2.2174,2.183,2.1918,4663669.0,1743213599999,10256333.3636,40623
XRPUSDT,1743213600000,2.1918,2.199,2.1605,2.1614,4948913.0,1743217199999,10790669.2305,34038
XRPUSDT,1743217200000,2.1614,2.18,2.129,2.1763,10135527.0,1743220799999,21809241.0135,88231
XRPUSDT,1743220800000,2.1763,2.1862,2.1585,2.1666,3951722.0,1743224399999,8577922.4818,39169
XRPUSDT,1743224400000,2.1665,2.1669,2.14,2.1554,4339402.0,1743227999999,9336487.5879,34948
XRPUSDT,1743228000000,2.1554,2.1558,2.1245,2.1362,7755035.0,1743231599999,16567099.3366,51487
XRPUSDT,1743231600000,2.1362,2.1387,2.1112,2.1223,9261176.0,1743235199999,19685138.7171,62372
XRPUSDT,1743235200000,2.1223,2.1433,2.1176,2.1395,7821827.0,1743238799999,16675713.9395,50431
XRPUSDT,1743238800000,2.1394,2.1434,2.0871,2.1038,14886657.0,1743242399999,31392678.079,91133
XRPUSDT,1743242400000,2.1038,2.1072,2.0707,2.0722,16262253.0,1743245999999,33933238.3092,97364
XRPUSDT,1743246000000,2.0722,2.089,2.0607,2.0871,15068944.0,1743249599999,31220402.1296,114770
XRPUSDT,1743249600000,2.088,2.1112,2.0817,2.1035,11706929.0,1743253199999,24571509.2035,75880
XRPUSDT,1743253200000,2.1034,2.1409,2.1028,2.1384,12841036.0,1743256799999,27293280.2648,75501
XRPUSDT,1743256800000,2.1384,2.1384,2.1094,2.1169,8598133.0,1743260399999,18238306.2737,51124
XRPUSDT,1743260400000,2.1168,2.1279,2.1052,2.1073,4129288.0,1743263999999,8739971.3397,36084
XRPUSDT,1743264000000,2.1073,2.1195,2.0927,2.097,6188919.0,1743267599999,13049055.5,58374
XRPUSDT,1743267600000,2.0969,2.1363,2.0717,2.1123,13410686.0,1743271199999,28198013.4022,122147
XRPUSDT,1743271200000,2.1122,2.1335,2.1088,2.1193,7416895.0,1743274799999,15738044.4817,62134
XRPUSDT,1743274800000,2.1193,2.1329,2.1115,2.1328,3760530.0,1743278399999,7974149.5261,38884
XRPUSDT,1743278400000,2.1327,2.1328,2.102,2.1029,4546234.0,1743281999999,9619337.8717,40753
XRPUSDT,1743282000000,2.1029,2.1256,2.1023,2.1169,3537956.0,1743285599999,7481497.9155,34808
XRPUSDT,1743285600000,2.1169,2.1268,2.1107,2.1176,3054578.0,1743289199999,6473821.7425,26332
XRPUSDT,1743289200000,2.1177,2.1426,2.1147,2.1351,3968496.0,1743292799999,8451717.9945,25009
XRPUSDT,1743292800000,2.1352,2.1403,2.1159,2.1352,4132188.0,1743296399999,8801822.9665,37200
XRPUSDT,1743296400000,2.1351,2.1671,2.1337,2.1654,9289648.0,1743299999999,20017798.6576,62863
XRPUSDT,1743300000000,2.1654,2.1973,2.1632,2.1907,9558253.0,1743303599999,20847331.6238,65852
XRPUSDT,1743303600000,2.1908,2.2142,2.1802,2.1824,11708502.0,1743307199999,25732063.9074,79929
XRPUSDT,1743307200000,2.1823,2.1947,2.1731,2.1783,4944497.0,1743310799999,10798565.629,40959
XRPUSDT,1743310800000,2.1783,2.1923,2.1744,2.1786,3762391.0,1743314399999,8218506.2959,30306
XRPUSDT,1743314400000,2.1785,2.1844,2.1586,2.1788,5511905.0,1743317999999,11958692.1022,36342
XRPUSDT,1743318000000,2.1788,2.1938,2.173,2.1758,4908568.0,1743321599999,10727900.2944,37274
XRPUSDT,1743321600000,2.1758,2.1988,2.1744,2.1965,3255495.0,1743325199999,7121544.6579,34407
XRPUSDT,1743325200000,2.1966,2.1989,2.1774,2.1796,3915666.0,1743328799999,8564234.1387,30684
XRPUSDT,1743328800000,2.1796,2.1874,2.1538,2.16,6938483.0,1743332399999,15038251.5711,45851
XRPUSDT,1743332400000,2.16,2.176,2.1568,2.1626,5790799.0,1743335999999,12534309.5817,38327
XRPUSDT,1743336000000,2.1626,2.1692,2.1529,2.1576,4562219.0,1743339599999,9854397.9137,36607
XRPUSDT,1743339600000,2.1575,2.16,2.1266,2.1283,11427502.0,1743343199999,24457003.886,68315
XRPUSDT,1743343200000,2.1283,2.1523,2.123,2.1436,8857165.0,1743346799999,18938815.9145,52801
XRPUSDT,1743346800000,2.1437,2.1584,2.1361,2.1376,5183253.0,1743350399999,11119998.2742,37007
XRPUSDT,1743350400000,2.1377,2.1466,2.1166,2.1238,5328749.0,1743353999999,11354885.3756,39432
XRPUSDT,1743354000000,2.1238,2.1386,2.115,2.1311,3800967.0,1743357599999,8093287.5198,39001
XRPUSDT,1743357600000,2.1312,2.1614,2.1298,2.1599,5486778.0,1743361199999,11782357.8002,49280
XRPUSDT,1743361200000,2.1599,2.1711,2.1415,2.1434,4087383.0,1743364799999,8815350.0449,38774
XRPUSDT,1743364800000,2.1434,2.1487,2.1321,2.1375,3417247.0,1743368399999,7312699.2273,29722
XRPUSDT,1743368400000,2.1374,2.1568,2.1223,2.1322,3622437.0,1743371999999,7758688.0247,28527
XRPUSDT,1743372000000,2.1323,2.1638,2.1077,2.1407,9997190.0,1743375599999,21283545.7857,87719
XRPUSDT,1743375600000,2.1407,2.1419,2.1205,2.1369,3949281.0,1743379199999,8424771.9308,45312
XRPUSDT,1743379200000,2.1371,2.141,2.0807,2.0913,15119062.0,1743382799999,31760076.9818,122493
XRPUSDT,1743382800000,2.0913,2.1312,2.0876,2.1202,8586134.0,1743386399999,18127096.6499,84806
XRPUSDT,1743386400000,2.1203,2.1235,2.0916,2.1034,5820011.0,1743389999999,12252417.1942,53260
XRPUSDT,1743390000000,2.1034,2.1106,2.079,2.0811,8077650.0,1743393599999,16881081.9598,60106
XRPUSDT,1743393600000,2.0811,2.0973,2.0713,2.0886,7637951.0,1743397199999,15911032.1011,65221
XRPUSDT,1743397200000,2.0887,2.1149,2.0872,2.1015,5297966.0,1743400799999,11142358.9989,49427
XRPUSDT,1743400800000,2.1016,2.1057,2.0728,2.0791,9256118.0,1743404399999,19296415.067,66053
XRPUSDT,1743404400000,2.0792,2.0958,2.0538,2.0654,13672377.0,1743407999999,28252362.3819,99889
XRPUSDT,1743408000000,2.0654,2.0793,2.0543,2.0554,8519200.0,1743411599999,17622708.5641,65297
XRPUSDT,1743411600000,2.0555,2.0783,2.0338,2.0442,16745746.0,1743415199999,34376192.1016,119275
XRPUSDT,1743415200000,2.0443,2.0735,2.0238,2.0716,14796675.0,1743418799999,30286722.6565,100036
XRPUSDT,1743418800000,2.0716,2.0943,2.0527,2.0826,10079384.0,1743422399999,20866285.4371,67998
XRPUSDT,1743422400000,2.0827,2.1211,2.07,2.1032,13011922.0,1743425999999,27260331.0357,88060
XRPUSDT,1743426000000,2.1033,2.1148,2.0594,2.0793,14336283.0,1743429599999,29900378.4443,132551
XRPUSDT,1743429600000,2.0794,2.1233,2.0794,2.1128,14451926.0,1743433199999,30414978.7388,117272
XRPUSDT,1743433200000,2.1128,2.1415,2.1117,2.1187,11959287.0,1743436799999,25418410.5697,89247
XRPUSDT,1743436800000,2.1187,2.1319,2.1095,2.1121,6069298.0,1743440399999,12869658.4957,63546
XRPUSDT,1743440400000,2.1121,2.1263,2.0805,2.093,9115890.0,1743443999999,19133939.4547,70745
XRPUSDT,1743444000000,2.0931,2.125,2.0931,2.1152,4684380.0,1743447599999,9888540.1527,60815
XRPUSDT,1743447600000,2.1152,2.124,2.0889,2.0909,5439144.0,1743451199999,11445364.7932,48511
XRPUSDT,1743451200000,2.0909,2.1052,2.0847,2.086,4584055.0,1743454799999,9605763.9621,31509
XRPUSDT,1743454800000,2.0861,2.0967,2.085,2.0898,2674282.0,1743458399999,5590647.5476,25278
XRPUSDT,1743458400000,2.0897,2.0897,2.0751,2.0831,8238152.0,1743461999999,17153250.3131,46273
XRPUSDT,1743462000000,2.083,2.0995,2.0816,2.0899,7187018.0,1743465599999,15019013.7557,43609
XRPUSDT,1743465600000,2.0899,2.107,2.0695,2.0784,8267277.0,1743469199999,17266408.047,68237
XRPUSDT,1743469200000,2.0783,2.0851,2.065,2.0833,3434562.0,1743472799999,7127863.1519,40880
XRPUSDT,1743472800000,2.0833,2.1104,2.0828,2.1099,6650825.0,1743476399999,13965190.1991,39123
XRPUSDT,1743476400000,2.11,2.116,2.0945,2.098,6048026.0,1743479999999,12745408.1424,36395
XRPUSDT,1743480000000,2.098,2.1049,2.0924,2.1031,2601150.0,1743483599999,5460762.4879,27098
XRPUSDT,1743483600000,2.1031,2.12,2.0996,2.1032,4202449.0,1743487199999,8875568.7586,28804
XRPUSDT,1743487200000,2.1032,2.1068,2.0936,2.0993,8543078.0,1743490799999,17937073.4921,47510
XRPUSDT,1743490800000,2.0993,2.1164,2.0892,2.095,11268626.0,1743494399999,23672268.2056,62518
XRPUSDT,1743494400000,2.0951,2.1793,2.0944,2.1714,19848129.0,1743497999999,42447017.46,130521
XRPUSDT,1743498000000,2.1713,2.1999,2.1691,2.1863,18813095.0,1743501599999,41099951.5621,160135
XRPUSDT,1743501600000,2.1863,2.188,2.1482,2.1493,13686068.0,1743505199999,29637355.0022,107893
XRPUSDT,1743505200000,2.1492,2.1522,2.1238,2.134,11727213.0,1743508799999,25074349.836,81819
XRPUSDT,1743508800000,2.134,2.1499,2.1211,2.1326,9122285.0,1743512399999,19518700.745,73342
XRPUSDT,1743512400000,2.1327,2.1634,2.1315,2.152,8012123.0,1743515999999,17192722.7412,103462
XRPUSDT,1743516000000,2.152,2.1562,2.0942,2.1476,20634961.0,1743519599999,43841080.6829,178071
XRPUSDT,1743519600000,2.1476,2.1828,2.1463,2.1591,14605776.0,1743523199999,31599749.4564,163878
XRPUSDT,1743523200000,2.1591,2.1695,2.1416,2.1509,8803362.0,1743526799999,18966800.0013,99090
XRPUSDT,1743526800000,2.1508,2.1539,2.1363,2.144,4843102.0,1743530399999,10389147.7153,52686
XRPUSDT,1743530400000,2.1439,2.1449,2.121,2.1343,4484374.0,1743533999999,9557002.5454,60459
XRPUSDT,1743534000000,2.1342,2.1444,2.1264,2.1388,3105720.0,1743537599999,6633160.5732,45458
XRPUSDT,1743537600000,2.1387,2.1455,2.1213,2.1398,3690723.0,1743541199999,7876073.2833,44420
XRPUSDT,1743541200000,2.1398,2.1519,2.136,2.1436,3590367.0,1743544799999,7703629.1485,31855
XRPUSDT,1743544800000,2.1437,2.1538,2.1386,2.1439,4708978.0,1743548399999,10115670.8619,34892
XRPUSDT,1743548400000,2.144,2.1492,2.127,2.1387,5457690.0,1743551999999,11667575.0052,35093
XRPUSDT,1743552000000,2.1387,2.1397,2.11,2.1149,5972230.0,1743555599999,12694595.8673,49315
XRPUSDT,1743555600000,2.115,2.1196,2.1032,2.1103,5219003.0,1743559199999,11013708.4946,46809
XRPUSDT,1743559200000,2.1103,2.1131,2.085,2.0945,8172989.0,1743562799999,17120068.8794,62045
XRPUSDT,1743562800000,2.0945,2.1087,2.0933,2.0992,3618748.0,1743566399999,7607786.2068,33592
XRPUSDT,1743566400000,2.0991,2.105,2.0907,2.1004,4295440.0,1743569999999,9008894.729,36278
XRPUSDT,1743570000000,2.1004,2.1008,2.072,2.0728,7812207.0,1743573599999,16276458.8275,56468
XRPUSDT,1743573600000,2.0728,2.0884,2.0682,2.0706,7543204.0,1743577199999,15670635.9291,62788
XRPUSDT,1743577200000,2.0707,2.113,2.0672,2.109,9994698.0,1743580799999,20917314.4401,76312
XRPUSDT,1743580800000,2.109,2.1239,2.0988,2.1059,6870140.0,1743584399999,14506566.9776,57323
XRPUSDT,1743584400000,2.1059,2.1366,2.1049,2.1206,6342209.0,1743587999999,13454600.8619,74873
XRPUSDT,1743588000000,2.1206,2.1306,2.1098,2.1119,4603061.0,1743591599999,9763616.4087,48417
XRPUSDT,1743591600000,2.112,2.1256,2.1061,2.1141,5488644.0,1743595199999,11615085.3008,44834
XRPUSDT,1743595200000,2.114,2.13,2.1034,2.1283,6149712.0,1743598799999,13003770.7044,67912
XRPUSDT,1743598800000,2.1284,2.1408,2.0983,2.1166,9922269.0,1743602399999,21057801.1394,111896
XRPUSDT,1743602400000,2.1166,2.1318,2.103,2.1263,7616989.0,1743605999999,16148077.9632,91861
XRPUSDT,1743606000000,2.1262,2.1955,2.124,2.1727,44319510.0,1743609599999,96302096.7588,365120
XRPUSDT,1743609600000,2.1727,2.1803,2.1588,2.1611,10523549.0,1743613199999,22861080.4289,102372
XRPUSDT,1743613200000,2.161,2.1719,2.131,2.1405,11970070.0,1743616799999,25765299.6599,121106
XRPUSDT,1743616800000,2.1404,2.1512,2.1317,2.1427,5877327.0,1743620399999,12582838.1794,54183
XRPUSDT,1743620400000,2.1427,2.161,2.1373,2.1599,5956181.0,1743623999999,12790323.8545,57501
XRPUSDT,1743624000000,2.1599,2.233,2.1022,2.1264,56257789.0,1743627599999,121223475.2271,449652
XRPUSDT,1743627600000,2.1265,2.1306,2.0845,2.1049,14957631.0,1743631199999,31370794.3741,112381
XRPUSDT,1743631200000,2.1049,2.1049,1.9841,2.0191,43523522.0,1743634799999,88248815.2306,314964
XRPUSDT,1743634800000,2.019,2.0419,2.0009,2.0237,19895660.0,1743638399999,40274893.7764,156611
XRPUSDT,1743638400000,2.0237,2.064,2.0073,2.0635,22775672.0,1743641999999,46561119.3233,184673
XRPUSDT,1743642000000,2.0636,2.0721,2.0508,2.0556,16677168.0,1743645599999,34345472.8372,107569
XRPUSDT,1743645600000,2.0555,2.0635,2.042,2.0622,14827947.0,1743649199999,30458364.6137,79015
XRPUSDT,1743649200000,2.0622,2.0638,2.0479,2.0633,12250102.0,1743652799999,25166973.3025,56982
XRPUSDT,1743652800000,2.0634,2.0805,2.0552,2.0746,7848883.0,1743656399999,16232800.7168,47660
XRPUSDT,1743656400000,2.0746,2.082,2.0569,2.058,6540100.0,1743659999999,13531228.4634,42237
XRPUSDT,1743660000000,2.058,2.0619,2.0358,2.0408,12424351.0,1743663599999,25450211.4461,62168
XRPUSDT,1743663600000,2.0408,2.0565,2.031,2.0523,11795062.0,1743667199999,24077586.7658,71468
XRPUSDT,1743667200000,2.0522,2.0578,2.0413,2.0504,9001563.0,1743670799999,18455458.9967,66136
XRPUSDT,1743670800000,2.0505,2.0552,2.0405,2.0432,6324397.0,1743674399999,12950692.2411,56208
XRPUSDT,1743674400000,2.0431,2.0463,2.0139,2.0175,15714033.0,1743677999999,31865948.0616,107319
XRPUSDT,1743678000000,2.0174,2.0355,2.0137,2.0339,10396509.0,1743681599999,21059865.5841,85668
XRPUSDT,1743681600000,2.034,2.0424,1.9636,1.9739,31137401.0,1743685199999,62255046.9679,202899
XRPUSDT,1743685200000,1.9739,2.0255,1.9652,2.0093,18545556.0,1743688799999,37028771.9675,208744
XRPUSDT,1743688800000,2.0093,2.0104,1.96,1.9687,18859782.0,1743692399999,37428779.4091,165289
XRPUSDT,1743692400000,1.9686,2.0119,1.9672,2.0056,14983273.0,1743695999999,29833215.1576,140848
XRPUSDT,1743696000000,2.0056,2.0174,1.9917,1.9963,9449982.0,1743699599999,18940147.1201,94213
XRPUSDT,1743699600000,1.9964,2.0267,1.9957,2.0201,7107430.0,1743703199999,14314223.3889,71971
XRPUSDT,1743703200000,2.0201,2.052,2.0106,2.0449,8332771.0,1743706799999,16948427.7389,76537
XRPUSDT,1743706800000,2.045,2.075,2.0419,2.0538,8581788.0,1743710399999,17653369.0232,72100
XRPUSDT,1743710400000,2.0539,2.0632,2.0357,2.0561,5524501.0,1743713999999,11319503.1165,48161
XRPUSDT,1743714000000,2.056,2.0688,2.0446,2.062,4213251.0,1743717599999,8660310.3683,41720
XRPUSDT,1743717600000,2.0619,2.067,2.0535,2.0579,4662753.0,1743721199999,9608094.8316,47200
XRPUSDT,1743721200000,2.0579,2.0673,2.045,2.0648,5074874.0,1743724799999,10437299.7603,38494
XRPUSDT,1743724800000,2.0648,2.0724,2.0468,2.051,5068895.0,1743728399999,10441561.3422,49551
XRPUSDT,1743728400000,2.0511,2.0658,2.0361,2.0405,4835289.0,1743731999999,9919378.3119,49514
XRPUSDT,1743732000000,2.0406,2.0784,2.0406,2.0584,9118922.0,1743735599999,18805543.9954,72863
XRPUSDT,1743735600000,2.0584,2.0629,2.0458,2.0501,5963700.0,1743739199999,12243132.4802,56218
XRPUSDT,1743739200000,2.0501,2.0576,2.0427,2.0469,4006456.0,1743742799999,8211348.8212,36141
XRPUSDT,1743742800000,2.0469,2.0746,2.0436,2.0746,6085903.0,1743746399999,12553110.4532,49538
XRPUSDT,1743746400000,2.0746,2.0774,2.0536,2.0546,6817572.0,1743749999999,14085063.615,53806
XRPUSDT,1743750000000,2.0546,2.095,2.0545,2.0905,10061159.0,1743753599999,20922118.6038,75353
XRPUSDT,1743753600000,2.0905,2.1029,2.0889,2.0946,9553728.0,1743757199999,20021671.4403,79204
XRPUSDT,1743757200000,2.0946,2.0974,2.0842,2.0944,6830529.0,1743760799999,14283022.1265,47819
XRPUSDT,1743760800000,2.0944,2.0996,2.0418,2.0475,16971899.0,1743764399999,35001666.5352,129149
XRPUSDT,1743764400000,2.0475,2.0538,2.016,2.0479,16989224.0,1743767999999,34569132.7497,138356
XRPUSDT,1743768000000,2.0479,2.0799,2.0381,2.0685,15807635.0,1743771599999,32499215.8283,116673
XRPUSDT,1743771600000,2.0684,2.1626,2.0413,2.1185,24606566.0,1743775199999,51568310.1195,183595
XRPUSDT,1743775200000,2.1186,2.1382,2.0781,2.1057,24153244.0,1743778799999,50794761.8729,253702
XRPUSDT,1743778800000,2.1056,2.1537,2.104,2.1226,25968936.0,1743782399999,55445491.0402,246913
XRPUSDT,1743782400000,2.1227,2.1373,2.0986,2.1186,12936362.0,1743785999999,27371070.2664,121836
XRPUSDT,1743786000000,2.1185,2.147,2.1007,2.1415,10397604.0,1743789599999,22128263.5924,98196
XRPUSDT,1743789600000,2.1415,2.145,2.1163,2.1195,7153032.0,1743793199999,15237701.519,65577
XRPUSDT,1743793200000,2.1195,2.1369,2.1143,2.1285,4728586.0,1743796799999,10066726.601,49433
XRPUSDT,1743796800000,2.1284,2.1414,2.1128,2.1394,7544519.0,1743800399999,16077722.5824,49760
XRPUSDT,1743800400000,2.1395,2.1548,2.1283,2.1425,7298474.0,1743803999999,15637175.3389,46922
XRPUSDT,1743804000000,2.1425,2.1501,2.1348,2.1362,3238872.0,1743807599999,6933656.8681,27313
XRPUSDT,1743807600000,2.1362,2.1383,2.1192,2.1302,3401753.0,1743811199999,7236794.871,29092
XRPUSDT,1743811200000,2.1303,2.138,2.1184,2.1346,3400789.0,1743814799999,7236243.0239,37432
XRPUSDT,1743814800000,2.1346,2.1441,2.1259,2.127,2916867.0,1743818399999,6227758.284,33395
XRPUSDT,1743818400000,2.1271,2.1295,2.117,2.1208,2029827.0,1743821999999,4308438.9005,30339
XRPUSDT,1743822000000,2.1208,2.1234,2.1139,2.1175,1677446.0,1743825599999,3553354.036,20932
XRPUSDT,1743825600000,2.1175,2.128,2.1156,2.1194,1413922.0,1743829199999,2999398.2123,18190
XRPUSDT,1743829200000,2.1193,2.1356,2.1186,2.1312,2189475.0,1743832799999,4662805.6835,24618
XRPUSDT,1743832800000,2.1313,2.14,2.1232,2.1306,2363058.0,1743836399999,5038210.703,23832
XRPUSDT,1743836400000,2.1306,2.1378,2.1237,2.1366,2285497.0,1743839999999,4874560.5124,21842
XRPUSDT,1743840000000,2.1365,2.1397,2.1277,2.1336,2250810.0,1743843599999,4802368.9324,25153
XRPUSDT,1743843600000,2.1337,2.1466,2.132,2.1443,3017321.0,1743847199999,6455808.2891,24621
XRPUSDT,1743847200000,2.1444,2.1633,2.1422,2.1552,6548968.0,1743850799999,14097973.3985,47477
XRPUSDT,1743850800000,2.1553,2.1705,2.1497,2.1605,5791271.0,1743854399999,12510505.1379,47692
XRPUSDT,1743854400000,2.1604,2.1764,2.1417,2.149,8590538.0,1743857999999,18526780.8826,59529
XRPUSDT,1743858000000,2.1491,2.1539,2.1217,2.1327,7111061.0,1743861599999,15170838.4721,75180
XRPUSDT,1743861600000,2.1327,2.1478,2.1326,2.1344,4037541.0,1743865199999,8639029.1167,45333
XRPUSDT,1743865200000,2.1343,2.1345,2.1173,2.1226,5447408.0,1743868799999,11573604.1527,40636
XRPUSDT,1743868800000,2.1226,2.1314,2.1163,2.1237,3802345.0,1743872399999,8080351.3224,33708
XRPUSDT,1743872400000,2.1238,2.1309,2.1177,2.1247,2120743.0,1743875999999,4507258.5321,23133
XRPUSDT,1743876000000,2.1247,2.1387,2.1235,2.1354,1802931.0,1743879599999,3846362.0928,23845
XRPUSDT,1743879600000,2.1354,2.1375,2.1166,2.1194,2103784.0,1743883199999,4472382.7761,18769
XRPUSDT,1743883200000,2.1194,2.1341,2.1173,2.1294,2075573.0,1743886799999,4412088.5311,30413
XRPUSDT,1743886800000,2.1294,2.1362,2.123,2.128,2246717.0,1743890399999,4786000.9634,21387
XRPUSDT,1743890400000,2.128,2.1357,2.1269,2.1348,1419282.0,1743893999999,3024951.8078,12190
XRPUSDT,1743894000000,2.1348,2.1483,2.1293,2.1442,2396235.0,1743897599999,5126305.4979,26751
XRPUSDT,1743897600000,2.1443,2.1533,2.1377,2.1481,2489204.0,1743901199999,5346489.7053,30705
XRPUSDT,1743901200000,2.1482,2.1592,2.1434,2.1458,2591338.0,1743904799999,5574496.9425,28583
XRPUSDT,1743904800000,2.1458,2.1471,2.1321,2.1322,1744272.0,1743908399999,3730614.7011,21704
XRPUSDT,1743908400000,2.1321,2.1362,2.1231,2.1306,2650493.0,1743911999999,5642483.439,23137
XRPUSDT,1743912000000,2.1306,2.1365,2.1219,2.1343,2651951.0,1743915599999,5645774.2768,21946
XRPUSDT,1743915600000,2.1344,2.138,2.1253,2.1299,2309267.0,1743919199999,4923488.632,18227
XRPUSDT,1743919200000,2.13,2.1321,2.1092,2.1103,4986658.0,1743922799999,10570808.584,25230
XRPUSDT,1743922800000,2.1103,2.1121,2.0864,2.094,8037122.0,1743926399999,16852167.5642,60159
XRPUSDT,1743926400000,2.094,2.1005,2.084,2.1004,3877168.0,1743929999999,8115901.7582,34143
XRPUSDT,1743930000000,2.1004,2.1026,2.0933,2.0956,3170694.0,1743933599999,6651545.7197,23681
XRPUSDT,1743933600000,2.0955,2.0975,2.082,2.0894,3831438.0,1743937199999,8003638.9221,31621
XRPUSDT,1743937200000,2.0893,2.0909,2.0777,2.0851,3290084.0,1743940799999,6854970.9864,29517
XRPUSDT,1743940800000,2.0851,2.0914,2.0665,2.0697,5119281.0,1743944399999,10636501.6519,49445
XRPUSDT,1743944400000,2.0697,2.0743,2.0471,2.0507,7692039.0,1743947999999,15838926.7904,72970
XRPUSDT,1743948000000,2.0506,2.0949,2.0457,2.0927,7166647.0,1743951599999,14834419.6857,75424
XRPUSDT,1743951600000,2.0927,2.093,2.0724,2.0746,3900805.0,1743955199999,8112953.0159,40763
XRPUSDT,1743955200000,2.0745,2.0755,2.0571,2.0597,4285148.0,1743958799999,8855036.3234,50788
XRPUSDT,1743958800000,2.0596,2.0648,2.0259,2.0335,11752540.0,1743962399999,24037222.1527,124318
XRPUSDT,1743962400000,2.0336,2.0373,1.9758,1.996,28981721.0,1743965999999,58139299.0246,245027
XRPUSDT,1743966000000,1.996,2.0097,1.9782,1.9953,17881227.0,1743969599999,35675755.808,172432
XRPUSDT,1743969600000,1.9953,2.0042,1.9382,1.9492,28113004.0,1743973199999,55364950.3031,209382
XRPUSDT,1743973200000,1.9492,1.9959,1.9441,1.954,14470807.0,1743976799999,28552169.7147,119616
XRPUSDT,1743976800000,1.954,1.9782,1.9059,1.9167,32660837.0,1743980399999,63455338.9962,254648
XRPUSDT,1743980400000,1.9166,1.9343,1.8625,1.9218,43652575.0,1743983999999,82980490.557,300109
XRPUSDT,1743984000000,1.9218,1.9304,1.8664,1.9009,22547126.0,1743987599999,42794870.336,197956
XRPUSDT,1743987600000,1.9009,1.9542,1.9009,1.9337,22458486.0,1743991199999,43341492.2272,180401
XRPUSDT,1743991200000,1.9336,1.9394,1.8929,1.8949,13490580.0,1743994799999,25857978.4542,120492
XRPUSDT,1743994800000,1.8948,1.8977,1.8,1.8235,37171404.0,1743998399999,68328204.0428,314441
XRPUSDT,1743998400000,1.8235,1.8381,1.7791,1.8031,30093634.0,1744001999999,54405000.1868,284643
XRPUSDT,1744002000000,1.8031,1.8194,1.7504,1.7637,34253495.0,1744005599999,60962043.5292,293861
XRPUSDT,1744005600000,1.7637,1.7838,1.6134,1.6548,113070482.0,1744009199999,189767843.9761,586745
XRPUSDT,1744009200000,1.6549,1.7117,1.6507,1.6783,57145538.0,1744012799999,96283407.9783,361540
XRPUSDT,1744012800000,1.6782,1.7979,1.6737,1.7658,60013695.0,1744016399999,104699425.7736,350951
XRPUSDT,1744016400000,1.7657,1.7875,1.7393,1.7516,32179101.0,1744019999999,56674369.5679,205309
XRPUSDT,1744020000000,1.7515,1.8153,1.7462,1.7825,33839450.0,1744023599999,60573372.7225,247912
XRPUSDT,1744023600000,1.7826,1.8095,1.7489,1.7653,22506144.0,1744027199999,39974755.4361,112934
XRPUSDT,1744027200000,1.7654,1.8098,1.747,1.7972,29517804.0,1744030799999,52626396.4683,112438
XRPUSDT,1744030800000,1.7971,1.8847,1.748,1.8712,66452156.0,1744034399999,120953895.9655,200807
XRPUSDT,1744034400000,1.8715,2.0109,1.8508,1.8932,135456574.0,1744037999999,259546410.2621,287888
XRPUSDT,1744038000000,1.8933,1.9131,1.8442,1.8745,35426090.0,1744041599999,66447757.5583,86255
XRPUSDT,1744041600000,1.8744,1.8892,1.8378,1.8417,20621740.0,1744045199999,38463976.4968,48075
XRPUSDT,1744045200000,1.8416,1.9249,1.8415,1.9134,26352766.0,1744048799999,49764447.6607,59851
XRPUSDT,1744048800000,1.9137,1.9242,1.8886,1.891,16467726.0,1744052399999,31387247.4877,37477
XRPUSDT,1744052400000,1.8912,1.9204,1.8815,1.889,12610295.0,1744055999999,23954350.6976,31089
XRPUSDT,1744056000000,1.8893,1.9503,1.8886,1.9311,13046699.0,1744059599999,25155641.253,29042
XRPUSDT,1744059600000,1.9311,1.933,1.8986,1.9112,10637230.0,1744063199999,20375816.2178,24833
XRPUSDT,1744063200000,1.9114,1.9479,1.9103,1.9308,9342260.0,1744066799999,18072626.8019,22170
XRPUSDT,1744066800000,1.9307,1.9352,1.8949,1.8987,7581759.0,1744070399999,14499175.4199,20152
XRPUSDT,1744070400000,1.8986,1.9094,1.8621,1.8666,13451795.0,1744073999999,25322861.7626,41095
XRPUSDT,1744074000000,1.8666,1.924,1.8594,1.9196,11120251.0,1744077599999,21085227.4848,40475
XRPUSDT,1744077600000,1.9196,1.9356,1.9095,1.9121,8049054.0,1744081199999,15472515.5726,28274
XRPUSDT,1744081200000,1.9121,1.9227,1.8971,1.9043,5896930.0,1744084799999,11250055.5402,22620
XRPUSDT,1744084800000,1.9043,1.9192,1.8962,1.9167,5124410.0,1744088399999,9785616.5377,21266
XRPUSDT,1744088400000,1.9166,1.9195,1.8801,1.8937,6602635.0,1744091999999,12498642.6183,23771
XRPUSDT,1744092000000,1.8936,1.8936,1.8576,1.8605,12111054.0,1744095599999,22645372.7641,32665
XRPUSDT,1744095600000,1.8605,1.871,1.8478,1.868,9719106.0,1744099199999,18089303.9815,31786
XRPUSDT,1744099200000,1.8679,1.8748,1.8512,1.8734,8385709.0,1744102799999,15623073.4628,31950
XRPUSDT,1744102800000,1.8734,1.8889,1.865,1.8754,8592507.0,1744106399999,16127187.9571,31382
XRPUSDT,1744106400000,1.8755,1.8965,1.8717,1.8922,5799749.0,1744109999999,10940280.3823,25117
XRPUSDT,1744110000000,1.8923,1.9704,1.8867,1.9596,23653208.0,1744113599999,45745747.9883,72414
XRPUSDT,1744113600000,1.9596,1.973,1.9265,1.9527,22346336.0,1744117199999,43553293.7779,67817
XRPUSDT,1744117200000,1.9526,1.975,1.9376,1.9514,23189618.0,1744120799999,45339764.6559,69649
XRPUSDT,1744120800000,1.9515,1.9674,1.8978,1.8986,21796063.0,1744124399999,42083171.3661,61703
XRPUSDT,1744124400000,1.8986,1.9163,1.8908,1.905,13419098.0,1744127999999,25533762.7329,39735
XRPUSDT,1744128000000,1.9049,1.9097,1.8558,1.8639,19729817.0,1744131599999,37061236.376,53133
XRPUSDT,1744131600000,1.8639,1.8687,1.8054,1.8642,34515481.0,1744135199999,63468075.8762,90629
XRPUSDT,1744135200000,1.8643,1.8813,1.8463,1.8518,13461836.0,1744138799999,25064869.737,44801
XRPUSDT,1744138800000,1.852,1.8573,1.8107,1.8256,17991473.0,1744142399999,32898493.279,49621
XRPUSDT,1744142400000,1.8255,1.8436,1.8103,1.8332,11640252.0,1744145999999,21267073.1314,30970
XRPUSDT,1744146000000,1.8333,1.8398,1.7966,1.8272,11137895.0,1744149599999,20213407.0487,24271
XRPUSDT,1744149600000,1.8271,1.8282,1.777,1.8039,13514644.0,1744153199999,24284537.7546,44846
XRPUSDT,1744153200000,1.8038,1.8064,1.78,1.7963,9809423.0,1744156799999,17589008.6724,39363
XRPUSDT,1744156800000,1.7965,1.8138,1.7755,1.784,18894179.0,1744160399999,33881261.2183,66855
XRPUSDT,1744160400000,1.7841,1.7876,1.7218,1.7797,27750606.0,1744163999999,48688544.5133,103929
XRPUSDT,1744164000000,1.7799,1.7957,1.7615,1.7676,20289912.0,1744167599999,36086527.7013,50414
XRPUSDT,1744167600000,1.7676,1.775,1.7396,1.7476,10982116.0,1744171199999,19265481.5094,41813
XRPUSDT,1744171200000,1.7475,1.8026,1.7435,1.7856,19671762.0,1744174799999,34999226.0675,65598
XRPUSDT,1744174800000,1.7856,1.8171,1.7825,1.8021,16511260.0,1744178399999,29787157.7586,46679
XRPUSDT,1744178400000,1.8021,1.8261,1.7987,1.8018,10532015.0,1744181999999,19060319.6618,34012
XRPUSDT,1744182000000,1.8018,1.8386,1.8005,1.8317,15193190.0,1744185599999,27729185.4084,50152
XRPUSDT,1744185600000,1.8318,1.8454,1.8213,1.8284,8284911.0,1744189199999,15167703.5129,29394
XRPUSDT,1744189200000,1.8285,1.8351,1.8154,1.8273,6860456.0,1744192799999,12521923.177,21042
XRPUSDT,1744192800000,1.8273,1.842,1.818,1.8341,8465284.0,1744196399999,15482337.2889,25321
XRPUSDT,1744196400000,1.8341,1.8344,1.7637,1.7818,28790957.0,1744199999999,51598908.9856,87874
XRPUSDT,1744200000000,1.7818,1.8086,1.765,1.7947,15219072.0,1744203599999,27211580.88,41570
XRPUSDT,1744203600000,1.7946,1.8652,1.783,1.8236,27893876.0,1744207199999,50808328.514,87632
XRPUSDT,1744207200000,1.8236,1.848,1.8134,1.8146,21689228.0,1744210799999,39749198.1461,54910
XRPUSDT,1744210800000,1.8147,1.8428,1.8139,1.8287,12885531.0,1744214399999,23604633.0822,33721
XRPUSDT,1744214400000,1.8289,1.8663,1.8237,1.8636,13192526.0,1744217999999,24355787.943,31890
XRPUSDT,1744218000000,1.8636,2.0845,1.846,2.0707,121148149.0,1744221599999,240550578.253,327896
XRPUSDT,1744221600000,2.0707,2.0858,2.0024,2.0043,40654859.0,1744225199999,82997224.5097,112560
XRPUSDT,1744225200000,2.0044,2.051,2.0042,2.0389,17979206.0,1744228799999,36549656.0281,48068
XRPUSDT,1744228800000,2.039,2.0758,2.0321,2.0713,12848289.0,1744232399999,26326450.4004,32100
XRPUSDT,1744232400000,2.0711,2.0897,2.0532,2.0784,22843589.0,1744235999999,47400536.4476,60191
XRPUSDT,1744236000000,2.0783,2.0837,2.06,2.0662,8257624.0,1744239599999,17097079.8237,31181
XRPUSDT,1744239600000,2.0662,2.072,2.0464,2.0529,10876317.0,1744243199999,22343815.3536,35482
XRPUSDT,1744243200000,2.0529,2.0572,2.0085,2.0301,13048800.0,1744246799999,26469742.3174,61393
XRPUSDT,1744246800000,2.0301,2.0371,2.0125,2.0175,6368852.0,1744250399999,12896752.4663,33577
XRPUSDT,1744250400000,2.0175,2.0311,2.0075,2.0105,6395958.0,1744253999999,12912192.3216,32658
XRPUSDT,1744254000000,2.0105,2.0117,1.9708,2.0027,12881688.0,1744257599999,25619315.4512,70053
XRPUSDT,1744257600000,2.0027,2.0102,1.975,1.9971,11957231.0,1744261199999,23834640.0638,50655
XRPUSDT,1744261200000,1.997,2.0137,1.99,2.0053,8296879.0,1744264799999,16636440.8429,38154
XRPUSDT,1744264800000,2.0053,2.0176,1.9883,1.9964,8528073.0,1744268399999,17078991.6825,42022
XRPUSDT,1744268400000,1.9964,2.0078,1.9744,1.9903,10235053.0,1744271999999,20407756.1808,61394
XRPUSDT,1744272000000,1.9903,2.0014,1.9833,1.9893,4647385.0,1744275599999,9256991.0834,56656
XRPUSDT,1744275600000,1.9893,2.0117,1.9833,2.01,5201522.0,1744279199999,10410180.3185,59825
XRPUSDT,1744279200000,2.0099,2.0149,1.9915,2.0038,5458289.0,1744282799999,10927447.5927,64173
XRPUSDT,1744282800000,2.0038,2.0078,1.9802,2.0,5469392.0,1744286399999,10902520.0307,64303
XRPUSDT,1744286400000,1.9999,2.0449,1.989,2.0001,18186899.0,1744289999999,36665951.5388,170686
XRPUSDT,1744290000000,2.0002,2.0192,1.9726,1.9923,13614853.0,1744293599999,27195343.3941,160597
XRPUSDT,1744293600000,1.9922,2.0316,1.981,2.004,12895051.0,1744297199999,25907569.2229,139016
XRPUSDT,1744297200000,2.0039,2.0062,1.9223,1.9338,25689216.0,1744300799999,50179019.7707,221744
XRPUSDT,1744300800000,1.9338,1.9552,1.9235,1.952,14348893.0,1744304399999,27840353.5137,158200
XRPUSDT,1744304400000,1.952,1.9656,1.9348,1.9404,8979561.0,1744307999999,17503811.0626,102797
XRPUSDT,1744308000000,1.9405,1.9715,1.9366,1.9609,7295950.0,1744311599999,14269010.7382,80771
XRPUSDT,1744311600000,1.9609,1.9738,1.9514,1.9626,5938000.0,1744315199999,11644356.5598,60946
XRPUSDT,1744315200000,1.9625,1.9901,1.9621,1.9875,5078452.0,1744318799999,10033339.4569,48304
XRPUSDT,1744318800000,1.9875,1.9976,1.9687,1.9738,4702124.0,1744322399999,9329454.2534,50122
XRPUSDT,1744322400000,1.9739,1.9815,1.9662,1.9694,3955445.0,1744325999999,7810348.9607,47372
XRPUSDT,1744326000000,1.9694,1.9774,1.9583,1.9658,5517982.0,1744329599999,10852291.022,46255
XRPUSDT,1744329600000,1.9657,1.9761,1.9475,1.9514,6486336.0,1744333199999,12728774.3514,75970
XRPUSDT,1744333200000,1.9514,1.9991,1.9506,1.9946,7479598.0,1744336799999,14820408.473,79793
XRPUSDT,1744336800000,1.9946,2.0069,1.9822,1.9903,6101818.0,1744340399999,12172829.2026,65846
XRPUSDT,1744340400000,1.9902,2.0018,1.9883,2.0008,4043222.0,1744343999999,8073255.7533,49442
XRPUSDT,1744344000000,2.0007,2.0123,1.9974,2.0097,6228671.0,1744347599999,12504272.3971,49855
XRPUSDT,1744347600000,2.0098,2.0109,1.993,2.0013,4951118.0,1744351199999,9902555.1335,49026
XRPUSDT,1744351200000,2.0014,2.0137,1.9959,1.9988,6313564.0,1744354799999,12652622.7925,52347
XRPUSDT,1744354800000,1.9987,2.0101,1.9912,2.005,5517462.0,1744358399999,11037796.9612,42978
XRPUSDT,1744358400000,2.0051,2.0242,1.996,2.0068,8231784.0,1744361999999,16525310.1917,80233
XRPUSDT,1744362000000,2.0068,2.0231,1.9984,2.0227,6145616.0,1744365599999,12374954.7583,57972
XRPUSDT,1744365600000,2.0226,2.034,2.0055,2.0184,10145553.0,1744369199999,20497765.6479,76640
XRPUSDT,1744369200000,2.0183,2.021,2.0073,2.0095,6162300.0,1744372799999,12403121.0455,54712
XRPUSDT,1744372800000,2.0096,2.0215,1.997,2.0014,8023414.0,1744376399999,16105041.3224,65027
XRPUSDT,1744376400000,2.0014,2.0266,1.9919,2.0127,9960313.0,1744379999999,20008641.6126,103796
XRPUSDT,1744380000000,2.0126,2.0132,1.9844,1.9996,15519466.0,1744383599999,31042898.6743,109069
XRPUSDT,1744383600000,1.9995,2.0121,1.9883,2.0015,7081867.0,1744387199999,14164037.4911,70829
XRPUSDT,1744387200000,2.0015,2.0176,1.993,2.0105,5720818.0,1744390799999,11473342.2468,57674
XRPUSDT,1744390800000,2.0106,2.0459,2.0082,2.0402,9588280.0,1744394399999,19451758.3706,87699
XRPUSDT,1744394400000,2.0402,2.0647,2.03,2.0376,14930099.0,1744397999999,30569126.0766,108492
XRPUSDT,1744398000000,2.0376,2.0548,2.0374,2.0448,5949799.0,1744401599999,12183465.0786,60728
XRPUSDT,1744401600000,2.0447,2.0529,2.0365,2.0442,4094736.0,1744405199999,8364465.0884,36160
XRPUSDT,1744405200000,2.0441,2.0527,2.027,2.0304,6751204.0,1744408799999,13752746.1271,45180
XRPUSDT,1744408800000,2.0305,2.0342,2.0214,2.0221,6027263.0,1744412399999,12219352.3261,30808
XRPUSDT,1744412400000,2.0222,2.0275,2.0125,2.0225,3677210.0,1744415999999,7426897.2685,28756
XRPUSDT,1744416000000,2.0225,2.0266,2.0141,2.0203,4134676.0,1744419599999,8351216.9073,46037
XRPUSDT,1744419600000,2.0203,2.025,2.0114,2.0156,2913560.0,1744423199999,5872979.5417,33039
XRPUSDT,1744423200000,2.0156,2.0203,2.0042,2.0042,2637209.0,1744426799999,5307759.9289,31464
XRPUSDT,1744426800000,2.0043,2.0175,2.0033,2.0132,2331278.0,1744430399999,4687069.3235,24849
XRPUSDT,1744430400000,2.0133,2.0328,2.0095,2.0274,3838847.0,1744433999999,7760893.4373,41159
XRPUSDT,1744434000000,2.0275,2.0367,2.0265,2.0329,2752924.0,1744437599999,5592783.9499,32584
XRPUSDT,1744437600000,2.0328,2.0493,2.0328,2.0417,3908764.0,1744441199999,7984796.5091,32380
XRPUSDT,1744441200000,2.0418,2.0598,2.0397,2.0547,7952353.0,1744444799999,16318354.5147,40358
XRPUSDT,1744444800000,2.0548,2.0747,2.0508,2.0565,7203702.0,1744448399999,14843716.154,55623
XRPUSDT,1744448400000,2.0565,2.0722,2.0565,2.0662,3325048.0,1744451999999,6867975.0374,40544
XRPUSDT,1744452000000,2.0662,2.0677,2.0526,2.0612,4207462.0,1744455599999,8667656.1606,32847
XRPUSDT,1744455600000,2.0613,2.0694,2.0566,2.0619,3786323.0,1744459199999,7815486.1902,31088
XRPUSDT,1744459200000,2.0618,2.073,2.0599,2.0687,3374361.0,1744462799999,6971938.7724,38111
XRPUSDT,1744462800000,2.0687,2.1862,2.0671,2.152,31982044.0,1744466399999,68094207.6168,239923
XRPUSDT,1744466400000,2.152,2.1763,2.1441,2.1534,19782201.0,1744469999999,42689926.7719,176717
XRPUSDT,1744470000000,2.1535,2.1683,2.1459,2.1528,11865450.0,1744473599999,25596800.7088,98248
XRPUSDT,1744473600000,2.1528,2.1635,2.1329,2.1429,11343045.0,1744477199999,24368136.2173,84170
XRPUSDT,1744477200000,2.1429,2.1454,2.1166,2.1191,9690078.0,1744480799999,20625746.6831,78144
XRPUSDT,1744480800000,2.1191,2.1499,2.1189,2.1499,4609260.0,1744484399999,9837667.2165,46776
XRPUSDT,1744484400000,2.1498,2.1509,2.1309,2.1378,3809473.0,1744487999999,8155504.7648,41963
XRPUSDT,1744488000000,2.1379,2.1662,2.1354,2.1536,5726015.0,1744491599999,12330712.1649,57926
XRPUSDT,1744491600000,2.1536,2.1624,2.1461,2.1566,4286205.0,1744495199999,9243008.9192,39259
XRPUSDT,1744495200000,2.1567,2.1665,2.1526,2.1546,3868065.0,1744498799999,8356815.6396,39341
XRPUSDT,1744498800000,2.1545,2.1608,2.1505,2.1598,2528434.0,1744502399999,5451699.3744,33998
XRPUSDT,1744502400000,2.1597,2.1735,2.143,2.1607,5685215.0,1744505999999,12281379.5741,70965
XRPUSDT,1744506000000,2.1607,2.174,2.144,2.151,4808792.0,1744509599999,10385733.7959,69039
XRPUSDT,1744509600000,2.1511,2.1573,2.135,2.1509,5050225.0,1744513199999,10832081.3014,60638
XRPUSDT,1744513200000,2.151,2.1615,2.1421,2.1563,3626246.0,1744516799999,7804134.2072,41028
XRPUSDT,1744516800000,2.1563,2.1597,2.1353,2.1382,4246369.0,1744520399999,9119228.4676,46368
XRPUSDT,1744520400000,2.1383,2.1453,2.1268,2.1375,3957048.0,1744523999999,8445201.9336,48585
XRPUSDT,1744524000000,2.1376,2.1488,2.132,2.1415,2304882.0,1744527599999,4937635.132,35309
XRPUSDT,1744527600000,2.1415,2.1542,2.1386,2.1463,2818641.0,1744531199999,6053384.6076,35266
XRPUSDT,1744531200000,2.1464,2.1806,2.1351,2.1761,8166231.0,1744534799999,17652172.8171,71732
XRPUSDT,1744534800000,2.1762,2.2318,2.1694,2.2299,13738427.0,1744538399999,30204162.3313,118522
XRPUSDT,1744538400000,2.2298,2.2475,2.1944,2.2202,16034810.0,1744541999999,35544435.3176,150005
XRPUSDT,1744542000000,2.2202,2.2309,2.1852,2.201,15119185.0,1744545599999,33404084.2526,109954
XRPUSDT,1744545600000,2.2011,2.2062,2.1643,2.181,12741571.0,1744549199999,27797839.8257,108281
XRPUSDT,1744549200000,2.1809,2.1871,2.134,2.1434,14726788.0,1744552799999,31704544.6268,116008
XRPUSDT,1744552800000,2.1434,2.1599,2.1373,2.1494,6997023.0,1744556399999,15036471.4907,83275
XRPUSDT,1744556400000,2.1493,2.1511,2.1312,2.1476,5317171.0,1744559999999,11381357.3831,66419
XRPUSDT,1744560000000,2.1476,2.1763,2.1469,2.1588,8827726.0,1744563599999,19083214.3454,72816
XRPUSDT,1744563600000,2.1589,2.1822,2.1531,2.1746,6786294.0,1744567199999,14735031.7965,69579
XRPUSDT,1744567200000,2.1746,2.1853,2.1662,2.1682,4958935.0,1744570799999,10789903.7759,53647
XRPUSDT,1744570800000,2.1682,2.1698,2.097,2.1201,16768172.0,1744574399999,35613474.8355,138185
XRPUSDT,1744574400000,2.1202,2.1451,2.1057,2.1111,9229481.0,1744577999999,19583718.391,100563
XRPUSDT,1744578000000,2.1112,2.12,2.0891,2.1088,9699270.0,1744581599999,20395422.5999,92098
XRPUSDT,1744581600000,2.1089,2.1197,2.0863,2.0918,6744534.0,1744585199999,14151657.2001,70524
XRPUSDT,1744585200000,2.0919,2.1238,2.0801,2.1196,5745651.0,1744588799999,12081186.6163,71028
XRPUSDT,1744588800000,2.1196,2.1528,2.1124,2.1387,7271895.0,1744592399999,15547404.4261,94248
XRPUSDT,1744592400000,2.1387,2.1508,2.1281,2.1345,5098767.0,1744595999999,10907432.3761,61706
XRPUSDT,1744596000000,2.1346,2.1804,2.1277,2.1528,8027087.0,1744599599999,17304997.9248,90494
XRPUSDT,1744599600000,2.1527,2.155,2.1365,2.14,5574696.0,1744603199999,11967316.8333,54722
XRPUSDT,1744603200000,2.1401,2.1594,2.1343,2.1534,4280753.0,1744606799999,9187010.9622,45349
XRPUSDT,1744606800000,2.1534,2.1592,2.1293,2.1338,5930558.0,1744610399999,12689092.1395,54972
XRPUSDT,1744610400000,2.1337,2.1366,2.1182,2.1182,6981503.0,1744613999999,14856758.7001,60701
XRPUSDT,1744614000000,2.1182,2.1297,2.1038,2.1281,6381520.0,1744617599999,13520587.136,72784
XRPUSDT,1744617600000,2.1282,2.1432,2.1227,2.1378,4709968.0,1744621199999,10044719.7818,46909
XRPUSDT,1744621200000,2.1377,2.1449,2.1168,2.1273,4830809.0,1744624799999,10283357.0253,48362
XRPUSDT,1744624800000,2.1273,2.1538,2.1264,2.1477,6060242.0,1744628399999,12985369.2103,62193
XRPUSDT,1744628400000,2.1478,2.1568,2.1416,2.1562,5112609.0,1744631999999,10997370.2386,65094
XRPUSDT,1744632000000,2.1562,2.1685,2.1512,2.1604,6950647.0,1744635599999,15012155.7322,73358
XRPUSDT,1744635600000,2.1604,2.1665,2.1241,2.131,9871203.0,1744639199999,21160777.6162,110490
XRPUSDT,1744639200000,2.131,2.1785,2.1271,2.1601,8888519.0,1744642799999,19176333.3856,97561
XRPUSDT,1744642800000,2.16,2.1636,2.1102,2.116,12168461.0,1744646399999,25972234.8761,139426
XRPUSDT,1744646400000,2.1159,2.1439,2.1057,2.1311,7252799.0,1744649999999,15402002.4108,84981
XRPUSDT,1744650000000,2.1312,2.1551,2.131,2.1523,4382777.0,1744653599999,9396486.4152,47617
XRPUSDT,1744653600000,2.1524,2.1608,2.1435,2.1541,4431859.0,1744657199999,9546296.5606,43128
XRPUSDT,1744657200000,2.154,2.165,2.1499,2.1522,4772553.0,1744660799999,10307659.2886,51400
XRPUSDT,1744660800000,2.1523,2.1574,2.1416,2.1474,3047934.0,1744664399999,6549782.5059,33163
XRPUSDT,1744664400000,2.1474,2.148,2.1259,2.1402,2703397.0,1744667999999,5778809.257,29684
XRPUSDT,1744668000000,2.1402,2.1437,2.1306,2.1328,2158183.0,1744671599999,4610320.5547,34937
XRPUSDT,1744671600000,2.1329,2.1391,2.1226,2.1275,1684274.0,1744675199999,3587784.1336,34126
XRPUSDT,1744675200000,2.1276,2.1392,2.1186,2.1374,3495694.0,1744678799999,7443346.2902,47886
XRPUSDT,1744678800000,2.1374,2.1423,2.1166,2.1366,3233318.0,1744682399999,6888385.6205,47061
XRPUSDT,1744682400000,2.1365,2.1459,2.1195,2.1383,4221964.0,1744685999999,8995051.2442,41281
XRPUSDT,1744686000000,2.1383,2.1561,2.1351,2.1531,5413193.0,1744689599999,11620870.2004,49013
XRPUSDT,1744689600000,2.1531,2.1534,2.1387,2.1495,4055989.0,1744693199999,8705251.7243,35897
XRPUSDT,1744693200000,2.1495,2.16,2.1466,2.1474,3542146.0,1744696799999,7625914.3568,39226
XRPUSDT,1744696800000,2.1473,2.1513,2.1324,2.1324,4152017.0,1744700399999,8886847.9296,41581
XRPUSDT,1744700400000,2.1324,2.1552,2.1323,2.1517,3961235.0,1744703999999,8503740.5645,40462
XRPUSDT,1744704000000,2.1517,2.1576,2.1487,2.1551,3708562.0,1744707599999,7985545.2028,29723
XRPUSDT,1744707600000,2.1551,2.1853,2.152,2.1695,10680531.0,1744711199999,23174012.5695,82502
XRPUSDT,1744711200000,2.1694,2.1767,2.1469,2.1577,5690647.0,1744714799999,12286137.0294,62239
XRPUSDT,1744714800000,2.1577,2.1618,2.1456,2.1515,3832074.0,1744718399999,8245639.4455,45883
XRPUSDT,1744718400000,2.1515,2.1653,2.1502,2.1638,5802045.0,1744721999999,12529678.3155,58512
XRPUSDT,1744722000000,2.1637,2.185,2.1564,2.1606,9028242.0,1744725599999,19602258.9651,100334
XRPUSDT,1744725600000,2.1606,2.1707,2.1368,2.1428,10849407.0,1744729199999,23312492.7237,112344
XRPUSDT,1744729200000,2.1428,2.1523,2.1269,2.1348,9228149.0,1744732799999,19730556.2004,80285
XRPUSDT,1744732800000,2.1349,2.143,2.1293,2.1307,4359891.0,1744736399999,9316901.7225,54814
XRPUSDT,1744736400000,2.1307,2.1372,2.113,2.1159,6086941.0,1744739999999,12923735.2963,56886
XRPUSDT,1744740000000,2.1159,2.1228,2.1042,2.1181,8077490.0,1744743599999,17078427.4268,71573
XRPUSDT,1744743600000,2.118,2.1308,2.1123,2.118,4902843.0,1744747199999,10406734.3674,57890
XRPUSDT,1744747200000,2.118,2.1271,2.1,2.1089,4149067.0,1744750799999,8765123.6471,40771
XRPUSDT,1744750800000,2.109,2.1234,2.1068,2.1182,2750859.0,1744754399999,5823729.1119,31855
XRPUSDT,1744754400000,2.1181,2.1181,2.0877,2.0994,5449482.0,1744757999999,11440278.3597,67603
XRPUSDT,1744758000000,2.0994,2.1005,2.0837,2.0842,4611028.0,1744761599999,9636293.6602,50065
XRPUSDT,1744761600000,2.0843,2.0976,2.0663,2.073,9427502.0,1744765199999,19620293.7187,77945
XRPUSDT,1744765200000,2.0729,2.0978,2.0708,2.0933,4710867.0,1744768799999,9834056.4396,53509
XRPUSDT,1744768800000,2.0934,2.098,2.0787,2.0889,5494329.0,1744772399999,11470951.4018,37858
XRPUSDT,1744772400000,2.0889,2.0919,2.0805,2.0829,2823789.0,1744775999999,5891645.4687,25931
XRPUSDT,1744776000000,2.0828,2.09,2.0724,2.0803,3261206.0,1744779599999,6780518.0204,33446
XRPUSDT,1744779600000,2.0804,2.0908,2.0637,2.0641,5851009.0,1744783199999,12127508.8007,58608
XRPUSDT,1744783200000,2.0641,2.0745,2.0533,2.0706,6857005.0,1744786799999,14160247.501,50275
XRPUSDT,1744786800000,2.0707,2.0744,2.0433,2.0505,7823989.0,1744790399999,16066255.5656,53842
XRPUSDT,1744790400000,2.0506,2.079,2.0355,2.07,10937218.0,1744793999999,22498276.6799,90924
XRPUSDT,1744794000000,2.07,2.0845,2.0633,2.0633,4617963.0,1744797599999,9577773.1118,52790
XRPUSDT,1744797600000,2.0634,2.0819,2.0633,2.0811,3560447.0,1744801199999,7384788.5631,42298
XRPUSDT,1744801200000,2.0811,2.0901,2.0757,2.0892,4800548.0,1744804799999,10003096.1554,42403
XRPUSDT,1744804800000,2.0892,2.0941,2.0699,2.0717,5101182.0,1744808399999,10620156.7973,47336
XRPUSDT,1744808400000,2.0716,2.0878,2.0644,2.0678,6402667.0,1744811999999,13283385.9237,66761
XRPUSDT,1744812000000,2.0677,2.1105,2.0672,2.0966,8358181.0,1744815599999,17520856.4658,92789
XRPUSDT,1744815600000,2.0966,2.1207,2.093,2.0938,7727944.0,1744819199999,16266200.5514,84258
XRPUSDT,1744819200000,2.0939,2.112,2.0836,2.1078,6135289.0,1744822799999,12859689.2974,67283
XRPUSDT,1744822800000,2.1079,2.13,2.0469,2.0528,16031585.0,1744826399999,33466337.5368,140032
XRPUSDT,1744826400000,2.0528,2.1014,2.0518,2.0853,11021279.0,1744829999999,22931831.7964,138911
XRPUSDT,1744830000000,2.0854,2.1185,2.0679,2.1066,6965310.0,1744833599999,14574391.9243,71973
XRPUSDT,1744833600000,2.1065,2.1172,2.0902,2.0947,5621191.0,1744837199999,11843106.8425,59204
XRPUSDT,1744837200000,2.0947,2.1144,2.0892,2.1058,4482636.0,1744840799999,9437754.4162,40772
XRPUSDT,1744840800000,2.1059,2.1083,2.0962,2.0995,2264350.0,1744844399999,4758230.5357,35401
XRPUSDT,1744844400000,2.0995,2.1004,2.0781,2.0834,2427194.0,1744847999999,5064878.7161,30032
XRPUSDT,1744848000000,2.0834,2.0884,2.0746,2.0783,3060436.0,1744851599999,6366347.3935,47028
XRPUSDT,1744851600000,2.0783,2.0899,2.0736,2.082,2736887.0,1744855199999,5697693.4596,38257
XRPUSDT,1744855200000,2.0819,2.0819,2.067,2.0774,3318138.0,1744858799999,6875995.7221,39345
XRPUSDT,1744858800000,2.0774,2.08,2.0625,2.0697,2078508.0,1744862399999,4300449.3235,31228
XRPUSDT,1744862400000,2.0697,2.0832,2.067,2.082,2731199.0,1744865999999,5667299.5129,27736
XRPUSDT,1744866000000,2.0821,2.1036,2.0819,2.0964,4317235.0,1744869599999,9044880.1287,43066
XRPUSDT,1744869600000,2.0964,2.1104,2.0898,2.0983,7671366.0,1744873199999,16117896.321,45547
XRPUSDT,1744873200000,2.0984,2.1045,2.0883,2.0913,4159792.3,1744876799999,8715738.23492,40559
XRPUSDT,1744876800000,2.0912,2.1017,2.0897,2.0931,3661098.1,1744880399999,7672026.30067,37145
XRPUSDT,1744880400000,2.0932,2.0995,2.0863,2.0978,2519562.8,1744883999999,5272927.27039,30036
XRPUSDT,1744884000000,2.0979,2.0987,2.0891,2.0949,1938575.3,1744887599999,4058846.4535,28312
XRPUSDT,1744887600000,2.0949,2.1075,2.0926,2.1025,2182964.8,1744891199999,4585370.87792,30502
XRPUSDT,1744891200000,2.1026,2.1146,2.1026,2.1092,4182533.7,1744894799999,8820269.12794,44669
XRPUSDT,1744894800000,2.1093,2.1098,2.0917,2.101,4039989.6,1744898399999,8488400.16447,47829
XRPUSDT,1744898400000,2.1009,2.1021,2.0641,2.066,8250915.1,1744901999999,17135070.48461,80794
XRPUSDT,1744902000000,2.066,2.0873,2.0573,2.0675,9624690.1,1744905599999,19931343.29323,88678
XRPUSDT,1744905600000,2.0675,2.0961,2.0583,2.0845,8760713.6,1744909199999,18220050.39699,82786
XRPUSDT,1744909200000,2.0845,2.1,2.0777,2.0937,3769423.7,1744912799999,7881999.76867,44057
XRPUSDT,1744912800000,2.0937,2.1046,2.0798,2.08,4931385.8,1744916399999,10336333.05353,53184
XRPUSDT,1744916400000,2.0799,2.0866,2.0524,2.0659,9185544.1,1744919999999,18950655.779,76792
XRPUSDT,1744920000000,2.0658,2.081,2.0654,2.0734,2997665.1,1744923599999,6216291.15279,36952
XRPUSDT,1744923600000,2.0734,2.0785,2.0648,2.0765,2289800.6,1744927199999,4743613.54111,24618
XRPUSDT,1744927200000,2.0764,2.0795,2.0603,2.0624,2770614.1,1744930799999,5737570.41466,29234
XRPUSDT,1744930800000,2.0625,2.0741,2.0625,2.0673,2101345.5,1744934399999,4348524.35704,26178
XRPUSDT,1744934400000,2.0673,2.0692,2.0455,2.048,4304582.1,1744937999999,8850787.04338,47975
XRPUSDT,1744938000000,2.048,2.0686,2.0434,2.0572,2829775.4,1744941599999,5825338.34986,40614
XRPUSDT,1744941600000,2.0573,2.0634,2.0492,2.0599,2373315.4,1744945199999,4878874.69267,32244
XRPUSDT,1744945200000,2.06,2.0609,2.0454,2.0559,2294894.9,1744948799999,4708654.21433,25452
XRPUSDT,1744948800000,2.056,2.065,2.0469,2.0639,2515421.9,1744952399999,5171759.33641,24008
XRPUSDT,1744952400000,2.0639,2.0647,2.0531,2.0642,1722447.2,1744955999999,3547317.96543,28066
XRPUSDT,1744956000000,2.0642,2.0693,2.059,2.0653,2384555.1,1744959599999,4921991.33422,26443
XRPUSDT,1744959600000,2.0653,2.0717,2.0537,2.0692,3372308.7,1744963199999,6962388.8769,35417
XRPUSDT,1744963200000,2.0692,2.0812,2.068,2.0766,3381936.7,1744966799999,7021027.89248,38116
XRPUSDT,1744966800000,2.0767,2.0811,2.0718,2.0765,3274459.8,1744970399999,6799112.76728,26941
XRPUSDT,1744970400000,2.0766,2.0805,2.0711,2.0727,2099159.6,1744973999999,4359750.86932,22602
XRPUSDT,1744974000000,2.0728,2.0807,2.0691,2.0802,2500788.3,1744977599999,5186271.2862,23865
XRPUSDT,1744977600000,2.0802,2.0859,2.0742,2.0807,3344858.8,1744981199999,6962530.33362,27464
XRPUSDT,1744981200000,2.0808,2.0809,2.0684,2.0766,3412756.1,1744984799999,7080979.48946,37378
XRPUSDT,1744984800000,2.0766,2.0807,2.0683,2.0738,4033038.8,1744988399999,8371105.18717,38410
XRPUSDT,1744988400000,2.0738,2.0781,2.0564,2.0583,4869237.0,1744991999999,10039985.0538,40046
XRPUSDT,1744992000000,2.0584,2.068,2.0551,2.0656,2043027.3,1744995599999,4215450.68325,26862
XRPUSDT,1744995600000,2.0656,2.0805,2.0618,2.0789,3329868.8,1744999199999,6905416.73538,27176
XRPUSDT,1744999200000,2.079,2.0896,2.0766,2.083,5359674.1,1745002799999,11162980.77448,34936
XRPUSDT,1745002800000,2.083,2.0848,2.0763,2.0804,3894739.4,1745006399999,8099059.83432,23159
XRPUSDT,1745006400000,2.0805,2.086,2.0715,2.076,2277188.3,1745009999999,4733609.2828,21372
XRPUSDT,1745010000000,2.0759,2.0828,2.0732,2.0815,1962651.8,1745013599999,4078187.89204,16185
XRPUSDT,1745013600000,2.0816,2.0822,2.0732,2.0736,1654716.3,1745017199999,3437179.27284,18313
XRPUSDT,1745017200000,2.0735,2.0735,2.0552,2.0619,3495471.7,1745020799999,7210482.5575,24756
XRPUSDT,1745020800000,2.0619,2.0659,2.0586,2.0604,1921474.4,1745024399999,3961778.56343,17845
XRPUSDT,1745024400000,2.0605,2.0734,2.06,2.0672,1662109.8,1745027999999,3437436.4853,17825
XRPUSDT,1745028000000,2.0672,2.0806,2.0634,2.0794,2849912.3,1745031599999,5916977.58134,27877
XRPUSDT,1745031600000,2.0795,2.0866,2.079,2.0846,2627638.6,1745035199999,5473955.42397,22554
XRPUSDT,1745035200000,2.0846,2.0948,2.0836,2.0869,2994637.1,1745038799999,6256203.49061,29482
XRPUSDT,1745038800000,2.0869,2.0909,2.0836,2.0839,1725577.3,1745042399999,3602067.77344,16958
XRPUSDT,1745042400000,2.0839,2.0856,2.0773,2.0775,1421073.0,1745045999999,2956265.1368,13967
XRPUSDT,1745046000000,2.0774,2.0912,2.0774,2.0891,1682009.6,1745049599999,3507320.94851,18102
XRPUSDT,1745049600000,2.0891,2.092,2.0834,2.087,1803245.9,1745053199999,3764403.1195,16888
XRPUSDT,1745053200000,2.0871,2.0975,2.086,2.0898,3859110.1,1745056799999,8074387.86672,25073
XRPUSDT,1745056800000,2.0899,2.0901,2.0806,2.0845,2017704.0,1745060399999,4206857.9138,17419
XRPUSDT,1745060400000,2.0845,2.0868,2.0801,2.0814,1334924.3,1745063999999,2781524.65002,15857
XRPUSDT,1745064000000,2.0814,2.0851,2.08,2.0827,1477436.0,1745067599999,3076074.10023,13512
XRPUSDT,1745067600000,2.0826,2.0899,2.0789,2.0884,1779144.3,1745071199999,3707553.09083,16190
XRPUSDT,1745071200000,2.0885,2.093,2.0808,2.0834,1633330.3,1745074799999,3407151.05895,16276
XRPUSDT,1745074800000,2.0834,2.0897,2.0759,2.0773,2316752.0,1745078399999,4824278.40481,24422
XRPUSDT,1745078400000,2.0773,2.0832,2.0654,2.0691,3838106.9,1745081999999,7958104.11146,30931
XRPUSDT,1745082000000,2.069,2.0875,2.0686,2.0851,2842097.0,1745085599999,5906313.45923,26812
XRPUSDT,1745085600000,2.085,2.0948,2.0831,2.0892,3586314.6,1745089199999,7496859.33246,26400
XRPUSDT,1745089200000,2.0891,2.0904,2.0817,2.0839,1251074.6,1745092799999,2609017.76915,16749
XRPUSDT,1745092800000,2.0838,2.0888,2.0802,2.0874,1259113.2,1745096399999,2624725.86643,14187
XRPUSDT,1745096400000,2.0874,2.092,2.0856,2.0899,1704115.8,1745099999999,3560483.92556,13670
XRPUSDT,1745100000000,2.0899,2.0913,2.0854,2.0878,1239217.0,1745103599999,2587753.68554,12222
XRPUSDT,1745103600000,2.0878,2.0914,2.0821,2.0877,1337015.5,1745107199999,2788304.17892,11461
XRPUSDT,1745107200000,2.0877,2.0945,2.0831,2.0847,2599970.7,1745110799999,5429584.64635,20956
XRPUSDT,1745110800000,2.0848,2.0912,2.0836,2.0909,1683178.0,1745114399999,3515218.84186,18662
XRPUSDT,1745114400000,2.0909,2.0917,2.0833,2.0856,1311632.3,1745117999999,2736400.042,12989
XRPUSDT,1745118000000,2.0856,2.0871,2.0791,2.0833,1674602.2,1745121599999,3487984.0095,12117
XRPUSDT,1745121600000,2.0833,2.0858,2.0776,2.0831,1593154.6,1745125199999,3316209.18853,13836
XRPUSDT,1745125200000,2.083,2.0865,2.0801,2.0801,1100648.8,1745128799999,2293593.79957,11487
XRPUSDT,1745128800000,2.08,2.0842,2.0691,2.0723,4360003.8,1745132399999,9045000.48967,22239
XRPUSDT,1745132400000,2.0723,2.0723,2.063,2.0695,4072342.2,1745135999999,8416395.52199,28821
XRPUSDT,1745136000000,2.0695,2.0713,2.0599,2.0616,4529438.4,1745139599999,9359821.05985,22508
XRPUSDT,1745139600000,2.0617,2.0644,2.0571,2.063,3785853.1,1745143199999,7803316.4969,24357
XRPUSDT,1745143200000,2.063,2.0633,2.0403,2.0475,5400665.8,1745146799999,11084917.08334,34112
XRPUSDT,1745146800000,2.0474,2.0487,2.0388,2.0432,6110998.7,1745150399999,12484637.35854,38420
XRPUSDT,1745150400000,2.0432,2.0555,2.0411,2.0527,3576362.3,1745153999999,7335190.88449,27230
XRPUSDT,1745154000000,2.0527,2.0554,2.044,2.053,2169253.5,1745157599999,4448137.46483,18476
XRPUSDT,1745157600000,2.0529,2.0614,2.0505,2.0598,2603695.7,1745161199999,5354975.35404,21746
XRPUSDT,1745161200000,2.0599,2.0601,2.0447,2.0488,3534341.0,1745164799999,7250423.70027,22028
XRPUSDT,1745164800000,2.0488,2.0608,2.0447,2.0608,3733847.4,1745168399999,7670307.13184,23001
XRPUSDT,1745168400000,2.0608,2.0609,2.0547,2.0568,1527651.0,1745171999999,3142927.56501,14135
XRPUSDT,1745172000000,2.0567,2.063,2.055,2.0596,1725633.3,1745175599999,3551729.59545,13009
XRPUSDT,1745175600000,2.0597,2.0868,2.0568,2.0813,5176782.6,1745179199999,10739632.51916,29917
XRPUSDT,1745179200000,2.0813,2.0915,2.075,2.0813,7512753.3,1745182799999,15662789.81924,45482
XRPUSDT,1745182800000,2.0812,2.0841,2.0713,2.0785,2291292.5,1745186399999,4758560.47772,18614
XRPUSDT,1745186400000,2.0786,2.0792,2.0602,2.069,2774883.0,1745189999999,5738687.35051,23029
XRPUSDT,1745190000000,2.0689,2.079,2.0668,2.0787,2499567.1,1745193599999,5181261.65895,20477
XRPUSDT,1745193600000,2.0786,2.1216,2.0768,2.1025,15823006.3,1745197199999,33296913.44599,105197
XRPUSDT,1745197200000,2.1026,2.1235,2.1026,2.1184,7992291.1,1745200799999,16905398.36923,58446
XRPUSDT,1745200800000,2.1184,2.125,2.1087,2.113,6938817.1,1745204399999,14685872.38371,46310
XRPUSDT,1745204400000,2.113,2.1198,2.1081,2.1093,4019365.2,1745207999999,8495800.22296,28344
XRPUSDT,1745208000000,2.1094,2.1194,2.1073,2.1181,3721745.4,1745211599999,7864144.80892,29979
XRPUSDT,1745211600000,2.1182,2.13,2.115,2.1266,4864001.0,1745215199999,10317950.38245,32051
XRPUSDT,1745215200000,2.1267,2.1402,2.1261,2.1298,6940016.6,1745218799999,14801199.02067,46794
XRPUSDT,1745218800000,2.1298,2.1332,2.1257,2.1263,3326875.8,1745222399999,7083005.87651,28857
XRPUSDT,1745222400000,2.1264,2.1386,2.1261,2.1371,3761659.0,1745225999999,8017995.98261,29119
XRPUSDT,1745226000000,2.1371,2.1409,2.1246,2.1285,5392853.5,1745229599999,11488425.8841,34849
XRPUSDT,1745229600000,2.1284,2.1304,2.118,2.1292,3066037.5,1745233199999,6510970.62511,28718
XRPUSDT,1745233200000,2.1292,2.1298,2.108,2.118,3639323.2,1745236799999,7703291.22382,39056
XRPUSDT,1745236800000,2.118,2.1235,2.1114,2.1122,2979707.5,1745240399999,6312751.24787,32358
XRPUSDT,1745240400000,2.1121,2.1211,2.105,2.1066,5787035.0,1745243999999,12223379.08926,61046
XRPUSDT,1745244000000,2.1066,2.1388,2.105,2.1286,8453086.1,1745247599999,17969871.70891,88283
XRPUSDT,1745247600000,2.1286,2.1305,2.1109,2.1148,3962792.4,1745251199999,8403405.72743,41083
XRPUSDT,1745251200000,2.1148,2.1172,2.0827,2.0845,8068672.8,1745254799999,16942137.46254,67323
XRPUSDT,1745254800000,2.0845,2.0878,2.0594,2.0731,12390757.1,1745258399999,25702023.66004,109580
XRPUSDT,1745258400000,2.0731,2.0799,2.0669,2.0698,5414042.0,1745261999999,11220933.16765,54894
XRPUSDT,1745262000000,2.0697,2.0906,2.0677,2.0878,4379405.8,1745265599999,9126068.81796,36317
XRPUSDT,1745265600000,2.0878,2.0879,2.0762,2.0848,2708710.3,1745269199999,5637150.79947,24071
XRPUSDT,1745269200000,2.0848,2.0848,2.0746,2.0782,2821393.6,1745272799999,5867665.47183,19419
XRPUSDT,1745272800000,2.0781,2.0782,2.0702,2.0754,2986393.1,1745276399999,6192951.53524,22873
XRPUSDT,1745276400000,2.0753,2.0871,2.0711,2.0855,3064702.3,1745279999999,6366648.01268,23648
XRPUSDT,1745280000000,2.0855,2.0879,2.0638,2.0799,4143326.3,1745283599999,8597022.9428,43988
XRPUSDT,1745283600000,2.0798,2.104,2.0757,2.0964,4804435.8,1745287199999,10057429.53944,55605
XRPUSDT,1745287200000,2.0963,2.102,2.0783,2.0839,3902436.6,1745290799999,8151694.22069,35884
XRPUSDT,1745290800000,2.0838,2.0862,2.0758,2.083,3757240.3,1745294399999,7820947.24286,31835
XRPUSDT,1745294400000,2.0829,2.0881,2.0777,2.0782,3762312.7,1745297999999,7838451.58019,24176
XRPUSDT,1745298000000,2.0782,2.0845,2.0766,2.0789,3233844.8,1745301599999,6726222.84625,23837
XRPUSDT,1745301600000,2.0789,2.0833,2.0679,2.0762,6251665.0,1745305199999,12956938.86465,30802
XRPUSDT,1745305200000,2.0763,2.0969,2.0762,2.0923,5411372.6,1745308799999,11293232.00684,39913
XRPUSDT,1745308800000,2.0923,2.108,2.0912,2.0982,5591872.0,1745312399999,11733988.50968,42045
XRPUSDT,1745312400000,2.0982,2.1037,2.0945,2.1034,3696946.0,1745315999999,7762298.99828,28905
XRPUSDT,1745316000000,2.1034,2.106,2.0946,2.1045,3352500.4,1745319599999,7044517.26604,29556
XRPUSDT,1745319600000,2.1046,2.1066,2.0974,2.0993,4991286.1,1745323199999,10490456.69873,29217
XRPUSDT,1745323200000,2.0993,2.1069,2.0943,2.101,6020731.8,1745326799999,12643365.32707,38285
XRPUSDT,1745326800000,2.101,2.133,2.0984,2.1329,13777645.8,1745330399999,29168584.17737,112394
XRPUSDT,1745330400000,2.1329,2.1586,2.1197,2.1507,19541103.6,1745333999999,41772393.39978,122200
XRPUSDT,1745334000000,2.1507,2.1928,2.1374,2.1551,31428489.0,1745337599999,68073240.20907,181683
XRPUSDT,1745337600000,2.1552,2.1618,2.1401,2.1428,7525039.8,1745341199999,16182161.15912,64316
XRPUSDT,1745341200000,2.1428,2.1624,2.1428,2.1607,6415700.0,1745344799999,13803324.24382,51333
XRPUSDT,1745344800000,2.1607,2.17,2.1425,2.161,10071013.8,1745348399999,21724982.36668,57134
XRPUSDT,1745348400000,2.161,2.1629,2.1415,2.1541,6257071.0,1745351999999,13470326.66601,42630
XRPUSDT,1745352000000,2.1541,2.1596,2.1475,2.1566,4065040.4,1745355599999,8752579.49591,28688
XRPUSDT,1745355600000,2.1567,2.2504,2.1527,2.2387,25467618.7,1745359199999,56148050.50968,137490
XRPUSDT,1745359200000,2.2388,2.2417,2.1946,2.2085,19972477.9,1745362799999,44284960.10715,131157
XRPUSDT,1745362800000,2.2085,2.2257,2.2037,2.2139,12351475.9,1745366399999,27377618.95493,92135
XRPUSDT,1745366400000,2.2138,2.2343,2.2014,2.2032,11390685.9,1745369999999,25266293.61589,112054
XRPUSDT,1745370000000,2.2032,2.2204,2.1938,2.1961,7909770.8,1745373599999,17445626.11768,69289
XRPUSDT,1745373600000,2.1962,2.2295,2.1958,2.217,9323599.0,1745377199999,20629343.42054,70596
XRPUSDT,1745377200000,2.2169,2.2368,2.2125,2.235,6981555.2,1745380799999,15531865.03142,48257
XRPUSDT,1745380800000,2.2349,2.2495,2.2214,2.2493,8568613.3,1745384399999,19141500.88553,55678
XRPUSDT,1745384400000,2.2492,2.2492,2.2229,2.2246,9527284.4,1745387999999,21280686.97665,58046
XRPUSDT,1745388000000,2.2246,2.2449,2.2209,2.2425,6091701.2,1745391599999,13614740.0506,51758
XRPUSDT,1745391600000,2.2424,2.2641,2.229,2.2569,14956115.3,1745395199999,33603260.82295,99335
XRPUSDT,1745395200000,2.257,2.2992,2.25,2.2914,14694306.1,1745398799999,33471022.17708,124638
XRPUSDT,1745398800000,2.2915,2.301,2.2735,2.2736,10002858.1,1745402399999,22875987.46489,85989
XRPUSDT,1745402400000,2.2735,2.278,2.254,2.268,8932197.6,1745405999999,20238167.47651,80538
XRPUSDT,1745406000000,2.2679,2.2796,2.2524,2.2599,5622059.2,1745409599999,12737946.50383,54669
XRPUSDT,1745409600000,2.2599,2.2945,2.2565,2.2824,10099965.9,1745413199999,23001847.08104,94444
XRPUSDT,1745413200000,2.2823,2.2977,2.2434,2.2464,18696136.5,1745416799999,42541785.40245,152161
XRPUSDT,1745416800000,2.2464,2.2648,2.2307,2.2372,14391544.6,1745420399999,32317023.27152,120720
XRPUSDT,1745420400000,2.2372,2.2429,2.1902,2.228,26517240.1,1745423999999,58714666.78637,179103
XRPUSDT,1745424000000,2.2281,2.2373,2.2064,2.2301,8901098.6,1745427599999,19809830.94579,77341
XRPUSDT,1745427600000,2.23,2.244,2.2239,2.2376,5553645.5,1745431199999,12409261.87097,45531
XRPUSDT,1745431200000,2.2375,2.2512,2.2202,2.2217,4424727.5,1745434799999,9903400.66311,40768
XRPUSDT,1745434800000,2.2216,2.2241,2.2001,2.2182,5897413.8,1745438399999,13054812.34676,52283
XRPUSDT,1745438400000,2.2181,2.2282,2.2142,2.2171,3168940.5,1745441999999,7039935.73503,29677
XRPUSDT,1745442000000,2.2171,2.227,2.2091,2.2178,2804225.7,1745445599999,6220094.60494,22806
XRPUSDT,1745445600000,2.2179,2.2303,2.2114,2.2302,2928011.8,1745449199999,6502900.8582,28381
XRPUSDT,1745449200000,2.2302,2.2303,2.2131,2.2184,3031874.8,1745452799999,6733337.19438,24774
XRPUSDT,1745452800000,2.2183,2.224,2.2025,2.2099,4084801.9,1745456399999,9038989.39669,47786
XRPUSDT,1745456400000,2.21,2.219,2.1948,2.215,4074926.3,1745459999999,8993779.99395,41273
XRPUSDT,1745460000000,2.215,2.2214,2.195,2.1956,4949075.0,1745463599999,10927817.3024,45771
XRPUSDT,1745463600000,2.1955,2.209,2.1721,2.1752,6533796.7,1745467199999,14305542.42945,61116
XRPUSDT,1745467200000,2.1751,2.1896,2.168,2.1883,5192727.7,1745470799999,11319577.7879,56663
XRPUSDT,1745470800000,2.1883,2.1936,2.175,2.1765,3787066.2,1745474399999,8276136.51743,30443
XRPUSDT,1745474400000,2.1765,2.1824,2.164,2.1654,5279137.3,1745477999999,11473295.39389,38851
XRPUSDT,1745478000000,2.1655,2.173,2.1434,2.1493,10937111.5,1745481599999,23586377.21871,59072
XRPUSDT,1745481600000,2.1493,2.1573,2.1166,2.1334,15003281.3,1745485199999,32072313.60195,97452
XRPUSDT,1745485200000,2.1334,2.1515,2.1307,2.1479,7179417.7,1745488799999,15381705.14948,45259
XRPUSDT,1745488800000,2.1479,2.1587,2.1423,2.1564,6221992.2,1745492399999,13384309.08399,42787
XRPUSDT,1745492400000,2.1564,2.1574,2.141,2.1555,4869074.5,1745495999999,10454967.1058,41836
XRPUSDT,1745496000000,2.1556,2.1692,2.1514,2.1689,6411786.9,1745499599999,13853984.10254,43629
XRPUSDT,1745499600000,2.1689,2.2216,2.1632,2.1817,25307995.7,1745503199999,55508316.43104,141454
XRPUSDT,1745503200000,2.1817,2.1999,2.1524,2.1882,18690244.0,1745506799999,40790663.84592,123804
XRPUSDT,1745506800000,2.1883,2.2354,2.1851,2.2126,18856857.0,1745510399999,41727152.45301,133087
XRPUSDT,1745510400000,2.2126,2.2281,2.2094,2.2114,8911601.1,1745513999999,19779961.94854,72624
XRPUSDT,1745514000000,2.2114,2.2191,2.1828,2.1998,8173288.1,1745517599999,17949526.54847,65107
XRPUSDT,1745517600000,2.1998,2.2121,2.1959,2.2017,3849409.8,1745521199999,8482009.37239,36533
XRPUSDT,1745521200000,2.2018,2.2097,2.1918,2.2056,2605832.9,1745524799999,5737877.90263,29431
XRPUSDT,1745524800000,2.2056,2.2132,2.198,2.2019,4046888.7,1745528399999,8924619.69303,28527
XRPUSDT,1745528400000,2.202,2.206,2.1864,2.2001,3126538.8,1745531999999,6871713.66534,26291
XRPUSDT,1745532000000,2.2001,2.2062,2.1885,2.1927,2923837.4,1745535599999,6425398.36519,25222
XRPUSDT,1745535600000,2.1927,2.2109,2.1908,2.2049,3924732.7,1745539199999,8646249.45977,27014
XRPUSDT,1745539200000,2.2049,2.2067,2.195,2.2008,3176455.9,1745542799999,6992106.0833,29313
XRPUSDT,1745542800000,2.2009,2.2174,2.1912,2.1926,7234332.5,1745546399999,15944303.44826,67269
XRPUSDT,1745546400000,2.1926,2.1988,2.1634,2.1704,8297847.9,1745549999999,18092018.47513,62549
XRPUSDT,1745550000000,2.1704,2.1874,2.1649,2.1812,5926125.3,1745553599999,12903747.96613,42089
XRPUSDT,1745553600000,2.1812,2.1883,2.1765,2.1797,3011492.8,1745557199999,6572134.86599,27910
XRPUSDT,1745557200000,2.1797,2.191,2.1771,2.1808,3395719.7,1745560799999,7418164.22503,29247
XRPUSDT,1745560800000,2.1808,2.2032,2.1788,2.1987,4022751.6,1745564399999,8827553.25164,34919
XRPUSDT,1745564400000,2.1987,2.2042,2.1862,2.1947,5946608.3,1745567999999,13054424.17346,41006
XRPUSDT,1745568000000,2.1948,2.1989,2.1878,2.1946,4202884.6,1745571599999,9215857.92747,40302
XRPUSDT,1745571600000,2.1946,2.2088,2.1843,2.2082,5305496.0,1745575199999,11652601.42921,43933
XRPUSDT,1745575200000,2.2081,2.2099,2.1855,2.1899,7102492.8,1745578799999,15600964.60342,53404
XRPUSDT,1745578800000,2.1899,2.2097,2.1899,2.2044,5708454.5,1745582399999,12562395.26769,50589
XRPUSDT,1745582400000,2.2043,2.2193,2.1873,2.1921,9164822.5,1745585999999,20199603.25928,76630
XRPUSDT,1745586000000,2.1922,2.1986,2.1721,2.1828,7594840.3,1745589599999,16602701.11665,74271
XRPUSDT,1745589600000,2.1828,2.2182,2.182,2.2115,11795377.3,1745593199999,25963371.16178,102888
XRPUSDT,1745593200000,2.2115,2.219,2.1984,2.2005,10380590.3,1745596799999,22937598.86472,89277
XRPUSDT,1745596800000,2.2004,2.2049,2.1854,2.2025,6744743.5,1745600399999,14817185.56455,45345
XRPUSDT,1745600400000,2.2025,2.2097,2.183,2.1866,6832921.1,1745603999999,15006862.86527,43042
XRPUSDT,1745604000000,2.1867,2.2014,2.1863,2.1911,3903083.4,1745607599999,8561463.6887,30142
XRPUSDT,1745607600000,2.1911,2.1999,2.185,2.1948,3559687.7,1745611199999,7798899.00219,26461
XRPUSDT,1745611200000,2.1948,2.197,2.1885,2.1938,2175549.5,1745614799999,4771234.93463,20848
XRPUSDT,1745614800000,2.1937,2.2003,2.1782,2.1817,3066136.1,1745618399999,6709186.37793,21014
XRPUSDT,1745618400000,2.1818,2.1898,2.1817,2.1857,2032510.6,1745621999999,4444943.93968,17703
XRPUSDT,1745622000000,2.1856,2.1868,2.1763,2.1812,3433602.7,1745625599999,7489246.68016,20689
XRPUSDT,1745625600000,2.1812,2.1893,2.18,2.1859,3889875.1,1745629199999,8497394.99638,38075
XRPUSDT,1745629200000,2.1859,2.2029,2.1796,2.2028,4983788.2,1745632799999,10929651.15487,36392
XRPUSDT,1745632800000,2.2028,2.2038,2.1881,2.1959,3689340.4,1745636399999,8096241.63514,32488
XRPUSDT,1745636400000,2.1958,2.1972,2.1872,2.191,1998459.1,1745639999999,4378827.18526,27240
XRPUSDT,1745640000000,2.191,2.1946,2.181,2.1819,2048332.0,1745643599999,4479844.16389,24914
XRPUSDT,1745643600000,2.1818,2.1932,2.18,2.1917,2129755.2,1745647199999,4654982.53322,24260
XRPUSDT,1745647200000,2.1916,2.2355,2.1912,2.2177,10596993.7,1745650799999,23476256.24581,69599
XRPUSDT,1745650800000,2.2177,2.2483,2.2173,2.2197,11626977.5,1745654399999,25956157.37186,82350
XRPUSDT,1745654400000,2.2198,2.2361,2.2047,2.2105,9255528.0,1745657999999,20544305.65967,81082
XRPUSDT,1745658000000,2.2104,2.2155,2.1971,2.2081,4550521.5,1745661599999,10033913.0302,51555
XRPUSDT,1745661600000,2.2081,2.2188,2.2056,2.2087,2732733.6,1745665199999,6044960.41059,36950
XRPUSDT,1745665200000,2.2088,2.2105,2.1859,2.1938,5260151.9,1745668799999,11554041.50311,52777
XRPUSDT,1745668800000,2.1938,2.202,2.1924,2.1949,3608177.6,1745672399999,7927017.46783,35404
XRPUSDT,1745672400000,2.1949,2.1992,2.1827,2.1933,3473351.8,1745675999999,7605345.1758,38616
XRPUSDT,1745676000000,2.1933,2.1995,2.1865,2.1911,2801465.0,1745679599999,6145040.82091,33969
XRPUSDT,1745679600000,2.1911,2.2024,2.1905,2.1997,2962091.1,1745683199999,6510716.60567,24387
XRPUSDT,1745683200000,2.1997,2.2069,2.1924,2.1992,3336161.9,1745686799999,7339871.36265,25814
XRPUSDT,1745686800000,2.1992,2.2022,2.1959,2.2008,1124231.0,1745690399999,2472614.6175,16105
XRPUSDT,1745690400000,2.2007,2.2029,2.195,2.195,1197635.1,1745693999999,2633674.25113,14837
XRPUSDT,1745694000000,2.195,2.2012,2.1934,2.1991,1219696.0,1745697599999,2680032.46786,13926
XRPUSDT,1745697600000,2.199,2.2024,2.186,2.1861,1613157.5,1745701199999,3537667.88584,14410
XRPUSDT,1745701200000,2.1861,2.1956,2.186,2.188,1344281.4,1745704799999,2945325.87246,13077
XRPUSDT,1745704800000,2.188,2.2003,2.1873,2.1963,2187126.7,1745708399999,4801910.34099,19426
XRPUSDT,1745708400000,2.1963,2.198,2.1891,2.1912,2037641.1,1745711999999,4468227.20645,15192
XRPUSDT,1745712000000,2.1912,2.205,2.1876,2.2005,2844539.6,1745715599999,6252190.79452,39864
XRPUSDT,1745715600000,2.2005,2.2047,2.1581,2.162,11704040.1,1745719199999,25478753.92947,87860
XRPUSDT,1745719200000,2.162,2.1742,2.1591,2.1723,4985110.0,1745722799999,10814335.58546,43311
XRPUSDT,1745722800000,2.1724,2.1793,2.1705,2.1758,2330477.1,1745726399999,5070795.12081,23721
XRPUSDT,1745726400000,2.1757,2.179,2.1652,2.1672,2907555.8,1745729999999,6312644.26868,22534
XRPUSDT,1745730000000,2.1671,2.1746,2.16,2.1691,3259504.4,1745733599999,7061158.14354,34438
XRPUSDT,1745733600000,2.1692,2.1763,2.1683,2.1735,1794817.2,1745737199999,3900641.64538,21251
XRPUSDT,1745737200000,2.1734,2.1755,2.1657,2.1723,2123906.0,1745740799999,4609434.74407,18459
XRPUSDT,1745740800000,2.1723,2.1837,2.1693,2.1789,2226227.4,1745744399999,4847457.57822,20968
XRPUSDT,1745744400000,2.1789,2.1818,2.1738,2.1796,1385049.1,1745747999999,3016259.06046,15199
XRPUSDT,1745748000000,2.1797,2.1822,2.1752,2.1815,1388237.4,1745751599999,3025406.59842,13891
XRPUSDT,1745751600000,2.1816,2.1832,2.1783,2.1804,1566162.6,1745755199999,3415879.76733,17607
XRPUSDT,1745755200000,2.1803,2.2721,2.1735,2.2149,40408533.8,1745758799999,90115204.85725,231384
XRPUSDT,1745758800000,2.2149,2.25,2.2134,2.2225,19570833.8,1745762399999,43694305.18988,142213
XRPUSDT,1745762400000,2.2225,2.2388,2.2122,2.237,10780685.4,1745765999999,23980022.03309,85452
XRPUSDT,1745766000000,2.2371,2.2437,2.2126,2.2277,7363985.7,1745769599999,16397119.78611,67914
XRPUSDT,1745769600000,2.2278,2.2346,2.2155,2.2333,5853618.1,1745773199999,13034564.5274,47483
XRPUSDT,1745773200000,2.2333,2.2408,2.2264,2.231,4250580.3,1745776799999,9494965.32765,36348
XRPUSDT,1745776800000,2.2311,2.2523,2.2309,2.2445,7302669.7,1745780399999,16401990.89755,43027
XRPUSDT,1745780400000,2.2446,2.2849,2.2443,2.2841,10898490.4,1745783999999,24652118.27236,65916
XRPUSDT,1745784000000,2.284,2.2948,2.2647,2.2828,14985429.1,1745787599999,34201641.30629,126937
XRPUSDT,1745787600000,2.2828,2.2839,2.2655,2.2665,6178235.0,1745791199999,14038118.80013,47078
XRPUSDT,1745791200000,2.2666,2.2683,2.2455,2.2618,6981088.0,1745794799999,15764869.05593,53314
XRPUSDT,1745794800000,2.2618,2.2618,2.2477,2.252,3811478.6,1745798399999,8593057.23954,37045
XRPUSDT,1745798400000,2.2521,2.2648,2.2317,2.259,6898506.5,1745801999999,15518203.96192,93821
XRPUSDT,1745802000000,2.259,2.262,2.2184,2.233,11619893.8,1745805599999,25974411.72238,124655
XRPUSDT,1745805600000,2.233,2.2487,2.2291,2.2473,4584117.0,1745809199999,10267690.74265,55994
XRPUSDT,1745809200000,2.2473,2.2621,2.243,2.2589,4537439.9,1745812799999,10225676.78995,48231
XRPUSDT,1745812800000,2.2589,2.2792,2.2566,2.2705,7948350.5,1745816399999,18035773.76081,64056
XRPUSDT,1745816400000,2.2705,2.2866,2.2698,2.2727,6252585.9,1745819999999,14246062.18227,51207
XRPUSDT,1745820000000,2.2727,2.294,2.2687,2.2908,7939223.4,1745823599999,18124826.87115,58659
XRPUSDT,1745823600000,2.2909,2.3428,2.2849,2.3355,23818010.4,1745827199999,55106250.47292,159866
XRPUSDT,1745827200000,2.3355,2.363,2.3241,2.3259,17984985.7,1745830799999,42073234.18715,120560
XRPUSDT,1745830800000,2.3259,2.348,2.3212,2.3315,9372666.2,1745834399999,21880318.1018,69729
XRPUSDT,1745834400000,2.3315,2.3408,2.3059,2.3277,10839923.9,1745837999999,25208743.27851,85633
XRPUSDT,1745838000000,2.3277,2.3327,2.3137,2.3189,5743354.8,1745841599999,13352361.66162,52630
XRPUSDT,1745841600000,2.3189,2.3289,2.3101,2.3145,5098740.2,1745845199999,11817828.84898,55990
XRPUSDT,1745845200000,2.3144,2.3231,2.2789,2.2801,10738241.4,1745848799999,24689907.2392,86960
XRPUSDT,1745848800000,2.2801,2.3048,2.2744,2.2883,8872784.5,1745852399999,20341165.76017,67211
XRPUSDT,1745852400000,2.2883,2.2953,2.25,2.274,13433297.3,1745855999999,30433975.21327,90411
XRPUSDT,1745856000000,2.2739,2.2873,2.2608,2.2757,9430202.9,1745859599999,21463673.16308,61622
XRPUSDT,1745859600000,2.2756,2.2828,2.2657,2.2818,3902802.0,1745863199999,8878183.21987,33726
XRPUSDT,1745863200000,2.2817,2.2831,2.2666,2.2793,2643718.9,1745866799999,6014119.31743,26680
XRPUSDT,1745866800000,2.2793,2.2971,2.2783,2.2923,5800805.2,1745870399999,13286497.55633,43773
XRPUSDT,1745870400000,2.2922,2.2969,2.2844,2.2875,2735918.5,1745873999999,6266827.95308,27250
XRPUSDT,1745874000000,2.2875,2.3003,2.2854,2.2994,2233975.3,1745877599999,5123712.05104,20966
XRPUSDT,1745877600000,2.2993,2.3061,2.2939,2.3006,3300655.7,1745881199999,7588339.62443,28200
XRPUSDT,1745881200000,2.3006,2.302,2.2928,2.2949,3052772.7,1745884799999,7014341.43436,22435
XRPUSDT,1745884800000,2.295,2.3058,2.2908,2.3037,2843019.1,1745888399999,6534767.8288,39010
XRPUSDT,1745888400000,2.3036,2.3147,2.2882,2.3025,4449368.3,1745891999999,10248961.11405,60087
XRPUSDT,1745892000000,2.3026,2.3043,2.2764,2.281,5424336.3,1745895599999,12422267.64116,47349
XRPUSDT,1745895600000,2.2809,2.29,2.2792,2.2877,3062413.8,1745899199999,6997696.69566,24712
XRPUSDT,1745899200000,2.2877,2.2914,2.2662,2.2673,4757125.1,1745902799999,10830661.87329,34181
XRPUSDT,1745902800000,2.2673,2.278,2.2647,2.2658,5483885.1,1745906399999,12457092.22186,33361
XRPUSDT,1745906400000,2.2657,2.2848,2.265,2.282,3813760.5,1745909999999,8686620.17927,29294
XRPUSDT,1745910000000,2.2821,2.2881,2.2793,2.2862,3616882.9,1745913599999,8259340.55298,28679
XRPUSDT,1745913600000,2.2861,2.2909,2.275,2.2859,4855829.6,1745917199999,11085663.90053,38373
XRPUSDT,1745917200000,2.2859,2.3016,2.2791,2.3012,4472621.9,1745920799999,10237441.51809,40593
XRPUSDT,1745920800000,2.3012,2.3052,2.281,2.2819,4459325.4,1745924399999,10227395.33148,44397
XRPUSDT,1745924400000,2.282,2.295,2.2815,2.2915,2567773.0,1745927999999,5879086.86448,28038
XRPUSDT,1745928000000,2.2915,2.2919,2.2717,2.2731,4487710.3,1745931599999,10233101.48568,30877
XRPUSDT,1745931600000,2.2731,2.2866,2.2636,2.2807,6354206.5,1745935199999,14458628.17955,54865
XRPUSDT,1745935200000,2.2808,2.2913,2.2714,2.2878,6307330.1,1745938799999,14391449.22126,60879
XRPUSDT,1745938800000,2.2878,2.2935,2.277,2.2927,3029640.8,1745942399999,6923615.5355,33378
XRPUSDT,1745942400000,2.2926,2.3044,2.2872,2.2918,4740377.8,1745945999999,10884165.65943,39316
XRPUSDT,1745946000000,2.2918,2.2999,2.2825,2.2964,3797899.5,1745949599999,8704044.29805,34779
XRPUSDT,1745949600000,2.2964,2.3014,2.2926,2.2989,2466287.1,1745953199999,5668706.54329,20103
XRPUSDT,1745953200000,2.299,2.2998,2.2913,2.2923,2687420.6,1745956799999,6168093.65645,19037
XRPUSDT,1745956800000,2.2924,2.2957,2.276,2.2789,2319072.4,1745960399999,5291342.67085,20664
XRPUSDT,1745960400000,2.279,2.2801,2.252,2.2626,7994740.6,1745963999999,18086695.66776,50012
XRPUSDT,1745964000000,2.2626,2.2626,2.2307,2.2374,6619511.9,1745967599999,14863732.52336,54730
XRPUSDT,1745967600000,2.2374,2.2425,2.2217,2.238,8411294.1,1745971199999,18767872.38451,53069
XRPUSDT,1745971200000,2.2379,2.2513,2.233,2.2442,5681354.0,1745974799999,12749828.36732,48436
XRPUSDT,1745974800000,2.2442,2.2454,2.2245,2.2373,5041002.0,1745978399999,11262516.25896,40596
XRPUSDT,1745978400000,2.2372,2.2482,2.2318,2.2411,3043076.0,1745981999999,6820500.01992,37424
XRPUSDT,1745982000000,2.2412,2.2495,2.2349,2.2488,2647471.0,1745985599999,5933723.66897,33310
XRPUSDT,1745985600000,2.2487,2.2539,2.2423,2.2529,2700598.0,1745989199999,6068709.64847,27817
XRPUSDT,1745989200000,2.2529,2.2588,2.2456,2.2489,4487187.8,1745992799999,10109575.42515,32804
XRPUSDT,1745992800000,2.2489,2.2508,2.239,2.2396,3127964.0,1745996399999,7019714.19962,25161
XRPUSDT,1745996400000,2.2396,2.241,2.2075,2.2202,9840860.5,1745999999999,21868949.01996,55513
XRPUSDT,1746000000000,2.2202,2.2312,2.2109,2.2259,5049103.9,1746003599999,11224113.16455,46044
XRPUSDT,1746003600000,2.226,2.2375,2.2225,2.2318,4846179.7,1746007199999,10808823.0277,38725
XRPUSDT,1746007200000,2.2318,2.2333,2.221,2.2314,3540992.3,1746010799999,7890073.4296,31146
XRPUSDT,1746010800000,2.2314,2.2385,2.2297,2.2385,3384489.1,1746014399999,7561948.648,27980
XRPUSDT,1746014400000,2.2386,2.2389,2.1789,2.1937,15681760.0,1746017999999,34510530.28364,116720
XRPUSDT,1746018000000,2.1937,2.195,2.1235,2.1274,27025677.2,1746021599999,58301345.45493,183232
XRPUSDT,1746021600000,2.1273,2.176,2.1246,2.1587,19014802.5,1746025199999,41008670.01497,150052
XRPUSDT,1746025200000,2.1588,2.1778,2.1536,2.1581,9631738.3,1746028799999,20843978.27729,74588
XRPUSDT,1746028800000,2.158,2.171,2.15,2.1646,6187696.5,1746032399999,13353420.01267,53117
XRPUSDT,1746032400000,2.1647,2.1866,2.1534,2.18,5195698.7,1746035999999,11281120.68487,39102
XRPUSDT,1746036000000,2.18,2.2144,2.1764,2.1907,15687731.2,1746039599999,34438074.52524,80954
XRPUSDT,1746039600000,2.1906,2.2008,2.1773,2.1946,4818833.5,1746043199999,10550492.8572,44737
XRPUSDT,1746043200000,2.1945,2.2124,2.1925,2.1981,5311292.0,1746046799999,11709040.96189,42188
XRPUSDT,1746046800000,2.198,2.2097,2.1965,2.2014,2495873.0,1746050399999,5498071.17112,21070
XRPUSDT,1746050400000,2.2013,2.2078,2.1889,2.1939,2790810.1,1746053999999,6131676.86021,21239
XRPUSDT,1746054000000,2.1938,2.2015,2.1901,2.1908,1928987.5,1746057599999,4235720.61289,18059
XRPUSDT,1746057600000,2.1907,2.1972,2.1868,2.1966,2342575.1,1746061199999,5137344.04009,25260
XRPUSDT,1746061200000,2.1966,2.2047,2.1958,2.2017,2332668.4,1746064799999,5133195.0017,28055
XRPUSDT,1746064800000,2.2017,2.2204,2.2011,2.2035,3802594.0,1746068399999,8409705.39719,36038
XRPUSDT,1746068400000,2.2036,2.215,2.203,2.204,2370281.1,1746071999999,5234067.16302,24900
XRPUSDT,1746072000000,2.2039,2.2086,2.1971,2.2067,2538085.8,1746075599999,5590410.19141,18752
XRPUSDT,1746075600000,2.2068,2.2153,2.2042,2.2117,2730143.1,1746079199999,6035887.78829,20557
XRPUSDT,1746079200000,2.2117,2.2148,2.196,2.1968,3914160.0,1746082799999,8625779.7716,27967
XRPUSDT,1746082800000,2.1967,2.2059,2.1932,2.2001,4191298.7,1746086399999,9216609.52041,24288
XRPUSDT,1746086400000,2.2001,2.2115,2.1979,2.2109,2884427.1,1746089999999,6363506.14845,25714
XRPUSDT,1746090000000,2.2109,2.2188,2.2037,2.2149,3031151.0,1746093599999,6704518.6241,31101
XRPUSDT,1746093600000,2.2149,2.2467,2.2144,2.236,9935735.5,1746097199999,22180922.85881,66835
XRPUSDT,1746097200000,2.236,2.2405,2.2298,2.2376,4987343.8,1746100799999,11150912.54968,30774
XRPUSDT,1746100800000,2.2376,2.2454,2.2325,2.2384,5543056.2,1746104399999,12408368.79532,36266
XRPUSDT,1746104400000,2.2383,2.2437,2.2157,2.2164,6446757.0,1746107999999,14379825.29145,60806
XRPUSDT,1746108000000,2.2165,2.2441,2.2165,2.2439,8238943.2,1746111599999,18370890.59246,63113
XRPUSDT,1746111600000,2.2438,2.2567,2.236,2.2364,8356703.2,1746115199999,18773468.87017,72722
XRPUSDT,1746115200000,2.2364,2.2531,2.2364,2.2414,4172968.3,1746118799999,9374118.91357,34389
XRPUSDT,1746118800000,2.2414,2.2466,2.2282,2.2346,3559438.8,1746122399999,7963808.67978,30915
XRPUSDT,1746122400000,2.2347,2.2356,2.2224,2.2335,3386518.9,1746125999999,7549679.18377,27725
XRPUSDT,1746126000000,2.2336,2.2341,2.2165,2.2183,2940475.4,1746129599999,6544342.81897,28371
XRPUSDT,1746129600000,2.2183,2.2253,2.2108,2.2153,3438628.7,1746133199999,7627911.10937,37128
XRPUSDT,1746133200000,2.2154,2.2285,2.2151,2.222,1541921.2,1746136799999,3427040.64671,16314
XRPUSDT,1746136800000,2.222,2.2267,2.2131,2.2155,1780257.3,1746140399999,3950505.8255,16886
XRPUSDT,1746140400000,2.2156,2.2186,2.2093,2.2123,2128478.7,1746143999999,4709327.90673,19685
XRPUSDT,1746144000000,2.2122,2.2228,2.2076,2.2169,2734754.1,1746147599999,6055813.53169,31789
XRPUSDT,1746147600000,2.2168,2.2256,2.2125,2.2162,3061016.4,1746151199999,6792386.69113,29738
XRPUSDT,1746151200000,2.2163,2.2306,2.2119,2.2275,3668878.2,1746154799999,8154230.99136,23834
XRPUSDT,1746154800000,2.2276,2.2336,2.224,2.2244,2595176.7,1746158399999,5780435.92425,23787
XRPUSDT,1746158400000,2.2245,2.2329,2.2213,2.2243,2219362.6,1746161999999,4943399.23624,28648
XRPUSDT,1746162000000,2.2243,2.231,2.2094,2.2123,3605893.3,1746165599999,8000525.94708,29309
XRPUSDT,1746165600000,2.2122,2.2169,2.2045,2.2107,4994792.9,1746169199999,11042163.43436,33971
XRPUSDT,1746169200000,2.2107,2.2138,2.192,2.1945,6181102.1,1746172799999,13604481.69584,43934
XRPUSDT,1746172800000,2.1946,2.2162,2.1938,2.2132,3129933.7,1746176399999,6910157.14043,28027
XRPUSDT,1746176400000,2.2132,2.2141,2.2046,2.2084,2316865.0,1746179999999,5117282.03848,18460
XRPUSDT,1746180000000,2.2084,2.2162,2.208,2.2122,2884912.8,1746183599999,6382114.35684,23855
XRPUSDT,1746183600000,2.2122,2.22,2.2122,2.2151,2853105.7,1746187199999,6322207.53831,22838
XRPUSDT,1746187200000,2.2151,2.2226,2.206,2.2223,6047875.7,1746190799999,13395776.43966,43935
XRPUSDT,1746190800000,2.2223,2.2235,2.2114,2.2179,4579104.2,1746194399999,10153413.69412,48289
XRPUSDT,1746194400000,2.2178,2.2411,2.2176,2.2342,6355707.4,1746197999999,14184666.29119,58653
XRPUSDT,1746198000000,2.2343,2.2376,2.2092,2.2163,5094968.3,1746201599999,11315071.69358,46518
XRPUSDT,1746201600000,2.2164,2.236,2.2164,2.2261,4898802.0,1746205199999,10919655.62835,44009
XRPUSDT,1746205200000,2.226,2.226,2.211,2.2147,3435016.0,1746208799999,7616100.76745,36411
XRPUSDT,1746208800000,2.2147,2.2188,2.2103,2.2129,2346989.0,1746212399999,5197754.21972,29084
XRPUSDT,1746212400000,2.2128,2.2128,2.2001,2.2093,3500806.1,1746215999999,7722217.48283,32523
XRPUSDT,1746216000000,2.2092,2.2166,2.2018,2.215,2809448.0,1746219599999,6209503.25777,22510
XRPUSDT,1746219600000,2.2149,2.2154,2.1978,2.2028,2019004.7,1746223199999,4454646.00592,14961
XRPUSDT,1746223200000,2.2028,2.2049,2.1951,2.1992,1763259.5,1746226799999,3877537.62812,19571
XRPUSDT,1746226800000,2.1991,2.2099,2.1981,2.2093,1713700.8,1746230399999,3778371.79691,15523
XRPUSDT,1746230400000,2.2093,2.2132,2.2011,2.2061,1769677.8,1746233999999,3906461.91192,21434
XRPUSDT,1746234000000,2.2062,2.2079,2.197,2.2024,1608494.0,1746237599999,3540951.07768,20634
XRPUSDT,1746237600000,2.2024,2.22,2.2021,2.2186,2413644.8,1746241199999,5338967.61405,17418
XRPUSDT,1746241200000,2.2185,2.2198,2.211,2.2123,1920666.0,1746244799999,4252771.18473,17988
XRPUSDT,1746244800000,2.2123,2.2187,2.2106,2.2173,1112240.5,1746248399999,2463459.52268,13649
XRPUSDT,1746248400000,2.2173,2.2174,2.2101,2.2118,744724.7,1746251999999,1648201.4391,10338
XRPUSDT,1746252000000,2.2119,2.2122,2.2034,2.2044,985756.6,1746255599999,2175042.91509,12008
XRPUSDT,1746255600000,2.2044,2.2051,2.2,2.2034,1436514.8,1746259199999,3163969.44079,14856
XRPUSDT,1746259200000,2.2035,2.2074,2.1981,2.2039,1854425.3,1746262799999,4082419.95046,14630
XRPUSDT,1746262800000,2.2039,2.2041,2.1941,2.1995,1417229.9,1746266399999,3116613.71679,15687
XRPUSDT,1746266400000,2.1996,2.1996,2.1829,2.1846,3762443.3,1746269999999,8240597.95478,29209
XRPUSDT,1746270000000,2.1847,2.195,2.1834,2.1881,2984414.1,1746273599999,6533113.78135,22732
XRPUSDT,1746273600000,2.1881,2.1996,2.1879,2.197,1592051.8,1746277199999,3494702.55965,17237
XRPUSDT,1746277200000,2.1971,2.2036,2.1963,2.2028,1708180.0,1746280799999,3759642.30251,14021
XRPUSDT,1746280800000,2.2027,2.2145,2.1999,2.2115,4181283.4,1746284399999,9228205.86526,27964
XRPUSDT,1746284400000,2.2115,2.2156,2.2065,2.2095,1864150.7,1746287999999,4123643.64083,23687
XRPUSDT,1746288000000,2.2096,2.2112,2.195,2.2009,2193194.2,1746291599999,4832609.64548,28057
XRPUSDT,1746291600000,2.2009,2.2009,2.176,2.1911,4949057.9,1746295199999,10813487.0968,47389
XRPUSDT,1746295200000,2.1911,2.1969,2.18,2.1826,1992139.3,1746298799999,4360390.36642,20632
XRPUSDT,1746298800000,2.1826,2.1957,2.1794,2.1936,1296819.0,1746302399999,2838404.47226,15584
XRPUSDT,1746302400000,2.1936,2.196,2.188,2.1923,1019419.1,1746305999999,2234339.11421,15525
XRPUSDT,1746306000000,2.1923,2.1993,2.1833,2.1915,2320383.7,1746309599999,5086909.79832,14791
XRPUSDT,1746309600000,2.1915,2.1973,2.1869,2.1939,1898136.3,1746313199999,4159760.00707,14742
XRPUSDT,1746313200000,2.1939,2.1959,2.1845,2.1872,1516320.8,1746316799999,3320345.45926,15099
XRPUSDT,1746316800000,2.1872,2.1969,2.1844,2.1878,1373323.8,1746320399999,3006757.35244,20579
XRPUSDT,1746320400000,2.1877,2.2045,2.185,2.2034,1749521.1,1746323999999,3842347.67423,26245
XRPUSDT,1746324000000,2.2035,2.2188,2.1962,2.2009,2804044.6,1746327599999,6193896.45695,37899
XRPUSDT,1746327600000,2.2009,2.2042,2.1895,2.1984,2189340.9,1746331199999,4808551.32111,28251
XRPUSDT,1746331200000,2.1985,2.2057,2.1917,2.1976,1525542.0,1746334799999,3356799.80604,20799
XRPUSDT,1746334800000,2.1976,2.2125,2.1965,2.2079,2114816.1,1746338399999,4668783.42733,21848
XRPUSDT,1746338400000,2.2079,2.2124,2.2017,2.2095,1385798.9,1746341999999,3058728.29204,17704
XRPUSDT,1746342000000,2.2095,2.2122,2.2028,2.2112,1368489.7,1746345599999,3022269.17138,20442
XRPUSDT,1746345600000,2.2111,2.2116,2.1914,2.1919,2410254.3,1746349199999,5301119.44027,24456
XRPUSDT,1746349200000,2.1918,2.1919,2.1781,2.1801,5067870.8,1746352799999,11062310.86859,35041
XRPUSDT,1746352800000,2.1801,2.1904,2.1793,2.186,2118982.5,1746356399999,4628740.0787,18956
XRPUSDT,1746356400000,2.1859,2.1919,2.1819,2.1891,1897595.0,1746359999999,4152065.55416,16855
XRPUSDT,1746360000000,2.1892,2.193,2.1842,2.1886,1682635.4,1746363599999,3683523.35068,15371
XRPUSDT,1746363600000,2.1887,2.1927,2.172,2.1801,2912547.7,1746367199999,6350334.26434,29267
XRPUSDT,1746367200000,2.1801,2.1912,2.1783,2.1905,1750531.5,1746370799999,3828644.49171,16510
XRPUSDT,1746370800000,2.1905,2.2054,2.1897,2.1969,2901007.5,1746374399999,6373021.26922,25875
XRPUSDT,1746374400000,2.197,2.1995,2.1808,2.1834,1933506.8,1746377999999,4231975.3898,22854
XRPUSDT,1746378000000,2.1834,2.1866,2.1691,2.1757,2535668.5,1746381599999,5519298.25704,26405
XRPUSDT,1746381600000,2.1758,2.1836,2.1677,2.1695,4357291.2,1746385199999,9468205.85796,23670
XRPUSDT,1746385200000,2.1696,2.1795,2.1642,2.1758,3147019.1,1746388799999,6829373.55558,23644
XRPUSDT,1746388800000,2.1758,2.1844,2.1723,2.1844,2507414.4,1746392399999,5467543.56145,19840
XRPUSDT,1746392400000,2.1844,2.1858,2.1754,2.1846,1312475.7,1746395999999,2860945.9527,12468
XRPUSDT,1746396000000,2.1846,2.1846,2.1549,2.1624,4419381.5,1746399599999,9566094.59651,45859
XRPUSDT,1746399600000,2.1623,2.1649,2.151,2.156,3293811.6,1746403199999,7103615.08226,32993
XRPUSDT,1746403200000,2.1561,2.1704,2.1548,2.1675,2460233.8,1746406799999,5324265.47407,26168
XRPUSDT,1746406800000,2.1675,2.1686,2.1335,2.1449,9685051.4,1746410399999,20793739.4582,62031
XRPUSDT,1746410400000,2.1448,2.1656,2.1318,2.1601,6305231.6,1746413999999,13563262.52405,48026
XRPUSDT,1746414000000,2.16,2.161,2.1471,2.1473,3584159.0,1746417599999,7712726.49596,22032
XRPUSDT,1746417600000,2.1472,2.1655,2.1464,2.1651,3573512.0,1746421199999,7702584.62032,22965
XRPUSDT,1746421200000,2.165,2.1788,2.1621,2.1783,3137738.9,1746424799999,6806121.21366,23447
XRPUSDT,1746424800000,2.1783,2.1858,2.1721,2.174,4804861.7,1746428399999,10462530.66722,31780
XRPUSDT,1746428400000,2.1739,2.1777,2.1705,2.1769,2302860.2,1746431999999,5006537.88771,22442
XRPUSDT,1746432000000,2.177,2.1844,2.1746,2.184,3765152.3,1746435599999,8204924.52542,24987
XRPUSDT,1746435600000,2.1841,2.2,2.1766,2.1783,7825146.4,1746439199999,17111288.06998,40959
XRPUSDT,1746439200000,2.1784,2.1795,2.1469,2.1543,8939768.2,1746442799999,19347170.11505,52846
XRPUSDT,1746442800000,2.1543,2.1644,2.1385,2.1427,7830815.1,1746446399999,16838208.78068,42494
XRPUSDT,1746446400000,2.1427,2.154,2.1333,2.1488,7066776.6,1746449999999,15168680.29557,39615
XRPUSDT,1746450000000,2.1487,2.1538,2.1223,2.1409,12441674.9,1746453599999,26573521.46415,84435
XRPUSDT,1746453600000,2.141,2.1519,2.1267,2.1334,6953281.8,1746457199999,14869477.95371,60474
XRPUSDT,1746457200000,2.1333,2.1395,2.1067,2.1151,9960093.7,1746460799999,21136583.21181,77259
XRPUSDT,1746460800000,2.115,2.1408,2.114,2.1328,4389733.6,1746464399999,9342710.07726,43250
XRPUSDT,1746464400000,2.1329,2.1496,2.1251,2.1443,3533521.7,1746467999999,7556942.98146,40021
XRPUSDT,1746468000000,2.1444,2.162,2.1402,2.1556,3091048.5,1746471599999,6657219.22244,32888
XRPUSDT,1746471600000,2.1556,2.162,2.1396,2.1414,4099906.1,1746475199999,8828203.15393,30730
XRPUSDT,1746475200000,2.1414,2.1433,2.1153,2.1255,4123457.8,1746478799999,8781838.8081,33367
XRPUSDT,1746478800000,2.1256,2.1404,2.1194,2.1349,3372518.0,1746482399999,7189676.46615,29733
XRPUSDT,1746482400000,2.1348,2.1505,2.1343,2.1455,3129551.4,1746485999999,6710943.93497,24377
XRPUSDT,1746486000000,2.1454,2.1479,2.1306,2.1306,2974301.6,1746489599999,6366769.20266,20737
XRPUSDT,1746489600000,2.1306,2.1355,2.1226,2.1287,3450919.1,1746493199999,7343213.70624,31225
XRPUSDT,1746493200000,2.1288,2.1406,2.1115,2.1127,4932630.6,1746496799999,10482069.86459,41508
XRPUSDT,1746496800000,2.1127,2.1147,2.0939,2.113,8596793.9,1746500399999,18081927.35077,51732
XRPUSDT,1746500400000,2.113,2.121,2.1058,2.1185,3940183.4,1746503999999,8333322.42612,23263
XRPUSDT,1746504000000,2.1186,2.1247,2.1141,2.1228,2628637.4,1746507599999,5574095.46859,20083
XRPUSDT,1746507600000,2.1227,2.1243,2.1055,2.1063,3376054.7,1746511199999,7139494.81014,20214
XRPUSDT,1746511200000,2.1064,2.1155,2.1019,2.1071,4237649.1,1746514799999,8934949.34342,26108
XRPUSDT,1746514800000,2.1071,2.1145,2.0929,2.099,6330636.8,1746518399999,13304854.87209,44757
XRPUSDT,1746518400000,2.0989,2.1034,2.0803,2.097,7622014.1,1746521999999,15931154.61849,51492
XRPUSDT,1746522000000,2.097,2.1087,2.0932,2.1065,2745117.4,1746525599999,5763032.51,34934
XRPUSDT,1746525600000,2.1065,2.1075,2.0876,2.0926,3513925.4,1746529199999,7369988.19876,41562
XRPUSDT,1746529200000,2.0926,2.1046,2.083,2.0903,4616629.9,1746532799999,9662519.53674,43743
XRPUSDT,1746532800000,2.0903,2.1035,2.0864,2.1013,3212986.1,1746536399999,6731251.32493,41516
XRPUSDT,1746536400000,2.1013,2.1033,2.0777,2.0854,6817639.3,1746539999999,14253020.56264,69939
XRPUSDT,1746540000000,2.0854,2.1229,2.084,2.1056,8194379.5,1746543599999,17273134.8275,66374
XRPUSDT,1746543600000,2.1055,2.121,2.1016,2.1109,3724887.6,1746547199999,7870857.51222,39972
XRPUSDT,1746547200000,2.111,2.1275,2.1035,2.1111,4119684.1,1746550799999,8721295.11203,38813
XRPUSDT,1746550800000,2.1111,2.1287,2.1111,2.1213,3246854.0,1746554399999,6889834.08183,38894
XRPUSDT,1746554400000,2.1213,2.1422,2.1213,2.1415,3349803.8,1746557999999,7145536.97474,32352
XRPUSDT,1746558000000,2.1415,2.1468,2.1344,2.1367,3693791.3,1746561599999,7904252.85548,37446
XRPUSDT,1746561600000,2.1366,2.1407,2.1216,2.1275,3524985.8,1746565199999,7506763.31419,28413
XRPUSDT,1746565200000,2.1275,2.1327,2.1112,2.1189,2968216.8,1746568799999,6296321.1963,24813
XRPUSDT,1746568800000,2.1188,2.1517,2.1184,2.1491,5945432.0,1746572399999,12741769.12479,68944
XRPUSDT,1746572400000,2.149,2.1595,2.141,2.155,5231361.9,1746575999999,11248879.48954,37772
XRPUSDT,1746576000000,2.155,2.1706,2.1489,2.167,5277289.6,1746579599999,11403132.59105,61251
XRPUSDT,1746579600000,2.167,2.1716,2.1563,2.158,3664553.6,1746583199999,7926982.26456,38823
XRPUSDT,1746583200000,2.158,2.1591,2.1429,2.1477,3576586.6,1746586799999,7688203.94701,29532
XRPUSDT,1746586800000,2.1476,2.1492,2.1377,2.148,3393567.0,1746590399999,7274269.24772,25489
XRPUSDT,1746590400000,2.1479,2.1545,2.143,2.1465,2483359.5,1746593999999,5337040.41501,18679
XRPUSDT,1746594000000,2.1466,2.1466,2.1311,2.1333,4433698.1,1746597599999,9482414.66127,23628
XRPUSDT,1746597600000,2.1333,2.1391,2.1284,2.1324,3794870.4,1746601199999,8095183.51879,25352
XRPUSDT,1746601200000,2.1325,2.1418,2.1305,2.1412,5110249.2,1746604799999,10915195.79841,30900
XRPUSDT,1746604800000,2.1411,2.1492,2.1365,2.1479,3769093.8,1746608399999,8075189.44954,23864
XRPUSDT,1746608400000,2.1478,2.1514,2.1413,2.1451,2411678.4,1746611999999,5175900.36276,17735
XRPUSDT,1746612000000,2.1451,2.1456,2.1359,2.1431,2561197.9,1746615599999,5482113.38959,19415
XRPUSDT,1746615600000,2.143,2.1436,2.1381,2.1428,2136634.6,1746619199999,4573878.87697,15238
XRPUSDT,1746619200000,2.1429,2.1438,2.1304,2.1343,4093118.5,1746622799999,8742445.27475,23423
XRPUSDT,1746622800000,2.1343,2.1394,2.125,2.1351,4073316.6,1746626399999,8681692.05784,38869
XRPUSDT,1746626400000,2.1351,2.145,2.122,2.1288,4114364.2,1746629999999,8787763.72982,40722
XRPUSDT,1746630000000,2.1288,2.1333,2.1216,2.1268,4012601.5,1746633599999,8536105.5938,40842
XRPUSDT,1746633600000,2.1268,2.1275,2.1125,2.1232,4472056.8,1746637199999,9478134.68261,44128
XRPUSDT,1746637200000,2.1231,2.1259,2.1087,2.1144,3777274.6,1746640799999,8001846.33393,44429
XRPUSDT,1746640800000,2.1144,2.1346,2.1039,2.1235,10306263.1,1746644399999,21821204.67159,100308
XRPUSDT,1746644400000,2.1236,2.1245,2.1055,2.1124,5026158.4,1746647999999,10639068.06243,55275
XRPUSDT,1746648000000,2.1125,2.1191,2.107,2.1171,2123591.6,1746651599999,4485322.6727,29357
XRPUSDT,1746651600000,2.1172,2.1347,2.1171,2.1301,2556342.3,1746655199999,5435167.85582,25975
XRPUSDT,1746655200000,2.1301,2.1368,2.1269,2.1276,2477089.0,1746658799999,5280016.98523,24847
XRPUSDT,1746658800000,2.1275,2.1364,2.124,2.1265,2114563.3,1746662399999,4505203.2072,23116
XRPUSDT,1746662400000,2.1264,2.1362,2.1176,2.1352,3572757.5,1746665999999,7594005.63722,32784
XRPUSDT,1746666000000,2.1352,2.1478,2.1309,2.1381,6807244.8,1746669599999,14570454.71824,59330
XRPUSDT,1746669600000,2.1382,2.1714,2.1382,2.1704,10233482.3,1746673199999,22094637.45226,67644
XRPUSDT,1746673200000,2.1704,2.1857,2.1664,2.1857,9167318.4,1746676799999,19930376.32966,70964
XRPUSDT,1746676800000,2.1856,2.2068,2.1819,2.1822,12496178.3,1746680399999,27424618.91172,91125
XRPUSDT,1746680400000,2.1823,2.1905,2.1735,2.1749,5995434.2,1746683999999,13076984.86401,35576
XRPUSDT,1746684000000,2.1749,2.1815,2.1684,2.1767,6422677.6,1746687599999,13965105.65791,31202
XRPUSDT,1746687600000,2.1766,2.198,2.1766,2.1889,6053005.6,1746691199999,13242129.47418,50022
XRPUSDT,1746691200000,2.189,2.2188,2.1882,2.2117,8083309.4,1746694799999,17834770.78194,60596
XRPUSDT,1746694800000,2.2117,2.2158,2.2016,2.2099,4858306.2,1746698399999,10726970.15407,42802
XRPUSDT,1746698400000,2.21,2.2172,2.2063,2.215,5218817.0,1746701999999,11544060.63874,52629
XRPUSDT,1746702000000,2.215,2.2154,2.203,2.2082,4630685.1,1746705599999,10225266.33284,37801
XRPUSDT,1746705600000,2.2082,2.2216,2.205,2.2081,8084032.2,1746709199999,17891051.03043,58243
XRPUSDT,1746709200000,2.2081,2.219,2.2025,2.209,7262331.4,1746712799999,16062409.85998,58597
XRPUSDT,1746712800000,2.209,2.2392,2.2028,2.2227,9849710.8,1746716399999,21861290.51357,78433
XRPUSDT,1746716400000,2.2226,2.275,2.2225,2.2437,22733033.5,1746719999999,51203492.41128,190105
XRPUSDT,1746720000000,2.2437,2.2618,2.2357,2.2519,11565356.7,1746723599999,25988981.83094,94220
XRPUSDT,1746723600000,2.2519,2.2526,2.2272,2.2325,8834270.7,1746727199999,19793260.39058,64670
XRPUSDT,1746727200000,2.2326,2.2535,2.2321,2.2487,4699877.0,1746730799999,10544094.70234,43593
XRPUSDT,1746730800000,2.2487,2.275,2.2419,2.274,8275578.8,1746734399999,18683505.86461,71356
XRPUSDT,1746734400000,2.274,2.3199,2.2583,2.3118,18757956.9,1746737999999,42903679.09657,117955
XRPUSDT,1746738000000,2.3118,2.3297,2.2881,2.3023,18688823.6,1746741599999,43138016.95164,145014
XRPUSDT,1746741600000,2.3024,2.3065,2.2812,2.2947,8915497.8,1746745199999,20459455.40599,68460
XRPUSDT,1746745200000,2.2946,2.3284,2.2888,2.3272,9248633.0,1746748799999,21387625.27787,66408
XRPUSDT,1746748800000,2.3272,2.333,2.3022,2.3171,12305144.0,1746752399999,28499152.76706,93416
XRPUSDT,1746752400000,2.317,2.329,2.302,2.3181,8875437.0,1746755999999,20534409.12263,67236
XRPUSDT,1746756000000,2.3181,2.3205,2.3022,2.3089,8256389.8,1746759599999,19058956.20374,56172
XRPUSDT,1746759600000,2.3089,2.331,2.2917,2.2945,11833408.6,1746763199999,27399868.56789,74607
XRPUSDT,1746763200000,2.2945,2.3117,2.2931,2.3018,6738588.9,1746766799999,15515991.79513,60308
XRPUSDT,1746766800000,2.3018,2.3036,2.2845,2.2965,7877024.8,1746770399999,18060958.43274,50899
XRPUSDT,1746770400000,2.2966,2.3135,2.2943,2.3114,5427606.2,1746773999999,12512660.59025,51905
XRPUSDT,1746774000000,2.3115,2.3567,2.31,2.3384,18350391.4,1746777599999,42916133.19834,142897
XRPUSDT,1746777600000,2.3384,2.4273,2.3347,2.3679,42319063.3,1746781199999,100656967.91289,307905
XRPUSDT,1746781200000,2.3679,2.391,2.3344,2.3576,17425047.5,1746784799999,41105559.17813,174411
XRPUSDT,1746784800000,2.3576,2.4152,2.352,2.4039,17340413.1,1746788399999,41376012.23011,137982
XRPUSDT,1746788400000,2.4038,2.4291,2.3777,2.395,24472858.8,1746791999999,58870108.58227,212151
XRPUSDT,1746792000000,2.3949,2.3986,2.3723,2.3819,9478481.7,1746795599999,22617211.86608,114428
XRPUSDT,1746795600000,2.3819,2.4064,2.3682,2.3898,14323641.2,1746799199999,34206841.85493,128402
XRPUSDT,1746799200000,2.3897,2.3931,2.3344,2.3549,17566004.7,1746802799999,41447782.2814,191899
XRPUSDT,1746802800000,2.355,2.3615,2.3311,2.3495,10523376.2,1746806399999,24697274.53389,120183
XRPUSDT,1746806400000,2.3496,2.3505,2.3224,2.3268,9794384.0,1746809999999,22876115.01353,91859
XRPUSDT,1746810000000,2.3268,2.3679,2.3235,2.3642,7829689.2,1746813599999,18403858.00747,78874
XRPUSDT,1746813600000,2.3641,2.3671,2.3468,2.3598,4866434.6,1746817199999,11477656.60047,46997
XRPUSDT,1746817200000,2.3599,2.3613,2.3422,2.358,4036343.9,1746820799999,9490109.68343,45009
XRPUSDT,1746820800000,2.358,2.3615,2.348,2.3592,2481230.7,1746824399999,5846514.23331,28785
XRPUSDT,1746824400000,2.3591,2.3629,2.342,2.3504,2739004.7,1746827999999,6444045.80162,27132
XRPUSDT,1746828000000,2.3504,2.3546,2.3391,2.3398,2486060.5,1746831599999,5837576.24178,28474
XRPUSDT,1746831600000,2.3398,2.3475,2.3315,2.3439,3139398.7,1746835199999,7349521.71628,27447
XRPUSDT,1746835200000,2.3438,2.3744,2.3359,2.3408,8661061.4,1746838799999,20430971.91381,83980
XRPUSDT,1746838800000,2.3408,2.363,2.3402,2.3496,3489883.2,1746842399999,8219808.33411,47619
XRPUSDT,1746842400000,2.3497,2.3799,2.345,2.3719,5886758.6,1746845999999,13936658.81942,53544
XRPUSDT,1746846000000,2.3719,2.3746,2.359,2.3672,2562157.3,1746849599999,6062719.38459,33918
XRPUSDT,1746849600000,2.3672,2.3673,2.35,2.3656,3541767.0,1746853199999,8351824.6323,39244
XRPUSDT,1746853200000,2.3656,2.3733,2.3526,2.3729,3510284.6,1746856799999,8293337.67509,40760
XRPUSDT,1746856800000,2.3729,2.3951,2.3727,2.3942,8688761.5,1746860399999,20701548.76559,82016
XRPUSDT,1746860400000,2.3942,2.3964,2.3747,2.3897,7321956.3,1746863999999,17466487.96702,65951
XRPUSDT,1746864000000,2.3898,2.4045,2.3716,2.3807,8530895.0,1746867599999,20399270.30335,81810
XRPUSDT,1746867600000,2.3808,2.395,2.368,2.3898,5565120.8,1746871199999,13258294.55242,56093
XRPUSDT,1746871200000,2.3898,2.44,2.3879,2.3919,20441255.6,1746874799999,49364630.89192,149952
XRPUSDT,1746874800000,2.3919,2.408,2.3698,2.3799,9559751.7,1746878399999,22794198.61314,106680
XRPUSDT,1746878400000,2.3798,2.4041,2.3798,2.3997,5075283.8,1746881999999,12156649.90642,55148
XRPUSDT,1746882000000,2.3996,2.414,2.3981,2.4083,5951909.6,1746885599999,14331569.14807,54782
XRPUSDT,1746885600000,2.4083,2.4208,2.4014,2.413,6318821.2,1746889199999,15232692.30112,58870
XRPUSDT,1746889200000,2.413,2.4147,2.3911,2.3973,5929492.0,1746892799999,14238347.91625,62654
XRPUSDT,1746892800000,2.3974,2.4248,2.3946,2.4218,7661575.8,1746896399999,18496214.70067,75932
XRPUSDT,1746896400000,2.4218,2.4496,2.4127,2.4204,17938881.2,1746899999999,43668428.94016,154530
XRPUSDT,1746900000000,2.4203,2.4408,2.4102,2.4245,6171617.5,1746903599999,14965607.1774,68331
XRPUSDT,1746903600000,2.4244,2.428,2.4091,2.4196,3097638.0,1746907199999,7489718.37659,41769
XRPUSDT,1746907200000,2.4197,2.4246,2.4042,2.4239,3548138.4,1746910799999,8559539.3191,45457
XRPUSDT,1746910800000,2.424,2.443,2.418,2.4392,4883305.9,1746914399999,11860361.35515,48757
XRPUSDT,1746914400000,2.4392,2.4497,2.4279,2.4487,5854283.9,1746917999999,14283773.26743,66983
XRPUSDT,1746918000000,2.4487,2.477,2.4457,2.4711,13393945.8,1746921599999,32976148.01082,126072
XRPUSDT,1746921600000,2.4711,2.4844,2.4018,2.4269,23416751.7,1746925199999,57084894.84647,207746
XRPUSDT,1746925200000,2.4269,2.4406,2.3949,2.4067,10465105.1,1746928799999,25301129.04301,99676
XRPUSDT,1746928800000,2.4066,2.4201,2.3829,2.3947,9625477.6,1746932399999,23114649.05131,115671
XRPUSDT,1746932400000,2.3946,2.4129,2.3834,2.4022,5488245.2,1746935999999,13180507.49663,68315
XRPUSDT,1746936000000,2.4023,2.4176,2.4013,2.4175,5028052.9,1746939599999,12123656.56865,52015
XRPUSDT,1746939600000,2.4175,2.418,2.4041,2.405,2969283.8,1746943199999,7160869.88937,38366
XRPUSDT,1746943200000,2.405,2.4055,2.3718,2.3861,9187436.9,1746946799999,21941308.04461,79604
XRPUSDT,1746946800000,2.386,2.386,2.3416,2.3549,13974329.1,1746950399999,33001190.48438,148543
XRPUSDT,1746950400000,2.3549,2.3718,2.3487,2.3562,5943324.6,1746953999999,14028655.89627,69323
XRPUSDT,1746954000000,2.3563,2.3768,2.3519,2.3715,4592053.7,1746957599999,10878419.29036,42419
XRPUSDT,1746957600000,2.3715,2.3779,2.3628,2.376,4076317.3,1746961199999,9667994.38974,39243
XRPUSDT,1746961200000,2.3761,2.3873,2.3697,2.3863,6857503.6,1746964799999,16299005.36665,42718
XRPUSDT,1746964800000,2.3864,2.3892,2.3722,2.378,5035369.3,1746968399999,11986317.71277,44230
XRPUSDT,1746968400000,2.378,2.3884,2.3455,2.3467,8367165.9,1746971999999,19793080.01018,81029
XRPUSDT,1746972000000,2.3467,2.3667,2.3456,2.3603,4306896.4,1746975599999,10152901.10759,58536
XRPUSDT,1746975600000,2.3603,2.3741,2.3315,2.3473,8128567.1,1746979199999,19122788.08625,70436
XRPUSDT,1746979200000,2.3473,2.3563,2.3283,2.3483,8943766.0,1746982799999,20935905.82306,97228
XRPUSDT,1746982800000,2.3484,2.369,2.3411,2.3675,6234370.4,1746986399999,14700106.56257,61731
XRPUSDT,1746986400000,2.3676,2.3811,2.3534,2.3745,3788917.6,1746989999999,8979266.2108,51869
XRPUSDT,1746990000000,2.3746,2.3841,2.3703,2.3715,3839477.9,1746993599999,9124914.9119,40840
XRPUSDT,1746993600000,2.3716,2.379,2.3623,2.3708,3256028.7,1746997199999,7717702.50061,41175
XRPUSDT,1746997200000,2.3707,2.3726,2.3603,2.3709,2541107.0,1747000799999,6013577.34477,25130
XRPUSDT,1747000800000,2.3709,2.3802,2.356,2.3668,3694622.6,1747004399999,8743609.54336,53326
XRPUSDT,1747004400000,2.3668,2.375,2.3622,2.367,2822309.1,1747007999999,6685584.98917,32157
XRPUSDT,1747008000000,2.3671,2.396,2.3635,2.3958,8612226.0,1747011599999,20517442.02729,77044
XRPUSDT,1747011600000,2.3957,2.4082,2.3515,2.3731,11838252.5,1747015199999,28229213.47492,88452
XRPUSDT,1747015200000,2.3732,2.3998,2.3729,2.3931,9126344.3,1747018799999,21810893.22518,88574
XRPUSDT,1747018800000,2.3931,2.403,2.3787,2.3961,7305974.8,1747022399999,17477624.89642,57326
XRPUSDT,1747022400000,2.3961,2.415,2.3902,2.4018,9639600.1,1747025999999,23158912.75363,79760
XRPUSDT,1747026000000,2.4019,2.4056,2.3745,2.3871,6872155.2,1747029599999,16420129.61466,58446
XRPUSDT,1747029600000,2.3872,2.4034,2.3807,2.3977,9248582.7,1747033199999,22165155.24255,56045
XRPUSDT,1747033200000,2.3977,2.455,2.3914,2.4136,37661966.9,1747036799999,91345295.52183,268400
XRPUSDT,1747036800000,2.4136,2.4296,2.3911,2.4245,14348028.8,1747040399999,34603143.13246,114790
XRPUSDT,1747040400000,2.4245,2.433,2.4171,2.4207,8570534.3,1747043999999,20802568.24968,90067
XRPUSDT,1747044000000,2.4207,2.4357,2.4122,2.4346,9155392.5,1747047599999,22192209.35745,91736
XRPUSDT,1747047600000,2.4345,2.4849,2.4304,2.449,32554788.1,1747051199999,80066352.87453,260044
XRPUSDT,1747051200000,2.4489,2.595,2.4479,2.561,64837420.7,1747054799999,164565915.98562,421708
XRPUSDT,1747054800000,2.5611,2.6549,2.5565,2.6037,62271177.3,1747058399999,162040678.27391,434934
XRPUSDT,1747058400000,2.6037,2.6197,2.5248,2.5443,49158886.9,1747061999999,126277136.04572,366665
XRPUSDT,1747062000000,2.5443,2.6026,2.521,2.5929,40062660.8,1747065599999,102737057.87744,317860
XRPUSDT,1747065600000,2.5929,2.6138,2.5544,2.5903,19057833.9,1747069199999,49383623.83234,226547
XRPUSDT,1747069200000,2.5903,2.6144,2.5578,2.5633,17749951.7,1747072799999,45949557.04638,191322
XRPUSDT,1747072800000,2.5632,2.5809,2.43,2.4678,40908579.6,1747076399999,102277594.4027,335193
XRPUSDT,1747076400000,2.4678,2.5343,2.4583,2.5329,17238468.9,1747079999999,42932469.20915,167651
XRPUSDT,1747080000000,2.5329,2.5487,2.5022,2.5299,12873131.3,1747083599999,32520684.38595,129958
XRPUSDT,1747083600000,2.5299,2.5444,2.5209,2.5369,7036855.3,1747087199999,17819430.52675,68770
XRPUSDT,1747087200000,2.5369,2.5563,2.5264,2.5298,6972324.1,1747090799999,17724945.9873,71833
XRPUSDT,1747090800000,2.5299,2.549,2.5242,2.5439,4849685.7,1747094399999,12293832.36775,49017
XRPUSDT,1747094400000,2.544,2.5459,2.4904,2.4933,10877387.2,1747097999999,27313018.55987,133846
XRPUSDT,1747098000000,2.4932,2.506,2.4522,2.4701,11196541.9,1747101599999,27723771.87945,138101
XRPUSDT,1747101600000,2.47,2.4804,2.4267,2.4513,17423812.5,1747105199999,42698054.70292,189048
XRPUSDT,1747105200000,2.4512,2.4634,2.429,2.43,9851671.7,1747108799999,24070532.5352,111621
XRPUSDT,1747108800000,2.4299,2.4875,2.4215,2.4852,12501388.9,1747112399999,30734889.47412,116505
XRPUSDT,1747112400000,2.4852,2.4909,2.4676,2.4851,6912838.6,1747115999999,17137582.28101,77103
XRPUSDT,1747116000000,2.4852,2.5103,2.4852,2.4991,9424087.9,1747119599999,23559116.01472,91195
XRPUSDT,1747119600000,2.499,2.5156,2.4919,2.4987,7729356.3,1747123199999,19331666.14226,80010
XRPUSDT,1747123200000,2.4988,2.5098,2.4864,2.4999,6312235.7,1747126799999,15773557.68195,72002
XRPUSDT,1747126800000,2.4999,2.565,2.498,2.5457,14855895.9,1747130399999,37739997.97451,138467
XRPUSDT,1747130400000,2.5458,2.5676,2.5293,2.5528,10333232.3,1747133999999,26341638.30045,123338
XRPUSDT,1747134000000,2.5527,2.5578,2.526,2.5344,8993905.3,1747137599999,22872774.85057,98490
XRPUSDT,1747137600000,2.5345,2.563,2.5159,2.544,14672311.7,1747141199999,37264422.06284,144436
XRPUSDT,1747141200000,2.544,2.559,2.5284,2.5398,7265445.3,1747144799999,18475867.25243,99307
XRPUSDT,1747144800000,2.5399,2.5412,2.5047,2.5224,9598828.7,1747148399999,24191001.5288,110757
XRPUSDT,1747148400000,2.5224,2.552,2.5186,2.5433,8369205.5,1747151999999,21242686.80131,85526
XRPUSDT,1747152000000,2.5433,2.5753,2.5409,2.5516,11424074.7,1747155599999,29241960.74698,118556
XRPUSDT,1747155600000,2.5516,2.5698,2.535,2.5553,7805194.9,1747159199999,19936841.88092,78377
XRPUSDT,1747159200000,2.5553,2.573,2.5539,2.5723,5773616.1,1747162799999,14798827.43845,75005
XRPUSDT,1747162800000,2.5723,2.6053,2.5601,2.5811,13430766.8,1747166399999,34717824.41457,142539
XRPUSDT,1747166400000,2.581,2.5943,2.5586,2.5826,8057190.3,1747169999999,20768113.60923,90303
XRPUSDT,1747170000000,2.5825,2.584,2.5635,2.5764,5192827.8,1747173599999,13361216.9289,56965
XRPUSDT,1747173600000,2.5763,2.5855,2.5623,2.5796,4357732.1,1747177199999,11212850.64156,62637
XRPUSDT,1747177200000,2.5796,2.602,2.5639,2.5829,8491490.8,1747180799999,22000405.70079,84281
XRPUSDT,1747180800000,2.5828,2.5882,2.5592,2.568,7117724.6,1747184399999,18305496.29539,72475
XRPUSDT,1747184400000,2.5681,2.5971,2.5612,2.5643,9577229.1,1747187999999,24710291.58971,99228
XRPUSDT,1747188000000,2.5643,2.5697,2.5406,2.555,8192546.1,1747191599999,20923931.61204,68545
XRPUSDT,1747191600000,2.5551,2.5577,2.5415,2.5571,6059916.6,1747195199999,15447783.6031,52587
XRPUSDT,1747195200000,2.557,2.58,2.5472,2.5769,5960342.9,1747198799999,15290363.45758,43619
XRPUSDT,1747198800000,2.577,2.589,2.5701,2.5864,5124831.4,1747202399999,13221971.87081,40336
XRPUSDT,1747202400000,2.5863,2.5986,2.5802,2.5913,7211307.2,1747205999999,18664359.18789,55019
XRPUSDT,1747206000000,2.5913,2.6358,2.5621,2.6191,16292270.2,1747209599999,42349000.84355,121082
XRPUSDT,1747209600000,2.6192,2.64,2.5671,2.5697,28641662.0,1747213199999,74707865.28211,242435
XRPUSDT,1747213200000,2.5698,2.6516,2.5618,2.6282,24640527.9,1747216799999,64426896.90733,210986
XRPUSDT,1747216800000,2.6282,2.6398,2.5975,2.6031,10119356.2,1747220399999,26490996.34756,97029
XRPUSDT,1747220400000,2.6032,2.623,2.6013,2.6142,6187622.6,1747223999999,16164733.33121,55170
XRPUSDT,1747224000000,2.6143,2.6262,2.585,2.5926,7793871.6,1747227599999,20338050.91094,70029
XRPUSDT,1747227600000,2.5926,2.5998,2.5535,2.5783,16169563.0,1747231199999,41656280.49352,150382
XRPUSDT,1747231200000,2.5784,2.581,2.5462,2.5674,11460560.5,1747234799999,29377299.69807,107164
XRPUSDT,1747234800000,2.5675,2.5746,2.5497,2.5616,5851927.6,1747238399999,14977719.46136,67834
XRPUSDT,1747238400000,2.5615,2.5709,2.5325,2.5486,8884927.6,1747241999999,22678693.19421,99538
XRPUSDT,1747242000000,2.5487,2.5524,2.5194,2.5522,8312371.9,1747245599999,21068259.44843,88035
XRPUSDT,1747245600000,2.5523,2.5632,2.5432,2.5626,4268729.5,1747249199999,10901401.83828,51409
XRPUSDT,1747249200000,2.5627,2.5693,2.5561,2.5669,3140272.6,1747252799999,8049520.48941,44114
XRPUSDT,1747252800000,2.5669,2.5721,2.5561,2.5611,3587470.4,1747256399999,9198038.93593,37792
XRPUSDT,1747256400000,2.561,2.5642,2.5462,2.5626,3534071.5,1747259999999,9026742.16543,33434
XRPUSDT,1747260000000,2.5625,2.5656,2.5466,2.5491,2350405.1,1747263599999,6007688.17427,35094
XRPUSDT,1747263600000,2.5492,2.555,2.5365,2.5503,3120219.3,1747267199999,7949828.93137,35644
XRPUSDT,1747267200000,2.5504,2.5719,2.5485,2.5673,4609676.5,1747270799999,11812560.27305,36934
XRPUSDT,1747270800000,2.5673,2.5677,2.5117,2.5243,8713447.0,1747274399999,22100702.65038,80038
XRPUSDT,1747274400000,2.5243,2.5426,2.5195,2.538,4075440.1,1747277999999,10321043.40637,44991
XRPUSDT,1747278000000,2.538,2.55,2.5199,2.5225,6185692.1,1747281599999,15690202.63732,54977
XRPUSDT,1747281600000,2.5224,2.5344,2.5196,2.5291,3807621.2,1747285199999,9622324.05948,43693
XRPUSDT,1747285200000,2.529,2.5316,2.4934,2.498,8041941.7,1747288799999,20167889.20217,71341
XRPUSDT,1747288800000,2.4981,2.5124,2.4868,2.4963,5710996.2,1747292399999,14262689.98834,68798
XRPUSDT,1747292400000,2.4962,2.502,2.4483,2.4606,12485417.3,1747295999999,30825786.91931,136945
XRPUSDT,1747296000000,2.4605,2.5015,2.4598,2.4979,7162345.2,1747299599999,17800651.22812,77725
XRPUSDT,1747299600000,2.4978,2.4978,2.4582,2.4739,8886808.9,1747303199999,21960225.01771,72698
XRPUSDT,1747303200000,2.4739,2.4767,2.4479,2.462,7135802.4,1747306799999,17558878.22539,92844
XRPUSDT,1747306800000,2.4621,2.4797,2.4601,2.4778,5751955.7,1747310399999,14215139.51369,82100
XRPUSDT,1747310400000,2.4777,2.4894,2.4496,2.4631,15808820.6,1747313999999,39024947.76689,116500
XRPUSDT,1747314000000,2.4631,2.4773,2.427,2.448,10822271.1,1747317599999,26516153.77966,123075
XRPUSDT,1747317600000,2.448,2.455,2.4041,2.4261,11715267.4,1747321199999,28408119.65056,174234
XRPUSDT,1747321200000,2.4261,2.4691,2.4239,2.4664,8961351.6,1747324799999,21919661.24689,111044
XRPUSDT,1747324800000,2.4663,2.4904,2.4515,2.4896,8251355.2,1747328399999,20365241.21003,110418
XRPUSDT,1747328400000,2.4896,2.5056,2.4723,2.4827,9792071.6,1747331999999,24382726.69671,109694
XRPUSDT,1747332000000,2.4826,2.4924,2.4297,2.4322,8722925.8,1747335599999,21434658.39157,123518
XRPUSDT,1747335600000,2.4322,2.4554,2.4201,2.4487,7089875.3,1747339199999,17307077.97036,103630
XRPUSDT,1747339200000,2.4488,2.4595,2.4224,2.4357,8864063.2,1747342799999,21657321.39249,95029
XRPUSDT,1747342800000,2.4356,2.4374,2.395,2.4265,8927166.2,1747346399999,21547690.32025,91287
XRPUSDT,1747346400000,2.4266,2.4409,2.3813,2.3832,9942126.6,1747349999999,23940590.96539,91976
XRPUSDT,1747350000000,2.3832,2.386,2.3525,2.3856,17855639.4,1747353599999,42300891.63763,195753
XRPUSDT,1747353600000,2.3856,2.4024,2.374,2.3789,11801621.8,1747357199999,28186483.90193,155187
XRPUSDT,1747357200000,2.379,2.3828,2.3471,2.375,13156644.8,1747360799999,31136524.21996,152348
XRPUSDT,1747360800000,2.375,2.4007,2.3718,2.3985,9745261.5,1747364399999,23294736.5944,93589
XRPUSDT,1747364400000,2.3985,2.4178,2.3918,2.4126,7270316.7,1747367999999,17504392.98044,73373
XRPUSDT,1747368000000,2.4126,2.4209,2.4004,2.4114,5259795.6,1747371599999,12684969.09492,58800
XRPUSDT,1747371600000,2.4114,2.4285,2.411,2.4208,5363962.3,1747375199999,12988842.63959,67524
XRPUSDT,1747375200000,2.4208,2.4294,2.4143,2.4187,3929290.2,1747378799999,9513212.36881,65405
XRPUSDT,1747378800000,2.4188,2.4243,2.4029,2.4072,5315050.4,1747382399999,12813322.4991,53337
XRPUSDT,1747382400000,2.4073,2.4165,2.3718,2.3928,7797435.9,1747385999999,18638266.93344,89146
XRPUSDT,1747386000000,2.3928,2.4264,2.3911,2.4254,5461747.8,1747389599999,13158354.35698,65203
XRPUSDT,1747389600000,2.4254,2.4314,2.4158,2.4301,4635818.7,1747393199999,11237176.19201,56292
XRPUSDT,1747393200000,2.43,2.4399,2.42,2.4254,5812904.3,1747396799999,14118722.64088,73323
XRPUSDT,1747396800000,2.4254,2.43,2.4149,2.421,3507461.0,1747400399999,8500889.35853,51974
XRPUSDT,1747400400000,2.421,2.4392,2.4181,2.4361,3851186.2,1747403999999,9357601.31272,56776
XRPUSDT,1747404000000,2.436,2.4377,2.4049,2.4156,8200544.4,1747407599999,19870591.76774,88990
XRPUSDT,1747407600000,2.4156,2.4346,2.4098,2.4229,5945679.2,1747411199999,14393467.26437,76294
XRPUSDT,1747411200000,2.4228,2.4309,2.3945,2.4112,6116858.8,1747414799999,14742423.22899,69070
XRPUSDT,1747414800000,2.4111,2.4187,2.394,2.3989,2602352.3,1747418399999,6264063.69644,42157
XRPUSDT,1747418400000,2.3988,2.4149,2.3951,2.4073,2733155.1,1747421999999,6573032.82513,41033
XRPUSDT,1747422000000,2.4072,2.4195,2.4046,2.4181,2080017.1,1747425599999,5017620.70914,34459
XRPUSDT,1747425600000,2.4181,2.4229,2.3845,2.4058,4418201.5,1747429199999,10610022.98777,49073
XRPUSDT,1747429200000,2.4057,2.4089,2.3882,2.3975,2102553.5,1747432799999,5047112.85117,34588
XRPUSDT,1747432800000,2.3975,2.3988,2.3616,2.3716,6420052.1,1747436399999,15252203.79936,86411
XRPUSDT,1747436400000,2.3715,2.393,2.3712,2.3798,3415310.0,1747439999999,8135376.30973,53744
XRPUSDT,1747440000000,2.3797,2.3829,2.3397,2.3569,9445540.9,1747443599999,22283968.92563,132094
XRPUSDT,1747443600000,2.3568,2.3568,2.3126,2.329,12555185.3,1747447199999,29265841.36642,143183
XRPUSDT,1747447200000,2.3291,2.3521,2.3176,2.3469,5275873.9,1747450799999,12328036.30498,82805
XRPUSDT,1747450800000,2.3469,2.373,2.3378,2.3705,3306222.5,1747454399999,7783832.17325,53093
XRPUSDT,1747454400000,2.3704,2.3817,2.3642,2.3737,2869230.1,1747457999999,6810300.37133,49863
XRPUSDT,1747458000000,2.3737,2.3777,2.363,2.3642,2445377.0,1747461599999,5798061.53033,38614
XRPUSDT,1747461600000,2.3643,2.3764,2.3631,2.3749,2468448.1,1747465199999,5852188.55433,31556
XRPUSDT,1747465200000,2.3749,2.3892,2.3701,2.3806,3200122.4,1747468799999,7622992.09021,41866
XRPUSDT,1747468800000,2.3805,2.3826,2.3651,2.3676,2967091.6,1747472399999,7041257.09637,58500
XRPUSDT,1747472400000,2.3677,2.3726,2.353,2.3614,3456510.4,1747475999999,8166105.56095,54727
XRPUSDT,1747476000000,2.3613,2.3759,2.3522,2.3563,3207916.9,1747479599999,7579718.79258,49696
XRPUSDT,1747479600000,2.3563,2.3614,2.3409,2.3532,3388281.8,1747483199999,7967700.34092,45906
XRPUSDT,1747483200000,2.3532,2.3558,2.3353,2.3388,3282587.1,1747486799999,7700679.53534,59131
XRPUSDT,1747486800000,2.3389,2.3465,2.3164,2.3252,5169273.2,1747490399999,12033366.26587,65735
XRPUSDT,1747490400000,2.3253,2.3562,2.3244,2.3497,5888435.6,1747493999999,13766741.08796,63123
XRPUSDT,1747494000000,2.3497,2.3505,2.3328,2.333,2733389.1,1747497599999,6402606.4712,46998
XRPUSDT,1747497600000,2.333,2.3394,2.2984,2.3156,10411395.3,1747501199999,24072507.81281,103366
XRPUSDT,1747501200000,2.3157,2.3422,2.3136,2.3236,4840414.6,1747504799999,11266845.28052,61198
XRPUSDT,1747504800000,2.3236,2.3499,2.3222,2.3276,5140654.0,1747508399999,12006940.28615,78264
XRPUSDT,1747508400000,2.3276,2.3416,2.3235,2.3347,2099751.8,1747511999999,4900972.2658,39279
XRPUSDT,1747512000000,2.3346,2.3629,2.33,2.3586,4019196.2,1747515599999,9436388.11665,49128
XRPUSDT,1747515600000,2.3586,2.362,2.3433,2.3583,2647514.9,1747519199999,6232325.75198,31534
XRPUSDT,1747519200000,2.3582,2.3588,2.3263,2.3435,3423066.5,1747522799999,8012145.49602,41181
XRPUSDT,1747522800000,2.3435,2.3553,2.3397,2.3531,1493086.6,1747526399999,3508355.06598,22110
XRPUSDT,1747526400000,2.3531,2.3658,2.3492,2.359,2808473.2,1747529999999,6625751.42296,55058
XRPUSDT,1747530000000,2.359,2.3684,2.3535,2.3655,1877334.8,1747533599999,4430289.22935,31681
XRPUSDT,1747533600000,2.3656,2.3689,2.3575,2.3606,1620725.8,1747537199999,3831742.49451,25588
XRPUSDT,1747537200000,2.3605,2.3683,2.351,2.3586,2567189.2,1747540799999,6056505.5082,31596
XRPUSDT,1747540800000,2.3586,2.3706,2.3586,2.3676,1479299.8,1747544399999,3500044.29355,16325
XRPUSDT,1747544400000,2.3676,2.3862,2.3676,2.3838,2222881.6,1747547999999,5283337.83238,28876
XRPUSDT,1747548000000,2.3839,2.3875,2.3735,2.3805,2884091.6,1747551599999,6866418.99258,31212
XRPUSDT,1747551600000,2.3805,2.3984,2.3794,2.3968,2881773.4,1747555199999,6889840.61642,31781
XRPUSDT,1747555200000,2.3968,2.4062,2.3941,2.3949,5189029.4,1747558799999,12453096.4115,48146
XRPUSDT,1747558800000,2.3949,2.3996,2.3839,2.3901,2491479.9,1747562399999,5959522.67554,36198
XRPUSDT,1747562400000,2.39,2.3934,2.3868,2.3919,1467346.3,1747565999999,3506978.36407,28810
XRPUSDT,1747566000000,2.3919,2.3986,2.3864,2.3878,1970976.8,1747569599999,4716441.29281,22426
XRPUSDT,1747569600000,2.3878,2.3909,2.38,2.3907,2285190.6,1747573199999,5449084.4898,28544
XRPUSDT,1747573200000,2.3907,2.4098,2.3854,2.4086,3396544.0,1747576799999,8145239.40292,38385
XRPUSDT,1747576800000,2.4086,2.4394,2.4033,2.4282,9750055.5,1747580399999,23613795.54932,92806
XRPUSDT,1747580400000,2.4283,2.4449,2.4166,2.4378,4833151.5,1747583999999,11750919.37889,85765
XRPUSDT,1747584000000,2.4379,2.4497,2.4277,2.437,6916463.9,1747587599999,16856926.78777,102773
XRPUSDT,1747587600000,2.437,2.4372,2.3951,2.3972,7738862.4,1747591199999,18689717.58236,86008
XRPUSDT,1747591200000,2.3972,2.3993,2.3653,2.3982,10583948.7,1747594799999,25212067.47889,146960
XRPUSDT,1747594800000,2.3982,2.4091,2.3662,2.3694,6600926.9,1747598399999,15769782.88037,98439
XRPUSDT,1747598400000,2.3694,2.3774,2.332,2.3709,13228977.6,1747601999999,31131862.002,153850
XRPUSDT,1747602000000,2.371,2.394,2.369,2.3743,3125363.3,1747605599999,7447488.6215,55384
XRPUSDT,1747605600000,2.3742,2.4064,2.3594,2.4049,5394514.1,1747609199999,12835912.74484,104398
XRPUSDT,1747609200000,2.4048,2.437,2.3961,2.428,6719944.2,1747612799999,16247293.32458,89989
XRPUSDT,1747612800000,2.428,2.441,2.3866,2.3988,14007071.9,1747616399999,33800702.32041,147779
XRPUSDT,1747616400000,2.3989,2.4056,2.3781,2.3899,6417754.4,1747619999999,15343081.94878,90387
XRPUSDT,1747620000000,2.3899,2.3958,2.3724,2.3748,6093482.8,1747623599999,14510688.29612,64013
XRPUSDT,1747623600000,2.3747,2.3759,2.3486,2.3489,5990148.0,1747627199999,14140474.6389,61251
XRPUSDT,1747627200000,2.3489,2.3628,2.3229,2.3333,9047110.2,1747630799999,21201030.86294,105088
XRPUSDT,1747630800000,2.3333,2.3461,2.3217,2.3429,8543920.0,1747634399999,19935797.37285,93621
XRPUSDT,1747634400000,2.3429,2.3508,2.2832,2.2851,17644908.9,1747637999999,40771050.85028,147095
XRPUSDT,1747638000000,2.285,2.3185,2.2827,2.3055,10565971.4,1747641599999,24359635.98068,89659
XRPUSDT,1747641600000,2.3056,2.309,2.2868,2.3062,8508103.1,1747645199999,19552179.84628,87728
XRPUSDT,1747645200000,2.3062,2.3231,2.2957,2.3139,7368099.3,1747648799999,17030381.75788,68839
XRPUSDT,1747648800000,2.3139,2.324,2.3026,2.3151,3953790.9,1747652399999,9140202.79191,53200
XRPUSDT,1747652400000,2.3152,2.3265,2.3131,2.3243,3363094.7,1747655999999,7804606.51228,46695
XRPUSDT,1747656000000,2.3243,2.3266,2.2906,2.2994,6239475.7,1747659599999,14376085.0447,72265
XRPUSDT,1747659600000,2.2994,2.3317,2.2966,2.3236,6198919.6,1747663199999,14336913.78587,89362
XRPUSDT,1747663200000,2.3236,2.349,2.3172,2.3445,5953525.1,1747666799999,13897915.45261,81356
XRPUSDT,1747666800000,2.3444,2.3586,2.3347,2.3494,6565184.3,1747670399999,15392667.98182,96096
XRPUSDT,1747670400000,2.3493,2.3664,2.3366,2.366,5629830.0,1747673999999,13229806.86779,67592
XRPUSDT,1747674000000,2.3659,2.3823,2.3624,2.3681,4956917.9,1747677599999,11750323.52012,91090
XRPUSDT,1747677600000,2.3681,2.3746,2.3505,2.3679,4519742.9,1747681199999,10681131.82543,60628
XRPUSDT,1747681200000,2.3679,2.401,2.3623,2.3986,8241615.4,1747684799999,19604645.75233,57649
XRPUSDT,1747684800000,2.3986,2.3988,2.381,2.3897,4255523.0,1747688399999,10163291.28849,38525
XRPUSDT,1747688400000,2.3897,2.3902,2.3668,2.3813,4256313.7,1747691999999,10120098.72856,31194
XRPUSDT,1747692000000,2.3812,2.3846,2.366,2.3758,2469558.8,1747695599999,5862040.92208,28220
XRPUSDT,1747695600000,2.3758,2.3853,2.3733,2.3803,2090884.4,1747699199999,4974512.29415,21720
XRPUSDT,1747699200000,2.3803,2.3982,2.3741,2.3764,7638455.9,1747702799999,18213832.92183,89742
XRPUSDT,1747702800000,2.3764,2.4053,2.3742,2.3964,9692495.6,1747706399999,23201323.59457,79660
XRPUSDT,1747706400000,2.3964,2.409,2.3829,2.3903,9407907.6,1747709999999,22535854.10518,82499
XRPUSDT,1747710000000,2.3903,2.3915,2.3764,2.3824,4769946.1,1747713599999,11372547.90694,49443
XRPUSDT,1747713600000,2.3823,2.3888,2.3751,2.3879,3237673.8,1747717199999,7706510.61581,28701
XRPUSDT,1747717200000,2.3879,2.3927,2.3754,2.3759,4179167.8,1747720799999,9966509.52091,33269
XRPUSDT,1747720800000,2.3759,2.3788,2.3578,2.366,6694666.8,1747724399999,15843282.04711,49849
XRPUSDT,1747724400000,2.3659,2.3673,2.3458,2.3464,6892222.2,1747727999999,16233388.99091,60525
XRPUSDT,1747728000000,2.3463,2.3591,2.3365,2.3564,5207981.2,1747731599999,12234533.77803,53110
XRPUSDT,1747731600000,2.3564,2.3589,2.3469,2.3502,2840887.1,1747735199999,6683287.13969,34974
XRPUSDT,1747735200000,2.3503,2.359,2.3377,2.3449,5346999.2,1747738799999,12553465.91237,52955
XRPUSDT,1747738800000,2.345,2.3506,2.3346,2.3465,3238511.0,1747742399999,7588582.15845,40470
XRPUSDT,1747742400000,2.3465,2.3465,2.3232,2.3351,5129931.1,1747745999999,11967746.17191,53266
XRPUSDT,1747746000000,2.3352,2.3418,2.3203,2.3248,5725410.6,1747749599999,13347682.50958,72870
XRPUSDT,1747749600000,2.3247,2.3433,2.3206,2.3293,5977625.4,1747753199999,13936566.87176,67396
XRPUSDT,1747753200000,2.3292,2.3469,2.3284,2.3425,4100114.6,1747756799999,9591856.01071,50611
XRPUSDT,1747756800000,2.3425,2.3448,2.3284,2.3341,5025274.5,1747760399999,11742228.48764,44637
XRPUSDT,1747760400000,2.3341,2.3553,2.3326,2.3492,4802738.1,1747763999999,11277880.09713,44932
XRPUSDT,1747764000000,2.3493,2.3547,2.3141,2.3181,8330381.5,1747767599999,19420224.66485,74549
XRPUSDT,1747767600000,2.3181,2.371,2.3145,2.3557,8341850.6,1747771199999,19570766.21942,63421
XRPUSDT,1747771200000,2.3557,2.3627,2.3427,2.3551,4623875.1,1747774799999,10871470.36099,53334
XRPUSDT,1747774800000,2.3551,2.3622,2.3401,2.3553,5713700.6,1747778399999,13444688.27745,62724
XRPUSDT,1747778400000,2.3552,2.3587,2.3377,2.3493,5576104.6,1747781999999,13080252.60962,45055
XRPUSDT,1747782000000,2.3493,2.3648,2.3463,2.3565,3799755.8,1747785599999,8957113.72449,43390
XRPUSDT,1747785600000,2.3565,2.3612,2.347,2.351,4017035.9,1747789199999,9451853.70681,52222
XRPUSDT,1747789200000,2.3509,2.3619,2.3452,2.3465,4470265.6,1747792799999,10522121.58336,37014
XRPUSDT,1747792800000,2.3464,2.3578,2.3311,2.3564,5013064.4,1747796399999,11745771.23478,46873
XRPUSDT,1747796400000,2.3564,2.3674,2.3541,2.3585,4484716.9,1747799999999,10593122.45217,38639
XRPUSDT,1747800000000,2.3585,2.3794,2.3548,2.3699,6317975.2,1747803599999,14968819.68076,51710
XRPUSDT,1747803600000,2.3699,2.3944,2.3695,2.3818,9193139.9,1747807199999,21890192.84632,70731
XRPUSDT,1747807200000,2.3819,2.3868,2.37,2.3773,6338808.4,1747810799999,15083099.63378,50359
XRPUSDT,1747810800000,2.3774,2.3812,2.3414,2.349,8044469.2,1747814399999,18958922.22493,91775
XRPUSDT,1747814400000,2.3491,2.3607,2.3481,2.3494,3773446.6,1747817999999,8880932.22258,51894
XRPUSDT,1747818000000,2.3494,2.3533,2.3362,2.3392,3971962.8,1747821599999,9305745.74749,45962
XRPUSDT,1747821600000,2.3393,2.3481,2.3308,2.344,5138801.6,1747825199999,12021973.51446,48090
XRPUSDT,1747825200000,2.344,2.3578,2.3415,2.3524,4301365.3,1747828799999,10119130.78712,36941
XRPUSDT,1747828800000,2.3523,2.362,2.3464,2.3544,3471090.9,1747832399999,8171309.48335,30525
XRPUSDT,1747832400000,2.3545,2.3783,2.3454,2.3672,6885109.9,1747835999999,16277990.64937,60517
XRPUSDT,1747836000000,2.3671,2.4007,2.3609,2.4001,10670917.0,1747839599999,25407421.85882,94345
XRPUSDT,1747839600000,2.4001,2.4068,2.3819,2.3993,15710950.2,1747843199999,37640232.64895,132665
XRPUSDT,1747843200000,2.3994,2.4288,2.3934,2.4157,11530867.7,1747846799999,27832619.27175,100215
XRPUSDT,1747846800000,2.4157,2.4205,2.3349,2.3465,26406343.4,1747850399999,62519241.20886,266993
XRPUSDT,1747850400000,2.3465,2.3741,2.3413,2.3582,7883761.9,1747853999999,18587895.99658,102741
XRPUSDT,1747854000000,2.3583,2.3915,2.3527,2.3899,4388105.4,1747857599999,10403932.91959,79534
XRPUSDT,1747857600000,2.3898,2.3932,2.3699,2.3841,6124384.9,1747861199999,14585259.41073,55111
XRPUSDT,1747861200000,2.3841,2.3852,2.3721,2.3761,2286807.5,1747864799999,5439025.63387,23851
XRPUSDT,1747864800000,2.3761,2.4004,2.3748,2.3921,4565883.4,1747868399999,10915603.78812,48321
XRPUSDT,1747868400000,2.3921,2.4164,2.385,2.3952,10081392.7,1747871999999,24216924.92991,94602
XRPUSDT,1747872000000,2.3953,2.4065,2.3881,2.4041,10031075.1,1747875599999,24054936.42446,89307
XRPUSDT,1747875600000,2.4041,2.413,2.3881,2.395,10320209.9,1747879199999,24799198.99545,77072
XRPUSDT,1747879200000,2.3949,2.4111,2.3935,2.4036,5106625.6,1747882799999,12271273.77536,50527
XRPUSDT,1747882800000,2.4035,2.4233,2.3967,2.4173,7460958.2,1747886399999,17992782.30112,70475
XRPUSDT,1747886400000,2.4173,2.4205,2.4095,2.419,5749753.3,1747889999999,13887315.36984,57260
XRPUSDT,1747890000000,2.419,2.4197,2.4002,2.4013,6123521.0,1747893599999,14764034.62858,48883
XRPUSDT,1747893600000,2.4013,2.4077,2.393,2.395,6811265.5,1747897199999,16341698.67875,49516
XRPUSDT,1747897200000,2.395,2.4076,2.3881,2.4055,7223221.5,1747900799999,17322137.98807,50911
XRPUSDT,1747900800000,2.4055,2.4417,2.4039,2.4346,12999986.5,1747904399999,31587088.59041,87984
XRPUSDT,1747904400000,2.4346,2.4555,2.4262,2.4317,11000275.3,1747907999999,26857005.58724,94164
XRPUSDT,1747908000000,2.4317,2.4359,2.4191,2.4218,5966628.8,1747911599999,14483272.31849,51278
XRPUSDT,1747911600000,2.4218,2.4391,2.4113,2.4319,7762159.0,1747915199999,18806242.82964,59059
XRPUSDT,1747915200000,2.4319,2.442,2.4214,2.4291,7395763.5,1747918799999,17983570.20982,65526
XRPUSDT,1747918800000,2.4291,2.4297,2.4089,2.4179,6297684.7,1747922399999,15238217.37933,87456
XRPUSDT,1747922400000,2.4179,2.4365,2.4159,2.4254,5137934.6,1747925999999,12462425.41298,57611
XRPUSDT,1747926000000,2.4255,2.4388,2.4222,2.4328,4458793.4,1747929599999,10842358.94496,58040
XRPUSDT,1747929600000,2.4329,2.4389,2.4179,2.4211,4351953.7,1747933199999,10566377.02079,41854
XRPUSDT,1747933200000,2.4211,2.4346,2.418,2.4282,2801225.7,1747936799999,6801491.20474,29940
XRPUSDT,1747936800000,2.4283,2.4359,2.4231,2.431,2686026.1,1747940399999,6526756.26075,33114
XRPUSDT,1747940400000,2.4309,2.4326,2.4153,2.4229,3396068.9,1747943999999,8232303.04578,40012
XRPUSDT,1747944000000,2.423,2.4316,2.4171,2.422,3201708.2,1747947599999,7759113.53853,28374
XRPUSDT,1747947600000,2.422,2.422,2.4053,2.4118,2938470.2,1747951199999,7088330.31552,27332
XRPUSDT,1747951200000,2.4119,2.4244,2.4101,2.4148,2886181.9,1747954799999,6977052.68792,33429
XRPUSDT,1747954800000,2.4149,2.433,2.4149,2.4311,2932703.9,1747958399999,7113674.13913,24484
XRPUSDT,1747958400000,2.4311,2.4426,2.4212,2.4341,9482723.4,1747961999999,23072537.53548,69588
XRPUSDT,1747962000000,2.4341,2.4583,2.4268,2.4519,9092706.3,1747965599999,22239709.15146,77234
XRPUSDT,1747965600000,2.4519,2.4799,2.4511,2.4608,12585896.2,1747969199999,31059252.46654,100907
XRPUSDT,1747969200000,2.4608,2.4775,2.4585,2.4734,5532572.9,1747972799999,13644782.90703,56699
XRPUSDT,1747972800000,2.4735,2.478,2.4391,2.4564,6521213.1,1747976399999,15999976.4861,67516
XRPUSDT,1747976400000,2.4564,2.4614,2.4419,2.4546,5410665.0,1747979999999,13269898.74283,44850
XRPUSDT,1747980000000,2.4545,2.4573,2.41,2.4204,11887348.8,1747983599999,28902231.90044,101150
XRPUSDT,1747983600000,2.4204,2.4335,2.4173,2.4269,5240157.1,1747987199999,12713593.45794,43421
XRPUSDT,1747987200000,2.4268,2.444,2.4266,2.4389,4974507.2,1747990799999,12120803.90925,27988
XRPUSDT,1747990800000,2.4388,2.4541,2.4367,2.4499,5262423.0,1747994399999,12890724.20346,38125
XRPUSDT,1747994400000,2.45,2.4507,2.4348,2.4421,4064259.9,1747997999999,9926293.01237,36414
XRPUSDT,1747998000000,2.4421,2.4437,2.352,2.3636,19333378.9,1748001599999,46243744.60852,165633
XRPUSDT,1748001600000,2.3637,2.3649,2.3,2.3488,29950899.6,1748005199999,70006626.82546,267204
XRPUSDT,1748005200000,2.3487,2.376,2.3335,2.3726,12608575.9,1748008799999,29718936.79501,144550
XRPUSDT,1748008800000,2.3726,2.3829,2.366,2.3758,7056229.3,1748012399999,16750554.35162,85408
XRPUSDT,1748012400000,2.3757,2.3818,2.3598,2.3617,4913166.2,1748015999999,11647133.19219,71332
XRPUSDT,1748016000000,2.3617,2.3669,2.3475,2.363,7182132.7,1748019599999,16921139.02591,75687
XRPUSDT,1748019600000,2.363,2.375,2.3603,2.3669,3060924.2,1748023199999,7247897.0061,38170
XRPUSDT,1748023200000,2.367,2.3709,2.3456,2.3505,4125879.1,1748026799999,9720579.34233,41407
XRPUSDT,1748026800000,2.3505,2.3621,2.339,2.3403,4060251.6,1748030399999,9545355.02235,44717
XRPUSDT,1748030400000,2.3403,2.3454,2.3246,2.3263,5590771.7,1748033999999,13048888.98013,52450
XRPUSDT,1748034000000,2.3263,2.3404,2.3217,2.3274,4738576.1,1748037599999,11047272.82743,47063
XRPUSDT,1748037600000,2.3275,2.3382,2.3139,2.3162,3622813.3,1748041199999,8425597.10017,52944
XRPUSDT,1748041200000,2.3161,2.3186,2.2838,2.2966,11037383.9,1748044799999,25375875.5488,125662
XRPUSDT,1748044800000,2.2965,2.3181,2.2859,2.3003,7144823.2,1748048399999,16469692.20574,83115
XRPUSDT,1748048400000,2.3003,2.321,2.3,2.3139,3303059.8,1748051999999,7639881.547,44791
XRPUSDT,1748052000000,2.3138,2.329,2.3076,2.3281,2171996.8,1748055599999,5044315.15193,31063
XRPUSDT,1748055600000,2.3281,2.3364,2.3261,2.3341,2512442.0,1748059199999,5860612.95321,27465
XRPUSDT,1748059200000,2.3342,2.3481,2.3335,2.3443,2422026.4,1748062799999,5672402.91751,24104
XRPUSDT,1748062800000,2.3442,2.3464,2.3325,2.3393,2566489.2,1748066399999,6000552.29486,24885
XRPUSDT,1748066400000,2.3392,2.3446,2.3284,2.3378,1688484.4,1748069999999,3943852.30406,27739
XRPUSDT,1748070000000,2.3378,2.3456,2.3341,2.336,1419606.8,1748073599999,3322932.6738,23582
XRPUSDT,1748073600000,2.336,2.3447,2.3314,2.3441,1940730.3,1748077199999,4538533.07132,28611
XRPUSDT,1748077200000,2.3442,2.3498,2.3422,2.3429,2116930.1,1748080799999,4966455.88417,26138
XRPUSDT,1748080800000,2.343,2.36,2.343,2.3546,2868016.2,1748084399999,6752316.18657,34503
XRPUSDT,1748084400000,2.3545,2.3595,2.3516,2.3517,1759754.2,1748087999999,4145854.97731,26434
XRPUSDT,1748088000000,2.3518,2.3547,2.343,2.3501,3180873.1,1748091599999,7471247.11638,28756
XRPUSDT,1748091600000,2.3501,2.354,2.3436,2.3471,1636981.2,1748095199999,3845070.11404,24205
XRPUSDT,1748095200000,2.347,2.3568,2.3458,2.3537,1311798.3,1748098799999,3085679.95195,20153
XRPUSDT,1748098800000,2.3537,2.3554,2.3486,2.3523,1332126.0,1748102399999,3132504.9378,24998
XRPUSDT,1748102400000,2.3524,2.3528,2.3403,2.3494,1449813.5,1748105999999,3402744.59745,26150
XRPUSDT,1748106000000,2.3495,2.3543,2.344,2.3479,817543.3,1748109599999,1920819.69955,17187
XRPUSDT,1748109600000,2.348,2.3548,2.3436,2.3454,992570.3,1748113199999,2331567.82201,14383
XRPUSDT,1748113200000,2.3455,2.3503,2.3443,2.3487,744637.0,1748116799999,1747932.27701,14204
XRPUSDT,1748116800000,2.3487,2.3508,2.3455,2.3498,841840.4,1748120399999,1976562.71304,13348
XRPUSDT,1748120400000,2.3498,2.3504,2.3315,2.3428,1796954.0,1748123999999,4204073.59667,18203
XRPUSDT,1748124000000,2.3428,2.3432,2.3285,2.332,2358883.6,1748127599999,5503727.66577,33536
XRPUSDT,1748127600000,2.332,2.3365,2.3217,2.3303,2402708.1,1748131199999,5596249.19011,42204
XRPUSDT,1748131200000,2.3304,2.3365,2.2987,2.3057,6090399.6,1748134799999,14105894.04124,68349
XRPUSDT,1748134800000,2.3057,2.3166,2.2927,2.3107,3811071.7,1748138399999,8784743.49644,58800
XRPUSDT,1748138400000,2.3107,2.3183,2.3,2.3166,3216416.3,1748141999999,7425337.80231,34671
XRPUSDT,1748142000000,2.3167,2.3261,2.3156,2.3228,1919564.7,1748145599999,4455578.9576,26256
XRPUSDT,1748145600000,2.3228,2.3253,2.313,2.3241,2163472.0,1748149199999,5017175.28574,22043
XRPUSDT,1748149200000,2.324,2.3257,2.3168,2.3224,1347575.3,1748152799999,3128820.76374,16491
XRPUSDT,1748152800000,2.3225,2.3234,2.3145,2.3192,1351676.6,1748156399999,3132802.41884,21289
XRPUSDT,1748156400000,2.3192,2.3192,2.3013,2.308,2654496.0,1748159999999,6125861.55141,29267
XRPUSDT,1748160000000,2.3081,2.3081,2.2781,2.2894,7009471.7,1748163599999,16066486.64584,71577
XRPUSDT,1748163600000,2.2893,2.2935,2.2785,2.2929,4355729.8,1748167199999,9958747.61575,57705
XRPUSDT,1748167200000,2.2929,2.2973,2.2827,2.284,3718938.7,1748170799999,8519407.19448,42360
XRPUSDT,1748170800000,2.284,2.2944,2.2806,2.2926,2257557.7,1748174399999,5167499.20325,30739
XRPUSDT,1748174400000,2.2925,2.3058,2.2886,2.3048,2705767.1,1748177999999,6219168.85004,28079
XRPUSDT,1748178000000,2.3048,2.3109,2.2978,2.3031,3243175.2,1748181599999,7478018.46605,30212
XRPUSDT,1748181600000,2.3031,2.3035,2.2863,2.2921,2528255.1,1748185199999,5803222.12222,34718
XRPUSDT,1748185200000,2.2922,2.2937,2.266,2.2877,8933988.3,1748188799999,20341340.82686,86017
XRPUSDT,1748188800000,2.2878,2.2908,2.2718,2.2862,2926072.8,1748192399999,6675947.10003,44197
XRPUSDT,1748192400000,2.2863,2.298,2.2863,2.2979,2438236.5,1748195999999,5588280.14088,27519
XRPUSDT,1748196000000,2.298,2.307,2.2961,2.3023,2278428.1,1748199599999,5243110.35666,24982
XRPUSDT,1748199600000,2.3022,2.3124,2.3018,2.3055,1673644.1,1748203199999,3860910.05361,18454
XRPUSDT,1748203200000,2.3056,2.3094,2.2994,2.3092,2395921.7,1748206799999,5519535.33321,22582
XRPUSDT,1748206800000,2.3093,2.3156,2.2994,2.3048,1863300.3,1748210399999,4302800.03133,21149
XRPUSDT,1748210400000,2.3048,2.3403,2.3025,2.3381,6206844.6,1748213999999,14443967.18406,78624
XRPUSDT,1748214000000,2.3382,2.345,2.3276,2.3417,4388269.5,1748217599999,10261530.79852,40969
XRPUSDT,1748217600000,2.3416,2.3527,2.3308,2.352,4518782.4,1748221199999,10586420.20076,46206
XRPUSDT,1748221200000,2.3521,2.354,2.3404,2.3459,2587665.1,1748224799999,6070225.3421,33570
XRPUSDT,1748224800000,2.3458,2.3462,2.3345,2.3414,2307505.7,1748228399999,5399110.30167,25434
XRPUSDT,1748228400000,2.3415,2.3459,2.3368,2.3425,2390501.0,1748231999999,5596921.46849,20087
XRPUSDT,1748232000000,2.3426,2.3496,2.3391,2.3485,2331138.2,1748235599999,5466865.21679,19189
XRPUSDT,1748235600000,2.3486,2.3491,2.3431,2.3447,2235820.1,1748239199999,5245340.01531,18814
XRPUSDT,1748239200000,2.3447,2.347,2.3359,2.3458,3601811.5,1748242799999,8433385.32373,25482
XRPUSDT,1748242800000,2.3458,2.3593,2.3457,2.3488,5351579.4,1748246399999,12589949.0026,40031
XRPUSDT,1748246400000,2.3489,2.3556,2.3416,2.3429,3443015.3,1748249999999,8085998.73291,28463
XRPUSDT,1748250000000,2.3429,2.3468,2.3392,2.3405,2660351.4,1748253599999,6233154.35779,22805
XRPUSDT,1748253600000,2.3405,2.345,2.3323,2.335,2592554.4,1748257199999,6065344.67669,24942
XRPUSDT,1748257200000,2.335,2.3374,2.3292,2.3349,3299470.6,1748260799999,7701891.76971,27111
XRPUSDT,1748260800000,2.3349,2.345,2.3316,2.3409,2330406.9,1748264399999,5448285.64747,31685
XRPUSDT,1748264400000,2.3408,2.3452,2.3189,2.3241,4845753.9,1748267999999,11303212.45957,41840
XRPUSDT,1748268000000,2.324,2.326,2.3123,2.3214,4256688.3,1748271599999,9869890.99554,49567
XRPUSDT,1748271600000,2.3215,2.3424,2.3154,2.3328,4644445.1,1748275199999,10822311.1456,52376
XRPUSDT,1748275200000,2.3329,2.3365,2.3115,2.3126,4681361.2,1748278799999,10868056.47101,58526
XRPUSDT,1748278800000,2.3126,2.3173,2.2961,2.3004,4964588.1,1748282399999,11445178.49279,44609
XRPUSDT,1748282400000,2.3003,2.3106,2.2958,2.3047,2792538.5,1748285999999,6435945.01593,24677
XRPUSDT,1748286000000,2.3046,2.3141,2.3012,2.3119,1469378.4,1748289599999,3390959.11385,21775
XRPUSDT,1748289600000,2.3119,2.3194,2.3047,2.318,1781714.7,1748293199999,4118616.73063,26338
XRPUSDT,1748293200000,2.318,2.3189,2.3071,2.312,1536348.6,1748296799999,3553960.06444,19176
XRPUSDT,1748296800000,2.3121,2.3248,2.3028,2.3045,2587004.7,1748300399999,5986098.33117,27213
XRPUSDT,1748300400000,2.3044,2.3114,2.3001,2.3103,1958346.5,1748303999999,4514781.34275,22184
XRPUSDT,1748304000000,2.3103,2.317,2.2989,2.3028,2170338.9,1748307599999,5005916.21584,27157
XRPUSDT,1748307600000,2.3028,2.3033,2.2671,2.2856,10291484.0,1748311199999,23471142.64919,99333
XRPUSDT,1748311200000,2.2856,2.2949,2.282,2.2849,2771826.5,1748314799999,6345477.84393,26941
XRPUSDT,1748314800000,2.2848,2.3036,2.2836,2.2958,3930648.5,1748318399999,9027076.1839,37044
XRPUSDT,1748318400000,2.2958,2.3037,2.2932,2.294,3352303.9,1748321999999,7703192.24247,25486
XRPUSDT,1748322000000,2.2941,2.2974,2.2841,2.2964,2981099.7,1748325599999,6829281.24738,23159
XRPUSDT,1748325600000,2.2963,2.3104,2.2882,2.2888,6668019.1,1748329199999,15338021.79466,52222
XRPUSDT,1748329200000,2.2888,2.3038,2.2888,2.3012,3802820.3,1748332799999,8729380.44714,39197
XRPUSDT,1748332800000,2.3013,2.316,2.3013,2.3154,3844202.3,1748336399999,8880022.74741,40949
XRPUSDT,1748336400000,2.3155,2.3193,2.3078,2.3162,2777126.2,1748339999999,6425693.01418,29188
XRPUSDT,1748340000000,2.3161,2.3193,2.3139,2.3167,2850793.3,1748343599999,6604509.37156,25741
XRPUSDT,1748343600000,2.3166,2.3233,2.3094,2.3197,2777882.0,1748347199999,6438695.35879,29268
XRPUSDT,1748347200000,2.3196,2.3266,2.3178,2.3255,2796165.3,1748350799999,6494446.71665,28044
XRPUSDT,1748350800000,2.3255,2.3543,2.325,2.331,10626404.5,1748354399999,24866829.77675,104948
XRPUSDT,1748354400000,2.3311,2.3418,2.307,2.3313,5530962.7,1748357999999,12862331.3322,80187
XRPUSDT,1748358000000,2.3314,2.3435,2.3264,2.3378,4222372.1,1748361599999,9865966.47972,48451
XRPUSDT,1748361600000,2.3378,2.3455,2.3319,2.3395,3407885.0,1748365199999,7976646.65886,42524
XRPUSDT,1748365200000,2.3396,2.3493,2.3334,2.3416,3568658.4,1748368799999,8359157.08609,36991
XRPUSDT,1748368800000,2.3416,2.3454,2.3331,2.3359,2199075.5,1748372399999,5144723.59373,26345
XRPUSDT,1748372400000,2.3358,2.3408,2.333,2.3355,2741603.2,1748375999999,6409434.12977,24504
XRPUSDT,1748376000000,2.3356,2.3372,2.3273,2.3302,2182232.6,1748379599999,5091903.78627,28226
XRPUSDT,1748379600000,2.3302,2.3332,2.3131,2.3169,4233581.7,1748383199999,9834483.02684,35788
XRPUSDT,1748383200000,2.3169,2.3203,2.3055,2.3182,2680117.1,1748386799999,6198732.74465,36377
XRPUSDT,1748386800000,2.3181,2.3212,2.3135,2.3168,1638914.7,1748390399999,3798816.9485,21065
XRPUSDT,1748390400000,2.3167,2.323,2.3087,2.3212,1759733.3,1748393999999,4074851.80947,27086
XRPUSDT,1748394000000,2.3211,2.3232,2.3092,2.31,2344126.3,1748397599999,5429037.04425,28181
XRPUSDT,1748397600000,2.3099,2.3127,2.3028,2.3089,2114269.5,1748401199999,4881339.77768,31223
XRPUSDT,1748401200000,2.3089,2.3135,2.3047,2.3126,2020515.1,1748404799999,4664316.91046,19993
XRPUSDT,1748404800000,2.3125,2.3163,2.3047,2.3129,1423402.4,1748408399999,3288359.5345,16659
XRPUSDT,1748408400000,2.313,2.3135,2.303,2.3034,2085748.3,1748411999999,4809958.66419,19979
XRPUSDT,1748412000000,2.3033,2.3036,2.287,2.2886,5951987.6,1748415599999,13647579.00907,38666
XRPUSDT,1748415600000,2.2886,2.2997,2.2842,2.2957,5555690.4,1748419199999,12734077.48012,29409
XRPUSDT,1748419200000,2.2957,2.3035,2.2916,2.301,2473253.6,1748422799999,5684012.56447,26954
XRPUSDT,1748422800000,2.3011,2.3017,2.29,2.2965,3081276.4,1748426399999,7077292.18611,29190
XRPUSDT,1748426400000,2.2964,2.305,2.2881,2.3033,2937045.4,1748429999999,6743628.51511,31083
XRPUSDT,1748430000000,2.3034,2.3103,2.3013,2.308,3520604.9,1748433599999,8122739.32782,27276
XRPUSDT,1748433600000,2.308,2.3151,2.305,2.3068,2862231.3,1748437199999,6613179.98184,32032
XRPUSDT,1748437200000,2.3069,2.3079,2.2805,2.2822,6786846.0,1748440799999,15576202.6594,67591
XRPUSDT,1748440800000,2.2822,2.2857,2.2675,2.2683,9573976.8,1748444399999,21806710.50576,85689
XRPUSDT,1748444400000,2.2683,2.2779,2.2522,2.2528,9163830.3,1748447999999,20725625.88157,82890
XRPUSDT,1748448000000,2.2528,2.2682,2.2521,2.2592,4001832.0,1748451599999,9046640.82232,41355
XRPUSDT,1748451600000,2.2592,2.2669,2.2365,2.2502,8266488.8,1748455199999,18593117.47593,66834
XRPUSDT,1748455200000,2.2501,2.26,2.2402,2.2433,5441945.7,1748458799999,12252426.23931,51604
XRPUSDT,1748458800000,2.2432,2.256,2.2265,2.2275,6352469.6,1748462399999,14237330.03413,56518
XRPUSDT,1748462400000,2.2275,2.2541,2.2266,2.2521,3876584.4,1748465999999,8694909.07745,47471
XRPUSDT,1748466000000,2.252,2.2633,2.2507,2.2618,2334784.7,1748469599999,5268380.45851,25120
XRPUSDT,1748469600000,2.2617,2.2625,2.2523,2.261,2305333.6,1748473199999,5203898.01085,26511
XRPUSDT,1748473200000,2.261,2.281,2.26,2.2742,3557224.0,1748476799999,8084105.0933,45314
XRPUSDT,1748476800000,2.2742,2.2974,2.2674,2.2955,4817425.9,1748480399999,10993415.50584,51801
XRPUSDT,1748480400000,2.2955,2.2974,2.2819,2.29,3500919.1,1748483999999,8015534.5647,39697
XRPUSDT,1748484000000,2.2901,2.3119,2.2823,2.3107,5464301.2,1748487599999,12551936.23251,49640
XRPUSDT,1748487600000,2.3106,2.3125,2.2882,2.2911,3957032.1,1748491199999,9094687.08606,44001
XRPUSDT,1748491200000,2.2911,2.2948,2.2736,2.282,5346071.9,1748494799999,12201751.61228,53460
XRPUSDT,1748494800000,2.2821,2.2884,2.2777,2.2802,3129498.7,1748498399999,7146771.06369,28886
XRPUSDT,1748498400000,2.2801,2.2883,2.2793,2.2848,3422419.9,1748501999999,7814807.06561,25369
XRPUSDT,1748502000000,2.2848,2.2875,2.2715,2.2796,5477242.2,1748505599999,12491410.95429,33231
XRPUSDT,1748505600000,2.2796,2.2963,2.277,2.2949,4911563.8,1748509199999,11237144.92873,37884
XRPUSDT,1748509200000,2.2949,2.2965,2.2898,2.2929,2168363.3,1748512799999,4971931.29148,24342
XRPUSDT,1748512800000,2.2929,2.303,2.2881,2.301,3382461.9,1748516399999,7767739.81622,30384
XRPUSDT,1748516400000,2.3011,2.304,2.2965,2.3019,3360389.7,1748519999999,7728546.36125,29248
XRPUSDT,1748520000000,2.3019,2.303,2.2883,2.2952,4255698.1,1748523599999,9771832.10306,40456
XRPUSDT,1748523600000,2.2952,2.3095,2.2832,2.287,5348626.8,1748527199999,12282831.46888,45666
XRPUSDT,1748527200000,2.2869,2.2945,2.266,2.2916,7131391.2,1748530799999,16253724.18666,72983
XRPUSDT,1748530800000,2.2915,2.2958,2.275,2.2764,4039814.7,1748534399999,9235508.45487,48555
XRPUSDT,1748534400000,2.2765,2.2833,2.2678,2.2713,4037912.5,1748537999999,9190663.60313,47314
XRPUSDT,1748538000000,2.2712,2.2914,2.269,2.2838,4144245.2,1748541599999,9452890.07395,52136
XRPUSDT,1748541600000,2.2839,2.2906,2.2715,2.2716,3321626.4,1748545199999,7580679.30811,41089
XRPUSDT,1748545200000,2.2716,2.2766,2.2532,2.2643,5289856.9,1748548799999,11960775.30203,66713
XRPUSDT,1748548800000,2.2643,2.2755,2.2636,2.2722,3384113.9,1748552399999,7681011.65053,30682
XRPUSDT,1748552400000,2.2721,2.2835,2.268,2.2818,1528676.2,1748555999999,3477398.91936,16580
XRPUSDT,1748556000000,2.2819,2.2819,2.2606,2.2608,2004996.9,1748559599999,4557115.30791,25385
XRPUSDT,1748559600000,2.2607,2.264,2.238,2.2442,5675866.2,1748563199999,12767477.85631,58069
XRPUSDT,1748563200000,2.2441,2.2523,2.1316,2.1564,33733876.2,1748566799999,73970146.77315,196083
XRPUSDT,1748566800000,2.1565,2.1991,2.1506,2.1931,19507574.9,1748570399999,42576702.92994,177475
XRPUSDT,1748570400000,2.1932,2.2222,2.1917,2.2186,10447283.8,1748573999999,23083723.46451,78559
XRPUSDT,1748574000000,2.2186,2.2311,2.2151,2.2175,4223797.3,1748577599999,9384659.44186,50094
XRPUSDT,1748577600000,2.2175,2.2237,2.209,2.2223,5962376.2,1748581199999,13206596.04657,45566
XRPUSDT,1748581200000,2.2223,2.2253,2.2101,2.2156,6453839.5,1748584799999,14326485.76319,36886
XRPUSDT,1748584800000,2.2155,2.216,2.1783,2.186,8166469.9,1748588399999,17911688.36821,80711
XRPUSDT,1748588400000,2.1861,2.1985,2.174,2.1904,8480498.5,1748591999999,18559747.99884,81156
XRPUSDT,1748592000000,2.1904,2.1929,2.1745,2.1874,5525350.9,1748595599999,12076710.35598,64329
XRPUSDT,1748595600000,2.1874,2.1956,2.1702,2.1945,5413000.1,1748599199999,11819969.3234,75807
XRPUSDT,1748599200000,2.1944,2.2048,2.1848,2.2045,5645927.6,1748602799999,12395356.13211,60163
XRPUSDT,1748602800000,2.2045,2.2145,2.2013,2.2066,4290835.5,1748606399999,9471764.58383,42988
XRPUSDT,1748606400000,2.2067,2.2099,2.1851,2.1954,5470166.6,1748609999999,12014838.25717,55334
XRPUSDT,1748610000000,2.1954,2.2025,2.1684,2.17,9129627.9,1748613599999,19927086.24092,100502
XRPUSDT,1748613600000,2.17,2.1889,2.1624,2.1771,8199145.6,1748617199999,17832074.11796,96253
XRPUSDT,1748617200000,2.1771,2.2012,2.1762,2.1836,4933247.0,1748620799999,10806007.52605,47912
XRPUSDT,1748620800000,2.1836,2.1912,2.135,2.1535,14659494.4,1748624399999,31566504.42062,135816
XRPUSDT,1748624400000,2.1536,2.1752,2.1528,2.1745,5201451.6,1748627999999,11281959.04759,69695
XRPUSDT,1748628000000,2.1744,2.2053,2.1742,2.2027,5141131.5,1748631599999,11271426.90024,57737
XRPUSDT,1748631600000,2.2027,2.2058,2.1853,2.186,2722656.6,1748635199999,5985255.17723,38877
XRPUSDT,1748635200000,2.1861,2.1969,2.1843,2.1886,2019206.3,1748638799999,4421387.1968,26158
XRPUSDT,1748638800000,2.1886,2.1956,2.1784,2.1807,2042458.6,1748642399999,4470917.58764,22153
XRPUSDT,1748642400000,2.1807,2.1844,2.1388,2.1401,6385076.3,1748645999999,13807543.53922,76790
XRPUSDT,1748646000000,2.1402,2.1549,2.1297,2.1398,8803336.8,1748649599999,18858713.11932,138829
XRPUSDT,1748649600000,2.1397,2.1487,2.106,2.1285,11921368.9,1748653199999,25348290.27441,150511
XRPUSDT,1748653200000,2.1286,2.1442,2.0996,2.1188,12610916.5,1748656799999,26691198.10797,180816
XRPUSDT,1748656800000,2.1187,2.1401,2.1,2.1012,7169518.8,1748660399999,15174943.34952,85722
XRPUSDT,1748660400000,2.1012,2.1131,2.0794,2.1103,10055999.6,1748663999999,21050776.57884,124215
XRPUSDT,1748664000000,2.1103,2.1335,2.0996,2.1331,5117664.4,1748667599999,10834031.11425,68859
XRPUSDT,1748667600000,2.133,2.1398,2.1262,2.1266,3647396.9,1748671199999,7784766.323,38393
XRPUSDT,1748671200000,2.1266,2.143,2.1253,2.1361,2357377.2,1748674799999,5035355.97808,30856
XRPUSDT,1748674800000,2.1361,2.1387,2.1271,2.1289,2176539.4,1748678399999,4640464.98401,28454
XRPUSDT,1748678400000,2.1289,2.1399,2.1278,2.137,3532195.4,1748681999999,7533482.54879,37587
XRPUSDT,1748682000000,2.137,2.1448,2.1312,2.1425,4092949.8,1748685599999,8757031.03592,44359
XRPUSDT,1748685600000,2.1425,2.1533,2.1321,2.1391,4360814.8,1748689199999,9341786.56953,53531
XRPUSDT,1748689200000,2.1392,2.1427,2.1287,2.1394,1962066.2,1748692799999,4189812.72249,25773
XRPUSDT,1748692800000,2.1395,2.1628,2.1394,2.1626,4179713.9,1748696399999,8998882.854,41667
XRPUSDT,1748696400000,2.1626,2.1693,2.1524,2.1575,4343239.3,1748699999999,9383910.92355,56872
XRPUSDT,1748700000000,2.1574,2.1712,2.1568,2.1695,3102999.7,1748703599999,6721756.95509,34134
XRPUSDT,1748703600000,2.1696,2.1815,2.1688,2.173,3601553.1,1748707199999,7834411.48633,42717
XRPUSDT,1748707200000,2.173,2.1912,2.1705,2.191,3199355.4,1748710799999,6990027.10133,40829
XRPUSDT,1748710800000,2.191,2.2036,2.1821,2.1846,5708875.1,1748714399999,12518181.19282,49113
XRPUSDT,1748714400000,2.1846,2.1956,2.1838,2.1888,2613737.5,1748717999999,5723215.47401,25551
XRPUSDT,1748718000000,2.1887,2.2065,2.1887,2.1919,3417125.6,1748721599999,7510433.85406,30455
XRPUSDT,1748721600000,2.1919,2.1992,2.1897,2.1926,1807536.5,1748725199999,3964460.57714,23018
XRPUSDT,1748725200000,2.1926,2.2003,2.1905,2.1948,2529368.8,1748728799999,5552696.12519,21745
XRPUSDT,1748728800000,2.1949,2.1967,2.1757,2.1785,3334347.8,1748732399999,7284218.63046,36206
XRPUSDT,1748732400000,2.1785,2.1886,2.1719,2.1738,2507227.4,1748735999999,5463288.85157,28170
XRPUSDT,1748736000000,2.1739,2.1744,2.1641,2.1723,2293178.9,1748739599999,4973383.27573,28843
XRPUSDT,1748739600000,2.1724,2.1786,2.1574,2.1605,2342882.5,1748743199999,5077493.15809,28546
XRPUSDT,1748743200000,2.1605,2.1643,2.1499,2.1594,2347187.6,1748746799999,5059990.72713,28918
XRPUSDT,1748746800000,2.1595,2.1649,2.1495,2.1637,1996625.6,1748750399999,4306855.30169,26206
XRPUSDT,1748750400000,2.1636,2.1765,2.1583,2.1728,1500184.5,1748753999999,3255176.06564,22655
XRPUSDT,1748754000000,2.1727,2.1768,2.1684,2.1711,1138766.2,1748757599999,2474344.76479,17926
XRPUSDT,1748757600000,2.171,2.1715,2.1604,2.1634,1098284.4,1748761199999,2377995.64666,18498
XRPUSDT,1748761200000,2.1633,2.1639,2.1548,2.1594,1485968.7,1748764799999,3208241.3605,18595
XRPUSDT,1748764800000,2.1593,2.1604,2.1438,2.1481,2501471.9,1748768399999,5379036.85876,33484
XRPUSDT,1748768400000,2.1481,2.1504,2.1231,2.1327,5804163.3,1748771999999,12383142.87201,68851
XRPUSDT,1748772000000,2.1328,2.1423,2.1242,2.1417,3482550.2,1748775599999,7431488.74512,45857
XRPUSDT,1748775600000,2.1417,2.1482,2.1366,2.1411,2344362.0,1748779199999,5024326.85253,23318
XRPUSDT,1748779200000,2.1411,2.1411,2.1263,2.132,2817755.6,1748782799999,6010570.04048,35487
XRPUSDT,1748782800000,2.132,2.1434,2.13,2.1402,2583894.3,1748786399999,5526505.07025,29071
XRPUSDT,1748786400000,2.1402,2.1538,2.1401,2.1463,3024190.8,1748789999999,6499064.73154,32872
XRPUSDT,1748790000000,2.1463,2.1561,2.1432,2.1522,1916488.3,1748793599999,4120507.45676,21624
XRPUSDT,1748793600000,2.1522,2.1748,2.1494,2.1689,5802971.4,1748797199999,12559165.60068,53128
XRPUSDT,1748797200000,2.1689,2.1767,2.1662,2.1719,2407774.4,1748800799999,5229269.05711,32655
XRPUSDT,1748800800000,2.172,2.172,2.1454,2.1573,4684152.4,1748804399999,10113890.05705,43259
XRPUSDT,1748804400000,2.1574,2.168,2.1543,2.1675,1734289.9,1748807999999,3747556.99016,23573
XRPUSDT,1748808000000,2.1675,2.1695,2.1551,2.1552,1687497.3,1748811599999,3649957.09741,22083
XRPUSDT,1748811600000,2.1552,2.1778,2.1534,2.1725,3902182.0,1748815199999,8461418.88077,26808
XRPUSDT,1748815200000,2.1725,2.1809,2.1696,2.1728,1784789.4,1748818799999,3881302.27513,31888
XRPUSDT,1748818800000,2.1727,2.1879,2.1727,2.1792,2283236.1,1748822399999,4981624.21744,27277
XRPUSDT,1748822400000,2.1792,2.1816,2.1672,2.1707,3249677.1,1748825999999,7060940.6105,40665
XRPUSDT,1748826000000,2.1707,2.1834,2.1641,2.1642,2934020.7,1748829599999,6378148.88853,26993
XRPUSDT,1748829600000,2.1642,2.1714,2.1568,2.1595,3988712.9,1748833199999,8630960.82548,26773
XRPUSDT,1748833200000,2.1596,2.1615,2.1509,2.1574,3307089.9,1748836799999,7130291.85118,27968
XRPUSDT,1748836800000,2.1575,2.1745,2.1572,2.1695,3014963.5,1748840399999,6533973.25165,22302
XRPUSDT,1748840400000,2.1695,2.1755,2.1644,2.1691,3672573.0,1748843999999,7971004.61423,28130
XRPUSDT,1748844000000,2.1692,2.1734,2.1574,2.1671,6055118.4,1748847599999,13118784.62451,36567
XRPUSDT,1748847600000,2.167,2.1794,2.1616,2.1633,4503467.2,1748851199999,9774575.57283,33585
XRPUSDT,1748851200000,2.1633,2.1793,2.1616,2.1632,4903639.8,1748854799999,10645213.83359,37045
XRPUSDT,1748854800000,2.1633,2.1637,2.1483,2.1531,6390197.5,1748858399999,13760784.94959,50116
XRPUSDT,1748858400000,2.1531,2.1587,2.1422,2.1462,6572365.8,1748861999999,14126456.71075,53761
XRPUSDT,1748862000000,2.1462,2.1496,2.1357,2.143,4543007.9,1748865599999,9727913.40394,35221
XRPUSDT,1748865600000,2.143,2.1531,2.1375,2.1522,3943712.0,1748869199999,8462265.93742,46350
XRPUSDT,1748869200000,2.1521,2.1555,2.1392,2.143,4717807.7,1748872799999,10128657.60813,66218
XRPUSDT,1748872800000,2.143,2.1596,2.1375,2.15,5165059.0,1748876399999,11097789.88089,59920
XRPUSDT,1748876400000,2.15,2.1636,2.1432,2.1594,2743568.7,1748879999999,5914058.02799,38312
XRPUSDT,1748880000000,2.1594,2.1649,2.1494,2.1633,1771234.5,1748883599999,3819386.71755,27297
XRPUSDT,1748883600000,2.1633,2.1765,2.1625,2.1686,3427283.6,1748887199999,7432024.89867,35833
XRPUSDT,1748887200000,2.1687,2.1786,2.164,2.1655,2262461.5,1748890799999,4909820.00847,33234
XRPUSDT,1748890800000,2.1656,2.1735,2.1565,2.1653,2391219.3,1748894399999,5177099.85229,25867
XRPUSDT,1748894400000,2.1653,2.1849,2.1653,2.1763,4263602.3,1748897999999,9286588.16816,29881
XRPUSDT,1748898000000,2.1764,2.1862,2.1747,2.1859,2503377.2,1748901599999,5460273.06699,24209
XRPUSDT,1748901600000,2.1859,2.2045,2.1858,2.1906,7157840.4,1748905199999,15710230.01586,68643
XRPUSDT,1748905200000,2.1906,2.2038,2.1892,2.1965,2996578.9,1748908799999,6584445.5392,32748
XRPUSDT,1748908800000,2.1965,2.2101,2.1922,2.204,4315167.4,1748912399999,9508191.57675,47113
XRPUSDT,1748912400000,2.2041,2.2198,2.204,2.2183,4762097.9,1748915999999,10544593.33054,36367
XRPUSDT,1748916000000,2.2183,2.2219,2.1979,2.1995,6327230.5,1748919599999,13976013.50211,46011
XRPUSDT,1748919600000,2.1995,2.2019,2.1845,2.1958,4398162.1,1748923199999,9646316.26543,27568
XRPUSDT,1748923200000,2.1957,2.1976,2.1876,2.1902,2791606.0,1748926799999,6115663.44247,21550
XRPUSDT,1748926800000,2.1903,2.2054,2.1903,2.2037,2153889.7,1748930399999,4738820.14145,17890
XRPUSDT,1748930400000,2.2037,2.207,2.1957,2.2022,2403299.3,1748933999999,5288798.21057,18016
XRPUSDT,1748934000000,2.2022,2.2031,2.188,2.19,3370355.6,1748937599999,7393483.54078,23846
XRPUSDT,1748937600000,2.19,2.1958,2.1838,2.1912,3018714.7,1748941199999,6608830.20631,26826
XRPUSDT,1748941200000,2.1912,2.2014,2.1889,2.199,2063004.3,1748944799999,4528416.40563,21037
XRPUSDT,1748944800000,2.1991,2.2022,2.1945,2.2018,1993944.5,1748948399999,4384900.50603,18425
XRPUSDT,1748948400000,2.2018,2.2202,2.2015,2.2149,6193886.3,1748951999999,13694726.67029,40855
XRPUSDT,1748952000000,2.2148,2.225,2.2081,2.2249,4033747.2,1748955599999,8944978.79771,38242
XRPUSDT,1748955600000,2.225,2.2311,2.2058,2.2155,5558457.6,1748959199999,12330169.42762,60754
XRPUSDT,1748959200000,2.2156,2.2394,2.206,2.2374,4764495.6,1748962799999,10598600.10409,69911
XRPUSDT,1748962800000,2.2374,2.2759,2.2304,2.2631,12618188.9,1748966399999,28454931.04987,103973
XRPUSDT,1748966400000,2.2632,2.2722,2.2491,2.2538,7006914.3,1748969999999,15836111.67234,93311
XRPUSDT,1748970000000,2.2538,2.261,2.244,2.2484,4451876.2,1748973599999,10021865.12734,44259
XRPUSDT,1748973600000,2.2484,2.2643,2.24,2.2606,2753796.1,1748977199999,6202885.49003,42189
XRPUSDT,1748977200000,2.2606,2.2819,2.2567,2.2814,5671210.7,1748980799999,12872164.95414,52435
XRPUSDT,1748980800000,2.2815,2.2821,2.2424,2.2541,6927588.7,1748984399999,15629481.46693,69587
XRPUSDT,1748984400000,2.2541,2.271,2.2346,2.2418,5079704.6,1748987999999,11432715.04372,55219
XRPUSDT,1748988000000,2.2419,2.2654,2.2378,2.2591,5123757.9,1748991599999,11547945.25214,54843
XRPUSDT,1748991600000,2.2591,2.2599,2.2427,2.2446,2253135.0,1748995199999,5069634.87203,22124
XRPUSDT,1748995200000,2.2445,2.2487,2.2297,2.2468,3356895.9,1748998799999,7519975.31754,39178
XRPUSDT,1748998800000,2.2469,2.2641,2.2469,2.2542,4268136.4,1749002399999,9625492.00749,38965
XRPUSDT,1749002400000,2.2542,2.2658,2.2461,2.2472,3267015.6,1749005999999,7369122.36158,26997
XRPUSDT,1749006000000,2.2471,2.2597,2.2471,2.2528,3003815.9,1749009599999,6773341.97762,31196
XRPUSDT,1749009600000,2.2528,2.253,2.2433,2.2442,2412090.8,1749013199999,5422829.22112,26728
XRPUSDT,1749013200000,2.2441,2.2473,2.2373,2.2377,2912820.6,1749016799999,6530187.41006,32420
XRPUSDT,1749016800000,2.2377,2.2408,2.2316,2.2349,2407018.9,1749020399999,5382985.33858,26306
XRPUSDT,1749020400000,2.235,2.2396,2.2276,2.234,4390667.7,1749023999999,9806092.027,33668
XRPUSDT,1749024000000,2.2339,2.2514,2.2332,2.2487,3440281.0,1749027599999,7719368.7703,25593
XRPUSDT,1749027600000,2.2488,2.263,2.2469,2.2592,3297131.3,1749031199999,7441228.329,36557
XRPUSDT,1749031200000,2.2591,2.2642,2.2535,2.2555,3008388.9,1749034799999,6791996.77112,23335
XRPUSDT,1749034800000,2.2554,2.2616,2.2476,2.253,3182639.4,1749038399999,7170621.62032,29591
XRPUSDT,1749038400000,2.253,2.2538,2.2356,2.2382,4302713.7,1749041999999,9655612.00734,33785
XRPUSDT,1749042000000,2.2381,2.2452,2.2329,2.2346,3616013.4,1749045599999,8097299.70023,41526
XRPUSDT,1749045600000,2.2345,2.2467,2.2195,2.2465,5914966.7,1749049199999,13195929.79387,69546
XRPUSDT,1749049200000,2.2466,2.2614,2.2427,2.2492,4663913.4,1749052799999,10512106.31675,53470
XRPUSDT,1749052800000,2.2492,2.2522,2.2416,2.2451,2503660.3,1749056399999,5623416.99181,29039
XRPUSDT,1749056400000,2.2452,2.2452,2.2273,2.2336,3463435.8,1749059999999,7735409.16633,33992
XRPUSDT,1749060000000,2.2337,2.2378,2.2238,2.2251,2515973.9,1749063599999,5610111.382,29325
XRPUSDT,1749063600000,2.2251,2.2274,2.206,2.206,3925494.2,1749067199999,8701334.68741,43717
XRPUSDT,1749067200000,2.206,2.212,2.1963,2.202,4693497.2,1749070799999,10341361.34186,56662
XRPUSDT,1749070800000,2.2021,2.2153,2.1951,2.2113,4334892.8,1749074399999,9557221.58444,36718
XRPUSDT,1749074400000,2.2114,2.2163,2.2035,2.2042,2069239.3,1749077999999,4571421.74462,35367
XRPUSDT,1749078000000,2.2041,2.2089,2.1954,2.2009,1973386.6,1749081599999,4343529.19001,31834
XRPUSDT,1749081600000,2.2009,2.2113,2.199,2.2103,2253934.4,1749085199999,4971714.00056,31644
XRPUSDT,1749085200000,2.2103,2.2139,2.1977,2.1999,2000977.8,1749088799999,4413905.50015,20900
XRPUSDT,1749088800000,2.2,2.2147,2.1997,2.2054,2683681.3,1749092399999,5926327.54986,24333
XRPUSDT,1749092400000,2.2054,2.2059,2.2,2.2054,2310297.4,1749095999999,5090404.92116,21240
XRPUSDT,1749096000000,2.2053,2.214,2.2048,2.2129,1958362.3,1749099599999,4327142.52831,18913
XRPUSDT,1749099600000,2.2128,2.2132,2.1958,2.1996,2757139.9,1749103199999,6070578.27405,20647
XRPUSDT,1749103200000,2.1996,2.2028,2.1858,2.1875,6055643.6,1749106799999,13289390.99014,42018
XRPUSDT,1749106800000,2.1876,2.1986,2.1837,2.1863,4095406.3,1749110399999,8973419.49173,30833
XRPUSDT,1749110400000,2.1864,2.197,2.186,2.1948,2915528.3,1749113999999,6393164.19184,35350
XRPUSDT,1749114000000,2.1948,2.2082,2.1948,2.2062,1881689.4,1749117599999,4143707.94516,20786
XRPUSDT,1749117600000,2.2063,2.2101,2.1911,2.1999,3166717.9,1749121199999,6965807.86944,27646
XRPUSDT,1749121200000,2.1999,2.2058,2.1981,2.2051,1842005.0,1749124799999,4056772.25878,16483
XRPUSDT,1749124800000,2.2051,2.225,2.2029,2.2219,4686140.5,1749128399999,10388068.91763,40189
XRPUSDT,1749128400000,2.2219,2.2265,2.195,2.2002,3136792.5,1749131999999,6938096.19256,42533
XRPUSDT,1749132000000,2.2001,2.2086,2.1777,2.2002,7096996.3,1749135599999,15555786.96159,83984
XRPUSDT,1749135600000,2.2002,2.2046,2.1908,2.1928,2938943.3,1749139199999,6456702.61544,36843
XRPUSDT,1749139200000,2.1928,2.1932,2.1634,2.1674,6352218.4,1749142799999,13809943.35874,92645
XRPUSDT,1749142800000,2.1674,2.175,2.163,2.1706,2768377.0,1749146399999,6007438.45902,42664
XRPUSDT,1749146400000,2.1706,2.1722,2.1552,2.1611,5485528.6,1749149999999,11863870.76692,60517
XRPUSDT,1749150000000,2.1611,2.1619,2.1121,2.1301,19019597.7,1749153599999,40576312.90774,172442
XRPUSDT,1749153600000,2.1301,2.1327,2.0591,2.0601,32899017.1,1749157199999,68718722.87809,289858
XRPUSDT,1749157200000,2.0602,2.1044,2.0593,2.103,18545916.0,1749160799999,38676271.15118,150798
XRPUSDT,1749160800000,2.1031,2.1031,2.0806,2.0974,9349754.5,1749164399999,19559108.47896,61448
XRPUSDT,1749164400000,2.0975,2.102,2.089,2.0936,6027134.2,1749167999999,12632511.42235,42055
XRPUSDT,1749168000000,2.0936,2.1018,2.0812,2.0981,7809269.6,1749171599999,16344480.62109,65410
XRPUSDT,1749171600000,2.0982,2.107,2.0888,2.1067,5073333.7,1749175199999,10650486.77855,32353
XRPUSDT,1749175200000,2.1068,2.1107,2.0967,2.1098,4645923.6,1749178799999,9771879.8469,34391
XRPUSDT,1749178800000,2.1098,2.1297,2.1049,2.1295,4478835.2,1749182399999,9482044.711,28497
XRPUSDT,1749182400000,2.1295,2.1427,2.1205,2.1367,3796222.9,1749185999999,8087629.73548,34248
XRPUSDT,1749186000000,2.1367,2.141,2.1307,2.132,3641997.2,1749189599999,7778803.53054,29007
XRPUSDT,1749189600000,2.132,2.136,2.1242,2.1247,2814342.2,1749193199999,5993032.92418,27770
XRPUSDT,1749193200000,2.1246,2.1321,2.1229,2.1303,4035871.5,1749196799999,8585930.36567,33028
XRPUSDT,1749196800000,2.1303,2.1387,2.1303,2.1386,1873351.3,1749200399999,3998968.41304,20979
XRPUSDT,1749200400000,2.1387,2.1488,2.1384,2.1425,2954680.7,1749203999999,6335490.95231,23550
XRPUSDT,1749204000000,2.1426,2.1518,2.1414,2.1507,2174174.1,1749207599999,4670582.04004,20987
XRPUSDT,1749207600000,2.1506,2.156,2.1458,2.1502,2645840.8,1749211199999,5691058.0065,21482
XRPUSDT,1749211200000,2.1502,2.1709,2.1482,2.1539,7966541.5,1749214799999,17193668.518,65607
XRPUSDT,1749214800000,2.1539,2.1789,2.1539,2.1693,4870411.2,1749218399999,10557018.51859,50390
XRPUSDT,1749218400000,2.1693,2.184,2.1686,2.1835,4964593.1,1749221999999,10804059.10224,42299
XRPUSDT,1749222000000,2.1835,2.1903,2.1756,2.1845,5725851.9,1749225599999,12492362.01305,46399
XRPUSDT,1749225600000,2.1846,2.1854,2.1682,2.1701,5717074.9,1749229199999,12443875.3189,36389
XRPUSDT,1749229200000,2.1701,2.1767,2.1643,2.1754,3441092.8,1749232799999,7462160.88071,27733
XRPUSDT,1749232800000,2.1754,2.1791,2.1641,2.1664,2452662.9,1749236399999,5321541.44201,25835
XRPUSDT,1749236400000,2.1664,2.1766,2.1622,2.1736,2505397.6,1749239999999,5438307.52034,21512
XRPUSDT,1749240000000,2.1737,2.1825,2.1684,2.1766,4085861.8,1749243599999,8891262.58182,26752
XRPUSDT,1749243600000,2.1766,2.1773,2.1666,2.173,1906961.3,1749247199999,4143087.89558,20347
XRPUSDT,1749247200000,2.1731,2.1755,2.1636,2.1661,1678447.1,1749250799999,3639140.93896,20163
XRPUSDT,1749250800000,2.1661,2.1668,2.159,2.1598,1281030.2,1749254399999,2769000.16546,13562
XRPUSDT,1749254400000,2.1598,2.1694,2.1475,2.169,2824966.6,1749257999999,6090132.3493,24674
XRPUSDT,1749258000000,2.169,2.1692,2.1562,2.1624,1377375.5,1749261599999,2978767.8684,20113
XRPUSDT,1749261600000,2.1623,2.1726,2.1584,2.171,1764191.4,1749265199999,3823830.91059,17416
XRPUSDT,1749265200000,2.171,2.1796,2.1693,2.1795,1831921.0,1749268799999,3984378.57918,17272
XRPUSDT,1749268800000,2.1795,2.1796,2.1699,2.1722,1814812.5,1749272399999,3944930.61829,13825
XRPUSDT,1749272400000,2.1722,2.1805,2.1717,2.1805,1426987.8,1749275999999,3106222.11244,10113
XRPUSDT,1749276000000,2.1804,2.1903,2.1773,2.1899,2225346.2,1749279599999,4857766.9902,16267
XRPUSDT,1749279600000,2.1899,2.19,2.1831,2.1834,1339469.5,1749283199999,2928344.21398,14446
XRPUSDT,1749283200000,2.1834,2.1849,2.173,2.176,2055103.8,1749286799999,4476619.4593,13337
XRPUSDT,1749286800000,2.176,2.1796,2.1748,2.1775,1168168.5,1749290399999,2542935.38611,10226
XRPUSDT,1749290400000,2.1775,2.1912,2.1764,2.1876,3088010.3,1749293999999,6747334.66705,16933
XRPUSDT,1749294000000,2.1875,2.1876,2.1815,2.1829,1210008.3,1749297599999,2643562.99736,11852
XRPUSDT,1749297600000,2.1829,2.1905,2.1828,2.1838,1455788.9,1749301199999,3182542.34082,16083
XRPUSDT,1749301200000,2.1838,2.1907,2.1819,2.1867,1866613.6,1749304799999,4084342.85489,15125
XRPUSDT,1749304800000,2.1868,2.1889,2.182,2.182,1496862.5,1749308399999,3271430.63556,12300
XRPUSDT,1749308400000,2.182,2.1849,2.1787,2.1829,1500528.0,1749311999999,3273194.26769,15805
XRPUSDT,1749312000000,2.183,2.1866,2.1769,2.1779,1645991.9,1749315599999,3590180.76277,15836
XRPUSDT,1749315600000,2.1779,2.1839,2.1723,2.1731,2368053.3,1749319199999,5158434.99844,15823
XRPUSDT,1749319200000,2.1731,2.1818,2.1726,2.1761,1260612.2,1749322799999,2743225.76255,15737
XRPUSDT,1749322800000,2.1761,2.1807,2.1756,2.1759,1555900.3,1749326399999,3389406.30449,9961
XRPUSDT,1749326400000,2.1758,2.182,2.1754,2.1819,896790.1,1749329999999,1954496.90942,10226
XRPUSDT,1749330000000,2.1819,2.1848,2.1789,2.1812,1865215.2,1749333599999,4069149.41615,10389
XRPUSDT,1749333600000,2.1811,2.1868,2.1796,2.182,1386163.8,1749337199999,3026601.98785,15147
XRPUSDT,1749337200000,2.1821,2.1821,2.1755,2.1769,1101815.8,1749340799999,2399905.48463,10913
XRPUSDT,1749340800000,2.1768,2.1771,2.1702,2.1713,1156042.1,1749344399999,2511778.40067,11324
XRPUSDT,1749344400000,2.1713,2.1766,2.1661,2.1761,1499215.8,1749347999999,3252857.87875,12305
XRPUSDT,1749348000000,2.1762,2.1762,2.1695,2.1724,703835.6,1749351599999,1528929.36201,11696
XRPUSDT,1749351600000,2.1723,2.1771,2.17,2.1754,569801.2,1749355199999,1238382.91884,7638
XRPUSDT,1749355200000,2.1753,2.1769,2.171,2.1765,759956.0,1749358799999,1652485.15697,8300
XRPUSDT,1749358800000,2.1766,2.1968,2.1765,2.1896,4052694.7,1749362399999,8870721.07002,26134
XRPUSDT,1749362400000,2.1897,2.2248,2.1897,2.205,11649335.7,1749365999999,25769984.37034,98655
XRPUSDT,1749366000000,2.205,2.2201,2.2023,2.2072,4807822.0,1749369599999,10626241.2538,42499
XRPUSDT,1749369600000,2.2072,2.2188,2.2072,2.2123,3529566.9,1749373199999,7816795.62166,27945
XRPUSDT,1749373200000,2.2124,2.2125,2.1972,2.2095,3791478.2,1749376799999,8358659.27013,31634
XRPUSDT,1749376800000,2.2096,2.2157,2.2054,2.2156,2522873.9,1749380399999,5575853.89159,26521
XRPUSDT,1749380400000,2.2157,2.2497,2.2126,2.2419,6568880.4,1749383999999,14660151.6022,51683
XRPUSDT,1749384000000,2.2418,2.2636,2.2418,2.26,12292472.6,1749387599999,27713580.38423,90372
XRPUSDT,1749387600000,2.2599,2.29,2.2531,2.2674,11595422.9,1749391199999,26343915.07974,97173
XRPUSDT,1749391200000,2.2675,2.2767,2.2582,2.2753,6989078.6,1749394799999,15845118.29196,51455
XRPUSDT,1749394800000,2.2754,2.2937,2.2754,2.2774,10290959.0,1749398399999,23500056.87755,76045
XRPUSDT,1749398400000,2.2774,2.2871,2.2722,2.2791,4677404.9,1749401999999,10661182.13441,47039
XRPUSDT,1749402000000,2.279,2.285,2.2743,2.2802,4128526.9,1749405599999,9413187.85629,36690
XRPUSDT,1749405600000,2.2802,2.2897,2.2788,2.2836,2826454.4,1749409199999,6456873.76168,30245
XRPUSDT,1749409200000,2.2837,2.2988,2.2827,2.2884,4940452.7,1749412799999,11310484.56143,34559
XRPUSDT,1749412800000,2.2884,2.2952,2.2758,2.2821,4190575.5,1749416399999,9572074.83535,39860
XRPUSDT,1749416400000,2.282,2.2892,2.2721,2.2736,2474035.9,1749419999999,5642191.48155,24365
XRPUSDT,1749420000000,2.2737,2.2754,2.2548,2.2589,6670588.8,1749423599999,15107107.75889,45237
XRPUSDT,1749423600000,2.2588,2.268,2.255,2.267,3122488.9,1749427199999,7060355.29321,33711
XRPUSDT,1749427200000,2.2669,2.2682,2.2559,2.2599,3322362.1,1749430799999,7514274.78041,39934
XRPUSDT,1749430800000,2.2598,2.2605,2.2419,2.2444,5242170.0,1749434399999,11785832.29603,28186
XRPUSDT,1749434400000,2.2445,2.251,2.2393,2.2445,2779946.9,1749437999999,6242352.98807,21121
XRPUSDT,1749438000000,2.2444,2.2457,2.2313,2.2425,5427328.4,1749441599999,12139565.70207,28976
XRPUSDT,1749441600000,2.2425,2.2425,2.2271,2.2285,3376785.9,1749445199999,7543283.23377,20581
XRPUSDT,1749445200000,2.2286,2.237,2.2247,2.229,3699550.0,1749448799999,8252959.95575,20396
XRPUSDT,1749448800000,2.2289,2.2374,2.2223,2.2356,4013288.2,1749452399999,8947168.84049,23262
XRPUSDT,1749452400000,2.2357,2.2357,2.2244,2.231,4897283.4,1749455999999,10914077.43396,25770
XRPUSDT,1749456000000,2.231,2.2434,2.2297,2.2425,3559346.5,1749459599999,7956573.1525,23598
XRPUSDT,1749459600000,2.2425,2.2616,2.2384,2.2524,7656295.8,1749463199999,17238100.44371,43932
XRPUSDT,1749463200000,2.2524,2.2693,2.2486,2.2598,6886122.7,1749466799999,15569945.77474,50148
XRPUSDT,1749466800000,2.2599,2.2704,2.2566,2.2689,5178650.5,1749470399999,11715772.59013,33715
XRPUSDT,1749470400000,2.2689,2.2696,2.2575,2.2675,3825202.4,1749473999999,8656327.93828,24172
XRPUSDT,1749474000000,2.2675,2.2675,2.24,2.2457,5840149.2,1749477599999,13157887.38203,43949
XRPUSDT,1749477600000,2.2457,2.2632,2.2456,2.2549,5611333.4,1749481199999,12651130.57122,39745
XRPUSDT,1749481200000,2.2549,2.266,2.2521,2.2632,3682339.6,1749484799999,8325841.6456,27433
XRPUSDT,1749484800000,2.2633,2.2863,2.2618,2.2792,7226664.3,1749488399999,16437860.80176,50283
XRPUSDT,1749488400000,2.2791,2.3137,2.2791,2.2907,11779992.1,1749491999999,27105028.66756,97741
XRPUSDT,1749492000000,2.2907,2.301,2.2886,2.2994,3959094.1,1749495599999,9084693.61269,34615
XRPUSDT,1749495600000,2.2994,2.3043,2.2856,2.2956,3298605.5,1749499199999,7569765.80133,34853
XRPUSDT,1749499200000,2.2956,2.3056,2.2946,2.3046,3375629.2,1749502799999,7760418.35522,29873
XRPUSDT,1749502800000,2.3047,2.3272,2.3033,2.3164,12371711.9,1749506399999,28630245.68097,78900
XRPUSDT,1749506400000,2.3165,2.3293,2.3162,2.3232,7840333.1,1749509999999,18209896.31719,56177
XRPUSDT,1749510000000,2.3232,2.3255,2.3096,2.3211,3770046.0,1749513599999,8736213.61083,38100
XRPUSDT,1749513600000,2.321,2.3276,2.3083,2.3153,6931766.0,1749517199999,16053999.88142,59324
XRPUSDT,1749517200000,2.3153,2.319,2.3036,2.316,6143277.5,1749520799999,14192120.99826,41813
XRPUSDT,1749520800000,2.3159,2.3159,2.3053,2.3097,3569197.3,1749524399999,8242073.93296,28050
XRPUSDT,1749524400000,2.3098,2.3104,2.2982,2.2985,3404589.9,1749527999999,7835931.05303,22987
XRPUSDT,1749528000000,2.2985,2.3017,2.2919,2.2939,2817453.2,1749531599999,6467908.55655,22912
XRPUSDT,1749531600000,2.2939,2.2967,2.2799,2.2844,4596830.6,1749535199999,10514930.02155,30212
XRPUSDT,1749535200000,2.2844,2.2916,2.2731,2.2857,4896712.9,1749538799999,11178293.08247,37827
XRPUSDT,1749538800000,2.2856,2.2902,2.2777,2.2841,3103338.4,1749542399999,7084808.16178,32032
XRPUSDT,1749542400000,2.2841,2.2873,2.2752,2.2765,2843642.0,1749545999999,6482933.7859,26651
XRPUSDT,1749546000000,2.2765,2.2942,2.2731,2.292,5245759.6,1749549599999,11992037.93953,38379
XRPUSDT,1749549600000,2.2921,2.2922,2.2775,2.2824,3264072.9,1749553199999,7458597.29202,23561
XRPUSDT,1749553200000,2.2825,2.3158,2.2703,2.3046,10085278.2,1749556799999,23161177.4959,82950
XRPUSDT,1749556800000,2.3045,2.3201,2.2943,2.3153,8138346.5,1749560399999,18781552.87124,69850
XRPUSDT,1749560400000,2.3152,2.3157,2.2821,2.2925,8664236.1,1749563999999,19900981.79527,79485
XRPUSDT,1749564000000,2.2925,2.2933,2.27,2.2747,6262716.8,1749567599999,14278818.05589,65550
XRPUSDT,1749567600000,2.2747,2.287,2.2601,2.2762,8282891.3,1749571199999,18833429.71018,60841
XRPUSDT,1749571200000,2.2762,2.2824,2.2691,2.2726,3599526.7,1749574799999,8188295.32883,39792
XRPUSDT,1749574800000,2.2726,2.2889,2.2701,2.2879,1842712.9,1749578399999,4202883.63976,27505
XRPUSDT,1749578400000,2.288,2.2966,2.2806,2.2926,2367086.9,1749581999999,5414816.67183,32965
XRPUSDT,1749582000000,2.2927,2.3128,2.2875,2.2957,6649417.7,1749585599999,15296174.72985,73991
XRPUSDT,1749585600000,2.2957,2.3006,2.285,2.2985,3280976.1,1749589199999,7519454.61427,37850
XRPUSDT,1749589200000,2.2986,2.3064,2.2899,2.298,6288229.7,1749592799999,14449169.22423,45034
XRPUSDT,1749592800000,2.2981,2.313,2.2972,2.3026,5411004.3,1749596399999,12477913.10193,42791
XRPUSDT,1749596400000,2.3027,2.3101,2.3,2.3074,2198244.3,1749599999999,5067853.08909,36386
XRPUSDT,1749600000000,2.3074,2.3128,2.2879,2.2899,6584436.4,1749603599999,15148501.75127,61439
XRPUSDT,1749603600000,2.2898,2.2936,2.2783,2.2829,4698201.7,1749607199999,10743636.03981,35919
XRPUSDT,1749607200000,2.2828,2.292,2.2823,2.2873,2196299.0,1749610799999,5021953.41505,15549
XRPUSDT,1749610800000,2.2872,2.3018,2.2856,2.2979,2980882.5,1749614399999,6845041.40842,18134
XRPUSDT,1749614400000,2.298,2.2982,2.2888,2.2908,1642599.5,1749617999999,3766519.64718,14177
XRPUSDT,1749618000000,2.2909,2.2988,2.2883,2.2974,1470307.1,1749621599999,3372520.53377,12496
XRPUSDT,1749621600000,2.2975,2.3015,2.2862,2.2935,3465806.6,1749625199999,7948183.50576,25738
XRPUSDT,1749625200000,2.2936,2.2966,2.283,2.2931,3241191.9,1749628799999,7422771.76665,31961
XRPUSDT,1749628800000,2.293,2.3278,2.293,2.3233,15412607.7,1749632399999,35671198.70094,109425
XRPUSDT,1749632400000,2.3233,2.3296,2.3026,2.3082,6088723.4,1749635999999,14094751.96588,65579
XRPUSDT,1749636000000,2.3082,2.3295,2.3068,2.325,6357976.4,1749639599999,14766561.15264,59251
XRPUSDT,1749639600000,2.3251,2.327,2.3075,2.3146,3500538.2,1749643199999,8102288.30733,29186
XRPUSDT,1749643200000,2.3147,2.3353,2.3046,2.3239,9809219.3,1749646799999,22785097.8739,77806
XRPUSDT,1749646800000,2.3239,2.3266,2.3101,2.3148,3895628.9,1749650399999,9033771.31747,51823
XRPUSDT,1749650400000,2.3149,2.3379,2.3134,2.3273,6202484.1,1749653999999,14439551.68668,59436
XRPUSDT,1749654000000,2.3274,2.3313,2.3139,2.3258,5768117.3,1749657599999,13388465.75197,51382
XRPUSDT,1749657600000,2.3258,2.3308,2.316,2.3169,4707248.2,1749661199999,10932526.29628,53423
XRPUSDT,1749661200000,2.317,2.3239,2.3022,2.3027,4220364.4,1749664799999,9763399.06358,41928
XRPUSDT,1749664800000,2.3027,2.3067,2.2893,2.2967,5409678.7,1749668399999,12433232.90338,59721
XRPUSDT,1749668400000,2.2966,2.2985,2.2833,2.286,3022401.4,1749671999999,6923518.42513,34169
XRPUSDT,1749672000000,2.2859,2.2967,2.2798,2.2949,2402056.0,1749675599999,5498939.98114,21561
XRPUSDT,1749675600000,2.2949,2.3001,2.2724,2.273,4806007.1,1749679199999,10991226.52308,38167
XRPUSDT,1749679200000,2.2731,2.2732,2.2524,2.2613,8172640.0,1749682799999,18483716.99036,86324
XRPUSDT,1749682800000,2.2613,2.2715,2.2594,2.2704,2724069.7,1749686399999,6173984.98743,22290
XRPUSDT,1749686400000,2.2704,2.2733,2.2567,2.2666,3352313.9,1749689999999,7595504.61303,35331
XRPUSDT,1749690000000,2.2665,2.2678,2.246,2.257,4534031.1,1749693599999,10222095.5169,46523
XRPUSDT,1749693600000,2.257,2.2621,2.2465,2.2484,3291393.0,1749697199999,7413841.59405,28774
XRPUSDT,1749697200000,2.2484,2.2521,2.2376,2.244,5067154.8,1749700799999,11376359.50406,31571
XRPUSDT,1749700800000,2.244,2.249,2.2376,2.2475,3975298.3,1749704399999,8919674.81876,23801
XRPUSDT,1749704400000,2.2475,2.2576,2.2436,2.2561,2859466.6,1749707999999,6440073.93773,26177
XRPUSDT,1749708000000,2.256,2.2565,2.2477,2.2492,3008861.1,1749711599999,6775791.87896,25797
XRPUSDT,1749711600000,2.2492,2.2495,2.2321,2.2397,5036142.0,1749715199999,11283336.75571,31349
XRPUSDT,1749715200000,2.2397,2.2454,2.2313,2.2444,3603882.0,1749718799999,8071812.20193,39119
XRPUSDT,1749718800000,2.2445,2.2497,2.2428,2.245,2007261.6,1749722399999,4508970.6772,21835
XRPUSDT,1749722400000,2.2449,2.245,2.2337,2.2391,3022535.6,1749725999999,6767751.95885,36005
XRPUSDT,1749726000000,2.2391,2.2399,2.2237,2.2255,4597391.6,1749729599999,10251760.60652,35300
XRPUSDT,1749729600000,2.2255,2.2379,2.2211,2.2339,3540693.7,1749733199999,7895645.98964,31748
XRPUSDT,1749733200000,2.2339,2.2468,2.2324,2.2449,3467921.6,1749736799999,7767384.95049,45956
XRPUSDT,1749736800000,2.2448,2.2525,2.2448,2.2486,4520582.4,1749740399999,10167158.83268,37884
XRPUSDT,1749740400000,2.2486,2.2525,2.2277,2.2284,4058704.0,1749743999999,9090810.0305,48536
XRPUSDT,1749744000000,2.2285,2.2472,2.2278,2.243,4436656.3,1749747599999,9940170.52532,34532
XRPUSDT,1749747600000,2.243,2.2553,2.2417,2.252,2885965.6,1749751199999,6496577.96828,23990
XRPUSDT,1749751200000,2.2521,2.2528,2.2305,2.2383,1996420.2,1749754799999,4472120.53126,25075
XRPUSDT,1749754800000,2.2384,2.2428,2.2026,2.2037,5693670.0,1749758399999,12625438.3795,59227
XRPUSDT,1749758400000,2.2037,2.2131,2.1706,2.1837,11975131.4,1749761999999,26238302.52665,112584
XRPUSDT,1749762000000,2.1836,2.2051,2.178,2.1898,4903455.8,1749765599999,10752335.58203,49831
XRPUSDT,1749765600000,2.1898,2.1993,2.1809,2.1874,3638390.4,1749769199999,7964061.8275,47036
XRPUSDT,1749769200000,2.1874,2.1974,2.185,2.1899,2746874.3,1749772799999,6021558.52545,29662
XRPUSDT,1749772800000,2.19,2.1918,2.095,2.1249,31852177.2,1749776399999,68032228.19307,276178
XRPUSDT,1749776400000,2.1249,2.125,2.0848,2.1105,19184530.4,1749779999999,40369264.77667,186382
XRPUSDT,1749780000000,2.1106,2.1123,2.0828,2.1018,10791681.6,1749783599999,22633543.91379,112268
XRPUSDT,1749783600000,2.1018,2.1342,2.1008,2.1251,8882131.1,1749787199999,18827254.70735,65167
XRPUSDT,1749787200000,2.1252,2.1255,2.11,2.1231,5337520.4,1749790799999,11296126.09975,47200
XRPUSDT,1749790800000,2.123,2.1251,2.1125,2.1127,4984448.8,1749794399999,10562267.70476,33150
XRPUSDT,1749794400000,2.1128,2.119,2.0924,2.119,9166103.0,1749797999999,19270011.19112,77760
XRPUSDT,1749798000000,2.119,2.1317,2.1091,2.1295,6892595.2,1749801599999,14615453.23543,55066
XRPUSDT,1749801600000,2.1295,2.1599,2.1272,2.136,9537350.5,1749805199999,20454886.95037,79884
XRPUSDT,1749805200000,2.1359,2.141,2.1248,2.1326,4796909.3,1749808799999,10226801.8356,62150
XRPUSDT,1749808800000,2.1327,2.1478,2.1238,2.1464,4209854.7,1749812399999,8986101.04681,48544
XRPUSDT,1749812400000,2.1464,2.1562,2.1381,2.1544,4082032.0,1749815999999,8768867.65775,49143
XRPUSDT,1749816000000,2.1545,2.1626,2.1482,2.1504,5724972.6,1749819599999,12339540.2528,64571
XRPUSDT,1749819600000,2.1504,2.1583,2.1377,2.1397,6055756.0,1749823199999,12997848.4961,89570
XRPUSDT,1749823200000,2.1398,2.1531,2.122,2.1399,7238818.5,1749826799999,15457131.45727,77972
XRPUSDT,1749826800000,2.1399,2.1533,2.1369,2.1473,5617004.8,1749830399999,12061502.77555,64850
XRPUSDT,1749830400000,2.1473,2.1597,2.1363,2.1531,4932174.1,1749833999999,10593766.41914,62209
XRPUSDT,1749834000000,2.153,2.153,2.1321,2.1472,4060260.6,1749837599999,8698434.3174,54229
XRPUSDT,1749837600000,2.1471,2.1496,2.1163,2.1329,5694887.1,1749841199999,12116952.44084,63690
XRPUSDT,1749841200000,2.133,2.1387,2.1209,2.122,4023679.0,1749844799999,8569017.2293,57244
XRPUSDT,1749844800000,2.1221,2.1477,2.1207,2.1413,2771714.6,1749848399999,5911361.59801,34759
XRPUSDT,1749848400000,2.1414,2.147,2.1328,2.1388,1890520.0,1749851999999,4045957.80053,23333
XRPUSDT,1749852000000,2.1388,2.1468,2.1352,2.1412,1717511.9,1749855599999,3675132.41226,26715
XRPUSDT,1749855600000,2.1411,2.1516,2.1404,2.1472,2479639.5,1749859199999,5323149.62179,23824
XRPUSDT,1749859200000,2.1473,2.1495,2.1378,2.1399,3170654.5,1749862799999,6795961.43654,29503
XRPUSDT,1749862800000,2.14,2.1409,2.1325,2.1397,1445771.4,1749866399999,3088979.74468,20221
XRPUSDT,1749866400000,2.1397,2.1456,2.1383,2.1418,1047332.3,1749869999999,2242790.96385,13259
XRPUSDT,1749870000000,2.1418,2.1605,2.14,2.1589,3126652.4,1749873599999,6734544.76078,24207
XRPUSDT,1749873600000,2.1589,2.1695,2.1586,2.1635,4154374.9,1749877199999,8991826.64226,26239
XRPUSDT,1749877200000,2.1634,2.1691,2.155,2.1577,2434378.4,1749880799999,5263980.7771,18616
XRPUSDT,1749880800000,2.1578,2.1617,2.1502,2.1555,2800891.8,1749884399999,6038265.2196,19851
XRPUSDT,1749884400000,2.1555,2.1678,2.1488,2.1651,3118193.3,1749887999999,6736369.10401,23339
XRPUSDT,1749888000000,2.1651,2.1801,2.1578,2.1732,6339282.1,1749891599999,13767564.07454,39278
XRPUSDT,1749891600000,2.1732,2.1742,2.1622,2.1657,2051289.0,1749895199999,4447122.04669,18090
XRPUSDT,1749895200000,2.1658,2.1725,2.1611,2.1698,1863691.9,1749898799999,4038747.64483,16864
XRPUSDT,1749898800000,2.1698,2.178,2.1672,2.1769,2019839.6,1749902399999,4389944.63114,21421
XRPUSDT,1749902400000,2.1768,2.178,2.165,2.1721,2151222.2,1749905999999,4670311.40028,20651
XRPUSDT,1749906000000,2.1721,2.1761,2.1597,2.1652,1728316.1,1749909599999,3743096.68748,15149
XRPUSDT,1749909600000,2.1652,2.1691,2.161,2.1645,1515472.4,1749913199999,3280953.81829,15138
XRPUSDT,1749913200000,2.1645,2.1682,2.1448,2.1491,4326532.3,1749916799999,9318249.67328,38537
XRPUSDT,1749916800000,2.1491,2.1514,2.1168,2.1246,7397223.7,1749920399999,15776313.2441,60632
XRPUSDT,1749920400000,2.1246,2.1405,2.1222,2.1305,3502298.5,1749923999999,7472065.48996,33917
XRPUSDT,1749924000000,2.1305,2.1403,2.1146,2.1273,2772256.0,1749927599999,5887397.46961,33544
XRPUSDT,1749927600000,2.1274,2.1373,2.1226,2.1245,2214525.8,1749931199999,4716405.52253,37052
XRPUSDT,1749931200000,2.1246,2.1309,2.1093,2.1272,2980425.2,1749934799999,6315133.40801,38076
XRPUSDT,1749934800000,2.1272,2.1435,2.125,2.1383,2472851.2,1749938399999,5278242.45541,22069
XRPUSDT,1749938400000,2.1383,2.1436,2.1351,2.1385,1449037.6,1749941999999,3100098.99399,21841
XRPUSDT,1749942000000,2.1385,2.1464,2.1379,2.1394,1562098.1,1749945599999,3346767.99374,16011
XRPUSDT,1749945600000,2.1393,2.1493,2.1375,2.1478,1590509.2,1749949199999,3409447.09203,20617
XRPUSDT,1749949200000,2.1478,2.1493,2.1413,2.143,2039110.9,1749952799999,4373785.6749,15650
XRPUSDT,1749952800000,2.1429,2.1497,2.1429,2.1459,834951.9,1749956399999,1792796.37127,11677
XRPUSDT,1749956400000,2.146,2.1533,2.1453,2.153,746344.7,1749959999999,1604784.39739,12114
XRPUSDT,1749960000000,2.1531,2.1614,2.1517,2.1593,1355063.0,1749963599999,2922905.17602,13628
XRPUSDT,1749963600000,2.1592,2.1616,2.1522,2.1606,1011414.1,1749967199999,2180968.28162,12497
XRPUSDT,1749967200000,2.1606,2.1624,2.1505,2.1529,1558649.0,1749970799999,3359189.45932,16130
XRPUSDT,1749970800000,2.1528,2.1548,2.1479,2.1513,1441442.4,1749974399999,3100696.92367,13630
XRPUSDT,1749974400000,2.1513,2.155,2.1462,2.1544,2388369.7,1749977999999,5132705.485,14378
XRPUSDT,1749978000000,2.1543,2.1638,2.1507,2.1559,2603943.5,1749981599999,5618696.95405,24024
XRPUSDT,1749981600000,2.156,2.1647,2.156,2.1632,2317395.2,1749985199999,5009616.3002,16304
XRPUSDT,1749985200000,2.1632,2.1676,2.1568,2.159,2887148.1,1749988799999,6240556.32754,19799
XRPUSDT,1749988800000,2.1591,2.1671,2.1574,2.1641,1648768.9,1749992399999,3564535.27809,14192
XRPUSDT,1749992400000,2.164,2.1738,2.1638,2.1712,2191345.0,1749995999999,4752651.78814,25261
XRPUSDT,1749996000000,2.1713,2.1759,2.1639,2.1727,2210986.4,1749999599999,4798659.78631,26945
XRPUSDT,1749999600000,2.1728,2.1742,2.1625,2.1645,2251486.4,1750003199999,4882947.71235,26372
XRPUSDT,1750003200000,2.1646,2.1678,2.1585,2.1668,2334770.8,1750006799999,5047655.16952,19601
XRPUSDT,1750006800000,2.1668,2.1719,2.1618,2.1694,1009204.3,1750010399999,2187226.26032,13119
XRPUSDT,1750010400000,2.1694,2.1694,2.1623,2.1668,994589.4,1750013999999,2153767.72914,11156
XRPUSDT,1750014000000,2.1667,2.1708,2.1597,2.1641,1243389.7,1750017599999,2692694.58276,12861
XRPUSDT,1750017600000,2.1641,2.1641,2.1407,2.1474,5185694.9,1750021199999,11150049.25298,38061
XRPUSDT,1750021200000,2.1474,2.16,2.1408,2.1583,2725543.9,1750024799999,5860192.04166,20964
XRPUSDT,1750024800000,2.1582,2.1679,2.1573,2.1655,2500571.3,1750028399999,5410788.97378,31326
XRPUSDT,1750028400000,2.1655,2.1707,2.1646,2.1655,1524926.8,1750031999999,3304698.2206,14307
XRPUSDT,1750032000000,2.1655,2.168,2.1583,2.1664,2207385.0,1750035599999,4774028.55964,25553
XRPUSDT,1750035600000,2.1664,2.1757,2.1512,2.1737,4464772.1,1750039199999,9652882.97477,34890
XRPUSDT,1750039200000,2.1736,2.1871,2.1733,2.1733,4917213.7,1750042799999,10716793.7692,41137
XRPUSDT,1750042800000,2.1733,2.1802,2.1704,2.1721,2126129.8,1750046399999,4625047.06161,20761
XRPUSDT,1750046400000,2.1722,2.1871,2.1714,2.1782,3313516.2,1750049999999,7219525.35724,29489
XRPUSDT,1750050000000,2.1782,2.19,2.1735,2.1814,4454254.1,1750053599999,9720663.62029,27153
XRPUSDT,1750053600000,2.1815,2.1871,2.1761,2.181,4194129.2,1750057199999,9153142.38969,27553
XRPUSDT,1750057200000,2.1811,2.2054,2.1811,2.2031,7215966.1,1750060799999,15829126.26522,36504
XRPUSDT,1750060800000,2.2031,2.2071,2.1936,2.2014,3207167.2,1750064399999,7054942.61152,27164
XRPUSDT,1750064400000,2.2014,2.2028,2.196,2.199,2562873.8,1750067999999,5635424.2388,20280
XRPUSDT,1750068000000,2.1991,2.2105,2.1972,2.2098,4127447.2,1750071599999,9104337.12601,25763
XRPUSDT,1750071600000,2.2099,2.2498,2.2067,2.2456,8272444.6,1750075199999,18457500.1721,81966
XRPUSDT,1750075200000,2.2455,2.273,2.2447,2.248,14502987.9,1750078799999,32767945.47834,125199
XRPUSDT,1750078800000,2.248,2.265,2.2478,2.2591,7996132.9,1750082399999,18035438.31477,81994
XRPUSDT,1750082400000,2.2592,2.2925,2.2461,2.2808,13774984.2,1750085999999,31329487.00573,117376
XRPUSDT,1750086000000,2.2808,2.298,2.2765,2.2899,9617633.7,1750089599999,21989671.85501,106595
XRPUSDT,1750089600000,2.29,2.3274,2.2899,2.31,16579030.4,1750093199999,38293288.03991,151666
XRPUSDT,1750093200000,2.3099,2.3219,2.3075,2.3075,6404104.5,1750096799999,14832289.29998,76162
XRPUSDT,1750096800000,2.3075,2.33,2.306,2.3241,8035591.9,1750100399999,18626809.32357,54759
XRPUSDT,1750100400000,2.3241,2.336,2.3153,2.3357,8712206.1,1750103999999,20282527.97267,73582
XRPUSDT,1750104000000,2.3357,2.337,2.309,2.3188,11071941.5,1750107599999,25700445.23028,68372
XRPUSDT,1750107600000,2.3188,2.3247,2.2907,2.2963,10588505.8,1750111199999,24407364.37674,52742
XRPUSDT,1750111200000,2.2964,2.311,2.2608,2.2749,11606901.7,1750114799999,26485161.32167,98075
XRPUSDT,1750114800000,2.2749,2.2821,2.2288,2.238,10822519.4,1750118399999,24459554.6551,97274
XRPUSDT,1750118400000,2.2379,2.2555,2.2016,2.2536,16995071.9,1750121999999,37845276.29197,196479
XRPUSDT,1750122000000,2.2537,2.2572,2.2372,2.2535,5234456.8,1750125599999,11769688.83348,59411
XRPUSDT,1750125600000,2.2536,2.2536,2.2276,2.2507,6461911.1,1750129199999,14462689.18927,56526
XRPUSDT,1750129200000,2.2507,2.2539,2.2421,2.2493,3993277.3,1750132799999,8979603.84634,35913
XRPUSDT,1750132800000,2.2492,2.2493,2.232,2.2443,4589625.4,1750136399999,10285266.75521,33219
XRPUSDT,1750136400000,2.2443,2.2529,2.2347,2.2362,3568739.6,1750139999999,8010413.11778,42694
XRPUSDT,1750140000000,2.2362,2.2472,2.229,2.234,4619989.9,1750143599999,10335892.52684,35940
XRPUSDT,1750143600000,2.2339,2.2404,2.226,2.2356,5358261.1,1750147199999,11963990.6569,44560
XRPUSDT,1750147200000,2.2356,2.2384,2.2151,2.2169,4864468.5,1750150799999,10826145.84981,47743
XRPUSDT,1750150800000,2.2168,2.2256,2.212,2.2137,4507185.2,1750154399999,9998362.40249,39015
XRPUSDT,1750154400000,2.2138,2.2155,2.2025,2.2143,3987448.7,1750157999999,8807773.7972,50531
XRPUSDT,1750158000000,2.2143,2.2143,2.1881,2.1939,6048289.2,1750161599999,13283454.54051,50638
XRPUSDT,1750161600000,2.1938,2.216,2.19,2.2065,5175049.7,1750165199999,11414934.62912,41931
XRPUSDT,1750165200000,2.2064,2.2249,2.2052,2.2159,4871990.4,1750168799999,10799565.23193,51154
XRPUSDT,1750168800000,2.216,2.2212,2.1921,2.1946,4147986.3,1750172399999,9159919.31657,43428
XRPUSDT,1750172400000,2.1945,2.1947,2.1635,2.1795,13662919.7,1750175999999,29764066.81898,117633
XRPUSDT,1750176000000,2.1794,2.1839,2.148,2.1487,9364907.1,1750179599999,20288550.22407,89649
XRPUSDT,1750179600000,2.1487,2.1677,2.1417,2.1474,8659000.4,1750183199999,18645516.26589,87813
XRPUSDT,1750183200000,2.1473,2.177,2.1456,2.1764,4232315.5,1750186799999,9143247.89422,46531
XRPUSDT,1750186800000,2.1764,2.2037,2.173,2.1831,7222169.9,1750190399999,15822230.60992,61144
XRPUSDT,1750190400000,2.183,2.1909,2.167,2.1676,5641441.8,1750193999999,12278651.85727,53307
XRPUSDT,1750194000000,2.1676,2.1741,2.1515,2.1569,5732435.0,1750197599999,12394362.77256,62045
XRPUSDT,1750197600000,2.157,2.1597,2.144,2.1459,4085108.8,1750201199999,8794801.9881,36770
XRPUSDT,1750201200000,2.1459,2.166,2.1452,2.159,2973980.7,1750204799999,6414017.42975,26001
XRPUSDT,1750204800000,2.1591,2.1666,2.1522,2.1666,2249408.9,1750208399999,4859389.60341,20173
XRPUSDT,1750208400000,2.1666,2.1774,2.1606,2.1612,3068495.1,1750211999999,6654936.64008,22807
XRPUSDT,1750212000000,2.1612,2.1676,2.1549,2.1589,2611932.3,1750215599999,5645493.42818,24119
XRPUSDT,1750215600000,2.1588,2.1707,2.1575,2.1674,2319776.0,1750219199999,5019620.72796,16454
XRPUSDT,1750219200000,2.1674,2.1748,2.1618,2.1719,2646129.0,1750222799999,5737176.33791,16042
XRPUSDT,1750222800000,2.172,2.1755,2.167,2.168,2108071.6,1750226399999,4577492.37803,15256
XRPUSDT,1750226400000,2.1681,2.1687,2.1524,2.1553,4648638.7,1750229999999,10041564.61531,23431
XRPUSDT,1750230000000,2.1553,2.1637,2.1471,2.1629,5408690.9,1750233599999,11644777.22232,30077
XRPUSDT,1750233600000,2.1629,2.1689,2.1519,2.156,2305880.6,1750237199999,4982232.89657,25248
XRPUSDT,1750237200000,2.1561,2.1639,2.1454,2.147,2902073.9,1750240799999,6247992.31125,25374
XRPUSDT,1750240800000,2.147,2.1509,2.1244,2.1294,6916040.4,1750244399999,14780625.87495,65392
XRPUSDT,1750244400000,2.1293,2.144,2.1252,2.1419,5663482.4,1750247999999,12084876.76365,47003
XRPUSDT,1750248000000,2.142,2.1454,2.1306,2.1315,3200603.7,1750251599999,6839783.43438,28446
XRPUSDT,1750251600000,2.1316,2.1424,2.1181,2.1384,7392904.7,1750255199999,15719739.34826,62965
XRPUSDT,1750255200000,2.1384,2.1622,2.133,2.1447,7510839.7,1750258799999,16161190.69227,82879
XRPUSDT,1750258800000,2.1447,2.156,2.1351,2.151,4503756.5,1750262399999,9675736.4317,52827
XRPUSDT,1750262400000,2.151,2.1516,2.1347,2.1409,2506631.0,1750265999999,5369894.50554,35613
XRPUSDT,1750266000000,2.1409,2.1535,2.1327,2.1486,2927215.8,1750269599999,6272575.65517,34984
XRPUSDT,1750269600000,2.1487,2.1624,2.1292,2.1307,6154948.5,1750273199999,13204154.74967,82104
XRPUSDT,1750273200000,2.1307,2.1535,2.1273,2.1406,4066367.8,1750276799999,8716844.77436,61535
XRPUSDT,1750276800000,2.1405,2.1796,2.1361,2.1731,5150149.2,1750280399999,11138500.48079,38357
XRPUSDT,1750280400000,2.1732,2.1808,2.1621,2.1749,5289857.2,1750283999999,11488295.47085,41664
XRPUSDT,1750284000000,2.1749,2.1798,2.1677,2.1689,2338065.5,1750287599999,5082469.78826,31721
XRPUSDT,1750287600000,2.1689,2.1766,2.1649,2.1705,2072208.6,1750291199999,4498581.57879,24519
XRPUSDT,1750291200000,2.1704,2.1855,2.1628,2.1761,3163162.6,1750294799999,6882883.85039,28618
XRPUSDT,1750294800000,2.1762,2.1771,2.1599,2.1611,2406345.7,1750298399999,5215098.18143,29202
XRPUSDT,1750298400000,2.1611,2.1668,2.1558,2.1594,2432959.6,1750301999999,5257337.35837,20685
XRPUSDT,1750302000000,2.1593,2.1677,2.1592,2.1664,1956972.3,1750305599999,4231450.82455,13222
XRPUSDT,1750305600000,2.1664,2.1686,2.1573,2.168,2024348.6,1750309199999,4380796.13531,12499
XRPUSDT,1750309200000,2.168,2.1758,2.1642,2.1658,2655041.0,1750312799999,5765349.11828,18569
XRPUSDT,1750312800000,2.1658,2.1719,2.1538,2.1551,3498441.4,1750316399999,7557384.38811,18066
XRPUSDT,1750316400000,2.1551,2.1635,2.155,2.1564,2491247.7,1750319999999,5375847.72402,17548
XRPUSDT,1750320000000,2.1564,2.1635,2.1564,2.1569,2156142.0,1750323599999,4658650.94499,16372
XRPUSDT,1750323600000,2.1569,2.1668,2.1542,2.1632,2714904.6,1750327199999,5865439.52827,17208
XRPUSDT,1750327200000,2.1632,2.1661,2.1521,2.1603,3737105.4,1750330799999,8073849.17496,20240
XRPUSDT,1750330800000,2.1602,2.1602,2.149,2.1519,2245021.6,1750334399999,4834115.19761,18423
XRPUSDT,1750334400000,2.1519,2.1587,2.1483,2.1543,2393049.9,1750337999999,5154449.1249,20674
XRPUSDT,1750338000000,2.1542,2.157,2.1476,2.1489,2031078.3,1750341599999,4370357.15181,20448
XRPUSDT,1750341600000,2.1489,2.157,2.1443,2.1476,2566294.9,1750345199999,5518726.5405,23393
XRPUSDT,1750345200000,2.1476,2.1557,2.1441,2.1457,2308337.8,1750348799999,4961468.34687,26118
XRPUSDT,1750348800000,2.1457,2.16,2.1457,2.1571,1664732.7,1750352399999,3586066.52447,19952
XRPUSDT,1750352400000,2.1572,2.1738,2.1572,2.1689,3569831.2,1750355999999,7733735.49562,35091
XRPUSDT,1750356000000,2.1688,2.1779,2.1665,2.1724,2134512.7,1750359599999,4636173.58973,19733
XRPUSDT,1750359600000,2.1725,2.1747,2.168,2.1718,1517978.5,1750363199999,3296536.22092,12890
XRPUSDT,1750363200000,2.1718,2.1742,2.1624,2.1651,1957336.8,1750366799999,4245819.22946,17910
XRPUSDT,1750366800000,2.165,2.1674,2.16,2.1625,1831709.9,1750370399999,3962488.86114,13191
XRPUSDT,1750370400000,2.1624,2.171,2.1624,2.1656,1496535.9,1750373999999,3243100.161,19166
XRPUSDT,1750374000000,2.1656,2.1684,2.1614,2.1648,1196267.0,1750377599999,2589561.19466,10788
XRPUSDT,1750377600000,2.1647,2.1732,2.1618,2.1708,2026925.7,1750381199999,4396047.69114,15481
XRPUSDT,1750381200000,2.1708,2.1717,2.1571,2.1676,1780209.7,1750384799999,3853863.96696,16398
XRPUSDT,1750384800000,2.1677,2.169,2.1607,2.1635,1262088.9,1750388399999,2731834.73989,12323
XRPUSDT,1750388400000,2.1636,2.1636,2.1549,2.155,1795537.3,1750391999999,3876617.42323,15971
XRPUSDT,1750392000000,2.155,2.1572,2.146,2.1465,3245625.7,1750395599999,6982644.94822,20696
XRPUSDT,1750395600000,2.1465,2.1519,2.1395,2.1511,4273089.8,1750399199999,9172666.28905,25410
XRPUSDT,1750399200000,2.1511,2.1545,2.144,2.1446,3127718.5,1750402799999,6719176.87733,15407
XRPUSDT,1750402800000,2.1446,2.1684,2.1404,2.1667,4741243.2,1750406399999,10217893.02152,33663
XRPUSDT,1750406400000,2.1668,2.1765,2.1614,2.1673,4862857.8,1750409999999,10557951.35188,37849
XRPUSDT,1750410000000,2.1672,2.1721,2.1637,2.1699,1824210.2,1750413599999,3953503.90538,20961
XRPUSDT,1750413600000,2.1699,2.1749,2.1649,2.1719,2052497.9,1750417199999,4456049.73494,17175
XRPUSDT,1750417200000,2.1719,2.1755,2.1668,2.1725,1969231.3,1750420799999,4275152.20421,19799
XRPUSDT,1750420800000,2.1726,2.1778,2.1689,2.1722,2142850.9,1750424399999,4656906.79346,18139
XRPUSDT,1750424400000,2.1722,2.1797,2.1594,2.1643,3995772.9,1750427999999,8674123.89396,28715
XRPUSDT,1750428000000,2.1643,2.1667,2.1336,2.1354,7468707.8,1750431599999,16049777.78668,70684
XRPUSDT,1750431600000,2.1354,2.1458,2.1304,2.1338,6348012.9,1750435199999,13572480.35936,46641
XRPUSDT,1750435200000,2.1339,2.134,2.1169,2.1216,7685964.3,1750438799999,16328133.52389,58973
XRPUSDT,1750438800000,2.1215,2.1266,2.0852,2.1178,18354907.6,1750442399999,38599630.2352,137476
XRPUSDT,1750442400000,2.1177,2.1371,2.116,2.126,5189602.7,1750445999999,11036648.13615,44181
XRPUSDT,1750446000000,2.1261,2.1312,2.1142,2.1286,3233444.4,1750449599999,6862030.80739,36656
XRPUSDT,1750449600000,2.1285,2.1482,2.1236,2.1329,4291563.3,1750453199999,9173183.86681,42332
XRPUSDT,1750453200000,2.1329,2.133,2.1198,2.1219,2083148.1,1750456799999,4428072.05432,21480
XRPUSDT,1750456800000,2.1219,2.1219,2.1086,2.1105,2563665.6,1750460399999,5422777.86139,26126
XRPUSDT,1750460400000,2.1106,2.1213,2.1085,2.1194,1313693.4,1750463999999,2779919.19813,17588
XRPUSDT,1750464000000,2.1195,2.1233,2.115,2.1181,1654279.2,1750467599999,3505564.43467,19164
XRPUSDT,1750467600000,2.1181,2.1287,2.1171,2.1245,1552869.3,1750471199999,3297177.66774,14105
XRPUSDT,1750471200000,2.1246,2.1284,2.1223,2.1261,942098.0,1750474799999,2002568.85904,11502
XRPUSDT,1750474800000,2.126,2.1325,2.1258,2.1299,1048890.1,1750478399999,2233374.6841,10495
XRPUSDT,1750478400000,2.1298,2.1308,2.1206,2.1215,1044206.0,1750481999999,2219224.53301,9617
XRPUSDT,1750482000000,2.1216,2.1268,2.1184,2.1268,966872.6,1750485599999,2051953.53816,9289
XRPUSDT,1750485600000,2.1269,2.131,2.1252,2.1289,1010854.3,1750489199999,2151553.47902,8309
XRPUSDT,1750489200000,2.1288,2.1339,2.1256,2.1333,938577.4,1750492799999,1999600.17314,10336
XRPUSDT,1750492800000,2.1334,2.1396,2.1328,2.1392,1043295.1,1750496399999,2228406.66905,12192
XRPUSDT,1750496400000,2.1392,2.1405,2.1339,2.139,1324243.8,1750499999999,2830663.18587,14144
XRPUSDT,1750500000000,2.1389,2.145,2.1385,2.1419,1188689.6,1750503599999,2545252.91934,13151
XRPUSDT,1750503600000,2.142,2.1424,2.1363,2.1371,2058376.3,1750507199999,4403286.95713,11566
XRPUSDT,1750507200000,2.1371,2.1405,2.1295,2.1298,1225429.0,1750510799999,2616378.16325,11836
XRPUSDT,1750510800000,2.1298,2.132,2.1143,2.116,2745597.6,1750514399999,5827931.934,26453
XRPUSDT,1750514400000,2.1161,2.1246,2.1126,2.1187,2658057.8,1750517999999,5632470.43123,26441
XRPUSDT,1750518000000,2.1186,2.1219,2.1086,2.1168,2440171.5,1750521599999,5159970.18117,24093
XRPUSDT,1750521600000,2.1167,2.1194,2.1097,2.1122,1154505.7,1750525199999,2441320.19039,17618
XRPUSDT,1750525200000,2.1121,2.1164,2.0935,2.0951,4286307.9,1750528799999,9009451.36267,37426
XRPUSDT,1750528800000,2.095,2.1063,2.0777,2.0827,7372674.8,1750532399999,15416135.17471,58254
XRPUSDT,1750532400000,2.0828,2.0879,2.0696,2.0708,7096426.6,1750535999999,14747600.28172,57834
XRPUSDT,1750536000000,2.0707,2.0939,2.0676,2.0877,5015357.5,1750539599999,10418852.99897,45163
XRPUSDT,1750539600000,2.0877,2.0892,2.0,2.0379,24719079.1,1750543199999,50363130.00249,170166
XRPUSDT,1750543200000,2.0378,2.0625,2.0358,2.0558,5976355.7,1750546799999,12249418.81466,83395
XRPUSDT,1750546800000,2.0559,2.066,2.0196,2.0632,9208078.3,1750550399999,18811383.49939,112351
XRPUSDT,1750550400000,2.0632,2.0874,2.0487,2.0822,7611389.8,1750553999999,15737304.96446,100701
XRPUSDT,1750554000000,2.0821,2.0886,2.0588,2.06,3151123.8,1750557599999,6530273.42404,45622
XRPUSDT,1750557600000,2.0601,2.0729,2.0392,2.0551,5616931.2,1750561199999,11533452.31465,75770
XRPUSDT,1750561200000,2.0551,2.0693,2.0504,2.0594,3082741.5,1750564799999,6348572.56425,41501
XRPUSDT,1750564800000,2.0594,2.08,2.0564,2.074,2476249.8,1750568399999,5131426.24865,41216
XRPUSDT,1750568400000,2.0739,2.0821,2.0698,2.0814,2798915.9,1750571999999,5810185.58623,34150
XRPUSDT,1750572000000,2.0814,2.0898,2.0768,2.0844,1533357.1,1750575599999,3196038.83711,21713
XRPUSDT,1750575600000,2.0843,2.0856,2.0652,2.0683,2124748.3,1750579199999,4407588.62425,24457
XRPUSDT,1750579200000,2.0684,2.0741,2.0622,2.0722,1830399.6,1750582799999,3786093.05246,31158
XRPUSDT,1750582800000,2.0722,2.0781,2.0366,2.0373,4601521.5,1750586399999,9451226.62691,51461
XRPUSDT,1750586400000,2.0374,2.0475,2.0326,2.0345,5406921.6,1750589999999,11027773.97957,55513
XRPUSDT,1750590000000,2.0344,2.0424,2.0136,2.0252,8355749.3,1750593599999,16926559.54741,66391
XRPUSDT,1750593600000,2.0251,2.0294,2.0,2.0222,10010850.4,1750597199999,20134390.3872,71973
XRPUSDT,1750597200000,2.0222,2.0276,1.9421,1.9619,44169673.8,1750600799999,86937591.52335,258636
XRPUSDT,1750600800000,1.9619,1.9766,1.9246,1.9523,26661532.2,1750604399999,51854030.04449,179423
XRPUSDT,1750604400000,1.9524,1.961,1.9296,1.9343,9219848.0,1750607999999,17964256.93736,86629
XRPUSDT,1750608000000,1.9343,1.9616,1.9287,1.9607,9161830.6,1750611599999,17806473.23533,96541
XRPUSDT,1750611600000,1.9607,1.9823,1.9558,1.976,8975387.9,1750615199999,17665072.62059,67734
XRPUSDT,1750615200000,1.9759,1.9837,1.9632,1.9647,5379248.5,1750618799999,10621527.47444,46599
XRPUSDT,1750618800000,1.9647,1.9684,1.9535,1.9644,3889624.5,1750622399999,7623423.40263,44812
XRPUSDT,1750622400000,1.9644,1.9803,1.9083,1.9682,18181184.2,1750625999999,35245483.47258,161731
XRPUSDT,1750626000000,1.9683,1.9773,1.9551,1.9592,5265539.0,1750629599999,10366059.47164,51559
XRPUSDT,1750629600000,1.9593,2.0167,1.9432,2.0166,11415977.1,1750633199999,22639454.33135,112369
XRPUSDT,1750633200000,2.0165,2.0232,2.006,2.0172,5590626.9,1750636799999,11261474.48626,60040
XRPUSDT,1750636800000,2.0173,2.0331,2.011,2.0168,4999589.8,1750640399999,10100618.86873,62655
XRPUSDT,1750640400000,2.0168,2.0226,2.0036,2.0223,2214171.2,1750643999999,4455357.56796,28911
XRPUSDT,1750644000000,2.0223,2.0243,2.0116,2.0162,3226421.2,1750647599999,6507716.50863,30001
XRPUSDT,1750647600000,2.0162,2.0254,2.0118,2.018,3204130.6,1750651199999,6466965.08053,32823
XRPUSDT,1750651200000,2.0181,2.0267,2.0124,2.0216,3100806.4,1750654799999,6263564.56005,23665
XRPUSDT,1750654800000,2.0216,2.0331,2.017,2.0314,5040158.1,1750658399999,10202850.44679,33501
XRPUSDT,1750658400000,2.0314,2.0356,2.0107,2.0222,5460268.0,1750661999999,11041121.83073,37140
XRPUSDT,1750662000000,2.0223,2.0317,2.0137,2.0231,5441685.4,1750665599999,10997916.87823,38989
XRPUSDT,1750665600000,2.0232,2.0278,2.0127,2.0198,3587274.2,1750669199999,7245096.80903,29179
XRPUSDT,1750669200000,2.0199,2.0202,2.0045,2.0077,4049902.0,1750672799999,8142100.71999,29192
XRPUSDT,1750672800000,2.0077,2.008,1.9864,1.9945,5906887.8,1750676399999,11793247.74785,37383
XRPUSDT,1750676400000,1.9945,2.0039,1.9904,2.0013,3924244.8,1750679999999,7836016.92915,36546
XRPUSDT,1750680000000,2.0014,2.0203,1.9957,2.0201,3306112.9,1750683599999,6640821.54932,42936
XRPUSDT,1750683600000,2.0201,2.035,1.986,2.029,8591505.3,1750687199999,17303602.85514,109216
XRPUSDT,1750687200000,2.029,2.039,2.0127,2.0192,8763117.1,1750690799999,17747065.36971,107855
XRPUSDT,1750690800000,2.0192,2.0296,1.995,1.9992,5425737.5,1750694399999,10919690.51686,51349
XRPUSDT,1750694400000,1.9991,2.001,1.9615,1.972,11796858.5,1750697999999,23341215.7143,142333
XRPUSDT,1750698000000,1.9721,2.0523,1.966,2.0275,14075525.5,1750701599999,28382322.2884,160111
XRPUSDT,1750701600000,2.0276,2.0566,2.0272,2.047,10055929.9,1750705199999,20583554.29731,113878
XRPUSDT,1750705200000,2.0469,2.0634,2.0465,2.058,8786853.5,1750708799999,18065090.8712,79321
XRPUSDT,1750708800000,2.0579,2.0995,2.0575,2.0765,14193834.6,1750712399999,29532463.84698,115791
XRPUSDT,1750712400000,2.0766,2.0918,2.075,2.0897,5554689.0,1750715999999,11567472.59193,45203
XRPUSDT,1750716000000,2.0898,2.1706,2.0881,2.158,25986017.7,1750719599999,55606876.60587,220257
XRPUSDT,1750719600000,2.158,2.1698,2.1545,2.1584,8385242.6,1750723199999,18126621.10859,79031
XRPUSDT,1750723200000,2.1584,2.1664,2.1422,2.1507,7270115.6,1750726799999,15645421.02636,78053
XRPUSDT,1750726800000,2.1507,2.1609,2.147,2.1542,3644589.5,1750730399999,7846347.84113,38375
XRPUSDT,1750730400000,2.1541,2.1541,2.1316,2.1339,4984689.4,1750733999999,10656253.15114,40328
XRPUSDT,1750734000000,2.1339,2.1519,2.1331,2.1506,3550805.0,1750737599999,7610877.15477,23064
XRPUSDT,1750737600000,2.1506,2.155,2.1466,2.1493,3170359.7,1750741199999,6820479.7097,28441
XRPUSDT,1750741200000,2.1492,2.2054,2.1492,2.2033,11808019.9,1750744799999,25726612.55765,87869
XRPUSDT,1750744800000,2.2033,2.2106,2.1813,2.192,8793880.2,1750748399999,19286336.87648,89798
XRPUSDT,1750748400000,2.192,2.2043,2.1741,2.1778,7740301.3,1750751999999,16934325.70789,66633
XRPUSDT,1750752000000,2.1778,2.1837,2.1607,2.1801,7197989.4,1750755599999,15637150.80236,64960
XRPUSDT,1750755600000,2.18,2.2064,2.1769,2.1842,6708999.2,1750759199999,14689802.67282,61299
XRPUSDT,1750759200000,2.1841,2.1962,2.1801,2.184,5359213.5,1750762799999,11719218.80645,35222
XRPUSDT,1750762800000,2.184,2.1875,2.1685,2.1838,4513039.6,1750766399999,9827364.27109,39389
XRPUSDT,1750766400000,2.1837,2.186,2.1655,2.1794,4686158.3,1750769999999,10188589.72164,40825
XRPUSDT,1750770000000,2.1794,2.184,2.1656,2.1739,4846698.6,1750773599999,10544408.20916,50343
XRPUSDT,1750773600000,2.1738,2.192,2.1732,2.1837,6335427.4,1750777199999,13839224.45591,59574
XRPUSDT,1750777200000,2.1838,2.1938,2.1757,2.1882,4406341.5,1750780799999,9633783.46942,51309
XRPUSDT,1750780800000,2.1883,2.2095,2.1849,2.2087,7281073.0,1750784399999,15995023.05325,52186
XRPUSDT,1750784400000,2.2088,2.2095,2.1839,2.1987,5697218.8,1750787999999,12521908.03355,68449
XRPUSDT,1750788000000,2.1988,2.2022,2.1856,2.1944,2653426.0,1750791599999,5827841.38628,33601
XRPUSDT,1750791600000,2.1944,2.2081,2.1897,2.2073,3926327.7,1750795199999,8634967.48394,43430
XRPUSDT,1750795200000,2.2072,2.2165,2.1957,2.2161,6704822.9,1750798799999,14791997.19876,45747
XRPUSDT,1750798800000,2.2161,2.2165,2.1985,2.2041,3972473.9,1750802399999,8765706.87151,29756
XRPUSDT,1750802400000,2.204,2.2047,2.1798,2.1879,3905496.4,1750805999999,8543770.68955,39340
XRPUSDT,1750806000000,2.1878,2.1913,2.1778,2.1898,2089866.9,1750809599999,4564864.3655,28025
XRPUSDT,1750809600000,2.1897,2.1982,2.1811,2.1964,3182378.8,1750813199999,6970498.6526,35082
XRPUSDT,1750813200000,2.1963,2.1985,2.1846,2.1892,3449269.6,1750816799999,7558240.15172,31947
XRPUSDT,1750816800000,2.1892,2.1952,2.1814,2.1828,3128743.6,1750820399999,6844188.82045,30015
XRPUSDT,1750820400000,2.1827,2.1884,2.177,2.1781,3049518.0,1750823999999,6655588.20861,26695
XRPUSDT,1750824000000,2.1782,2.1798,2.1721,2.1763,3259398.3,1750827599999,7092643.651,23002
XRPUSDT,1750827600000,2.1763,2.1829,2.1696,2.1803,3004409.9,1750831199999,6537085.32048,24143
XRPUSDT,1750831200000,2.1804,2.1845,2.1713,2.1839,3363398.3,1750834799999,7326001.84559,20766
XRPUSDT,1750834800000,2.1838,2.1881,2.1776,2.1856,4582003.0,1750838399999,10002179.1102,24928
XRPUSDT,1750838400000,2.1855,2.1897,2.1738,2.183,4223884.3,1750841999999,9213357.12963,26452
XRPUSDT,1750842000000,2.1829,2.1888,2.1751,2.1841,3256890.9,1750845599999,7109583.63236,36793
XRPUSDT,1750845600000,2.184,2.1915,2.1805,2.1905,3118122.3,1750849199999,6821089.40473,34279
XRPUSDT,1750849200000,2.1905,2.1971,2.1835,2.1952,2983526.1,1750852799999,6538935.04833,23505
XRPUSDT,1750852800000,2.1952,2.1952,2.1848,2.188,3881849.0,1750856399999,8500243.06395,23253
XRPUSDT,1750856400000,2.1881,2.2296,2.1872,2.2237,14583349.4,1750859999999,32231586.56772,107195
XRPUSDT,1750860000000,2.2238,2.2284,2.1897,2.2036,8782221.7,1750863599999,19371525.05947,87279
XRPUSDT,1750863600000,2.2036,2.2038,2.1753,2.1815,6207060.7,1750867199999,13564706.58121,66950
XRPUSDT,1750867200000,2.1814,2.1903,2.172,2.1751,3682352.2,1750870799999,8032269.19353,45338
XRPUSDT,1750870800000,2.1752,2.1934,2.1746,2.1894,2375029.6,1750874399999,5191027.37334,33052
XRPUSDT,1750874400000,2.1895,2.1926,2.1845,2.1887,1697164.2,1750877999999,3714612.78835,22247
XRPUSDT,1750878000000,2.1886,2.2077,2.1886,2.2057,3264460.7,1750881599999,7176496.74216,34106
XRPUSDT,1750881600000,2.2057,2.2058,2.194,2.1961,1859075.0,1750885199999,4087189.67389,22822
XRPUSDT,1750885200000,2.1961,2.2024,2.1833,2.1867,1775503.8,1750888799999,3889026.55917,17776
XRPUSDT,1750888800000,2.1867,2.1869,2.1783,2.1805,1335477.3,1750892399999,2913453.99521,26173
XRPUSDT,1750892400000,2.1805,2.1871,2.175,2.1859,1533415.3,1750895999999,3345541.715,22019
XRPUSDT,1750896000000,2.1858,2.1929,2.1831,2.1874,1653472.1,1750899599999,3619647.63634,23342
XRPUSDT,1750899600000,2.1874,2.2042,2.1803,2.1972,3750235.6,1750903199999,8226835.02317,37589
XRPUSDT,1750903200000,2.1973,2.2037,2.1895,2.202,5928244.2,1750906799999,13032498.99275,25567
XRPUSDT,1750906800000,2.2019,2.2127,2.192,2.1953,9190021.0,1750910399999,20232974.86737,38854
XRPUSDT,1750910400000,2.1953,2.1978,2.1884,2.1945,1318203.3,1750913999999,2889889.24287,16683
XRPUSDT,1750914000000,2.1945,2.1966,2.1858,2.1889,1556797.4,1750917599999,3408005.16955,16203
XRPUSDT,1750917600000,2.1889,2.19,2.1819,2.1874,2814756.0,1750921199999,6153520.4699,18697
XRPUSDT,1750921200000,2.1874,2.1984,2.1845,2.1898,4306510.2,1750924799999,9435027.04007,26734
XRPUSDT,1750924800000,2.1898,2.1947,2.1872,2.1892,1561493.7,1750928399999,3421544.21404,17023
XRPUSDT,1750928400000,2.1893,2.1899,2.1756,2.1761,4244880.9,1750931999999,9257117.2546,21745
XRPUSDT,1750932000000,2.176,2.1811,2.1729,2.1749,3485835.0,1750935599999,7588471.34036,18646
XRPUSDT,1750935600000,2.1749,2.1764,2.17,2.1707,3683160.5,1750939199999,8002419.53421,19709
XRPUSDT,1750939200000,2.1706,2.1729,2.1543,2.1568,7650452.5,1750942799999,16554287.36071,42240
XRPUSDT,1750942800000,2.1568,2.1599,2.1173,2.1234,13598849.7,1750946399999,29112658.73245,80880
XRPUSDT,1750946400000,2.1234,2.1447,2.1138,2.1235,13104307.6,1750949999999,27914240.2374,104674
XRPUSDT,1750950000000,2.1236,2.1298,2.1066,2.1199,9025396.2,1750953599999,19125551.8729,63574
XRPUSDT,1750953600000,2.1198,2.1232,2.0956,2.1008,8459095.5,1750957199999,17807530.0612,65913
XRPUSDT,1750957200000,2.1009,2.1202,2.1006,2.1134,4750930.8,1750960799999,10044511.06792,40568
XRPUSDT,1750960800000,2.1135,2.1257,2.1117,2.1223,2879799.8,1750964399999,6104367.25137,33218
XRPUSDT,1750964400000,2.1224,2.1351,2.1206,2.1252,3029835.9,1750967999999,6447601.69567,28756
XRPUSDT,1750968000000,2.1251,2.1459,2.1233,2.1354,3340097.1,1750971599999,7140240.76248,37086
XRPUSDT,1750971600000,2.1355,2.1355,2.1089,2.1184,4933451.9,1750975199999,10449059.18132,38326
XRPUSDT,1750975200000,2.1184,2.1233,2.1081,2.11,3362940.3,1750978799999,7118116.91132,30971
XRPUSDT,1750978800000,2.11,2.1114,2.103,2.1054,2750098.9,1750982399999,5793690.01924,24992
XRPUSDT,1750982400000,2.1053,2.1115,2.0819,2.0833,7059229.5,1750985999999,14783193.82063,49596
XRPUSDT,1750986000000,2.0833,2.1018,2.0782,2.0964,6073965.8,1750989599999,12708251.41998,51388
XRPUSDT,1750989600000,2.0964,2.108,2.0931,2.1035,3528086.9,1750993199999,7413845.65542,24532
XRPUSDT,1750993200000,2.1035,2.1099,2.0986,2.1053,2335126.3,1750996799999,4914791.70644,16771
XRPUSDT,1750996800000,2.1053,2.114,2.1003,2.1104,3046358.4,1751000399999,6417137.3821,15379
XRPUSDT,1751000400000,2.1104,2.1134,2.0933,2.0941,3201358.6,1751003999999,6732604.30669,24097
XRPUSDT,1751004000000,2.0941,2.0966,2.0864,2.0957,4620245.1,1751007599999,9663380.3308,30907
XRPUSDT,1751007600000,2.0958,2.1044,2.0821,2.0851,7511741.9,1751011199999,15733855.28511,34381
XRPUSDT,1751011200000,2.0851,2.1061,2.0851,2.0998,6437751.4,1751014799999,13473097.27125,36992
XRPUSDT,1751014800000,2.0998,2.0999,2.0907,2.098,4532522.6,1751018399999,9496932.64882,25679
XRPUSDT,1751018400000,2.0981,2.0988,2.09,2.0911,2710258.9,1751021999999,5674368.24092,22882
XRPUSDT,1751022000000,2.0912,2.095,2.0847,2.0909,2852866.9,1751025599999,5959807.94669,21491
XRPUSDT,1751025600000,2.0909,2.1016,2.0782,2.0819,7165693.5,1751029199999,14980325.38276,31531
XRPUSDT,1751029200000,2.082,2.0947,2.075,2.0945,4913664.8,1751032799999,10247458.77244,38154
XRPUSDT,1751032800000,2.0945,2.1013,2.0671,2.0719,7352501.2,1751036399999,15300388.39513,56847
XRPUSDT,1751036400000,2.0718,2.0995,2.0681,2.0979,5242843.7,1751039999999,10918877.13022,59642
XRPUSDT,1751040000000,2.0979,2.1225,2.0948,2.1122,6473201.5,1751043599999,13658501.4879,52420
XRPUSDT,1751043600000,2.1123,2.114,2.0801,2.092,4651056.6,1751047199999,9745294.69443,48672
XRPUSDT,1751047200000,2.0921,2.0942,2.0712,2.0794,3494370.7,1751050799999,7280211.48463,36635
XRPUSDT,1751050800000,2.0793,2.0994,2.0772,2.0939,3616662.7,1751054399999,7563989.27373,38890
XRPUSDT,1751054400000,2.0939,2.1154,2.093,2.1103,2868124.9,1751057999999,6039886.36738,22264
XRPUSDT,1751058000000,2.1104,2.1556,2.1065,2.1396,13140466.5,1751061599999,28056373.80941,94889
XRPUSDT,1751061600000,2.1396,2.1525,2.1372,2.1399,4852473.0,1751065199999,10408215.83374,49149
XRPUSDT,1751065200000,2.1399,2.143,2.1264,2.1419,2896428.9,1751068799999,6183330.90761,34588
XRPUSDT,1751068800000,2.142,2.1514,2.1336,2.1451,3158726.1,1751072399999,6770277.19221,36446
XRPUSDT,1751072400000,2.1452,2.1785,2.1383,2.1757,5710082.3,1751075999999,12320255.04659,57479
XRPUSDT,1751076000000,2.1756,2.1914,2.1697,2.1713,8535164.3,1751079599999,18631150.67262,89787
XRPUSDT,1751079600000,2.1714,2.1862,2.1711,2.1847,2732173.2,1751083199999,5955619.88782,34355
XRPUSDT,1751083200000,2.1848,2.1878,2.1755,2.1789,3217327.4,1751086799999,7019402.99381,28272
XRPUSDT,1751086800000,2.179,2.1931,2.1787,2.1887,3842216.1,1751090399999,8398485.18101,27358
XRPUSDT,1751090400000,2.1887,2.201,2.188,2.1925,6362412.6,1751093999999,13972151.13238,34687
XRPUSDT,1751094000000,2.1926,2.194,2.1863,2.1906,3067784.0,1751097599999,6718377.03052,26208
XRPUSDT,1751097600000,2.1905,2.1925,2.1803,2.1823,2410331.0,1751101199999,5264877.05767,25009
XRPUSDT,1751101200000,2.1823,2.1893,2.1809,2.1862,2152821.1,1751104799999,4704036.09181,20337
XRPUSDT,1751104800000,2.1863,2.1924,2.1847,2.1907,2369122.0,1751108399999,5185290.85179,19636
XRPUSDT,1751108400000,2.1907,2.1938,2.1885,2.1927,1908952.9,1751111999999,4182683.16717,17640
XRPUSDT,1751112000000,2.1927,2.1998,2.185,2.186,2679793.5,1751115599999,5879425.84202,22347
XRPUSDT,1751115600000,2.186,2.1927,2.1825,2.1926,1930990.4,1751119199999,4224050.8904,19728
XRPUSDT,1751119200000,2.1926,2.1977,2.1914,2.197,2021046.0,1751122799999,4435580.48681,19384
XRPUSDT,1751122800000,2.1969,2.2066,2.1935,2.2038,3339543.6,1751126399999,7346847.91801,23752
XRPUSDT,1751126400000,2.2038,2.2079,2.1921,2.1928,3082247.8,1751129999999,6783606.40628,33907
XRPUSDT,1751130000000,2.1928,2.202,2.1911,2.1996,2204363.6,1751133599999,4842985.69722,24594
XRPUSDT,1751133600000,2.1997,2.2002,2.1855,2.1919,2171788.2,1751137199999,4757543.78109,20618
XRPUSDT,1751137200000,2.1919,2.1919,2.1846,2.1861,1082068.9,1751140799999,2367238.92174,11380
XRPUSDT,1751140800000,2.186,2.1861,2.1783,2.18,1861728.4,1751144399999,4063255.85194,14624
XRPUSDT,1751144400000,2.18,2.1882,2.1772,2.1872,1486212.9,1751147999999,3241731.9411,12562
XRPUSDT,1751148000000,2.1872,2.1895,2.1829,2.185,1635801.6,1751151599999,3577045.33134,17197
XRPUSDT,1751151600000,2.185,2.1865,2.1809,2.1854,1080081.1,1751155199999,2358358.48674,11313
XRPUSDT,1751155200000,2.1855,2.1862,2.1791,2.1806,1366739.5,1751158799999,2982873.37062,15191
XRPUSDT,1751158800000,2.1806,2.1851,2.1803,2.1841,796023.1,1751162399999,1737064.83238,9079
XRPUSDT,1751162400000,2.1841,2.1897,2.1754,2.1879,1685740.5,1751165999999,3678044.42793,15726
XRPUSDT,1751166000000,2.1879,2.188,2.1833,2.1839,743265.6,1751169599999,1624861.30362,10072
XRPUSDT,1751169600000,2.1839,2.1844,2.1814,2.1822,560848.2,1751173199999,1224255.20771,7836
XRPUSDT,1751173200000,2.1822,2.1872,2.1808,2.1862,905513.8,1751176799999,1977088.09867,9239
XRPUSDT,1751176800000,2.1863,2.1894,2.1842,2.1864,938046.9,1751180399999,2051032.51608,9047
XRPUSDT,1751180400000,2.1864,2.1867,2.1816,2.1843,788907.0,1751183999999,1723507.19162,7318
XRPUSDT,1751184000000,2.1844,2.1918,2.1838,2.1897,1594070.5,1751187599999,3488607.11706,12040
XRPUSDT,1751187600000,2.1897,2.1946,2.1871,2.1896,2067838.4,1751191199999,4532106.73414,12874
XRPUSDT,1751191200000,2.1896,2.1958,2.1839,2.1907,2475252.0,1751194799999,5419794.3079,17458
XRPUSDT,1751194800000,2.1907,2.198,2.1878,2.1959,2163435.4,1751198399999,4745618.56539,17036
XRPUSDT,1751198400000,2.1958,2.1961,2.1892,2.193,1619039.1,1751201999999,3550112.49863,16750
XRPUSDT,1751202000000,2.1931,2.197,2.1846,2.1855,2174437.9,1751205599999,4762700.28645,16608
XRPUSDT,1751205600000,2.1856,2.1908,2.1802,2.1845,1847990.9,1751209199999,4037511.99641,18451
XRPUSDT,1751209200000,2.1845,2.1876,2.1818,2.1833,1197419.5,1751212799999,2616903.02597,13327
XRPUSDT,1751212800000,2.1833,2.1888,2.1805,2.1883,1380249.0,1751216399999,3015227.62545,13045
XRPUSDT,1751216400000,2.1883,2.1905,2.184,2.1897,925506.7,1751219999999,2025107.39798,9691
XRPUSDT,1751220000000,2.1897,2.195,2.1883,2.1924,1209770.8,1751223599999,2652568.82365,9915
XRPUSDT,1751223600000,2.1925,2.1928,2.1854,2.1886,1120138.0,1751227199999,2451610.74607,8542
XRPUSDT,1751227200000,2.1886,2.1886,2.1813,2.1818,1427307.5,1751230799999,3117412.82244,8430
XRPUSDT,1751230800000,2.1819,2.1924,2.1786,2.1897,2881594.6,1751234399999,6298810.81595,14829
XRPUSDT,1751234400000,2.1896,2.2198,2.1889,2.2138,9304100.7,1751237999999,20556077.10093,71567
XRPUSDT,1751238000000,2.2139,2.2198,2.2055,2.2061,4924661.9,1751241599999,10900003.80384,37484
XRPUSDT,1751241600000,2.2062,2.2117,2.2006,2.202,4140093.2,1751245199999,9133149.59528,34059
XRPUSDT,1751245200000,2.202,2.2033,2.195,2.2014,2306100.4,1751248799999,5071925.59682,23377
XRPUSDT,1751248800000,2.2013,2.2028,2.1964,2.1968,1821860.8,1751252399999,4006200.14178,14263
XRPUSDT,1751252400000,2.1968,2.1989,2.195,2.1962,1743664.5,1751255999999,3830215.34445,13525
XRPUSDT,1751256000000,2.1962,2.1964,2.186,2.1892,3084811.0,1751259599999,6759714.90939,16178
XRPUSDT,1751259600000,2.1891,2.1933,2.1877,2.1918,2265199.1,1751263199999,4962352.64659,11372
XRPUSDT,1751263200000,2.1918,2.1935,2.1743,2.1787,4460592.1,1751266799999,9742730.59459,22247
XRPUSDT,1751266800000,2.1787,2.1881,2.1713,2.1868,5231116.8,1751270399999,11404660.73275,23520
XRPUSDT,1751270400000,2.1868,2.1891,2.1762,2.1774,2562655.1,1751273999999,5592792.68298,15835
XRPUSDT,1751274000000,2.1774,2.1853,2.1731,2.1732,2100749.3,1751277599999,4579388.61699,16492
XRPUSDT,1751277600000,2.1733,2.1781,2.1692,2.177,2667786.7,1751281199999,5797906.50726,17138
XRPUSDT,1751281200000,2.1769,2.1833,2.1758,2.1781,2081168.2,1751284799999,4536686.97871,15150
XRPUSDT,1751284800000,2.178,2.1831,2.173,2.1734,2474999.5,1751288399999,5390816.13283,15892
XRPUSDT,1751288400000,2.1734,2.1899,2.1723,2.1808,3727376.2,1751291999999,8131307.27105,28542
XRPUSDT,1751292000000,2.1808,2.1885,2.173,2.1768,5077425.3,1751295599999,11066513.42357,39855
XRPUSDT,1751295600000,2.1769,2.1998,2.165,2.1928,6438193.5,1751299199999,14062790.09,66581
XRPUSDT,1751299200000,2.1927,2.2144,2.1905,2.2002,6458618.3,1751302799999,14230669.11017,52789
XRPUSDT,1751302800000,2.2002,2.2187,2.1989,2.2133,7209965.8,1751306399999,15947579.00001,44804
XRPUSDT,1751306400000,2.2132,2.2379,2.2119,2.2367,7782847.6,1751309999999,17310045.33779,65013
XRPUSDT,1751310000000,2.2366,2.3271,2.2362,2.3197,33881132.0,1751313599999,77388610.94951,276432
XRPUSDT,1751313600000,2.3198,2.3254,2.2823,2.2953,17081246.2,1751317199999,39310508.11376,142578
XRPUSDT,1751317200000,2.2953,2.2977,2.264,2.2757,9703796.3,1751320799999,22085972.23325,67732
XRPUSDT,1751320800000,2.2756,2.282,2.2594,2.2597,6873470.0,1751324399999,15594347.59912,51242
XRPUSDT,1751324400000,2.2597,2.2597,2.234,2.2362,10351038.3,1751327999999,23237133.11948,57536
XRPUSDT,1751328000000,2.2362,2.2522,2.2327,2.2383,7904637.7,1751331599999,17725730.71862,54125
XRPUSDT,1751331600000,2.2384,2.2537,2.2277,2.2305,4630010.9,1751335199999,10384847.48779,34832
XRPUSDT,1751335200000,2.2306,2.236,2.2239,2.2277,3402048.2,1751338799999,7585970.17028,32505
XRPUSDT,1751338800000,2.2277,2.2373,2.224,2.2373,3549514.3,1751342399999,7920552.60493,23870
XRPUSDT,1751342400000,2.2373,2.2373,2.2201,2.2224,3300602.9,1751345999999,7354251.48655,27135
XRPUSDT,1751346000000,2.2225,2.2259,2.2136,2.2152,5502921.9,1751349599999,12211044.86068,34783
XRPUSDT,1751349600000,2.2151,2.2214,2.209,2.2213,4784441.9,1751353199999,10597540.76252,26547
XRPUSDT,1751353200000,2.2213,2.2252,2.2058,2.2242,6948632.6,1751356799999,15405060.33925,39650
XRPUSDT,1751356800000,2.2241,2.2271,2.206,2.2089,4957349.0,1751360399999,10973635.49579,27150
XRPUSDT,1751360400000,2.2088,2.2121,2.1989,2.2052,3078012.6,1751363999999,6787001.11351,26913
XRPUSDT,1751364000000,2.2051,2.2083,2.1961,2.2034,2636924.4,1751367599999,5805165.46816,23518
XRPUSDT,1751367600000,2.2034,2.2046,2.1924,2.202,3450617.7,1751371199999,7584619.20305,23806
XRPUSDT,1751371200000,2.2021,2.204,2.1918,2.1959,3529610.6,1751374799999,7759510.36637,28847
XRPUSDT,1751374800000,2.1958,2.2104,2.1812,2.1959,11831848.4,1751378399999,25943159.00134,78417
XRPUSDT,1751378400000,2.196,2.2079,2.1754,2.1852,8473786.5,1751381999999,18554336.16738,81544
XRPUSDT,1751382000000,2.1851,2.2,2.1771,2.1885,6113110.9,1751385599999,13370632.47968,58005
XRPUSDT,1751385600000,2.1884,2.2046,2.1841,2.1987,5370098.9,1751389199999,11780255.37492,42762
XRPUSDT,1751389200000,2.1987,2.2015,2.1852,2.1895,3314521.0,1751392799999,7263468.1921,37819
XRPUSDT,1751392800000,2.1895,2.1896,2.1629,2.1673,8087946.1,1751396399999,17590792.28605,38355
XRPUSDT,1751396400000,2.1672,2.1747,2.1562,2.1574,5767995.8,1751399999999,12495208.37487,52307
XRPUSDT,1751400000000,2.1573,2.1774,2.1475,2.1712,9008635.8,1751403599999,19452122.97633,60782
XRPUSDT,1751403600000,2.1711,2.1817,2.1657,2.1764,3856116.6,1751407199999,8385029.58228,30007
XRPUSDT,1751407200000,2.1764,2.1784,2.1669,2.1737,2222776.2,1751410799999,4831132.29754,25704
XRPUSDT,1751410800000,2.1737,2.1737,2.1681,2.172,1836529.2,1751414399999,3986134.63652,19019
XRPUSDT,1751414400000,2.1719,2.1773,2.1648,2.1652,2403688.2,1751417999999,5220928.59355,20149
XRPUSDT,1751418000000,2.1653,2.1809,2.157,2.1804,3868589.9,1751421599999,8397534.60175,26102
XRPUSDT,1751421600000,2.1805,2.1833,2.1712,2.1762,2484375.3,1751425199999,5403715.55599,15559
XRPUSDT,1751425200000,2.1763,2.1869,2.1741,2.1859,3300723.2,1751428799999,7198179.20661,18425
XRPUSDT,1751428800000,2.1859,2.1886,2.1816,2.1857,3261151.3,1751432399999,7124732.85119,17647
XRPUSDT,1751432400000,2.1858,2.1909,2.1829,2.187,2796191.6,1751435999999,6116813.17999,16103
XRPUSDT,1751436000000,2.187,2.1945,2.1834,2.1923,3582828.5,1751439599999,7845966.6803,17065
XRPUSDT,1751439600000,2.1924,2.1976,2.1846,2.192,5153605.1,1751443199999,11291274.7147,20797
XRPUSDT,1751443200000,2.1921,2.2042,2.1921,2.1968,4360565.1,1751446799999,9583255.46805,22639
XRPUSDT,1751446800000,2.1967,2.1971,2.1847,2.1852,4929244.7,1751450399999,10790522.28675,23029
XRPUSDT,1751450400000,2.1852,2.1896,2.1832,2.1872,2789233.0,1751453999999,6098345.08981,16350
XRPUSDT,1751454000000,2.1872,2.1916,2.1734,2.1767,3894276.5,1751457599999,8497908.86927,24627
XRPUSDT,1751457600000,2.1767,2.1768,2.1685,2.1753,4188339.0,1751461199999,9100554.36913,31353
XRPUSDT,1751461200000,2.1754,2.1873,2.174,2.1813,4467707.2,1751464799999,9740881.61342,37186
XRPUSDT,1751464800000,2.1813,2.1984,2.1811,2.1971,3909066.7,1751468399999,8563433.52875,35077
XRPUSDT,1751468400000,2.1971,2.2154,2.195,2.2122,8004188.6,1751471999999,17657898.9043,57183
XRPUSDT,1751472000000,2.2121,2.2917,2.209,2.2558,33456453.9,1751475599999,75561190.75272,201856
XRPUSDT,1751475600000,2.2559,2.271,2.2279,2.2429,17051735.6,1751479199999,38371140.66728,114209
XRPUSDT,1751479200000,2.243,2.253,2.2417,2.2525,5217761.6,1751482799999,11729262.23009,38506
XRPUSDT,1751482800000,2.2526,2.2672,2.2478,2.2649,8013808.8,1751486399999,18098199.48694,55274
XRPUSDT,1751486400000,2.2649,2.2667,2.2528,2.2528,6002589.1,1751489999999,13561717.1307,37870
XRPUSDT,1751490000000,2.2528,2.2624,2.2452,2.2561,7246452.7,1751493599999,16333575.77638,44663
XRPUSDT,1751493600000,2.2561,2.2594,2.2466,2.2478,3848636.8,1751497199999,8667529.45707,31820
XRPUSDT,1751497200000,2.2478,2.2492,2.2304,2.2336,5109583.0,1751500799999,11435823.70273,34189
XRPUSDT,1751500800000,2.2335,2.2464,2.2243,2.2431,4447796.5,1751504399999,9942183.07024,34185
XRPUSDT,1751504400000,2.2431,2.2476,2.237,2.2467,2955134.7,1751507999999,6626923.4957,31818
XRPUSDT,1751508000000,2.2468,2.2473,2.2334,2.2417,2578792.9,1751511599999,5772317.15258,28145
XRPUSDT,1751511600000,2.2417,2.247,2.2384,2.2423,1921560.6,1751515199999,4310359.42982,17480
XRPUSDT,1751515200000,2.2423,2.2577,2.24,2.2548,4196977.5,1751518799999,9450946.60107,24521
XRPUSDT,1751518800000,2.2549,2.2766,2.2526,2.2698,7138897.2,1751522399999,16186476.68573,41678
XRPUSDT,1751522400000,2.2698,2.2766,2.2637,2.2733,5354045.8,1751525999999,12159057.98366,35773
XRPUSDT,1751526000000,2.2733,2.2832,2.2661,2.2788,6993722.1,1751529599999,15921341.40732,40078
XRPUSDT,1751529600000,2.2788,2.2899,2.2762,2.2765,7378041.7,1751533199999,16845018.70485,40892
XRPUSDT,1751533200000,2.2765,2.2929,2.2754,2.2921,8361842.8,1751536799999,19106822.9175,47191
XRPUSDT,1751536800000,2.2921,2.3014,2.2783,2.2997,11120741.2,1751540399999,25487835.58088,66716
XRPUSDT,1751540400000,2.2997,2.3116,2.2854,2.296,10456252.0,1751543999999,24031457.36047,60187
XRPUSDT,1751544000000,2.296,2.3135,2.2642,2.2825,16833607.9,1751547599999,38509845.05277,113416
XRPUSDT,1751547600000,2.2825,2.3064,2.2763,2.3012,10729249.2,1751551199999,24562831.69863,81646
XRPUSDT,1751551200000,2.3013,2.3092,2.2756,2.2818,8891235.7,1751554799999,20361343.85154,72688
XRPUSDT,1751554800000,2.2817,2.2878,2.239,2.2433,12266196.1,1751558399999,27703265.9867,77674
XRPUSDT,1751558400000,2.2434,2.2612,2.2429,2.2593,8405774.5,1751561999999,18927663.89363,48643
XRPUSDT,1751562000000,2.2593,2.2673,2.2563,2.2645,3629192.5,1751565599999,8208073.36009,21628
XRPUSDT,1751565600000,2.2646,2.2813,2.2616,2.2789,3265300.4,1751569199999,7414770.87823,22981
XRPUSDT,1751569200000,2.2789,2.2828,2.2694,2.2718,2807624.8,1751572799999,6393697.78948,23651
XRPUSDT,1751572800000,2.2718,2.28,2.2717,2.2767,1972776.3,1751576399999,4490682.87878,14661
XRPUSDT,1751576400000,2.2766,2.2794,2.2677,2.2685,2002427.6,1751579999999,4550350.67467,15240
XRPUSDT,1751580000000,2.2685,2.272,2.2607,2.2639,2233818.2,1751583599999,5061869.47997,18905
XRPUSDT,1751583600000,2.2638,2.2672,2.2534,2.2569,2447586.8,1751587199999,5525075.517,20169
XRPUSDT,1751587200000,2.2569,2.2678,2.2561,2.2624,2430730.9,1751590799999,5497606.14254,19264
XRPUSDT,1751590800000,2.2624,2.2677,2.2597,2.2597,1090664.6,1751594399999,2468924.44511,13190
XRPUSDT,1751594400000,2.2598,2.2598,2.2407,2.243,3616549.4,1751597999999,8127453.32584,27035
XRPUSDT,1751598000000,2.243,2.251,2.2399,2.2484,2301435.5,1751601599999,5170672.64167,16207
XRPUSDT,1751601600000,2.2484,2.2515,2.2386,2.2398,2133558.3,1751605199999,4789197.9097,16024
XRPUSDT,1751605200000,2.2398,2.2499,2.2386,2.2443,3185762.9,1751608799999,7150886.75267,21122
XRPUSDT,1751608800000,2.2443,2.2443,2.2307,2.2347,4904420.8,1751612399999,10964117.29974,26616
XRPUSDT,1751612400000,2.2347,2.2388,2.2159,2.2209,6624849.7,1751615999999,14731710.74408,41938
XRPUSDT,1751616000000,2.2209,2.2248,2.2077,2.2231,4382162.8,1751619599999,9715131.14055,40176
XRPUSDT,1751619600000,2.2231,2.233,2.2218,2.2328,2151688.6,1751623199999,4794913.12007,20836
XRPUSDT,1751623200000,2.2328,2.2343,2.2285,2.2323,1544639.7,1751626799999,3447754.76359,13999
XRPUSDT,1751626800000,2.2323,2.2403,2.2315,2.2384,2037726.3,1751630399999,4560143.58383,15621
XRPUSDT,1751630400000,2.2385,2.2433,2.234,2.2367,2607844.8,1751633999999,5835434.56606,19361
XRPUSDT,1751634000000,2.2367,2.2417,2.2193,2.2199,4817161.0,1751637599999,10747337.73586,47362
XRPUSDT,1751637600000,2.2199,2.2269,2.2032,2.2222,7372718.7,1751641199999,16340641.89464,59603
XRPUSDT,1751641200000,2.2222,2.225,2.2071,2.2146,3333827.3,1751644799999,7385150.4002,40069
XRPUSDT,1751644800000,2.2146,2.2178,2.196,2.2096,5613311.5,1751648399999,12382262.67306,65828
XRPUSDT,1751648400000,2.2097,2.2252,2.2091,2.2251,3577439.9,1751651999999,7935700.33631,37879
XRPUSDT,1751652000000,2.2251,2.2251,2.2073,2.2073,1935461.4,1751655599999,4290782.47318,20019
XRPUSDT,1751655600000,2.2074,2.2159,2.2067,2.2104,1626117.0,1751659199999,3594904.21503,15534
XRPUSDT,1751659200000,2.2103,2.2231,2.2079,2.2199,1234697.7,1751662799999,2737852.04565,12542
XRPUSDT,1751662800000,2.2198,2.2207,2.2141,2.2181,1292737.1,1751666399999,2867129.7971,10964
XRPUSDT,1751666400000,2.2181,2.2288,2.2156,2.2281,1581533.9,1751669999999,3515858.62463,19984
XRPUSDT,1751670000000,2.2282,2.2282,2.2189,2.2205,892159.3,1751673599999,1983066.71393,12760
XRPUSDT,1751673600000,2.2205,2.2248,2.2159,2.2234,1181112.4,1751677199999,2621626.78838,13898
XRPUSDT,1751677200000,2.2234,2.2238,2.214,2.2174,833359.0,1751680799999,1848378.20492,11439
XRPUSDT,1751680800000,2.2174,2.2237,2.2097,2.2223,993837.3,1751684399999,2203055.25001,13343
XRPUSDT,1751684400000,2.2222,2.2275,2.2222,2.2256,986225.6,1751687999999,2194467.15415,9827
XRPUSDT,1751688000000,2.2257,2.2264,2.2176,2.2213,1325444.1,1751691599999,2946193.5383,11268
XRPUSDT,1751691600000,2.2213,2.2287,2.2201,2.2282,1341669.0,1751695199999,2984169.69733,13299
XRPUSDT,1751695200000,2.2283,2.2339,2.226,2.2298,1907949.5,1751698799999,4254597.70159,19975
XRPUSDT,1751698800000,2.2298,2.23,2.2228,2.2248,1011848.0,1751702399999,2252142.12815,11486
XRPUSDT,1751702400000,2.2248,2.2266,2.2168,2.2202,1383949.5,1751705999999,3074797.44974,12562
XRPUSDT,1751706000000,2.2201,2.2215,2.2113,2.2203,1637825.7,1751709599999,3628878.04396,14033
XRPUSDT,1751709600000,2.2203,2.2236,2.218,2.2201,1060166.2,1751713199999,2354784.94633,10235
XRPUSDT,1751713200000,2.22,2.2261,2.2197,2.2217,894729.1,1751716799999,1989306.56203,7915
XRPUSDT,1751716800000,2.2217,2.2224,2.2147,2.2211,961814.8,1751720399999,2133975.51965,11014
XRPUSDT,1751720400000,2.2212,2.2239,2.2191,2.2219,990458.5,1751723999999,2200236.00656,8673
XRPUSDT,1751724000000,2.2219,2.2309,2.2193,2.2276,1636492.6,1751727599999,3641005.28298,15858
XRPUSDT,1751727600000,2.2276,2.2303,2.2216,2.2228,1390963.4,1751731199999,3097813.78955,16317
XRPUSDT,1751731200000,2.2228,2.2249,2.2136,2.218,1761283.8,1751734799999,3906780.35915,17137
XRPUSDT,1751734800000,2.2181,2.2205,2.2056,2.2133,2156266.3,1751738399999,4766267.76252,20652
XRPUSDT,1751738400000,2.2132,2.2132,2.2022,2.2045,2012528.3,1751741999999,4438462.52769,17389
XRPUSDT,1751742000000,2.2045,2.2146,2.2014,2.2146,1683995.2,1751745599999,3717283.84771,12711
XRPUSDT,1751745600000,2.2147,2.2181,2.2076,2.21,4050428.4,1751749199999,8956441.64823,13231
XRPUSDT,1751749200000,2.2101,2.2188,2.2074,2.218,1303351.4,1751752799999,2882992.89705,10694
XRPUSDT,1751752800000,2.2179,2.2179,2.2128,2.2159,833910.7,1751756399999,1847001.43426,14270
XRPUSDT,1751756400000,2.2159,2.2196,2.2147,2.2178,718781.5,1751759999999,1593976.46764,9133
XRPUSDT,1751760000000,2.2177,2.2209,2.2139,2.2204,862267.7,1751763599999,1911729.11747,10595
XRPUSDT,1751763600000,2.2204,2.2224,2.2156,2.2182,818698.6,1751767199999,1815888.59377,9001
XRPUSDT,1751767200000,2.2182,2.2204,2.2125,2.2125,626761.1,1751770799999,1389705.66372,8092
XRPUSDT,1751770800000,2.2125,2.2165,2.2086,2.2165,1042125.6,1751774399999,2304620.45393,7747
XRPUSDT,1751774400000,2.2164,2.2224,2.2162,2.2203,1035332.0,1751777999999,2298414.32232,9091
XRPUSDT,1751778000000,2.2202,2.2264,2.2191,2.2231,1075150.4,1751781599999,2389962.36226,10249
XRPUSDT,1751781600000,2.2231,2.235,2.2215,2.2324,2663013.1,1751785199999,5939976.98486,20618
XRPUSDT,1751785200000,2.2325,2.2331,2.2254,2.2276,1561804.0,1751788799999,3482546.16124,12824
XRPUSDT,1751788800000,2.2276,2.2543,2.2266,2.2426,5862857.0,1751792399999,13143573.43994,37027
XRPUSDT,1751792400000,2.2427,2.2627,2.2387,2.2537,5933715.1,1751795999999,13372928.04519,42564
XRPUSDT,1751796000000,2.2538,2.2849,2.2521,2.2749,12426786.7,1751799599999,28249471.38516,62494
XRPUSDT,1751799600000,2.2749,2.277,2.2574,2.2617,7565401.2,1751803199999,17144771.80361,50375
XRPUSDT,1751803200000,2.2617,2.2747,2.2608,2.2746,3984174.2,1751806799999,9034468.91241,29857
XRPUSDT,1751806800000,2.2746,2.29,2.2718,2.2818,10534938.5,1751810399999,24021915.39157,58442
XRPUSDT,1751810400000,2.2819,2.2846,2.2652,2.2717,5312523.7,1751813999999,12081734.00802,42888
XRPUSDT,1751814000000,2.2717,2.2784,2.2671,2.277,3449626.4,1751817599999,7838247.19291,29979
XRPUSDT,1751817600000,2.277,2.2827,2.2695,2.2752,4293251.3,1751821199999,9768772.0784,30157
XRPUSDT,1751821200000,2.2752,2.2754,2.265,2.268,3986162.7,1751824799999,9046504.95638,20368
XRPUSDT,1751824800000,2.2679,2.268,2.2462,2.2522,3586414.3,1751828399999,8089280.8985,29761
XRPUSDT,1751828400000,2.2521,2.2651,2.2515,2.2647,2592599.8,1751831999999,5853176.0882,17738
XRPUSDT,1751832000000,2.2646,2.2737,2.2632,2.2697,2244499.4,1751835599999,5093127.8747,20099
XRPUSDT,1751835600000,2.2697,2.289,2.2697,2.2764,5093440.6,1751839199999,11607162.02798,38878
XRPUSDT,1751839200000,2.2764,2.2888,2.2737,2.275,3018334.4,1751842799999,6883764.90142,33771
XRPUSDT,1751842800000,2.275,2.2756,2.2656,2.2709,2538249.7,1751846399999,5762513.42106,22835
XRPUSDT,1751846400000,2.2709,2.2727,2.2616,2.2645,1845683.1,1751849999999,4181582.21071,20381
XRPUSDT,1751850000000,2.2644,2.2682,2.2571,2.2659,1471989.2,1751853599999,3329818.62877,14870
XRPUSDT,1751853600000,2.266,2.279,2.2658,2.2728,2206507.3,1751857199999,5018032.71093,17722
XRPUSDT,1751857200000,2.2727,2.2785,2.2702,2.2703,1987517.5,1751860799999,4519951.45982,17232
XRPUSDT,1751860800000,2.2704,2.2736,2.2626,2.2642,3158207.0,1751864399999,7164634.65946,13921
XRPUSDT,1751864400000,2.2642,2.275,2.2628,2.2707,2410411.6,1751867999999,5467090.354,15246
XRPUSDT,1751868000000,2.2707,2.2707,2.2584,2.2586,2736362.0,1751871599999,6195621.95686,17382
XRPUSDT,1751871600000,2.2587,2.2725,2.2552,2.2724,3098772.1,1751875199999,7015407.79236,19394
XRPUSDT,1751875200000,2.2723,2.2767,2.2681,2.2747,2882939.4,1751878799999,6548857.35829,15033
XRPUSDT,1751878800000,2.2746,2.2818,2.27,2.2808,3519849.0,1751882399999,8011284.21239,17687
XRPUSDT,1751882400000,2.2807,2.2978,2.275,2.2851,7838659.5,1751885999999,17937275.13722,56980
XRPUSDT,1751886000000,2.2852,2.2951,2.2774,2.2829,4714912.9,1751889599999,10777325.53754,36258
XRPUSDT,1751889600000,2.2828,2.2834,2.2711,2.2756,2879351.4,1751893199999,6558724.13807,32190
XRPUSDT,1751893200000,2.2756,2.3497,2.2737,2.3436,22624424.8,1751896799999,52373859.99823,119433
XRPUSDT,1751896800000,2.3436,2.3441,2.3031,2.3124,24701834.9,1751900399999,57468819.6572,178150
XRPUSDT,1751900400000,2.3124,2.3493,2.3124,2.3389,18765434.8,1751903999999,43821206.01759,129951
XRPUSDT,1751904000000,2.3388,2.3537,2.3159,2.3203,21080440.2,1751907599999,49232355.19403,179141
XRPUSDT,1751907600000,2.3203,2.3315,2.3047,2.3063,9994872.0,1751911199999,23166701.05977,79234
XRPUSDT,1751911200000,2.3063,2.3124,2.281,2.2948,9937237.8,1751914799999,22812870.12748,68522
XRPUSDT,1751914800000,2.2947,2.3081,2.2901,2.2993,8056320.6,1751918399999,18529762.58347,53333
XRPUSDT,1751918400000,2.2993,2.2993,2.2642,2.2657,9823690.9,1751921999999,22355762.70372,83956
XRPUSDT,1751922000000,2.2656,2.2839,2.2591,2.2788,5804533.1,1751925599999,13170407.0539,44233
XRPUSDT,1751925600000,2.2789,2.2831,2.268,2.2735,2590349.8,1751929199999,5889459.37476,26628
XRPUSDT,1751929200000,2.2735,2.2799,2.2705,2.2708,2187149.8,1751932799999,4975733.35769,22878
XRPUSDT,1751932800000,2.2707,2.2733,2.2578,2.2651,6012546.0,1751936399999,13626397.63572,38998
XRPUSDT,1751936400000,2.265,2.2651,2.2547,2.2585,4414514.8,1751939999999,9969477.2723,36948
XRPUSDT,1751940000000,2.2585,2.2622,2.2485,2.2516,6588945.5,1751943599999,14853960.38846,37048
XRPUSDT,1751943600000,2.2517,2.2644,2.251,2.2629,2701786.1,1751947199999,6102550.80574,14554
XRPUSDT,1751947200000,2.2628,2.2759,2.2582,2.2663,3838361.4,1751950799999,8694382.39115,15889
XRPUSDT,1751950800000,2.2663,2.2738,2.2633,2.2684,3988757.8,1751954399999,9052078.06688,21661
XRPUSDT,1751954400000,2.2684,2.2722,2.2612,2.2645,4132422.4,1751957999999,9365095.09186,21780
XRPUSDT,1751958000000,2.2644,2.2764,2.2568,2.2753,5012462.6,1751961599999,11346088.67922,22772
XRPUSDT,1751961600000,2.2753,2.286,2.2729,2.2784,5879665.0,1751965199999,13402346.31302,38722
XRPUSDT,1751965200000,2.2784,2.286,2.2766,2.2822,3589701.6,1751968799999,8192501.47895,26212
XRPUSDT,1751968800000,2.2822,2.2952,2.2821,2.2931,5205511.0,1751972399999,11920707.88738,37663
XRPUSDT,1751972400000,2.2931,2.3009,2.2878,2.2934,4210353.3,1751975999999,9661748.70488,34919
XRPUSDT,1751976000000,2.2935,2.3048,2.2896,2.2986,4968088.6,1751979599999,11412167.85841,41574
XRPUSDT,1751979600000,2.2986,2.2999,2.2863,2.2954,4785225.9,1751983199999,10978033.65543,41507
XRPUSDT,1751983200000,2.2953,2.2953,2.278,2.2829,5337740.4,1751986799999,12209816.16946,49981
XRPUSDT,1751986800000,2.2829,2.2978,2.2789,2.2862,4528131.1,1751990399999,10351982.22429,39706
XRPUSDT,1751990400000,2.2863,2.293,2.283,2.2908,2501372.5,1751993999999,5725299.8479,32958
XRPUSDT,1751994000000,2.2909,2.3107,2.2903,2.3096,7407794.6,1751997599999,17062833.03764,47389
XRPUSDT,1751997600000,2.3095,2.3215,2.3086,2.3172,5596261.1,1752001199999,12959981.25514,38209
XRPUSDT,1752001200000,2.3172,2.3223,2.3121,2.3214,3809640.9,1752004799999,8823918.44511,25211
XRPUSDT,1752004800000,2.3214,2.3219,2.2966,2.2966,5251279.3,1752008399999,12126057.63915,28638
XRPUSDT,1752008400000,2.2966,2.3082,2.2966,2.3065,2519243.1,1752011999999,5801898.28148,21301
XRPUSDT,1752012000000,2.3066,2.3096,2.303,2.3061,2132341.2,1752015599999,4916756.88532,19912
XRPUSDT,1752015600000,2.3061,2.3125,2.3041,2.3108,2043862.4,1752019199999,4718358.9035,15871
XRPUSDT,1752019200000,2.3109,2.311,2.2975,2.3039,1839370.8,1752022799999,4238038.39645,20110
XRPUSDT,1752022800000,2.304,2.3138,2.3025,2.3091,2906239.3,1752026399999,6710421.81311,23859
XRPUSDT,1752026400000,2.3092,2.3188,2.3059,2.3104,4590933.1,1752029999999,10615524.55417,36514
XRPUSDT,1752030000000,2.3105,2.3136,2.3007,2.3033,3012868.4,1752033599999,6945033.53724,21756
XRPUSDT,1752033600000,2.3034,2.3244,2.3018,2.3215,3203312.9,1752037199999,7405995.63819,19353
XRPUSDT,1752037200000,2.3215,2.3342,2.3167,2.3281,7102416.7,1752040799999,16516341.6913,46815
XRPUSDT,1752040800000,2.3281,2.3377,2.3231,2.3267,3771761.0,1752044399999,8784648.05089,28556
XRPUSDT,1752044400000,2.3266,2.3345,2.3232,2.3316,4044324.5,1752047999999,9411311.27725,30032
XRPUSDT,1752048000000,2.3315,2.34,2.3309,2.3358,3696963.3,1752051599999,8634241.2532,32665
XRPUSDT,1752051600000,2.3358,2.3397,2.3302,2.3372,2980191.7,1752055199999,6959162.22374,27411
XRPUSDT,1752055200000,2.3372,2.3599,2.3359,2.3574,10685002.0,1752058799999,25102852.19267,61154
XRPUSDT,1752058800000,2.3574,2.3884,2.353,2.3815,19672372.9,1752062399999,46683257.0123,129057
XRPUSDT,1752062400000,2.3814,2.4039,2.3788,2.3841,19582363.8,1752065999999,46831566.61979,132052
XRPUSDT,1752066000000,2.3842,2.3997,2.3629,2.3679,14014197.6,1752069599999,33393787.36785,100983
XRPUSDT,1752069600000,2.368,2.3776,2.3516,2.3723,12213908.8,1752073199999,28878116.67789,98941
XRPUSDT,1752073200000,2.3723,2.3832,2.3687,2.3818,6862887.4,1752076799999,16319300.47029,49007
XRPUSDT,1752076800000,2.3818,2.3888,2.375,2.3851,6131231.4,1752080399999,14606376.0387,48403
XRPUSDT,1752080400000,2.3851,2.3851,2.3753,2.3802,5114560.4,1752083999999,12170572.71783,37702
XRPUSDT,1752084000000,2.3802,2.4013,2.3773,2.3902,6758079.8,1752087599999,16156074.53839,55728
XRPUSDT,1752087600000,2.3901,2.4288,2.389,2.421,16135926.7,1752091199999,38923773.87198,116161
XRPUSDT,1752091200000,2.4211,2.4222,2.3836,2.3936,11719211.2,1752094799999,28109574.56779,109188
XRPUSDT,1752094800000,2.3936,2.415,2.3914,2.4111,6091660.6,1752098399999,14649431.99318,64980
XRPUSDT,1752098400000,2.411,2.4179,2.4092,2.4176,5231891.5,1752101999999,12631139.74241,46074
XRPUSDT,1752102000000,2.4176,2.4186,2.4028,2.4038,4156724.0,1752105599999,10019563.18553,33502
XRPUSDT,1752105600000,2.4038,2.4186,2.3931,2.3948,4015969.1,1752109199999,9665846.27247,40564
XRPUSDT,1752109200000,2.3948,2.4342,2.3948,2.4316,5961969.3,1752112799999,14423463.33353,50423
XRPUSDT,1752112800000,2.4316,2.4371,2.4216,2.4235,5125469.1,1752116399999,12455798.09057,49275
XRPUSDT,1752116400000,2.4234,2.4304,2.4156,2.4203,5481150.0,1752119999999,13285423.88378,30597
XRPUSDT,1752120000000,2.4202,2.4297,2.4129,2.4247,3802513.9,1752123599999,9206833.65697,29391
XRPUSDT,1752123600000,2.4248,2.4269,2.4176,2.4197,3512576.1,1752127199999,8508325.97399,24897
XRPUSDT,1752127200000,2.4197,2.4216,2.4109,2.4203,4328911.1,1752130799999,10462681.85244,28878
XRPUSDT,1752130800000,2.4202,2.4425,2.4172,2.437,10949574.9,1752134399999,26629498.23959,56758
XRPUSDT,1752134400000,2.437,2.458,2.4347,2.4498,9575611.9,1752137999999,23454077.62793,64637
XRPUSDT,1752138000000,2.4498,2.4564,2.4419,2.4441,6307160.8,1752141599999,15450624.35123,51632
XRPUSDT,1752141600000,2.444,2.4448,2.4266,2.442,7726819.3,1752145199999,18808640.17085,55513
XRPUSDT,1752145200000,2.4421,2.4618,2.4366,2.4525,9207112.2,1752148799999,22554258.98653,55602
XRPUSDT,1752148800000,2.4526,2.453,2.4388,2.4439,6360320.5,1752152399999,15557073.60261,52541
XRPUSDT,1752152400000,2.4439,2.45,2.4233,2.4271,9274263.9,1752155999999,22585404.5539,76969
XRPUSDT,1752156000000,2.4271,2.4429,2.4188,2.4407,8357953.8,1752159599999,20338328.90663,75492
XRPUSDT,1752159600000,2.4406,2.4597,2.4316,2.4542,7699899.7,1752163199999,18856560.09509,61361
XRPUSDT,1752163200000,2.4543,2.4795,2.4466,2.4744,14015721.7,1752166799999,34591985.675,108517
XRPUSDT,1752166800000,2.4744,2.5018,2.4727,2.4966,14030705.7,1752170399999,34958823.3211,110983
XRPUSDT,1752170400000,2.4966,2.5122,2.4819,2.4887,12056214.5,1752173999999,30086799.88751,110482
XRPUSDT,1752174000000,2.4887,2.5029,2.4884,2.5003,6070605.2,1752177599999,15149378.22396,56699
XRPUSDT,1752177600000,2.5003,2.5136,2.4921,2.5009,7373863.8,1752181199999,18469568.46959,70974
XRPUSDT,1752181200000,2.5008,2.5678,2.4974,2.546,31303848.0,1752184799999,79425373.05418,231920
XRPUSDT,1752184800000,2.546,2.5561,2.5286,2.5464,10115569.0,1752188399999,25721334.82583,95616
XRPUSDT,1752188400000,2.5464,2.5549,2.5299,2.5471,6872681.3,1752191999999,17478413.24216,64331
XRPUSDT,1752192000000,2.5471,2.5472,2.5119,2.5277,10974792.4,1752195599999,27713778.89507,106207
XRPUSDT,1752195600000,2.5277,2.5539,2.5258,2.5534,6535769.4,1752199199999,16616528.2475,67509
XRPUSDT,1752199200000,2.5535,2.5929,2.5483,2.5883,13167157.8,1752202799999,33920347.00054,119546
XRPUSDT,1752202800000,2.5884,2.5899,2.5657,2.5764,8222258.9,1752206399999,21175150.35757,71061
XRPUSDT,1752206400000,2.5763,2.5763,2.5551,2.5752,7251423.5,1752209999999,18600605.46497,58527
XRPUSDT,1752210000000,2.5751,2.5985,2.5746,2.5824,13301052.6,1752213599999,34393396.22451,117867
XRPUSDT,1752213600000,2.5824,2.597,2.5642,2.5711,10725015.8,1752217199999,27706261.37396,99487
XRPUSDT,1752217200000,2.5712,2.597,2.5536,2.5792,12256242.2,1752220799999,31582387.85784,115702
XRPUSDT,1752220800000,2.5791,2.6017,2.5791,2.587,12517908.4,1752224399999,32418005.09046,103564
XRPUSDT,1752224400000,2.5869,2.6141,2.579,2.6132,11005930.1,1752227999999,28626214.2079,96742
XRPUSDT,1752228000000,2.6132,2.6511,2.6073,2.6472,19018751.2,1752231599999,50099329.88447,191136
XRPUSDT,1752231600000,2.6473,2.6607,2.6066,2.6287,17109642.6,1752235199999,44998608.33205,169716
XRPUSDT,1752235200000,2.6287,2.6966,2.625,2.6952,19673934.0,1752238799999,52283860.79137,174427
XRPUSDT,1752238800000,2.6953,2.8254,2.6723,2.8007,54987892.7,1752242399999,150283028.40692,474793
XRPUSDT,1752242400000,2.8007,2.8392,2.7396,2.8238,59052140.2,1752245999999,164942113.97587,468394
XRPUSDT,1752246000000,2.8237,2.975,2.7588,2.7724,121024537.6,1752249599999,347014881.84323,793796
XRPUSDT,1752249600000,2.7724,2.8097,2.6919,2.7856,60497160.9,1752253199999,166972583.75469,541386
XRPUSDT,1752253200000,2.7856,2.8163,2.7533,2.7991,20663693.3,1752256799999,57623227.89951,231387
XRPUSDT,1752256800000,2.799,2.8416,2.797,2.8329,17099697.7,1752260399999,48191215.52009,186471
XRPUSDT,1752260400000,2.8329,2.858,2.8037,2.858,18866461.4,1752263999999,53405534.67305,202780
XRPUSDT,1752264000000,2.858,2.858,2.7572,2.7575,25991761.5,1752267599999,72953707.08416,233723
XRPUSDT,1752267600000,2.7575,2.7758,2.7092,2.7405,23517949.5,1752271199999,64488314.43698,225555
XRPUSDT,1752271200000,2.7404,2.7527,2.6596,2.7014,35498747.0,1752274799999,95658693.52718,337985
XRPUSDT,1752274800000,2.7014,2.7419,2.6971,2.7322,16401913.3,1752278399999,44752522.92467,151758
XRPUSDT,1752278400000,2.7323,2.7452,2.6882,2.7202,14177850.8,1752281999999,38499724.68009,144430
XRPUSDT,1752282000000,2.7202,2.8305,2.7202,2.8235,23616342.6,1752285599999,65911350.73106,243338
XRPUSDT,1752285600000,2.8235,2.8479,2.792,2.7923,17717116.6,1752289199999,49899448.90198,163377
XRPUSDT,1752289200000,2.7923,2.8222,2.7875,2.8006,13250999.5,1752292799999,37202379.09652,116118
XRPUSDT,1752292800000,2.8006,2.8063,2.7696,2.7748,13301866.0,1752296399999,37100915.40903,116275
XRPUSDT,1752296400000,2.7749,2.799,2.7616,2.7888,13985822.8,1752299999999,38910476.82527,137340
XRPUSDT,1752300000000,2.7888,2.7965,2.7656,2.7918,6377135.8,1752303599999,17735180.48631,103163
XRPUSDT,1752303600000,2.7918,2.7942,2.7558,2.7675,8004360.4,1752307199999,22204279.16477,104171
XRPUSDT,1752307200000,2.7675,2.7929,2.7658,2.7903,12367156.0,1752310799999,34312172.72838,135014
XRPUSDT,1752310800000,2.7903,2.8253,2.7823,2.8211,11478106.7,1752314399999,32225986.14431,142953
XRPUSDT,1752314400000,2.821,2.8466,2.8097,2.8367,11457007.4,1752317999999,32403289.37017,147703
XRPUSDT,1752318000000,2.8368,2.8476,2.7972,2.8054,17455955.1,1752321599999,49148748.48503,144092
XRPUSDT,1752321600000,2.8054,2.8087,2.7555,2.7865,17959564.5,1752325199999,49900899.90842,207477
XRPUSDT,1752325200000,2.7865,2.7901,2.7485,2.7759,18993381.9,1752328799999,52666737.39475,191870
XRPUSDT,1752328800000,2.776,2.7982,2.7522,2.7566,11094349.8,1752332399999,30771578.60506,112622
XRPUSDT,1752332400000,2.7566,2.768,2.6629,2.6812,44389961.1,1752335999999,119682963.0083,359862
XRPUSDT,1752336000000,2.6813,2.7252,2.6701,2.7069,16260049.8,1752339599999,44000965.11364,152797
XRPUSDT,1752339600000,2.707,2.74,2.7044,2.7241,12693297.1,1752343199999,34602023.57523,107889
XRPUSDT,1752343200000,2.724,2.7454,2.7188,2.7397,13508814.5,1752346799999,36918564.57794,106557
XRPUSDT,1752346800000,2.7396,2.7534,2.7263,2.737,11895368.1,1752350399999,32578704.74457,104577
XRPUSDT,1752350400000,2.737,2.7373,2.6841,2.6843,14426661.4,1752353999999,39158226.33144,120144
XRPUSDT,1752354000000,2.6842,2.7364,2.6837,2.727,7486766.2,1752357599999,20329336.35688,82991
XRPUSDT,1752357600000,2.7271,2.738,2.7055,2.7379,4587663.6,1752361199999,12499501.84803,74118
XRPUSDT,1752361200000,2.7379,2.7484,2.7213,2.7395,5031554.3,1752364799999,13769692.51758,67826
XRPUSDT,1752364800000,2.7395,2.7559,2.7232,2.7391,7348620.7,1752368399999,20135730.89476,111550
XRPUSDT,1752368400000,2.739,2.7669,2.7339,2.7612,6209779.6,1752371999999,17066276.47311,91691
XRPUSDT,1752372000000,2.7613,2.7859,2.7426,2.7762,9542025.2,1752375599999,26396108.6473,115932
XRPUSDT,1752375600000,2.7763,2.7838,2.7623,2.7684,7076473.7,1752379199999,19617787.79834,77529
XRPUSDT,1752379200000,2.7684,2.7839,2.7583,2.7808,4621527.2,1752382799999,12806418.67961,66348
XRPUSDT,1752382800000,2.7808,2.7875,2.7707,2.7707,6105027.7,1752386399999,16968823.16227,66908
XRPUSDT,1752386400000,2.7707,2.8144,2.7677,2.7925,10061123.1,1752389999999,28128948.69005,100463
XRPUSDT,1752390000000,2.7926,2.8078,2.7858,2.7992,7878365.3,1752393599999,22026748.86032,76386
XRPUSDT,1752393600000,2.7991,2.8202,2.7834,2.794,14087492.6,1752397199999,39501596.73561,88895
XRPUSDT,1752397200000,2.7941,2.8023,2.771,2.7767,7360579.0,1752400799999,20482331.42608,76668
XRPUSDT,1752400800000,2.7766,2.7967,2.7716,2.776,5652828.2,1752404399999,15749445.43937,54182
XRPUSDT,1752404400000,2.776,2.7919,2.776,2.7889,5563407.7,1752407999999,15485693.16908,56310
XRPUSDT,1752408000000,2.7888,2.8286,2.7825,2.8211,14119804.8,1752411599999,39649585.29387,122700
XRPUSDT,1752411600000,2.8211,2.8558,2.7988,2.8322,21222184.8,1752415199999,60013416.74879,149905
XRPUSDT,1752415200000,2.8322,2.8949,2.8251,2.8442,31929811.2,1752418799999,91377784.77789,275039
XRPUSDT,1752418800000,2.8443,2.8734,2.8082,2.8381,17305199.5,1752422399999,49235432.45357,185273
XRPUSDT,1752422400000,2.8381,2.852,2.8123,2.8237,10226659.3,1752425999999,29001283.16498,122420
XRPUSDT,1752426000000,2.8237,2.8628,2.8115,2.8603,10188830.1,1752429599999,28885901.45254,112428
XRPUSDT,1752429600000,2.8604,2.8817,2.8459,2.86,12439829.2,1752433199999,35628392.00034,125180
XRPUSDT,1752433200000,2.8601,2.88,2.8441,2.8456,9890299.1,1752436799999,28303619.31912,91524
XRPUSDT,1752436800000,2.8456,2.8648,2.8329,2.8487,7500012.3,1752440399999,21367619.93419,74353
XRPUSDT,1752440400000,2.8487,2.8495,2.7637,2.8018,17240612.2,1752443999999,48378398.41908,129725
XRPUSDT,1752444000000,2.8017,2.8252,2.7883,2.8151,9277374.4,1752447599999,26041156.2448,125460
XRPUSDT,1752447600000,2.815,2.8424,2.8125,2.8361,7794639.6,1752451199999,22066544.83942,94499
XRPUSDT,1752451200000,2.8361,2.8486,2.8207,2.8464,9793659.1,1752454799999,27776988.38114,110734
XRPUSDT,1752454800000,2.8463,2.8767,2.8386,2.8554,12397248.5,1752458399999,35481942.3581,154822
XRPUSDT,1752458400000,2.8554,2.8967,2.8499,2.8871,12958746.2,1752461999999,37300648.64362,130449
XRPUSDT,1752462000000,2.8871,2.9472,2.8855,2.9267,25669971.8,1752465599999,75020265.75713,213412
XRPUSDT,1752465600000,2.9267,2.9416,2.9193,2.9398,12529013.5,1752469199999,36741849.74188,120244
XRPUSDT,1752469200000,2.9398,2.9796,2.8755,2.9317,30930238.7,1752472799999,90849119.8987,255784
XRPUSDT,1752472800000,2.9317,2.9345,2.8915,2.9263,20970753.0,1752476399999,61209502.77281,181879
XRPUSDT,1752476400000,2.9263,2.9799,2.9245,2.9569,19665702.3,1752479999999,58137797.04034,178474
XRPUSDT,1752480000000,2.957,3.0067,2.9276,2.9784,34575304.6,1752483599999,102574342.77753,294991
XRPUSDT,1752483600000,2.9784,3.0222,2.9632,2.9831,34110109.0,1752487199999,101950615.20003,268356
XRPUSDT,1752487200000,2.983,3.0134,2.9464,3.0095,17646790.4,1752490799999,52588668.13069,167695
XRPUSDT,1752490800000,3.0094,3.0111,2.9691,2.9772,17517155.3,1752494399999,52410636.6257,170011
XRPUSDT,1752494400000,2.9772,2.998,2.942,2.9614,22158862.1,1752497999999,65626354.68535,174431
XRPUSDT,1752498000000,2.9614,3.035,2.9423,3.0035,31774420.9,1752501599999,95114789.63266,239147
XRPUSDT,1752501600000,3.0035,3.0309,2.9697,3.0118,25086548.7,1752505199999,75174862.83957,260305
XRPUSDT,1752505200000,3.0118,3.0216,2.9093,2.9469,31983171.1,1752508799999,94848316.00258,270601
XRPUSDT,1752508800000,2.9468,3.0022,2.9178,2.9935,19801332.8,1752512399999,58595447.25828,197719
XRPUSDT,1752512400000,2.9936,2.9957,2.9363,2.9519,13090071.9,1752515999999,38747885.28398,125683
XRPUSDT,1752516000000,2.9518,2.9595,2.9101,2.9157,10067237.8,1752519599999,29546860.61737,110436
XRPUSDT,1752519600000,2.9154,2.9428,2.9101,2.93,8538012.0,1752523199999,24967977.35442,99605
XRPUSDT,1752523200000,2.93,2.9367,2.8762,2.9237,14188729.3,1752526799999,41179478.93074,142843
XRPUSDT,1752526800000,2.9236,2.9497,2.9169,2.9423,7048200.7,1752530399999,20681330.85532,71759
XRPUSDT,1752530400000,2.9424,2.956,2.9302,2.9507,5114321.1,1752533999999,15057940.35136,58386
XRPUSDT,1752534000000,2.9506,2.9637,2.9357,2.9582,4922208.4,1752537599999,14523992.05533,63916
XRPUSDT,1752537600000,2.9582,2.9582,2.9031,2.9079,9567421.1,1752541199999,28052438.97276,106251
XRPUSDT,1752541200000,2.908,2.9214,2.8646,2.889,15918394.3,1752544799999,46039907.9064,164689
XRPUSDT,1752544800000,2.8889,2.9004,2.85,2.8716,19749659.2,1752548399999,56710174.91438,215900
XRPUSDT,1752548400000,2.8715,2.8746,2.8038,2.8497,26899909.6,1752551999999,76211829.4999,230849
XRPUSDT,1752552000000,2.8496,2.8815,2.8215,2.8685,13938825.1,1752555599999,39838041.20689,118374
XRPUSDT,1752555600000,2.8685,2.8869,2.8624,2.8759,10120982.5,1752559199999,29098674.82378,84404
XRPUSDT,1752559200000,2.8759,2.885,2.8493,2.8593,9237346.6,1752562799999,26471381.18722,92440
XRPUSDT,1752562800000,2.8594,2.873,2.8483,2.8524,11465308.6,1752566399999,32784758.86869,86815
XRPUSDT,1752566400000,2.8523,2.86,2.8194,2.8501,15900543.6,1752569999999,45203709.23052,97579
XRPUSDT,1752570000000,2.8501,2.896,2.8485,2.88,13993713.9,1752573599999,40273459.54161,98706
XRPUSDT,1752573600000,2.8801,2.9223,2.8782,2.9146,11651765.8,1752577199999,33844924.7145,112770
XRPUSDT,1752577200000,2.9146,2.9287,2.8866,2.9049,9549916.3,1752580799999,27739977.41949,89182
XRPUSDT,1752580800000,2.9049,2.9328,2.8514,2.8965,20099671.1,1752584399999,58102521.8227,155562
XRPUSDT,1752584400000,2.8965,2.9342,2.8926,2.9224,13747382.1,1752587999999,40088785.52667,134714
XRPUSDT,1752588000000,2.9225,2.9308,2.8407,2.8548,21233165.2,1752591599999,61224696.8532,140813
XRPUSDT,1752591600000,2.8548,2.9034,2.8429,2.8903,12653106.3,1752595199999,36395329.09649,118188
XRPUSDT,1752595200000,2.8902,2.9194,2.8837,2.9052,10098755.9,1752598799999,29343878.91254,76348
XRPUSDT,1752598800000,2.9051,2.9386,2.9047,2.9386,8691427.1,1752602399999,25423914.54662,72228
XRPUSDT,1752602400000,2.9385,2.9462,2.8819,2.9031,12728475.7,1752605999999,37116356.82436,118271
XRPUSDT,1752606000000,2.9031,2.9228,2.8575,2.8631,11787445.5,1752609599999,34050353.89622,119532
XRPUSDT,1752609600000,2.863,2.8834,2.854,2.8653,8403797.8,1752613199999,24113646.26232,94533
XRPUSDT,1752613200000,2.8654,2.9114,2.8581,2.9007,5085534.7,1752616799999,14688161.5741,51590
XRPUSDT,1752616800000,2.9007,2.9114,2.8825,2.9095,4337950.0,1752620399999,12574012.722,56088
XRPUSDT,1752620400000,2.9094,2.9286,2.9089,2.919,7104782.7,1752623999999,20744337.62479,63787
XRPUSDT,1752624000000,2.9189,2.935,2.9018,2.9315,6687278.7,1752627599999,19531232.04471,52814
XRPUSDT,1752627600000,2.9316,2.9365,2.9153,2.9194,5291348.8,1752631199999,15485789.52989,52758
XRPUSDT,1752631200000,2.9193,2.92,2.8774,2.8977,7411262.8,1752634799999,21465506.35455,57353
XRPUSDT,1752634800000,2.8977,2.9077,2.8912,2.9044,5026709.6,1752638399999,14581351.8589,37180
XRPUSDT,1752638400000,2.9044,2.9159,2.8912,2.911,4796107.3,1752641999999,13933187.60788,37310
XRPUSDT,1752642000000,2.9111,2.9299,2.9091,2.9174,5898855.1,1752645599999,17230092.43213,41127
XRPUSDT,1752645600000,2.9175,2.9365,2.9113,2.9351,8411061.9,1752649199999,24629920.94419,57105
XRPUSDT,1752649200000,2.9351,2.9391,2.9277,2.9293,6137777.0,1752652799999,17997746.45213,43713
XRPUSDT,1752652800000,2.9293,2.9611,2.9203,2.9567,8707855.6,1752656399999,25629488.26538,66405
XRPUSDT,1752656400000,2.9567,2.9637,2.9448,2.952,6540701.3,1752659999999,19334764.01114,64673
XRPUSDT,1752660000000,2.952,2.962,2.9427,2.9441,5208805.5,1752663599999,15372861.37384,43524
XRPUSDT,1752663600000,2.9442,2.9558,2.9442,2.9513,4307284.2,1752667199999,12703770.88482,55455
XRPUSDT,1752667200000,2.9513,2.9736,2.946,2.9644,9379154.5,1752670799999,27755672.47107,73917
XRPUSDT,1752670800000,2.9644,2.995,2.957,2.9787,16418952.4,1752674399999,48947785.54399,132669
XRPUSDT,1752674400000,2.9787,2.9945,2.9528,2.9904,17816630.0,1752677999999,52947527.42849,144192
XRPUSDT,1752678000000,2.9905,3.0071,2.9541,2.9764,19824129.0,1752681599999,59124416.42768,184359
XRPUSDT,1752681600000,2.9764,3.0039,2.9677,2.9913,10857543.8,1752685199999,32436479.47248,103756
XRPUSDT,1752685200000,2.9912,3.0474,2.9871,3.0234,23930776.4,1752688799999,72294207.9819,209618
XRPUSDT,1752688800000,3.0234,3.078,3.0124,3.0523,21807018.3,1752692399999,66532199.57918,190164
XRPUSDT,1752692400000,3.0524,3.0633,3.032,3.0592,18416590.1,1752695999999,56106524.50724,147242
XRPUSDT,1752696000000,3.0591,3.1,3.0426,3.0626,24346680.5,1752699599999,74874869.79062,209148
XRPUSDT,1752699600000,3.0626,3.0936,3.0532,3.0654,12269182.4,1752703199999,37706023.1708,115491
XRPUSDT,1752703200000,3.0653,3.089,3.0437,3.0523,12673717.3,1752706799999,38872379.27909,127991
XRPUSDT,1752706800000,3.0522,3.0561,3.0189,3.038,10119195.7,1752710399999,30721795.5537,124398
XRPUSDT,1752710400000,3.038,3.0794,3.0332,3.0545,9109305.5,1752713999999,27864793.68658,98754
XRPUSDT,1752714000000,3.0545,3.0696,2.9873,3.0212,13795340.2,1752717599999,41735395.0274,145298
XRPUSDT,1752717600000,3.0213,3.0536,3.0121,3.0496,5814149.6,1752721199999,17651151.27226,76455
XRPUSDT,1752721200000,3.0497,3.0527,2.9968,3.025,8016978.5,1752724799999,24232554.85739,106338
XRPUSDT,1752724800000,3.0249,3.0754,3.0149,3.0742,12235841.2,1752728399999,37319903.96326,94686
XRPUSDT,1752728400000,3.0741,3.1489,3.0643,3.1419,31784005.2,1752731999999,99045146.94362,238080
XRPUSDT,1752732000000,3.1419,3.1728,3.1392,3.154,24835927.9,1752735599999,78391507.71393,229295
XRPUSDT,1752735600000,3.1541,3.1625,3.126,3.1553,17645464.8,1752739199999,55532445.91153,141360
XRPUSDT,1752739200000,3.1553,3.2386,3.1395,3.2358,34529355.4,1752742799999,110154955.54758,215986
XRPUSDT,1752742800000,3.2358,3.2798,3.2189,3.2631,36839803.0,1752746399999,120037033.86724,292419
XRPUSDT,1752746400000,3.2631,3.2764,3.2206,3.2738,23655477.8,1752749999999,76913535.94183,228972
XRPUSDT,1752750000000,3.2737,3.2986,3.248,3.2623,29235344.6,1752753599999,95716299.68522,272400
XRPUSDT,1752753600000,3.2624,3.275,3.233,3.2593,22188424.7,1752757199999,72234813.77301,220296
XRPUSDT,1752757200000,3.2592,3.2717,3.1675,3.2274,39922517.6,1752760799999,128400500.81906,318257
XRPUSDT,1752760800000,3.2274,3.256,3.2271,3.2334,14777199.9,1752764399999,47935407.583,158073
XRPUSDT,1752764400000,3.2334,3.263,3.169,3.2534,22754749.8,1752767999999,73400279.37565,200597
XRPUSDT,1752768000000,3.2533,3.272,3.2221,3.2652,22094982.2,1752771599999,71860240.23259,241370
XRPUSDT,1752771600000,3.2652,3.3182,3.255,3.3143,28580515.3,1752775199999,93955652.04412,238551
XRPUSDT,1752775200000,3.3142,3.3611,3.3015,3.3537,36016402.6,1752778799999,120097283.70075,274209
XRPUSDT,1752778800000,3.3537,3.3993,3.3022,3.3057,40600200.6,1752782399999,136415185.49256,355519
XRPUSDT,1752782400000,3.3057,3.3762,3.2842,3.3599,31714927.6,1752785999999,105865047.06945,346451
XRPUSDT,1752786000000,3.36,3.5495,3.3534,3.512,78091733.99,1752789599999,269618340.761654,548945
XRPUSDT,1752789600000,3.512,3.5296,3.4424,3.4729,28390896.9,1752793199999,98867489.39659,350694
XRPUSDT,1752793200000,3.473,3.5487,3.4704,3.4814,35709300.3,1752796799999,125513034.74232,367085
XRPUSDT,1752796800000,3.4813,3.655,3.4621,3.6535,55483949.81,1752800399999,198546817.622713,535146
XRPUSDT,1752800400000,3.6534,3.6607,3.5756,3.5957,45291551.8,1752803999999,164090598.19143,384179
XRPUSDT,1752804000000,3.5957,3.6028,3.5424,3.5934,27046613.8,1752807599999,96880383.74059,218866
XRPUSDT,1752807600000,3.5934,3.6531,3.589,3.6054,31760958.0,1752811199999,115063387.94985,230508
XRPUSDT,1752811200000,3.6054,3.6112,3.5755,3.5908,17730757.1,1752814799999,63723666.6334,152301
XRPUSDT,1752814800000,3.5909,3.6384,3.585,3.6185,24425257.6,1752818399999,88404315.64471,224395
XRPUSDT,1752818400000,3.6186,3.6197,3.5337,3.5654,25472041.0,1752821999999,90874472.51005,277621
XRPUSDT,1752822000000,3.5653,3.57,3.4381,3.4503,42956427.8,1752825599999,150475671.45903,427934
XRPUSDT,1752825600000,3.4503,3.5101,3.4208,3.4439,43013150.7,1752829199999,149239232.81178,446973
XRPUSDT,1752829200000,3.4439,3.462,3.4005,3.4501,31694540.9,1752832799999,108748609.69202,343673
XRPUSDT,1752832800000,3.45,3.4884,3.4055,3.471,20898651.5,1752836399999,72055648.60817,240019
XRPUSDT,1752836400000,3.471,3.4996,3.4271,3.49,19483834.3,1752839999999,67543880.50573,200258
XRPUSDT,1752840000000,3.4899,3.5292,3.4701,3.5005,24345542.2,1752843599999,85331057.40616,187707
XRPUSDT,1752843600000,3.5005,3.545,3.4651,3.5081,29628510.6,1752847199999,103726955.8884,278348
XRPUSDT,1752847200000,3.508,3.5251,3.408,3.4541,32454645.4,1752850799999,112187723.25801,316151
XRPUSDT,1752850800000,3.4542,3.4589,3.3439,3.3736,33052540.4,1752854399999,111778490.23802,335097
XRPUSDT,1752854400000,3.3736,3.4381,3.3634,3.4381,13314839.9,1752857999999,45382887.13672,177463
XRPUSDT,1752858000000,3.4381,3.466,3.4218,3.4487,14100264.5,1752861599999,48611930.19368,124939
XRPUSDT,1752861600000,3.4487,3.4648,3.4013,3.4396,11425940.8,1752865199999,39321405.15692,117777
XRPUSDT,1752865200000,3.4395,3.4789,3.4028,3.434,15555351.9,1752868799999,53537803.40866,168162
XRPUSDT,1752868800000,3.4339,3.4488,3.3576,3.4119,21347955.1,1752872399999,72497404.40301,220914
XRPUSDT,1752872400000,3.4119,3.4517,3.4028,3.4132,8556319.9,1752875999999,29364193.92655,83958
XRPUSDT,1752876000000,3.4132,3.4315,3.3779,3.3916,9503016.4,1752879599999,32380844.53058,99917
XRPUSDT,1752879600000,3.3916,3.4214,3.3624,3.4135,10180229.3,1752883199999,34590541.02324,102373
XRPUSDT,1752883200000,3.4136,3.4665,3.4115,3.4312,14836210.6,1752886799999,51135414.75431,183784
XRPUSDT,1752886800000,3.4312,3.4631,3.3971,3.4424,14343505.8,1752890399999,49318931.01514,180145
XRPUSDT,1752890400000,3.4425,3.4619,3.4171,3.449,10162618.4,1752893999999,34970163.98675,119756
XRPUSDT,1752894000000,3.449,3.4792,3.4365,3.4494,11685800.6,1752897599999,40383868.57527,101178
XRPUSDT,1752897600000,3.4494,3.4855,3.4414,3.4614,11261262.3,1752901199999,39021315.19767,106784
XRPUSDT,1752901200000,3.4615,3.4644,3.4333,3.4581,9874543.4,1752904799999,34053351.19214,75791
XRPUSDT,1752904800000,3.458,3.4679,3.4166,3.4454,9807901.4,1752908399999,33805233.74748,88458
XRPUSDT,1752908400000,3.4453,3.4825,3.4338,3.4651,12357397.5,1752911999999,42771554.52236,108249
XRPUSDT,1752912000000,3.4651,3.4735,3.4276,3.4377,8656624.4,1752915599999,29830331.92619,103628
XRPUSDT,1752915600000,3.4377,3.465,3.4271,3.4539,7227387.3,1752919199999,24910946.31155,93511
XRPUSDT,1752919200000,3.454,3.4558,3.4205,3.4285,7122917.4,1752922799999,24457136.73803,77456
XRPUSDT,1752922800000,3.4285,3.4304,3.388,3.3925,9269596.4,1752926399999,31584072.75085,99558
XRPUSDT,1752926400000,3.3926,3.418,3.3811,3.4155,9444776.6,1752929999999,32070350.56338,93263
XRPUSDT,1752930000000,3.4154,3.4312,3.3949,3.4104,6756864.0,1752933599999,23056900.48395,77968
XRPUSDT,1752933600000,3.4104,3.4136,3.3547,3.3608,12677969.2,1752937199999,42845696.59185,148696
XRPUSDT,1752937200000,3.3608,3.4228,3.357,3.4098,8891386.0,1752940799999,30225622.90661,107203
XRPUSDT,1752940800000,3.4098,3.4594,3.4042,3.4439,8138159.4,1752944399999,27951656.47563,114496
XRPUSDT,1752944400000,3.4439,3.4511,3.419,3.4242,6247346.5,1752947999999,21461577.98462,69431
XRPUSDT,1752948000000,3.4243,3.4377,3.4107,3.4202,3374930.4,1752951599999,11553850.78728,55970
XRPUSDT,1752951600000,3.4202,3.432,3.4108,3.4317,3659888.6,1752955199999,12528786.1,49486
XRPUSDT,1752955200000,3.4317,3.4445,3.4161,3.4161,5578788.7,1752958799999,19142998.41144,50175
XRPUSDT,1752958800000,3.4161,3.4237,3.38,3.4038,7992610.9,1752962399999,27158687.01651,78783
XRPUSDT,1752962400000,3.4038,3.4279,3.3933,3.4215,2941478.7,1752965999999,10042573.03193,40051
XRPUSDT,1752966000000,3.4215,3.433,3.4137,3.4244,2591070.0,1752969599999,8871299.94416,33474
XRPUSDT,1752969600000,3.4243,3.4319,3.4072,3.4272,4642337.6,1752973199999,15868092.35479,74653
XRPUSDT,1752973200000,3.4272,3.4513,3.4208,3.4229,7538548.2,1752976799999,25937173.31828,84154
XRPUSDT,1752976800000,3.4229,3.4242,3.3856,3.4053,15426365.2,1752980399999,52450944.70932,107540
XRPUSDT,1752980400000,3.4053,3.44,3.4026,3.4345,10482576.2,1752983999999,35921146.65603,78245
XRPUSDT,1752984000000,3.4345,3.4438,3.412,3.4229,9403178.6,1752987599999,32245600.96073,77847
XRPUSDT,1752987600000,3.423,3.4242,3.4022,3.4186,7077869.1,1752991199999,24157467.33469,60535
XRPUSDT,1752991200000,3.4186,3.4221,3.4023,3.4169,5650933.1,1752994799999,19270730.93023,39648
XRPUSDT,1752994800000,3.4168,3.4584,3.4164,3.4419,11479539.3,1752998399999,39525260.06882,80863
XRPUSDT,1752998400000,3.442,3.5,3.4419,3.4986,14078485.3,1753001999999,48801506.30107,106620
XRPUSDT,1753002000000,3.4986,3.5352,3.4756,3.4879,26644268.6,1753005599999,93472588.55629,241601
XRPUSDT,1753005600000,3.488,3.5247,3.4856,3.5095,13747976.3,1753009199999,48175922.52378,113514
XRPUSDT,1753009200000,3.5094,3.5127,3.4842,3.4987,12674444.6,1753012799999,44343247.76907,119525
XRPUSDT,1753012800000,3.4988,3.5035,3.4777,3.4903,6946161.9,1753016399999,24229824.5129,97080
XRPUSDT,1753016400000,3.4903,3.525,3.4867,3.5231,9119807.0,1753019999999,32019980.3873,100880
XRPUSDT,1753020000000,3.523,3.5466,3.4907,3.5385,19091455.1,1753023599999,67305054.64477,191355
XRPUSDT,1753023600000,3.5386,3.5403,3.5106,3.5183,10045599.4,1753027199999,35396626.48605,119155
XRPUSDT,1753027200000,3.5182,3.5367,3.501,3.5164,13638761.3,1753030799999,48035580.45174,169782
XRPUSDT,1753030800000,3.5164,3.5248,3.483,3.4998,11854775.4,1753034399999,41530927.94611,160318
XRPUSDT,1753034400000,3.4999,3.5349,3.4956,3.5343,10405129.8,1753037999999,36596632.08358,106373
XRPUSDT,1753038000000,3.5343,3.5579,3.5206,3.5234,12312683.6,1753041599999,43637300.87681,129320
XRPUSDT,1753041600000,3.5235,3.5258,3.4906,3.5088,9691166.9,1753045199999,33986816.40206,107469
XRPUSDT,1753045200000,3.5087,3.5135,3.4842,3.5052,7196260.1,1753048799999,25165926.55197,77519
XRPUSDT,1753048800000,3.5051,3.5078,3.4038,3.4548,25958565.9,1753052399999,89482211.34264,258273
XRPUSDT,1753052400000,3.4547,3.4645,3.4308,3.454,6767595.8,1753055999999,23330028.47316,117407
XRPUSDT,1753056000000,3.4541,3.458,3.4076,3.4509,11541226.1,1753059599999,39605357.41794,129125
XRPUSDT,1753059600000,3.4509,3.4768,3.4254,3.4646,10148350.0,1753063199999,35027208.03243,108442
XRPUSDT,1753063200000,3.4646,3.487,3.4646,3.4845,8899505.1,1753066799999,30943032.13528,83715
XRPUSDT,1753066800000,3.4845,3.4897,3.4738,3.4785,6746319.0,1753070399999,23492052.82338,54828
XRPUSDT,1753070400000,3.4784,3.5077,3.4716,3.5044,7890330.5,1753073999999,27569942.82214,70223
XRPUSDT,1753074000000,3.5045,3.5115,3.488,3.5114,4868995.3,1753077599999,17035866.97188,42802
XRPUSDT,1753077600000,3.5114,3.5694,3.5101,3.5593,23256302.0,1753081199999,82428519.01855,165647
XRPUSDT,1753081200000,3.5593,3.5809,3.55,3.5663,12072334.1,1753084799999,43037138.93559,100041
XRPUSDT,1753084800000,3.5664,3.5797,3.5502,3.5581,8066390.1,1753088399999,28768255.73587,95497
XRPUSDT,1753088400000,3.5582,3.576,3.5209,3.5457,9814188.9,1753091999999,34808693.8205,87499
XRPUSDT,1753092000000,3.5457,3.5535,3.5271,3.5521,6731749.8,1753095599999,23834269.75054,61273
XRPUSDT,1753095600000,3.552,3.5586,3.5323,3.5329,7095973.5,1753099199999,25172230.58124,67587
XRPUSDT,1753099200000,3.5329,3.5483,3.4996,3.5378,11446264.1,1753102799999,40314980.8424,133446
XRPUSDT,1753102800000,3.5378,3.5745,3.5158,3.574,11673098.0,1753106399999,41403217.52998,124005
XRPUSDT,1753106400000,3.574,3.6495,3.573,3.64,29133459.1,1753109999999,105232381.30099,316687
XRPUSDT,1753110000000,3.6399,3.6487,3.6003,3.604,15980129.2,1753113599999,57938423.64589,201165
XRPUSDT,1753113600000,3.604,3.6208,3.5419,3.5912,19440501.2,1753117199999,69601747.46194,257815
XRPUSDT,1753117200000,3.5911,3.6239,3.5725,3.603,8907706.8,1753120799999,32086466.31331,166526
XRPUSDT,1753120800000,3.6031,3.62,3.5492,3.5531,12134254.1,1753124399999,43476184.14281,144121
XRPUSDT,1753124400000,3.5531,3.5831,3.527,3.5465,11226088.3,1753127999999,39850054.00175,154809
XRPUSDT,1753128000000,3.5465,3.5596,3.5214,3.5223,8070822.1,1753131599999,28608295.6251,115474
XRPUSDT,1753131600000,3.5222,3.5563,3.5117,3.5516,6619660.6,1753135199999,23390352.93349,75010
XRPUSDT,1753135200000,3.5516,3.575,3.5498,3.5658,4493285.8,1753138799999,16014667.24802,62519
XRPUSDT,1753138800000,3.5657,3.5673,3.5427,3.5495,3473647.9,1753142399999,12345068.22129,46971
XRPUSDT,1753142400000,3.5494,3.5712,3.525,3.5299,8270533.6,1753145999999,29346618.96668,88207
XRPUSDT,1753146000000,3.5299,3.5608,3.4618,3.5494,23197095.4,1753149599999,81374342.96156,218821
XRPUSDT,1753149600000,3.5495,3.5744,3.5067,3.5162,13840434.6,1753153199999,49046526.85738,146049
XRPUSDT,1753153200000,3.5162,3.5187,3.4732,3.5007,14523545.4,1753156799999,50777869.76977,185750
XRPUSDT,1753156800000,3.5006,3.5034,3.4218,3.4229,22092219.8,1753160399999,76511488.94636,226406
XRPUSDT,1753160400000,3.4229,3.4857,3.4222,3.4601,12753591.4,1753163999999,44116677.49867,167016
XRPUSDT,1753164000000,3.4601,3.4836,3.4495,3.4647,7819444.4,1753167599999,27127273.17306,80136
XRPUSDT,1753167600000,3.4648,3.4994,3.4636,3.4762,8347510.6,1753171199999,29081817.6137,95686
XRPUSDT,1753171200000,3.4761,3.4761,3.4261,3.4681,13071955.4,1753174799999,45063704.21338,160388
XRPUSDT,1753174800000,3.4681,3.4826,3.4297,3.4727,8897195.0,1753178399999,30746942.50976,127398
XRPUSDT,1753178400000,3.4726,3.4979,3.468,3.4979,5067054.8,1753181999999,17653077.31199,74533
XRPUSDT,1753182000000,3.4979,3.5225,3.4869,3.5198,6913383.3,1753185599999,24215105.15146,86566
XRPUSDT,1753185600000,3.5198,3.525,3.4978,3.5123,10440675.4,1753189199999,36648228.21187,92455
XRPUSDT,1753189200000,3.5122,3.5371,3.4708,3.4777,14857291.5,1753192799999,52108729.7377,197775
XRPUSDT,1753192800000,3.4777,3.522,3.4401,3.5197,17440695.3,1753196399999,60757887.34418,184469
XRPUSDT,1753196400000,3.5196,3.528,3.5023,3.5076,6196744.7,1753199999999,21782501.54219,107058
XRPUSDT,1753200000000,3.5076,3.5313,3.4916,3.5272,6401153.8,1753203599999,22509183.69594,94306
XRPUSDT,1753203600000,3.5272,3.572,3.5075,3.5547,14489212.7,1753207199999,51332018.76872,158406
XRPUSDT,1753207200000,3.5547,3.5787,3.5475,3.5595,9282272.4,1753210799999,33060385.20064,134390
XRPUSDT,1753210800000,3.5594,3.5707,3.5177,3.5177,8071690.7,1753214399999,28663204.22412,108601
XRPUSDT,1753214400000,3.5177,3.553,3.5176,3.5408,4889723.5,1753217999999,17304414.75349,68057
XRPUSDT,1753218000000,3.5408,3.5449,3.513,3.5267,3161782.6,1753221599999,11151536.66591,40180
XRPUSDT,1753221600000,3.5267,3.545,3.5237,3.5266,3600190.2,1753225199999,12726361.22452,41615
XRPUSDT,1753225200000,3.5266,3.5541,3.5252,3.5504,5039216.2,1753228799999,17869208.51406,42795
XRPUSDT,1753228800000,3.5504,3.5519,3.5118,3.5169,8095866.7,1753232399999,28564386.28813,76276
XRPUSDT,1753232400000,3.5169,3.5269,3.5,3.5168,6782874.9,1753235999999,23822158.91005,57480
XRPUSDT,1753236000000,3.5168,3.5186,3.4948,3.506,7708693.1,1753239599999,27024273.19565,63903
XRPUSDT,1753239600000,3.506,3.508,3.488,3.4915,6101222.2,1753243199999,21343774.15432,51576
XRPUSDT,1753243200000,3.4915,3.5107,3.482,3.5102,6174955.7,1753246799999,21588358.0681,54636
XRPUSDT,1753246800000,3.5101,3.5102,3.4895,3.4923,8386054.1,1753250399999,29344942.72596,53359
XRPUSDT,1753250400000,3.4923,3.4923,3.4687,3.4824,7416317.7,1753253999999,25798356.453,50635
XRPUSDT,1753254000000,3.4825,3.4837,3.4607,3.4678,6096239.7,1753257599999,21176252.14901,63047
XRPUSDT,1753257600000,3.4677,3.474,3.4565,3.474,4483180.7,1753261199999,15539570.79782,56412
XRPUSDT,1753261200000,3.4739,3.4755,3.4416,3.4491,8714918.7,1753264799999,30112241.30839,75077
XRPUSDT,1753264800000,3.4491,3.4543,3.4304,3.4506,11340245.0,1753268399999,39026315.9785,109967
XRPUSDT,1753268400000,3.4505,3.4567,3.4367,3.4504,6280226.1,1753271999999,21651909.63685,58230
XRPUSDT,1753272000000,3.4504,3.4504,3.3069,3.3459,32708772.2,1753275599999,110393120.20183,228350
XRPUSDT,1753275600000,3.346,3.3696,3.2204,3.2634,62528732.8,1753279199999,206180720.42927,539919
XRPUSDT,1753279200000,3.2634,3.3449,3.2499,3.3038,26824276.3,1753282799999,88416051.83551,303762
XRPUSDT,1753282800000,3.3038,3.3311,3.2649,3.3224,17537631.2,1753286399999,57807664.3419,204415
XRPUSDT,1753286400000,3.3224,3.3224,3.2269,3.2296,19992226.6,1753289999999,65345000.15571,234411
XRPUSDT,1753290000000,3.2297,3.2473,3.1597,3.2403,43148266.8,1753293599999,138367345.25146,422567
XRPUSDT,1753293600000,3.2404,3.2635,3.2325,3.2508,9785651.8,1753297199999,31758982.75492,150897
XRPUSDT,1753297200000,3.2508,3.2533,3.1816,3.1838,14088235.9,1753300799999,45425254.4902,177775
XRPUSDT,1753300800000,3.1838,3.2161,3.02,3.1467,53499650.6,1753304399999,167241498.74196,513400
XRPUSDT,1753304400000,3.1468,3.176,3.0487,3.1369,32107499.7,1753307999999,100016685.76232,321297
XRPUSDT,1753308000000,3.1369,3.1989,3.1,3.1747,25044459.2,1753311599999,79311693.4184,219663
XRPUSDT,1753311600000,3.1747,3.2037,3.1717,3.1838,19550463.6,1753315199999,62329572.71456,144888
XRPUSDT,1753315200000,3.1839,3.2302,3.15,3.2231,21851076.5,1753318799999,69949921.20747,223728
XRPUSDT,1753318800000,3.2231,3.2322,3.1842,3.2311,10139663.4,1753322399999,32553104.05917,142968
XRPUSDT,1753322400000,3.2311,3.2373,3.1938,3.1977,8817520.6,1753325999999,28341999.30306,106699
XRPUSDT,1753326000000,3.1977,3.2303,3.1851,3.192,8407291.4,1753329599999,26977335.55999,98398
XRPUSDT,1753329600000,3.192,3.1965,3.1161,3.1253,22786131.6,1753333199999,71852590.21129,189683
XRPUSDT,1753333200000,3.1253,3.1308,3.0318,3.036,32749209.7,1753336799999,101011172.97254,325682
XRPUSDT,1753336800000,3.0361,3.1028,2.9555,3.0126,33813313.3,1753340399999,102587914.94308,390978
XRPUSDT,1753340400000,3.0125,3.08,2.9655,3.075,25161815.0,1753343999999,76232592.47685,285449
XRPUSDT,1753344000000,3.075,3.11,3.055,3.1013,13977056.7,1753347599999,43221654.52266,157116
XRPUSDT,1753347600000,3.1014,3.1198,3.0875,3.1155,10974689.5,1753351199999,34071310.54524,136131
XRPUSDT,1753351200000,3.1155,3.1312,3.0652,3.1037,14512450.0,1753354799999,44925422.62909,171196
XRPUSDT,1753354800000,3.1038,3.1788,3.0959,3.1685,25268345.8,1753358399999,79624799.35841,225514
XRPUSDT,1753358400000,3.1684,3.1802,3.1375,3.1614,10142300.8,1753361999999,32037566.43795,180088
XRPUSDT,1753362000000,3.1615,3.1925,3.1317,3.1348,13853831.8,1753365599999,43805638.34021,243339
XRPUSDT,1753365600000,3.1348,3.2488,3.1185,3.243,22536621.2,1753369199999,71871323.9761,264546
XRPUSDT,1753369200000,3.243,3.2651,3.21,3.2261,20995766.3,1753372799999,68021374.80316,282359
XRPUSDT,1753372800000,3.2261,3.2317,3.1686,3.1958,13930171.2,1753376399999,44546549.11761,200814
XRPUSDT,1753376400000,3.1958,3.243,3.1923,3.2277,7882594.0,1753379999999,25388498.18183,102952
XRPUSDT,1753380000000,3.2276,3.2521,3.2156,3.2377,8417169.2,1753383599999,27264445.99347,114515
XRPUSDT,1753383600000,3.2377,3.2603,3.2087,3.2087,8684225.6,1753387199999,28147889.57515,90185
XRPUSDT,1753387200000,3.2087,3.2426,3.2082,3.2287,7914288.3,1753390799999,25525512.02857,77518
XRPUSDT,1753390800000,3.2288,3.2306,3.183,3.1832,7677099.3,1753394399999,24592260.6422,63684
XRPUSDT,1753394400000,3.1833,3.1966,3.1715,3.1775,6120620.0,1753397999999,19488020.4277,73719
XRPUSDT,1753398000000,3.1775,3.1775,3.126,3.1453,9843212.2,1753401599999,30979287.05485,98504
XRPUSDT,1753401600000,3.1454,3.1566,3.092,3.1065,10715380.5,1753405199999,33413024.24526,144469
XRPUSDT,1753405200000,3.1065,3.1618,3.0992,3.149,5982131.0,1753408799999,18711215.71604,129730
XRPUSDT,1753408800000,3.149,3.1553,3.0676,3.0756,11048927.2,1753412399999,34287528.666,137862
XRPUSDT,1753412400000,3.0756,3.1071,3.0447,3.0689,16162652.6,1753415999999,49634078.60003,211089
XRPUSDT,1753416000000,3.0689,3.1187,3.0467,3.1143,10634664.7,1753419599999,32777328.67932,167650
XRPUSDT,1753419600000,3.1144,3.118,3.0705,3.0761,9384519.9,1753423199999,29018767.13149,100078
XRPUSDT,1753423200000,3.0762,3.0897,3.045,3.0733,9728300.6,1753426799999,29868631.69713,108414
XRPUSDT,1753426800000,3.0732,3.1045,3.0353,3.0745,13989034.1,1753430399999,42938999.26454,187579
XRPUSDT,1753430400000,3.0745,3.1095,3.0632,3.0804,9374933.2,1753433999999,28929377.33129,173128
XRPUSDT,1753434000000,3.0805,3.1433,3.0658,3.1351,11129843.8,1753437599999,34614321.59468,183345
XRPUSDT,1753437600000,3.1351,3.145,3.1095,3.1286,8593414.4,1753441199999,26873257.34679,110936
XRPUSDT,1753441200000,3.1287,3.1534,3.1262,3.1346,6052798.9,1753444799999,19001979.15722,91616
XRPUSDT,1753444800000,3.1346,3.1523,3.0971,3.1231,8457656.2,1753448399999,26401080.15225,155467
XRPUSDT,1753448400000,3.1231,3.1383,3.0947,3.1196,7552412.3,1753451999999,23535029.31501,156519
XRPUSDT,1753452000000,3.1197,3.122,3.0,3.0057,27581352.1,1753455599999,83958113.26399,328721
XRPUSDT,1753455600000,3.0057,3.0461,2.9981,3.0375,20238172.7,1753459199999,61248492.39206,240023
XRPUSDT,1753459200000,3.0375,3.0634,3.0254,3.0587,7825339.8,1753462799999,23807993.036,156529
XRPUSDT,1753462800000,3.0586,3.0716,3.0487,3.0603,5394347.7,1753466399999,16516649.26422,108394
XRPUSDT,1753466400000,3.0602,3.0774,3.0554,3.0709,5006426.9,1753469999999,15350267.31688,78042
XRPUSDT,1753470000000,3.071,3.0976,3.0654,3.0707,5112552.4,1753473599999,15757776.7442,78599
XRPUSDT,1753473600000,3.0708,3.133,3.0708,3.1218,7773164.0,1753477199999,24184828.34315,90969
XRPUSDT,1753477200000,3.1218,3.149,3.1218,3.1398,7631075.4,1753480799999,23939586.22025,73496
XRPUSDT,1753480800000,3.1399,3.1507,3.1345,3.1444,5307835.7,1753484399999,16682999.81474,44598
XRPUSDT,1753484400000,3.1444,3.145,3.1321,3.1423,3603885.8,1753487999999,11313181.24926,31383
XRPUSDT,1753488000000,3.1422,3.1443,3.1243,3.135,4580182.4,1753491599999,14355506.16527,41977
XRPUSDT,1753491600000,3.135,3.1396,3.1088,3.1119,4608028.3,1753495199999,14391227.31515,41276
XRPUSDT,1753495200000,3.112,3.1635,3.112,3.1517,5808334.3,1753498799999,18257795.75716,67308
XRPUSDT,1753498800000,3.1516,3.1529,3.1354,3.144,2465050.7,1753502399999,7746378.14036,36621
XRPUSDT,1753502400000,3.144,3.1576,3.1389,3.1485,3672115.4,1753505999999,11562981.40118,30229
XRPUSDT,1753506000000,3.1484,3.1766,3.1412,3.1719,5335831.4,1753509599999,16872714.04281,41667
XRPUSDT,1753509600000,3.1719,3.1734,3.1532,3.1576,3715451.6,1753513199999,11753956.89498,39661
XRPUSDT,1753513200000,3.1575,3.1662,3.1525,3.1551,1744132.8,1753516799999,5510957.15226,31895
XRPUSDT,1753516800000,3.1552,3.1794,3.1541,3.1749,3057552.1,1753520399999,9691674.15381,42260
XRPUSDT,1753520400000,3.175,3.1981,3.1715,3.1939,6032150.7,1753523999999,19211576.65046,52872
XRPUSDT,1753524000000,3.1938,3.2111,3.1932,3.1999,8397817.1,1753527599999,26896613.42289,72748
XRPUSDT,1753527600000,3.2,3.2026,3.1776,3.1855,5950404.7,1753531199999,18981614.89424,48283
XRPUSDT,1753531200000,3.1856,3.199,3.1779,3.1904,3408568.1,1753534799999,10869337.639,40412
XRPUSDT,1753534800000,3.1905,3.1985,3.1782,3.1874,3381266.0,1753538399999,10773503.30534,41180
XRPUSDT,1753538400000,3.1874,3.1975,3.1778,3.1811,3422079.0,1753541999999,10906150.44194,52089
XRPUSDT,1753542000000,3.1811,3.1928,3.1761,3.1921,3627622.8,1753545599999,11547240.6725,46018
XRPUSDT,1753545600000,3.1921,3.2181,3.1845,3.192,7437810.7,1753549199999,23828497.98492,96488
XRPUSDT,1753549200000,3.192,3.1946,3.1651,3.1727,4043364.4,1753552799999,12850500.27442,53584
XRPUSDT,1753552800000,3.1727,3.182,3.1584,3.1753,4341174.4,1753556399999,13769106.94812,43876
XRPUSDT,1753556400000,3.1752,3.1962,3.1729,3.1911,2092291.0,1753559999999,6660764.08377,40103
XRPUSDT,1753560000000,3.1911,3.192,3.1684,3.1829,1794108.1,1753563599999,5702651.43133,31571
XRPUSDT,1753563600000,3.1828,3.1953,3.1718,3.1925,1672222.0,1753567199999,5320776.99181,21532
XRPUSDT,1753567200000,3.1924,3.2098,3.1802,3.1819,3774787.3,1753570799999,12061827.14384,54089
XRPUSDT,1753570800000,3.1819,3.1821,3.1637,3.1662,2468878.2,1753574399999,7832386.78214,35254
XRPUSDT,1753574400000,3.1662,3.1833,3.1564,3.1815,3862887.2,1753577999999,12249836.72121,42717
XRPUSDT,1753578000000,3.1815,3.2025,3.1751,3.187,4044342.8,1753581599999,12912992.87312,37000
XRPUSDT,1753581600000,3.187,3.2064,3.1773,3.1981,2260957.4,1753585199999,7223111.28384,38943
XRPUSDT,1753585200000,3.1982,3.2049,3.1825,3.1994,2577937.6,1753588799999,8234645.61518,35183
XRPUSDT,1753588800000,3.1994,3.2195,3.1917,3.2096,4016399.7,1753592399999,12882756.88873,47623
XRPUSDT,1753592400000,3.2097,3.2387,3.2057,3.2226,7123975.9,1753595999999,22976719.07973,71897
XRPUSDT,1753596000000,3.2226,3.2232,3.1986,3.2016,3348228.6,1753599599999,10744379.05777,45788
XRPUSDT,1753599600000,3.2016,3.2048,3.1858,3.1897,3795439.6,1753603199999,12127112.34064,43476
XRPUSDT,1753603200000,3.1897,3.1931,3.1732,3.1848,4629228.3,1753606799999,14733614.9851,43320
XRPUSDT,1753606800000,3.1848,3.1906,3.1674,3.1711,3641252.0,1753610399999,11572090.93176,43670
XRPUSDT,1753610400000,3.1711,3.21,3.1704,3.2026,3700142.3,1753613999999,11813500.78604,46405
XRPUSDT,1753614000000,3.2026,3.2148,3.1743,3.1802,5538135.3,1753617599999,17698625.55291,69210
XRPUSDT,1753617600000,3.1802,3.1977,3.163,3.1947,6544168.7,1753621199999,20798908.49137,70499
XRPUSDT,1753621200000,3.1947,3.2077,3.1836,3.1861,5279470.5,1753624799999,16883283.64719,74234
XRPUSDT,1753624800000,3.1861,3.2018,3.1712,3.1803,4972374.7,1753628399999,15835332.06842,93061
XRPUSDT,1753628400000,3.1803,3.1878,3.1675,3.1866,5960563.1,1753631999999,18936215.55534,106437
XRPUSDT,1753632000000,3.1866,3.2288,3.1841,3.196,12517872.1,1753635599999,40205539.34955,119383
XRPUSDT,1753635600000,3.1961,3.2099,3.1768,3.2055,11067332.5,1753639199999,35337610.71174,95806
XRPUSDT,1753639200000,3.2055,3.2147,3.1958,3.2129,4839789.9,1753642799999,15516365.36271,56561
XRPUSDT,1753642800000,3.2129,3.2173,3.199,3.2088,4674419.1,1753646399999,14998852.2577,47694
XRPUSDT,1753646400000,3.2089,3.231,3.1946,3.2024,6112524.0,1753649999999,19682306.92572,63655
XRPUSDT,1753650000000,3.2025,3.2188,3.1893,3.2157,3837640.2,1753653599999,12281857.3347,57824
XRPUSDT,1753653600000,3.2158,3.2515,3.2134,3.2346,10117291.1,1753657199999,32777716.77698,94119
XRPUSDT,1753657200000,3.2345,3.2439,3.2072,3.2389,5986835.5,1753660799999,19307392.63608,84338
XRPUSDT,1753660800000,3.239,3.2864,3.2237,3.262,13045055.8,1753664399999,42563783.94104,188644
XRPUSDT,1753664400000,3.2621,3.2695,3.2224,3.2446,7637582.2,1753667999999,24762196.02691,120755
XRPUSDT,1753668000000,3.2447,3.2928,3.237,3.269,10236656.6,1753671599999,33458820.06094,104956
XRPUSDT,1753671600000,3.2689,3.2798,3.2494,3.2693,6289268.5,1753675199999,20532150.82123,74923
XRPUSDT,1753675200000,3.2693,3.2755,3.25,3.2724,5143776.8,1753678799999,16784199.6532,81788
XRPUSDT,1753678800000,3.2725,3.3308,3.2645,3.3192,13886105.9,1753682399999,45836214.08459,129527
XRPUSDT,1753682400000,3.3192,3.3255,3.2846,3.2898,9536428.1,1753685999999,31469940.56347,87758
XRPUSDT,1753686000000,3.2898,3.2942,3.2596,3.2737,10720229.0,1753689599999,35091310.86664,115438
XRPUSDT,1753689600000,3.2736,3.2777,3.25,3.2637,8496420.3,1753693199999,27707502.04761,76545
XRPUSDT,1753693200000,3.2638,3.2642,3.2388,3.2533,8567288.4,1753696799999,27868735.36344,84430
XRPUSDT,1753696800000,3.2533,3.2577,3.2319,3.2389,5526378.8,1753700399999,17917776.11619,85135
XRPUSDT,1753700400000,3.2389,3.2497,3.2241,3.2448,6410921.0,1753703999999,20743733.53236,74893
XRPUSDT,1753704000000,3.2449,3.2495,3.2253,3.23,8028804.8,1753707599999,26006608.16389,116321
XRPUSDT,1753707600000,3.23,3.2309,3.1728,3.1914,17593582.0,1753711199999,56241905.90501,263482
XRPUSDT,1753711200000,3.1914,3.2011,3.1405,3.1556,15903610.9,1753714799999,50351773.86632,240872
XRPUSDT,1753714800000,3.1556,3.1807,3.146,3.1601,10328843.5,1753718399999,32705486.8486,132818
XRPUSDT,1753718400000,3.1601,3.1856,3.1466,3.1704,9140723.0,1753721999999,28940150.76937,128091
XRPUSDT,1753722000000,3.1705,3.1818,3.1543,3.1577,5594100.1,1753725599999,17715196.68054,104608
XRPUSDT,1753725600000,3.1577,3.1608,3.1141,3.1427,15349840.8,1753729199999,48126611.43415,160841
XRPUSDT,1753729200000,3.1426,3.1632,3.1314,3.1607,7475110.7,1753732799999,23560479.42084,84715
XRPUSDT,1753732800000,3.1607,3.164,3.1111,3.1416,9214137.5,1753736399999,28881863.05726,116470
XRPUSDT,1753736400000,3.1416,3.1624,3.1307,3.1437,7002180.9,1753739999999,22031707.36294,69124
XRPUSDT,1753740000000,3.1436,3.1583,3.1076,3.1329,6461602.0,1753743599999,20249713.52301,94812
XRPUSDT,1753743600000,3.133,3.1459,3.1073,3.1235,4234964.7,1753747199999,13241361.26318,86939
XRPUSDT,1753747200000,3.1235,3.1482,3.0788,3.1253,9188372.8,1753750799999,28600168.92071,156433
XRPUSDT,1753750800000,3.1253,3.142,3.1143,3.1162,3415465.4,1753754399999,10688274.57865,73928
XRPUSDT,1753754400000,3.1162,3.1346,3.0948,3.1098,7624872.4,1753757999999,23747477.76293,132473
XRPUSDT,1753758000000,3.1098,3.1437,3.1094,3.1406,4905471.2,1753761599999,15344269.58277,69904
XRPUSDT,1753761600000,3.1407,3.1469,3.1222,3.1253,3968840.2,1753765199999,12449883.3377,53174
XRPUSDT,1753765200000,3.1252,3.1483,3.1234,3.1464,3007970.3,1753768799999,9440252.84376,40030
XRPUSDT,1753768800000,3.1463,3.1636,3.1375,3.1539,7215584.4,1753772399999,22755140.90561,56944
XRPUSDT,1753772400000,3.154,3.1823,3.1528,3.1753,6805771.6,1753775999999,21549814.51128,58478
XRPUSDT,1753776000000,3.1754,3.1856,3.1658,3.1748,4681005.6,1753779599999,14867895.30633,61454
XRPUSDT,1753779600000,3.1748,3.176,3.1492,3.1605,7529354.6,1753783199999,23799872.43172,60825
XRPUSDT,1753783200000,3.1605,3.1627,3.1133,3.1182,6983125.5,1753786799999,21908511.90205,80377
XRPUSDT,1753786800000,3.1181,3.1415,3.1134,3.1376,3870576.8,1753790399999,12108667.57847,61202
XRPUSDT,1753790400000,3.1376,3.1703,3.1356,3.1625,7282439.4,1753793999999,22981582.4339,69212
XRPUSDT,1753794000000,3.1626,3.1749,3.1329,3.14,5669616.1,1753797599999,17903628.89557,88923
XRPUSDT,1753797600000,3.1401,3.1414,3.0867,3.1038,13769901.8,1753801199999,42850978.28605,165693
XRPUSDT,1753801200000,3.1037,3.1169,3.0768,3.0987,14336115.6,1753804799999,44402494.2822,165269
XRPUSDT,1753804800000,3.0987,3.1079,3.0533,3.1072,14440743.9,1753808399999,44453578.33946,160233
XRPUSDT,1753808400000,3.1072,3.1523,3.1056,3.147,8661954.5,1753811999999,27146852.91521,94348
XRPUSDT,1753812000000,3.1471,3.1624,3.1341,3.1406,4995285.8,1753815599999,15726591.99767,65930
XRPUSDT,1753815600000,3.1406,3.1488,3.1152,3.12,3908821.2,1753819199999,12237979.68663,58603
XRPUSDT,1753819200000,3.1201,3.1307,3.094,3.1173,6319897.7,1753822799999,19651970.37403,110789
XRPUSDT,1753822800000,3.1174,3.1336,3.0972,3.1249,3071496.3,1753826399999,9554728.48222,47497
XRPUSDT,1753826400000,3.125,3.128,3.1063,3.1252,2633318.7,1753829999999,8213787.34663,43374
XRPUSDT,1753830000000,3.1253,3.1374,3.1211,3.128,3144968.1,1753833599999,9842259.40359,31067
XRPUSDT,1753833600000,3.1281,3.1321,3.103,3.1219,2869478.0,1753837199999,8943475.25403,54039
XRPUSDT,1753837200000,3.1218,3.145,3.0932,3.132,4101748.7,1753840799999,12791514.71668,66379
XRPUSDT,1753840800000,3.1319,3.1462,3.1221,3.1403,3260613.0,1753844399999,10223834.12975,50835
XRPUSDT,1753844400000,3.1403,3.15,3.1301,3.1382,2294169.0,1753847999999,7208857.9412,38619
XRPUSDT,1753848000000,3.1381,3.147,3.1129,3.1195,2882252.2,1753851599999,9016673.40491,44283
XRPUSDT,1753851600000,3.1195,3.1339,3.1042,3.1338,2709672.9,1753855199999,8443866.1983,43232
XRPUSDT,1753855200000,3.1338,3.1432,3.1295,3.1389,4401114.6,1753858799999,13815245.09832,41308
XRPUSDT,1753858800000,3.1388,3.1453,3.11,3.1202,5235775.3,1753862399999,16368586.68147,54559
XRPUSDT,1753862400000,3.1201,3.1408,3.109,3.1261,6838068.5,1753865999999,21351905.83657,65933
XRPUSDT,1753866000000,3.1262,3.1289,3.0913,3.0982,6959785.8,1753869599999,21611272.60565,84877
XRPUSDT,1753869600000,3.0982,3.1196,3.085,3.0899,3649516.9,1753873199999,11328108.49439,55729
XRPUSDT,1753873200000,3.0899,3.1024,3.0436,3.0518,12049470.9,1753876799999,36939766.06335,141639
XRPUSDT,1753876800000,3.0517,3.084,3.0403,3.0777,11106426.7,1753880399999,34015464.5766,164154
XRPUSDT,1753880400000,3.0776,3.0996,3.0702,3.0873,10459503.7,1753883999999,32270404.9306,163386
XRPUSDT,1753884000000,3.0873,3.1496,3.0773,3.1488,8480504.7,1753887599999,26389929.14906,117582
XRPUSDT,1753887600000,3.1488,3.1537,3.1252,3.1435,9497196.7,1753891199999,29812074.08601,125175
XRPUSDT,1753891200000,3.1436,3.1621,3.1293,3.1371,7801994.1,1753894799999,24520179.70238,80562
XRPUSDT,1753894800000,3.1371,3.1503,3.1225,3.1314,4033176.7,1753898399999,12651121.02157,55686
XRPUSDT,1753898400000,3.1315,3.1478,3.0491,3.0504,15532824.6,1753901999999,48111764.94198,223004
XRPUSDT,1753902000000,3.0504,3.1176,3.001,3.0978,32449579.6,1753905599999,98889688.84515,291471
XRPUSDT,1753905600000,3.0979,3.1168,3.09,3.0923,5982792.8,1753909199999,18572431.71321,93052
XRPUSDT,1753909200000,3.0923,3.0997,3.0625,3.0788,4390229.1,1753912799999,13532715.43062,59838
XRPUSDT,1753912800000,3.0788,3.0892,3.0662,3.083,2733841.5,1753916399999,8405858.27458,65373
XRPUSDT,1753916400000,3.0829,3.1038,3.0812,3.0966,3923599.4,1753919999999,12144629.05174,46673
XRPUSDT,1753920000000,3.0967,3.1273,3.0872,3.127,4371781.9,1753923599999,13595979.88203,62102
XRPUSDT,1753923600000,3.127,3.1365,3.1158,3.1282,3181375.1,1753927199999,9940385.39637,45343
XRPUSDT,1753927200000,3.1281,3.1376,3.1217,3.1362,3211957.5,1753930799999,10052276.18978,38846
XRPUSDT,1753930800000,3.1363,3.1466,3.1309,3.1398,4848880.8,1753934399999,15218425.34979,33856
XRPUSDT,1753934400000,3.1399,3.1438,3.1306,3.1402,2518236.5,1753937999999,7899888.33061,24866
XRPUSDT,1753938000000,3.1402,3.1497,3.1363,3.1422,3053996.3,1753941599999,9601675.59,20952
XRPUSDT,1753941600000,3.1422,3.148,3.1333,3.1474,4327148.5,1753945199999,13592431.81935,27303
XRPUSDT,1753945200000,3.1475,3.155,3.1412,3.1549,4980342.7,1753948799999,15682054.16482,32112
XRPUSDT,1753948800000,3.1549,3.172,3.1543,3.16,4278012.7,1753952399999,13524486.76379,38072
XRPUSDT,1753952400000,3.1601,3.1784,3.1565,3.1695,4182717.9,1753955999999,13253380.98361,35997
XRPUSDT,1753956000000,3.1696,3.1772,3.1602,3.1713,3926028.9,1753959599999,12435527.99698,28792
XRPUSDT,1753959600000,3.1712,3.1754,3.148,3.1515,5072307.8,1753963199999,16025147.89408,37134
XRPUSDT,1753963200000,3.1516,3.1525,3.1212,3.1346,7083585.0,1753966799999,22187914.43735,75877
XRPUSDT,1753966800000,3.1345,3.1351,3.084,3.1129,8837664.4,1753970399999,27475244.4194,135934
XRPUSDT,1753970400000,3.1129,3.1249,3.0809,3.0811,7171557.8,1753973999999,22218793.89154,130554
XRPUSDT,1753974000000,3.081,3.1029,3.0763,3.1011,5252945.2,1753977599999,16248297.48986,91529
XRPUSDT,1753977600000,3.1011,3.1366,3.0963,3.1218,5873483.3,1753981199999,18310987.78339,84139
XRPUSDT,1753981200000,3.1218,3.1225,3.08,3.086,4531087.1,1753984799999,14025257.01187,92260
XRPUSDT,1753984800000,3.086,3.1001,3.0688,3.0845,6332134.4,1753988399999,19529312.20295,72316
XRPUSDT,1753988400000,3.0846,3.0901,3.0525,3.0579,6453384.6,1753991999999,19790544.48513,93404
XRPUSDT,1753992000000,3.0578,3.0673,3.0444,3.0514,8374369.0,1753995599999,25575738.50821,99728
XRPUSDT,1753995600000,3.0514,3.0675,3.029,3.0493,10098997.5,1753999199999,30776092.13739,88692
XRPUSDT,1753999200000,3.0493,3.0495,3.0161,3.027,11115598.0,1754002799999,33655738.16892,108069
XRPUSDT,1754002800000,3.027,3.0433,3.0108,3.0224,6434707.4,1754006399999,19486952.78661,83157
XRPUSDT,1754006400000,3.0223,3.026,2.9292,2.9868,32521577.9,1754009999999,96999072.65901,294811
XRPUSDT,1754010000000,2.9869,2.9988,2.9368,2.986,16172779.8,1754013599999,48048159.43654,265579
XRPUSDT,1754013600000,2.9859,3.024,2.9774,3.0191,8951315.6,1754017199999,26910699.46009,114728
XRPUSDT,1754017200000,3.0191,3.0243,2.994,2.9983,4692952.2,1754020799999,14123192.51252,62766
XRPUSDT,1754020800000,2.9982,2.9982,2.9734,2.9859,5357386.9,1754024399999,15993444.48074,97780
XRPUSDT,1754024400000,2.986,2.997,2.9518,2.959,7591910.0,1754027999999,22556432.89098,124873
XRPUSDT,1754028000000,2.959,2.9672,2.9351,2.9626,7425322.4,1754031599999,21907002.86209,132179
XRPUSDT,1754031600000,2.9625,2.9719,2.9388,2.9558,8646568.1,1754035199999,25531516.64641,126058
XRPUSDT,1754035200000,2.9558,2.9558,2.892,2.9157,22134804.2,1754038799999,64540897.77321,236287
XRPUSDT,1754038800000,2.9157,2.9418,2.9128,2.9223,6828356.9,1754042399999,20018497.40471,99590
XRPUSDT,1754042400000,2.9223,2.9591,2.9197,2.9527,6171269.1,1754045999999,18174881.58653,94841
XRPUSDT,1754046000000,2.9527,2.9721,2.94,2.9707,6111252.1,1754049599999,18058956.56117,79888
XRPUSDT,1754049600000,2.9706,3.0081,2.9668,2.9938,13191022.6,1754053199999,39433303.44212,161695
XRPUSDT,1754053200000,2.9938,3.018,2.93,2.9575,15678218.6,1754056799999,46707969.32284,231160
XRPUSDT,1754056800000,2.9575,3.0585,2.9357,3.0531,18293257.0,1754060399999,55085739.78243,224628
XRPUSDT,1754060400000,3.0532,3.059,3.0092,3.0436,9515891.1,1754063999999,28885959.03851,139284
XRPUSDT,1754064000000,3.0435,3.0526,3.0053,3.0119,7189411.4,1754067599999,21796677.19196,105951
XRPUSDT,1754067600000,3.0118,3.0323,2.9852,3.002,7232776.6,1754071199999,21735350.38354,123498
XRPUSDT,1754071200000,3.0019,3.0307,2.9742,3.01,9441748.5,1754074799999,28368246.60716,146755
XRPUSDT,1754074800000,3.01,3.0321,2.9968,3.0141,8722311.4,1754078399999,26287201.43702,161415
XRPUSDT,1754078400000,3.0142,3.0222,2.9557,3.008,10136562.0,1754081999999,30255648.87831,164091
XRPUSDT,1754082000000,3.0079,3.029,2.9914,2.9956,5021467.8,1754085599999,15119158.10259,83214
XRPUSDT,1754085600000,2.9955,2.9992,2.8959,2.925,18394602.6,1754089199999,53905807.04776,291261
XRPUSDT,1754089200000,2.9249,2.971,2.9177,2.9613,5561931.6,1754092799999,16400464.24891,102329
XRPUSDT,1754092800000,2.9614,2.986,2.9478,2.9787,6306186.1,1754096399999,18697571.66971,125688
XRPUSDT,1754096400000,2.9787,2.9835,2.9608,2.9772,1881247.6,1754099999999,5591935.47051,38244
XRPUSDT,1754100000000,2.9772,2.9808,2.9701,2.9765,1384506.3,1754103599999,4120302.44761,28433
XRPUSDT,1754103600000,2.9765,2.9838,2.9734,2.9834,1447461.2,1754107199999,4311723.77118,26614
XRPUSDT,1754107200000,2.9834,3.0206,2.9794,3.0191,4212358.3,1754110799999,12646556.80364,43468
XRPUSDT,1754110800000,3.019,3.0203,3.0042,3.0108,6713878.1,1754114399999,20212045.01121,57866
XRPUSDT,1754114400000,3.0107,3.012,2.9456,2.9692,5962223.1,1754117999999,17725334.18127,112608
XRPUSDT,1754118000000,2.9692,2.9945,2.9467,2.9924,3952960.5,1754121599999,11760010.30747,82827
XRPUSDT,1754121600000,2.9924,3.0023,2.9737,2.9776,3497695.9,1754125199999,10452589.32926,62881
XRPUSDT,1754125200000,2.9776,2.9849,2.9545,2.9668,3204460.0,1754128799999,9502476.14964,76827
XRPUSDT,1754128800000,2.9669,2.9704,2.933,2.9437,4307793.0,1754132399999,12694899.73689,84592
XRPUSDT,1754132400000,2.9436,2.962,2.93,2.9404,4492114.3,1754135999999,13228597.27707,71014
XRPUSDT,1754136000000,2.9404,2.9454,2.9235,2.9387,4119985.8,1754139599999,12089516.51413,67164
XRPUSDT,1754139600000,2.9387,2.9466,2.9184,2.9392,3716520.0,1754143199999,10897333.81202,77307
XRPUSDT,1754143200000,2.9393,2.9411,2.8714,2.8789,13625990.0,1754146799999,39460774.67594,148513
XRPUSDT,1754146800000,2.8788,2.8942,2.822,2.83,15944722.8,1754150399999,45519693.10114,170610
XRPUSDT,1754150400000,2.83,2.8527,2.8117,2.8443,13055172.5,1754153999999,36983488.20127,177220
XRPUSDT,1754154000000,2.8442,2.8658,2.8082,2.8239,10746170.9,1754157599999,30524086.99585,115086
XRPUSDT,1754157600000,2.824,2.8332,2.7418,2.7605,28725178.7,1754161199999,79727430.74758,329463
XRPUSDT,1754161200000,2.7605,2.8182,2.7547,2.7794,13491994.2,1754164799999,37648702.53376,145070
XRPUSDT,1754164800000,2.7793,2.8013,2.7762,2.7979,6000792.2,1754168399999,16720743.19598,113028
XRPUSDT,1754168400000,2.7979,2.8176,2.7791,2.7997,6446617.0,1754171999999,18045391.02363,90670
XRPUSDT,1754172000000,2.7998,2.8179,2.7829,2.798,5090522.9,1754175599999,14254384.99585,88200
XRPUSDT,1754175600000,2.798,2.7991,2.7387,2.7695,12407105.3,1754179199999,34306808.63973,173509
XRPUSDT,1754179200000,2.7695,2.7944,2.728,2.7854,14925417.5,1754182799999,41278674.14502,245899
XRPUSDT,1754182800000,2.7853,2.8061,2.775,2.7989,6156965.9,1754186399999,17193403.59042,117153
XRPUSDT,1754186400000,2.7989,2.8292,2.7986,2.8271,6700628.7,1754189999999,18881304.81862,67938
XRPUSDT,1754190000000,2.8271,2.8411,2.8165,2.8358,6521008.7,1754193599999,18441825.5584,63806
XRPUSDT,1754193600000,2.8357,2.8361,2.8142,2.8247,3508289.8,1754197199999,9911429.82143,52843
XRPUSDT,1754197200000,2.8247,2.8449,2.8239,2.8345,3422548.0,1754200799999,9705221.52319,47977
XRPUSDT,1754200800000,2.8345,2.8442,2.8255,2.8389,3072016.4,1754204399999,8714209.11613,38054
XRPUSDT,1754204400000,2.8389,2.8698,2.8389,2.8652,7524018.3,1754207999999,21501501.21112,62886
XRPUSDT,1754208000000,2.8652,2.8775,2.8496,2.8672,7804070.3,1754211599999,22378970.80736,64633
XRPUSDT,1754211600000,2.8672,2.8714,2.8509,2.8658,3794028.7,1754215199999,10846350.80873,40996
XRPUSDT,1754215200000,2.8658,2.8755,2.864,2.8686,3353033.2,1754218799999,9625520.70838,36748
XRPUSDT,1754218800000,2.8686,2.894,2.868,2.8694,7241084.4,1754222399999,20867794.77502,79520
XRPUSDT,1754222400000,2.8694,2.8823,2.8585,2.8766,5390729.8,1754225999999,15466091.3234,65626
XRPUSDT,1754226000000,2.8766,2.8837,2.866,2.8754,3822881.4,1754229599999,10995888.11378,57999
XRPUSDT,1754229600000,2.8754,2.8955,2.8598,2.8855,6500830.5,1754233199999,18695965.39147,83974
XRPUSDT,1754233200000,2.8856,2.9032,2.8769,2.8951,6211521.0,1754236799999,17969075.33817,81604
XRPUSDT,1754236800000,2.8951,2.9205,2.8856,2.9187,7656549.3,1754240399999,22213389.82626,74200
XRPUSDT,1754240400000,2.9186,2.93,2.9026,2.9159,6536519.5,1754243999999,19061926.45397,87191
XRPUSDT,1754244000000,2.9159,2.917,2.8949,2.9167,5736148.9,1754247599999,16668351.60293,70950
XRPUSDT,1754247600000,2.9167,2.9237,2.9052,2.9163,5811718.8,1754251199999,16945882.97468,58647
XRPUSDT,1754251200000,2.9163,2.9237,2.9015,2.9173,4181475.6,1754254799999,12169021.47609,51425
XRPUSDT,1754254800000,2.9173,2.9352,2.9109,2.929,5378533.6,1754258399999,15712007.47285,40099
XRPUSDT,1754258400000,2.9289,2.9432,2.914,2.9424,8790438.2,1754261999999,25728491.01444,75725
XRPUSDT,1754262000000,2.9424,2.9625,2.9393,2.948,9376921.3,1754265599999,27670242.41537,92654
XRPUSDT,1754265600000,2.9481,3.0189,2.9312,3.0166,11371883.2,1754269199999,33867200.07816,150576
XRPUSDT,1754269200000,3.0167,3.0312,2.9948,2.998,13478550.3,1754272799999,40642422.00347,138347
XRPUSDT,1754272800000,2.998,3.016,2.9832,3.0145,7797092.3,1754276399999,23378319.59857,73396
XRPUSDT,1754276400000,3.0144,3.0164,2.9933,2.9983,3757027.5,1754279999999,11279042.30905,32751
XRPUSDT,1754280000000,2.9984,3.009,2.9856,2.9881,4298819.8,1754283599999,12879456.32737,35158
XRPUSDT,1754283600000,2.9881,2.9892,2.9661,2.9842,6887845.3,1754287199999,20511052.73854,53248
XRPUSDT,1754287200000,2.9843,2.9906,2.9669,2.9826,5307060.9,1754290799999,15804872.70179,60787
XRPUSDT,1754290800000,2.9826,3.019,2.9809,3.0119,6145675.5,1754294399999,18434676.13084,48141
XRPUSDT,1754294400000,3.0119,3.0241,3.0041,3.0083,6754545.9,1754297999999,20356514.9977,69520
XRPUSDT,1754298000000,3.0083,3.0122,2.9894,2.991,6196091.9,1754301599999,18602083.91723,58025
XRPUSDT,1754301600000,2.991,3.0032,2.9848,2.9856,3291090.3,1754305199999,9854257.18929,45804
XRPUSDT,1754305200000,2.9856,2.9987,2.9767,2.9925,5539636.4,1754308799999,16545816.52648,45385
XRPUSDT,1754308800000,2.9925,3.0058,2.9796,3.0036,4460445.7,1754312399999,13342449.99193,39229
XRPUSDT,1754312400000,3.0036,3.0549,2.9948,3.0516,13721883.0,1754315999999,41546538.81649,104584
XRPUSDT,1754316000000,3.0515,3.0813,3.0264,3.0356,19756005.5,1754319599999,60471399.72121,154841
XRPUSDT,1754319600000,3.0356,3.0471,3.0179,3.0313,6433970.5,1754323199999,19513371.29964,79215
XRPUSDT,1754323200000,3.0312,3.0743,3.0312,3.0719,8779642.2,1754326799999,26825795.7532,96187
XRPUSDT,1754326800000,3.072,3.0899,3.0559,3.0584,9279491.9,1754330399999,28527508.5514,75816
XRPUSDT,1754330400000,3.0584,3.0652,3.0396,3.0447,4977104.8,1754333999999,15186591.94871,42771
XRPUSDT,1754334000000,3.0446,3.0518,3.0372,3.0492,2232084.0,1754337599999,6795853.53395,39158
XRPUSDT,1754337600000,3.0492,3.0628,3.0405,3.0491,2977824.7,1754341199999,9086194.87635,51696
XRPUSDT,1754341200000,3.0491,3.078,3.0482,3.0703,3958703.9,1754344799999,12137173.50532,47555
XRPUSDT,1754344800000,3.0703,3.0867,3.0662,3.0866,4196462.8,1754348399999,12910806.0234,42179
XRPUSDT,1754348400000,3.0867,3.0867,3.0677,3.0716,3052686.1,1754351999999,9392798.55902,37498
XRPUSDT,1754352000000,3.0715,3.0919,3.0567,3.0903,5530288.7,1754355599999,17020734.57643,64853
XRPUSDT,1754355600000,3.0903,3.1072,3.0545,3.0558,6917327.9,1754359199999,21303656.19129,76742
XRPUSDT,1754359200000,3.0559,3.0635,3.0465,3.0621,3314552.1,1754362799999,10125529.74736,37276
XRPUSDT,1754362800000,3.0621,3.0624,3.034,3.038,5607861.3,1754366399999,17059763.39071,53092
XRPUSDT,1754366400000,3.038,3.0458,3.0256,3.0341,4081448.9,1754369999999,12384807.1002,41671
XRPUSDT,1754370000000,3.0341,3.0416,3.0289,3.0414,3650328.6,1754373599999,11084910.3181,27080
XRPUSDT,1754373600000,3.0414,3.0548,3.0165,3.0223,5524074.6,1754377199999,16780650.77434,47219
XRPUSDT,1754377200000,3.0223,3.0344,2.9958,3.0042,7297464.4,1754380799999,21976829.32191,79530
XRPUSDT,1754380800000,3.0041,3.0387,2.9992,3.0332,6148633.4,1754384399999,18570922.0997,62141
XRPUSDT,1754384400000,3.0331,3.0646,3.0331,3.0606,4881026.8,1754387999999,14859276.34228,48509
XRPUSDT,1754388000000,3.0607,3.0799,3.0509,3.074,4471891.9,1754391599999,13717541.84087,64429
XRPUSDT,1754391600000,3.0741,3.08,3.0593,3.0627,4563537.3,1754395199999,14001149.65131,49135
XRPUSDT,1754395200000,3.0628,3.0654,3.0122,3.0264,8508675.8,1754398799999,25859225.62798,110400
XRPUSDT,1754398800000,3.0265,3.044,3.0222,3.0376,6121972.5,1754402399999,18572841.58157,100632
XRPUSDT,1754402400000,3.0376,3.0389,2.9592,2.9768,21032575.3,1754405999999,62768117.8191,240129
XRPUSDT,1754406000000,2.9768,2.9945,2.9568,2.9713,9633045.2,1754409599999,28671988.50201,109591
XRPUSDT,1754409600000,2.9713,2.9912,2.9617,2.9689,6230255.2,1754413199999,18549485.64243,90959
XRPUSDT,1754413200000,2.9689,2.9935,2.9682,2.9894,3259534.1,1754416799999,9720785.6355,71241
XRPUSDT,1754416800000,2.9893,2.9902,2.9526,2.9775,4605216.3,1754420399999,13678383.81475,91065
XRPUSDT,1754420400000,2.9775,2.9846,2.9453,2.9464,3672432.3,1754423999999,10878934.88026,79880
XRPUSDT,1754424000000,2.9464,2.9684,2.9354,2.9385,4979530.0,1754427599999,14698476.87422,75847
XRPUSDT,1754427600000,2.9385,2.9543,2.9331,2.9358,3760609.5,1754431199999,11072574.31328,48307
XRPUSDT,1754431200000,2.9357,2.9624,2.9164,2.9606,6543060.4,1754434799999,19237813.83538,81106
XRPUSDT,1754434800000,2.9605,2.9759,2.9563,2.9623,3917955.2,1754438399999,11625601.60831,48323
XRPUSDT,1754438400000,2.9622,2.9647,2.9264,2.9316,3122878.3,1754441999999,9203447.82354,60659
XRPUSDT,1754442000000,2.9316,2.9431,2.9198,2.9402,3663986.6,1754445599999,10741147.41917,77022
XRPUSDT,1754445600000,2.9403,2.9413,2.9181,2.9326,2991484.7,1754449199999,8764230.12557,58540
XRPUSDT,1754449200000,2.9326,2.9343,2.9088,2.9142,4208404.6,1754452799999,12283264.57822,59646
XRPUSDT,1754452800000,2.9143,2.9187,2.9014,2.9112,4415279.1,1754456399999,12844590.73484,47719
XRPUSDT,1754456400000,2.9113,2.9683,2.9061,2.9513,9729762.9,1754459999999,28687568.44867,94095
XRPUSDT,1754460000000,2.9513,2.9563,2.93,2.9488,4613891.5,1754463599999,13571971.67338,47906
XRPUSDT,1754463600000,2.9488,2.9605,2.9437,2.9557,5321905.4,1754467199999,15714646.03055,48131
XRPUSDT,1754467200000,2.9558,2.9599,2.9185,2.93,9591109.5,1754470799999,28154559.02109,61571
XRPUSDT,1754470800000,2.93,2.9529,2.9221,2.9439,4217176.6,1754474399999,12398967.37267,46755
XRPUSDT,1754474400000,2.9439,2.9477,2.9271,2.9362,4176418.8,1754477999999,12269186.68441,39768
XRPUSDT,1754478000000,2.9362,2.9563,2.9348,2.9464,3453197.4,1754481599999,10173786.01976,31223
XRPUSDT,1754481600000,2.9465,2.9542,2.9233,2.9397,4862877.3,1754485199999,14294811.7392,54775
XRPUSDT,1754485200000,2.9398,2.9597,2.9312,2.949,7154468.3,1754488799999,21095917.05736,89081
XRPUSDT,1754488800000,2.949,2.9856,2.939,2.9855,7542414.4,1754492399999,22335801.11589,96009
XRPUSDT,1754492400000,2.9855,3.0083,2.9672,3.0042,8582263.0,1754495999999,25615048.97503,89965
XRPUSDT,1754496000000,3.0042,3.015,2.9761,2.9811,6979162.4,1754499599999,20903210.97042,94417
XRPUSDT,1754499600000,2.9811,3.0039,2.9699,3.0036,4120626.5,1754503199999,12316700.54572,53696
XRPUSDT,1754503200000,3.0036,3.0187,2.9961,3.0019,4205378.0,1754506799999,12650847.10202,53095
XRPUSDT,1754506800000,3.0019,3.0142,2.9985,3.0116,2528445.8,1754510399999,7605314.00664,40649
XRPUSDT,1754510400000,3.0116,3.0116,2.9915,2.9941,2316357.0,1754513999999,6948263.7896,35837
XRPUSDT,1754514000000,2.994,3.0057,2.9753,2.9936,3141065.6,1754517599999,9394717.65213,34269
XRPUSDT,1754517600000,2.9937,2.9998,2.9892,2.999,1570554.6,1754521199999,4704548.26817,29008
XRPUSDT,1754521200000,2.999,3.0015,2.99,2.9908,1890467.3,1754524799999,5663486.00879,19193
XRPUSDT,1754524800000,2.9908,2.9939,2.979,2.987,1747402.2,1754528399999,5218074.22087,27393
XRPUSDT,1754528400000,2.9871,3.011,2.9826,2.9858,3999277.0,1754531999999,11983344.84228,47962
XRPUSDT,1754532000000,2.9857,2.99,2.9729,2.9757,2125609.5,1754535599999,6337414.16676,25942
XRPUSDT,1754535600000,2.9756,2.9807,2.9676,2.9683,3062952.0,1754539199999,9102390.44801,21190
XRPUSDT,1754539200000,2.9682,2.9828,2.9641,2.9761,3093054.0,1754542799999,9199695.97128,23543
XRPUSDT,1754542800000,2.9761,2.9956,2.971,2.9951,3444630.5,1754546399999,10273177.15769,27395
XRPUSDT,1754546400000,2.9951,3.0139,2.9925,3.0008,6656267.2,1754549999999,19993340.53954,46610
XRPUSDT,1754550000000,3.0007,3.0107,2.9987,2.9999,3866721.3,1754553599999,11622960.30628,39793
XRPUSDT,1754553600000,2.9998,3.0103,2.9935,2.9969,3993298.0,1754557199999,11982653.0673,37318
XRPUSDT,1754557200000,2.9968,3.0077,2.9881,3.007,3056070.1,1754560799999,9160851.98728,34475
XRPUSDT,1754560800000,3.007,3.0764,3.0057,3.07,14762817.7,1754564399999,45041623.89606,140359
XRPUSDT,1754564400000,3.0701,3.0882,3.0668,3.0793,8962899.6,1754567999999,27594035.95483,83481
XRPUSDT,1754568000000,3.0792,3.086,3.0611,3.0773,8295416.4,1754571599999,25482243.2389,74070
XRPUSDT,1754571600000,3.0772,3.0847,3.0666,3.071,6699535.7,1754575199999,20592567.28332,67581
XRPUSDT,1754575200000,3.071,3.0723,3.0439,3.0486,8778519.0,1754578799999,26832852.69486,68096
XRPUSDT,1754578800000,3.0486,3.0665,3.041,3.0625,5434701.6,1754582399999,16601355.37004,55336
XRPUSDT,1754582400000,3.0625,3.0665,3.0087,3.0381,6818962.4,1754585999999,20721640.02977,74672
XRPUSDT,1754586000000,3.038,3.0536,3.0292,3.0498,4525088.4,1754589599999,13753806.30051,65022
XRPUSDT,1754589600000,3.0498,3.0569,3.0401,3.0539,2459384.9,1754593199999,7498680.35316,42096
XRPUSDT,1754593200000,3.0539,3.1024,3.0518,3.1018,8661934.7,1754596799999,26671119.94561,58879
XRPUSDT,1754596800000,3.1018,3.121,3.0994,3.111,12766495.3,1754600399999,39720561.80918,113339
XRPUSDT,1754600400000,3.111,3.3,3.1036,3.25,39661630.6,1754603999999,127093497.20617,350525
XRPUSDT,1754604000000,3.25,3.3316,3.2437,3.3256,31713940.7,1754607599999,103997575.70713,312897
XRPUSDT,1754607600000,3.3256,3.3338,3.2788,3.3197,17609024.3,1754611199999,58207610.57311,189507
XRPUSDT,1754611200000,3.3196,3.337,3.2876,3.2984,32498840.4,1754614799999,107648642.51291,389858
XRPUSDT,1754614800000,3.2984,3.322,3.2704,3.3196,19730571.3,1754618399999,64970499.87988,300696
XRPUSDT,1754618400000,3.3196,3.3498,3.305,3.3413,11726606.4,1754621999999,39024888.94977,138042
XRPUSDT,1754622000000,3.3413,3.3762,3.3312,3.3762,12809364.4,1754625599999,43038466.33339,161732
XRPUSDT,1754625600000,3.3762,3.3825,3.342,3.3506,11118762.2,1754629199999,37387577.21384,140368
XRPUSDT,1754629200000,3.3507,3.3519,3.309,3.316,13085837.8,1754632799999,43528373.33505,111489
XRPUSDT,1754632800000,3.3159,3.3505,3.3064,3.3491,8148096.4,1754636399999,27134688.2707,104249
XRPUSDT,1754636400000,3.3492,3.36,3.3256,3.3558,6594049.2,1754639999999,22051765.48641,86789
XRPUSDT,1754640000000,3.3558,3.3606,3.3226,3.336,7787196.4,1754643599999,26030170.99628,70700
XRPUSDT,1754643600000,3.3361,3.3444,3.3114,3.3278,8663094.4,1754647199999,28824912.02963,66133
XRPUSDT,1754647200000,3.3278,3.3328,3.3019,3.3093,7376902.6,1754650799999,24445488.0806,59612
XRPUSDT,1754650800000,3.3094,3.3378,3.3094,3.3364,4790234.6,1754654399999,15931778.87301,45248
XRPUSDT,1754654400000,3.3364,3.3378,3.3079,3.3208,7396368.6,1754657999999,24561357.32034,71934
XRPUSDT,1754658000000,3.3209,3.3563,3.3137,3.3507,10953640.9,1754661599999,36548018.79436,106065
XRPUSDT,1754661600000,3.3507,3.3726,3.2674,3.2805,26524262.7,1754665199999,87970880.90614,259269
XRPUSDT,1754665200000,3.2805,3.2816,3.2051,3.2216,24020275.9,1754668799999,77706743.46983,249924
XRPUSDT,1754668800000,3.2216,3.2482,3.22,3.2467,9759708.2,1754672399999,31604448.9588,106186
XRPUSDT,1754672400000,3.2468,3.295,3.2459,3.2938,11816747.3,1754675999999,38636729.22521,114580
XRPUSDT,1754676000000,3.2938,3.297,3.263,3.277,9718425.0,1754679599999,31907038.27152,119562
XRPUSDT,1754679600000,3.2771,3.3404,3.271,3.3389,9974160.6,1754683199999,32914325.80677,98417
XRPUSDT,1754683200000,3.3389,3.3389,3.297,3.312,8934203.2,1754686799999,29610556.28918,105744
XRPUSDT,1754686800000,3.3119,3.315,3.3019,3.3037,2775350.4,1754690399999,9182010.72854,40443
XRPUSDT,1754690400000,3.3038,3.304,3.2867,3.2883,4531659.3,1754693999999,14935390.53304,54657
XRPUSDT,1754694000000,3.2883,3.3005,3.2791,3.2859,3191797.8,1754697599999,10493759.84768,38260
XRPUSDT,1754697600000,3.2858,3.2992,3.2801,3.2976,2749634.4,1754701199999,9045729.06212,41466
XRPUSDT,1754701200000,3.2976,3.3141,3.2872,3.3053,3151834.8,1754704799999,10409683.19285,47592
XRPUSDT,1754704800000,3.3053,3.3065,3.2936,3.3043,2179682.0,1754708399999,7195874.36413,32326
XRPUSDT,1754708400000,3.3042,3.3078,3.2896,3.2911,2807392.7,1754711999999,9259363.64742,36922
XRPUSDT,1754712000000,3.2911,3.3082,3.288,3.2995,3011684.5,1754715599999,9931656.3331,51567
XRPUSDT,1754715600000,3.2995,3.3348,3.2961,3.3131,19321946.4,1754719199999,64162172.79354,125826
XRPUSDT,1754719200000,3.3132,3.3157,3.297,3.3044,4481590.1,1754722799999,14808353.86633,63328
XRPUSDT,1754722800000,3.3043,3.3244,3.3007,3.3202,3497232.5,1754726399999,11593389.05209,37397
XRPUSDT,1754726400000,3.3201,3.3286,3.3116,3.3213,2970426.8,1754729999999,9864218.36985,42177
XRPUSDT,1754730000000,3.3212,3.3475,3.3199,3.3352,7337103.0,1754733599999,24478442.25149,59210
XRPUSDT,1754733600000,3.3351,3.3465,3.3264,3.333,5065110.9,1754737199999,16894751.36498,55214
XRPUSDT,1754737200000,3.3331,3.3339,3.3044,3.309,4316248.6,1754740799999,14320977.57157,58703
XRPUSDT,1754740800000,3.309,3.3272,3.303,3.3249,3036747.3,1754744399999,10077401.88198,52260
XRPUSDT,1754744400000,3.3248,3.3266,3.2761,3.2769,10798210.7,1754747999999,35581205.94445,113324
XRPUSDT,1754748000000,3.2769,3.2957,3.2461,3.2954,9392700.6,1754751599999,30742468.86053,103936
XRPUSDT,1754751600000,3.2954,3.296,3.2639,3.273,5046428.8,1754755199999,16540534.91163,85294
XRPUSDT,1754755200000,3.2731,3.287,3.2664,3.2726,4057475.8,1754758799999,13296548.91965,68425
XRPUSDT,1754758800000,3.2725,3.298,3.267,3.2845,3855413.3,1754762399999,12664020.3621,55230
XRPUSDT,1754762400000,3.2844,3.2895,3.277,3.2847,2859615.6,1754765999999,9389712.30019,49800
XRPUSDT,1754766000000,3.2846,3.2942,3.259,3.265,4050941.3,1754769599999,13259012.70975,54534
XRPUSDT,1754769600000,3.2649,3.2758,3.2515,3.2592,6111150.8,1754773199999,19932065.34405,77863
XRPUSDT,1754773200000,3.2591,3.2663,3.2324,3.2483,6567020.0,1754776799999,21318063.60041,84920
XRPUSDT,1754776800000,3.2483,3.2629,3.2083,3.2258,10249026.3,1754780399999,33160739.98922,132236
XRPUSDT,1754780400000,3.2259,3.234,3.2133,3.2259,3731173.5,1754783999999,12034095.63168,60130
XRPUSDT,1754784000000,3.2259,3.245,3.2258,3.2339,4795774.7,1754787599999,15527086.47294,52410
XRPUSDT,1754787600000,3.234,3.24,3.2189,3.2367,3892665.9,1754791199999,12575778.35964,65389
XRPUSDT,1754791200000,3.2368,3.2486,3.227,3.2422,3633496.0,1754794799999,11774530.97808,55291
XRPUSDT,1754794800000,3.2421,3.2679,3.2389,3.259,6598341.8,1754798399999,21488118.00453,91111
XRPUSDT,1754798400000,3.259,3.2795,3.25,3.274,4335729.0,1754801999999,14160857.92625,45575
XRPUSDT,1754802000000,3.274,3.2746,3.2469,3.2561,3693976.2,1754805599999,12039765.5613,56585
XRPUSDT,1754805600000,3.2562,3.2636,3.2358,3.2486,3468909.9,1754809199999,11264795.99629,74006
XRPUSDT,1754809200000,3.2486,3.2542,3.1618,3.1875,17407845.8,1754812799999,55590787.27013,167233
XRPUSDT,1754812800000,3.1874,3.212,3.1521,3.2088,11520058.8,1754816399999,36623495.95465,120292
XRPUSDT,1754816400000,3.2089,3.22,3.2058,3.2142,3355260.8,1754819999999,10774426.19782,48403
XRPUSDT,1754820000000,3.2142,3.2164,3.181,3.1897,4977590.8,1754823599999,15918863.02928,60736
XRPUSDT,1754823600000,3.1897,3.204,3.1776,3.1914,3524367.1,1754827199999,11250204.99602,54328
XRPUSDT,1754827200000,3.1914,3.1971,3.1802,3.1886,2657987.3,1754830799999,8476197.81683,48139
XRPUSDT,1754830800000,3.1885,3.1965,3.1627,3.1634,4134845.9,1754834399999,13139047.82893,57245
XRPUSDT,1754834400000,3.1634,3.2044,3.1568,3.201,5738282.9,1754837999999,18264953.87984,62559
XRPUSDT,1754838000000,3.2009,3.203,3.1799,3.185,4311915.3,1754841599999,13768060.7426,48841
XRPUSDT,1754841600000,3.185,3.2016,3.1821,3.1977,2493497.8,1754845199999,7966912.70286,33419
XRPUSDT,1754845200000,3.1976,3.2004,3.182,3.1978,2163407.4,1754848799999,6908807.94499,35203
XRPUSDT,1754848800000,3.1977,3.2087,3.1936,3.2076,2029139.6,1754852399999,6493543.68173,24199
XRPUSDT,1754852400000,3.2076,3.2146,3.202,3.207,2050877.8,1754855999999,6580361.37456,25716
XRPUSDT,1754856000000,3.207,3.2085,3.1776,3.1857,6721239.9,1754859599999,21451946.22153,55502
XRPUSDT,1754859600000,3.1858,3.1864,3.1581,3.1827,8615193.8,1754863199999,27332256.27263,62797
XRPUSDT,1754863200000,3.1828,3.1933,3.1694,3.181,7439728.2,1754866799999,23664135.54261,59037
XRPUSDT,1754866800000,3.1811,3.1928,3.1648,3.187,3584588.4,1754870399999,11392941.36091,41556
XRPUSDT,1754870400000,3.1869,3.2071,3.172,3.1943,5169442.9,1754873999999,16509077.64062,70278
XRPUSDT,1754874000000,3.1942,3.2326,3.1923,3.2251,5685144.7,1754877599999,18291343.6376,59531
XRPUSDT,1754877600000,3.2251,3.274,3.2233,3.2638,13022224.1,1754881199999,42410328.55141,119347
XRPUSDT,1754881200000,3.2639,3.2748,3.2492,3.2653,8529825.9,1754884799999,27824770.2194,65825
XRPUSDT,1754884800000,3.2654,3.2779,3.2553,3.2622,5845618.4,1754888399999,19096905.72148,44574
XRPUSDT,1754888400000,3.2621,3.2826,3.2615,3.2713,7025743.8,1754891999999,23010968.26978,42584
XRPUSDT,1754892000000,3.2713,3.2825,3.2608,3.2789,5510720.2,1754895599999,18037291.02554,43107
XRPUSDT,1754895600000,3.2789,3.2887,3.2339,3.2451,8911667.2,1754899199999,29067465.42047,65655
XRPUSDT,1754899200000,3.2451,3.3342,3.2282,3.2993,22703198.4,1754902799999,74805147.42141,192073
XRPUSDT,1754902800000,3.2993,3.3214,3.2708,3.2804,9404442.0,1754906399999,31017883.98957,91147
XRPUSDT,1754906400000,3.2805,3.2838,3.2508,3.2559,7111025.0,1754909999999,23231205.77321,100670
XRPUSDT,1754910000000,3.2559,3.265,3.2036,3.215,14558675.4,1754913599999,47023379.01892,173664
XRPUSDT,1754913600000,3.215,3.2362,3.1958,3.2072,12170797.5,1754917199999,39142335.87157,167408
XRPUSDT,1754917200000,3.2072,3.2254,3.1834,3.2177,11099255.3,1754920799999,35544042.50595,149120
XRPUSDT,1754920800000,3.2177,3.2338,3.1901,3.1952,9847234.5,1754924399999,31630633.24729,99558
XRPUSDT,1754924400000,3.1952,3.2105,3.1774,3.209,10041462.1,1754927999999,32025615.87922,96081
XRPUSDT,1754928000000,3.209,3.2247,3.1841,3.1877,7626985.6,1754931599999,24452931.31539,95851
XRPUSDT,1754931600000,3.1877,3.229,3.177,3.1925,11610906.6,1754935199999,37120638.68425,105947
XRPUSDT,1754935200000,3.1925,3.2102,3.1629,3.2069,9851114.3,1754938799999,31394228.62408,94739
XRPUSDT,1754938800000,3.2069,3.2069,3.1474,3.1491,9471998.3,1754942399999,30013243.90525,88308
XRPUSDT,1754942400000,3.1491,3.1684,3.1359,3.1628,8595035.2,1754945999999,27062175.04942,91287
XRPUSDT,1754946000000,3.1627,3.1707,3.1182,3.1385,9350624.9,1754949599999,29364481.40132,95742
XRPUSDT,1754949600000,3.1385,3.142,3.1176,3.138,6183122.7,1754953199999,19360493.5339,71457
XRPUSDT,1754953200000,3.138,3.1464,3.1294,3.1295,4263511.8,1754956799999,13381363.18692,34923
XRPUSDT,1754956800000,3.1295,3.1517,3.1274,3.148,4943430.7,1754960399999,15532597.41746,62232
XRPUSDT,1754960400000,3.1479,3.1651,3.1433,3.1629,2784828.6,1754963999999,8787137.97702,32863
XRPUSDT,1754964000000,3.163,3.1765,3.158,3.1612,2888331.4,1754967599999,9150031.27884,29589
XRPUSDT,1754967600000,3.1612,3.1625,3.1434,3.1484,3807034.7,1754971199999,12004449.38533,37001
XRPUSDT,1754971200000,3.1483,3.1661,3.1452,3.163,2605825.5,1754974799999,8229200.23797,32206
XRPUSDT,1754974800000,3.163,3.163,3.1233,3.1418,4952089.3,1754978399999,15533510.31416,55377
XRPUSDT,1754978400000,3.1419,3.1509,3.1152,3.1439,3668983.5,1754981999999,11510851.1454,63792
XRPUSDT,1754982000000,3.144,3.1604,3.1439,3.1557,4639396.4,1754985599999,14631312.60394,40446
XRPUSDT,1754985600000,3.1558,3.1641,3.1394,3.1507,3849912.1,1754989199999,12121125.76472,46844
XRPUSDT,1754989200000,3.1507,3.1536,3.1248,3.1281,3814915.4,1754992799999,11964114.92337,50303
XRPUSDT,1754992800000,3.1281,3.1314,3.1041,3.1285,6483821.1,1754996399999,20224507.8622,69613
XRPUSDT,1754996400000,3.1286,3.1614,3.1182,3.1501,3712943.0,1754999999999,11679725.65842,53619
XRPUSDT,1755000000000,3.1501,3.2025,3.1422,3.1852,14960816.5,1755003599999,47608120.30072,162386
XRPUSDT,1755003600000,3.1853,3.1986,3.1604,3.1747,10331231.7,1755007199999,32853386.82254,154099
XRPUSDT,1755007200000,3.1747,3.2112,3.1692,3.2051,6747012.1,1755010799999,21540455.18966,93539
XRPUSDT,1755010800000,3.2051,3.2194,3.2025,3.2127,8330001.0,1755014399999,26745618.11948,93765
XRPUSDT,1755014400000,3.2128,3.2342,3.2052,3.2311,7891987.1,1755017999999,25411768.29425,86248
XRPUSDT,1755018000000,3.2311,3.2511,3.2269,3.2301,6943889.1,1755021599999,22482885.88575,74649
XRPUSDT,1755021600000,3.2302,3.258,3.2274,3.2461,6223055.7,1755025199999,20198533.90427,74640
XRPUSDT,1755025200000,3.2461,3.2905,3.2459,3.2888,7723008.5,1755028799999,25254203.1909,73717
XRPUSDT,1755028800000,3.2888,3.3067,3.2725,3.2908,17311749.1,1755032399999,56970482.112,145774
XRPUSDT,1755032400000,3.2907,3.2936,3.2677,3.2738,8892846.7,1755035999999,29160628.78162,76029
XRPUSDT,1755036000000,3.2739,3.2792,3.2573,3.2751,6451194.0,1755039599999,21080435.82578,68801
XRPUSDT,1755039600000,3.2751,3.2786,3.2633,3.2676,4573875.7,1755043199999,14957862.54398,50959
XRPUSDT,1755043200000,3.2675,3.2675,3.242,3.2463,9284523.2,1755046799999,30230514.37751,72962
XRPUSDT,1755046800000,3.2463,3.2466,3.2155,3.2227,6683669.9,1755050399999,21574314.38155,67269
XRPUSDT,1755050400000,3.2227,3.2409,3.2054,3.2398,7421962.5,1755053999999,23922502.66947,63340
XRPUSDT,1755054000000,3.2398,3.2513,3.2226,3.2419,7448532.4,1755057599999,24120019.43542,70276
XRPUSDT,1755057600000,3.2418,3.2578,3.2393,3.2509,7486884.2,1755061199999,24323994.44612,65237
XRPUSDT,1755061200000,3.2509,3.253,3.2125,3.2187,6194173.5,1755064799999,20028127.66165,58209
XRPUSDT,1755064800000,3.2186,3.2316,3.2026,3.2247,6256696.1,1755068399999,20139504.60082,71672
XRPUSDT,1755068400000,3.2248,3.2423,3.2197,3.2394,5857842.5,1755071999999,18908039.99781,51789
XRPUSDT,1755072000000,3.2394,3.2886,3.2389,3.2872,11732804.9,1755075599999,38352027.73699,94574
XRPUSDT,1755075600000,3.2871,3.2939,3.2677,3.2887,11262385.0,1755079199999,36963607.80299,81201
XRPUSDT,1755079200000,3.2887,3.2994,3.2771,3.2923,6811866.4,1755082799999,22396172.03265,61550
XRPUSDT,1755082800000,3.2924,3.299,3.2757,3.2846,5854774.4,1755086399999,19238514.07649,54220
XRPUSDT,1755086400000,3.2845,3.2938,3.2704,3.271,8343910.9,1755089999999,27383530.32511,49606
XRPUSDT,1755090000000,3.271,3.335,3.2549,3.2921,28028604.4,1755093599999,92473633.72472,230845
XRPUSDT,1755093600000,3.2922,3.3,3.2326,3.2405,17747870.2,1755097199999,57901325.70852,214864
XRPUSDT,1755097200000,3.2405,3.2694,3.2266,3.2561,8876689.5,1755100799999,28820636.3587,126955
XRPUSDT,1755100800000,3.2562,3.2793,3.2471,3.2545,5662673.0,1755104399999,18477486.68159,88122
XRPUSDT,1755104400000,3.2544,3.278,3.2508,3.2755,3576331.2,1755107999999,11690815.89897,52861
XRPUSDT,1755108000000,3.2754,3.2798,3.2441,3.269,3688897.3,1755111599999,12046731.61167,73791
XRPUSDT,1755111600000,3.269,3.285,3.2665,3.2778,3971359.2,1755115199999,13009107.49029,58802
XRPUSDT,1755115200000,3.2778,3.2797,3.2585,3.263,4271316.9,1755118799999,13958833.30878,56777
XRPUSDT,1755118800000,3.263,3.279,3.2523,3.2587,4435258.8,1755122399999,14489803.56213,58294
XRPUSDT,1755122400000,3.2587,3.2943,3.2529,3.2744,5072289.5,1755125999999,16616912.33955,79046
XRPUSDT,1755126000000,3.2743,3.2907,3.2698,3.2744,7329707.8,1755129599999,24031981.75284,55465
XRPUSDT,1755129600000,3.2744,3.3038,3.2699,3.2979,15671699.6,1755133199999,51462288.60749,118749
XRPUSDT,1755133200000,3.2978,3.33,3.2823,3.3211,12073914.7,1755136799999,39961438.58981,139945
XRPUSDT,1755136800000,3.3211,3.3512,3.305,3.3489,12839170.6,1755140399999,42746050.70775,118156
XRPUSDT,1755140400000,3.3488,3.3489,3.3251,3.3262,8836242.2,1755143999999,29496913.95222,92748
XRPUSDT,1755144000000,3.3262,3.3343,3.3022,3.3022,8580015.2,1755147599999,28463100.94965,76308
XRPUSDT,1755147600000,3.3023,3.3099,3.2711,3.2747,10902324.1,1755151199999,35858146.12728,82361
XRPUSDT,1755151200000,3.2747,3.275,3.2348,3.2656,16252820.7,1755154799999,52888887.29004,140577
XRPUSDT,1755154800000,3.2656,3.2712,3.2383,3.2554,8602402.8,1755158399999,27957755.46513,85223
XRPUSDT,1755158400000,3.2554,3.2554,3.2232,3.2336,7797760.6,1755161999999,25224576.84135,83553
XRPUSDT,1755162000000,3.2337,3.2456,3.2217,3.2421,6092189.0,1755165599999,19698369.85989,57254
XRPUSDT,1755165600000,3.2421,3.2423,3.1994,3.2117,12262138.3,1755169199999,39455188.81874,104197
XRPUSDT,1755169200000,3.2117,3.2186,3.2016,3.2181,6664166.2,1755172799999,21405082.5293,71963
XRPUSDT,1755172800000,3.2181,3.2353,2.9915,3.1011,59301959.9,1755176399999,184981270.1094,332184
XRPUSDT,1755176400000,3.101,3.1358,3.0377,3.1125,38273885.4,1755179999999,118535414.75158,341494
XRPUSDT,1755180000000,3.1125,3.1416,3.0966,3.122,14513293.7,1755183599999,45295066.41517,181348
XRPUSDT,1755183600000,3.122,3.1262,3.0859,3.0962,11155193.2,1755187199999,34631389.30462,145048
XRPUSDT,1755187200000,3.0962,3.0962,3.0477,3.0681,13555368.1,1755190799999,41575731.0724,152569
XRPUSDT,1755190800000,3.068,3.0863,3.048,3.0791,7260930.1,1755194399999,22287521.57147,83733
XRPUSDT,1755194400000,3.0791,3.0859,3.0426,3.0816,6001536.0,1755197999999,18410867.39021,80749
XRPUSDT,1755198000000,3.0816,3.0988,3.0663,3.0682,5270730.0,1755201599999,16270770.53665,59156
XRPUSDT,1755201600000,3.0681,3.0863,3.0579,3.0781,4186133.3,1755205199999,12861508.37757,63590
XRPUSDT,1755205200000,3.0781,3.0802,3.0295,3.0608,8639357.5,1755208799999,26358213.37641,93652
XRPUSDT,1755208800000,3.0607,3.0822,3.0454,3.0789,4036236.6,1755212399999,12370810.6168,66527
XRPUSDT,1755212400000,3.0789,3.0908,3.0764,3.0792,2902779.8,1755215999999,8954477.66278,39247
XRPUSDT,1755216000000,3.0792,3.0954,3.0722,3.0797,4648096.9,1755219599999,14336781.51153,93929
XRPUSDT,1755219600000,3.0798,3.1046,3.0716,3.0937,5683504.5,1755223199999,17575354.06264,74852
XRPUSDT,1755223200000,3.0936,3.1067,3.0863,3.1003,5236632.0,1755226799999,16218507.44162,63317
XRPUSDT,1755226800000,3.1004,3.1228,3.0944,3.1174,6289676.5,1755230399999,19579497.93758,44780
XRPUSDT,1755230400000,3.1174,3.128,3.1102,3.1168,4394651.9,1755233999999,13716239.90517,41969
XRPUSDT,1755234000000,3.1168,3.1334,3.1082,3.1332,3946772.6,1755237599999,12299560.34413,37452
XRPUSDT,1755237600000,3.1331,3.1427,3.1246,3.1257,5485530.6,1755241199999,17192792.18204,60753
XRPUSDT,1755241200000,3.1258,3.1258,3.1057,3.1174,4517043.3,1755244799999,14070824.59848,49391
XRPUSDT,1755244800000,3.1173,3.1278,3.1126,3.1152,4589705.9,1755248399999,14327036.16166,42539
XRPUSDT,1755248400000,3.1151,3.1238,3.0973,3.1037,5104907.1,1755251999999,15861630.90092,52384
XRPUSDT,1755252000000,3.1038,3.1221,3.1014,3.1066,3547285.1,1755255599999,11037344.14337,41548
XRPUSDT,1755255600000,3.1066,3.1187,3.0968,3.1111,2621367.9,1755259199999,8145434.03503,42055
XRPUSDT,1755259200000,3.1111,3.1407,3.0966,3.1132,8921081.8,1755262799999,27815693.62542,142596
XRPUSDT,1755262800000,3.1131,3.123,3.0715,3.0838,8680430.3,1755266399999,26870117.04232,141202
XRPUSDT,1755266400000,3.0837,3.1003,3.0545,3.0623,7703633.8,1755269999999,23696132.89398,149005
XRPUSDT,1755270000000,3.0623,3.0652,3.0111,3.0269,14690048.0,1755273599999,44569323.5728,208573
XRPUSDT,1755273600000,3.0269,3.043,3.0024,3.0374,9646830.1,1755277199999,29133688.6578,135203
XRPUSDT,1755277200000,3.0373,3.0675,3.0218,3.0564,5836115.1,1755280799999,17799434.49999,82983
XRPUSDT,1755280800000,3.0564,3.0842,3.0478,3.0646,5027424.2,1755284399999,15421901.60682,71427
XRPUSDT,1755284400000,3.0646,3.0963,3.0552,3.0657,4704589.2,1755287999999,14464078.01063,78040
XRPUSDT,1755288000000,3.0657,3.0909,3.0545,3.0755,4479491.0,1755291599999,13758024.22554,66992
XRPUSDT,1755291600000,3.0755,3.0962,3.0752,3.0791,3969901.3,1755295199999,12244348.43604,53324
XRPUSDT,1755295200000,3.0792,3.097,3.0749,3.0955,2614040.1,1755298799999,8063723.54552,35807
XRPUSDT,1755298800000,3.0955,3.0988,3.0706,3.0779,2588720.3,1755302399999,7975776.05652,42902
XRPUSDT,1755302400000,3.0778,3.0938,3.0715,3.0924,2326895.3,1755305999999,7175329.08887,38899
XRPUSDT,1755306000000,3.0924,3.0956,3.0856,3.0903,2088619.2,1755309599999,6455675.90565,29973
XRPUSDT,1755309600000,3.0903,3.093,3.0854,3.0919,1200754.7,1755313199999,3710145.97589,24406
XRPUSDT,1755313200000,3.0919,3.1146,3.0904,3.1086,2774925.3,1755316799999,8620236.62127,31252
XRPUSDT,1755316800000,3.1087,3.1173,3.1041,3.1075,2528020.6,1755320399999,7866738.0391,25361
XRPUSDT,1755320400000,3.1074,3.1076,3.09,3.0941,1836779.3,1755323999999,5692074.76305,23440
XRPUSDT,1755324000000,3.0942,3.1107,3.0885,3.1055,1829544.4,1755327599999,5670289.38446,26430
XRPUSDT,1755327600000,3.1055,3.1259,3.1054,3.1232,2395763.1,1755331199999,7466720.77747,28604
XRPUSDT,1755331200000,3.1233,3.1464,3.1165,3.1408,5592050.0,1755334799999,17520675.08143,49736
XRPUSDT,1755334800000,3.1408,3.156,3.125,3.1251,5586298.1,1755338399999,17565401.182,71717
XRPUSDT,1755338400000,3.125,3.1469,3.1203,3.1261,7857890.5,1755341999999,24622623.66228,79917
XRPUSDT,1755342000000,3.1261,3.1342,3.1029,3.1044,3215939.3,1755345599999,10034096.03212,42614
XRPUSDT,1755345600000,3.1045,3.1194,3.0981,3.1123,3029773.9,1755349199999,9424553.08932,43009
XRPUSDT,1755349200000,3.1123,3.1271,3.101,3.1071,4292180.7,1755352799999,13369624.55816,60420
XRPUSDT,1755352800000,3.1072,3.1196,3.1,3.1097,2719858.0,1755356399999,8457430.89236,42310
XRPUSDT,1755356400000,3.1097,3.1159,3.0995,3.1036,2438269.9,1755359999999,7573627.83572,42024
XRPUSDT,1755360000000,3.1036,3.113,3.0958,3.1075,3088288.5,1755363599999,9591299.96366,42437
XRPUSDT,1755363600000,3.1076,3.1105,3.0943,3.0959,1437560.1,1755367199999,4455883.00513,28861
XRPUSDT,1755367200000,3.0958,3.109,3.0924,3.0988,1133613.6,1755370799999,3515340.21024,20599
XRPUSDT,1755370800000,3.0987,3.1084,3.0956,3.1002,1866578.8,1755374399999,5790640.37516,19521
XRPUSDT,1755374400000,3.1001,3.1075,3.0954,3.1044,1178477.1,1755377999999,3655726.97313,19031
XRPUSDT,1755378000000,3.1044,3.1049,3.094,3.0946,824731.3,1755381599999,2555023.4999,11790
XRPUSDT,1755381600000,3.0946,3.109,3.0905,3.1063,1712950.1,1755385199999,5309152.34714,23949
XRPUSDT,1755385200000,3.1062,3.1074,3.0994,3.1055,1569008.4,1755388799999,4869005.22035,17961
XRPUSDT,1755388800000,3.1056,3.1056,3.0927,3.0928,1525662.0,1755392399999,4726761.38436,21311
XRPUSDT,1755392400000,3.0928,3.1065,3.0829,3.1051,3120469.3,1755395999999,9647097.72116,35721
XRPUSDT,1755396000000,3.1052,3.1208,3.0938,3.12,2175690.0,1755399599999,6768199.01852,29308
XRPUSDT,1755399600000,3.12,3.1238,3.1135,3.1198,1540167.8,1755403199999,4804048.35336,25264
XRPUSDT,1755403200000,3.1199,3.135,3.1192,3.1339,2147697.5,1755406799999,6716715.77376,27557
XRPUSDT,1755406800000,3.1338,3.1387,3.1214,3.122,2039596.8,1755410399999,6387524.45922,24050
XRPUSDT,1755410400000,3.1221,3.1284,3.1144,3.1146,2125338.7,1755413999999,6631669.48475,17775
XRPUSDT,1755414000000,3.1147,3.1214,3.1117,3.1176,2007164.9,1755417599999,6254130.94382,13766
XRPUSDT,1755417600000,3.1177,3.141,3.1115,3.1376,2372190.0,1755421199999,7421253.05934,27747
XRPUSDT,1755421200000,3.1375,3.1392,3.119,3.1317,3195455.7,1755424799999,9997873.58511,35159
XRPUSDT,1755424800000,3.1317,3.1374,3.1218,3.127,2289107.4,1755428399999,7160658.74888,39503
XRPUSDT,1755428400000,3.1269,3.1324,3.1228,3.128,1887065.6,1755431999999,5903198.83337,17482
XRPUSDT,1755432000000,3.1281,3.1284,3.1142,3.1179,1967702.5,1755435599999,6138518.87395,21553
XRPUSDT,1755435600000,3.1179,3.132,3.1143,3.1281,2103152.8,1755439199999,6565866.36015,20531
XRPUSDT,1755439200000,3.1281,3.129,3.117,3.1178,2230276.3,1755442799999,6962352.1467,22164
XRPUSDT,1755442800000,3.1177,3.1459,3.1153,3.1438,4837522.1,1755446399999,15142160.98886,40049
XRPUSDT,1755446400000,3.1437,3.1472,3.1046,3.1122,7164187.9,1755449999999,22407033.34132,61508
XRPUSDT,1755450000000,3.1121,3.1212,3.1055,3.1078,2849911.9,1755453599999,8873460.7195,34970
XRPUSDT,1755453600000,3.1078,3.1087,3.0773,3.0979,6618357.5,1755457199999,20483115.72863,56331
XRPUSDT,1755457200000,3.0979,3.1034,3.0869,3.0888,3133185.9,1755460799999,9697977.74165,43872
XRPUSDT,1755460800000,3.0887,3.0995,3.0885,3.0927,1516347.0,1755464399999,4691829.93202,33352
XRPUSDT,1755464400000,3.0927,3.1036,3.088,3.1001,1770064.6,1755467999999,5477878.59923,26644
XRPUSDT,1755468000000,3.1,3.1134,3.0961,3.1107,2327692.0,1755471599999,7225508.52422,39635
XRPUSDT,1755471600000,3.1108,3.1115,3.0855,3.0877,3748091.3,1755475199999,11608761.58321,32001
XRPUSDT,1755475200000,3.0877,3.0916,3.0726,3.082,3829856.1,1755478799999,11803900.07543,52355
XRPUSDT,1755478800000,3.0819,3.0847,3.0352,3.0415,10617775.7,1755482399999,32439633.60268,110059
XRPUSDT,1755482400000,3.0415,3.0446,3.005,3.0102,13432776.4,1755485999999,40602598.75604,132608
XRPUSDT,1755486000000,3.0102,3.016,2.9669,2.9901,16900698.7,1755489599999,50516871.65781,151166
XRPUSDT,1755489600000,2.99,3.0,2.9779,2.9984,6187132.3,1755493199999,18512447.09155,48474
XRPUSDT,1755493200000,2.9984,3.0052,2.9727,2.992,6613592.1,1755496799999,19783150.95539,53019
XRPUSDT,1755496800000,2.992,2.992,2.9555,2.9713,12314544.3,1755500399999,36587116.53618,104323
XRPUSDT,1755500400000,2.9712,2.9785,2.9592,2.9639,6281996.5,1755503999999,18650957.8429,69285
XRPUSDT,1755504000000,2.9638,2.9758,2.962,2.9624,4383483.3,1755507599999,13011068.37286,48137
XRPUSDT,1755507600000,2.9624,2.9698,2.9404,2.9672,10754174.8,1755511199999,31761100.27367,92626
XRPUSDT,1755511200000,2.9671,2.9726,2.9553,2.9696,6584562.1,1755514799999,19510357.37111,47675
XRPUSDT,1755514800000,2.9696,2.978,2.9591,2.9644,6560126.5,1755518399999,19477609.77511,54118
XRPUSDT,1755518400000,2.9643,2.9904,2.96,2.9904,5080080.5,1755521999999,15123711.11907,56289
XRPUSDT,1755522000000,2.9904,3.0007,2.9673,2.9674,7059407.3,1755525599999,21100104.22459,117421
XRPUSDT,1755525600000,2.9674,2.9991,2.9674,2.9961,4989527.5,1755529199999,14884678.53832,100199
XRPUSDT,1755529200000,2.9961,3.024,2.9866,3.0158,5614906.2,1755532799999,16871288.02175,95970
XRPUSDT,1755532800000,3.0158,3.0228,3.0022,3.0038,4241755.2,1755536399999,12777566.59048,90905
XRPUSDT,1755536400000,3.0037,3.0969,3.0005,3.0705,12785155.0,1755539999999,39106612.91378,164451
XRPUSDT,1755540000000,3.0706,3.0743,3.0435,3.066,3681997.1,1755543599999,11252035.60801,72138
XRPUSDT,1755543600000,3.066,3.0845,3.0561,3.0822,3119686.4,1755547199999,9581082.67657,66874
XRPUSDT,1755547200000,3.0822,3.0831,3.0515,3.0793,2769839.2,1755550799999,8504330.01297,61405
XRPUSDT,1755550800000,3.0793,3.096,3.0689,3.0792,3835235.7,1755554399999,11832093.91135,56270
XRPUSDT,1755554400000,3.0792,3.0927,3.0681,3.069,3072161.0,1755557999999,9470534.43865,43539
XRPUSDT,1755558000000,3.0689,3.0707,3.0552,3.0616,2750444.3,1755561599999,8421863.09253,35957
XRPUSDT,1755561600000,3.0616,3.0698,3.0248,3.0665,7551369.5,1755565199999,23025978.81541,94531
XRPUSDT,1755565200000,3.0664,3.0808,3.0443,3.0504,4856357.7,1755568799999,14852855.3357,63410
XRPUSDT,1755568800000,3.0503,3.0511,3.0323,3.035,4169716.9,1755572399999,12681572.11673,55578
XRPUSDT,1755572400000,3.035,3.0361,2.984,2.9902,7659597.1,1755575999999,23055286.55875,109738
XRPUSDT,1755576000000,2.9902,3.0072,2.9731,3.0063,6574730.4,1755579599999,19646573.04276,105011
XRPUSDT,1755579600000,3.0063,3.0279,3.0016,3.0145,4406932.5,1755583199999,13285554.44151,47404
XRPUSDT,1755583200000,3.0146,3.0263,3.0036,3.0198,4249136.5,1755586799999,12819221.32924,55541
XRPUSDT,1755586800000,3.0198,3.0225,2.9918,3.0036,7851691.8,1755590399999,23578197.91896,74490
XRPUSDT,1755590400000,3.0036,3.0164,2.9909,3.0085,5939476.4,1755593999999,17835706.47911,56329
XRPUSDT,1755594000000,3.0085,3.0237,3.0051,3.0173,3754540.6,1755597599999,11319976.92285,53435
XRPUSDT,1755597600000,3.0173,3.0246,3.01,3.0128,2391803.4,1755601199999,7212253.45869,39647
XRPUSDT,1755601200000,3.0129,3.0195,3.0067,3.0156,2242741.5,1755604799999,6756133.9062,35502
XRPUSDT,1755604800000,3.0156,3.0181,3.0044,3.0136,2256541.1,1755608399999,6795315.41628,37404
XRPUSDT,1755608400000,3.0135,3.038,2.9852,2.9999,5992378.0,1755611999999,18023735.26727,117788
XRPUSDT,1755612000000,3.0,3.0075,2.9325,2.9429,12563755.0,1755615599999,37162339.46079,164609
XRPUSDT,1755615600000,2.9428,2.9675,2.9271,2.9296,9544004.5,1755619199999,28107923.68589,119061
XRPUSDT,1755619200000,2.9296,2.9355,2.9081,2.911,9225174.6,1755622799999,26969553.52811,147024
XRPUSDT,1755622800000,2.911,2.9324,2.8968,2.9295,7264410.9,1755626399999,21163320.85864,102852
XRPUSDT,1755626400000,2.9296,2.9336,2.8929,2.9026,4775772.9,1755629999999,13915141.64342,85294
XRPUSDT,1755630000000,2.9025,2.9192,2.8709,2.8768,9888603.8,1755633599999,28613984.98865,129539
XRPUSDT,1755633600000,2.8767,2.9064,2.8713,2.9033,5699634.4,1755637199999,16458644.05164,98739
XRPUSDT,1755637200000,2.9032,2.9049,2.8744,2.8966,7334738.4,1755640799999,21209734.73126,78693
XRPUSDT,1755640800000,2.8965,2.9013,2.8829,2.8927,3088244.4,1755644399999,8928970.95391,69483
XRPUSDT,1755644400000,2.8926,2.894,2.8488,2.8608,9903836.4,1755647999999,28396242.99649,114423
XRPUSDT,1755648000000,2.8608,2.8888,2.8601,2.8788,6882859.8,1755651599999,19810856.52041,84096
XRPUSDT,1755651600000,2.8789,2.8914,2.8492,2.8852,6746798.9,1755655199999,19372213.40965,93795
XRPUSDT,1755655200000,2.8852,2.8938,2.8781,2.885,4191129.6,1755658799999,12107526.6747,52177
XRPUSDT,1755658800000,2.885,2.9,2.8818,2.8872,3832761.0,1755662399999,11072457.8842,42320
XRPUSDT,1755662400000,2.8872,2.9013,2.8867,2.8991,4869414.6,1755665999999,14097949.90044,33760
XRPUSDT,1755666000000,2.8991,2.9007,2.8882,2.9003,2748001.6,1755669599999,7957379.62724,24057
XRPUSDT,1755669600000,2.9002,2.9002,2.8771,2.8851,4144003.9,1755673199999,11965993.5089,35604
XRPUSDT,1755673200000,2.8851,2.8964,2.8646,2.8674,6191987.4,1755676799999,17857251.93261,50027
XRPUSDT,1755676800000,2.8674,2.9142,2.8637,2.9136,9438471.3,1755680399999,27344456.99222,63295
XRPUSDT,1755680400000,2.9136,2.9137,2.8848,2.8869,6261217.7,1755683999999,18164642.10482,68114
XRPUSDT,1755684000000,2.8869,2.9064,2.8835,2.9037,3676772.8,1755687599999,10649717.90771,41167
XRPUSDT,1755687600000,2.9037,2.9057,2.8597,2.8892,4357262.5,1755691199999,12548896.35043,71871
XRPUSDT,1755691200000,2.8893,2.9139,2.8857,2.8931,4908950.3,1755694799999,14230054.72005,72859
XRPUSDT,1755694800000,2.893,2.893,2.8367,2.8388,11195061.3,1755698399999,32005862.62147,153421
XRPUSDT,1755698400000,2.8388,2.9025,2.8184,2.8887,14801274.6,1755701999999,42255773.17117,208581
XRPUSDT,1755702000000,2.8886,2.9345,2.8849,2.904,14173712.6,1755705599999,41372230.22079,170829
XRPUSDT,1755705600000,2.904,2.9295,2.904,2.9134,5092459.4,1755709199999,14864897.40787,82522
XRPUSDT,1755709200000,2.9133,2.9566,2.9117,2.9438,8244842.7,1755712799999,24197643.84454,94621
XRPUSDT,1755712800000,2.9438,2.9457,2.9062,2.9188,6792890.5,1755716399999,19822943.27588,87159
XRPUSDT,1755716400000,2.9188,2.989,2.9169,2.989,8183067.2,1755719999999,24211246.44853,81963
XRPUSDT,1755720000000,2.989,2.9896,2.9652,2.9708,5030893.6,1755723599999,14964242.56581,58843
XRPUSDT,1755723600000,2.9709,2.9769,2.953,2.9677,5804124.8,1755727199999,17215977.03249,44167
XRPUSDT,1755727200000,2.9677,2.9744,2.9614,2.9696,2276902.0,1755730799999,6755440.17244,46360
XRPUSDT,1755730800000,2.9697,2.9707,2.9491,2.9512,2806602.4,1755734399999,8295429.29702,31077
XRPUSDT,1755734400000,2.9512,2.9517,2.934,2.9432,4673881.6,1755737999999,13754611.82657,43056
XRPUSDT,1755738000000,2.9433,2.952,2.9275,2.9507,4427404.0,1755741599999,13013878.16578,47275
XRPUSDT,1755741600000,2.9506,2.9588,2.9129,2.9242,4109702.2,1755745199999,12030513.44686,49520
XRPUSDT,1755745200000,2.9242,2.9508,2.9239,2.9299,5030409.1,1755748799999,14787459.27058,50807
XRPUSDT,1755748800000,2.9298,2.9408,2.922,2.9305,2668395.9,1755752399999,7817772.52641,25025
XRPUSDT,1755752400000,2.9305,2.9328,2.9216,2.9307,3102914.2,1755755999999,9080544.4402,29605
XRPUSDT,1755756000000,2.9307,2.9308,2.9032,2.9113,4681338.8,1755759599999,13624277.7296,33054
XRPUSDT,1755759600000,2.9113,2.918,2.8922,2.9081,4941468.7,1755763199999,14353982.9869,38986
XRPUSDT,1755763200000,2.9082,2.9161,2.8971,2.8973,3776948.2,1755766799999,10981016.98972,41819
XRPUSDT,1755766800000,2.8973,2.906,2.8858,2.8932,3004143.0,1755770399999,8693238.04468,39094
XRPUSDT,1755770400000,2.8933,2.9052,2.8904,2.9005,2011324.8,1755773999999,5830725.95482,43104
XRPUSDT,1755774000000,2.9006,2.916,2.8961,2.9021,2900308.7,1755777599999,8428863.75148,43223
XRPUSDT,1755777600000,2.902,2.91,2.8833,2.8904,3159082.9,1755781199999,9156116.45627,61152
XRPUSDT,1755781200000,2.8904,2.9206,2.885,2.8964,4670362.2,1755784799999,13566333.56356,98756
XRPUSDT,1755784800000,2.8965,2.9236,2.8791,2.8999,6159543.1,1755788399999,17887317.76164,128013
XRPUSDT,1755788400000,2.9,2.9036,2.8725,2.8875,5714547.3,1755791999999,16497810.4396,99131
XRPUSDT,1755792000000,2.8874,2.9102,2.882,2.8902,3238542.3,1755795599999,9384961.30169,64687
XRPUSDT,1755795600000,2.8902,2.9078,2.874,2.9016,3622955.0,1755799199999,10474495.03081,63905
XRPUSDT,1755799200000,2.9016,2.9172,2.9007,2.9136,2431339.3,1755802799999,7070215.30628,35461
XRPUSDT,1755802800000,2.9136,2.9193,2.8517,2.8682,6114324.3,1755806399999,17589800.03833,82777
XRPUSDT,1755806400000,2.8683,2.8879,2.86,2.8801,3648661.7,1755809999999,10482226.30613,70773
XRPUSDT,1755810000000,2.88,2.8885,2.8671,2.8845,1868115.0,1755813599999,5378149.63535,41887
XRPUSDT,1755813600000,2.8845,2.886,2.8686,2.8746,1488497.9,1755817199999,4284881.67522,30841
XRPUSDT,1755817200000,2.8746,2.8747,2.8424,2.8519,3928445.4,1755820799999,11206634.5532,59650
XRPUSDT,1755820800000,2.8518,2.8712,2.848,2.8579,3868147.3,1755824399999,11060521.42627,61668
XRPUSDT,1755824400000,2.8579,2.8635,2.8388,2.8581,3611036.5,1755827999999,10298587.44713,61182
XRPUSDT,1755828000000,2.8582,2.885,2.8531,2.8574,4508186.5,1755831599999,12940317.58898,56198
XRPUSDT,1755831600000,2.8574,2.8604,2.8226,2.8331,7337284.7,1755835199999,20831426.54491,64034
XRPUSDT,1755835200000,2.833,2.867,2.8309,2.8568,3947853.7,1755838799999,11251922.67451,56908
XRPUSDT,1755838800000,2.8569,2.874,2.8517,2.871,1902438.6,1755842399999,5451345.71277,42479
XRPUSDT,1755842400000,2.8709,2.8742,2.8456,2.8531,4427781.1,1755845999999,12665022.99919,58358
XRPUSDT,1755846000000,2.8532,2.8747,2.8508,2.8601,3807661.9,1755849599999,10914483.27872,57628
XRPUSDT,1755849600000,2.8601,2.8764,2.86,2.868,3923827.7,1755853199999,11255072.48054,46944
XRPUSDT,1755853200000,2.868,2.8706,2.8508,2.8593,1930768.6,1755856799999,5522849.31102,37499
XRPUSDT,1755856800000,2.8594,2.8599,2.8276,2.8325,3590535.0,1755860399999,10195231.68623,47676
XRPUSDT,1755860400000,2.8325,2.8338,2.8041,2.8056,8798256.0,1755863999999,24781588.84001,93087
XRPUSDT,1755864000000,2.8056,2.8184,2.7826,2.8078,13592792.2,1755867599999,38052641.58407,164828
XRPUSDT,1755867600000,2.8078,2.8635,2.8038,2.8404,13351058.1,1755871199999,37821164.70533,173945
XRPUSDT,1755871200000,2.8404,3.0411,2.8401,3.005,79903469.6,1755874799999,237697748.68709,675516
XRPUSDT,1755874800000,3.0049,3.0436,3.0048,3.0169,17123869.7,1755878399999,51884654.56622,191213
XRPUSDT,1755878400000,3.0169,3.0726,3.0162,3.0485,16506416.7,1755881999999,50333921.15023,178638
XRPUSDT,1755882000000,3.0486,3.096,3.0485,3.0664,15545201.6,1755885599999,47813543.41637,159403
XRPUSDT,1755885600000,3.0664,3.0793,3.0449,3.0792,8985686.9,1755889199999,27505300.12174,102274
XRPUSDT,1755889200000,3.0793,3.1,3.0702,3.073,8837044.4,1755892799999,27295923.92762,93632
XRPUSDT,1755892800000,3.073,3.091,3.0719,3.0907,5601261.3,1755896399999,17259379.13605,75840
XRPUSDT,1755896400000,3.0906,3.1056,3.0759,3.0899,9680457.1,1755899999999,29951334.41246,95993
XRPUSDT,1755900000000,3.0899,3.0915,3.0646,3.0768,8645440.7,1755903599999,26646379.20515,75481
XRPUSDT,1755903600000,3.0768,3.0816,3.0641,3.0744,5615688.7,1755907199999,17249780.77708,47679
XRPUSDT,1755907200000,3.0745,3.0749,3.0382,3.0386,8623522.8,1755910799999,26358772.04652,66114
XRPUSDT,1755910800000,3.0386,3.0464,3.0104,3.0259,9063168.7,1755914399999,27423790.52372,79407
XRPUSDT,1755914400000,3.0259,3.0306,2.9697,2.9977,12671203.2,1755917999999,37976201.15413,135089
XRPUSDT,1755918000000,2.9977,3.0087,2.9842,2.9939,5303786.6,1755921599999,15894002.53581,72916
XRPUSDT,1755921600000,2.994,3.0343,2.9932,3.0331,7923299.9,1755925199999,23945875.80179,54356
XRPUSDT,1755925200000,3.033,3.059,3.0265,3.052,5318754.5,1755928799999,16194857.70913,64562
XRPUSDT,1755928800000,3.052,3.0658,3.0464,3.0644,4317613.3,1755932399999,13202261.74692,61212
XRPUSDT,1755932400000,3.0644,3.0756,3.0491,3.0619,4200029.2,1755935999999,12859546.99329,61296
XRPUSDT,1755936000000,3.0619,3.0718,3.0434,3.0515,4244296.6,1755939599999,12968898.40544,51857
XRPUSDT,1755939600000,3.0516,3.0536,3.0392,3.0479,3231791.0,1755943199999,9842738.31627,42852
XRPUSDT,1755943200000,3.0479,3.0494,3.0296,3.0313,3388741.2,1755946799999,10285528.97259,43644
XRPUSDT,1755946800000,3.0314,3.0518,3.029,3.0434,3801323.3,1755950399999,11559231.01157,41600
XRPUSDT,1755950400000,3.0435,3.0474,3.0307,3.0332,2358494.2,1755953999999,7166071.42388,49451
XRPUSDT,1755954000000,3.0332,3.0344,3.0114,3.0154,5759368.9,1755957599999,17399023.68702,63728
XRPUSDT,1755957600000,3.0155,3.0326,3.0072,3.0156,4282632.5,1755961199999,12923712.12461,56694
XRPUSDT,1755961200000,3.0156,3.0237,3.0125,3.0187,2140902.7,1755964799999,6463749.23102,37328
XRPUSDT,1755964800000,3.0187,3.0248,3.0097,3.0206,2241069.5,1755968399999,6762921.35394,33853
XRPUSDT,1755968400000,3.0206,3.0255,3.0165,3.0181,2062454.4,1755971999999,6230835.11939,28106
XRPUSDT,1755972000000,3.0181,3.0228,3.0158,3.0226,1255894.9,1755975599999,3791630.21809,16047
XRPUSDT,1755975600000,3.0227,3.0312,3.0207,3.0297,1449221.6,1755979199999,4388069.00884,14807
XRPUSDT,1755979200000,3.0297,3.0345,3.025,3.0323,2079029.6,1755982799999,6301446.56139,21158
XRPUSDT,1755982800000,3.0322,3.0343,3.0258,3.0327,2042641.7,1755986399999,6189757.29317,22238
XRPUSDT,1755986400000,3.0326,3.05,3.0312,3.0477,3342294.4,1755989999999,10166328.86415,27794
XRPUSDT,1755990000000,3.0477,3.058,3.0454,3.0485,2149312.7,1755993599999,6556146.14292,22199
XRPUSDT,1755993600000,3.0486,3.0641,3.0465,3.0572,3470409.1,1755997199999,10605213.40245,38267
XRPUSDT,1755997200000,3.0572,3.0886,3.0467,3.0736,6871224.9,1756000799999,21093904.23701,70535
XRPUSDT,1756000800000,3.0737,3.0797,3.0558,3.0569,4877229.3,1756004399999,14953723.20126,85394
XRPUSDT,1756004400000,3.0569,3.0599,3.0443,3.0526,2251095.3,1756007999999,6868451.82829,37307
XRPUSDT,1756008000000,3.0526,3.0568,3.0423,3.0515,1574509.1,1756011599999,4798910.6295,35590
XRPUSDT,1756011600000,3.0515,3.055,3.0436,3.0499,1565720.3,1756015199999,4774224.92566,27143
XRPUSDT,1756015200000,3.05,3.0505,3.0296,3.0318,3246414.9,1756018799999,9859341.80817,37573
XRPUSDT,1756018800000,3.0318,3.0476,3.0303,3.0357,1663576.7,1756022399999,5056137.95441,33697
XRPUSDT,1756022400000,3.0357,3.0478,3.028,3.0398,2513439.9,1756025999999,7641322.69896,30034
XRPUSDT,1756026000000,3.0398,3.0425,3.025,3.0253,3188571.0,1756029599999,9672918.76617,34297
XRPUSDT,1756029600000,3.0252,3.0267,3.0029,3.0125,4950661.1,1756033199999,14925584.00491,58916
XRPUSDT,1756033200000,3.0125,3.0159,2.9971,3.0087,3996606.6,1756036799999,12014222.88016,53439
XRPUSDT,1756036800000,3.0087,3.0194,3.0059,3.0175,2451042.9,1756040399999,7384704.46603,34908
XRPUSDT,1756040400000,3.0175,3.0249,3.0122,3.0201,2805430.4,1756043999999,8472035.95994,40113
XRPUSDT,1756044000000,3.0202,3.0284,3.0106,3.022,2947669.2,1756047599999,8897692.54584,43691
XRPUSDT,1756047600000,3.0219,3.041,3.0118,3.0144,4922681.1,1756051199999,14901374.7754,52575
XRPUSDT,1756051200000,3.0144,3.0331,3.0134,3.0306,3076383.4,1756054799999,9297394.52479,43224
XRPUSDT,1756054800000,3.0305,3.0648,3.0297,3.0515,4593724.6,1756058399999,14012107.16881,61203
XRPUSDT,1756058400000,3.0514,3.1166,3.0461,3.1099,13098978.1,1756061999999,40489377.81631,137234
XRPUSDT,1756062000000,3.1098,3.128,2.9911,3.0343,46876717.4,1756065599999,142893443.30197,335723
XRPUSDT,1756065600000,3.0344,3.0413,2.987,3.0292,19030808.4,1756069199999,57416562.88637,180899
XRPUSDT,1756069200000,3.0293,3.0474,3.0093,3.0289,7378875.2,1756072799999,22344452.00562,82570
XRPUSDT,1756072800000,3.0289,3.0355,3.0019,3.0332,4917881.2,1756076399999,14843249.51998,79607
XRPUSDT,1756076400000,3.0333,3.0397,3.023,3.0258,5083683.9,1756079999999,15411541.45913,50452
XRPUSDT,1756080000000,3.0259,3.0358,2.9736,2.9939,8528429.7,1756083599999,25552635.658,95533
XRPUSDT,1756083600000,2.9939,3.026,2.9931,3.0161,4269945.6,1756087199999,12866502.99605,62993
XRPUSDT,1756087200000,3.0162,3.0526,3.0156,3.0443,8664387.7,1756090799999,26345121.54825,75085
XRPUSDT,1756090800000,3.0444,3.0535,3.0175,3.0219,5062116.3,1756094399999,15381111.04244,59330
XRPUSDT,1756094400000,3.0219,3.0261,3.0036,3.0047,4982017.0,1756097999999,15011538.09706,60926
XRPUSDT,1756098000000,3.0047,3.0114,2.9913,2.9922,4812402.8,1756101599999,14443227.7489,51435
XRPUSDT,1756101600000,2.9922,2.9942,2.955,2.9551,9914182.7,1756105199999,29489903.03918,86938
XRPUSDT,1756105200000,2.9552,2.9682,2.9301,2.9384,9699841.4,1756108799999,28595332.15453,100884
XRPUSDT,1756108800000,2.9385,2.953,2.9209,2.9448,7687979.4,1756112399999,22602429.34298,79701
XRPUSDT,1756112400000,2.9448,2.9579,2.9349,2.9572,4262462.1,1756115999999,12549221.35763,40330
XRPUSDT,1756116000000,2.9573,2.9577,2.9193,2.9309,7234098.9,1756119599999,21234302.79777,84618
XRPUSDT,1756119600000,2.931,2.9445,2.9283,2.9429,3692749.6,1756123199999,10844490.69458,48334
XRPUSDT,1756123200000,2.9429,2.9646,2.9359,2.9626,3875824.2,1756126799999,11446297.32171,41928
XRPUSDT,1756126800000,2.9625,2.9688,2.9276,2.9492,5951992.7,1756130399999,17558050.58858,94769
XRPUSDT,1756130400000,2.9493,2.9689,2.9419,2.9674,4433811.2,1756133999999,13115806.26403,83941
XRPUSDT,1756134000000,2.9674,2.9744,2.9487,2.9538,4620475.9,1756137599999,13684743.62849,69222
XRPUSDT,1756137600000,2.9538,2.9685,2.9433,2.9492,2140478.1,1756141199999,6327133.50449,51862
XRPUSDT,1756141200000,2.9492,2.9676,2.9356,2.9639,4419880.1,1756144799999,13039060.16362,64533
XRPUSDT,1756144800000,2.964,2.9667,2.9468,2.9603,4185681.7,1756148399999,12376289.16415,58245
XRPUSDT,1756148400000,2.9604,2.9617,2.8724,2.8768,15711619.7,1756151999999,45755657.01241,157985
XRPUSDT,1756152000000,2.8769,2.8944,2.8258,2.8258,26646808.7,1756155599999,76207962.30598,283697
XRPUSDT,1756155600000,2.8258,2.8642,2.8223,2.8506,14328709.2,1756159199999,40753336.21148,145009
XRPUSDT,1756159200000,2.8506,2.8693,2.8393,2.8628,7539312.2,1756162799999,21526934.65859,63091
XRPUSDT,1756162800000,2.8627,2.8641,2.8479,2.8584,3479051.5,1756166399999,9944838.05441,38053
XRPUSDT,1756166400000,2.8584,2.8826,2.8459,2.8596,9313178.0,1756169999999,26676068.71317,131616
XRPUSDT,1756170000000,2.8596,2.8855,2.8505,2.884,4491281.0,1756173599999,12900884.39321,68860
XRPUSDT,1756173600000,2.8839,2.898,2.8721,2.8829,5778471.3,1756177199999,16676944.05957,53018
XRPUSDT,1756177200000,2.8828,2.8961,2.8777,2.885,3871765.0,1756180799999,11182085.08544,41470
XRPUSDT,1756180800000,2.885,2.9103,2.885,2.9073,4211853.1,1756184399999,12217645.7049,35836
XRPUSDT,1756184400000,2.9074,2.9291,2.9068,2.919,4893271.4,1756187999999,14277257.47893,33942
XRPUSDT,1756188000000,2.9189,2.9293,2.9027,2.9108,6432630.0,1756191599999,18752308.82569,66109
XRPUSDT,1756191600000,2.9108,2.935,2.9,2.9172,6860088.3,1756195199999,20013267.76675,65367
XRPUSDT,1756195200000,2.9171,2.9278,2.9094,2.9112,5774991.8,1756198799999,16846419.22967,49582
XRPUSDT,1756198800000,2.9113,2.921,2.9028,2.9097,4100601.0,1756202399999,11941400.64957,40771
XRPUSDT,1756202400000,2.9098,2.9156,2.9005,2.9078,2819671.1,1756205999999,8199985.85629,32316
XRPUSDT,1756206000000,2.9078,2.9111,2.8904,2.9011,3606083.5,1756209599999,10459470.85613,35694
XRPUSDT,1756209600000,2.9012,2.9409,2.8889,2.9179,9057370.8,1756213199999,26407002.18895,114150
XRPUSDT,1756213200000,2.9179,2.9241,2.8876,2.9177,8997773.8,1756216799999,26175138.06458,127999
XRPUSDT,1756216800000,2.9177,2.9408,2.9049,2.9304,5633276.4,1756220399999,16468587.59153,97105
XRPUSDT,1756220400000,2.9303,2.9429,2.9217,2.9331,6357086.4,1756223999999,18645491.2613,58089
XRPUSDT,1756224000000,2.933,2.956,2.9261,2.9558,4769394.3,1756227599999,14042564.89687,53256
XRPUSDT,1756227600000,2.9558,2.9637,2.9466,2.9626,6860761.9,1756231199999,20276457.8715,62384
XRPUSDT,1756231200000,2.9626,2.989,2.9595,2.9804,4332195.6,1756234799999,12887469.58947,46883
XRPUSDT,1756234800000,2.9804,3.0817,2.9662,3.0607,18917411.7,1756238399999,57420834.99222,165567
XRPUSDT,1756238400000,3.0606,3.0624,3.0162,3.0396,14573963.7,1756241999999,44222589.14283,135232
XRPUSDT,1756242000000,3.0395,3.041,3.0181,3.0305,8506712.3,1756245599999,25746205.72493,73649
XRPUSDT,1756245600000,3.0304,3.0324,3.0032,3.0133,6483546.8,1756249199999,19545530.56009,62577
XRPUSDT,1756249200000,3.0134,3.0273,3.0081,3.0123,3879208.6,1756252799999,11702511.94361,50153
XRPUSDT,1756252800000,3.0123,3.0127,2.9853,2.9893,4734065.9,1756256399999,14188634.32288,48313
XRPUSDT,1756256400000,2.9894,3.0078,2.9811,3.0033,4114736.0,1756259999999,12320653.75484,42244
XRPUSDT,1756260000000,3.0033,3.0091,2.9885,2.9944,4263447.7,1756263599999,12780124.65219,49149
XRPUSDT,1756263600000,2.9944,3.014,2.9836,3.0043,6054479.4,1756267199999,18161450.90586,45975
XRPUSDT,1756267200000,3.0043,3.0279,3.0016,3.0223,4761033.9,1756270799999,14368633.69181,49934
XRPUSDT,1756270800000,3.0222,3.0238,3.0108,3.0148,3322220.0,1756274399999,10023006.75669,34616
XRPUSDT,1756274400000,3.0149,3.0152,2.9974,2.9988,3348680.3,1756277999999,10069587.6709,35331
XRPUSDT,1756278000000,2.9987,3.0027,2.9846,2.9934,4655763.4,1756281599999,13929534.09772,43155
XRPUSDT,1756281600000,2.9934,3.0144,2.9934,3.0143,3028821.3,1756285199999,9093872.21875,32942
XRPUSDT,1756285200000,3.0143,3.0235,3.0075,3.0108,2347703.9,1756288799999,7078632.02923,29591
XRPUSDT,1756288800000,3.0108,3.0158,2.9964,2.9985,2177071.3,1756292399999,6545777.91836,28293
XRPUSDT,1756292400000,2.9986,3.0034,2.9951,2.9984,3474615.2,1756295999999,10420290.52561,30112
XRPUSDT,1756296000000,2.9983,3.0057,2.9914,3.0021,3096578.8,1756299599999,9284499.23915,44829
XRPUSDT,1756299600000,3.0022,3.0195,2.9882,3.0003,7813315.4,1756303199999,23450774.81088,81508
XRPUSDT,1756303200000,3.0004,3.0321,2.9933,3.0055,6538283.1,1756306799999,19718928.18086,85125
XRPUSDT,1756306800000,3.0056,3.021,2.9976,3.0169,4246463.1,1756310399999,12775816.14416,56807
XRPUSDT,1756310400000,3.017,3.0216,3.0,3.0192,4147058.4,1756313999999,12498175.57309,48583
XRPUSDT,1756314000000,3.0191,3.038,3.0108,3.0355,3914798.6,1756317599999,11840832.64974,47698
XRPUSDT,1756317600000,3.0354,3.0454,3.0085,3.0085,5575168.0,1756321199999,16903175.53213,50993
XRPUSDT,1756321200000,3.0085,3.02,2.9875,3.0053,7654077.0,1756324799999,22989754.78528,82431
XRPUSDT,1756324800000,3.0053,3.0286,2.9716,3.0121,22718117.0,1756328399999,68149623.0347,211960
XRPUSDT,1756328400000,3.0122,3.0195,2.9801,2.9873,4276483.3,1756331999999,12824538.67049,54434
XRPUSDT,1756332000000,2.9873,2.9923,2.9621,2.9791,5034204.5,1756335599999,14991681.90857,69701
XRPUSDT,1756335600000,2.979,2.9828,2.9625,2.9688,2973621.4,1756339199999,8836515.87831,42037
XRPUSDT,1756339200000,2.9688,2.9792,2.953,2.9694,4034608.0,1756342799999,11973221.36265,66863
XRPUSDT,1756342800000,2.9694,2.9894,2.9684,2.9853,2234474.7,1756346399999,6659770.45962,39941
XRPUSDT,1756346400000,2.9852,2.9884,2.9708,2.9734,3398840.0,1756349999999,10128288.09656,35402
XRPUSDT,1756350000000,2.9733,2.9857,2.9696,2.9819,3519840.3,1756353599999,10488110.48872,32377
XRPUSDT,1756353600000,2.982,3.0117,2.9771,3.0076,7169414.2,1756357199999,21479122.02893,55199
XRPUSDT,1756357200000,3.0076,3.0133,2.9942,3.0002,6077079.3,1756360799999,18250454.59363,46157
XRPUSDT,1756360800000,3.0002,3.0039,2.9898,3.0018,4642266.7,1756364399999,13910978.01485,32616
XRPUSDT,1756364400000,3.0018,3.0068,2.9913,3.0035,5284188.8,1756367999999,15844605.3994,22037
XRPUSDT,1756368000000,3.0035,3.0161,2.9952,3.0,7655970.2,1756371599999,23024917.09792,34562
XRPUSDT,1756371600000,3.0,3.0023,2.9919,2.9998,2660366.9,1756375199999,7973764.89779,16983
XRPUSDT,1756375200000,2.9997,3.0073,2.9942,3.0073,2524675.9,1756378799999,7578815.01139,18571
XRPUSDT,1756378800000,3.0073,3.0083,2.9994,3.0075,3745427.6,1756382399999,11249664.0596,18235
XRPUSDT,1756382400000,3.0076,3.0263,3.0051,3.0195,9340611.2,1756385999999,28170252.70652,43272
XRPUSDT,1756386000000,3.0195,3.0257,2.9961,3.0032,8493372.1,1756389599999,25597051.75269,82417
XRPUSDT,1756389600000,3.0032,3.02,2.9961,3.0161,5488218.3,1756393199999,16514935.30253,69626
XRPUSDT,1756393200000,3.0161,3.0197,2.9706,2.9817,6984573.4,1756396799999,20918618.29053,71269
XRPUSDT,1756396800000,2.9816,2.9983,2.9588,2.9589,5618978.5,1756400399999,16759610.9922,49430
XRPUSDT,1756400400000,2.9589,2.9836,2.9577,2.98,3129310.4,1756403999999,9306161.16845,36002
XRPUSDT,1756404000000,2.9801,2.987,2.9688,2.9787,2296236.7,1756407599999,6837772.5543,29350
XRPUSDT,1756407600000,2.9788,2.9854,2.9432,2.9436,5013688.9,1756411199999,14847502.96737,49023
XRPUSDT,1756411200000,2.9436,2.963,2.9435,2.9497,3476265.3,1756414799999,10272395.99507,45814
XRPUSDT,1756414800000,2.9497,2.9657,2.9476,2.9616,2377175.1,1756418399999,7019487.41195,26735
XRPUSDT,1756418400000,2.9616,2.9797,2.961,2.9699,2942727.1,1756421999999,8740048.32524,29041
XRPUSDT,1756422000000,2.9699,2.9749,2.9621,2.9665,2487628.7,1756425599999,7385392.9384,33310
XRPUSDT,1756425600000,2.9665,2.9768,2.9541,2.9583,2983236.5,1756429199999,8843779.23822,60651
XRPUSDT,1756429200000,2.9583,2.9618,2.9385,2.9421,4558880.8,1756432799999,13429062.71066,57866
XRPUSDT,1756432800000,2.9421,2.959,2.9375,2.9473,2916938.3,1756436399999,8602678.96343,39735
XRPUSDT,1756436400000,2.9473,2.9503,2.9376,2.9381,3765594.6,1756439999999,11078383.42263,38582
XRPUSDT,1756440000000,2.9381,2.9404,2.915,2.9176,4458989.3,1756443599999,13051858.62746,46812
XRPUSDT,1756443600000,2.9177,2.918,2.8998,2.9102,5671140.3,1756447199999,16493456.61548,47232
XRPUSDT,1756447200000,2.9102,2.9123,2.892,2.9007,13771070.2,1756450799999,39916656.17958,65212
XRPUSDT,1756450800000,2.9007,2.9007,2.8601,2.8699,12221586.8,1756454399999,35139935.38518,97191
XRPUSDT,1756454400000,2.8698,2.8785,2.8495,2.8523,9629583.2,1756457999999,27560601.13333,81717
XRPUSDT,1756458000000,2.8524,2.8762,2.8436,2.8757,8112166.4,1756461599999,23200211.1779,55041
XRPUSDT,1756461600000,2.8756,2.8869,2.87,2.8765,6696597.5,1756465199999,19276544.84616,35522
XRPUSDT,1756465200000,2.8765,2.8822,2.8717,2.8763,4287161.7,1756468799999,12328114.18385,25733
XRPUSDT,1756468800000,2.8762,2.9227,2.8757,2.887,10863261.5,1756472399999,31444849.02398,96286
XRPUSDT,1756472400000,2.8869,2.8881,2.8353,2.8491,12055703.5,1756475999999,34450427.69581,125862
XRPUSDT,1756476000000,2.8491,2.8615,2.8165,2.823,17786167.4,1756479599999,50381289.37183,185971
XRPUSDT,1756479600000,2.823,2.8461,2.8218,2.8345,5874368.9,1756483199999,16665931.17422,73968
XRPUSDT,1756483200000,2.8344,2.846,2.8184,2.8415,5658968.0,1756486799999,16027932.83482,69468
XRPUSDT,1756486800000,2.8414,2.8422,2.814,2.8185,4466296.5,1756490399999,12615723.04066,60311
XRPUSDT,1756490400000,2.8185,2.8266,2.8014,2.8101,5717441.5,1756493999999,16059818.78711,67566
XRPUSDT,1756494000000,2.81,2.8382,2.803,2.8138,4945987.7,1756497599999,13955769.28395,67345
XRPUSDT,1756497600000,2.8138,2.82,2.7841,2.7859,8117258.5,1756501199999,22729402.94654,91288
XRPUSDT,1756501200000,2.786,2.82,2.7734,2.8071,8095343.8,1756504799999,22627175.94044,66172
XRPUSDT,1756504800000,2.8071,2.8121,2.79,2.812,3035334.6,1756508399999,8499605.17078,34672
XRPUSDT,1756508400000,2.812,2.8265,2.8068,2.8195,3742389.4,1756511999999,10546574.65422,29787
XRPUSDT,1756512000000,2.8195,2.8248,2.8124,2.8172,2793901.9,1756515599999,7872531.1359,35680
XRPUSDT,1756515600000,2.8173,2.8192,2.7604,2.7649,6992582.6,1756519199999,19498685.69621,59930
XRPUSDT,1756519200000,2.7649,2.8031,2.7612,2.793,4251415.5,1756522799999,11832155.00897,53625
XRPUSDT,1756522800000,2.7931,2.8204,2.7917,2.8127,3208145.6,1756526399999,9012702.36597,41718
XRPUSDT,1756526400000,2.8128,2.8225,2.8114,2.8118,2039662.3,1756529999999,5747074.82914,25776
XRPUSDT,1756530000000,2.8119,2.8349,2.8098,2.8268,3381311.2,1756533599999,9548763.65399,31600
XRPUSDT,1756533600000,2.8269,2.8336,2.8215,2.8275,1879751.7,1756537199999,5315719.97809,27656
XRPUSDT,1756537200000,2.8275,2.8344,2.8223,2.832,1657339.6,1756540799999,4688014.11526,21675
XRPUSDT,1756540800000,2.832,2.8324,2.8095,2.8106,5538029.6,1756544399999,15639574.09257,29466
XRPUSDT,1756544400000,2.8107,2.8117,2.7958,2.8041,4636239.7,1756547999999,13001842.33859,33444
XRPUSDT,1756548000000,2.8041,2.8142,2.7996,2.8039,2022789.2,1756551599999,5677420.65276,25958
XRPUSDT,1756551600000,2.8039,2.8128,2.8008,2.8102,1515522.5,1756555199999,4251452.97437,17174
XRPUSDT,1756555200000,2.8102,2.8108,2.7776,2.7931,4732082.0,1756558799999,13213238.99169,41042
XRPUSDT,1756558800000,2.7931,2.7944,2.7746,2.7921,4031413.8,1756562399999,11223696.01354,45362
XRPUSDT,1756562400000,2.7922,2.8,2.783,2.7973,3129926.5,1756565999999,8738820.82242,33223
XRPUSDT,1756566000000,2.7973,2.8103,2.792,2.8068,2739953.6,1756569599999,7681742.96983,26607
XRPUSDT,1756569600000,2.8069,2.8159,2.7989,2.8102,1997929.5,1756573199999,5610964.44453,24811
XRPUSDT,1756573200000,2.8102,2.8184,2.8042,2.8068,2120587.8,1756576799999,5962848.82201,26731
XRPUSDT,1756576800000,2.8068,2.8115,2.8001,2.8051,1379512.5,1756580399999,3869539.00991,21104
XRPUSDT,1756580400000,2.8051,2.8154,2.8037,2.8104,1787516.8,1756583999999,5022277.23661,19473
XRPUSDT,1756584000000,2.8104,2.8122,2.8011,2.8053,1797330.2,1756587599999,5042636.41121,16325
XRPUSDT,1756587600000,2.8054,2.8091,2.8002,2.8067,1834547.2,1756591199999,5144343.12284,13063
XRPUSDT,1756591200000,2.8067,2.8103,2.7992,2.8082,1172070.7,1756594799999,3288070.08498,15992
XRPUSDT,1756594800000,2.8083,2.8183,2.8079,2.8181,1573907.6,1756598399999,4429185.70304,12391
XRPUSDT,1756598400000,2.818,2.8469,2.818,2.8449,3937850.1,1756601999999,11149229.23141,32901
XRPUSDT,1756602000000,2.845,2.8693,2.8367,2.8627,4128698.7,1756605599999,11771493.9909,35361
XRPUSDT,1756605600000,2.8627,2.8646,2.8451,2.8475,2183406.2,1756609199999,6231097.4163,22285
XRPUSDT,1756609200000,2.8475,2.8527,2.8409,2.852,1623052.8,1756612799999,4622270.56309,19622
XRPUSDT,1756612800000,2.852,2.8565,2.8427,2.8475,1984915.7,1756616399999,5654929.95644,21984
XRPUSDT,1756616400000,2.8474,2.8474,2.8328,2.8367,1894015.8,1756619999999,5373191.93476,18041
XRPUSDT,1756620000000,2.8367,2.8383,2.8227,2.8237,1779886.9,1756623599999,5036300.60882,17071
XRPUSDT,1756623600000,2.8237,2.835,2.8234,2.8289,1388169.9,1756627199999,3929839.98514,14867
XRPUSDT,1756627200000,2.8289,2.8447,2.8288,2.8443,2647492.5,1756630799999,7510505.60193,18887
XRPUSDT,1756630800000,2.8443,2.8444,2.83,2.8309,1947343.6,1756634399999,5526297.96317,16916
XRPUSDT,1756634400000,2.831,2.8331,2.812,2.8199,2926780.6,1756637999999,8256703.32975,24801
XRPUSDT,1756638000000,2.8198,2.827,2.813,2.8238,2715472.5,1756641599999,7657431.78635,24061
XRPUSDT,1756641600000,2.8238,2.8242,2.8125,2.8174,2471360.4,1756645199999,6960037.21895,20777
XRPUSDT,1756645200000,2.8174,2.8229,2.8052,2.8111,2246335.5,1756648799999,6323008.82318,26045
XRPUSDT,1756648800000,2.8112,2.8166,2.8014,2.809,2173802.8,1756652399999,6105639.67907,26490
XRPUSDT,1756652400000,2.809,2.8251,2.8081,2.8222,1863401.1,1756655999999,5251287.45642,23842
XRPUSDT,1756656000000,2.8222,2.8223,2.8057,2.8144,1663103.6,1756659599999,4676760.03013,21931
XRPUSDT,1756659600000,2.8145,2.815,2.8065,2.8091,1148167.2,1756663199999,3226912.11454,17086
XRPUSDT,1756663200000,2.809,2.8213,2.807,2.82,1709239.0,1756666799999,4812787.68744,17781
XRPUSDT,1756666800000,2.8199,2.8199,2.7983,2.8002,2452396.0,1756670399999,6884721.69915,24460
XRPUSDT,1756670400000,2.8001,2.8098,2.7947,2.8083,1404031.8,1756673999999,3935565.9276,21169
XRPUSDT,1756674000000,2.8082,2.8173,2.8036,2.8113,1551458.2,1756677599999,4361368.05657,16216
XRPUSDT,1756677600000,2.8114,2.8172,2.799,2.8011,1868901.9,1756681199999,5244350.81273,26361
XRPUSDT,1756681200000,2.801,2.801,2.7707,2.7757,6730748.5,1756684799999,18716831.57602,50530
XRPUSDT,1756684800000,2.7757,2.7774,2.7369,2.7624,16688445.8,1756688399999,45989848.03704,125640
XRPUSDT,1756688400000,2.7625,2.7793,2.7546,2.765,6070178.4,1756691999999,16784219.39337,75583
XRPUSDT,1756692000000,2.765,2.7673,2.7284,2.7334,9644566.8,1756695599999,26446349.5986,79519
XRPUSDT,1756695600000,2.7334,2.7459,2.7256,2.742,6995421.7,1756699199999,19135117.52542,57400
XRPUSDT,1756699200000,2.7421,2.7471,2.7115,2.7189,8936316.1,1756702799999,24364514.62189,67708
XRPUSDT,1756702800000,2.719,2.7381,2.7014,2.7333,9110187.9,1756706399999,24774543.0525,65872
XRPUSDT,1756706400000,2.7333,2.7404,2.7193,2.7366,5314873.9,1756709999999,14516178.51798,39868
XRPUSDT,1756710000000,2.7366,2.7946,2.7265,2.7943,12340114.7,1756713599999,34055346.59026,88213
XRPUSDT,1756713600000,2.7943,2.827,2.7943,2.8256,15260246.2,1756717199999,42858623.48643,111137
XRPUSDT,1756717200000,2.8256,2.839,2.8083,2.8083,10987958.4,1756720799999,31029148.51799,67162
XRPUSDT,1756720800000,2.8084,2.816,2.7773,2.7923,7298629.3,1756724399999,20400690.79407,65054
XRPUSDT,1756724400000,2.7923,2.7995,2.7672,2.7697,4921548.3,1756727999999,13686312.98882,45922
XRPUSDT,1756728000000,2.7697,2.7804,2.7614,2.7713,3139905.1,1756731599999,8703989.61261,44192
XRPUSDT,1756731600000,2.7713,2.7777,2.7544,2.7593,5485066.0,1756735199999,15180333.56046,72678
XRPUSDT,1756735200000,2.7594,2.7736,2.7518,2.77,5062535.9,1756738799999,14001655.59673,56158
XRPUSDT,1756738800000,2.77,2.7787,2.7521,2.7625,4014380.7,1756742399999,11092222.99092,56215
XRPUSDT,1756742400000,2.7625,2.7684,2.744,2.747,3757033.0,1756745999999,10348251.35694,54974
XRPUSDT,1756746000000,2.7469,2.7482,2.7203,2.7268,6212963.3,1756749599999,16969628.82804,68707
XRPUSDT,1756749600000,2.7268,2.758,2.7242,2.7563,3407499.8,1756753199999,9345035.77619,37040
XRPUSDT,1756753200000,2.7562,2.7746,2.7528,2.7735,3978186.9,1756756799999,11000015.75851,39530
XRPUSDT,1756756800000,2.7735,2.7758,2.7355,2.7619,13230855.9,1756760399999,36461604.49647,93386
XRPUSDT,1756760400000,2.762,2.7642,2.6975,2.7277,8833929.7,1756763999999,24112581.23918,75474
XRPUSDT,1756764000000,2.7277,2.7472,2.7173,2.7438,5290243.7,1756767599999,14434478.30137,43522
XRPUSDT,1756767600000,2.7437,2.7613,2.7354,2.7589,3824312.1,1756771199999,10516604.19866,37652
XRPUSDT,1756771200000,2.7589,2.7675,2.7535,2.7602,3342133.8,1756774799999,9225624.02607,47750
XRPUSDT,1756774800000,2.7602,2.7767,2.7484,2.7654,4491761.4,1756778399999,12403773.17193,53658
XRPUSDT,1756778400000,2.7654,2.7892,2.7579,2.7885,4188119.6,1756781999999,11614232.31254,39407
XRPUSDT,1756782000000,2.7884,2.8014,2.7833,2.798,4676709.9,1756785599999,13068404.10102,44580
XRPUSDT,1756785600000,2.798,2.8054,2.7911,2.8028,3535492.8,1756789199999,9895460.60621,31069
XRPUSDT,1756789200000,2.8028,2.8159,2.7975,2.8105,5382072.3,1756792799999,15109441.58668,30951
XRPUSDT,1756792800000,2.8104,2.8145,2.8005,2.802,5465835.1,1756796399999,15341263.58469,33986
XRPUSDT,1756796400000,2.802,2.806,2.7856,2.794,7449241.8,1756799999999,20835637.05028,45434
XRPUSDT,1756800000000,2.7939,2.8329,2.7935,2.8059,7561454.0,1756803599999,21259099.58744,58867
XRPUSDT,1756803600000,2.8059,2.8221,2.8035,2.8099,2974768.3,1756807199999,8363660.70136,29527
XRPUSDT,1756807200000,2.8099,2.8124,2.8038,2.8119,2058935.8,1756810799999,5782070.08515,29243
XRPUSDT,1756810800000,2.8119,2.8127,2.7951,2.7987,3569063.1,1756814399999,10000969.22413,32229
XRPUSDT,1756814400000,2.7986,2.8022,2.762,2.769,9251664.2,1756817999999,25727828.49099,84810
XRPUSDT,1756818000000,2.769,2.8327,2.7673,2.8283,16346814.8,1756821599999,45762980.38348,132204
XRPUSDT,1756821600000,2.8282,2.8455,2.8102,2.8379,13027930.8,1756825199999,36892276.20249,112749
XRPUSDT,1756825200000,2.8378,2.84,2.7863,2.7905,6654462.3,1756828799999,18734929.67489,76905
XRPUSDT,1756828800000,2.7904,2.8054,2.7818,2.7954,4079158.3,1756832399999,11394782.51511,56714
XRPUSDT,1756832400000,2.7955,2.8071,2.788,2.8058,3115462.3,1756835999999,8718482.81075,42982
XRPUSDT,1756836000000,2.8057,2.821,2.793,2.8138,3505504.3,1756839599999,9832811.59528,45654
XRPUSDT,1756839600000,2.8138,2.8287,2.8001,2.8282,5183354.6,1756843199999,14584897.29708,50573
XRPUSDT,1756843200000,2.8282,2.8549,2.817,2.8433,7950566.4,1756846799999,22579645.09479,61430
XRPUSDT,1756846800000,2.8433,2.8493,2.8333,2.8449,3247881.9,1756850399999,9228501.52417,27714
XRPUSDT,1756850400000,2.845,2.8604,2.8345,2.8604,3210878.8,1756853999999,9137399.71856,35367
XRPUSDT,1756854000000,2.8604,2.8641,2.8507,2.862,4419773.9,1756857599999,12631276.95192,33899
XRPUSDT,1756857600000,2.862,2.8637,2.8377,2.8412,4383805.3,1756861199999,12499077.89418,46624
XRPUSDT,1756861200000,2.8413,2.849,2.8257,2.8479,5253084.2,1756864799999,14891674.206,39975
XRPUSDT,1756864800000,2.8479,2.8654,2.8467,2.8506,3587162.8,1756868399999,10245358.94262,41337
XRPUSDT,1756868400000,2.8506,2.8509,2.8353,2.8412,3077677.6,1756871999999,8744822.97652,22594
XRPUSDT,1756872000000,2.8412,2.8444,2.8307,2.8363,2582812.4,1756875599999,7323135.40166,17433
XRPUSDT,1756875600000,2.8363,2.8372,2.824,2.8268,2711968.9,1756879199999,7675097.03904,17776
XRPUSDT,1756879200000,2.8268,2.8274,2.8145,2.818,4918981.7,1756882799999,13871199.60676,28588
XRPUSDT,1756882800000,2.818,2.8232,2.811,2.8211,3844105.4,1756886399999,10828088.87164,32849
XRPUSDT,1756886400000,2.821,2.8387,2.8202,2.8374,4889385.2,1756889999999,13845049.70994,22726
XRPUSDT,1756890000000,2.8374,2.8489,2.8326,2.8468,6789727.1,1756893599999,19285038.96142,33111
XRPUSDT,1756893600000,2.8468,2.8639,2.842,2.8477,4321836.3,1756897199999,12323010.0131,36045
XRPUSDT,1756897200000,2.8476,2.8616,2.8473,2.857,4470937.2,1756900799999,12769857.34546,39398
XRPUSDT,1756900800000,2.857,2.8753,2.8422,2.8454,5230962.7,1756904399999,14949986.83761,55965
XRPUSDT,1756904400000,2.8455,2.875,2.8454,2.8594,4471577.4,1756907999999,12786863.32155,70078
XRPUSDT,1756908000000,2.8594,2.8867,2.854,2.8729,7954554.3,1756911599999,22863683.4526,81236
XRPUSDT,1756911600000,2.873,2.8767,2.8623,2.8723,4494148.1,1756915199999,12898855.54385,36731
XRPUSDT,1756915200000,2.8722,2.8743,2.856,2.8598,2018914.8,1756918799999,5783414.2916,23854
XRPUSDT,1756918800000,2.8599,2.8688,2.8566,2.8621,2204693.2,1756922399999,6310709.04645,24280
XRPUSDT,1756922400000,2.8621,2.8677,2.845,2.8517,4764717.1,1756925999999,13593956.5403,29243
XRPUSDT,1756926000000,2.8517,2.8673,2.8433,2.8651,5213482.5,1756929599999,14878628.48206,27410
XRPUSDT,1756929600000,2.8651,2.8675,2.8541,2.8568,2432832.7,1756933199999,6960441.08664,23126
XRPUSDT,1756933200000,2.8569,2.8581,2.8392,2.8456,2409660.5,1756936799999,6861145.32223,19905
XRPUSDT,1756936800000,2.8455,2.8568,2.8406,2.8462,3173751.5,1756940399999,9040813.64597,25650
XRPUSDT,1756940400000,2.8462,2.848,2.842,2.8443,1573514.2,1756943999999,4475242.74985,14486
XRPUSDT,1756944000000,2.8442,2.857,2.8437,2.8464,2235120.5,1756947599999,6370351.06399,21819
XRPUSDT,1756947600000,2.8464,2.8464,2.8345,2.8408,3339532.6,1756951199999,9479252.51743,25297
XRPUSDT,1756951200000,2.8408,2.845,2.8337,2.8378,2682501.4,1756954799999,7619245.16643,24074
XRPUSDT,1756954800000,2.8379,2.851,2.8331,2.8444,2603797.7,1756958399999,7402883.67386,28910
XRPUSDT,1756958400000,2.8445,2.8629,2.8384,2.8509,2781610.9,1756961999999,7931155.39141,30709
XRPUSDT,1756962000000,2.8509,2.8509,2.8257,2.8329,6030322.1,1756965599999,17082897.12975,51404
XRPUSDT,1756965600000,2.8329,2.8332,2.814,2.8146,5030962.7,1756969199999,14195814.77077,28072
XRPUSDT,1756969200000,2.8145,2.8266,2.8143,2.8247,3578135.3,1756972799999,10093054.63497,21402
XRPUSDT,1756972800000,2.8247,2.8557,2.824,2.8371,6843718.7,1756976399999,19445102.33242,37416
XRPUSDT,1756976400000,2.8372,2.8504,2.8371,2.8428,3423695.2,1756979999999,9738233.88808,23869
XRPUSDT,1756980000000,2.8428,2.8474,2.8362,2.8419,2228842.7,1756983599999,6335568.82694,25832
XRPUSDT,1756983600000,2.8419,2.851,2.839,2.8413,2123871.5,1756987199999,6042767.90286,25379
XRPUSDT,1756987200000,2.8414,2.8482,2.8327,2.8463,3881334.9,1756990799999,11028827.92252,36132
XRPUSDT,1756990800000,2.8462,2.8468,2.821,2.8262,5208417.2,1756994399999,14767026.68582,49719
XRPUSDT,1756994400000,2.8262,2.8458,2.8078,2.8348,10705304.5,1756997999999,30256882.27682,78399
XRPUSDT,1756998000000,2.8348,2.8375,2.804,2.8104,6025444.2,1757001599999,16960850.07811,57221
XRPUSDT,1757001600000,2.8105,2.8205,2.8013,2.8072,4090352.5,1757005199999,11487617.01377,35352
XRPUSDT,1757005200000,2.8072,2.8214,2.8072,2.8154,3175307.1,1757008799999,8941009.13698,26334
XRPUSDT,1757008800000,2.8155,2.8234,2.7966,2.7993,3201794.2,1757012399999,8982076.43971,34245
XRPUSDT,1757012400000,2.7992,2.8074,2.7842,2.785,4409235.0,1757015999999,12319569.20611,41908
XRPUSDT,1757016000000,2.785,2.807,2.785,2.8018,3111330.7,1757019599999,8706814.6881,37129
XRPUSDT,1757019600000,2.8018,2.8141,2.7991,2.8131,1554163.5,1757023199999,4360889.57496,15111
XRPUSDT,1757023200000,2.8131,2.823,2.8031,2.8195,2426319.9,1757026799999,6822603.52378,24095
XRPUSDT,1757026800000,2.8196,2.8256,2.7941,2.7946,3848515.5,1757030399999,10802809.96293,31320
XRPUSDT,1757030400000,2.7947,2.8003,2.778,2.7818,4105091.2,1757033999999,11451977.25487,40450
XRPUSDT,1757034000000,2.7818,2.8089,2.7784,2.8048,2645804.3,1757037599999,7387378.78368,27805
XRPUSDT,1757037600000,2.8048,2.8139,2.802,2.8103,3988524.0,1757041199999,11198924.24651,26893
XRPUSDT,1757041200000,2.8104,2.8104,2.7979,2.8071,2170754.0,1757044799999,6086463.1954,17820
XRPUSDT,1757044800000,2.8071,2.8172,2.8034,2.8163,2009548.2,1757048399999,5647324.83358,16434
XRPUSDT,1757048400000,2.8164,2.8209,2.8106,2.8119,2763255.2,1757051999999,7778459.30521,17191
XRPUSDT,1757052000000,2.8119,2.8141,2.8041,2.8136,3006191.6,1757055599999,8441765.22521,16719
XRPUSDT,1757055600000,2.8137,2.8496,2.8137,2.8443,7822668.8,1757059199999,22163732.35355,53413
XRPUSDT,1757059200000,2.8443,2.8457,2.8327,2.8437,3377383.7,1757062799999,9592966.62445,26602
XRPUSDT,1757062800000,2.8437,2.8493,2.8284,2.8449,4955649.0,1757066399999,14063589.57948,29758
XRPUSDT,1757066400000,2.8449,2.8543,2.8388,2.8391,3894206.0,1757069999999,11078781.05347,28056
XRPUSDT,1757070000000,2.8391,2.8473,2.8386,2.8439,1850799.1,1757073599999,5261989.36999,25403
XRPUSDT,1757073600000,2.8439,2.8788,2.8352,2.8757,19127479.7,1757077199999,54721294.86823,131753
XRPUSDT,1757077200000,2.8757,2.8849,2.8635,2.8816,8071536.7,1757080799999,23202070.14086,77447
XRPUSDT,1757080800000,2.8815,2.8815,2.8,2.8094,18220253.0,1757084399999,51612111.54523,178516
XRPUSDT,1757084400000,2.8093,2.827,2.8006,2.8148,4997123.6,1757087999999,14070949.43084,59452
XRPUSDT,1757088000000,2.8148,2.8169,2.8044,2.8141,3873062.6,1757091599999,10885362.3719,37349
XRPUSDT,1757091600000,2.8141,2.8196,2.8037,2.8179,2991705.8,1757095199999,8411750.56163,30869
XRPUSDT,1757095200000,2.8179,2.8398,2.8132,2.8355,2854218.4,1757098799999,8068030.59697,29888
XRPUSDT,1757098800000,2.8355,2.865,2.8333,2.8648,4845457.2,1757102399999,13813749.03418,52619
XRPUSDT,1757102400000,2.8648,2.8653,2.8464,2.8501,4540040.0,1757105999999,12958481.46936,37223
XRPUSDT,1757106000000,2.8501,2.8519,2.8216,2.8226,4794773.5,1757109599999,13594820.87028,51407
XRPUSDT,1757109600000,2.8225,2.8274,2.8165,2.8188,1882369.5,1757113199999,5311454.19864,22300
XRPUSDT,1757113200000,2.8189,2.8239,2.8141,2.8147,2161600.6,1757116799999,6092272.53245,21594
XRPUSDT,1757116800000,2.8146,2.8236,2.8138,2.8155,1820217.9,1757120399999,5129029.37752,25354
XRPUSDT,1757120400000,2.8155,2.82,2.8123,2.8183,1389224.7,1757123999999,3912348.28111,17627
XRPUSDT,1757124000000,2.8182,2.8258,2.8126,2.823,1870290.9,1757127599999,5272090.05326,15482
XRPUSDT,1757127600000,2.8229,2.8289,2.8198,2.827,853050.3,1757131199999,2408835.97667,14811
XRPUSDT,1757131200000,2.827,2.827,2.8155,2.8169,780137.6,1757134799999,2199577.01802,10393
XRPUSDT,1757134800000,2.8169,2.8179,2.8138,2.8143,781523.8,1757138399999,2200462.20515,10380
XRPUSDT,1757138400000,2.8142,2.8175,2.8135,2.8172,564066.8,1757141999999,1588277.93716,8027
XRPUSDT,1757142000000,2.8171,2.8214,2.8164,2.8204,622658.6,1757145599999,1755589.89262,6453
XRPUSDT,1757145600000,2.8204,2.8206,2.815,2.8153,632248.1,1757149199999,1781125.05489,8600
XRPUSDT,1757149200000,2.8153,2.8153,2.8075,2.8087,1975749.4,1757152799999,5552923.96441,12546
XRPUSDT,1757152800000,2.8086,2.8111,2.8044,2.8072,1269490.4,1757156399999,3563107.41716,12333
XRPUSDT,1757156400000,2.8072,2.8072,2.8011,2.8064,1465532.2,1757159999999,4108541.78405,13676
XRPUSDT,1757160000000,2.8064,2.8107,2.8044,2.8087,1839382.7,1757163599999,5163888.57698,13248
XRPUSDT,1757163600000,2.8086,2.8179,2.8081,2.814,1608568.8,1757167199999,4524813.31595,15898
XRPUSDT,1757167200000,2.814,2.8155,2.8105,2.8113,1085335.8,1757170799999,3053615.98651,10585
XRPUSDT,1757170800000,2.8113,2.8176,2.8005,2.8021,2003248.2,1757174399999,5626281.81439,20273
XRPUSDT,1757174400000,2.8021,2.808,2.7976,2.8006,2969709.4,1757177999999,8322515.33492,34950
XRPUSDT,1757178000000,2.8006,2.8042,2.7968,2.7997,1514973.0,1757181599999,4242136.22624,16718
XRPUSDT,1757181600000,2.7997,2.8037,2.7984,2.8007,1356967.8,1757185199999,3801034.11832,13289
XRPUSDT,1757185200000,2.8007,2.8019,2.7927,2.7944,1336900.6,1757188799999,3739944.65496,13520
XRPUSDT,1757188800000,2.7943,2.8023,2.7943,2.8023,768886.3,1757192399999,2151255.34076,9482
XRPUSDT,1757192400000,2.8023,2.8072,2.8,2.806,1046088.5,1757195999999,2932052.84663,9105
XRPUSDT,1757196000000,2.806,2.8097,2.8032,2.8055,972319.7,1757199599999,2728313.53263,17831
XRPUSDT,1757199600000,2.8056,2.8127,2.8032,2.8098,862975.1,1757203199999,2424024.06675,10019
XRPUSDT,1757203200000,2.8098,2.817,2.8092,2.8154,747517.9,1757206799999,2103200.45908,8710
XRPUSDT,1757206800000,2.8154,2.8237,2.8153,2.8214,1052621.7,1757210399999,2968079.66222,9868
XRPUSDT,1757210400000,2.8215,2.8239,2.816,2.8226,721367.2,1757213999999,2034254.11209,10789
XRPUSDT,1757214000000,2.8227,2.8256,2.8206,2.8223,745801.5,1757217599999,2105578.17054,8676
XRPUSDT,1757217600000,2.8223,2.8231,2.8187,2.8216,1142843.2,1757221199999,3223564.38642,7753
XRPUSDT,1757221200000,2.8217,2.8264,2.8215,2.8247,1064200.2,1757224799999,3006090.31843,8846
XRPUSDT,1757224800000,2.8248,2.825,2.8175,2.82,1404671.2,1757228399999,3961716.25952,9137
XRPUSDT,1757228400000,2.82,2.8345,2.8199,2.8308,1962676.8,1757231999999,5551588.54886,13235
XRPUSDT,1757232000000,2.8308,2.8374,2.8295,2.8327,1467333.2,1757235599999,4157596.08611,15147
XRPUSDT,1757235600000,2.8327,2.8365,2.8272,2.8308,1343195.1,1757239199999,3803295.04698,11406
XRPUSDT,1757239200000,2.8308,2.8317,2.8257,2.8308,953018.2,1757242799999,2696086.38787,8779
XRPUSDT,1757242800000,2.8307,2.8327,2.8298,2.8315,806906.8,1757246399999,2284693.30378,6930
XRPUSDT,1757246400000,2.8316,2.8358,2.8289,2.8354,1069099.9,1757249999999,3027491.51642,8991
XRPUSDT,1757250000000,2.8354,2.8499,2.8327,2.8485,3592876.3,1757253599999,10214320.53649,24878
XRPUSDT,1757253600000,2.8486,2.9285,2.8462,2.8852,27553864.3,1757257199999,79845866.30757,257923
XRPUSDT,1757257200000,2.8852,2.9014,2.8721,2.9001,7606146.4,1757260799999,21973118.33893,65703
XRPUSDT,1757260800000,2.9002,2.9008,2.8775,2.8912,4353825.0,1757264399999,12576951.1958,40076
XRPUSDT,1757264400000,2.8913,2.8939,2.8581,2.8597,5214057.5,1757267999999,14992132.54229,39706
XRPUSDT,1757268000000,2.8596,2.8679,2.8507,2.8583,4108199.8,1757271599999,11747811.30137,31532
XRPUSDT,1757271600000,2.8583,2.8678,2.8541,2.8627,2791887.5,1757275199999,7988114.45301,28841
XRPUSDT,1757275200000,2.8627,2.8799,2.8614,2.8799,2390104.1,1757278799999,6859125.63402,22814
XRPUSDT,1757278800000,2.88,2.8809,2.8587,2.8587,2701159.0,1757282399999,7756333.80022,18265
XRPUSDT,1757282400000,2.8587,2.8779,2.8553,2.8773,3789549.5,1757285999999,10871533.92572,27052
XRPUSDT,1757286000000,2.8774,2.8921,2.8763,2.877,4193916.8,1757289599999,12097380.7755,29617
XRPUSDT,1757289600000,2.877,2.885,2.8656,2.8693,4028828.4,1757293199999,11580274.07327,34896
XRPUSDT,1757293200000,2.8693,2.8861,2.8667,2.8803,2397833.5,1757296799999,6901358.37671,31084
XRPUSDT,1757296800000,2.8804,2.8883,2.8627,2.8861,3964481.5,1757300399999,11406965.85329,40041
XRPUSDT,1757300400000,2.886,2.9,2.8829,2.889,5054717.7,1757303999999,14614368.3131,42142
XRPUSDT,1757304000000,2.889,2.8922,2.8765,2.8801,3417075.0,1757307599999,9857159.14099,30037
XRPUSDT,1757307600000,2.8802,2.8957,2.8781,2.8927,3678844.8,1757311199999,10621080.85707,27573
XRPUSDT,1757311200000,2.8927,2.8944,2.8739,2.8758,4015951.3,1757314799999,11570776.18664,27364
XRPUSDT,1757314800000,2.8758,2.9111,2.8757,2.9106,7345407.4,1757318399999,21298904.62116,52586
XRPUSDT,1757318400000,2.9106,2.92,2.9033,2.9096,6556427.5,1757321999999,19096750.15671,52011
XRPUSDT,1757322000000,2.9095,2.9358,2.904,2.9332,4630642.1,1757325599999,13531000.12815,49044
XRPUSDT,1757325600000,2.9333,2.955,2.9254,2.9509,8887669.4,1757329199999,26179930.15176,87572
XRPUSDT,1757329200000,2.9508,2.951,2.9296,2.9362,5596555.4,1757332799999,16441063.92012,50041
XRPUSDT,1757332800000,2.9363,2.9812,2.934,2.9638,6999373.0,1757336399999,20726400.33544,84287
XRPUSDT,1757336400000,2.9638,2.9948,2.9632,2.9776,12514071.6,1757339999999,37297002.57191,142453
XRPUSDT,1757340000000,2.9776,2.9964,2.9735,2.982,8802362.0,1757343599999,26300180.27804,75167
XRPUSDT,1757343600000,2.9821,2.9867,2.9722,2.9856,4437962.0,1757347199999,13222478.59741,58831
XRPUSDT,1757347200000,2.9856,2.9908,2.9614,2.9695,6192830.4,1757350799999,18418242.12132,63026
XRPUSDT,1757350800000,2.9695,2.9826,2.963,2.9698,3069135.1,1757354399999,9122793.65414,41182
XRPUSDT,1757354400000,2.9699,2.9844,2.9692,2.984,2326803.0,1757357999999,6923511.46522,29947
XRPUSDT,1757358000000,2.9839,2.9848,2.9686,2.9798,5604356.3,1757361599999,16677370.6502,52821
XRPUSDT,1757361600000,2.9799,2.9848,2.9546,2.9637,4028213.3,1757365199999,11956393.81858,45491
XRPUSDT,1757365200000,2.9637,2.9778,2.9612,2.9747,3116697.0,1757368799999,9259165.77566,30954
XRPUSDT,1757368800000,2.9746,2.9838,2.9717,2.9761,2502271.9,1757372399999,7450855.0606,31445
XRPUSDT,1757372400000,2.9761,2.9795,2.9631,2.9697,2237668.6,1757375999999,6646799.78486,22631
XRPUSDT,1757376000000,2.9698,2.9782,2.9462,2.9558,6962787.9,1757379599999,20610674.13344,58125
XRPUSDT,1757379600000,2.9557,2.9609,2.9473,2.9591,3421250.9,1757383199999,10109781.64992,32782
XRPUSDT,1757383200000,2.9591,2.9592,2.9354,2.9375,3634234.9,1757386799999,10706136.43395,35414
XRPUSDT,1757386800000,2.9375,2.9526,2.9337,2.9501,3679129.9,1757390399999,10819535.48713,33668
XRPUSDT,1757390400000,2.95,2.967,2.9444,2.9629,4526865.5,1757393999999,13384482.85018,35865
XRPUSDT,1757394000000,2.9629,2.9684,2.9518,2.9647,3079745.4,1757397599999,9113527.06975,26070
XRPUSDT,1757397600000,2.9647,2.9978,2.9626,2.9929,8509162.6,1757401199999,25418351.05672,67632
XRPUSDT,1757401200000,2.9929,3.0277,2.992,3.02,12493415.0,1757404799999,37632526.21653,90439
XRPUSDT,1757404800000,3.02,3.0365,3.0136,3.0242,7911258.6,1757408399999,23933948.97222,74178
XRPUSDT,1757408400000,3.0241,3.026,3.0073,3.0076,3111244.4,1757411999999,9378525.77364,32839
XRPUSDT,1757412000000,3.0076,3.0161,2.9991,3.0038,3750175.6,1757415599999,11273399.18221,43015
XRPUSDT,1757415600000,3.0038,3.0156,3.0005,3.0043,4708204.9,1757419199999,14158494.99512,42368
XRPUSDT,1757419200000,3.0043,3.03,2.9983,3.0079,6088372.9,1757422799999,18358928.57321,62311
XRPUSDT,1757422800000,3.0078,3.0185,2.997,3.0122,3672452.8,1757426399999,11043133.59583,65484
XRPUSDT,1757426400000,3.0123,3.019,2.9523,2.9674,13061616.2,1757429999999,38939720.56584,154557
XRPUSDT,1757430000000,2.9674,2.9716,2.9367,2.9471,9026053.0,1757433599999,26639112.66519,83561
XRPUSDT,1757433600000,2.9471,2.9584,2.9436,2.953,2804040.8,1757437199999,8272642.44918,38787
XRPUSDT,1757437200000,2.9529,2.9647,2.9502,2.9543,2448525.9,1757440799999,7243723.45388,36727
XRPUSDT,1757440800000,2.9544,2.966,2.9517,2.9619,1668897.4,1757444399999,4938572.94891,29280
XRPUSDT,1757444400000,2.962,2.9729,2.9607,2.9651,2329162.5,1757447999999,6915708.0851,23700
XRPUSDT,1757448000000,2.9652,2.9685,2.9466,2.9547,2462838.9,1757451599999,7277866.60623,32785
XRPUSDT,1757451600000,2.9548,2.9625,2.95,2.9513,1911662.7,1757455199999,5649448.44815,22932
XRPUSDT,1757455200000,2.9513,2.955,2.9464,2.9506,1757261.5,1757458799999,5185174.1722,23284
XRPUSDT,1757458800000,2.9505,2.951,2.9404,2.9474,3895070.0,1757462399999,11471201.52175,32431
XRPUSDT,1757462400000,2.9474,2.9512,2.9357,2.9374,3319588.9,1757465999999,9770338.57639,34551
XRPUSDT,1757466000000,2.9373,2.9556,2.9363,2.949,1713652.8,1757469599999,5051161.74433,33104
XRPUSDT,1757469600000,2.9489,2.9641,2.9488,2.9591,3441709.8,1757473199999,10182353.7229,25775
XRPUSDT,1757473200000,2.9592,2.9637,2.9528,2.9625,2021317.5,1757476799999,5979911.68338,16749
XRPUSDT,1757476800000,2.9624,2.965,2.9553,2.9598,1619719.2,1757480399999,4794264.97258,14821
XRPUSDT,1757480400000,2.9598,2.963,2.9501,2.96,2315979.3,1757483999999,6846496.6599,22732
XRPUSDT,1757484000000,2.9599,2.96,2.9457,2.9529,3618733.6,1757487599999,10682855.0433,25150
XRPUSDT,1757487600000,2.9529,2.9812,2.9517,2.981,5158446.1,1757491199999,15304101.37763,36828
XRPUSDT,1757491200000,2.9811,2.9871,2.9693,2.9696,3047611.6,1757494799999,9077156.83737,31595
XRPUSDT,1757494800000,2.9695,2.9775,2.961,2.9685,1629568.9,1757498399999,4840254.21737,22363
XRPUSDT,1757498400000,2.9684,2.9696,2.9603,2.9645,1975786.4,1757501999999,5858898.85149,25081
XRPUSDT,1757502000000,2.9645,2.9736,2.9626,2.971,2009996.4,1757505599999,5968577.47399,25727
XRPUSDT,1757505600000,2.9711,3.0065,2.9704,2.9992,9914286.6,1757509199999,29672096.93227,97824
XRPUSDT,1757509200000,2.9991,3.024,2.9921,3.0128,10443705.2,1757512799999,31426608.30033,96383
XRPUSDT,1757512800000,3.0129,3.0208,2.998,2.9986,5851096.1,1757516399999,17617692.3274,67587
XRPUSDT,1757516400000,2.9987,3.0098,2.9932,3.0025,4767306.9,1757519999999,14311923.22224,45361
XRPUSDT,1757520000000,3.0026,3.0054,2.9906,3.005,5760471.4,1757523599999,17263965.39182,43283
XRPUSDT,1757523600000,3.005,3.014,2.9917,3.0029,3657982.9,1757527199999,10986057.39898,36415
XRPUSDT,1757527200000,3.0029,3.0069,2.9889,2.9981,2359707.9,1757530799999,7068575.45334,31755
XRPUSDT,1757530800000,2.9981,2.9993,2.9672,2.9785,3235795.2,1757534399999,9638101.41941,42420
XRPUSDT,1757534400000,2.9785,2.9888,2.9721,2.9742,2490622.6,1757537999999,7423628.28438,25710
XRPUSDT,1757538000000,2.9743,2.9847,2.9718,2.9806,1513469.0,1757541599999,4508438.90741,22027
XRPUSDT,1757541600000,2.9806,2.9865,2.9761,2.9782,1541447.2,1757545199999,4593692.27607,23180
XRPUSDT,1757545200000,2.9782,2.9862,2.9782,2.9834,1920676.5,1757548799999,5728201.56659,17453
XRPUSDT,1757548800000,2.9834,2.9943,2.9772,2.9902,2026354.0,1757552399999,6045236.65019,27802
XRPUSDT,1757552400000,2.9902,2.9979,2.9891,2.9956,1728340.6,1757555999999,5173797.30241,22357
XRPUSDT,1757556000000,2.9955,2.9969,2.9876,2.988,1321360.0,1757559599999,3954100.35522,16140
XRPUSDT,1757559600000,2.9879,3.0118,2.9876,3.0091,3781003.6,1757563199999,11353295.01549,26779
XRPUSDT,1757563200000,3.0092,3.0139,3.0018,3.0089,2712513.6,1757566799999,8155695.17584,20336
XRPUSDT,1757566800000,3.009,3.01,2.9969,3.0069,3674179.4,1757570399999,11032618.26257,23799
XRPUSDT,1757570400000,3.0069,3.0069,2.9959,3.0,3455790.6,1757573999999,10369436.71198,21929
XRPUSDT,1757574000000,3.0,3.006,2.9914,3.0034,2953589.9,1757577599999,8854661.80667,23213
XRPUSDT,1757577600000,3.0033,3.0199,2.9984,3.0161,4491103.4,1757581199999,13516685.69879,27965
XRPUSDT,1757581200000,3.0161,3.035,3.0107,3.0273,7522360.5,1757584799999,22736405.87431,58998
XRPUSDT,1757584800000,3.0272,3.0324,3.0119,3.016,3688177.6,1757588399999,11136284.73266,40042
XRPUSDT,1757588400000,3.016,3.0179,3.0034,3.0077,3507415.2,1757591999999,10560211.64185,29385
XRPUSDT,1757592000000,3.0077,3.034,2.9507,2.9983,25454462.8,1757595599999,76193196.6666,169546
XRPUSDT,1757595600000,2.9983,3.0134,2.9758,3.0121,7268626.5,1757599199999,21753825.54964,98110
XRPUSDT,1757599200000,3.0122,3.0125,2.9852,2.9986,4310292.6,1757602799999,12926254.94293,56697
XRPUSDT,1757602800000,2.9987,3.0057,2.9893,2.9949,3316124.0,1757606399999,9937541.77684,41649
XRPUSDT,1757606400000,2.995,3.004,2.99,2.9961,2646250.6,1757609999999,7928464.52422,32611
XRPUSDT,1757610000000,2.9962,3.0136,2.9919,3.0136,2629770.9,1757613599999,7900168.17016,35509
XRPUSDT,1757613600000,3.0135,3.0344,3.0072,3.0239,5876136.9,1757617199999,17749305.29383,51572
XRPUSDT,1757617200000,3.024,3.0336,3.0208,3.0257,5738467.3,1757620799999,17377311.40591,49347
XRPUSDT,1757620800000,3.0258,3.0294,3.0109,3.0122,3851509.7,1757624399999,11629096.58309,29074
XRPUSDT,1757624400000,3.0123,3.0239,3.0111,3.0137,3020290.2,1757627999999,9116919.99078,24915
XRPUSDT,1757628000000,3.0137,3.0288,3.013,3.024,3418544.5,1757631599999,10336400.43691,34677
XRPUSDT,1757631600000,3.024,3.049,3.024,3.0398,6731779.5,1757635199999,20464051.04437,55553
XRPUSDT,1757635200000,3.0398,3.0719,3.0333,3.054,9480638.9,1757638799999,28957242.78518,89028
XRPUSDT,1757638800000,3.0539,3.0676,3.0375,3.0391,5060148.6,1757642399999,15456779.66653,44067
XRPUSDT,1757642400000,3.0391,3.0538,3.038,3.044,3444686.2,1757645999999,10492632.87151,28689
XRPUSDT,1757646000000,3.044,3.0474,3.032,3.0371,3435100.5,1757649599999,10436135.59771,23215
XRPUSDT,1757649600000,3.0372,3.0558,3.0282,3.054,3977644.8,1757653199999,12103337.05284,33001
XRPUSDT,1757653200000,3.0539,3.0731,3.0484,3.072,5278751.9,1757656799999,16160697.32568,39405
XRPUSDT,1757656800000,3.0721,3.0721,3.0486,3.0515,5619025.7,1757660399999,17190350.45259,37503
XRPUSDT,1757660400000,3.0516,3.0729,3.048,3.0667,5257630.2,1757663999999,16086018.67717,38473
XRPUSDT,1757664000000,3.0668,3.0704,3.0483,3.0549,3239671.6,1757667599999,9908692.54343,38969
XRPUSDT,1757667600000,3.055,3.0571,3.0439,3.0485,2761097.5,1757671199999,8419038.47873,33575
XRPUSDT,1757671200000,3.0485,3.0499,3.0393,3.0435,2471367.8,1757674799999,7522962.55235,29852
XRPUSDT,1757674800000,3.0435,3.0525,3.0372,3.0389,3557514.0,1757678399999,10834021.12809,25107
XRPUSDT,1757678400000,3.0389,3.0449,3.0257,3.0415,4631125.3,1757681999999,14055686.88307,44897
XRPUSDT,1757682000000,3.0414,3.0464,3.027,3.0407,3685051.3,1757685599999,11192859.76111,52885
XRPUSDT,1757685600000,3.0407,3.0647,3.0339,3.0394,7095230.2,1757689199999,21638530.60483,79025
XRPUSDT,1757689200000,3.0393,3.0398,3.018,3.0277,6118557.0,1757692799999,18518950.29088,63666
XRPUSDT,1757692800000,3.0277,3.0426,3.0225,3.041,4477545.1,1757696399999,13588613.83954,54670
XRPUSDT,1757696400000,3.041,3.0728,3.0353,3.0652,7771195.7,1757699999999,23783639.6442,68617
XRPUSDT,1757700000000,3.0651,3.0788,3.06,3.0786,5404756.5,1757703599999,16597820.75452,53839
XRPUSDT,1757703600000,3.0787,3.0934,3.0666,3.09,6323705.1,1757707199999,19481969.83515,57409
XRPUSDT,1757707200000,3.0899,3.1376,3.0826,3.1231,15816372.0,1757710799999,49118993.50163,139127
XRPUSDT,1757710800000,3.1231,3.1263,3.0852,3.0939,6544370.1,1757714399999,20305691.43004,88735
XRPUSDT,1757714400000,3.0939,3.1262,3.0938,3.1118,6132751.5,1757717999999,19094302.02377,81206
XRPUSDT,1757718000000,3.1117,3.1131,3.1001,3.1054,2829070.6,1757721599999,8785023.60377,40161
XRPUSDT,1757721600000,3.1054,3.1072,3.0926,3.1028,3231362.7,1757725199999,10015376.09426,48679
XRPUSDT,1757725200000,3.1028,3.1257,3.0935,3.097,4248788.1,1757728799999,13222466.45994,61690
XRPUSDT,1757728800000,3.097,3.107,3.0901,3.1025,1976595.1,1757732399999,6126086.5556,34653
XRPUSDT,1757732400000,3.1025,3.1171,3.0999,3.1144,2445947.5,1757735999999,7609410.82609,32190
XRPUSDT,1757736000000,3.1143,3.1161,3.1052,3.106,1925644.7,1757739599999,5990039.33031,29699
XRPUSDT,1757739600000,3.106,3.1128,3.0992,3.1009,2950089.2,1757743199999,9157194.96096,28707
XRPUSDT,1757743200000,3.1008,3.116,3.1,3.1158,3127824.1,1757746799999,9727619.32525,33694
XRPUSDT,1757746800000,3.1157,3.1219,3.1118,3.117,2861656.0,1757750399999,8920241.25699,26342
XRPUSDT,1757750400000,3.117,3.1449,3.1104,3.1434,5896595.3,1757753999999,18470648.68416,54023
XRPUSDT,1757754000000,3.1433,3.1845,3.1393,3.1799,13960194.3,1757757599999,44190233.32086,139206
XRPUSDT,1757757600000,3.1799,3.1858,3.1601,3.1633,7943845.7,1757761199999,25195314.27189,95799
XRPUSDT,1757761200000,3.1633,3.1766,3.1504,3.1728,6120630.7,1757764799999,19353822.5175,59747
XRPUSDT,1757764800000,3.1729,3.1812,3.1647,3.1706,3741790.6,1757768399999,11867465.85581,44826
XRPUSDT,1757768400000,3.1706,3.1788,3.1179,3.142,10829185.0,1757771999999,34105946.26748,112791
XRPUSDT,1757772000000,3.142,3.1565,3.121,3.1468,6324497.4,1757775599999,19866173.97059,88489
XRPUSDT,1757775600000,3.1468,3.1567,3.1219,3.1333,5955160.2,1757779199999,18695620.01903,73952
XRPUSDT,1757779200000,3.1333,3.1421,3.1065,3.1103,7847459.5,1757782799999,24505504.73087,102670
XRPUSDT,1757782800000,3.1103,3.1177,3.089,3.1125,7650866.8,1757786399999,23736917.16479,103909
XRPUSDT,1757786400000,3.1124,3.118,3.1013,3.1143,2377905.7,1757789999999,7397419.82846,48640
XRPUSDT,1757790000000,3.1144,3.1175,3.1075,3.111,2060322.7,1757793599999,6412256.8903,35619
XRPUSDT,1757793600000,3.1109,3.1215,3.1089,3.1176,3352176.6,1757797199999,10451433.07923,34018
XRPUSDT,1757797200000,3.1175,3.1282,3.1168,3.1198,2228802.7,1757800799999,6961649.53808,26353
XRPUSDT,1757800800000,3.1199,3.1234,3.1139,3.1205,1699418.2,1757804399999,5300012.38168,24207
XRPUSDT,1757804400000,3.1206,3.1275,3.1182,3.1193,2034758.1,1757807999999,6354442.6137,26036
XRPUSDT,1757808000000,3.1193,3.1205,3.1024,3.1106,2556893.5,1757811599999,7961734.59219,32927
XRPUSDT,1757811600000,3.1105,3.1177,3.085,3.115,4461483.1,1757815199999,13822204.50653,60952
XRPUSDT,1757815200000,3.1151,3.1267,3.106,3.1225,3280963.0,1757818799999,10230685.42151,52730
XRPUSDT,1757818800000,3.1225,3.124,3.0924,3.095,3478934.8,1757822399999,10811552.82328,49613
XRPUSDT,1757822400000,3.095,3.1042,3.0762,3.099,4689659.7,1757825999999,14496010.07645,53742
XRPUSDT,1757826000000,3.099,3.108,3.0972,3.107,1716453.0,1757829599999,5326078.81158,22689
XRPUSDT,1757829600000,3.1071,3.1085,3.0828,3.0916,3118970.9,1757833199999,9651633.73519,36434
XRPUSDT,1757833200000,3.0915,3.0918,3.0753,3.0841,3794927.6,1757836799999,11702285.46795,30865
XRPUSDT,1757836800000,3.0842,3.0902,3.0751,3.0844,2761416.0,1757840399999,8510574.92755,27129
XRPUSDT,1757840400000,3.0843,3.095,3.0811,3.09,2392443.1,1757843999999,7386799.62993,26226
XRPUSDT,1757844000000,3.0899,3.0914,3.0806,3.0849,1686744.5,1757847599999,5204246.3912,22631
XRPUSDT,1757847600000,3.0849,3.0879,3.0542,3.059,5909635.5,1757851199999,18132533.59581,61375
XRPUSDT,1757851200000,3.0589,3.0663,3.0401,3.05,3723964.9,1757854799999,11376780.77178,45529
XRPUSDT,1757854800000,3.05,3.0529,3.0271,3.0373,4613859.4,1757858399999,14033097.8076,54586
XRPUSDT,1757858400000,3.0373,3.0494,3.0099,3.0251,9053396.8,1757861999999,27383959.78485,106296
XRPUSDT,1757862000000,3.025,3.0389,3.0139,3.0314,5828270.4,1757865599999,17648787.20577,69245
XRPUSDT,1757865600000,3.0314,3.047,3.0281,3.0434,3364674.7,1757869199999,10232415.00482,35730
XRPUSDT,1757869200000,3.0434,3.0595,3.0388,3.0543,3419366.1,1757872799999,10436710.80011,29890
XRPUSDT,1757872800000,3.0542,3.0547,3.0325,3.0365,3133222.6,1757876399999,9541414.1119,24451
XRPUSDT,1757876400000,3.0364,3.0467,3.03,3.038,2712337.7,1757879999999,8245050.57745,25737
XRPUSDT,1757880000000,3.038,3.0436,3.0342,3.0381,1375698.8,1757883599999,4180964.36627,24581
XRPUSDT,1757883600000,3.0382,3.0522,3.0271,3.0482,2412861.6,1757887199999,7336437.33197,27445
XRPUSDT,1757887200000,3.0483,3.0575,3.0391,3.051,2984491.1,1757890799999,9100256.24054,31461
XRPUSDT,1757890800000,3.051,3.051,3.025,3.0279,3973974.0,1757894399999,12061357.08841,45791
XRPUSDT,1757894400000,3.028,3.045,3.0272,3.0349,2562721.7,1757897999999,7779628.99772,46764
XRPUSDT,1757898000000,3.0348,3.0481,3.012,3.04,3874863.4,1757901599999,11743807.23712,61203
XRPUSDT,1757901600000,3.0401,3.0496,3.0323,3.0357,2401394.4,1757905199999,7302064.29079,34999
XRPUSDT,1757905200000,3.0358,3.0523,3.0346,3.0481,3268595.2,1757908799999,9951968.70423,27222
XRPUSDT,1757908800000,3.0481,3.0575,3.0437,3.0509,2843698.2,1757912399999,8679203.47966,30894
XRPUSDT,1757912400000,3.051,3.0669,3.0491,3.066,3886298.1,1757915999999,11896221.17703,29648
XRPUSDT,1757916000000,3.0659,3.0663,3.0251,3.0355,5488057.1,1757919599999,16708969.82723,46469
XRPUSDT,1757919600000,3.0355,3.0485,3.0125,3.0232,4945221.2,1757923199999,14964080.90732,73394
XRPUSDT,1757923200000,3.0231,3.0241,2.9555,2.9594,19093042.4,1757926799999,57008352.22861,209839
XRPUSDT,1757926800000,2.9594,2.9843,2.9532,2.9775,6595698.8,1757930399999,19614900.19561,79894
XRPUSDT,1757930400000,2.9774,2.982,2.9671,2.9795,4433310.9,1757933999999,13184333.61813,45728
XRPUSDT,1757934000000,2.9796,3.0005,2.977,2.9994,4670435.3,1757937599999,13965521.73599,49099
XRPUSDT,1757937600000,2.9993,3.0004,2.9866,2.9894,4497622.9,1757941199999,13462353.56977,52398
XRPUSDT,1757941200000,2.9895,3.043,2.9843,3.0227,8226911.3,1757944799999,24822425.15685,124066
XRPUSDT,1757944800000,3.0227,3.0304,3.0042,3.0055,9098220.6,1757948399999,27462321.51193,108028
XRPUSDT,1757948400000,3.0054,3.0411,3.0005,3.0275,11548204.3,1757951999999,34823161.28686,130609
XRPUSDT,1757952000000,3.0275,3.0356,3.0018,3.006,4939369.5,1757955599999,14926672.62154,77465
XRPUSDT,1757955600000,3.0061,3.017,2.9924,3.0093,4437353.0,1757959199999,13329385.2502,63594
XRPUSDT,1757959200000,3.0092,3.0113,2.9955,3.0083,1871158.9,1757962799999,5618187.74673,41421
XRPUSDT,1757962800000,3.0083,3.0161,2.9838,2.9883,3523047.7,1757966399999,10558149.19185,52769
XRPUSDT,1757966400000,2.9883,2.9983,2.9804,2.9977,2031431.3,1757969999999,6073367.1113,37913
XRPUSDT,1757970000000,2.9977,3.0041,2.9894,2.9991,1671711.2,1757973599999,5012008.61313,23947
XRPUSDT,1757973600000,2.9991,3.0014,2.9708,2.9911,4236536.4,1757977199999,12665207.73069,29666
XRPUSDT,1757977200000,2.9912,2.9986,2.9852,2.9969,1391172.2,1757980799999,4164377.41367,19849
XRPUSDT,1757980800000,2.9969,2.9969,2.9767,2.9863,2179230.9,1757984399999,6506519.51265,29092
XRPUSDT,1757984400000,2.9863,2.999,2.9835,2.9847,1892933.7,1757987999999,5665505.10712,25763
XRPUSDT,1757988000000,2.9848,2.9931,2.9795,2.9795,2291906.8,1757991599999,6842667.28461,23522
XRPUSDT,1757991600000,2.9796,2.9904,2.9782,2.9791,3044001.4,1757995199999,9080164.67284,25135
XRPUSDT,1757995200000,2.9791,2.9824,2.9642,2.9812,3419292.6,1757998799999,10168797.29687,27589
XRPUSDT,1757998800000,2.9812,3.0076,2.9794,3.0048,5060435.9,1758002399999,15142755.39758,32526
XRPUSDT,1758002400000,3.0049,3.0053,2.9787,2.9837,4051426.5,1758005999999,12126069.18615,30957
XRPUSDT,1758006000000,2.9837,3.0138,2.9837,3.0079,2862703.3,1758009599999,8582045.63704,35681
XRPUSDT,1758009600000,3.0078,3.0496,3.0035,3.0348,7132425.8,1758013199999,21585223.74124,74377
XRPUSDT,1758013200000,3.0348,3.0392,3.0216,3.0295,4094745.2,1758016799999,12410127.04088,40918
XRPUSDT,1758016800000,3.0294,3.0364,3.017,3.022,3771025.7,1758020399999,11421107.64852,42849
XRPUSDT,1758020400000,3.0221,3.034,3.0215,3.0289,2110388.1,1758023999999,6392062.25437,31937
XRPUSDT,1758024000000,3.0289,3.0405,3.0253,3.0377,2983094.2,1758027599999,9048882.26035,34452
XRPUSDT,1758027600000,3.0377,3.0478,3.0004,3.0247,6536287.3,1758031199999,19768321.48727,81014
XRPUSDT,1758031200000,3.0246,3.0312,3.0034,3.0286,4992024.5,1758034799999,15064460.4957,58176
XRPUSDT,1758034800000,3.0287,3.0415,3.0212,3.0393,3272410.7,1758038399999,9919988.78517,37485
XRPUSDT,1758038400000,3.0394,3.0505,3.0307,3.0464,3163541.3,1758041999999,9615215.17556,38692
XRPUSDT,1758042000000,3.0464,3.0586,3.0415,3.0473,3558632.5,1758045599999,10854255.35225,46978
XRPUSDT,1758045600000,3.0473,3.0515,3.0355,3.04,2368189.6,1758049199999,7207016.26615,26101
XRPUSDT,1758049200000,3.0399,3.0535,3.0352,3.0519,1798769.5,1758052799999,5474029.68755,22769
XRPUSDT,1758052800000,3.0518,3.0519,3.0418,3.0474,1394257.7,1758056399999,4249152.28323,18227
XRPUSDT,1758056400000,3.0473,3.0577,3.0467,3.0541,1990026.4,1758059999999,6073242.14531,17923
XRPUSDT,1758060000000,3.0542,3.0579,3.0463,3.0472,1541105.5,1758063599999,4703099.02618,21376
XRPUSDT,1758063600000,3.0473,3.048,3.0353,3.0376,1444907.9,1758067199999,4394332.95107,15559
XRPUSDT,1758067200000,3.0376,3.0427,3.0335,3.0356,1417767.5,1758070799999,4307524.84456,22178
XRPUSDT,1758070800000,3.0356,3.0452,3.0344,3.0399,1051932.2,1758074399999,3196997.04444,19887
XRPUSDT,1758074400000,3.0399,3.0476,3.0258,3.0374,11085762.4,1758077999999,33639865.33402,47556
XRPUSDT,1758078000000,3.0374,3.0374,3.0156,3.0162,4436414.8,1758081599999,13427878.03336,33734
XRPUSDT,1758081600000,3.0163,3.0191,3.0054,3.0112,3329807.0,1758085199999,10029946.22166,25046
XRPUSDT,1758085200000,3.0112,3.021,3.0069,3.02,3746012.3,1758088799999,11292218.24464,30943
XRPUSDT,1758088800000,3.02,3.025,3.0136,3.0235,3767108.7,1758092399999,11376670.26236,24699
XRPUSDT,1758092400000,3.0234,3.0389,3.0205,3.0342,3534465.5,1758095999999,10713057.86028,22851
XRPUSDT,1758096000000,3.0342,3.0343,3.0141,3.0205,3573304.0,1758099599999,10792913.88282,32289
XRPUSDT,1758099600000,3.0205,3.0205,3.014,3.0146,2429369.9,1758103199999,7327065.14845,18355
XRPUSDT,1758103200000,3.0146,3.0198,3.0029,3.0128,5266294.3,1758106799999,15855471.3557,26889
XRPUSDT,1758106800000,3.0127,3.014,3.0072,3.0088,1997223.1,1758110399999,6012586.35891,23713
XRPUSDT,1758110400000,3.0088,3.0258,3.0086,3.0242,2730043.9,1758113999999,8241329.88281,26855
XRPUSDT,1758114000000,3.0243,3.0377,3.0185,3.0228,3493857.5,1758117599999,10575241.2539,48055
XRPUSDT,1758117600000,3.0229,3.0304,3.0087,3.0138,4029046.1,1758121199999,12167298.58145,55901
XRPUSDT,1758121200000,3.0139,3.0259,3.0133,3.0227,2062442.6,1758124799999,6228782.01347,30023
XRPUSDT,1758124800000,3.0227,3.0244,3.01,3.0218,2226900.6,1758128399999,6718534.80814,32323
XRPUSDT,1758128400000,3.0219,3.0685,3.0178,3.0197,8216906.4,1758131999999,25021221.59032,76228
XRPUSDT,1758132000000,3.0197,3.0645,2.9814,2.9978,26215866.0,1758135599999,79288803.21907,309232
XRPUSDT,1758135600000,2.9978,3.043,2.9944,3.0321,8077363.5,1758139199999,24445126.67801,113472
XRPUSDT,1758139200000,3.0322,3.0495,3.0115,3.0149,5547486.2,1758142799999,16822952.08874,50487
XRPUSDT,1758142800000,3.0149,3.0394,3.0059,3.0319,2822531.4,1758146399999,8533895.79187,47773
XRPUSDT,1758146400000,3.032,3.0914,3.032,3.087,10948460.7,1758149999999,33589164.18688,114482
XRPUSDT,1758150000000,3.0871,3.1079,3.0695,3.0841,10502291.8,1758153599999,32434061.58089,116857
XRPUSDT,1758153600000,3.0841,3.0954,3.0752,3.076,5690501.0,1758157199999,17560926.7845,63748
XRPUSDT,1758157200000,3.0759,3.0998,3.0707,3.093,5304537.2,1758160799999,16377794.99674,60985
XRPUSDT,1758160800000,3.093,3.096,3.08,3.0951,2962415.7,1758164399999,9147936.00015,32080
XRPUSDT,1758164400000,3.0951,3.112,3.0923,3.1051,6917471.2,1758167999999,21472445.37616,56146
XRPUSDT,1758168000000,3.105,3.1074,3.0912,3.0985,4916905.5,1758171599999,15237406.99405,34433
XRPUSDT,1758171600000,3.0986,3.0986,3.0755,3.0806,5443916.1,1758175199999,16797583.88961,38911
XRPUSDT,1758175200000,3.0806,3.0826,3.0558,3.0709,7164594.8,1758178799999,21970144.75475,71170
XRPUSDT,1758178800000,3.071,3.1054,3.0704,3.0924,5131220.4,1758182399999,15845093.17893,46403
XRPUSDT,1758182400000,3.0925,3.1081,3.0901,3.1066,6230664.0,1758185999999,19323489.42228,56543
XRPUSDT,1758186000000,3.1066,3.123,3.1022,3.123,6227707.6,1758189599999,19368967.18846,47511
XRPUSDT,1758189600000,3.1229,3.125,3.1028,3.1121,4201708.9,1758193199999,13073775.33493,47757
XRPUSDT,1758193200000,3.1121,3.1375,3.1121,3.1368,6899365.6,1758196799999,21571290.72317,60382
XRPUSDT,1758196800000,3.1369,3.1397,3.115,3.1163,5257362.0,1758200399999,16423985.93461,52485
XRPUSDT,1758200400000,3.1163,3.132,3.1023,3.1186,7430455.8,1758203999999,23175541.91025,76334
XRPUSDT,1758204000000,3.1185,3.1312,3.1173,3.1215,5769349.1,1758207599999,18023713.76601,40406
XRPUSDT,1758207600000,3.1215,3.1286,3.1124,3.1134,5122255.1,1758211199999,15976668.93089,47434
XRPUSDT,1758211200000,3.1134,3.1206,3.1071,3.1175,4348659.3,1758214799999,13539271.25746,36687
XRPUSDT,1758214800000,3.1175,3.123,3.0989,3.1074,4679678.0,1758218399999,14565918.47354,48484
XRPUSDT,1758218400000,3.1074,3.1181,3.1033,3.1164,2682602.0,1758221999999,8347154.86722,29360
XRPUSDT,1758222000000,3.1165,3.1165,3.0884,3.1074,4385620.1,1758225599999,13605857.05919,42798
XRPUSDT,1758225600000,3.1074,3.1079,3.0927,3.1001,2606284.2,1758229199999,8081164.22945,35885
XRPUSDT,1758229200000,3.1001,3.1023,3.083,3.0841,2422799.5,1758232799999,7485266.6686,27902
XRPUSDT,1758232800000,3.0842,3.0846,3.073,3.0732,4210402.8,1758236399999,12960342.0067,37985
XRPUSDT,1758236400000,3.0731,3.0793,3.0601,3.0735,5092464.8,1758239999999,15636831.11529,51443
XRPUSDT,1758240000000,3.0735,3.0868,3.0735,3.0865,2261837.9,1758243599999,6968667.36844,32002
XRPUSDT,1758243600000,3.0866,3.0941,3.0774,3.08,2812438.9,1758247199999,8680294.01115,28329
XRPUSDT,1758247200000,3.08,3.08,3.0616,3.0671,3781532.6,1758250799999,11608222.70247,28684
XRPUSDT,1758250800000,3.0672,3.0761,3.0453,3.047,5938422.3,1758254399999,18159477.39193,45904
XRPUSDT,1758254400000,3.0469,3.0499,3.0232,3.0492,8233191.3,1758257999999,24992895.97054,71206
XRPUSDT,1758258000000,3.0492,3.0536,3.037,3.048,2820563.5,1758261599999,8591174.76415,33720
XRPUSDT,1758261600000,3.0479,3.0479,3.0262,3.0267,4479811.2,1758265199999,13593016.40905,42695
XRPUSDT,1758265200000,3.0267,3.0424,3.0237,3.0382,3548050.2,1758268799999,10770783.33141,36659
XRPUSDT,1758268800000,3.0381,3.0475,3.0337,3.0341,2937433.4,1758272399999,8929395.0019,19899
XRPUSDT,1758272400000,3.0342,3.0435,3.0237,3.0297,3222006.4,1758275999999,9768448.50234,27397
XRPUSDT,1758276000000,3.0297,3.0358,3.024,3.0311,2893973.7,1758279599999,8766353.4948,25596
XRPUSDT,1758279600000,3.0312,3.0332,3.0223,3.0304,4192888.8,1758283199999,12692157.13653,32943
XRPUSDT,1758283200000,3.0305,3.0462,3.0297,3.0331,3396208.3,1758286799999,10321961.02235,34082
XRPUSDT,1758286800000,3.0331,3.0389,3.0251,3.0342,3630063.4,1758290399999,11008380.36296,39248
XRPUSDT,1758290400000,3.0342,3.0382,3.005,3.0083,8250360.5,1758293999999,24910936.24651,74409
XRPUSDT,1758294000000,3.0083,3.0124,2.9887,3.0103,10297146.6,1758297599999,30891722.96529,93946
XRPUSDT,1758297600000,3.0103,3.017,3.0052,3.0102,3942776.1,1758301199999,11876671.04632,41195
XRPUSDT,1758301200000,3.0101,3.0106,2.9951,2.9965,2370204.0,1758304799999,7112634.83048,36140
XRPUSDT,1758304800000,2.9965,3.0029,2.9879,2.9978,2308492.7,1758308399999,6916924.44734,33290
XRPUSDT,1758308400000,2.9978,3.0109,2.9836,2.9862,3391129.5,1758311999999,10159504.04165,46957
XRPUSDT,1758312000000,2.9862,2.9947,2.9835,2.9855,2788634.3,1758315599999,8336228.63425,39641
XRPUSDT,1758315600000,2.9854,2.9962,2.9784,2.9959,2538684.5,1758319199999,7586525.22044,24747
XRPUSDT,1758319200000,2.996,3.0007,2.9929,2.993,1217561.8,1758322799999,3649042.26491,16420
XRPUSDT,1758322800000,2.993,2.9933,2.9791,2.9901,1461226.7,1758326399999,4362480.03261,21656
XRPUSDT,1758326400000,2.99,3.0013,2.9845,2.9986,1348394.0,1758329999999,4035396.99539,16648
XRPUSDT,1758330000000,2.9987,2.9997,2.99,2.9921,1223075.9,1758333599999,3662631.07064,19287
XRPUSDT,1758333600000,2.992,2.9953,2.98,2.9948,1108479.5,1758337199999,3312372.94911,20220
XRPUSDT,1758337200000,2.9949,2.9952,2.9852,2.9914,1352164.1,1758340799999,4043336.13281,18107
XRPUSDT,1758340800000,2.9915,2.9948,2.9873,2.9928,1087120.5,1758344399999,3251661.24785,18463
XRPUSDT,1758344400000,2.9929,3.0027,2.9888,3.0027,1053924.8,1758347999999,3158030.12634,13695
XRPUSDT,1758348000000,3.0026,3.0068,2.9963,3.0051,1250911.2,1758351599999,3755932.87747,13507
XRPUSDT,1758351600000,3.0051,3.0091,2.9991,3.0089,1471776.4,1758355199999,4423919.37383,16486
XRPUSDT,1758355200000,3.0088,3.0091,2.9851,2.9855,1903578.1,1758358799999,5704444.65899,18014
XRPUSDT,1758358800000,2.9854,2.9889,2.9745,2.9789,4095618.8,1758362399999,12211944.24915,27710
XRPUSDT,1758362400000,2.9789,2.9854,2.9775,2.9791,2070179.0,1758365999999,6170771.67415,22331
XRPUSDT,1758366000000,2.979,2.9892,2.979,2.9891,1139511.7,1758369599999,3400619.53123,18447
XRPUSDT,1758369600000,2.9892,2.9894,2.9821,2.985,1931962.8,1758373199999,5767001.3466,19566
XRPUSDT,1758373200000,2.985,2.9896,2.9809,2.9835,1932345.9,1758376799999,5768320.61319,21907
XRPUSDT,1758376800000,2.9835,2.985,2.9652,2.9812,7502410.4,1758380399999,22320026.7624,55685
XRPUSDT,1758380400000,2.9812,2.9961,2.98,2.9893,8512135.1,1758383999999,25441872.40766,57102
XRPUSDT,1758384000000,2.9893,2.9928,2.9757,2.9915,4921015.6,1758387599999,14691937.11871,38330
XRPUSDT,1758387600000,2.9914,2.9917,2.9809,2.9824,2730609.1,1758391199999,8153090.00447,26400
XRPUSDT,1758391200000,2.9824,2.9824,2.971,2.9746,3076572.6,1758394799999,9149692.68867,27052
XRPUSDT,1758394800000,2.9746,2.9816,2.9716,2.9744,1956866.8,1758398399999,5823198.71635,19165
XRPUSDT,1758398400000,2.9745,2.9795,2.97,2.9709,4431702.6,1758401999999,13177640.85281,23874
XRPUSDT,1758402000000,2.9708,2.9855,2.9704,2.9805,2400300.1,1758405599999,7150033.58876,16572
XRPUSDT,1758405600000,2.9804,2.9855,2.9749,2.9821,1951714.9,1758409199999,5815074.43528,22094
XRPUSDT,1758409200000,2.9821,2.9824,2.97,2.975,2271360.1,1758412799999,6757234.94094,23525
XRPUSDT,1758412800000,2.975,2.9917,2.9725,2.9888,3792861.9,1758416399999,11317113.98533,26393
XRPUSDT,1758416400000,2.9888,2.9905,2.9777,2.9798,1576866.6,1758419999999,4707242.03465,24372
XRPUSDT,1758420000000,2.9797,2.9909,2.9761,2.9902,2078508.0,1758423599999,6204539.8756,19073
XRPUSDT,1758423600000,2.9903,2.9987,2.9881,2.9976,1624652.3,1758427199999,4863644.12281,17007
XRPUSDT,1758427200000,2.9977,3.0068,2.9931,3.0068,2592049.5,1758430799999,7769558.52003,21179
XRPUSDT,1758430800000,3.0068,3.0135,3.0011,3.0058,2862740.1,1758434399999,8612457.4966,31599
XRPUSDT,1758434400000,3.0058,3.0115,2.9996,3.0001,1963436.6,1758437999999,5900194.38297,19911
XRPUSDT,1758438000000,3.0002,3.0066,2.9953,2.997,1756044.9,1758441599999,5271180.98932,16635
XRPUSDT,1758441600000,2.997,3.0005,2.9899,2.9909,965723.4,1758445199999,2890748.04587,15390
XRPUSDT,1758445200000,2.9909,2.9928,2.9618,2.9789,3768581.9,1758448799999,11199996.85823,42679
XRPUSDT,1758448800000,2.9788,2.9805,2.9679,2.9681,1345897.8,1758452399999,4003413.14599,22060
XRPUSDT,1758452400000,2.9682,2.9815,2.9669,2.9751,1255949.6,1758455999999,3737333.91541,21844
XRPUSDT,1758456000000,2.9751,2.9865,2.9731,2.9791,1358306.5,1758459599999,4048938.05058,20472
XRPUSDT,1758459600000,2.979,2.9873,2.9777,2.9863,1054246.1,1758463199999,3145660.70529,14111
XRPUSDT,1758463200000,2.9863,2.9884,2.9745,2.9764,1154466.6,1758466799999,3441495.42457,18401
XRPUSDT,1758466800000,2.9763,2.9815,2.9696,2.9798,1097688.8,1758470399999,3266197.36407,22575
XRPUSDT,1758470400000,2.9799,2.9835,2.9618,2.9649,2203714.4,1758473999999,6542561.48828,33266
XRPUSDT,1758474000000,2.9649,2.974,2.9523,2.9738,4347100.7,1758477599999,12862975.05656,38629
XRPUSDT,1758477600000,2.9738,2.9854,2.9728,2.9854,1267628.6,1758481199999,3776495.42564,19603
XRPUSDT,1758481200000,2.9854,2.9856,2.971,2.9818,1123965.2,1758484799999,3346758.47457,20123
XRPUSDT,1758484800000,2.9817,2.9852,2.9738,2.9753,1046922.6,1758488399999,3118464.38623,17567
XRPUSDT,1758488400000,2.9754,2.9793,2.9668,2.9746,1373726.8,1758491999999,4085471.19129,17726
XRPUSDT,1758492000000,2.9746,2.9926,2.9644,2.9906,2413818.0,1758495599999,7195022.44504,27863
XRPUSDT,1758495600000,2.9906,2.9927,2.969,2.9701,1643844.2,1758499199999,4894609.274,29538
XRPUSDT,1758499200000,2.9701,2.9755,2.8995,2.9165,21967980.7,1758502799999,64250599.5551,196438
XRPUSDT,1758502800000,2.9164,2.936,2.9125,2.9175,6518827.5,1758506399999,19049805.35409,91231
XRPUSDT,1758506400000,2.9175,2.9228,2.8769,2.8979,10591152.3,1758509999999,30685193.24948,124117
XRPUSDT,1758510000000,2.8979,2.9079,2.8931,2.9038,4282360.5,1758513599999,12422931.61793,44936
XRPUSDT,1758513600000,2.9038,2.9066,2.8943,2.8944,2744575.8,1758517199999,7961041.95814,33432
XRPUSDT,1758517200000,2.8944,2.8958,2.8454,2.847,8836513.1,1758520799999,25402670.4827,61946
XRPUSDT,1758520800000,2.8471,2.8506,2.6975,2.824,52807340.1,1758524399999,146864856.82155,297030
XRPUSDT,1758524400000,2.8239,2.8279,2.8043,2.806,11847363.0,1758527999999,33344581.34323,89514
XRPUSDT,1758528000000,2.806,2.8239,2.7979,2.8128,8856577.2,1758531599999,24915019.62807,80139
XRPUSDT,1758531600000,2.8129,2.8189,2.7974,2.8007,8654734.3,1758535199999,24306687.7659,86302
XRPUSDT,1758535200000,2.8008,2.8187,2.7895,2.8161,9818552.5,1758538799999,27544802.43383,88330
XRPUSDT,1758538800000,2.816,2.8221,2.8114,2.8162,5595771.4,1758542399999,15759057.79182,70767
XRPUSDT,1758542400000,2.8163,2.8455,2.8041,2.8454,8428036.5,1758545999999,23813478.30069,106990
XRPUSDT,1758546000000,2.8454,2.8583,2.8338,2.8572,11408315.6,1758549599999,32479497.24934,149301
XRPUSDT,1758549600000,2.8572,2.8696,2.8492,2.8605,11027489.9,1758553199999,31530423.18953,123142
XRPUSDT,1758553200000,2.8606,2.8746,2.8491,2.8602,10649660.8,1758556799999,30472370.65053,116094
XRPUSDT,1758556800000,2.8602,2.8703,2.8418,2.8454,5756412.8,1758560399999,16450598.62361,91539
XRPUSDT,1758560400000,2.8454,2.8684,2.8446,2.8572,6317135.6,1758563999999,18022628.29886,84271
XRPUSDT,1758564000000,2.8572,2.8632,2.8326,2.8335,5800917.3,1758567599999,16506503.93493,56538
XRPUSDT,1758567600000,2.8336,2.8377,2.8157,2.8345,7544205.5,1758571199999,21333287.03695,87187
XRPUSDT,1758571200000,2.8344,2.8437,2.8146,2.8406,3845386.5,1758574799999,10880368.45328,54315
XRPUSDT,1758574800000,2.8405,2.8571,2.8296,2.8554,1996688.8,1758578399999,5672946.2933,29558
XRPUSDT,1758578400000,2.8554,2.8562,2.8431,2.8461,1501738.9,1758581999999,4279020.64222,21374
XRPUSDT,1758582000000,2.8461,2.8526,2.844,2.8526,1949456.3,1758585599999,5550726.16998,22049
XRPUSDT,1758585600000,2.8525,2.8685,2.8471,2.851,2413481.4,1758589199999,6899303.38416,37056
XRPUSDT,1758589200000,2.8509,2.8535,2.8224,2.8227,3526833.8,1758592799999,10007968.50986,40448
XRPUSDT,1758592800000,2.8227,2.8372,2.8066,2.8092,4328670.9,1758596399999,12207713.40145,43895
XRPUSDT,1758596400000,2.8091,2.8725,2.7991,2.8596,8086752.1,1758599999999,22983257.42254,82777
XRPUSDT,1758600000000,2.8597,2.8659,2.8356,2.8561,4065048.0,1758603599999,11584836.11534,36643
XRPUSDT,1758603600000,2.856,2.8753,2.8518,2.8655,5195234.4,1758607199999,14895960.84297,51765
XRPUSDT,1758607200000,2.8655,2.8806,2.8593,2.8728,6457164.6,1758610799999,18540741.36431,56905
XRPUSDT,1758610800000,2.8728,2.8843,2.8637,2.8646,5128177.7,1758614399999,14730753.31574,50448
XRPUSDT,1758614400000,2.8646,2.87,2.8561,2.8661,4336395.9,1758617999999,12412985.88026,32305
XRPUSDT,1758618000000,2.866,2.8738,2.8494,2.8579,4147113.4,1758621599999,11867806.35104,35594
XRPUSDT,1758621600000,2.8578,2.8688,2.8556,2.8642,3580273.8,1758625199999,10247035.95861,26712
XRPUSDT,1758625200000,2.8642,2.8679,2.857,2.8584,2781476.3,1758628799999,7958639.83339,37134
XRPUSDT,1758628800000,2.8583,2.8719,2.8529,2.865,3283863.5,1758632399999,9398253.76477,42745
XRPUSDT,1758632400000,2.8649,2.8687,2.8541,2.8595,3326960.4,1758635999999,9518838.21201,50753
XRPUSDT,1758636000000,2.8596,2.8785,2.8549,2.864,4201007.8,1758639599999,12034620.28943,59913
XRPUSDT,1758639600000,2.8639,2.8839,2.8587,2.8766,4732936.5,1758643199999,13606052.73319,56039
XRPUSDT,1758643200000,2.8766,2.8964,2.8637,2.8863,5924762.4,1758646799999,17064979.41659,67374
XRPUSDT,1758646800000,2.8862,2.8872,2.8451,2.8487,5890522.0,1758650399999,16863455.55216,65267
XRPUSDT,1758650400000,2.8487,2.8549,2.8379,2.8457,4707268.4,1758653999999,13401550.86312,70975
XRPUSDT,1758654000000,2.8456,2.87,2.8454,2.8532,3784068.0,1758657599999,10817781.59449,56975
XRPUSDT,1758657600000,2.8531,2.8599,2.8384,2.8551,3298462.8,1758661199999,9401080.45112,54233
XRPUSDT,1758661200000,2.8551,2.8582,2.8349,2.8483,1853821.8,1758664799999,5278197.02951,27890
XRPUSDT,1758664800000,2.8483,2.8484,2.8333,2.8354,1732847.5,1758668399999,4922838.8577,31163
XRPUSDT,1758668400000,2.8354,2.8367,2.8175,2.8247,3609158.9,1758671999999,10204542.09226,44592
XRPUSDT,1758672000000,2.8247,2.8423,2.8215,2.8282,1984457.1,1758675599999,5618723.76011,36601
XRPUSDT,1758675600000,2.8282,2.8431,2.8247,2.8411,1554790.5,1758679199999,4408619.58094,28697
XRPUSDT,1758679200000,2.8411,2.8417,2.8188,2.829,8202187.7,1758682799999,23176331.50946,64404
XRPUSDT,1758682800000,2.829,2.8347,2.8055,2.814,6382738.4,1758686399999,17977106.54023,68994
XRPUSDT,1758686400000,2.8139,2.8488,2.7883,2.8402,10345475.9,1758689999999,29126317.45134,116253
XRPUSDT,1758690000000,2.8402,2.8609,2.8376,2.8572,4955485.4,1758693599999,14111102.46678,43293
XRPUSDT,1758693600000,2.8573,2.8689,2.8508,2.8559,4828823.8,1758697199999,13798230.30479,47830
XRPUSDT,1758697200000,2.856,2.8774,2.8545,2.8736,3261910.0,1758700799999,9354431.54673,32399
XRPUSDT,1758700800000,2.8737,2.8799,2.8671,2.8746,2052891.5,1758704399999,5898928.75099,28481
XRPUSDT,1758704400000,2.8747,2.8791,2.8703,2.8733,3090200.5,1758707999999,8883128.99647,20349
XRPUSDT,1758708000000,2.8733,2.8752,2.8677,2.8726,3035996.2,1758711599999,8719750.0343,25682
XRPUSDT,1758711600000,2.8725,2.8842,2.8719,2.8804,2742302.7,1758715199999,7894583.45907,30328
XRPUSDT,1758715200000,2.8804,2.8875,2.8751,2.8767,2851675.0,1758718799999,8219256.57988,28006
XRPUSDT,1758718800000,2.8767,2.8868,2.8718,2.8766,2716859.8,1758722399999,7821576.29775,42307
XRPUSDT,1758722400000,2.8766,2.9261,2.8766,2.9197,8057932.7,1758725999999,23422900.84012,83460
XRPUSDT,1758726000000,2.9197,2.9511,2.9084,2.9404,8365071.5,1758729599999,24492179.57529,105604
XRPUSDT,1758729600000,2.9403,2.9524,2.9289,2.9462,6520899.9,1758733199999,19185465.55881,93369
XRPUSDT,1758733200000,2.9462,2.956,2.9347,2.944,5653559.1,1758736799999,16650960.96843,62011
XRPUSDT,1758736800000,2.944,2.9557,2.9405,2.9513,3999910.0,1758740399999,11798585.24228,44989
XRPUSDT,1758740400000,2.9512,2.9955,2.9476,2.9773,10571673.6,1758743999999,31405429.11065,106702
XRPUSDT,1758744000000,2.9772,2.9796,2.9517,2.9685,6387463.7,1758747599999,18953660.79615,78707
XRPUSDT,1758747600000,2.9686,2.9759,2.9412,2.9439,5295596.9,1758751199999,15671442.17619,60549
XRPUSDT,1758751200000,2.9439,2.96,2.9366,2.942,5702364.2,1758754799999,16804415.65027,58398
XRPUSDT,1758754800000,2.9421,2.9479,2.9234,2.9257,6856966.5,1758758399999,20103358.58886,59604
XRPUSDT,1758758400000,2.9257,2.9446,2.9116,2.9142,6640924.3,1758761999999,19432072.55197,75317
XRPUSDT,1758762000000,2.9142,2.9192,2.8905,2.896,5218030.5,1758765599999,15152428.55419,62322
XRPUSDT,1758765600000,2.896,2.9175,2.8883,2.9047,5842976.1,1758769199999,16957977.93026,61588
XRPUSDT,1758769200000,2.9047,2.9048,2.87,2.873,6175804.6,1758772799999,17782005.56503,62335
XRPUSDT,1758772800000,2.873,2.8785,2.8324,2.845,14438988.7,1758776399999,41144248.28026,125771
XRPUSDT,1758776400000,2.845,2.8665,2.8352,2.8653,7107704.1,1758779999999,20275418.24674,61104
XRPUSDT,1758780000000,2.8652,2.8654,2.8442,2.8459,5130726.0,1758783599999,14636142.14593,61336
XRPUSDT,1758783600000,2.8459,2.858,2.8386,2.8424,3548429.4,1758787199999,10107356.73252,51612
XRPUSDT,1758787200000,2.8424,2.8549,2.8267,2.8319,6415684.6,1758790799999,18227964.64177,50688
XRPUSDT,1758790800000,2.8319,2.8478,2.8247,2.8276,5788920.4,1758794399999,16425356.20644,53036
XRPUSDT,1758794400000,2.8276,2.838,2.8176,2.8177,4063235.8,1758797999999,11486038.55648,36373
XRPUSDT,1758798000000,2.8177,2.8233,2.8074,2.8154,5993296.4,1758801599999,16858626.64106,66329
XRPUSDT,1758801600000,2.8154,2.8416,2.7852,2.8278,14830305.6,1758805199999,41745129.34776,97960
XRPUSDT,1758805200000,2.8277,2.8576,2.8068,2.8267,11695577.6,1758808799999,33149824.76101,144071
XRPUSDT,1758808800000,2.8267,2.8607,2.8267,2.8387,7638442.1,1758812399999,21751325.33437,73696
XRPUSDT,1758812400000,2.8386,2.8404,2.8202,2.8312,5625970.5,1758815999999,15921758.5603,62677
XRPUSDT,1758816000000,2.8312,2.8377,2.7873,2.7914,8302791.2,1758819599999,23314351.05904,86401
XRPUSDT,1758819600000,2.7914,2.7939,2.7244,2.7368,25500249.0,1758823199999,70372092.51419,238177
XRPUSDT,1758823200000,2.7368,2.8004,2.7336,2.8003,12595323.1,1758826799999,34883947.29824,144456
XRPUSDT,1758826800000,2.8004,2.8139,2.7473,2.7606,9514460.6,1758830399999,26465116.05077,96677
XRPUSDT,1758830400000,2.7607,2.7721,2.746,2.7479,6048138.4,1758833999999,16682959.54252,74948
XRPUSDT,1758834000000,2.748,2.7646,2.7338,2.7573,5839320.3,1758837599999,16050988.17164,64793
XRPUSDT,1758837600000,2.7572,2.7685,2.7449,2.7546,4268978.3,1758841199999,11764441.0972,48074
XRPUSDT,1758841200000,2.7546,2.7649,2.7321,2.7435,8196899.3,1758844799999,22497941.81987,71423
XRPUSDT,1758844800000,2.7435,2.7726,2.7387,2.7682,5618157.6,1758848399999,15473682.56424,69567
XRPUSDT,1758848400000,2.7683,2.7774,2.7577,2.7676,4915093.2,1758851999999,13603245.54807,73940
XRPUSDT,1758852000000,2.7675,2.7787,2.7495,2.7589,4113391.9,1758855599999,11357263.0585,57674
XRPUSDT,1758855600000,2.7589,2.7636,2.744,2.7611,3018478.4,1758859199999,8311737.9533,46147
XRPUSDT,1758859200000,2.7611,2.7659,2.7537,2.7633,1963247.8,1758862799999,5418508.75077,35477
XRPUSDT,1758862800000,2.7633,2.7754,2.7506,2.7529,3427162.3,1758866399999,9469427.69272,43086
XRPUSDT,1758866400000,2.753,2.7716,2.7379,2.7554,7917974.7,1758869999999,21822847.28699,80121
XRPUSDT,1758870000000,2.7553,2.774,2.738,2.7551,13055306.5,1758873599999,35919758.43694,97432
XRPUSDT,1758873600000,2.7551,2.7687,2.755,2.759,2985388.3,1758877199999,8245062.21076,56453
XRPUSDT,1758877200000,2.7589,2.7663,2.7205,2.7488,6986444.0,1758880799999,19206607.82897,57441
XRPUSDT,1758880800000,2.7488,2.7489,2.7095,2.7098,10939418.0,1758884399999,29793067.30938,87439
XRPUSDT,1758884400000,2.7098,2.7331,2.6984,2.7277,13411347.5,1758887999999,36326345.55287,100934
XRPUSDT,1758888000000,2.7277,2.7766,2.7062,2.7535,15028218.3,1758891599999,41242328.86162,142655
XRPUSDT,1758891600000,2.7536,2.7684,2.7326,2.7614,8064028.2,1758895199999,22190837.53354,108682
XRPUSDT,1758895200000,2.7613,2.7636,2.7004,2.7077,9584007.4,1758898799999,26078067.23992,121109
XRPUSDT,1758898800000,2.7078,2.7482,2.7061,2.7353,7720343.2,1758902399999,21097291.50697,102120
XRPUSDT,1758902400000,2.7353,2.7661,2.7319,2.763,6149546.2,1758905999999,16929536.85602,75546
XRPUSDT,1758906000000,2.7631,2.7973,2.7627,2.7934,8950973.4,1758909599999,24916387.47702,90276
XRPUSDT,1758909600000,2.7933,2.809,2.7906,2.8029,5915949.2,1758913199999,16569572.24526,62285
XRPUSDT,1758913200000,2.8028,2.8059,2.7723,2.7918,8662057.1,1758916799999,24161296.21074,72464
XRPUSDT,1758916800000,2.7918,2.7974,2.7769,2.7781,4544442.6,1758920399999,12664592.42199,42892
XRPUSDT,1758920400000,2.778,2.789,2.7698,2.7862,6146445.9,1758923999999,17062017.416,33806
XRPUSDT,1758924000000,2.7863,2.793,2.7811,2.7821,2003123.0,1758927599999,5583279.64213,26140
XRPUSDT,1758927600000,2.7822,2.7887,2.7752,2.7835,1680760.0,1758931199999,4677217.53807,19370
XRPUSDT,1758931200000,2.7836,2.7836,2.7727,2.7803,1849274.4,1758934799999,5137229.21606,30149
XRPUSDT,1758934800000,2.7803,2.7826,2.7675,2.7728,1837728.7,1758938399999,5096401.5997,29338
XRPUSDT,1758938400000,2.7729,2.7844,2.7697,2.7777,1652102.1,1758941999999,4585437.81015,23199
XRPUSDT,1758942000000,2.7777,2.79,2.7767,2.7836,1618871.6,1758945599999,4510775.15171,23857
XRPUSDT,1758945600000,2.7835,2.79,2.7795,2.7835,1631198.0,1758949199999,4541172.83733,19133
XRPUSDT,1758949200000,2.7834,2.7913,2.7757,2.7902,1108676.9,1758952799999,3086237.29705,15092
XRPUSDT,1758952800000,2.7902,2.797,2.7862,2.7969,1601281.6,1758956399999,4468343.66888,21219
XRPUSDT,1758956400000,2.797,2.8016,2.7791,2.781,2410544.4,1758959999999,6720253.47314,23574
XRPUSDT,1758960000000,2.7809,2.7814,2.768,2.7696,2080727.9,1758963599999,5771761.13478,29087
XRPUSDT,1758963600000,2.7696,2.7834,2.7619,2.7814,2074293.9,1758967199999,5752372.56023,30343
XRPUSDT,1758967200000,2.7813,2.7939,2.7781,2.7881,1390619.5,1758970799999,3876340.12038,22807
XRPUSDT,1758970800000,2.788,2.7889,2.7753,2.777,1033158.4,1758974399999,2873677.09156,13778
XRPUSDT,1758974400000,2.777,2.789,2.7735,2.7844,1598374.2,1758977999999,4443858.38584,23897
XRPUSDT,1758978000000,2.7844,2.7871,2.7802,2.7816,2566047.3,1758981599999,7142914.4908,18297
XRPUSDT,1758981600000,2.7817,2.7862,2.78,2.7824,826316.7,1758985199999,2299306.41891,16021
XRPUSDT,1758985200000,2.7825,2.785,2.7727,2.7842,1404183.2,1758988799999,3901162.49094,26482
XRPUSDT,1758988800000,2.7842,2.7853,2.7747,2.7765,1106521.6,1758992399999,3076867.44505,21782
XRPUSDT,1758992400000,2.7765,2.7849,2.7628,2.7838,2290465.5,1758995999999,6351198.65908,31910
XRPUSDT,1758996000000,2.7838,2.7902,2.7818,2.7902,2522282.2,1758999599999,7029372.73965,24018
XRPUSDT,1758999600000,2.7902,2.7949,2.7871,2.79,2036643.2,1759003199999,5683438.04737,22886
XRPUSDT,1759003200000,2.7899,2.7984,2.7877,2.7976,1152100.6,1759006799999,3219729.64952,18178
XRPUSDT,1759006800000,2.7976,2.799,2.7874,2.7981,1743538.0,1759010399999,4871870.6068,14159
XRPUSDT,1759010400000,2.798,2.8287,2.7972,2.8188,5141564.2,1759013999999,14469615.95489,45347
XRPUSDT,1759014000000,2.8189,2.8263,2.8039,2.8047,2027292.1,1759017599999,5701622.24322,37391
XRPUSDT,1759017600000,2.8047,2.8146,2.7866,2.8004,13024605.6,1759021199999,36469285.74696,60113
XRPUSDT,1759021200000,2.8005,2.8028,2.7852,2.7885,1962453.2,1759024799999,5481525.28004,43722
XRPUSDT,1759024800000,2.7885,2.7942,2.7806,2.7867,990564.7,1759028399999,2761286.54938,25935
XRPUSDT,1759028400000,2.7868,2.7916,2.7771,2.7826,1187300.1,1759031999999,3304556.04796,23710
XRPUSDT,1759032000000,2.7827,2.7896,2.7789,2.7889,830596.0,1759035599999,2312495.37246,20535
XRPUSDT,1759035600000,2.7888,2.7947,2.7808,2.7812,1077073.1,1759039199999,3001564.34288,19418
XRPUSDT,1759039200000,2.7812,2.7899,2.7747,2.7894,1895963.9,1759042799999,5273988.92801,23465
XRPUSDT,1759042800000,2.7895,2.79,2.7828,2.7874,1085630.3,1759046399999,3024864.01077,19067
XRPUSDT,1759046400000,2.7874,2.7945,2.7812,2.7867,2721278.3,1759049999999,7586718.87133,35481
XRPUSDT,1759050000000,2.7867,2.7904,2.7731,2.7776,1645383.4,1759053599999,4575570.05862,35496
XRPUSDT,1759053600000,2.7775,2.7855,2.7711,2.7811,1618919.8,1759057199999,4496049.3438,27463
XRPUSDT,1759057200000,2.7811,2.7812,2.7701,2.7764,1771252.4,1759060799999,4914230.31728,28397
XRPUSDT,1759060800000,2.7764,2.7771,2.7661,2.7699,2280093.1,1759064399999,6317481.40752,34873
XRPUSDT,1759064400000,2.7699,2.7901,2.7668,2.786,2107207.4,1759067999999,5857419.94432,29707
XRPUSDT,1759068000000,2.7859,2.7968,2.779,2.7966,1447204.3,1759071599999,4034409.25759,21140
XRPUSDT,1759071600000,2.7966,2.8138,2.793,2.8107,3107754.0,1759075199999,8717929.50281,41915
XRPUSDT,1759075200000,2.8106,2.8337,2.8048,2.8316,5787399.9,1759078799999,16282817.92006,44048
XRPUSDT,1759078800000,2.8316,2.8346,2.8206,2.8238,3353728.1,1759082399999,9483192.13181,39191
XRPUSDT,1759082400000,2.8238,2.831,2.8163,2.8304,1898249.1,1759085999999,5359973.07793,16799
XRPUSDT,1759086000000,2.8304,2.833,2.8221,2.8277,1373665.6,1759089599999,3885221.73357,17311
XRPUSDT,1759089600000,2.8276,2.8476,2.8266,2.8433,2595799.7,1759093199999,7370318.36533,22618
XRPUSDT,1759093200000,2.8433,2.8509,2.8322,2.8395,3738806.7,1759096799999,10624249.03957,22347
XRPUSDT,1759096800000,2.8395,2.8637,2.8391,2.8581,5743296.2,1759100399999,16396284.36425,67284
XRPUSDT,1759100400000,2.858,2.8675,2.858,2.8674,2609285.1,1759103999999,7469927.34239,28499
XRPUSDT,1759104000000,2.8675,2.868,2.8529,2.8625,3145893.9,1759107599999,8994928.01493,33297
XRPUSDT,1759107600000,2.8625,2.8672,2.856,2.8567,2229466.7,1759111199999,6380356.95344,37604
XRPUSDT,1759111200000,2.8568,2.8848,2.8482,2.875,10890017.6,1759114799999,31220348.68813,65810
XRPUSDT,1759114800000,2.8751,2.8758,2.8567,2.8634,4578036.1,1759118399999,13102215.26872,36488
XRPUSDT,1759118400000,2.8635,2.8654,2.8521,2.8604,3315882.6,1759121999999,9480735.91691,30216
XRPUSDT,1759122000000,2.8604,2.8618,2.8508,2.8593,2376728.2,1759125599999,6786639.09474,32366
XRPUSDT,1759125600000,2.8592,2.8703,2.8454,2.8682,4537353.9,1759129199999,12967985.82513,41909
XRPUSDT,1759129200000,2.8683,2.9054,2.8646,2.8869,7804433.4,1759132799999,22551245.01135,95984
XRPUSDT,1759132800000,2.8868,2.8926,2.8825,2.8837,3708193.0,1759136399999,10708736.39661,43036
XRPUSDT,1759136400000,2.8836,2.8843,2.8676,2.8702,2271414.3,1759139999999,6531503.49313,30439
XRPUSDT,1759140000000,2.8703,2.8707,2.8559,2.8607,2765311.4,1759143599999,7917400.96074,37973
XRPUSDT,1759143600000,2.8607,2.8654,2.8528,2.8551,2432276.7,1759147199999,6953477.34798,41567
XRPUSDT,1759147200000,2.8551,2.8688,2.8464,2.8495,3758458.9,1759150799999,10734916.54776,43749
XRPUSDT,1759150800000,2.8494,2.886,2.8455,2.8804,6816858.3,1759154399999,19569894.24867,88215
XRPUSDT,1759154400000,2.8804,2.9289,2.8787,2.908,12421707.4,1759157999999,36107144.12845,139493
XRPUSDT,1759158000000,2.908,2.9112,2.8836,2.894,4665897.8,1759161599999,13504503.502,63518
XRPUSDT,1759161600000,2.8939,2.9007,2.877,2.8795,4620640.9,1759165199999,13358463.5951,52133
XRPUSDT,1759165200000,2.8795,2.887,2.8657,2.8823,5282232.5,1759168799999,15201778.47405,62541
XRPUSDT,1759168800000,2.8823,2.883,2.8664,2.8763,2598150.1,1759172399999,7465202.39929,33429
XRPUSDT,1759172400000,2.8764,2.9033,2.8716,2.8977,9293275.8,1759175999999,26833602.26368,66590
XRPUSDT,1759176000000,2.8977,2.915,2.8896,2.9056,6937836.8,1759179599999,20146496.57316,69486
XRPUSDT,1759179600000,2.9057,2.9084,2.8908,2.8939,3377085.2,1759183199999,9789710.87721,33031
XRPUSDT,1759183200000,2.894,2.897,2.8836,2.8871,3924395.8,1759186799999,11337727.17708,42349
XRPUSDT,1759186800000,2.887,2.8907,2.8787,2.8801,2721828.0,1759190399999,7849333.42506,36052
XRPUSDT,1759190400000,2.8801,2.8912,2.8731,2.8748,4043718.6,1759193999999,11651810.39781,63359
XRPUSDT,1759194000000,2.8748,2.8926,2.8681,2.8814,3675893.4,1759197599999,10582743.61219,58058
XRPUSDT,1759197600000,2.8814,2.8891,2.8753,2.8811,2371918.4,1759201199999,6836497.36153,31089
XRPUSDT,1759201200000,2.8812,2.8851,2.8728,2.876,1888100.1,1759204799999,5433638.14895,27842
XRPUSDT,1759204800000,2.8759,2.8826,2.8737,2.881,1758116.8,1759208399999,5059488.89615,19009
XRPUSDT,1759208400000,2.8809,2.9021,2.8787,2.8937,3698591.7,1759211999999,10698496.06001,37782
XRPUSDT,1759212000000,2.8936,2.9077,2.8879,2.8987,3550635.9,1759215599999,10294466.03134,39573
XRPUSDT,1759215600000,2.8988,2.9001,2.872,2.874,3234480.4,1759219199999,9331729.83073,37844
XRPUSDT,1759219200000,2.874,2.8753,2.853,2.8551,3587110.5,1759222799999,10272988.43176,39702
XRPUSDT,1759222800000,2.8551,2.8601,2.8371,2.8392,4760161.0,1759226399999,13563287.48711,44478
XRPUSDT,1759226400000,2.8391,2.8481,2.8356,2.8403,4280104.9,1759229999999,12165394.0646,42291
XRPUSDT,1759230000000,2.8403,2.8505,2.8341,2.8468,2582945.7,1759233599999,7341777.8608,33969
XRPUSDT,1759233600000,2.8468,2.8559,2.8441,2.8491,1931765.4,1759237199999,5507821.72296,29064
XRPUSDT,1759237200000,2.8491,2.8629,2.8378,2.8455,5060728.9,1759240799999,14410095.49617,67723
XRPUSDT,1759240800000,2.8455,2.85,2.8295,2.8477,3919726.8,1759244399999,11129722.74424,87971
XRPUSDT,1759244400000,2.8478,2.8481,2.8132,2.8279,7917820.0,1759247999999,22361012.08083,93763
XRPUSDT,1759248000000,2.8279,2.838,2.8174,2.8244,5473736.2,1759251599999,15474147.85429,57952
XRPUSDT,1759251600000,2.8244,2.8406,2.8176,2.8281,8655234.7,1759255199999,24463121.54496,67641
XRPUSDT,1759255200000,2.828,2.8425,2.8212,2.8397,4775626.8,1759258799999,13534957.2059,40043
XRPUSDT,1759258800000,2.8398,2.8708,2.8386,2.8637,6460254.2,1759262399999,18437993.4918,56819
XRPUSDT,1759262400000,2.8638,2.8739,2.8584,2.8721,4421098.4,1759265999999,12665797.06919,45724
XRPUSDT,1759266000000,2.8721,2.8792,2.8513,2.8527,6383066.9,1759269599999,18287389.73595,43138
XRPUSDT,1759269600000,2.8527,2.8641,2.8386,2.8417,3545011.2,1759273199999,10111366.67292,38103
XRPUSDT,1759273200000,2.8417,2.8484,2.8339,2.8468,2416572.8,1759276799999,6864839.11057,30231
XRPUSDT,1759276800000,2.8468,2.852,2.8276,2.8383,2561359.7,1759280399999,7271742.24514,31494
XRPUSDT,1759280400000,2.8383,2.8597,2.8357,2.8582,3151146.6,1759283999999,8968588.0527,41780
XRPUSDT,1759284000000,2.8581,2.8586,2.84,2.8419,1910566.4,1759287599999,5440090.10387,33674
XRPUSDT,1759287600000,2.8419,2.8426,2.8141,2.819,3276898.0,1759291199999,9263199.48939,41052
XRPUSDT,1759291200000,2.8191,2.8456,2.8163,2.8362,4824250.9,1759294799999,13679984.00507,44142
XRPUSDT,1759294800000,2.8363,2.8541,2.8347,2.8457,4029170.3,1759298399999,11466446.14665,36762
XRPUSDT,1759298400000,2.8456,2.8497,2.8309,2.8321,3998320.4,1759301999999,11355766.95362,40827
XRPUSDT,1759302000000,2.832,2.8574,2.831,2.854,4578166.7,1759305599999,13036653.53495,43970
XRPUSDT,1759305600000,2.8539,2.9219,2.8517,2.9169,15546293.4,1759309199999,44980515.87573,133983
XRPUSDT,1759309200000,2.9169,2.952,2.9074,2.9412,17264116.5,1759312799999,50563857.5061,102857
XRPUSDT,1759312800000,2.9412,2.9419,2.9193,2.9299,9511328.9,1759316399999,27865101.91691,75843
XRPUSDT,1759316400000,2.9298,2.9458,2.9295,2.9439,4600854.4,1759319999999,13523187.65241,47050
XRPUSDT,1759320000000,2.9439,2.9454,2.9269,2.9363,7802519.2,1759323599999,22908139.89742,62416
XRPUSDT,1759323600000,2.9363,2.955,2.9336,2.9384,10468955.6,1759327199999,30830336.99594,93091
XRPUSDT,1759327200000,2.9384,2.9582,2.9315,2.9428,7698001.8,1759330799999,22667816.57436,78115
XRPUSDT,1759330800000,2.9429,2.9465,2.9332,2.9419,4537603.3,1759334399999,13344657.76101,54216
XRPUSDT,1759334400000,2.9419,2.9496,2.9348,2.9378,5216019.2,1759337999999,15343168.56007,50416
XRPUSDT,1759338000000,2.9379,2.9446,2.9195,2.9202,5604845.8,1759341599999,16434245.61567,44214
XRPUSDT,1759341600000,2.9202,2.9422,2.9201,2.936,3037515.8,1759345199999,8908136.72337,32921
XRPUSDT,1759345200000,2.936,2.9616,2.9351,2.9549,4483123.8,1759348799999,13226482.34074,42857
XRPUSDT,1759348800000,2.9549,2.9555,2.9382,2.9472,2770573.6,1759352399999,8165828.31405,32093
XRPUSDT,1759352400000,2.9472,2.9476,2.9261,2.9286,3371236.9,1759355999999,9889239.13947,30957
XRPUSDT,1759356000000,2.9286,2.9399,2.9273,2.9303,3032417.7,1759359599999,8891025.90078,31830
XRPUSDT,1759359600000,2.9303,2.9512,2.9281,2.9485,2987123.9,1759363199999,8785152.85176,35609
XRPUSDT,1759363200000,2.9485,2.9623,2.9403,2.9429,5433092.4,1759366799999,16036794.73282,68490
XRPUSDT,1759366800000,2.943,2.9756,2.9418,2.9701,3992701.4,1759370399999,11825309.05586,52564
XRPUSDT,1759370400000,2.9701,2.9811,2.9602,2.9765,4584229.0,1759373999999,13622097.64834,49109
XRPUSDT,1759374000000,2.9764,2.9877,2.9665,2.9723,4769861.6,1759377599999,14209231.75591,40430
XRPUSDT,1759377600000,2.9723,2.9796,2.9538,2.9676,4182249.9,1759381199999,12403457.72235,45983
XRPUSDT,1759381200000,2.9675,2.9807,2.9579,2.9648,6178364.7,1759384799999,18339008.70278,39701
XRPUSDT,1759384800000,2.9649,2.9825,2.9628,2.9793,5612675.7,1759388399999,16687111.4478,38035
XRPUSDT,1759388400000,2.9794,2.9856,2.9648,2.9692,4327311.9,1759391999999,12878686.04292,31804
XRPUSDT,1759392000000,2.9691,2.9903,2.9666,2.9888,5361252.2,1759395599999,15978244.8437,34918
XRPUSDT,1759395600000,2.9887,2.992,2.9757,2.9833,3461079.1,1759399199999,10328884.06019,36264
XRPUSDT,1759399200000,2.9832,2.9934,2.9788,2.9888,2650923.4,1759402799999,7915212.31222,33249
XRPUSDT,1759402800000,2.9888,2.9962,2.9688,2.9715,3888271.3,1759406399999,11610381.95685,43471
XRPUSDT,1759406400000,2.9716,2.9877,2.9681,2.9866,3556882.2,1759409999999,10601172.67011,45516
XRPUSDT,1759410000000,2.9865,2.9892,2.963,2.9857,5959038.1,1759413599999,17739013.81544,90081
XRPUSDT,1759413600000,2.9857,2.9939,2.9466,2.9574,6830615.2,1759417199999,20279201.617,92567
XRPUSDT,1759417200000,2.9574,2.9927,2.9461,2.9917,7848238.4,1759420799999,23316875.97374,87532
XRPUSDT,1759420800000,2.9917,3.0587,2.9871,3.0449,21775625.7,1759424399999,65936638.79399,204410
XRPUSDT,1759424400000,3.045,3.0559,3.0311,3.0352,6237331.1,1759427999999,18981914.62838,101793
XRPUSDT,1759428000000,3.0352,3.0644,3.0351,3.0622,7496969.9,1759431599999,22862225.11503,79535
XRPUSDT,1759431600000,3.0621,3.0998,3.0586,3.0902,10695119.9,1759435199999,32960688.08912,112029
XRPUSDT,1759435200000,3.0903,3.0912,3.052,3.0587,8079182.3,1759438799999,24773655.68344,92146
XRPUSDT,1759438800000,3.0587,3.066,3.0367,3.0396,4909262.2,1759442399999,14965388.10124,56733
XRPUSDT,1759442400000,3.0396,3.0484,3.026,3.0322,4967382.4,1759445999999,15084978.29429,59572
XRPUSDT,1759446000000,3.0323,3.0416,3.0264,3.0389,4276891.6,1759449599999,12981370.90609,49579
XRPUSDT,1759449600000,3.0388,3.0393,3.0132,3.0193,6650196.4,1759453199999,20111150.33603,67141
XRPUSDT,1759453200000,3.0192,3.0257,3.005,3.0063,4717560.6,1759456799999,14215473.14284,57855
XRPUSDT,1759456800000,3.0063,3.0249,3.0041,3.0222,3818396.7,1759460399999,11512702.62265,44180
XRPUSDT,1759460400000,3.0221,3.0388,3.0186,3.0202,4582145.7,1759463999999,13878895.04636,47485
XRPUSDT,1759464000000,3.0202,3.0316,3.0163,3.0294,2858995.5,1759467599999,8644531.85637,33227
XRPUSDT,1759467600000,3.0293,3.031,3.0136,3.0206,2878861.3,1759471199999,8695351.3411,27986
XRPUSDT,1759471200000,3.0207,3.035,3.0131,3.0226,4468375.8,1759474799999,13509248.47644,40421
XRPUSDT,1759474800000,3.0227,3.0342,3.0184,3.0339,4996194.0,1759478399999,15121812.85629,46276
XRPUSDT,1759478400000,3.0339,3.0582,3.0224,3.0528,5875389.2,1759481999999,17880634.86167,84638
XRPUSDT,1759482000000,3.0528,3.0544,3.0349,3.0406,3266740.8,1759485599999,9941257.68043,43595
XRPUSDT,1759485600000,3.0406,3.0497,3.0389,3.0454,5728411.4,1759489199999,17434002.12013,45336
XRPUSDT,1759489200000,3.0454,3.0479,3.0302,3.0379,2669651.7,1759492799999,8112468.21005,38056
XRPUSDT,1759492800000,3.038,3.0408,3.0216,3.0224,2738838.6,1759496399999,8301651.18909,40825
XRPUSDT,1759496400000,3.0225,3.0327,3.0102,3.0253,5813983.9,1759499999999,17569907.59172,82544
XRPUSDT,1759500000000,3.0254,3.0479,3.0079,3.043,5378635.8,1759503599999,16291197.08273,80364
XRPUSDT,1759503600000,3.043,3.0731,3.026,3.0692,8241694.5,1759507199999,25139563.82589,81647
XRPUSDT,1759507200000,3.0693,3.0948,3.0595,3.0624,16285896.1,1759510799999,50199833.03996,123311
XRPUSDT,1759510800000,3.0624,3.0624,3.0124,3.0288,17201643.2,1759514399999,52289508.42104,187339
XRPUSDT,1759514400000,3.0289,3.0517,3.0203,3.0458,3528513.9,1759517999999,10723294.18112,67505
XRPUSDT,1759518000000,3.0458,3.0545,3.0322,3.0347,3603644.9,1759521599999,10967015.7032,52974
XRPUSDT,1759521600000,3.0347,3.0402,3.0211,3.0378,3682896.1,1759525199999,11160979.95334,48373
XRPUSDT,1759525200000,3.0378,3.0556,3.0373,3.0466,2795446.8,1759528799999,8521950.6341,34132
XRPUSDT,1759528800000,3.0465,3.0549,3.0454,3.0477,2058723.6,1759532399999,6278112.47277,26580
XRPUSDT,1759532400000,3.0477,3.051,3.0368,3.0401,1898670.2,1759535999999,5780366.18602,27425
XRPUSDT,1759536000000,3.0402,3.0522,3.0384,3.0434,2666483.8,1759539599999,8119621.05543,37325
XRPUSDT,1759539600000,3.0434,3.0452,3.02,3.0236,3045228.3,1759543199999,9228031.63866,38371
XRPUSDT,1759543200000,3.0236,3.0332,3.0165,3.0205,1889080.9,1759546799999,5710282.49805,35463
XRPUSDT,1759546800000,3.0205,3.0238,3.0082,3.0233,3737456.3,1759550399999,11265286.27293,35625
XRPUSDT,1759550400000,3.0234,3.0275,3.0145,3.018,1462077.0,1759553999999,4415493.05921,25104
XRPUSDT,1759554000000,3.018,3.0295,3.0168,3.024,1301173.8,1759557599999,3933085.37886,29454
XRPUSDT,1759557600000,3.024,3.0305,3.0226,3.0267,1342763.9,1759561199999,4063829.38223,26934
XRPUSDT,1759561200000,3.0267,3.0315,3.0175,3.018,1784658.4,1759564799999,5396445.74906,23976
XRPUSDT,1759564800000,3.0179,3.022,2.9941,3.0005,6042889.8,1759568399999,18151230.29248,59772
XRPUSDT,1759568400000,3.0006,3.0075,2.9952,2.9963,2365409.3,1759571999999,7101641.8989,27613
XRPUSDT,1759572000000,2.9962,3.0051,2.9828,2.9872,3553318.3,1759575599999,10631818.43943,41297
XRPUSDT,1759575600000,2.9873,2.9936,2.9829,2.9904,2421805.7,1759579199999,7236593.63476,31737
XRPUSDT,1759579200000,2.9904,2.9951,2.9825,2.9841,2504090.3,1759582799999,7485804.71191,32311
XRPUSDT,1759582800000,2.9841,3.0065,2.9835,2.9928,3004400.7,1759586399999,9009943.49675,33086
XRPUSDT,1759586400000,2.9928,2.9986,2.9658,2.967,5773052.4,1759589999999,17210936.75329,47781
XRPUSDT,1759590000000,2.9669,2.9731,2.9409,2.9497,9020418.3,1759593599999,26648423.45633,92306
XRPUSDT,1759593600000,2.9497,2.9555,2.939,2.9462,3923085.6,1759597199999,11564445.67068,56848
XRPUSDT,1759597200000,2.9461,2.9568,2.9422,2.9482,2736164.5,1759600799999,8070766.37775,31585
XRPUSDT,1759600800000,2.9482,2.949,2.9403,2.9435,1939217.0,1759604399999,5709108.23496,23147
XRPUSDT,1759604400000,2.9435,2.9517,2.9419,2.9501,1641235.9,1759607999999,4835347.12452,19638
XRPUSDT,1759608000000,2.9502,2.9582,2.9465,2.9471,2438478.7,1759611599999,7196804.80702,32155
XRPUSDT,1759611600000,2.9471,2.9655,2.9457,2.9613,1872348.6,1759615199999,5541460.52717,19130
XRPUSDT,1759615200000,2.9614,2.9713,2.9539,2.9692,1674742.2,1759618799999,4964189.73534,25350
XRPUSDT,1759618800000,2.9691,2.9731,2.9627,2.9685,1290401.1,1759622399999,3830675.90739,18008
XRPUSDT,1759622400000,2.9685,2.9743,2.9555,2.9569,1656209.6,1759625999999,4910255.8028,25629
XRPUSDT,1759626000000,2.957,2.9699,2.9564,2.9641,1566700.9,1759629599999,4644214.91379,23243
XRPUSDT,1759629600000,2.964,3.0068,2.9605,3.0051,5046610.7,1759633199999,15086473.21921,68700
XRPUSDT,1759633200000,3.0051,3.0263,3.0025,3.0075,5578556.4,1759636799999,16819365.37193,74810
XRPUSDT,1759636800000,3.0075,3.0441,3.0049,3.034,7462821.5,1759640399999,22592502.74922,82932
XRPUSDT,1759640400000,3.034,3.0426,3.0265,3.0356,3895309.8,1759643999999,11815686.54195,49265
XRPUSDT,1759644000000,3.0355,3.0397,3.0268,3.0339,4294986.2,1759647599999,13036186.83578,44157
XRPUSDT,1759647600000,3.0339,3.0675,3.0332,3.0633,6756251.5,1759651199999,20611830.89866,63248
XRPUSDT,1759651200000,3.0633,3.0716,3.0464,3.0472,5766081.7,1759654799999,17630733.068,65831
XRPUSDT,1759654800000,3.0472,3.0523,3.0163,3.0239,9230155.5,1759658399999,27994706.07218,100056
XRPUSDT,1759658400000,3.0239,3.025,3.0011,3.0155,5343011.0,1759661999999,16096471.71505,60782
XRPUSDT,1759662000000,3.0155,3.0235,3.0063,3.022,2711523.1,1759665599999,8178541.65541,34983
XRPUSDT,1759665600000,3.022,3.0221,3.0054,3.0066,2364757.5,1759669199999,7122783.9577,34721
XRPUSDT,1759669200000,3.0067,3.014,2.9959,3.0051,3019171.3,1759672799999,9076592.91889,36779
XRPUSDT,1759672800000,3.0051,3.0105,2.9856,2.9953,3932317.5,1759676399999,11786082.19502,47529
XRPUSDT,1759676400000,2.9953,3.0158,2.9931,3.0128,2128561.9,1759679999999,6393424.2515,29891
XRPUSDT,1759680000000,3.0127,3.015,2.9819,3.0019,3637034.5,1759683599999,10897039.46771,40329
XRPUSDT,1759683600000,3.002,3.008,2.9813,2.9881,2451664.7,1759687199999,7346405.16059,36215
XRPUSDT,1759687200000,2.9881,2.991,2.9689,2.9747,4526479.7,1759690799999,13476540.85141,43943
XRPUSDT,1759690800000,2.9747,2.9752,2.9483,2.9529,7275662.6,1759694399999,21517339.70699,73677
XRPUSDT,1759694400000,2.9528,2.9746,2.9468,2.9696,5832203.1,1759697999999,17292324.35819,45359
XRPUSDT,1759698000000,2.9696,2.98,2.963,2.9757,4816567.8,1759701599999,14319045.24099,38683
XRPUSDT,1759701600000,2.9758,2.9851,2.9577,2.967,4336124.9,1759705199999,12856356.2228,60081
XRPUSDT,1759705200000,2.9669,2.9788,2.9635,2.9697,2269948.0,1759708799999,6744787.14575,31165
XRPUSDT,1759708800000,2.9697,2.9924,2.9553,2.9631,6328282.4,1759712399999,18803530.33858,74578
XRPUSDT,1759712400000,2.9631,2.988,2.9551,2.979,2828466.1,1759715999999,8418846.21457,56568
XRPUSDT,1759716000000,2.979,2.9918,2.9616,2.9812,3217448.0,1759719599999,9574478.0813,46010
XRPUSDT,1759719600000,2.9811,2.9839,2.9737,2.978,1788035.7,1759723199999,5326499.83899,29213
XRPUSDT,1759723200000,2.978,2.9821,2.9657,2.9677,2076400.4,1759726799999,6173606.03112,27161
XRPUSDT,1759726800000,2.9677,2.9762,2.9623,2.9733,2287784.1,1759730399999,6790702.4484,32823
XRPUSDT,1759730400000,2.9733,2.9999,2.9733,2.9902,4052028.8,1759733999999,12112860.2573,42487
XRPUSDT,1759734000000,2.9902,2.9972,2.965,2.9737,3428706.1,1759737599999,10219178.78898,47847
XRPUSDT,1759737600000,2.9736,2.9914,2.9736,2.9873,2364435.0,1759741199999,7056307.37212,31612
XRPUSDT,1759741200000,2.9874,2.9945,2.9863,2.9914,3114414.6,1759744799999,9313807.80943,33255
XRPUSDT,1759744800000,2.9914,2.9964,2.985,2.9933,2735085.0,1759748399999,8181476.92326,30748
XRPUSDT,1759748400000,2.9933,3.0088,2.9856,2.9951,3879698.5,1759751999999,11632494.18393,41210
XRPUSDT,1759752000000,2.9951,3.0092,2.9951,3.001,3758536.1,1759755599999,11286185.95602,35415
XRPUSDT,1759755600000,3.0009,3.0096,2.9895,3.0088,5334887.1,1759759199999,16000157.73988,81599
XRPUSDT,1759759200000,3.0089,3.0221,2.9844,2.9878,10029197.0,1759762799999,30120079.89068,95044
XRPUSDT,1759762800000,2.9877,3.039,2.9875,3.0312,16316815.5,1759766399999,49287546.85462,94824
XRPUSDT,1759766400000,3.0311,3.0405,3.0212,3.0325,4438776.0,1759769999999,13446007.541,57550
XRPUSDT,1759770000000,3.0325,3.0473,3.0281,3.0363,6081709.6,1759773599999,18476879.00416,59075
XRPUSDT,1759773600000,3.0364,3.0479,3.0327,3.0447,4692125.8,1759777199999,14262943.21896,48992
XRPUSDT,1759777200000,3.0447,3.0506,3.0234,3.0247,6165589.0,1759780799999,18727985.33062,60127
XRPUSDT,1759780800000,3.0247,3.0336,3.0074,3.0088,5706618.5,1759784399999,17209225.34396,42299
XRPUSDT,1759784400000,3.0088,3.0154,2.9978,3.0069,5035090.5,1759787999999,15130215.0115,43238
XRPUSDT,1759788000000,3.0069,3.0121,2.9926,3.0009,7323199.2,1759791599999,21973829.26856,72920
XRPUSDT,1759791600000,3.0009,3.0023,2.9867,2.9883,4203174.0,1759795199999,12579308.93279,42873
XRPUSDT,1759795200000,2.9883,2.9945,2.9809,2.9941,2987975.3,1759798799999,8927790.70072,42075
XRPUSDT,1759798800000,2.9941,3.0009,2.978,2.9886,3047006.6,1759802399999,9104875.57881,39804
XRPUSDT,1759802400000,2.9887,2.9945,2.9785,2.9855,2901705.4,1759805999999,8663855.18853,29747
XRPUSDT,1759806000000,2.9855,2.9898,2.9766,2.986,2742674.1,1759809599999,8179971.50379,27406
XRPUSDT,1759809600000,2.986,2.9958,2.975,2.9925,4274830.6,1759813199999,12758362.78044,31553
XRPUSDT,1759813200000,2.9925,3.0012,2.9867,2.9911,3646931.6,1759816799999,10917055.89841,25749
XRPUSDT,1759816800000,2.9911,2.9911,2.9656,2.9676,7780131.4,1759820399999,23142506.60724,43271
XRPUSDT,1759820400000,2.9677,2.9741,2.9618,2.9716,3602334.2,1759823999999,10690272.95545,33045
XRPUSDT,1759824000000,2.9716,2.9725,2.9546,2.9647,5976054.9,1759827599999,17703041.56025,51724
XRPUSDT,1759827600000,2.9646,2.9741,2.964,2.9726,3048166.2,1759831199999,9054980.34305,29982
XRPUSDT,1759831200000,2.9726,2.9804,2.9681,2.9765,3324977.0,1759834799999,9891795.77468,27113
XRPUSDT,1759834800000,2.9765,2.9797,2.9694,2.9705,4681746.9,1759838399999,13927451.97594,38248
XRPUSDT,1759838400000,2.9705,2.9917,2.9673,2.9862,4671689.3,1759841999999,13904235.76639,46491
XRPUSDT,1759842000000,2.9863,2.9913,2.9379,2.954,14358218.1,1759845599999,42537672.94558,141783
XRPUSDT,1759845600000,2.954,2.9566,2.9029,2.9098,18186918.1,1759849199999,53149084.08258,176755
XRPUSDT,1759849200000,2.9098,2.9169,2.85,2.8847,20387180.0,1759852799999,58881200.06603,172795
XRPUSDT,1759852800000,2.8847,2.904,2.8726,2.889,12000564.5,1759856399999,34656847.74138,93148
XRPUSDT,1759856400000,2.8889,2.8942,2.8776,2.8777,5912802.1,1759859999999,17065793.56715,54805
XRPUSDT,1759860000000,2.8777,2.8818,2.8596,2.86,5059971.4,1759863599999,14526766.99144,54661
XRPUSDT,1759863600000,2.86,2.8723,2.8489,2.8568,7134307.2,1759867199999,20411991.54274,68877
XRPUSDT,1759867200000,2.8569,2.8816,2.8546,2.8719,5439309.3,1759870799999,15627459.67605,61848
XRPUSDT,1759870800000,2.872,2.8813,2.8662,2.8728,3312710.5,1759874399999,9519797.35649,35265
XRPUSDT,1759874400000,2.8728,2.8768,2.8625,2.867,2977766.0,1759877999999,8543179.34189,40761
XRPUSDT,1759878000000,2.8671,2.8673,2.8497,2.852,4249005.9,1759881599999,12134060.46616,46454
XRPUSDT,1759881600000,2.8521,2.8767,2.8515,2.8696,6177117.0,1759885199999,17723328.12982,72883
XRPUSDT,1759885200000,2.8697,2.8758,2.8644,2.8717,2568452.1,1759888799999,7372155.24086,33980
XRPUSDT,1759888800000,2.8717,2.8792,2.8665,2.8693,2750920.7,1759892399999,7903179.83293,35956
XRPUSDT,1759892400000,2.8692,2.8692,2.8374,2.8464,5544133.3,1759895999999,15804284.42828,61364
XRPUSDT,1759896000000,2.8465,2.8641,2.8303,2.8623,3828748.9,1759899599999,10907043.92132,47382
XRPUSDT,1759899600000,2.8624,2.8624,2.8455,2.8553,3383016.3,1759903199999,9653242.96192,40603
XRPUSDT,1759903200000,2.8553,2.8636,2.8426,2.8615,3563919.9,1759906799999,10169309.60595,41532
XRPUSDT,1759906800000,2.8615,2.8631,2.8484,2.858,4175573.0,1759910399999,11915030.18928,41919
XRPUSDT,1759910400000,2.8579,2.8783,2.8561,2.8683,4465635.3,1759913999999,12797530.74187,49951
XRPUSDT,1759914000000,2.8682,2.8721,2.8624,2.8698,3229388.6,1759917599999,9257349.74017,40871
XRPUSDT,1759917600000,2.8697,2.8786,2.8659,2.8773,3475784.2,1759921199999,9985370.10501,42436
XRPUSDT,1759921200000,2.8773,2.881,2.8706,2.8762,3102356.1,1759924799999,8922553.92336,40619
XRPUSDT,1759924800000,2.8761,2.8823,2.8705,2.8747,3326334.5,1759928399999,9564482.68178,44209
XRPUSDT,1759928400000,2.8746,2.879,2.8517,2.8734,4548059.4,1759931999999,13044743.3018,68688
XRPUSDT,1759932000000,2.8733,2.8937,2.8572,2.8622,5119300.5,1759935599999,14731804.98492,82769
XRPUSDT,1759935600000,2.8622,2.8729,2.8602,2.866,2113635.0,1759939199999,6056718.96761,47872
XRPUSDT,1759939200000,2.8661,2.8841,2.8627,2.8836,3383800.7,1759942799999,9724005.70246,43025
XRPUSDT,1759942800000,2.8836,2.9248,2.8818,2.9193,7360554.8,1759946399999,21419343.83297,89977
XRPUSDT,1759946400000,2.9193,2.9223,2.9028,2.9079,3399635.2,1759949999999,9898515.02392,62367
XRPUSDT,1759950000000,2.9078,2.9131,2.8976,2.9093,2953530.9,1759953599999,8578089.9711,40197
XRPUSDT,1759953600000,2.9093,2.9119,2.8915,2.8929,1806921.0,1759957199999,5244893.53744,30966
XRPUSDT,1759957200000,2.8929,2.9035,2.8924,2.8967,1326555.4,1759960799999,3845630.61468,25624
XRPUSDT,1759960800000,2.8966,2.9011,2.8946,2.8947,1244862.5,1759964399999,3607578.09963,22497
XRPUSDT,1759964400000,2.8948,2.8954,2.8763,2.8797,3255671.7,1759967999999,9391912.52747,31493
XRPUSDT,1759968000000,2.8797,2.8801,2.8644,2.8667,4628277.7,1759971599999,13283098.86511,60353
XRPUSDT,1759971600000,2.8666,2.8674,2.8505,2.8581,4081206.2,1759975199999,11664430.91855,48146
XRPUSDT,1759975200000,2.8581,2.8595,2.8244,2.8297,6198641.3,1759978799999,17598220.92575,56625
XRPUSDT,1759978800000,2.8297,2.846,2.8291,2.8443,3266624.5,1759982399999,9274684.44366,27831
XRPUSDT,1759982400000,2.8444,2.8487,2.8367,2.846,2104343.3,1759985999999,5982086.26979,25537
XRPUSDT,1759986000000,2.846,2.8467,2.826,2.8337,4467478.9,1759989599999,12657903.51899,27876
XRPUSDT,1759989600000,2.8337,2.834,2.8187,2.8238,5124082.5,1759993199999,14486954.40889,30591
XRPUSDT,1759993200000,2.8237,2.8304,2.8136,2.8172,3116377.2,1759996799999,8794799.64885,31324
XRPUSDT,1759996800000,2.8172,2.8198,2.786,2.7878,10731963.1,1760000399999,30047428.45571,85368
XRPUSDT,1760000400000,2.7878,2.8105,2.7878,2.8086,5887938.3,1760003999999,16502795.77709,58215
XRPUSDT,1760004000000,2.8086,2.8195,2.8016,2.8109,4898328.6,1760007599999,13770726.12666,57309
XRPUSDT,1760007600000,2.8108,2.8282,2.8108,2.8263,3853621.3,1760011199999,10874846.09872,46791
XRPUSDT,1760011200000,2.8262,2.8407,2.8227,2.8306,4509754.4,1760014799999,12764498.74144,61097
XRPUSDT,1760014800000,2.8305,2.8341,2.8118,2.8158,4909636.0,1760018399999,13864709.24729,95093
XRPUSDT,1760018400000,2.8158,2.8224,2.7897,2.8127,8276822.2,1760021999999,23223888.06884,122306
XRPUSDT,1760022000000,2.8127,2.8258,2.7946,2.8024,4512779.6,1760025599999,12681593.79695,74094
XRPUSDT,1760025600000,2.8024,2.8096,2.7714,2.7782,6578792.5,1760029199999,18361960.13133,88904
XRPUSDT,1760029200000,2.7781,2.8062,2.775,2.8053,5622097.4,1760032799999,15698112.22284,77016
XRPUSDT,1760032800000,2.8053,2.8092,2.7833,2.7847,4171518.9,1760036399999,11668602.61556,61204
XRPUSDT,1760036400000,2.7848,2.8018,2.7746,2.7889,3694118.7,1760039999999,10299426.04039,60594
XRPUSDT,1760040000000,2.789,2.7972,2.7836,2.7951,2997034.3,1760043599999,8361835.35643,52007
XRPUSDT,1760043600000,2.795,2.8019,2.7864,2.7982,2252234.1,1760047199999,6295765.16954,34485
XRPUSDT,1760047200000,2.7983,2.8169,2.7973,2.8147,2662188.0,1760050799999,7476949.7392,31566
XRPUSDT,1760050800000,2.8148,2.8157,2.8018,2.8021,1691053.9,1760054399999,4744447.32649,26129
XRPUSDT,1760054400000,2.8021,2.8178,2.8006,2.8111,2126768.6,1760057999999,5976008.3645,29843
XRPUSDT,1760058000000,2.8111,2.8177,2.8058,2.8097,2049819.4,1760061599999,5761075.23733,25296
XRPUSDT,1760061600000,2.8097,2.8117,2.7923,2.7972,3842118.2,1760065199999,10765115.06404,33445
XRPUSDT,1760065200000,2.7973,2.8297,2.7905,2.8129,3694468.4,1760068799999,10394049.35569,55292
XRPUSDT,1760068800000,2.813,2.8235,2.8083,2.8145,3213392.6,1760072399999,9043794.0332,38452
XRPUSDT,1760072400000,2.8145,2.8305,2.8043,2.8265,1959937.9,1760075999999,5522990.84567,37819
XRPUSDT,1760076000000,2.8265,2.8308,2.8107,2.8159,2178450.2,1760079599999,6144165.55362,36315
XRPUSDT,1760079600000,2.816,2.8178,2.7991,2.8033,3487250.1,1760083199999,9791470.42775,54980
XRPUSDT,1760083200000,2.8032,2.822,2.7986,2.8201,1544102.1,1760086799999,4343938.11143,33095
XRPUSDT,1760086800000,2.82,2.8308,2.8123,2.8135,2482322.7,1760090399999,7003053.0776,33521
XRPUSDT,1760090400000,2.8134,2.8204,2.8081,2.8189,2131687.5,1760093999999,6001168.21161,30564
XRPUSDT,1760094000000,2.8189,2.8224,2.8161,2.8186,1527370.3,1760097599999,4306434.03858,23526
XRPUSDT,1760097600000,2.8187,2.8215,2.8102,2.8186,2117637.2,1760101199999,5961717.84229,27659
XRPUSDT,1760101200000,2.8187,2.8372,2.8176,2.8262,3699464.4,1760104799999,10456099.8634,57152
XRPUSDT,1760104800000,2.8262,2.8346,2.7943,2.8,6577895.1,1760108399999,18495464.12781,83580
XRPUSDT,1760108400000,2.8,2.802,2.7131,2.7417,38269903.8,1760111999999,105108669.88929,346970
XRPUSDT,1760112000000,2.7417,2.7647,2.7273,2.7296,13558701.2,1760115599999,37166020.24436,130596
XRPUSDT,1760115600000,2.7295,2.7335,2.7111,2.7234,9955155.1,1760119199999,27093393.13928,104162
XRPUSDT,1760119200000,2.7234,2.7322,2.7042,2.7081,6411603.4,1760122799999,17417182.95027,74449
XRPUSDT,1760122800000,2.708,2.7129,2.6356,2.6768,28606769.9,1760126399999,76583645.76219,253206
XRPUSDT,1760126400000,2.6768,2.698,2.41,2.494,44932425.7,1760129999999,116536080.91328,238153
XRPUSDT,1760130000000,2.496,2.551,1.2543,2.3251,200655232.9,1760133599999,432572895.07117,1302749
XRPUSDT,1760133600000,2.3251,2.38,2.1002,2.3525,128191526.2,1760137199999,294187481.74809,863953
XRPUSDT,1760137200000,2.3527,2.4496,2.3112,2.3704,79619221.8,1760140799999,189384086.6398,578767
XRPUSDT,1760140800000,2.3704,2.418,2.3,2.3864,46924901.5,1760144399999,111011278.21781,454442
XRPUSDT,1760144400000,2.3864,2.3878,2.3058,2.3336,26868294.5,1760147999999,62926827.65306,295517
XRPUSDT,1760148000000,2.3336,2.459,2.3304,2.4359,30631450.0,1760151599999,73872572.07746,332895
XRPUSDT,1760151600000,2.436,2.4431,2.36,2.3974,26147066.9,1760155199999,62355273.41717,240564
XRPUSDT,1760155200000,2.3974,2.448,2.3949,2.4437,14922808.2,1760158799999,36067099.77468,169015
XRPUSDT,1760158800000,2.4438,2.4498,2.3901,2.4038,17300443.0,1760162399999,41834295.93034,148031
XRPUSDT,1760162400000,2.4038,2.4516,2.4,2.4233,15221772.4,1760165999999,36985825.90565,135198
XRPUSDT,1760166000000,2.4234,2.4429,2.3976,2.4115,19276048.0,1760169599999,46599474.17149,181788
XRPUSDT,1760169600000,2.4115,2.4893,2.3993,2.4849,15974846.1,1760173199999,39180192.82286,173386
XRPUSDT,1760173200000,2.4848,2.5061,2.4662,2.4695,14695882.3,1760176799999,36550656.98576,172707
XRPUSDT,1760176800000,2.4695,2.4851,2.4536,2.4778,10710415.6,1760180399999,26457633.2092,141308
XRPUSDT,1760180400000,2.4779,2.4846,2.4424,2.4773,9765026.7,1760183999999,24078314.41084,131552
XRPUSDT,1760184000000,2.4772,2.4856,2.4308,2.4461,12092675.9,1760187599999,29729526.16241,142774
XRPUSDT,1760187600000,2.4461,2.4603,2.4152,2.4502,14286472.0,1760191199999,34850689.48393,220527
XRPUSDT,1760191200000,2.4502,2.4593,2.4226,2.4585,10195087.2,1760194799999,24902735.64666,120678
XRPUSDT,1760194800000,2.4584,2.487,2.4574,2.4783,7059739.3,1760198399999,17471546.27633,109447
XRPUSDT,1760198400000,2.4783,2.4928,2.4629,2.4761,7335409.8,1760201999999,18176180.69637,111472
XRPUSDT,1760202000000,2.476,2.492,2.4722,2.4799,4941092.2,1760205599999,12267957.56317,95618
XRPUSDT,1760205600000,2.4798,2.4807,2.4631,2.4695,3266118.2,1760209199999,8070463.17411,65396
XRPUSDT,1760209200000,2.4694,2.4697,2.383,2.4097,14405839.0,1760212799999,34777970.39309,211829
XRPUSDT,1760212800000,2.4096,2.4118,2.3358,2.3538,20214243.8,1760216399999,47917756.39891,267656
XRPUSDT,1760216400000,2.3539,2.3879,2.3228,2.3862,19213867.5,1760219999999,45279218.9777,214199
XRPUSDT,1760220000000,2.3861,2.407,2.38,2.3963,9472255.8,1760223599999,22648818.83364,110080
XRPUSDT,1760223600000,2.3962,2.4009,2.3766,2.3819,6594832.1,1760227199999,15758280.62423,92326
XRPUSDT,1760227200000,2.3819,2.3871,2.3379,2.3418,6518190.8,1760230799999,15438311.15419,112871
XRPUSDT,1760230800000,2.3419,2.358,2.3242,2.3277,11669111.2,1760234399999,27270191.24147,161909
XRPUSDT,1760234400000,2.3278,2.3518,2.3121,2.3263,12110959.0,1760237999999,28185804.82343,163919
XRPUSDT,1760238000000,2.3262,2.369,2.3215,2.3417,10444990.9,1760241599999,24538213.33477,127052
XRPUSDT,1760241600000,2.3417,2.3775,2.3399,2.3627,9267718.7,1760245199999,21892830.76155,100564
XRPUSDT,1760245200000,2.3626,2.379,2.3494,2.3736,4541877.3,1760248799999,10751876.09956,69547
XRPUSDT,1760248800000,2.3735,2.4006,2.3692,2.3899,5491077.9,1760252399999,13106524.62571,57463
XRPUSDT,1760252400000,2.3899,2.3969,2.3749,2.3897,4450729.8,1760255999999,10618193.82439,58471
XRPUSDT,1760256000000,2.3897,2.4019,2.3822,2.383,3756708.8,1760259599999,8988181.61449,55677
XRPUSDT,1760259600000,2.383,2.4036,2.369,2.4014,6359898.2,1760263199999,15186685.04314,65925
XRPUSDT,1760263200000,2.4015,2.411,2.3847,2.3882,5251134.1,1760266799999,12576482.40876,69702
XRPUSDT,1760266800000,2.3883,2.406,2.3881,2.3975,7581174.9,1760270399999,18163356.03331,59198
XRPUSDT,1760270400000,2.3974,2.4213,2.397,2.4067,6573450.4,1760273999999,15855463.74978,69878
XRPUSDT,1760274000000,2.4068,2.4152,2.3717,2.3757,9787001.9,1760277599999,23421774.94164,94613
XRPUSDT,1760277600000,2.3758,2.4797,2.3615,2.4411,25750134.6,1760281199999,62447467.04314,297695
XRPUSDT,1760281200000,2.4411,2.5145,2.4367,2.4885,29811433.6,1760284799999,73988105.53164,370632
XRPUSDT,1760284800000,2.4884,2.5421,2.4879,2.5184,22544743.2,1760288399999,56576321.65258,251384
XRPUSDT,1760288400000,2.5185,2.5451,2.5021,2.5287,14369408.4,1760291999999,36289823.5159,152879
XRPUSDT,1760292000000,2.5287,2.5416,2.5036,2.513,7465411.3,1760295599999,18838464.6536,99339
XRPUSDT,1760295600000,2.5131,2.552,2.5122,2.5473,6421627.5,1760299199999,16289562.08212,83601
XRPUSDT,1760299200000,2.5472,2.5841,2.545,2.5585,10302309.9,1760302799999,26379516.76778,134964
XRPUSDT,1760302800000,2.5584,2.5686,2.5119,2.5448,8245240.9,1760306399999,20976920.56478,126889
XRPUSDT,1760306400000,2.5448,2.56,2.5159,2.5324,12869870.3,1760309999999,32609850.92706,181621
XRPUSDT,1760310000000,2.5324,2.5352,2.5081,2.5282,6681319.5,1760313599999,16848041.82453,106751
XRPUSDT,1760313600000,2.5283,2.5486,2.5143,2.5286,8817094.1,1760317199999,22286225.84894,157551
XRPUSDT,1760317200000,2.5286,2.5495,2.5125,2.5494,7556086.5,1760320799999,19113850.8759,123529
XRPUSDT,1760320800000,2.5494,2.5612,2.532,2.5586,11493189.5,1760324399999,29258085.41515,104044
XRPUSDT,1760324400000,2.5585,2.574,2.546,2.5508,8854431.5,1760327999999,22675784.82047,117997
XRPUSDT,1760328000000,2.5508,2.5807,2.5464,2.5769,7133076.6,1760331599999,18302498.11716,93017
XRPUSDT,1760331600000,2.5769,2.5791,2.5402,2.5494,5867374.0,1760335199999,14988472.98365,83372
XRPUSDT,1760335200000,2.5495,2.6093,2.5337,2.6052,9326719.9,1760338799999,24082580.29433,103476
XRPUSDT,1760338800000,2.6053,2.6372,2.5967,2.6213,10613874.5,1760342399999,27806757.35796,109090
XRPUSDT,1760342400000,2.6214,2.6426,2.6068,2.6338,9974641.3,1760345999999,26163714.93503,94597
XRPUSDT,1760346000000,2.6337,2.6383,2.6163,2.622,7258411.2,1760349599999,19058932.01964,78726
XRPUSDT,1760349600000,2.6219,2.6235,2.5912,2.6007,6779685.5,1760353199999,17639730.85243,73424
XRPUSDT,1760353200000,2.6006,2.6036,2.5352,2.5692,15606296.4,1760356799999,40123715.12672,174256
XRPUSDT,1760356800000,2.5691,2.591,2.5555,2.5693,7867518.9,1760360399999,20248810.8473,108058
XRPUSDT,1760360400000,2.5693,2.6163,2.5507,2.6037,24156929.0,1760363999999,62443654.60414,246568
XRPUSDT,1760364000000,2.6036,2.6129,2.5532,2.5574,12002572.4,1760367599999,30911030.03832,171967
XRPUSDT,1760367600000,2.5573,2.5967,2.5553,2.5873,6769179.7,1760371199999,17460293.21767,94395
XRPUSDT,1760371200000,2.5873,2.6008,2.5705,2.5931,9250648.5,1760374799999,23934375.25745,108732
XRPUSDT,1760374800000,2.5932,2.626,2.5821,2.6227,10410263.2,1760378399999,27091995.08179,106008
XRPUSDT,1760378400000,2.6228,2.63,2.6002,2.6111,8090887.7,1760381999999,21173873.41536,97663
XRPUSDT,1760382000000,2.6111,2.6397,2.6041,2.6247,6778827.5,1760385599999,17795798.1296,91027
XRPUSDT,1760385600000,2.6247,2.6447,2.62,2.644,6031351.1,1760389199999,15890331.90378,66706
XRPUSDT,1760389200000,2.644,2.646,2.6123,2.6165,5755526.9,1760392799999,15130250.40115,47264
XRPUSDT,1760392800000,2.6165,2.6233,2.6057,2.6088,4937991.2,1760396399999,12909029.05237,46894
XRPUSDT,1760396400000,2.6087,2.6138,2.5975,2.6052,4511496.6,1760399999999,11756253.40713,36749
XRPUSDT,1760400000000,2.6052,2.6208,2.5957,2.6073,5925264.8,1760403599999,15455296.52006,51991
XRPUSDT,1760403600000,2.6072,2.6108,2.5826,2.5872,7259897.4,1760407199999,18868786.23515,58436
XRPUSDT,1760407200000,2.5871,2.588,2.563,2.5735,10677779.5,1760410799999,27482155.82316,55898
XRPUSDT,1760410800000,2.5735,2.5746,2.55,2.5606,7412919.5,1760414399999,18986609.3826,75584
XRPUSDT,1760414400000,2.5605,2.5655,2.5175,2.5262,8973284.9,1760417999999,22763431.21204,94628
XRPUSDT,1760418000000,2.5262,2.5411,2.4963,2.5054,10621818.2,1760421599999,26718801.37511,114841
XRPUSDT,1760421600000,2.5054,2.5189,2.4178,2.4658,21742730.7,1760425199999,53669569.32381,221025
XRPUSDT,1760425200000,2.4658,2.481,2.4401,2.4524,17132846.1,1760428799999,42101513.59634,175405
XRPUSDT,1760428800000,2.4524,2.4749,2.4376,2.4636,7728686.2,1760432399999,18999613.37773,98296
XRPUSDT,1760432400000,2.4637,2.4753,2.456,2.4616,4628208.1,1760435999999,11414444.25386,64177
XRPUSDT,1760436000000,2.4615,2.4617,2.412,2.4403,11366102.3,1760439599999,27657894.00579,122668
XRPUSDT,1760439600000,2.4403,2.4644,2.4383,2.4517,6390610.3,1760443199999,15679211.42554,69663
XRPUSDT,1760443200000,2.4518,2.4526,2.4147,2.4192,12394877.6,1760446799999,30078324.0556,99263
XRPUSDT,1760446800000,2.4192,2.4437,2.3888,2.4318,18007485.7,1760450399999,43498831.78791,209975
XRPUSDT,1760450400000,2.4317,2.4636,2.4273,2.4466,11718944.9,1760453999999,28673019.77981,145263
XRPUSDT,1760454000000,2.4467,2.4991,2.437,2.4974,12545320.0,1760457599999,30983959.47012,123344
XRPUSDT,1760457600000,2.4975,2.5362,2.4825,2.5032,17081875.6,1760461199999,42853609.60422,166986
XRPUSDT,1760461200000,2.5031,2.527,2.475,2.5054,10340393.0,1760464799999,25924212.70247,119276
XRPUSDT,1760464800000,2.5054,2.5265,2.4943,2.5025,7615474.4,1760468399999,19136384.22417,84339
XRPUSDT,1760468400000,2.5025,2.5177,2.4611,2.4837,13501071.2,1760471999999,33543721.25165,134175
XRPUSDT,1760472000000,2.4837,2.4965,2.4751,2.4905,5052707.2,1760475599999,12559911.52027,62062
XRPUSDT,1760475600000,2.4904,2.4974,2.4754,2.4953,3511747.0,1760479199999,8731169.3735,33439
XRPUSDT,1760479200000,2.4953,2.5087,2.49,2.498,3163998.5,1760482799999,7911408.53809,34209
XRPUSDT,1760482800000,2.4981,2.5127,2.4976,2.5033,1623416.5,1760486399999,4070180.95376,25437
XRPUSDT,1760486400000,2.5033,2.5088,2.4855,2.5052,2599033.6,1760489999999,6489201.55804,49130
XRPUSDT,1760490000000,2.5052,2.5065,2.4848,2.4997,2558381.2,1760493599999,6382944.50739,43286
XRPUSDT,1760493600000,2.4997,2.526,2.4974,2.5114,4390820.1,1760497199999,11045273.23794,47304
XRPUSDT,1760497200000,2.5114,2.5134,2.4795,2.4881,4001859.0,1760500799999,9978564.47946,49823
XRPUSDT,1760500800000,2.4881,2.499,2.4801,2.4986,3261371.4,1760504399999,8117459.43154,34624
XRPUSDT,1760504400000,2.4986,2.5094,2.49,2.4999,2283737.8,1760507999999,5710303.6053,45989
XRPUSDT,1760508000000,2.4999,2.509,2.4794,2.5026,3770973.9,1760511599999,9409988.14762,58139
XRPUSDT,1760511600000,2.5025,2.5083,2.494,2.507,3174583.4,1760515199999,7939362.88806,43200
XRPUSDT,1760515200000,2.5069,2.5475,2.5052,2.5185,11723237.6,1760518799999,29641068.20216,100657
XRPUSDT,1760518800000,2.5186,2.5231,2.495,2.501,9337003.2,1760522399999,23419142.64643,72274
XRPUSDT,1760522400000,2.501,2.507,2.4926,2.4972,3592665.3,1760525999999,8979588.86393,39285
XRPUSDT,1760526000000,2.4971,2.5055,2.4775,2.4928,4734894.3,1760529599999,11790091.66221,50267
XRPUSDT,1760529600000,2.4928,2.5035,2.4826,2.5019,5948826.1,1760533199999,14842552.33547,62433
XRPUSDT,1760533200000,2.5018,2.5021,2.4552,2.484,13570070.9,1760536799999,33625134.70466,124528
XRPUSDT,1760536800000,2.4841,2.5118,2.4531,2.465,8867885.2,1760540399999,22053798.23432,103931
XRPUSDT,1760540400000,2.465,2.476,2.4237,2.4333,16358646.6,1760543999999,39987053.67618,162392
XRPUSDT,1760544000000,2.4333,2.4491,2.431,2.4323,7459931.9,1760547599999,18200727.24837,94581
XRPUSDT,1760547600000,2.4324,2.4345,2.4124,2.434,6968154.7,1760551199999,16884181.64452,83519
XRPUSDT,1760551200000,2.4339,2.4425,2.4216,2.4412,3957526.0,1760554799999,9628457.12706,48280
XRPUSDT,1760554800000,2.4411,2.4414,2.4022,2.4053,4421048.0,1760558399999,10686253.90241,62675
XRPUSDT,1760558400000,2.4054,2.4207,2.3798,2.3977,10295653.4,1760561999999,24728240.20395,101815
XRPUSDT,1760562000000,2.3976,2.4165,2.3754,2.3977,8479100.6,1760565599999,20303643.33354,75480
XRPUSDT,1760565600000,2.3978,2.4164,2.3962,2.4043,3085647.5,1760569199999,7431857.51629,42676
XRPUSDT,1760569200000,2.4042,2.4173,2.3988,2.4109,2752359.5,1760572799999,6630209.94555,44961
XRPUSDT,1760572800000,2.411,2.4155,2.3996,2.4067,5055879.0,1760576399999,12175143.45563,74215
XRPUSDT,1760576400000,2.4067,2.4267,2.4057,2.4242,3151896.1,1760579999999,7617573.13251,49143
XRPUSDT,1760580000000,2.4243,2.4354,2.4128,2.4272,5475345.4,1760583599999,13272962.32213,54248
XRPUSDT,1760583600000,2.4273,2.432,2.4165,2.4182,4337414.0,1760587199999,10507137.35814,43673
XRPUSDT,1760587200000,2.4181,2.43,2.4091,2.4112,3619647.8,1760590799999,8764105.02753,29220
XRPUSDT,1760590800000,2.4111,2.4229,2.3973,2.4062,6763245.8,1760594399999,16294570.7625,53360
XRPUSDT,1760594400000,2.4062,2.4333,2.4057,2.4278,4694532.6,1760597999999,11350874.18464,47436
XRPUSDT,1760598000000,2.4279,2.4297,2.4063,2.4104,3663314.4,1760601599999,8846792.18976,37818
XRPUSDT,1760601600000,2.4104,2.4139,2.3857,2.3945,5667596.2,1760605199999,13585975.77427,42589
XRPUSDT,1760605200000,2.3945,2.4303,2.3533,2.423,18363583.8,1760608799999,43822073.78273,149959
XRPUSDT,1760608800000,2.4229,2.4528,2.4221,2.4495,6380125.7,1760612399999,15570448.78336,75708
XRPUSDT,1760612400000,2.4494,2.4573,2.4322,2.4524,3781830.7,1760615999999,9245085.76382,46528
XRPUSDT,1760616000000,2.4524,2.4665,2.4475,2.4535,4465764.0,1760619599999,10970728.52892,50413
XRPUSDT,1760619600000,2.4535,2.4578,2.4306,2.4382,4481660.9,1760623199999,10961792.99712,84272
XRPUSDT,1760623200000,2.4382,2.4403,2.3885,2.4054,20509100.1,1760626799999,49416435.15776,213213
XRPUSDT,1760626800000,2.4054,2.4182,2.3375,2.3554,17675335.5,1760630399999,42013802.10452,213808
XRPUSDT,1760630400000,2.3553,2.3989,2.3454,2.3986,14816783.6,1760633999999,35028781.9718,206728
XRPUSDT,1760634000000,2.3986,2.3987,2.3623,2.367,6996880.2,1760637599999,16651858.60507,116327
XRPUSDT,1760637600000,2.367,2.3675,2.3321,2.3516,9766336.9,1760641199999,22908832.06398,152785
XRPUSDT,1760641200000,2.3515,2.3576,2.3078,2.3271,14097937.7,1760644799999,32810084.3419,202632
XRPUSDT,1760644800000,2.3271,2.3361,2.2833,2.2944,15052062.6,1760648399999,34656127.56248,171786
XRPUSDT,1760648400000,2.2944,2.3227,2.2938,2.322,8336334.7,1760651999999,19233040.96843,88588
XRPUSDT,1760652000000,2.3219,2.3254,2.3,2.3007,4415933.2,1760655599999,10208973.70541,73212
XRPUSDT,1760655600000,2.3008,2.3315,2.2974,2.328,4879345.4,1760659199999,11299523.06233,72556
XRPUSDT,1760659200000,2.328,2.3406,2.3199,2.3388,3363130.1,1760662799999,7840454.04915,57726
XRPUSDT,1760662800000,2.3389,2.4,2.3371,2.3563,14627168.1,1760666399999,34670272.66496,143096
XRPUSDT,1760666400000,2.3563,2.3659,2.3371,2.3577,6394771.1,1760669999999,15032728.91592,66502
XRPUSDT,1760670000000,2.3577,2.3678,2.3489,2.3584,4771555.8,1760673599999,11253103.67746,47889
XRPUSDT,1760673600000,2.3584,2.36,2.3469,2.3478,4914854.7,1760677199999,11571972.93491,37696
XRPUSDT,1760677200000,2.3479,2.355,2.3313,2.3324,6098854.1,1760680799999,14282914.38092,45915
XRPUSDT,1760680800000,2.3325,2.3457,2.2743,2.2935,15112773.8,1760684399999,34786410.025,165076
XRPUSDT,1760684400000,2.2934,2.2987,2.2319,2.2391,36654887.8,1760687999999,82726588.82508,326527
XRPUSDT,1760688000000,2.2391,2.2512,2.2023,2.2157,29481914.6,1760691599999,65579995.98279,294500
XRPUSDT,1760691600000,2.2156,2.2602,2.2097,2.226,10465955.3,1760695199999,23406006.90114,159207
XRPUSDT,1760695200000,2.2259,2.238,2.1901,2.2266,11863694.5,1760698799999,26231877.20365,176017
XRPUSDT,1760698800000,2.2266,2.2967,2.2253,2.2831,15556010.5,1760702399999,35345869.0795,207669
XRPUSDT,1760702400000,2.2831,2.3049,2.2789,2.279,7813749.8,1760705999999,17910474.58612,117154
XRPUSDT,1760706000000,2.279,2.2997,2.254,2.2848,11055196.8,1760709599999,25159767.74646,186273
XRPUSDT,1760709600000,2.2848,2.2912,2.2403,2.2607,11386002.4,1760713199999,25778224.41128,180486
XRPUSDT,1760713200000,2.2606,2.3021,2.2585,2.3008,8026496.6,1760716799999,18279911.78225,150321
XRPUSDT,1760716800000,2.3009,2.3277,2.2822,2.2922,10609130.6,1760720399999,24462691.67013,154111
XRPUSDT,1760720400000,2.2922,2.3,2.2775,2.2928,4240023.5,1760723999999,9702988.05923,75821
XRPUSDT,1760724000000,2.2928,2.318,2.2926,2.3044,3893883.5,1760727599999,8971875.28746,69152
XRPUSDT,1760727600000,2.3045,2.315,2.2914,2.297,3042523.6,1760731199999,7006396.42977,58937
XRPUSDT,1760731200000,2.2971,2.3204,2.296,2.311,3189721.2,1760734799999,7368398.38014,48080
XRPUSDT,1760734800000,2.3111,2.3372,2.3097,2.3348,3509009.9,1760738399999,8156453.95229,43678
XRPUSDT,1760738400000,2.3348,2.3416,2.3127,2.3176,4170858.8,1760741999999,9706978.65783,45716
XRPUSDT,1760742000000,2.3176,2.3176,2.2914,2.2936,3395965.9,1760745599999,7817336.98536,40309
XRPUSDT,1760745600000,2.2936,2.3188,2.2894,2.3097,2890360.2,1760749199999,6662466.7714,41162
XRPUSDT,1760749200000,2.3098,2.3364,2.3078,2.3343,2598248.8,1760752799999,6035360.49,35347
XRPUSDT,1760752800000,2.3344,2.3416,2.3181,2.3227,4124663.6,1760756399999,9613950.30553,45467
XRPUSDT,1760756400000,2.3227,2.3436,2.3227,2.3389,2113493.1,1760759999999,4935167.09207,30964
XRPUSDT,1760760000000,2.3389,2.3396,2.3177,2.3188,2359595.7,1760763599999,5494588.22679,32102
XRPUSDT,1760763600000,2.3188,2.3355,2.3155,2.3328,1881830.8,1760767199999,4377210.57914,22374
XRPUSDT,1760767200000,2.3327,2.3524,2.3316,2.3506,2666552.1,1760770799999,6250582.35652,32454
XRPUSDT,1760770800000,2.3506,2.3758,2.3496,2.3539,8149868.6,1760774399999,19271543.95482,72981
XRPUSDT,1760774400000,2.354,2.3598,2.347,2.3483,2489701.1,1760777999999,5859640.26839,38477
XRPUSDT,1760778000000,2.3483,2.3648,2.347,2.3576,3795014.9,1760781599999,8933913.06177,38753
XRPUSDT,1760781600000,2.3576,2.368,2.3477,2.3606,2275826.5,1760785199999,5366370.14467,39693
XRPUSDT,1760785200000,2.3606,2.3795,2.3568,2.3789,3313049.3,1760788799999,7842396.26805,37389
XRPUSDT,1760788800000,2.3788,2.3915,2.37,2.3754,3839500.1,1760792399999,9140104.98843,50520
XRPUSDT,1760792400000,2.3755,2.3759,2.3561,2.363,3231692.4,1760795999999,7643526.00498,48626
XRPUSDT,1760796000000,2.363,2.3716,2.3522,2.3612,4181962.4,1760799599999,9876150.44527,50185
XRPUSDT,1760799600000,2.3612,2.3661,2.3403,2.3488,4036395.1,1760803199999,9492863.20405,56133
XRPUSDT,1760803200000,2.3488,2.3546,2.3332,2.3456,3392242.3,1760806799999,7941625.86374,51820
XRPUSDT,1760806800000,2.3455,2.3701,2.3423,2.3683,2347591.0,1760810399999,5528967.13601,35703
XRPUSDT,1760810400000,2.3683,2.3715,2.3577,2.362,1530471.1,1760813999999,3617043.08961,22999
XRPUSDT,1760814000000,2.3619,2.3705,2.3565,2.3669,1528594.1,1760817599999,3615282.98965,21818
XRPUSDT,1760817600000,2.367,2.3746,2.3563,2.359,2517804.5,1760821199999,5953168.76997,26198
XRPUSDT,1760821200000,2.359,2.3659,2.3506,2.3637,1940553.1,1760824799999,4574838.79112,26477
XRPUSDT,1760824800000,2.3637,2.3669,2.3576,2.3615,1325060.2,1760828399999,3130851.92518,20761
XRPUSDT,1760828400000,2.3614,2.363,2.3569,2.3596,1501194.2,1760831999999,3542249.38404,22789
XRPUSDT,1760832000000,2.3596,2.3622,2.3401,2.3455,2271077.1,1760835599999,5337820.55574,33712
XRPUSDT,1760835600000,2.3454,2.3507,2.336,2.3494,1548622.2,1760839199999,3628347.02165,22926
XRPUSDT,1760839200000,2.3495,2.3511,2.3393,2.343,1202536.9,1760842799999,2818723.89702,20649
XRPUSDT,1760842800000,2.343,2.3688,2.3372,2.3687,2374845.5,1760846399999,5586839.65773,35277
XRPUSDT,1760846400000,2.3686,2.3697,2.3541,2.3574,1179882.1,1760849999999,2783558.57492,24528
XRPUSDT,1760850000000,2.3575,2.3666,2.348,2.3528,1885325.2,1760853599999,4444545.08204,29439
XRPUSDT,1760853600000,2.3528,2.3563,2.3418,2.3497,1426750.4,1760857199999,3350150.95806,23760
XRPUSDT,1760857200000,2.3498,2.3551,2.3435,2.3484,1461766.2,1760860799999,3433582.81229,23255
XRPUSDT,1760860800000,2.3483,2.3705,2.3274,2.3325,6565825.2,1760864399999,15417620.73253,83586
XRPUSDT,1760864400000,2.3325,2.3828,2.3177,2.3627,9825940.2,1760867999999,23105131.23093,117548
XRPUSDT,1760868000000,2.3628,2.3927,2.3537,2.3854,7202724.2,1760871599999,17121316.86128,88151
XRPUSDT,1760871600000,2.3854,2.3984,2.3715,2.3751,5690747.3,1760875199999,13579821.86618,64512
XRPUSDT,1760875200000,2.3751,2.3797,2.3622,2.372,2894181.2,1760878799999,6859621.32434,38270
XRPUSDT,1760878800000,2.3721,2.4049,2.3658,2.4029,4389462.8,1760882399999,10480339.52043,50586
XRPUSDT,1760882400000,2.403,2.415,2.3908,2.4128,6896075.1,1760885999999,16593709.83223,73863
XRPUSDT,1760886000000,2.4128,2.4142,2.392,2.4008,5676679.8,1760889599999,13634401.7682,47276
XRPUSDT,1760889600000,2.4008,2.4084,2.3882,2.3999,3127964.7,1760893199999,7497370.6798,33592
XRPUSDT,1760893200000,2.3999,2.4195,2.3928,2.3966,6209647.7,1760896799999,14945819.20107,57548
XRPUSDT,1760896800000,2.3967,2.4126,2.3958,2.409,2711788.0,1760900399999,6514736.69265,33541
XRPUSDT,1760900400000,2.409,2.409,2.3931,2.3991,2376498.8,1760903999999,5702755.92869,27457
XRPUSDT,1760904000000,2.3992,2.4079,2.3958,2.4059,2191996.2,1760907599999,5267244.61466,28521
XRPUSDT,1760907600000,2.4059,2.4077,2.3868,2.3965,2754469.3,1760911199999,6599742.72021,27434
XRPUSDT,1760911200000,2.3965,2.4096,2.3963,2.4023,2337001.1,1760914799999,5618431.40953,36387
XRPUSDT,1760914800000,2.4024,2.4026,2.3864,2.3908,1849196.8,1760918399999,4425309.83566,25814
XRPUSDT,1760918400000,2.3907,2.3907,2.3547,2.38,4762618.9,1760921999999,11296853.90742,82718
XRPUSDT,1760922000000,2.38,2.3847,2.3674,2.3722,3377442.6,1760925599999,8020134.26703,45431
XRPUSDT,1760925600000,2.3721,2.3952,2.3642,2.3862,4149222.8,1760929199999,9877841.0883,59106
XRPUSDT,1760929200000,2.3862,2.4412,2.3814,2.4338,5515704.5,1760932799999,13318079.06888,86236
XRPUSDT,1760932800000,2.4339,2.4486,2.4311,2.4466,6339735.0,1760936399999,15466880.67779,60687
XRPUSDT,1760936400000,2.4466,2.4565,2.4358,2.4565,4823062.6,1760939999999,11802414.68206,45840
XRPUSDT,1760940000000,2.4565,2.4728,2.4559,2.4686,5650483.6,1760943599999,13922138.21202,47799
XRPUSDT,1760943600000,2.4685,2.4773,2.4606,2.4704,4402827.8,1760947199999,10866004.7859,36829
XRPUSDT,1760947200000,2.4703,2.4783,2.4576,2.4721,5640370.9,1760950799999,13910000.49015,46360
XRPUSDT,1760950800000,2.472,2.4744,2.4566,2.4734,4285431.9,1760954399999,10557195.82189,37208
XRPUSDT,1760954400000,2.4733,2.48,2.4598,2.4659,5326438.9,1760957999999,13160055.96558,49801
XRPUSDT,1760958000000,2.4659,2.4659,2.4517,2.4575,5752777.8,1760961599999,14141575.75572,43696
XRPUSDT,1760961600000,2.4575,2.4587,2.4468,2.4529,4903084.1,1760965199999,12019388.11362,41681
XRPUSDT,1760965200000,2.4529,2.4646,2.4481,2.4604,4401459.9,1760968799999,10807894.27471,49429
XRPUSDT,1760968800000,2.4605,2.4719,2.4484,2.4705,3914358.2,1760972399999,9624240.01975,41557
XRPUSDT,1760972400000,2.4705,2.4852,2.4624,2.4628,6279236.4,1760975999999,15538308.62646,64161
XRPUSDT,1760976000000,2.4628,2.4677,2.4269,2.4445,11795818.9,1760979599999,28850593.30015,116555
XRPUSDT,1760979600000,2.4446,2.4602,2.4356,2.4593,4177395.1,1760983199999,10228318.93645,62454
XRPUSDT,1760983200000,2.4593,2.4773,2.4551,2.4749,2630153.9,1760986799999,6486017.22809,43278
XRPUSDT,1760986800000,2.4749,2.5529,2.4698,2.5236,15506432.5,1760990399999,39042225.1572,166263
XRPUSDT,1760990400000,2.5237,2.535,2.5061,2.5323,9322309.0,1760993999999,23471723.95791,131657
XRPUSDT,1760994000000,2.5323,2.5327,2.4867,2.492,4512866.5,1760997599999,11291420.09997,47683
XRPUSDT,1760997600000,2.4921,2.5053,2.4833,2.498,2824118.4,1761001199999,7042250.72756,38172
XRPUSDT,1761001200000,2.4981,2.4983,2.4856,2.4948,1727342.1,1761004799999,4302152.15051,28108
XRPUSDT,1761004800000,2.4948,2.4952,2.4815,2.486,1853837.9,1761008399999,4612752.62347,41832
XRPUSDT,1761008400000,2.486,2.4866,2.4632,2.4681,3911661.8,1761011999999,9675684.77741,44448
XRPUSDT,1761012000000,2.4682,2.4694,2.4496,2.4507,4580731.3,1761015599999,11267075.64044,48778
XRPUSDT,1761015600000,2.4507,2.4625,2.4486,2.4528,3197736.8,1761019199999,7849589.97428,35230
XRPUSDT,1761019200000,2.4527,2.4541,2.4179,2.4237,9024655.9,1761022799999,21942650.84219,112980
XRPUSDT,1761022800000,2.4238,2.4383,2.4213,2.4239,6585058.4,1761026399999,15992250.93826,56945
XRPUSDT,1761026400000,2.4238,2.4388,2.4117,2.4314,6655674.6,1761029999999,16144004.9159,51119
XRPUSDT,1761030000000,2.4314,2.4353,2.4177,2.4267,3626770.1,1761033599999,8799217.0357,31113
XRPUSDT,1761033600000,2.4266,2.4267,2.4011,2.4119,4550790.4,1761037199999,10972009.56131,41974
XRPUSDT,1761037200000,2.4119,2.412,2.4017,2.4089,3628416.3,1761040799999,8733016.01277,25156
XRPUSDT,1761040800000,2.4089,2.4285,2.4052,2.417,5410068.6,1761044399999,13067804.16284,43320
XRPUSDT,1761044400000,2.417,2.4328,2.4122,2.4322,3566879.6,1761047999999,8644022.16695,35818
XRPUSDT,1761048000000,2.4321,2.4474,2.4236,2.4248,4953799.6,1761051599999,12065547.77142,51139
XRPUSDT,1761051600000,2.4249,2.4324,2.4077,2.4127,6718974.0,1761055199999,16250009.42613,91989
XRPUSDT,1761055200000,2.4127,2.4885,2.4121,2.4866,10665337.9,1761058799999,26134570.52288,119985
XRPUSDT,1761058800000,2.4867,2.5323,2.4749,2.5223,15600890.8,1761062399999,39140077.53473,175298
XRPUSDT,1761062400000,2.5223,2.5244,2.4811,2.487,10769240.4,1761065999999,27045881.07622,119081
XRPUSDT,1761066000000,2.4871,2.5074,2.4734,2.4929,9321644.4,1761069599999,23230181.34622,133455
XRPUSDT,1761069600000,2.4928,2.4991,2.4726,2.4847,4642913.5,1761073199999,11533010.39408,65875
XRPUSDT,1761073200000,2.4846,2.5014,2.4822,2.4931,2656445.0,1761076799999,6621317.77519,42255
XRPUSDT,1761076800000,2.4931,2.4974,2.4654,2.4743,4912598.6,1761080399999,12169519.79741,69864
XRPUSDT,1761080400000,2.4743,2.4924,2.45,2.4774,5233401.3,1761083999999,12924282.56708,72502
XRPUSDT,1761084000000,2.4774,2.4777,2.4309,2.4419,6056439.5,1761087599999,14831426.78815,98163
XRPUSDT,1761087600000,2.4419,2.448,2.4156,2.4222,4037445.5,1761091199999,9800700.24557,71839
XRPUSDT,1761091200000,2.4221,2.4344,2.4042,2.4126,4787991.8,1761094799999,11574572.719,80802
XRPUSDT,1761094800000,2.4126,2.4295,2.4122,2.4247,4048253.2,1761098399999,9801152.47643,49915
XRPUSDT,1761098400000,2.4247,2.4326,2.4215,2.4236,2912693.9,1761101999999,7066564.03464,28501
XRPUSDT,1761102000000,2.4236,2.4237,2.4088,2.4201,3881305.9,1761105599999,9376644.15248,32162
XRPUSDT,1761105600000,2.4201,2.4375,2.4192,2.4363,3388797.9,1761109199999,8234844.551,23713
XRPUSDT,1761109200000,2.4363,2.4363,2.3913,2.4059,11019865.8,1761112799999,26504600.29087,78368
XRPUSDT,1761112800000,2.4059,2.4098,2.4002,2.4034,4669499.4,1761116399999,11230833.90304,35434
XRPUSDT,1761116400000,2.4034,2.4125,2.3915,2.4098,4656984.2,1761119999999,11185702.45753,46466
XRPUSDT,1761120000000,2.4099,2.4099,2.3961,2.3983,3012473.9,1761123599999,7229878.47554,27808
XRPUSDT,1761123600000,2.3984,2.4007,2.38,2.3846,5960526.4,1761127199999,14236640.44052,45726
XRPUSDT,1761127200000,2.3846,2.3921,2.3768,2.3824,5427568.0,1761130799999,12930713.08923,42409
XRPUSDT,1761130800000,2.3824,2.4078,2.3639,2.3962,8889891.8,1761134399999,21216913.71809,108894
XRPUSDT,1761134400000,2.3961,2.4109,2.3928,2.4003,3507020.5,1761137999999,8424411.16196,46551
XRPUSDT,1761138000000,2.4004,2.4138,2.3929,2.4088,6951109.7,1761141599999,16699957.02205,87712
XRPUSDT,1761141600000,2.4087,2.4104,2.3671,2.4104,10561962.4,1761145199999,25215517.24375,151284
XRPUSDT,1761145200000,2.4105,2.4168,2.38,2.4004,5189037.4,1761148799999,12448126.70157,107056
XRPUSDT,1761148800000,2.4004,2.4064,2.3799,2.3946,5657451.8,1761152399999,13541511.10443,90513
XRPUSDT,1761152400000,2.3946,2.3999,2.3762,2.3789,3231503.6,1761155999999,7718279.30399,60350
XRPUSDT,1761156000000,2.3789,2.386,2.3672,2.3777,3601710.8,1761159599999,8556478.02768,73362
XRPUSDT,1761159600000,2.3776,2.3962,2.355,2.3764,5895347.1,1761163199999,14004041.41646,82354
XRPUSDT,1761163200000,2.3763,2.381,2.3581,2.3636,4358889.1,1761166799999,10328757.0245,68779
XRPUSDT,1761166800000,2.3635,2.3635,2.3255,2.3412,13234893.0,1761170399999,31016050.60968,135288
XRPUSDT,1761170400000,2.3411,2.3543,2.3325,2.3367,3542406.8,1761173999999,8295771.41457,65781
XRPUSDT,1761174000000,2.3366,2.3685,2.336,2.3647,3306918.9,1761177599999,7801253.35253,46775
XRPUSDT,1761177600000,2.3647,2.3722,2.3617,2.3669,2331696.9,1761181199999,5520146.46733,35253
XRPUSDT,1761181200000,2.3668,2.3768,2.3638,2.3704,2325321.3,1761184799999,5512251.81803,34444
XRPUSDT,1761184800000,2.3704,2.3766,2.3684,2.3761,2510251.1,1761188399999,5957963.22085,21736
XRPUSDT,1761188400000,2.376,2.3869,2.3751,2.3793,2756384.1,1761191999999,6562178.80659,19900
XRPUSDT,1761192000000,2.3793,2.3909,2.3771,2.3853,2685633.0,1761195599999,6402271.36286,17416
XRPUSDT,1761195600000,2.3853,2.3955,2.3853,2.3945,3116349.0,1761199199999,7448569.7647,16819
XRPUSDT,1761199200000,2.3945,2.4193,2.3934,2.4168,7129001.7,1761202799999,17174666.93813,44674
XRPUSDT,1761202800000,2.4169,2.4178,2.402,2.4075,3967474.2,1761206399999,9553458.50662,27433
XRPUSDT,1761206400000,2.4076,2.4173,2.4076,2.4139,3144472.4,1761209999999,7589905.88775,23831
XRPUSDT,1761210000000,2.414,2.4152,2.4068,2.4113,3313217.0,1761213599999,7985692.84777,20475
XRPUSDT,1761213600000,2.4113,2.4146,2.4081,2.4103,3090464.8,1761217199999,7454509.68427,20733
XRPUSDT,1761217200000,2.4102,2.4102,2.3899,2.3909,2797673.4,1761220799999,6710546.59316,30303
XRPUSDT,1761220800000,2.391,2.391,2.3747,2.3889,6411539.9,1761224399999,15278264.6939,67508
XRPUSDT,1761224400000,2.389,2.4106,2.3809,2.398,4084649.9,1761227999999,9798041.7441,66860
XRPUSDT,1761228000000,2.3981,2.4057,2.3815,2.4025,3928412.8,1761231599999,9409729.47721,57107
XRPUSDT,1761231600000,2.4024,2.4194,2.3988,2.4083,4511367.5,1761235199999,10873479.61127,58418
XRPUSDT,1761235200000,2.4083,2.4166,2.3925,2.4109,3345448.2,1761238799999,8041166.54686,41548
XRPUSDT,1761238800000,2.4108,2.4259,2.3963,2.4209,6138537.9,1761242399999,14799018.15985,67000
XRPUSDT,1761242400000,2.4209,2.4224,2.3986,2.4026,3750326.9,1761245999999,9028904.57395,37895
XRPUSDT,1761246000000,2.4027,2.41,2.392,2.4066,2854819.5,1761249599999,6856110.05981,29162
XRPUSDT,1761249600000,2.4066,2.4067,2.378,2.3851,3532105.4,1761253199999,8455101.94215,37141
XRPUSDT,1761253200000,2.3851,2.3916,2.3808,2.3862,2464868.3,1761256799999,5881128.66118,32903
XRPUSDT,1761256800000,2.3861,2.3984,2.382,2.3962,2549908.4,1761260399999,6097896.30122,31269
XRPUSDT,1761260400000,2.3962,2.3973,2.3899,2.3947,1597277.5,1761263999999,3823301.95847,25122
XRPUSDT,1761264000000,2.3948,2.4039,2.3872,2.3971,2395782.1,1761267599999,5735039.25267,45650
XRPUSDT,1761267600000,2.3971,2.4015,2.3863,2.3969,1991656.9,1761271199999,4766873.98999,27587
XRPUSDT,1761271200000,2.397,2.4066,2.3908,2.404,1995228.2,1761274799999,4784591.25896,24141
XRPUSDT,1761274800000,2.4041,2.41,2.3999,2.4067,2468012.1,1761278399999,5934590.89741,26465
XRPUSDT,1761278400000,2.4067,2.4341,2.4038,2.4296,4264023.8,1761281999999,10329418.85855,52822
XRPUSDT,1761282000000,2.4296,2.445,2.4271,2.4419,5139616.1,1761285599999,12528024.94378,40230
XRPUSDT,1761285600000,2.442,2.4495,2.4333,2.4454,4475119.7,1761289199999,10922300.59961,28260
XRPUSDT,1761289200000,2.4455,2.4469,2.4288,2.4406,3549335.1,1761292799999,8653929.60952,35473
XRPUSDT,1761292800000,2.4406,2.455,2.4346,2.4503,3343100.2,1761296399999,8177484.2003,36965
XRPUSDT,1761296400000,2.4502,2.4641,2.4483,2.4552,3083763.1,1761299999999,7576325.12016,31261
XRPUSDT,1761300000000,2.4552,2.4604,2.4457,2.4485,3017124.4,1761303599999,7397121.50234,26145
XRPUSDT,1761303600000,2.4484,2.4565,2.4339,2.4559,3353344.2,1761307199999,8199278.71824,36418
XRPUSDT,1761307200000,2.456,2.5003,2.4559,2.4805,12151000.5,1761310799999,30120432.99473,101026
XRPUSDT,1761310800000,2.4806,2.5146,2.4742,2.5139,11374519.2,1761314399999,28401158.65038,140628
XRPUSDT,1761314400000,2.5139,2.5139,2.4692,2.4748,8865716.7,1761317999999,22052432.49232,118592
XRPUSDT,1761318000000,2.4748,2.5,2.4698,2.4793,7789189.2,1761321599999,19344873.569,65676
XRPUSDT,1761321600000,2.4793,2.4885,2.46,2.48,5040452.6,1761325199999,12464721.45321,49462
XRPUSDT,1761325200000,2.4799,2.4907,2.4743,2.4744,4039324.6,1761328799999,10035694.57449,43442
XRPUSDT,1761328800000,2.4745,2.493,2.4715,2.4913,3211220.7,1761332399999,7966265.54798,36299
XRPUSDT,1761332400000,2.4913,2.5135,2.4907,2.5006,7431827.7,1761335999999,18609576.41425,69647
XRPUSDT,1761336000000,2.5006,2.5152,2.499,2.5141,4692383.9,1761339599999,11766235.96088,47948
XRPUSDT,1761339600000,2.5141,2.5154,2.4968,2.5071,3670107.5,1761343199999,9194291.15059,39063
XRPUSDT,1761343200000,2.5072,2.516,2.4976,2.5109,3338794.0,1761346799999,8369129.3278,26289
XRPUSDT,1761346800000,2.5109,2.5111,2.5024,2.5103,1371282.5,1761350399999,3436912.68215,17590
XRPUSDT,1761350400000,2.5103,2.5384,2.5021,2.5256,5708681.4,1761353999999,14383451.73562,70427
XRPUSDT,1761354000000,2.5255,2.5609,2.5207,2.5464,7425979.3,1761357599999,18890933.87915,91969
XRPUSDT,1761357600000,2.5465,2.5516,2.5363,2.5466,2511653.5,1761361199999,6389629.77051,45240
XRPUSDT,1761361200000,2.5465,2.5476,2.5322,2.5401,2532024.8,1761364799999,6428281.51729,39178
XRPUSDT,1761364800000,2.54,2.5712,2.5396,2.5605,5316168.5,1761368399999,13598687.14713,63964
XRPUSDT,1761368400000,2.5605,2.5659,2.5494,2.5573,2857234.7,1761371999999,7308420.63146,47353
XRPUSDT,1761372000000,2.5574,2.5624,2.5369,2.5379,2807078.4,1761375599999,7150384.49175,38693
XRPUSDT,1761375600000,2.5379,2.5515,2.5377,2.543,2465862.3,1761379199999,6272106.47187,32650
XRPUSDT,1761379200000,2.5429,2.5539,2.5415,2.5449,1665379.2,1761382799999,4241244.57808,29887
XRPUSDT,1761382800000,2.5449,2.5475,2.535,2.54,1958552.4,1761386399999,4979010.9508,27773
XRPUSDT,1761386400000,2.54,2.5619,2.5283,2.5512,5066823.1,1761389999999,12872039.04626,60244
XRPUSDT,1761390000000,2.5511,2.5707,2.5492,2.5643,3839432.3,1761393599999,9833311.18407,51205
XRPUSDT,1761393600000,2.5643,2.586,2.56,2.5799,4340550.1,1761397199999,11174602.2811,67344
XRPUSDT,1761397200000,2.5799,2.6004,2.5713,2.5977,5339115.2,1761400799999,13810290.237,65869
XRPUSDT,1761400800000,2.5977,2.6203,2.5914,2.6131,7115749.5,1761404399999,18546185.26617,94155
XRPUSDT,1761404400000,2.6131,2.6135,2.5947,2.5978,3916488.2,1761407999999,10203067.02752,50741
XRPUSDT,1761408000000,2.5977,2.6066,2.5879,2.5895,3793774.5,1761411599999,9846118.90709,40603
XRPUSDT,1761411600000,2.5895,2.6,2.5886,2.5984,3247753.1,1761415199999,8421994.60664,27544
XRPUSDT,1761415200000,2.5983,2.645,2.5949,2.6418,5534951.6,1761418799999,14525859.66026,60017
XRPUSDT,1761418800000,2.6417,2.6542,2.6041,2.6046,7701838.0,1761422399999,20275510.09423,82166
XRPUSDT,1761422400000,2.6047,2.6181,2.598,2.6013,3692452.2,1761425999999,9638936.14558,46316
XRPUSDT,1761426000000,2.6012,2.6081,2.5926,2.5973,2243999.0,1761429599999,5838388.02811,35319
XRPUSDT,1761429600000,2.5973,2.6035,2.5891,2.6007,2711428.7,1761433199999,7033663.05565,30282
XRPUSDT,1761433200000,2.6007,2.6014,2.5912,2.5959,2036590.4,1761436799999,5287582.64123,26601
XRPUSDT,1761436800000,2.5958,2.628,2.592,2.6184,3979428.4,1761440399999,10397955.90638,60385
XRPUSDT,1761440400000,2.6184,2.6286,2.6068,2.6179,2959397.6,1761443999999,7745828.62137,49387
XRPUSDT,1761444000000,2.6178,2.6178,2.5947,2.5969,2320699.6,1761447599999,6049598.95861,37481
XRPUSDT,1761447600000,2.5969,2.6137,2.5949,2.6015,1803716.7,1761451199999,4695688.23074,35776
XRPUSDT,1761451200000,2.6016,2.6172,2.5995,2.6101,1356863.5,1761454799999,3540730.04188,26156
XRPUSDT,1761454800000,2.61,2.6185,2.605,2.6147,1361079.6,1761458399999,3556447.32518,22404
XRPUSDT,1761458400000,2.6147,2.6271,2.6112,2.6265,1889177.1,1761461999999,4947447.88732,23247
XRPUSDT,1761462000000,2.6265,2.6265,2.619,2.6241,2154341.1,1761465599999,5650198.27928,27674
XRPUSDT,1761465600000,2.6241,2.6383,2.6178,2.6329,3114943.0,1761469199999,8188554.2462,35505
XRPUSDT,1761469200000,2.6329,2.6624,2.6329,2.6463,7377898.3,1761472799999,19549514.69494,90873
XRPUSDT,1761472800000,2.6463,2.6476,2.6271,2.6301,2870360.3,1761476399999,7563476.91231,41859
XRPUSDT,1761476400000,2.6301,2.653,2.6189,2.6469,5588420.5,1761479999999,14739047.18203,76184
XRPUSDT,1761480000000,2.6469,2.6568,2.6333,2.6386,5332336.5,1761483599999,14096612.79514,73252
XRPUSDT,1761483600000,2.6386,2.652,2.6386,2.6422,3828143.1,1761487199999,10127666.07934,63917
XRPUSDT,1761487200000,2.6422,2.6448,2.6291,2.6381,3050859.2,1761490799999,8047084.57062,48175
XRPUSDT,1761490800000,2.6381,2.6472,2.6339,2.641,2062826.3,1761494399999,5447031.11158,36472
XRPUSDT,1761494400000,2.641,2.6417,2.6203,2.6266,3625659.3,1761497999999,9530862.09159,40008
XRPUSDT,1761498000000,2.6265,2.6297,2.6214,2.6223,1849165.5,1761501599999,4856163.15001,20607
XRPUSDT,1761501600000,2.6222,2.6333,2.6197,2.6198,3102022.5,1761505199999,8143451.20398,24970
XRPUSDT,1761505200000,2.6198,2.6201,2.6082,2.6143,4154984.5,1761508799999,10856967.06736,37869
XRPUSDT,1761508800000,2.6144,2.6161,2.5975,2.611,4137363.3,1761512399999,10789767.92063,33867
XRPUSDT,1761512400000,2.611,2.6298,2.6105,2.6193,3594811.9,1761515999999,9417483.65165,38837
XRPUSDT,1761516000000,2.6193,2.662,2.6193,2.6523,8769374.2,1761519599999,23198065.38889,125824
XRPUSDT,1761519600000,2.6524,2.6617,2.6427,2.6461,3397244.7,1761523199999,9012766.11877,59735
XRPUSDT,1761523200000,2.646,2.6658,2.6369,2.6482,5040153.6,1761526799999,13376941.19446,73033
XRPUSDT,1761526800000,2.6482,2.6699,2.645,2.659,4307730.8,1761530399999,11464466.51326,55793
XRPUSDT,1761530400000,2.659,2.6695,2.6423,2.6456,4543998.1,1761533999999,12065810.87458,52997
XRPUSDT,1761534000000,2.6456,2.6492,2.6222,2.6354,5705085.6,1761537599999,15030525.02558,53164
XRPUSDT,1761537600000,2.6353,2.6498,2.6339,2.6471,2714775.4,1761541199999,7171731.88075,34859
XRPUSDT,1761541200000,2.6471,2.6749,2.6414,2.6459,5041925.7,1761544799999,13399905.51874,60746
XRPUSDT,1761544800000,2.646,2.6572,2.6321,2.6513,5044706.9,1761548399999,13340582.96969,52654
XRPUSDT,1761548400000,2.6514,2.6595,2.626,2.6301,4108658.7,1761551999999,10848133.96352,63828
XRPUSDT,1761552000000,2.6301,2.6358,2.6128,2.6244,5570817.6,1761555599999,14630234.20134,71947
XRPUSDT,1761555600000,2.6243,2.6275,2.6051,2.6128,4350170.2,1761559199999,11370921.84796,77221
XRPUSDT,1761559200000,2.6128,2.6288,2.6077,2.6241,3151238.1,1761562799999,8252788.38745,46672
XRPUSDT,1761562800000,2.6242,2.6389,2.615,2.6257,3210886.0,1761566399999,8438570.41782,50505
XRPUSDT,1761566400000,2.6257,2.6323,2.6171,2.631,2776875.7,1761569999999,7288326.01266,44980
XRPUSDT,1761570000000,2.6311,2.6433,2.6068,2.6267,5494346.3,1761573599999,14429310.59124,79223
XRPUSDT,1761573600000,2.6266,2.6284,2.6013,2.6272,4181572.9,1761577199999,10940714.89308,84222
XRPUSDT,1761577200000,2.6272,2.665,2.6268,2.6612,8222001.0,1761580799999,21818249.84464,120046
XRPUSDT,1761580800000,2.6612,2.6905,2.6612,2.6853,8534730.4,1761584399999,22861508.88032,104399
XRPUSDT,1761584400000,2.6853,2.695,2.6769,2.6914,5298050.0,1761587999999,14228231.67352,72422
XRPUSDT,1761588000000,2.6913,2.6975,2.6796,2.6891,4963068.1,1761591599999,13355376.98761,59599
XRPUSDT,1761591600000,2.689,2.6901,2.6545,2.6693,5885796.8,1761595199999,15732965.95935,77767
XRPUSDT,1761595200000,2.6692,2.6692,2.6268,2.6268,6026709.3,1761598799999,15943541.33582,79304
XRPUSDT,1761598800000,2.6267,2.6499,2.6236,2.6344,3323683.8,1761602399999,8759916.29366,54114
XRPUSDT,1761602400000,2.6344,2.6506,2.6309,2.64,3396320.1,1761605999999,8974142.0209,51391
XRPUSDT,1761606000000,2.6399,2.6492,2.6305,2.634,3067030.9,1761609599999,8093753.70666,48903
XRPUSDT,1761609600000,2.634,2.652,2.6296,2.6389,2806269.4,1761613199999,7410561.6396,57220
XRPUSDT,1761613200000,2.639,2.6485,2.633,2.6411,2225388.0,1761616799999,5878516.49795,46769
XRPUSDT,1761616800000,2.6411,2.6465,2.6084,2.6275,3932390.3,1761620399999,10325035.434,57836
XRPUSDT,1761620400000,2.6275,2.6407,2.62,2.6312,3977533.5,1761623999999,10468796.53944,62095
XRPUSDT,1761624000000,2.6312,2.6366,2.6219,2.6323,2576138.9,1761627599999,6773658.87646,42502
XRPUSDT,1761627600000,2.6323,2.641,2.6176,2.6213,2829861.9,1761631199999,7437388.43083,49695
XRPUSDT,1761631200000,2.6213,2.6495,2.6123,2.6482,5794180.0,1761634799999,15237122.20347,60698
XRPUSDT,1761634800000,2.6483,2.6624,2.6365,2.6382,3652297.2,1761638399999,9674579.47944,57239
XRPUSDT,1761638400000,2.6383,2.6624,2.6354,2.656,3836836.8,1761641999999,10170123.00808,46092
XRPUSDT,1761642000000,2.656,2.6676,2.6461,2.6669,2490267.7,1761645599999,6618845.59818,33002
XRPUSDT,1761645600000,2.6669,2.6684,2.6546,2.6585,2847779.0,1761649199999,7578030.37181,32259
XRPUSDT,1761649200000,2.6585,2.6585,2.6383,2.6414,2903259.9,1761652799999,7686362.87975,35405
XRPUSDT,1761652800000,2.6414,2.6653,2.6403,2.6635,3538224.4,1761656399999,9387326.98023,49238
XRPUSDT,1761656400000,2.6636,2.6887,2.661,2.6652,7694446.1,1761659999999,20583395.45942,87337
XRPUSDT,1761660000000,2.6653,2.6676,2.6035,2.6314,12878134.6,1761663599999,33935591.90566,138169
XRPUSDT,1761663600000,2.6314,2.6474,2.6242,2.636,6431567.8,1761667199999,16945151.09228,75765
XRPUSDT,1761667200000,2.6359,2.6565,2.6343,2.6489,4539116.7,1761670799999,12001340.31002,62823
XRPUSDT,1761670800000,2.649,2.6686,2.6465,2.6602,3973459.0,1761674399999,10563155.32656,47424
XRPUSDT,1761674400000,2.6601,2.6748,2.6556,2.672,4268473.4,1761677999999,11383153.4897,43506
XRPUSDT,1761678000000,2.672,2.6798,2.6126,2.6424,8721555.9,1761681599999,23049037.87864,98229
XRPUSDT,1761681600000,2.6425,2.6435,2.5851,2.592,15853231.9,1761685199999,41318962.94199,187930
XRPUSDT,1761685200000,2.5921,2.6076,2.5675,2.5982,9328914.1,1761688799999,24094735.24817,88329
XRPUSDT,1761688800000,2.5982,2.6145,2.5874,2.6111,4354117.8,1761692399999,11328989.32391,58475
XRPUSDT,1761692400000,2.6111,2.6155,2.6021,2.6034,2258842.9,1761695999999,5891772.76172,36571
XRPUSDT,1761696000000,2.6034,2.6197,2.6001,2.6091,4069556.9,1761699599999,10621664.90301,54060
XRPUSDT,1761699600000,2.6091,2.6265,2.6068,2.6185,3964850.0,1761703199999,10370748.06215,51376
XRPUSDT,1761703200000,2.6185,2.6278,2.6118,2.6149,2109512.6,1761706799999,5528134.18545,31419
XRPUSDT,1761706800000,2.615,2.615,2.5993,2.6086,2515226.4,1761710399999,6553678.58464,31587
XRPUSDT,1761710400000,2.6086,2.6219,2.6068,2.6189,1328708.1,1761713999999,3475418.58169,24322
XRPUSDT,1761714000000,2.6189,2.629,2.612,2.619,1975837.1,1761717599999,5176191.66227,31684
XRPUSDT,1761717600000,2.6189,2.6345,2.6151,2.6304,2054008.9,1761721199999,5391600.68492,28198
XRPUSDT,1761721200000,2.6305,2.6359,2.6234,2.6345,2325069.6,1761724799999,6117972.91841,31155
XRPUSDT,1761724800000,2.6344,2.6366,2.623,2.6277,2166448.5,1761728399999,5697040.27543,33749
XRPUSDT,1761728400000,2.6277,2.6573,2.6212,2.6474,5147062.7,1761731999999,13594614.09496,61265
XRPUSDT,1761732000000,2.6474,2.6605,2.6375,2.6415,4094643.0,1761735599999,10855527.36589,49316
XRPUSDT,1761735600000,2.6416,2.6544,2.6376,2.6499,2705948.2,1761739199999,7164709.86569,43057
XRPUSDT,1761739200000,2.6499,2.6595,2.6473,2.6566,2324280.6,1761742799999,6170973.40168,38282
XRPUSDT,1761742800000,2.6565,2.664,2.6301,2.6342,4772304.6,1761746399999,12623229.00488,74321
XRPUSDT,1761746400000,2.6342,2.6431,2.6216,2.6408,3966691.5,1761749999999,10441473.0846,64824
XRPUSDT,1761750000000,2.6408,2.65,2.6143,2.6266,5841045.2,1761753599999,15377759.6436,88243
XRPUSDT,1761753600000,2.6267,2.6346,2.6141,2.6271,3610754.7,1761757199999,9481093.8148,61881
XRPUSDT,1761757200000,2.6271,2.6589,2.6244,2.6589,4834691.4,1761760799999,12773271.06922,57760
XRPUSDT,1761760800000,2.6588,2.6604,2.5471,2.6085,34313537.7,1761764399999,89201967.42334,318889
XRPUSDT,1761764400000,2.6085,2.6323,2.5758,2.587,9533628.6,1761767999999,24795067.87431,152528
XRPUSDT,1761768000000,2.5871,2.6012,2.5568,2.5898,9863681.3,1761771599999,25449436.46596,113956
XRPUSDT,1761771600000,2.5898,2.6179,2.5883,2.604,3200184.4,1761775199999,8329464.48542,40796
XRPUSDT,1761775200000,2.604,2.6085,2.5918,2.5939,2334844.3,1761778799999,6067887.23774,38978
XRPUSDT,1761778800000,2.5938,2.5943,2.537,2.5502,8730574.1,1761782399999,22360761.43604,79495
XRPUSDT,1761782400000,2.5502,2.5649,2.5285,2.5627,6565430.7,1761785999999,16738481.87703,96731
XRPUSDT,1761786000000,2.5627,2.5832,2.5563,2.5785,4467754.3,1761789599999,11469601.36393,62138
XRPUSDT,1761789600000,2.5784,2.5894,2.5706,2.5848,2037687.1,1761793199999,5258833.09338,40597
XRPUSDT,1761793200000,2.5849,2.5853,2.573,2.5793,2086253.0,1761796799999,5380924.71382,37558
XRPUSDT,1761796800000,2.5794,2.5794,2.4871,2.5087,17061538.8,1761800399999,42967138.18076,253833
XRPUSDT,1761800400000,2.5088,2.5635,2.5049,2.5585,6296971.0,1761803999999,15974328.09839,113291
XRPUSDT,1761804000000,2.5584,2.575,2.5561,2.5672,3243446.3,1761807599999,8320409.21993,51129
XRPUSDT,1761807600000,2.5671,2.5944,2.565,2.5834,3982480.0,1761811199999,10286723.96972,45300
XRPUSDT,1761811200000,2.5835,2.5897,2.5775,2.5789,2667007.3,1761814799999,6888724.60516,34282
XRPUSDT,1761814800000,2.5789,2.5813,2.5543,2.5559,2926343.4,1761818399999,7511478.69838,37057
XRPUSDT,1761818400000,2.5558,2.5663,2.5475,2.5505,2666245.9,1761821999999,6817616.18844,41729
XRPUSDT,1761822000000,2.5505,2.5582,2.5418,2.5442,2949921.3,1761825599999,7520582.80538,41425
XRPUSDT,1761825600000,2.5442,2.5513,2.4902,2.5009,11337534.0,1761829199999,28530718.47244,138235
XRPUSDT,1761829200000,2.501,2.5087,2.4565,2.4662,17136360.5,1761832799999,42502152.35919,197637
XRPUSDT,1761832800000,2.4662,2.486,2.4623,2.4732,6023593.7,1761836399999,14895268.36676,110857
XRPUSDT,1761836400000,2.4732,2.4801,2.4449,2.4539,5917988.6,1761839999999,14553207.16236,109432
XRPUSDT,1761840000000,2.4539,2.471,2.4457,2.4629,4873902.3,1761843599999,11992550.59073,74304
XRPUSDT,1761843600000,2.4629,2.4637,2.426,2.4528,6988313.6,1761847199999,17069198.85082,102311
XRPUSDT,1761847200000,2.4528,2.4535,2.4166,2.4232,5736385.2,1761850799999,13930977.51968,70755
XRPUSDT,1761850800000,2.4232,2.4266,2.378,2.3853,10905506.2,1761854399999,26211756.39568,151251
XRPUSDT,1761854400000,2.3853,2.4315,2.3769,2.4265,9626982.1,1761857999999,23155774.30415,140914
XRPUSDT,1761858000000,2.4266,2.4338,2.4083,2.4276,5740919.2,1761861599999,13899095.71734,53408
XRPUSDT,1761861600000,2.4277,2.4376,2.4236,2.4371,4970856.3,1761865199999,12080996.90606,48284
XRPUSDT,1761865200000,2.4372,2.4417,2.4237,2.4393,5423732.1,1761868799999,13201066.83207,45126
XRPUSDT,1761868800000,2.4393,2.4628,2.4311,2.4588,6900990.2,1761872399999,16882415.3667,60223
XRPUSDT,1761872400000,2.4589,2.4821,2.4543,2.4808,6742704.8,1761875999999,16670582.41168,68570
XRPUSDT,1761876000000,2.4808,2.481,2.4527,2.4609,4390259.2,1761879599999,10828063.51164,48339
XRPUSDT,1761879600000,2.461,2.4706,2.4525,2.4706,2859903.0,1761883199999,7043213.88268,38033
XRPUSDT,1761883200000,2.4706,2.4929,2.4682,2.4917,4932422.2,1761886799999,12248253.61786,53284
XRPUSDT,1761886800000,2.4917,2.4932,2.4804,2.4838,2251081.3,1761890399999,5597228.26037,28893
XRPUSDT,1761890400000,2.4839,2.4874,2.478,2.4812,3608385.5,1761893999999,8958032.07385,38032
XRPUSDT,1761894000000,2.4812,2.4903,2.4698,2.4754,3076121.3,1761897599999,7628991.47701,38168
XRPUSDT,1761897600000,2.4755,2.4899,2.4665,2.4895,3138796.8,1761901199999,7777991.92738,40463
XRPUSDT,1761901200000,2.4896,2.4951,2.4822,2.4868,2860164.7,1761904799999,7113455.05762,31120
XRPUSDT,1761904800000,2.4868,2.5069,2.4853,2.4986,3266324.7,1761908399999,8162670.1646,31832
XRPUSDT,1761908400000,2.4985,2.5161,2.4863,2.5145,4851251.3,1761911999999,12124065.21797,42571
XRPUSDT,1761912000000,2.5144,2.5298,2.5024,2.505,8029315.0,1761915599999,20217646.2751,65905
XRPUSDT,1761915600000,2.5051,2.5227,2.4932,2.5088,5978312.3,1761919199999,14979422.84657,66217
XRPUSDT,1761919200000,2.5088,2.5128,2.4926,2.5084,5799470.7,1761922799999,14505834.9513,69759
XRPUSDT,1761922800000,2.5083,2.5505,2.5051,2.5238,14878200.6,1761926399999,37708888.45666,134007
XRPUSDT,1761926400000,2.5237,2.5375,2.4929,2.4958,6399227.2,1761929999999,16113324.46054,76071
XRPUSDT,1761930000000,2.4958,2.5141,2.4841,2.5063,6027071.7,1761933599999,15058596.39967,79677
XRPUSDT,1761933600000,2.5064,2.5262,2.5042,2.5222,4210062.5,1761937199999,10592218.7685,61056
XRPUSDT,1761937200000,2.5221,2.5546,2.5004,2.5438,6038802.6,1761940799999,15274518.13662,63556
XRPUSDT,1761940800000,2.5437,2.5437,2.51,2.5119,3516673.1,1761944399999,8890533.22568,43638
XRPUSDT,1761944400000,2.5119,2.5211,2.5025,2.5199,2759549.3,1761947999999,6933984.37871,30177
XRPUSDT,1761948000000,2.5199,2.5218,2.5041,2.5076,1704424.0,1761951599999,4283102.717,24325
XRPUSDT,1761951600000,2.5075,2.5139,2.5032,2.5097,1389816.7,1761955199999,3487593.61406,22328
XRPUSDT,1761955200000,2.5096,2.5106,2.4927,2.5005,2747801.7,1761958799999,6870470.11893,30080
XRPUSDT,1761958800000,2.5005,2.5061,2.4953,2.4996,1459013.5,1761962399999,3648840.48253,19899
XRPUSDT,1761962400000,2.4995,2.5077,2.4893,2.5047,1705908.5,1761965999999,4260206.13104,24078
XRPUSDT,1761966000000,2.5048,2.5196,2.5047,2.5164,1915421.2,1761969599999,4814761.26346,22800
XRPUSDT,1761969600000,2.5164,2.5233,2.51,2.517,1150298.6,1761973199999,2894939.1464,20434
XRPUSDT,1761973200000,2.5169,2.5183,2.5074,2.5081,785670.0,1761976799999,1973330.33108,13441
XRPUSDT,1761976800000,2.5081,2.5102,2.4981,2.5039,1062187.1,1761980399999,2659760.76055,17333
XRPUSDT,1761980400000,2.5039,2.5146,2.5004,2.5061,1379577.0,1761983999999,3457395.90347,21723
XRPUSDT,1761984000000,2.5061,2.5128,2.5002,2.5124,1314538.6,1761987599999,3293036.82012,22518
XRPUSDT,1761987600000,2.5124,2.515,2.5005,2.5028,2349693.4,1761991199999,5891970.82232,19829
XRPUSDT,1761991200000,2.5028,2.512,2.5019,2.508,1492925.6,1761994799999,3743550.19219,17137
XRPUSDT,1761994800000,2.508,2.512,2.5001,2.5006,1962528.5,1761998399999,4915776.1023,16059
XRPUSDT,1761998400000,2.5006,2.5066,2.4915,2.4925,2936708.5,1762001999999,7338694.68069,23871
XRPUSDT,1762002000000,2.4926,2.5012,2.4835,2.4895,2946730.6,1762005599999,7345117.78112,29862
XRPUSDT,1762005600000,2.4895,2.4921,2.476,2.4843,3604024.0,1762009199999,8945198.54918,34878
XRPUSDT,1762009200000,2.4844,2.5046,2.4825,2.5016,2298335.2,1762012799999,5737875.49205,35069
XRPUSDT,1762012800000,2.5016,2.5144,2.4993,2.5088,2024849.3,1762016399999,5075319.19106,30398
XRPUSDT,1762016400000,2.5087,2.5101,2.5026,2.5053,1325068.6,1762019999999,3320651.41636,25645
XRPUSDT,1762020000000,2.5054,2.5083,2.4955,2.5061,2357769.9,1762023599999,5899343.36277,22230
XRPUSDT,1762023600000,2.506,2.5065,2.4975,2.506,868777.5,1762027199999,2173137.71442,14088
XRPUSDT,1762027200000,2.5061,2.5129,2.5061,2.5084,984071.9,1762030799999,2469797.38717,15072
XRPUSDT,1762030800000,2.5083,2.5097,2.4932,2.4932,1148818.4,1762034399999,2875768.00999,13482
XRPUSDT,1762034400000,2.4933,2.5035,2.4902,2.5028,1032232.6,1762037999999,2576044.91998,17860
XRPUSDT,1762038000000,2.5027,2.508,2.497,2.5053,698962.6,1762041599999,1749969.71358,13471
XRPUSDT,1762041600000,2.5053,2.506,2.4991,2.5018,994334.0,1762045199999,2487566.72578,15818
XRPUSDT,1762045200000,2.5018,2.5056,2.4946,2.4972,1593708.7,1762048799999,3984951.59563,20915
XRPUSDT,1762048800000,2.4972,2.5129,2.4949,2.5108,1772300.0,1762052399999,4439974.5568,22426
XRPUSDT,1762052400000,2.5108,2.5114,2.5048,2.5067,1713261.9,1762055999999,4297294.95545,15852
XRPUSDT,1762056000000,2.5067,2.5279,2.5058,2.5243,2461174.6,1762059599999,6199303.24528,25476
XRPUSDT,1762059600000,2.5243,2.5245,2.5148,2.5216,1294537.4,1762063199999,3261020.17237,21681
XRPUSDT,1762063200000,2.5215,2.5265,2.5188,2.5229,1420246.7,1762066799999,3582872.0559,19667
XRPUSDT,1762066800000,2.523,2.5366,2.5177,2.5351,1929485.6,1762070399999,4876448.9395,23152
XRPUSDT,1762070400000,2.5351,2.5392,2.5256,2.5283,1748469.5,1762073999999,4429661.6618,20752
XRPUSDT,1762074000000,2.5283,2.5344,2.5174,2.5203,2256582.9,1762077599999,5697975.50683,26218
XRPUSDT,1762077600000,2.5204,2.5289,2.5097,2.5158,2575795.1,1762081199999,6488739.27444,31758
XRPUSDT,1762081200000,2.5159,2.5549,2.512,2.5416,5837688.4,1762084799999,14808967.06534,49873
XRPUSDT,1762084800000,2.5416,2.5517,2.5353,2.537,2769731.6,1762088399999,7043010.99602,35260
XRPUSDT,1762088400000,2.5371,2.5425,2.5223,2.5269,2236632.5,1762091999999,5659221.06042,30788
XRPUSDT,1762092000000,2.5268,2.5351,2.5018,2.5166,2741446.3,1762095599999,6898678.21459,46886
XRPUSDT,1762095600000,2.5166,2.5195,2.5,2.5004,2746381.5,1762099199999,6891795.30463,37387
XRPUSDT,1762099200000,2.5003,2.5053,2.4833,2.5052,3621401.4,1762102799999,9030773.02644,51410
XRPUSDT,1762102800000,2.5052,2.5053,2.4939,2.501,1045883.0,1762106399999,2613824.69593,20259
XRPUSDT,1762106400000,2.501,2.5013,2.4904,2.4946,771108.2,1762109999999,1924434.44666,17122
XRPUSDT,1762110000000,2.4946,2.4953,2.478,2.4888,2676250.9,1762113599999,6646587.58015,26879
XRPUSDT,1762113600000,2.4887,2.4976,2.4844,2.4974,1537979.0,1762117199999,3829210.57563,18394
XRPUSDT,1762117200000,2.4973,2.5172,2.4973,2.5113,1702081.9,1762120799999,4267597.97444,24221
XRPUSDT,1762120800000,2.5113,2.5113,2.4884,2.4987,1378628.9,1762124399999,3444864.72187,23922
XRPUSDT,1762124400000,2.4988,2.5318,2.4988,2.5267,2730847.6,1762127999999,6879300.51137,54017
XRPUSDT,1762128000000,2.5267,2.5322,2.5006,2.5017,2436658.1,1762131599999,6135085.75943,34968
XRPUSDT,1762131600000,2.5017,2.502,2.4825,2.4918,3252331.4,1762135199999,8112368.43303,54719
XRPUSDT,1762135200000,2.4918,2.495,2.4543,2.462,6939925.7,1762138799999,17143919.84654,83751
XRPUSDT,1762138800000,2.462,2.466,2.4259,2.4294,7516371.0,1762142399999,18356080.27472,103914
XRPUSDT,1762142400000,2.4295,2.4479,2.416,2.4464,4768024.8,1762145999999,11593088.54073,71279
XRPUSDT,1762146000000,2.4464,2.4534,2.4269,2.431,2508202.3,1762149599999,6124887.06547,38722
XRPUSDT,1762149600000,2.4309,2.4333,2.3877,2.4083,9408773.1,1762153199999,22653941.70214,81886
XRPUSDT,1762153200000,2.4083,2.4197,2.3987,2.4139,3715099.6,1762156799999,8955337.08401,55191
XRPUSDT,1762156800000,2.4138,2.422,2.3965,2.4107,5661202.6,1762160399999,13639276.18815,56931
XRPUSDT,1762160400000,2.4106,2.4285,2.3964,2.3999,4585883.8,1762163999999,11073807.42564,56192
XRPUSDT,1762164000000,2.3999,2.4082,2.3817,2.388,5088201.3,1762167599999,12181708.03177,54850
XRPUSDT,1762167600000,2.3881,2.4159,2.3877,2.4019,6651133.4,1762171199999,15991189.42908,62055
XRPUSDT,1762171200000,2.402,2.4131,2.4005,2.4022,3373730.5,1762174799999,8118956.52325,40556
XRPUSDT,1762174800000,2.4021,2.4178,2.3984,2.4114,4025245.3,1762178399999,9688417.50699,42439
XRPUSDT,1762178400000,2.4115,2.4279,2.4115,2.427,4786413.4,1762181999999,11581411.07761,65573
XRPUSDT,1762182000000,2.4271,2.4301,2.2925,2.3279,34472522.3,1762185599999,80974951.55839,276876
XRPUSDT,1762185600000,2.328,2.3799,2.3193,2.3739,13068684.7,1762189199999,30724167.5521,157606
XRPUSDT,1762189200000,2.3739,2.3951,2.3662,2.3811,7417050.2,1762192799999,17626592.37475,105070
XRPUSDT,1762192800000,2.3811,2.3849,2.3467,2.3475,5088757.4,1762196399999,12031194.99165,72116
XRPUSDT,1762196400000,2.3475,2.3523,2.3222,2.3241,4805520.2,1762199999999,11236912.8025,84572
XRPUSDT,1762200000000,2.3242,2.3298,2.2631,2.2861,13516216.6,1762203599999,31024849.68917,181779
XRPUSDT,1762203600000,2.2861,2.3133,2.2673,2.3109,10617500.5,1762207199999,24375616.17304,156255
XRPUSDT,1762207200000,2.3109,2.3125,2.2701,2.3008,6667405.5,1762210799999,15291623.62876,94856
XRPUSDT,1762210800000,2.3007,2.314,2.2849,2.3096,4154616.4,1762214399999,9566095.48477,59463
XRPUSDT,1762214400000,2.3095,2.3456,2.2998,2.3371,9564677.9,1762217999999,22244099.16539,120379
XRPUSDT,1762218000000,2.3371,2.3494,2.3237,2.3425,7319343.3,1762221599999,17105723.78223,102703
XRPUSDT,1762221600000,2.3424,2.3526,2.334,2.3393,3946112.8,1762225199999,9246541.52224,62935
XRPUSDT,1762225200000,2.3392,2.3635,2.3337,2.3565,4885383.6,1762228799999,11490447.14154,69479
XRPUSDT,1762228800000,2.3565,2.3655,2.3367,2.3383,5594615.5,1762232399999,13142991.16331,70019
XRPUSDT,1762232400000,2.3382,2.3424,2.245,2.2504,18192559.3,1762235999999,41608169.57989,213962
XRPUSDT,1762236000000,2.2504,2.3091,2.2493,2.2737,14336211.6,1762239599999,32660936.23017,181539
XRPUSDT,1762239600000,2.2737,2.2819,2.2322,2.2434,17253245.0,1762243199999,38857401.19278,180059
XRPUSDT,1762243200000,2.2434,2.2793,2.2296,2.2629,14215555.8,1762246799999,32061545.09725,173389
XRPUSDT,1762246800000,2.2629,2.269,2.248,2.2655,9521735.7,1762250399999,21504882.74477,108510
XRPUSDT,1762250400000,2.2654,2.2759,2.2573,2.2663,7100610.9,1762253999999,16098144.29485,88455
XRPUSDT,1762254000000,2.2662,2.2845,2.263,2.281,7386169.5,1762257599999,16810425.87743,74220
XRPUSDT,1762257600000,2.281,2.2903,2.2607,2.2647,5539555.8,1762261199999,12602392.55893,65432
XRPUSDT,1762261200000,2.2647,2.278,2.257,2.2616,6744910.9,1762264799999,15293707.97859,73798
XRPUSDT,1762264800000,2.2616,2.313,2.2422,2.3042,15419688.0,1762268399999,35051765.24528,176407
XRPUSDT,1762268400000,2.3043,2.3273,2.2757,2.2829,13157564.0,1762271999999,30347985.9662,159794
XRPUSDT,1762272000000,2.2829,2.2962,2.2321,2.2405,14617706.2,1762275599999,33009867.09759,183717
XRPUSDT,1762275600000,2.2405,2.2588,2.1966,2.2308,24170499.4,1762279199999,53764704.77123,270698
XRPUSDT,1762279200000,2.2309,2.2314,2.1549,2.2114,28382887.7,1762282799999,62067178.74636,326457
XRPUSDT,1762282800000,2.2115,2.225,2.1667,2.1696,11769401.6,1762286399999,25887251.65767,196634
XRPUSDT,1762286400000,2.1695,2.1908,2.0987,2.1598,39277401.9,1762289999999,84073889.10739,376084
XRPUSDT,1762290000000,2.1598,2.1705,2.0665,2.156,40056631.1,1762293599999,84752921.5453,384907
XRPUSDT,1762293600000,2.1561,2.224,2.1437,2.2186,20786309.1,1762297199999,45549765.1875,192891
XRPUSDT,1762297200000,2.2186,2.2293,2.2046,2.2053,7320130.9,1762300799999,16213922.46808,108389
XRPUSDT,1762300800000,2.2053,2.2118,2.1617,2.1746,12852894.7,1762304399999,28102025.44741,134888
XRPUSDT,1762304400000,2.1746,2.1799,2.1015,2.172,17412437.4,1762307999999,37119661.84246,252961
XRPUSDT,1762308000000,2.1721,2.2283,2.1719,2.2263,13823655.6,1762311599999,30484045.05331,192584
XRPUSDT,1762311600000,2.2264,2.2532,2.2153,2.2372,10507032.5,1762315199999,23504873.3158,118510
XRPUSDT,1762315200000,2.2371,2.2562,2.2257,2.2451,7557195.9,1762318799999,16947699.68776,87592
XRPUSDT,1762318800000,2.2451,2.2606,2.2337,2.2422,8138023.9,1762322399999,18287697.78458,66181
XRPUSDT,1762322400000,2.2421,2.2532,2.2294,2.2514,5392070.4,1762325999999,12079770.51384,55547
XRPUSDT,1762326000000,2.2514,2.2529,2.232,2.2463,5888823.3,1762329599999,13205414.36912,50723
XRPUSDT,1762329600000,2.2462,2.2462,2.2047,2.222,7153319.0,1762333199999,15884205.81988,86660
XRPUSDT,1762333200000,2.222,2.2398,2.2182,2.2374,5750169.4,1762336799999,12832095.64052,68977
XRPUSDT,1762336800000,2.2373,2.2405,2.2083,2.2111,4205382.1,1762340399999,9366367.27788,59699
XRPUSDT,1762340400000,2.2111,2.2434,2.2109,2.2367,3649754.0,1762343999999,8143386.02066,56367
XRPUSDT,1762344000000,2.2367,2.2534,2.2306,2.2489,5007221.3,1762347599999,11222994.38738,61468
XRPUSDT,1762347600000,2.2488,2.2879,2.2403,2.2632,10769799.5,1762351199999,24366360.87694,99132
XRPUSDT,1762351200000,2.2631,2.285,2.2413,2.2612,14858753.2,1762354799999,33661779.36905,164353
XRPUSDT,1762354800000,2.2613,2.2766,2.2504,2.2764,9670019.8,1762358399999,21910441.27545,125231
XRPUSDT,1762358400000,2.2764,2.2899,2.2539,2.2855,9794728.8,1762361999999,22227394.15714,99438
XRPUSDT,1762362000000,2.2856,2.2898,2.2668,2.2857,6270027.0,1762365599999,14281956.41236,72365
XRPUSDT,1762365600000,2.2857,2.3096,2.2776,2.3046,7789817.0,1762369199999,17851339.22187,79141
XRPUSDT,1762369200000,2.3047,2.3264,2.293,2.3225,8806537.3,1762372799999,20359611.33646,82903
XRPUSDT,1762372800000,2.3224,2.3766,2.3176,2.36,15973110.1,1762376399999,37557423.60985,172427
XRPUSDT,1762376400000,2.3601,2.3708,2.3382,2.3401,8170817.5,1762379999999,19197625.80003,114953
XRPUSDT,1762380000000,2.34,2.3609,2.3308,2.3529,3792166.7,1762383599999,8887221.18464,55513
XRPUSDT,1762383600000,2.3529,2.3589,2.342,2.3432,4599250.5,1762387199999,10805246.64057,76180
XRPUSDT,1762387200000,2.3432,2.3542,2.334,2.3454,4762614.3,1762390799999,11158854.31212,83673
XRPUSDT,1762390800000,2.3453,2.3453,2.3093,2.3399,6722434.4,1762394399999,15658596.74443,93266
XRPUSDT,1762394400000,2.3398,2.416,2.3221,2.3865,13114682.5,1762397999999,31101055.17859,147929
XRPUSDT,1762398000000,2.3866,2.3905,2.3533,2.3588,8206638.7,1762401599999,19427232.43957,96975
XRPUSDT,1762401600000,2.3588,2.3647,2.3462,2.3631,5161186.9,1762405199999,12147064.94438,56209
XRPUSDT,1762405200000,2.3631,2.3632,2.3272,2.3299,4356424.6,1762408799999,10186331.1732,58245
XRPUSDT,1762408800000,2.3298,2.3377,2.3182,2.3191,3879629.4,1762412399999,9031431.81552,61094
XRPUSDT,1762412400000,2.3192,2.3326,2.3117,2.3262,4372857.1,1762415999999,10162912.49418,62987
XRPUSDT,1762416000000,2.3261,2.3336,2.3151,2.3226,3023998.2,1762419599999,7029421.67198,45060
XRPUSDT,1762419600000,2.3227,2.326,2.3009,2.3061,7272542.3,1762423199999,16796141.74183,67756
XRPUSDT,1762423200000,2.3061,2.3174,2.296,2.3062,5192413.2,1762426799999,11971375.12109,71036
XRPUSDT,1762426800000,2.3061,2.3083,2.2877,2.3005,7096630.3,1762430399999,16296794.6055,57161
XRPUSDT,1762430400000,2.3006,2.3028,2.277,2.2802,6562409.5,1762433999999,15011716.69773,67093
XRPUSDT,1762434000000,2.2802,2.3104,2.2782,2.3024,6931225.1,1762437599999,15925326.39674,84680
XRPUSDT,1762437600000,2.3024,2.3069,2.2565,2.2588,7460387.0,1762441199999,16987705.76965,111967
XRPUSDT,1762441200000,2.2588,2.2713,2.2279,2.2343,13474229.4,1762444799999,30300711.17838,166561
XRPUSDT,1762444800000,2.2343,2.2497,2.2096,2.2283,9701892.0,1762448399999,21623071.85676,121769
XRPUSDT,1762448400000,2.2284,2.2509,2.2149,2.24,14175729.7,1762451999999,31644416.73706,131585
XRPUSDT,1762452000000,2.24,2.2449,2.2106,2.2312,8693373.2,1762455599999,19360788.7201,87456
XRPUSDT,1762455600000,2.2312,2.2325,2.203,2.2116,4596379.6,1762459199999,10194882.7197,66896
XRPUSDT,1762459200000,2.2116,2.2252,2.1796,2.1954,8988836.6,1762462799999,19757582.3153,108914
XRPUSDT,1762462800000,2.1955,2.2189,2.1799,2.2155,10089494.8,1762466399999,22251666.2955,105386
XRPUSDT,1762466400000,2.2155,2.224,2.2073,2.2192,5315369.8,1762469999999,11789649.86666,52522
XRPUSDT,1762470000000,2.2191,2.2191,2.1985,2.213,3572934.1,1762473599999,7886261.25297,55331
XRPUSDT,1762473600000,2.213,2.2277,2.2042,2.2203,5691401.1,1762477199999,12617081.83111,90364
XRPUSDT,1762477200000,2.2203,2.2257,2.192,2.2188,6354760.2,1762480799999,14034895.53137,106187
XRPUSDT,1762480800000,2.2187,2.223,2.203,2.2223,3679291.2,1762484399999,8145381.89795,70649
XRPUSDT,1762484400000,2.2224,2.2371,2.2203,2.2291,6034810.9,1762487999999,13459020.82636,59627
XRPUSDT,1762488000000,2.2292,2.2305,2.2116,2.2216,2716946.4,1762491599999,6032101.03432,47650
XRPUSDT,1762491600000,2.2215,2.2381,2.2199,2.2364,3212971.6,1762495199999,7167360.32175,55959
XRPUSDT,1762495200000,2.2365,2.2397,2.2222,2.2223,3892279.5,1762498799999,8682418.55589,46099
XRPUSDT,1762498800000,2.2222,2.2342,2.2171,2.2335,3660381.4,1762502399999,8144746.68925,49948
XRPUSDT,1762502400000,2.2335,2.2345,2.2178,2.2189,2932260.4,1762505999999,6523967.43886,42233
XRPUSDT,1762506000000,2.2189,2.2197,2.1921,2.201,4477276.4,1762509599999,9871422.70928,62936
XRPUSDT,1762509600000,2.2009,2.2112,2.1771,2.185,5532604.8,1762513199999,12134655.15698,64039
XRPUSDT,1762513200000,2.185,2.1945,2.1635,2.1879,10378657.1,1762516799999,22597789.4012,136135
XRPUSDT,1762516800000,2.1879,2.1976,2.1536,2.1687,8268000.5,1762520399999,17963148.57579,108376
XRPUSDT,1762520400000,2.1686,2.1979,2.1585,2.1867,6770536.9,1762523999999,14771511.45512,91222
XRPUSDT,1762524000000,2.1866,2.215,2.1568,2.2055,8887790.1,1762527599999,19442627.48557,135507
XRPUSDT,1762527600000,2.2056,2.2208,2.1886,2.2129,10495240.9,1762531199999,23151615.07205,137785
XRPUSDT,1762531200000,2.2129,2.2775,2.2012,2.2639,15720401.3,1762534799999,35292770.09331,160385
XRPUSDT,1762534800000,2.2639,2.3393,2.2507,2.3095,21015147.3,1762538399999,48339689.84494,233420
XRPUSDT,1762538400000,2.3096,2.3499,2.3003,2.3365,12292363.2,1762541999999,28627559.66836,143639
XRPUSDT,1762542000000,2.3366,2.3556,2.324,2.3529,6112425.7,1762545599999,14317598.21697,99614
XRPUSDT,1762545600000,2.3529,2.3729,2.3329,2.3645,7922829.6,1762549199999,18655747.38113,110474
XRPUSDT,1762549200000,2.3645,2.3655,2.3343,2.3431,8291279.6,1762552799999,19447833.73149,85044
XRPUSDT,1762552800000,2.3432,2.3491,2.3261,2.3299,5303420.2,1762556399999,12392430.72733,60085
XRPUSDT,1762556400000,2.33,2.3315,2.3113,2.3154,8360861.0,1762559999999,19403864.68132,81501
XRPUSDT,1762560000000,2.3155,2.3276,2.2992,2.3005,8403227.2,1762563599999,19435261.47656,103216
XRPUSDT,1762563600000,2.3005,2.3197,2.2991,2.3104,4659229.9,1762567199999,10765227.1436,79137
XRPUSDT,1762567200000,2.3104,2.3329,2.304,2.3169,3967986.6,1762570799999,9215863.47646,68713
XRPUSDT,1762570800000,2.3168,2.3381,2.3122,2.3186,6043214.2,1762574399999,14049120.32063,67813
XRPUSDT,1762574400000,2.3187,2.336,2.3187,2.3266,3982406.2,1762577999999,9268710.33899,48742
XRPUSDT,1762578000000,2.3266,2.334,2.3092,2.315,3199976.5,1762581599999,7429396.06885,46198
XRPUSDT,1762581600000,2.3151,2.3247,2.2945,2.3231,4973323.4,1762585199999,11470116.55908,62889
XRPUSDT,1762585200000,2.3231,2.3289,2.2994,2.3224,3454566.6,1762588799999,7997684.13708,46940
XRPUSDT,1762588800000,2.3224,2.3337,2.3138,2.3218,2363565.0,1762592399999,5496970.91752,42445
XRPUSDT,1762592400000,2.3219,2.3272,2.308,2.3115,2366568.6,1762595999999,5484085.02225,41197
XRPUSDT,1762596000000,2.3116,2.3198,2.308,2.3132,1385456.4,1762599599999,3207631.08486,34702
XRPUSDT,1762599600000,2.3132,2.3183,2.2906,2.2957,3335942.6,1762603199999,7683422.0845,47280
XRPUSDT,1762603200000,2.2958,2.3026,2.2874,2.2942,2747005.9,1762606799999,6302316.23698,50121
XRPUSDT,1762606800000,2.2942,2.2954,2.2754,2.2787,3959718.0,1762610399999,9039576.47158,67024
XRPUSDT,1762610400000,2.2787,2.2863,2.2627,2.2763,5126265.5,1762613999999,11660247.77787,70292
XRPUSDT,1762614000000,2.2763,2.2776,2.2424,2.2559,4206418.4,1762617599999,9495917.6257,68139
XRPUSDT,1762617600000,2.256,2.2732,2.251,2.2647,3707890.9,1762621199999,8391775.21648,59605
XRPUSDT,1762621200000,2.2647,2.271,2.2538,2.2708,2952663.1,1762624799999,6681637.25116,40098
XRPUSDT,1762624800000,2.2707,2.2792,2.2619,2.278,2691757.9,1762628399999,6112578.88198,34253
XRPUSDT,1762628400000,2.278,2.278,2.254,2.2732,2004910.0,1762631999999,4544150.29592,33581
XRPUSDT,1762632000000,2.2732,2.2808,2.2718,2.2782,1595365.6,1762635599999,3632409.29097,22489
XRPUSDT,1762635600000,2.2781,2.2896,2.2748,2.2859,3261564.3,1762639199999,7443137.2102,32987
XRPUSDT,1762639200000,2.2858,2.2888,2.279,2.2873,1794748.5,1762642799999,4098439.98423,21388
XRPUSDT,1762642800000,2.2874,2.2874,2.2807,2.2863,1472484.8,1762646399999,3363197.46978,19641
XRPUSDT,1762646400000,2.2864,2.2871,2.2713,2.2743,2143211.2,1762649999999,4885084.1629,32200
XRPUSDT,1762650000000,2.2742,2.2864,2.27,2.2849,1526047.0,1762653599999,3478568.64166,26996
XRPUSDT,1762653600000,2.285,2.285,2.2552,2.2588,2727049.9,1762657199999,6186343.36862,48064
XRPUSDT,1762657200000,2.2587,2.2649,2.2392,2.2539,3942466.7,1762660799999,8868446.47258,55252
XRPUSDT,1762660800000,2.2539,2.2654,2.2531,2.2612,2063658.3,1762664399999,4662795.89743,32681
XRPUSDT,1762664400000,2.2612,2.2741,2.2525,2.2714,2669674.7,1762667999999,6048705.23715,33270
XRPUSDT,1762668000000,2.2714,2.2873,2.2679,2.2797,1725821.6,1762671599999,3933607.26357,32848
XRPUSDT,1762671600000,2.2796,2.2989,2.2786,2.2958,2955296.9,1762675199999,6768444.25026,49815
XRPUSDT,1762675200000,2.2957,2.2961,2.2753,2.2806,2190570.4,1762678799999,5004668.67254,33296
XRPUSDT,1762678800000,2.2806,2.291,2.2686,2.2692,2210972.5,1762682399999,5042599.81741,35359
XRPUSDT,1762682400000,2.2692,2.2692,2.2523,2.2668,2977313.7,1762685999999,6731932.06045,47516
XRPUSDT,1762686000000,2.2667,2.2779,2.2657,2.2751,3076981.9,1762689599999,6996666.39876,51995
XRPUSDT,1762689600000,2.2751,2.2832,2.2698,2.275,2448640.0,1762693199999,5575712.67356,42749
XRPUSDT,1762693200000,2.275,2.2866,2.2708,2.2777,3753697.3,1762696799999,8560522.92197,57846
XRPUSDT,1762696800000,2.2777,2.3284,2.2671,2.2913,11235931.0,1762700399999,25875775.94716,140669
XRPUSDT,1762700400000,2.2912,2.3337,2.2887,2.3145,6302142.7,1762703999999,14581147.70407,72024
XRPUSDT,1762704000000,2.3146,2.3321,2.3008,2.3262,3369192.2,1762707599999,7802809.5864,56701
XRPUSDT,1762707600000,2.3263,2.3269,2.3035,2.3088,2888431.0,1762711199999,6681736.96356,41623
XRPUSDT,1762711200000,2.3089,2.33,2.3021,2.3278,2244599.1,1762714799999,5195555.62543,36666
XRPUSDT,1762714800000,2.3278,2.3497,2.323,2.349,4162143.3,1762718399999,9725805.38851,58326
XRPUSDT,1762718400000,2.3491,2.3546,2.3361,2.34,3904912.4,1762721999999,9153251.51743,53603
XRPUSDT,1762722000000,2.34,2.344,2.3318,2.3381,2718983.5,1762725599999,6354347.63254,38045
XRPUSDT,1762725600000,2.3381,2.3542,2.3236,2.3539,3357125.0,1762729199999,7849462.40785,37862
XRPUSDT,1762729200000,2.354,2.395,2.354,2.3662,9417535.7,1762732799999,22314610.558,124206
XRPUSDT,1762732800000,2.3662,2.4283,2.3462,2.4162,11346545.0,1762736399999,27208230.94799,147418
XRPUSDT,1762736400000,2.4162,2.4282,2.3944,2.3993,8362784.6,1762739999999,20127911.25785,125750
XRPUSDT,1762740000000,2.3993,2.424,2.3866,2.4239,6400747.2,1762743599999,15396398.13148,81393
XRPUSDT,1762743600000,2.424,2.4779,2.4239,2.4613,15338441.5,1762747199999,37634049.01362,133946
XRPUSDT,1762747200000,2.4614,2.4734,2.4514,2.4644,7920506.1,1762750799999,19510520.7512,99128
XRPUSDT,1762750800000,2.4643,2.4714,2.4396,2.4526,5304819.1,1762754399999,13012451.58402,71252
XRPUSDT,1762754400000,2.4526,2.4745,2.4419,2.4721,4815358.1,1762757999999,11840830.03839,61523
XRPUSDT,1762758000000,2.4721,2.4928,2.4684,2.4806,5975270.2,1762761599999,14821201.78872,75184
XRPUSDT,1762761600000,2.4806,2.4984,2.4696,2.4963,6008048.4,1762765199999,14910519.05483,72765
XRPUSDT,1762765200000,2.4963,2.5449,2.4837,2.5384,12316967.9,1762768799999,30977752.79635,120457
XRPUSDT,1762768800000,2.5385,2.5518,2.5233,2.5404,10190437.8,1762772399999,25868747.68389,129300
XRPUSDT,1762772400000,2.5404,2.5731,2.5379,2.541,10198087.1,1762775999999,26039453.27921,118238
XRPUSDT,1762776000000,2.541,2.5441,2.5225,2.5299,7427335.3,1762779599999,18804549.99698,72384
XRPUSDT,1762779600000,2.53,2.57,2.5299,2.5561,6828002.8,1762783199999,17463680.71698,91637
XRPUSDT,1762783200000,2.5562,2.5607,2.4985,2.5093,15130775.5,1762786799999,38235229.51906,186908
XRPUSDT,1762786800000,2.5093,2.5349,2.5,2.5296,10223914.0,1762790399999,25762819.36599,143415
XRPUSDT,1762790400000,2.5297,2.5573,2.5135,2.5291,10547807.2,1762793999999,26729837.29397,144483
XRPUSDT,1762794000000,2.5291,2.5639,2.5244,2.5506,6945394.7,1762797599999,17705013.19584,88668
XRPUSDT,1762797600000,2.5505,2.5543,2.5336,2.5385,4979321.5,1762801199999,12666291.59462,63849
XRPUSDT,1762801200000,2.5384,2.5617,2.5374,2.5491,4435456.8,1762804799999,11323648.28864,61503
XRPUSDT,1762804800000,2.549,2.5808,2.5432,2.5638,10547131.6,1762808399999,27061700.78565,117877
XRPUSDT,1762808400000,2.5637,2.565,2.5115,2.5177,8848528.1,1762811999999,22407891.5665,115749
XRPUSDT,1762812000000,2.5176,2.5342,2.5129,2.532,3505187.9,1762815599999,8852617.97034,52007
XRPUSDT,1762815600000,2.532,2.5407,2.5229,2.526,3881526.9,1762819199999,9824678.66884,50816
XRPUSDT,1762819200000,2.526,2.547,2.5138,2.541,6497961.6,1762822799999,16452508.19808,92762
XRPUSDT,1762822800000,2.541,2.57,2.5204,2.5249,6713424.8,1762826399999,17101779.69984,114506
XRPUSDT,1762826400000,2.525,2.5592,2.5151,2.5373,6424878.0,1762829999999,16295237.42403,96256
XRPUSDT,1762830000000,2.5374,2.5479,2.5296,2.5301,3817058.3,1762833599999,9691560.56252,52696
XRPUSDT,1762833600000,2.53,2.5325,2.494,2.5006,7448792.6,1762837199999,18714621.66909,69696
XRPUSDT,1762837200000,2.5006,2.5024,2.4727,2.4761,8490066.1,1762840799999,21109654.414,88183
XRPUSDT,1762840800000,2.476,2.4779,2.4569,2.4734,8926484.2,1762844399999,22012093.95466,81309
XRPUSDT,1762844400000,2.4733,2.4804,2.445,2.4477,7293350.2,1762847999999,17935194.92631,75454
XRPUSDT,1762848000000,2.4478,2.4603,2.44,2.4546,4849177.8,1762851599999,11874790.37721,73337
XRPUSDT,1762851600000,2.4546,2.4674,2.4526,2.4572,2946862.0,1762855199999,7248906.28287,52699
XRPUSDT,1762855200000,2.4571,2.4678,2.4559,2.4634,2656918.7,1762858799999,6542869.12278,45700
XRPUSDT,1762858800000,2.4634,2.4703,2.4557,2.4605,3456729.0,1762862399999,8513501.07282,38119
XRPUSDT,1762862400000,2.4605,2.4673,2.4487,2.4575,3300285.0,1762865999999,8112322.41806,56101
XRPUSDT,1762866000000,2.4574,2.4706,2.4401,2.4446,5432056.0,1762869599999,13336401.61596,75803
XRPUSDT,1762869600000,2.4446,2.4658,2.4326,2.463,7486986.1,1762873199999,18311837.15695,118577
XRPUSDT,1762873200000,2.463,2.463,2.4261,2.4368,6052571.2,1762876799999,14771311.95164,106228
XRPUSDT,1762876800000,2.4367,2.4421,2.426,2.4316,3744813.6,1762880399999,9116018.97834,68876
XRPUSDT,1762880400000,2.4315,2.4421,2.4105,2.4306,5230948.4,1762883999999,12691003.94443,76767
XRPUSDT,1762884000000,2.4305,2.4402,2.4229,2.4248,3354151.7,1762887599999,8150839.44538,53980
XRPUSDT,1762887600000,2.4249,2.4321,2.4101,2.4161,3450904.3,1762891199999,8348537.64923,56962
XRPUSDT,1762891200000,2.4161,2.4227,2.3989,2.4084,5650348.4,1762894799999,13609072.30025,88271
XRPUSDT,1762894800000,2.4083,2.4174,2.3865,2.3873,5117606.5,1762898399999,12281821.08199,77397
XRPUSDT,1762898400000,2.3874,2.4126,2.3787,2.4031,4417242.7,1762901999999,10587649.17229,62440
XRPUSDT,1762902000000,2.4032,2.4045,2.3873,2.3915,3779274.5,1762905599999,9052881.75898,68102
XRPUSDT,1762905600000,2.3915,2.4068,2.3821,2.384,3829527.9,1762909199999,9178172.38952,87972
XRPUSDT,1762909200000,2.3841,2.4146,2.3813,2.4055,4839455.7,1762912799999,11643640.94255,71973
XRPUSDT,1762912800000,2.4055,2.4056,2.3825,2.3936,4178223.1,1762916399999,10008045.43777,56291
XRPUSDT,1762916400000,2.3937,2.4033,2.3897,2.3989,3566306.5,1762919999999,8555823.11166,32184
XRPUSDT,1762920000000,2.399,2.3995,2.3887,2.395,3214342.1,1762923599999,7694644.52792,30367
XRPUSDT,1762923600000,2.395,2.4087,2.3908,2.4,3487882.3,1762927199999,8373611.18803,28549
XRPUSDT,1762927200000,2.4,2.404,2.3885,2.3891,4073175.5,1762930799999,9760384.35955,32827
XRPUSDT,1762930800000,2.389,2.3926,2.3645,2.3734,5927519.2,1762934399999,14108494.23133,49942
XRPUSDT,1762934400000,2.3734,2.4158,2.3723,2.4055,5434051.4,1762937999999,13053896.96466,61913
XRPUSDT,1762938000000,2.4054,2.4283,2.4019,2.4197,6781021.3,1762941599999,16401283.54144,48812
XRPUSDT,1762941600000,2.4198,2.431,2.4161,2.4229,5536052.1,1762945199999,13419653.41445,41439
XRPUSDT,1762945200000,2.4229,2.4389,2.4226,2.4383,5870208.1,1762948799999,14283601.39016,50191
XRPUSDT,1762948800000,2.4383,2.4477,2.4325,2.4433,5799145.6,1762952399999,14155470.85253,46484
XRPUSDT,1762952400000,2.4432,2.4491,2.428,2.4461,5066837.9,1762955999999,12363467.68778,48916
XRPUSDT,1762956000000,2.446,2.4488,2.3957,2.4125,8731891.9,1762959599999,21177602.43118,107238
XRPUSDT,1762959600000,2.4125,2.4248,2.3635,2.3684,10693932.5,1762963199999,25566186.11224,154978
XRPUSDT,1762963200000,2.3684,2.3738,2.3275,2.3379,14884633.1,1762966799999,34907072.67107,190994
XRPUSDT,1762966800000,2.3379,2.3571,2.3263,2.3489,6181560.4,1762970399999,14478809.11469,94775
XRPUSDT,1762970400000,2.3489,2.3561,2.3417,2.3436,4603713.0,1762973999999,10810183.62567,49031
XRPUSDT,1762974000000,2.3436,2.3521,2.3166,2.338,6998285.6,1762977599999,16324280.95897,80895
XRPUSDT,1762977600000,2.3379,2.3572,2.3335,2.3539,6464791.3,1762981199999,15171563.38983,69498
XRPUSDT,1762981200000,2.3539,2.3947,2.3537,2.3938,6871655.1,1762984799999,16333563.89187,64331
XRPUSDT,1762984800000,2.3938,2.3943,2.3635,2.3796,3637777.2,1762988399999,8639113.02769,50485
XRPUSDT,1762988400000,2.3796,2.3913,2.3681,2.3879,4487806.8,1762991999999,10692911.55122,49695
XRPUSDT,1762992000000,2.3878,2.4059,2.3827,2.3916,4274413.3,1762995599999,10231534.69286,62777
XRPUSDT,1762995600000,2.3916,2.4175,2.3915,2.4046,6146303.3,1762999199999,14783320.07187,79965
XRPUSDT,1762999200000,2.4046,2.426,2.4039,2.4222,4403728.4,1763002799999,10638966.23835,58074
XRPUSDT,1763002800000,2.4222,2.5124,2.3892,2.4838,18757967.8,1763006399999,46176968.49001,203835
XRPUSDT,1763006400000,2.4837,2.4905,2.4513,2.4733,13410727.8,1763009999999,33149124.85378,167421
XRPUSDT,1763010000000,2.4732,2.4999,2.4567,2.4948,8315273.9,1763013599999,20588307.6239,88383
XRPUSDT,1763013600000,2.4949,2.5198,2.4907,2.5019,8829439.7,1763017199999,22135558.04326,96043
XRPUSDT,1763017200000,2.5019,2.5202,2.483,2.4874,9674589.9,1763020799999,24214391.77474,89518
XRPUSDT,1763020800000,2.4873,2.5135,2.4853,2.5013,4930333.2,1763024399999,12324425.86595,64365
XRPUSDT,1763024400000,2.5013,2.5106,2.4726,2.4985,8459960.0,1763027999999,21091017.28117,102415
XRPUSDT,1763028000000,2.4985,2.5264,2.4948,2.5006,9157522.3,1763031599999,23018254.36713,81442
XRPUSDT,1763031600000,2.5007,2.514,2.4868,2.4951,5742992.8,1763035199999,14351474.83568,65288
XRPUSDT,1763035200000,2.4952,2.5004,2.4724,2.4818,6731875.7,1763038799999,16712339.37634,67911
XRPUSDT,1763038800000,2.4819,2.4875,2.4481,2.4592,8931793.1,1763042399999,22026263.98263,98710
XRPUSDT,1763042400000,2.4593,2.5183,2.4492,2.5029,18251016.4,1763045999999,45208562.082,204862
XRPUSDT,1763046000000,2.5029,2.5029,2.4204,2.4348,18055454.4,1763049599999,44295832.72019,192876
XRPUSDT,1763049600000,2.4347,2.4439,2.3959,2.4016,12738802.5,1763053199999,30787514.41429,139013
XRPUSDT,1763053200000,2.4016,2.4096,2.353,2.3559,15837154.6,1763056799999,37699256.66379,179305
XRPUSDT,1763056800000,2.356,2.3754,2.3277,2.3412,16404125.4,1763060399999,38582667.41336,191706
XRPUSDT,1763060400000,2.3413,2.3551,2.3113,2.3151,17335785.0,1763063999999,40422719.60575,169713
XRPUSDT,1763064000000,2.315,2.3225,2.2757,2.2985,17786977.6,1763067599999,40898052.72188,213925
XRPUSDT,1763067600000,2.2984,2.3073,2.2797,2.2917,10160518.3,1763071199999,23296325.47134,117135
XRPUSDT,1763071200000,2.2916,2.3315,2.2834,2.3286,13334134.1,1763074799999,30828968.74731,110411
XRPUSDT,1763074800000,2.3286,2.3463,2.3082,2.3225,10593515.0,1763078399999,24699434.18313,88004
XRPUSDT,1763078400000,2.3225,2.3322,2.2904,2.297,9367587.5,1763081999999,21637955.10014,128095
XRPUSDT,1763082000000,2.2971,2.3166,2.2896,2.3073,7182570.9,1763085599999,16526720.99069,99309
XRPUSDT,1763085600000,2.3073,2.338,2.3064,2.3278,5287064.0,1763089199999,12297737.43462,66177
XRPUSDT,1763089200000,2.3278,2.3311,2.303,2.3151,4485611.1,1763092799999,10370282.96254,51224
XRPUSDT,1763092800000,2.3151,2.3158,2.2454,2.29,17277199.5,1763096399999,39306653.91807,159843
XRPUSDT,1763096400000,2.2901,2.3193,2.2812,2.3131,8406042.8,1763099999999,19335975.31334,116689
XRPUSDT,1763100000000,2.3131,2.32,2.2674,2.3189,8327173.6,1763103599999,19085558.15907,111702
XRPUSDT,1763103600000,2.3189,2.3272,2.2972,2.3074,7067606.1,1763107199999,16344683.01848,110772
XRPUSDT,1763107200000,2.3074,2.3098,2.2831,2.2961,4629473.6,1763110799999,10629953.04269,79152
XRPUSDT,1763110800000,2.2961,2.3086,2.2743,2.2777,4698648.1,1763114399999,10742267.98116,65109
XRPUSDT,1763114400000,2.2778,2.3,2.2762,2.2855,6855115.8,1763117999999,15676839.98201,67485
XRPUSDT,1763118000000,2.2854,2.2899,2.256,2.2684,10096462.2,1763121599999,22931959.92654,112832
XRPUSDT,1763121600000,2.2683,2.2975,2.2263,2.2859,32796617.9,1763125199999,74022333.707,280496
XRPUSDT,1763125200000,2.2859,2.3004,2.2535,2.2713,14081780.5,1763128799999,31989152.88616,181010
XRPUSDT,1763128800000,2.2712,2.3144,2.2462,2.3027,14840440.7,1763132399999,33875477.42957,206773
XRPUSDT,1763132400000,2.3027,2.3271,2.2831,2.3127,13003678.0,1763135999999,29974568.03042,157988
XRPUSDT,1763136000000,2.3128,2.3416,2.2914,2.3317,12599765.9,1763139599999,29217970.48146,108611
XRPUSDT,1763139600000,2.3317,2.3393,2.2984,2.3109,6617892.6,1763143199999,15376302.02684,74598
XRPUSDT,1763143200000,2.3109,2.3281,2.2831,2.2918,5276358.7,1763146799999,12161210.44029,71530
XRPUSDT,1763146800000,2.2918,2.3193,2.2761,2.3121,4758604.1,1763150399999,10944106.77806,78187
XRPUSDT,1763150400000,2.3121,2.3163,2.2521,2.2619,8025056.9,1763153999999,18273950.66658,96517
XRPUSDT,1763154000000,2.262,2.2901,2.2565,2.2777,3996642.9,1763157599999,9095451.08783,65859
XRPUSDT,1763157600000,2.2776,2.2864,2.254,2.2622,3467666.1,1763161199999,7869721.62002,50376
XRPUSDT,1763161200000,2.2621,2.2662,2.2256,2.2443,7232759.1,1763164799999,16247006.47267,96875
XRPUSDT,1763164800000,2.2443,2.2707,2.2428,2.2689,4187829.1,1763168399999,9465349.20186,74029
XRPUSDT,1763168400000,2.2688,2.285,2.2561,2.2803,3283958.3,1763171999999,7463327.41645,60282
XRPUSDT,1763172000000,2.2803,2.3013,2.2709,2.3007,2587302.3,1763175599999,5916414.58764,45317
XRPUSDT,1763175600000,2.3007,2.3034,2.2923,2.2946,3367937.3,1763179199999,7736654.79363,49956
XRPUSDT,1763179200000,2.2946,2.2963,2.2761,2.2831,3342050.2,1763182799999,7636620.12913,38357
XRPUSDT,1763182800000,2.283,2.2874,2.2731,2.2762,3516395.8,1763186399999,8014212.41158,39834
XRPUSDT,1763186400000,2.2762,2.2935,2.2739,2.2804,3953178.9,1763189999999,9028179.70975,36616
XRPUSDT,1763190000000,2.2803,2.2889,2.2751,2.2857,4238616.5,1763193599999,9669198.98269,37540
XRPUSDT,1763193600000,2.2856,2.2869,2.2423,2.2511,6402232.3,1763197199999,14486727.28357,69800
XRPUSDT,1763197200000,2.251,2.268,2.2454,2.2575,3752905.7,1763200799999,8483344.38937,47781
XRPUSDT,1763200800000,2.2576,2.2672,2.25,2.2652,2335047.0,1763204399999,5273257.85536,39942
XRPUSDT,1763204400000,2.2652,2.2679,2.2526,2.2582,1697499.0,1763207999999,3836002.15946,37878
XRPUSDT,1763208000000,2.2582,2.2654,2.2454,2.2624,4049054.3,1763211599999,9129802.98789,56284
XRPUSDT,1763211600000,2.2624,2.2791,2.2571,2.2706,4306735.4,1763215199999,9766286.38765,67900
XRPUSDT,1763215200000,2.2705,2.2743,2.2553,2.2606,2571409.0,1763218799999,5818223.77653,53409
XRPUSDT,1763218800000,2.2606,2.2613,2.25,2.2549,3053653.0,1763222399999,6887026.16307,50078
XRPUSDT,1763222400000,2.2549,2.2561,2.2289,2.249,5228542.7,1763225999999,11710213.77707,75411
XRPUSDT,1763226000000,2.2489,2.2713,2.244,2.2621,3575708.0,1763229599999,8067496.93277,58135
XRPUSDT,1763229600000,2.2621,2.2674,2.2531,2.2589,2465763.0,1763233199999,5570555.0818,42217
XRPUSDT,1763233200000,2.2589,2.2671,2.2521,2.2566,1927528.7,1763236799999,4354421.00235,26344
XRPUSDT,1763236800000,2.2566,2.2616,2.2367,2.2408,2688094.9,1763240399999,6042043.41159,42785
XRPUSDT,1763240400000,2.2407,2.2544,2.2111,2.2272,7241484.1,1763243999999,16142768.20514,74431
XRPUSDT,1763244000000,2.2271,2.2439,2.2223,2.2393,2555132.3,1763247599999,5711333.60923,34360
XRPUSDT,1763247600000,2.2393,2.2437,2.2291,2.2372,2145196.4,1763251199999,4799530.61219,29198
XRPUSDT,1763251200000,2.2372,2.2381,2.2033,2.2177,7597490.5,1763254799999,16824939.25989,76587
XRPUSDT,1763254800000,2.2177,2.223,2.1893,2.2111,6026267.9,1763258399999,13291435.87287,92391
XRPUSDT,1763258400000,2.2111,2.252,2.2064,2.2451,5838292.2,1763261999999,13019952.8826,79361
XRPUSDT,1763262000000,2.2452,2.2565,2.2386,2.25,2525940.4,1763265599999,5679425.75105,44202
XRPUSDT,1763265600000,2.25,2.2546,2.2388,2.2477,1965892.6,1763269199999,4414953.09042,29522
XRPUSDT,1763269200000,2.2476,2.2648,2.2465,2.2587,2336767.4,1763272799999,5276773.87839,37679
XRPUSDT,1763272800000,2.2587,2.2699,2.2545,2.2606,2217182.5,1763276399999,5020258.75248,33936
XRPUSDT,1763276400000,2.2606,2.2693,2.2581,2.2672,4371898.8,1763279999999,9900165.04267,32662
XRPUSDT,1763280000000,2.2672,2.2721,2.2532,2.265,3129938.4,1763283599999,7069272.15807,44669
XRPUSDT,1763283600000,2.265,2.2786,2.2567,2.2771,2993024.7,1763287199999,6784775.03758,41411
XRPUSDT,1763287200000,2.2771,2.28,2.2694,2.271,2214697.1,1763290799999,5037473.49874,32211
XRPUSDT,1763290800000,2.2709,2.2732,2.2304,2.2354,4254988.6,1763294399999,9556095.40316,62163
XRPUSDT,1763294400000,2.2355,2.2465,2.2256,2.2355,4470450.4,1763297999999,10003943.01304,46840
XRPUSDT,1763298000000,2.2355,2.2385,2.2049,2.2169,6853839.6,1763301599999,15221361.47717,64237
XRPUSDT,1763301600000,2.2168,2.2314,2.21,2.224,3732381.3,1763305199999,8290493.71656,45484
XRPUSDT,1763305200000,2.224,2.2243,2.1832,2.187,10247676.4,1763308799999,22530402.58243,95533
XRPUSDT,1763308800000,2.1869,2.2014,2.1617,2.1708,10313132.2,1763312399999,22470022.56219,153962
XRPUSDT,1763312400000,2.1708,2.1825,2.1558,2.1759,6946721.4,1763315999999,15070322.94356,93388
XRPUSDT,1763316000000,2.1758,2.2322,2.1737,2.1887,10825447.0,1763319599999,23832988.96469,132327
XRPUSDT,1763319600000,2.1888,2.2269,2.1875,2.2164,4649197.7,1763323199999,10286757.92562,75418
XRPUSDT,1763323200000,2.2164,2.2305,2.2053,2.2057,3480646.2,1763326799999,7722940.62236,51821
XRPUSDT,1763326800000,2.2058,2.2069,2.1824,2.1973,4326027.6,1763330399999,9492860.76156,66533
XRPUSDT,1763330400000,2.1972,2.2283,2.1718,2.2082,6462407.2,1763333999999,14199100.29775,89448
XRPUSDT,1763334000000,2.2082,2.2293,2.1648,2.2149,8474198.1,1763337599999,18638564.78746,137432
XRPUSDT,1763337600000,2.2148,2.2504,2.1983,2.242,7764110.1,1763341199999,17307176.66295,94820
XRPUSDT,1763341200000,2.2421,2.2469,2.2277,2.2281,3705957.7,1763344799999,8289085.76566,52452
XRPUSDT,1763344800000,2.2281,2.2466,2.2236,2.2398,4364490.2,1763348399999,9764037.87251,46509
XRPUSDT,1763348400000,2.2399,2.264,2.2394,2.2574,5461194.0,1763351999999,12307450.23962,44966
XRPUSDT,1763352000000,2.2574,2.2677,2.2493,2.2519,4817411.5,1763355599999,10873006.83419,38334
XRPUSDT,1763355600000,2.2518,2.2557,2.2399,2.2537,4149779.1,1763359199999,9331340.80672,33123
XRPUSDT,1763359200000,2.2537,2.2645,2.249,2.2615,3611461.9,1763362799999,8150474.65563,30241
XRPUSDT,1763362800000,2.2615,2.2695,2.26,2.2642,2667728.2,1763366399999,6041923.06608,35060
XRPUSDT,1763366400000,2.2643,2.2745,2.2625,2.2664,3784918.0,1763369999999,8586352.19787,35808
XRPUSDT,1763370000000,2.2663,2.2847,2.259,2.2739,4482622.3,1763373599999,10190800.23742,33712
XRPUSDT,1763373600000,2.2738,2.2785,2.2663,2.273,3834220.6,1763377199999,8715525.69336,24145
XRPUSDT,1763377200000,2.2731,2.2785,2.2668,2.2718,3709430.1,1763380799999,8430991.14121,26836
XRPUSDT,1763380800000,2.2719,2.2725,2.2558,2.2609,4945787.2,1763384399999,11194377.41571,31443
XRPUSDT,1763384400000,2.2609,2.2663,2.1954,2.2112,14294454.0,1763387999999,31788445.02935,112282
XRPUSDT,1763388000000,2.2112,2.3077,2.1944,2.2551,30076224.2,1763391599999,67842900.28447,293626
XRPUSDT,1763391600000,2.2551,2.2685,2.2047,2.2094,14719509.5,1763395199999,32816271.74378,208857
XRPUSDT,1763395200000,2.2094,2.2221,2.1701,2.2198,16700105.5,1763398799999,36633602.41863,197480
XRPUSDT,1763398800000,2.2198,2.2221,2.1591,2.1649,12201603.7,1763402399999,26623088.50848,144132
XRPUSDT,1763402400000,2.1649,2.1738,2.1389,2.1489,20442968.5,1763405999999,44041096.53243,198904
XRPUSDT,1763406000000,2.1488,2.1552,2.1205,2.127,16200278.6,1763409599999,34606469.75787,174594
XRPUSDT,1763409600000,2.1269,2.1538,2.1146,2.1491,11794847.9,1763413199999,25159747.2289,163672
XRPUSDT,1763413200000,2.1492,2.1589,2.1346,2.1535,8971961.3,1763416799999,19268642.26749,84900
XRPUSDT,1763416800000,2.1535,2.1731,2.1446,2.1645,7195576.8,1763420399999,15547310.81262,65584
XRPUSDT,1763420400000,2.1646,2.1731,2.1494,2.1637,4029199.4,1763423999999,8702322.3229,57761
XRPUSDT,1763424000000,2.1637,2.1689,2.1207,2.1522,6313159.5,1763427599999,13548938.6438,94360
XRPUSDT,1763427600000,2.1522,2.1649,2.1408,2.1435,6665658.9,1763431199999,14358292.25935,87922
XRPUSDT,1763431200000,2.1434,2.1679,2.1138,2.1263,10540573.2,1763434799999,22550332.74477,128039
XRPUSDT,1763434800000,2.1262,2.1766,2.1064,2.1645,18409430.0,1763438399999,39315710.20462,186102
XRPUSDT,1763438400000,2.1645,2.1709,2.1345,2.1667,10249150.6,1763441999999,22062416.2749,132207
XRPUSDT,1763442000000,2.1667,2.1783,2.1493,2.1575,6035594.5,1763445599999,13059577.61775,77686
XRPUSDT,1763445600000,2.1576,2.167,2.1356,2.1416,5107963.4,1763449199999,10980934.97912,67950
XRPUSDT,1763449200000,2.1417,2.1676,2.1252,2.1614,7253004.8,1763452799999,15562761.25664,83275
XRPUSDT,1763452800000,2.1613,2.1986,2.1613,2.1881,8616462.9,1763456399999,18802840.69795,92672
XRPUSDT,1763456400000,2.1881,2.1924,2.1669,2.1823,5842564.6,1763459999999,12737245.29136,60119
XRPUSDT,1763460000000,2.1822,2.1942,2.1815,2.1936,5096078.5,1763463599999,11146988.87978,44024
XRPUSDT,1763463600000,2.1936,2.2031,2.1761,2.1836,10324477.7,1763467199999,22610059.89148,54279
XRPUSDT,1763467200000,2.1836,2.1953,2.1706,2.1875,5899414.7,1763470799999,12872967.30609,52918
XRPUSDT,1763470800000,2.1875,2.1875,2.1505,2.1697,8014695.0,1763474399999,17383984.0828,73107
XRPUSDT,1763474400000,2.1696,2.2017,2.1624,2.1715,13535984.2,1763477999999,29506893.71413,151149
XRPUSDT,1763478000000,2.1714,2.2294,2.1566,2.2136,18959898.0,1763481599999,41730410.07295,203494
XRPUSDT,1763481600000,2.2137,2.2391,2.2014,2.2254,12917531.7,1763485199999,28733142.40814,119660
XRPUSDT,1763485200000,2.2254,2.2292,2.2093,2.2195,4635084.4,1763488799999,10294868.3669,54393
XRPUSDT,1763488800000,2.2196,2.2369,2.2178,2.2298,3545773.0,1763492399999,7902355.05522,46978
XRPUSDT,1763492400000,2.2299,2.2399,2.2226,2.2282,2995043.0,1763495999999,6686205.85341,34339
XRPUSDT,1763496000000,2.2282,2.2413,2.222,2.2262,6198017.8,1763499599999,13835370.86882,42742
XRPUSDT,1763499600000,2.2263,2.2287,2.2029,2.205,4100416.5,1763503199999,9088099.75198,34480
XRPUSDT,1763503200000,2.205,2.2343,2.2049,2.2265,4169263.9,1763506799999,9270681.86251,30552
XRPUSDT,1763506800000,2.2265,2.2277,2.2104,2.2172,2601479.9,1763510399999,5765982.51635,26361
XRPUSDT,1763510400000,2.2171,2.2176,2.1927,2.2068,4494920.2,1763513999999,9903557.13194,58094
XRPUSDT,1763514000000,2.2068,2.2177,2.197,2.2073,2660454.7,1763517599999,5867250.40448,37023
XRPUSDT,1763517600000,2.2073,2.2196,2.201,2.2099,3961073.2,1763521199999,8761732.94022,37137
XRPUSDT,1763521200000,2.21,2.2115,2.1811,2.1846,6046892.0,1763524799999,13271693.66635,43841
XRPUSDT,1763524800000,2.1846,2.1881,2.1676,2.168,4745636.0,1763528399999,10330745.61186,47513
XRPUSDT,1763528400000,2.1679,2.1719,2.127,2.1398,11672182.5,1763531999999,25010797.31197,80540
XRPUSDT,1763532000000,2.1398,2.1523,2.1327,2.1508,7410984.6,1763535599999,15881976.57586,65189
XRPUSDT,1763535600000,2.1509,2.1713,2.1469,2.1683,6183602.9,1763539199999,13350294.1459,53289
XRPUSDT,1763539200000,2.1682,2.1705,2.1493,2.1538,5119072.6,1763542799999,11054647.88358,38858
XRPUSDT,1763542800000,2.1537,2.1538,2.1298,2.1415,9226063.3,1763546399999,19737064.75204,51604
XRPUSDT,1763546400000,2.1414,2.1505,2.132,2.1334,4520199.2,1763549999999,9681099.50024,40214
XRPUSDT,1763550000000,2.1333,2.1451,2.13,2.1315,3557344.1,1763553599999,7611991.59704,31360
XRPUSDT,1763553600000,2.1314,2.1435,2.1247,2.1415,5803582.9,1763557199999,12378867.90473,43535
XRPUSDT,1763557200000,2.1415,2.1419,2.118,2.1229,5385938.2,1763560799999,11463675.05372,42700
XRPUSDT,1763560800000,2.123,2.127,2.0978,2.1237,13827698.5,1763564399999,29189012.07867,128610
XRPUSDT,1763564400000,2.1237,2.1494,2.0795,2.0859,17219090.5,1763567999999,36317246.16995,152492
XRPUSDT,1763568000000,2.0858,2.1019,2.0723,2.0799,16804970.2,1763571599999,35057793.05709,144249
XRPUSDT,1763571600000,2.0798,2.089,2.0422,2.0571,18577134.0,1763575199999,38300277.92449,155107
XRPUSDT,1763575200000,2.057,2.0693,2.0341,2.0477,14652007.0,1763578799999,29979409.84447,126984
XRPUSDT,1763578800000,2.0477,2.0498,2.0293,2.0369,16426463.8,1763582399999,33486733.14965,117208
XRPUSDT,1763582400000,2.0369,2.0561,2.0244,2.0504,24353722.3,1763585999999,49622198.95128,136490
XRPUSDT,1763586000000,2.0504,2.0966,2.0417,2.0923,21681143.3,1763589599999,44900795.02068,183165
XRPUSDT,1763589600000,2.0923,2.0973,2.0705,2.0931,5759844.8,1763593199999,12008678.30794,64739
XRPUSDT,1763593200000,2.0932,2.1164,2.0915,2.1098,7570594.9,1763596799999,15956906.19661,70559
XRPUSDT,1763596800000,2.1097,2.1257,2.0963,2.1112,5889219.0,1763600399999,12438242.32129,49620
XRPUSDT,1763600400000,2.1112,2.1339,2.1085,2.127,7534934.7,1763603999999,16013644.06657,46361
XRPUSDT,1763604000000,2.1271,2.1387,2.1229,2.1309,5920764.1,1763607599999,12611286.65007,46916
XRPUSDT,1763607600000,2.1309,2.1397,2.1293,2.1339,5299544.4,1763611199999,11311425.28452,42120
XRPUSDT,1763611200000,2.134,2.1465,2.1187,2.1458,6482985.1,1763614799999,13810069.81687,41309
XRPUSDT,1763614800000,2.1458,2.1498,2.1359,2.1423,4707887.9,1763618399999,10083679.68934,36602
XRPUSDT,1763618400000,2.1424,2.148,2.1191,2.1299,5097779.3,1763621999999,10865729.82031,39902
XRPUSDT,1763622000000,2.1299,2.1421,2.1239,2.1399,6166258.3,1763625599999,13151074.28888,37182
XRPUSDT,1763625600000,2.14,2.1414,2.1262,2.1298,3502984.8,1763629199999,7474257.96276,26104
XRPUSDT,1763629200000,2.1299,2.1301,2.1109,2.1192,6904551.0,1763632799999,14633344.62656,40885
XRPUSDT,1763632800000,2.1193,2.1268,2.1126,2.121,5051560.7,1763636399999,10710945.58004,33113
XRPUSDT,1763636400000,2.121,2.1217,2.1078,2.1158,6576370.0,1763639999999,13906555.01134,35179
XRPUSDT,1763640000000,2.1158,2.1313,2.1101,2.1267,4684178.3,1763643599999,9931138.50308,46205
XRPUSDT,1763643600000,2.1266,2.1439,2.1143,2.1217,13134592.2,1763647199999,27925441.95011,91199
XRPUSDT,1763647200000,2.1218,2.1385,2.093,2.1232,18096423.3,1763650799999,38320664.43174,166740
XRPUSDT,1763650800000,2.1233,2.125,2.0823,2.0855,12671374.0,1763654399999,26604361.85242,112002
XRPUSDT,1763654400000,2.0854,2.0875,2.0,2.0094,49988732.4,1763657999999,101437714.81616,333335
XRPUSDT,1763658000000,2.0093,2.0159,1.9808,2.0042,26797716.9,1763661599999,53564552.50045,235894
XRPUSDT,1763661600000,2.0042,2.0143,1.9839,1.9882,25159811.0,1763665199999,50285310.29255,163746
XRPUSDT,1763665200000,1.9882,2.0104,1.9743,2.0074,26371175.7,1763668799999,52492329.96733,150295
XRPUSDT,1763668800000,2.0073,2.0209,1.9869,2.0036,24415479.8,1763672399999,48975394.25519,107309
XRPUSDT,1763672400000,2.0035,2.0348,2.0029,2.0208,9007898.0,1763675999999,18208498.24007,70912
XRPUSDT,1763676000000,2.0208,2.053,2.0197,2.0423,6641680.6,1763679599999,13550712.54289,59445
XRPUSDT,1763679600000,2.0423,2.045,1.9967,1.9999,9128366.4,1763683199999,18407333.25963,93452
XRPUSDT,1763683200000,1.9998,2.0226,1.9989,2.0163,5264115.3,1763686799999,10597752.54124,68051
XRPUSDT,1763686800000,2.0163,2.0308,2.0056,2.0166,5018727.2,1763690399999,10132278.68182,66112
XRPUSDT,1763690400000,2.0165,2.017,1.9581,1.9636,13476677.9,1763693999999,26792728.89627,123153
XRPUSDT,1763694000000,1.9635,2.0011,1.9634,1.9798,11768962.2,1763697599999,23368740.07944,124476
XRPUSDT,1763697600000,1.9797,1.9905,1.9569,1.9852,13091353.6,1763701199999,25856005.6612,117060
XRPUSDT,1763701200000,1.9852,1.996,1.975,1.9806,6205927.1,1763704799999,12319840.43492,66268
XRPUSDT,1763704800000,1.9806,1.985,1.9534,1.9682,7997371.0,1763708399999,15740575.37602,62818
XRPUSDT,1763708400000,1.9682,1.9758,1.8467,1.9191,36151294.6,1763711999999,69368543.61845,241428
XRPUSDT,1763712000000,1.9192,1.9567,1.9141,1.9324,14202295.5,1763715599999,27564930.3082,147812
XRPUSDT,1763715600000,1.9325,1.9693,1.8997,1.903,25824291.1,1763719199999,49700954.87794,152740
XRPUSDT,1763719200000,1.9029,1.9131,1.887,1.8977,15436490.4,1763722799999,29320881.24489,172618
XRPUSDT,1763722800000,1.8977,1.9162,1.8741,1.8758,13641632.0,1763726399999,25834018.44315,122435
XRPUSDT,1763726400000,1.8758,1.9233,1.8209,1.9089,43973733.6,1763729999999,82178417.82353,384750
XRPUSDT,1763730000000,1.9089,1.9429,1.9024,1.9306,19960748.0,1763733599999,38456463.14473,164178
XRPUSDT,1763733600000,1.9306,1.9657,1.916,1.9511,20017265.1,1763737199999,38888649.04861,197509
XRPUSDT,1763737200000,1.9511,1.957,1.9039,1.9111,15266130.4,1763740799999,29422525.35239,181069
XRPUSDT,1763740800000,1.9111,1.9582,1.8859,1.9566,15982007.9,1763744399999,30576359.1162,186903
XRPUSDT,1763744400000,1.9566,1.9984,1.9501,1.9764,11937075.9,1763747999999,23627098.51589,138321
XRPUSDT,1763748000000,1.9764,1.987,1.9306,1.9651,14765217.0,1763751599999,28872805.03224,150328
XRPUSDT,1763751600000,1.965,1.9728,1.9412,1.9484,6253488.0,1763755199999,12246108.77799,76907
XRPUSDT,1763755200000,1.9484,1.9539,1.9216,1.9436,11911189.7,1763758799999,23093416.96477,146439
XRPUSDT,1763758800000,1.9435,1.9657,1.9234,1.9544,9029082.8,1763762399999,17556606.18127,113695
XRPUSDT,1763762400000,1.9543,1.9625,1.9079,1.909,5895701.4,1763765999999,11418739.28089,82487
XRPUSDT,1763766000000,1.909,1.9541,1.9,1.9509,5981413.9,1763769599999,11547554.66123,86813
XRPUSDT,1763769600000,1.9509,1.9575,1.9313,1.9437,5019020.5,1763773199999,9773375.33815,70548
XRPUSDT,1763773200000,1.9437,1.9611,1.9384,1.9611,3675031.6,1763776799999,7173679.7539,53976
XRPUSDT,1763776800000,1.9611,1.9637,1.9377,1.9506,3631923.1,1763780399999,7079597.1505,44653
XRPUSDT,1763780400000,1.9506,1.9592,1.9434,1.9488,3381969.7,1763783999999,6599490.57787,47245
XRPUSDT,1763784000000,1.9489,1.9509,1.915,1.9364,4176811.1,1763787599999,8058351.55384,64866
XRPUSDT,1763787600000,1.9365,1.9405,1.9136,1.9311,4191941.6,1763791199999,8072764.39535,51134
XRPUSDT,1763791200000,1.9312,1.9569,1.9218,1.9545,4205468.5,1763794799999,8171022.98725,51241
XRPUSDT,1763794800000,1.9545,1.9577,1.9434,1.9531,2630952.1,1763798399999,5133499.97884,38563
XRPUSDT,1763798400000,1.9532,1.9532,1.9076,1.9151,7234423.4,1763801999999,13885965.36757,64507
XRPUSDT,1763802000000,1.9151,1.9267,1.9028,1.9136,5405110.4,1763805599999,10351803.47134,55056
XRPUSDT,1763805600000,1.9135,1.9219,1.8987,1.9022,5102262.7,1763809199999,9718160.48384,46921
XRPUSDT,1763809200000,1.9022,1.9261,1.8947,1.9172,4424827.7,1763812799999,8471607.86724,51619
XRPUSDT,1763812800000,1.9173,1.9178,1.8941,1.9039,3799083.1,1763816399999,7237267.5335,41832
XRPUSDT,1763816400000,1.9039,1.9118,1.889,1.8973,3588696.2,1763819999999,6810165.36399,49505
XRPUSDT,1763820000000,1.8972,1.9302,1.8959,1.9284,5253542.7,1763823599999,10077276.33907,65249
XRPUSDT,1763823600000,1.9284,1.9393,1.9211,1.9291,4021241.3,1763827199999,7759826.40674,47421
XRPUSDT,1763827200000,1.9291,1.9517,1.9274,1.9444,5899071.0,1763830799999,11471847.80886,44330
XRPUSDT,1763830800000,1.9443,1.9452,1.9272,1.9302,3524614.0,1763834399999,6824170.52926,31596
XRPUSDT,1763834400000,1.9303,1.9333,1.9217,1.9318,2126173.3,1763837999999,4097789.92521,24622
XRPUSDT,1763838000000,1.9319,1.9398,1.9254,1.9278,1281362.1,1763841599999,2475507.57661,19499
XRPUSDT,1763841600000,1.9277,1.9368,1.9203,1.9279,1698372.3,1763845199999,3275525.1634,25563
XRPUSDT,1763845200000,1.9279,1.9373,1.9249,1.9365,1506801.9,1763848799999,2909044.77404,23711
XRPUSDT,1763848800000,1.9364,1.9671,1.9293,1.9582,4113459.5,1763852399999,8017170.78786,42597
XRPUSDT,1763852400000,1.9582,1.9614,1.9452,1.9509,2615495.8,1763855999999,5109364.91805,38180
XRPUSDT,1763856000000,1.9508,1.9631,1.9497,1.96,2918908.1,1763859599999,5709856.92195,38257
XRPUSDT,1763859600000,1.96,2.0055,1.9574,1.9999,8997711.8,1763863199999,17878265.74489,81415
XRPUSDT,1763863200000,2.0,2.0505,1.9962,2.0319,14587199.0,1763866799999,29570363.39703,119710
XRPUSDT,1763866800000,2.0319,2.0464,2.0226,2.0307,5237983.4,1763870399999,10644101.83486,71490
XRPUSDT,1763870400000,2.0307,2.076,2.0302,2.0654,12095700.8,1763873999999,24925233.3822,105738
XRPUSDT,1763874000000,2.0654,2.0655,2.039,2.0565,7654608.2,1763877599999,15704787.56885,59228
XRPUSDT,1763877600000,2.0566,2.0592,2.0361,2.0367,4320395.9,1763881199999,8833977.35375,38993
XRPUSDT,1763881200000,2.0367,2.0403,2.0165,2.0262,7090973.3,1763884799999,14373877.9262,54513
XRPUSDT,1763884800000,2.0263,2.0397,2.0263,2.0378,2921457.7,1763888399999,5940901.68059,42152
XRPUSDT,1763888400000,2.0378,2.0523,2.036,2.0464,3590067.4,1763891999999,7343927.52841,38918
XRPUSDT,1763892000000,2.0464,2.0484,2.0319,2.0348,3038935.1,1763895599999,6194500.274,35110
XRPUSDT,1763895600000,2.0349,2.035,2.0225,2.0312,2679974.0,1763899199999,5438572.64833,40698
XRPUSDT,1763899200000,2.0312,2.0499,2.0297,2.0424,4892120.7,1763902799999,9994765.22546,46094
XRPUSDT,1763902800000,2.0425,2.0502,2.033,2.0492,3460780.1,1763906399999,7066741.32487,37982
XRPUSDT,1763906400000,2.0491,2.063,2.0375,2.0399,7546422.5,1763909999999,15482322.78741,67414
XRPUSDT,1763910000000,2.0399,2.0663,2.0361,2.0625,8528560.4,1763913599999,17546307.10735,61738
XRPUSDT,1763913600000,2.0624,2.0803,2.0517,2.0539,6273204.4,1763917199999,12983254.25935,64597
XRPUSDT,1763917200000,2.054,2.0572,2.0404,2.0463,3989440.4,1763920799999,8174152.13279,52962
XRPUSDT,1763920800000,2.0462,2.0745,2.0454,2.0622,4829057.5,1763924399999,9959920.90756,46648
XRPUSDT,1763924400000,2.0622,2.08,2.0579,2.0749,3793159.0,1763927999999,7862062.78797,46766
XRPUSDT,1763928000000,2.0749,2.0846,2.0661,2.0686,4176764.4,1763931599999,8666434.28825,45869
XRPUSDT,1763931600000,2.0687,2.0819,2.0549,2.0791,2876019.1,1763935199999,5949275.61623,34521
XRPUSDT,1763935200000,2.0791,2.0831,2.0597,2.0748,3930636.1,1763938799999,8140606.02126,42406
XRPUSDT,1763938800000,2.0748,2.0775,2.0425,2.0491,6594520.7,1763942399999,13535331.98697,69990
XRPUSDT,1763942400000,2.0491,2.0675,2.0238,2.0475,8406499.4,1763945999999,17183170.42115,89430
XRPUSDT,1763946000000,2.0474,2.0645,2.031,2.0579,4575666.4,1763949599999,9346185.50445,62921
XRPUSDT,1763949600000,2.058,2.1077,2.0566,2.0918,9767133.5,1763953199999,20398485.38069,135464
XRPUSDT,1763953200000,2.0917,2.0986,2.0766,2.0865,3705919.2,1763956799999,7728917.69972,41633
XRPUSDT,1763956800000,2.0865,2.0878,2.0455,2.0581,4275924.6,1763960399999,8806914.18274,58356
XRPUSDT,1763960400000,2.058,2.1032,2.056,2.0905,7912579.4,1763963999999,16545383.71732,76307
XRPUSDT,1763964000000,2.0906,2.0927,2.0639,2.0718,3640803.1,1763967599999,7546492.72489,49421
XRPUSDT,1763967600000,2.0718,2.0761,2.059,2.0635,3050680.5,1763971199999,6303207.23783,40143
XRPUSDT,1763971200000,2.0635,2.0775,2.0546,2.0739,3613461.4,1763974799999,7458690.2174,43637
XRPUSDT,1763974800000,2.0739,2.0786,2.0387,2.0438,8733153.1,1763978399999,17898552.04626,62264
XRPUSDT,1763978400000,2.0438,2.0654,2.043,2.0602,3781298.3,1763981999999,7770183.30814,44786
XRPUSDT,1763982000000,2.0603,2.0642,2.051,2.0587,1945197.1,1763985599999,4003104.83709,33678
XRPUSDT,1763985600000,2.0587,2.0695,2.0484,2.0651,3837527.1,1763989199999,7903037.21332,45309
XRPUSDT,1763989200000,2.065,2.102,2.0627,2.0842,11700934.9,1763992799999,24437605.22302,83096
XRPUSDT,1763992800000,2.0842,2.1027,2.0498,2.0749,12647790.1,1763996399999,26276145.0829,120884
XRPUSDT,1763996400000,2.075,2.0973,2.0678,2.0908,8007012.4,1763999999999,16677876.71824,89182
XRPUSDT,1764000000000,2.0907,2.1213,2.0872,2.1181,10591534.3,1764003599999,22302172.30164,97275
XRPUSDT,1764003600000,2.1182,2.2105,2.1182,2.2063,24678042.7,1764007199999,53523166.18862,196390
XRPUSDT,1764007200000,2.2063,2.2295,2.1854,2.2184,17938670.9,1764010799999,39622011.36734,162505
XRPUSDT,1764010800000,2.2185,2.2389,2.214,2.235,10778951.0,1764014399999,23996966.42884,106546
XRPUSDT,1764014400000,2.235,2.2868,2.2314,2.2443,20309464.0,1764017999999,45922553.94274,174826
XRPUSDT,1764018000000,2.2442,2.258,2.2325,2.2416,11381419.2,1764021599999,25513608.38125,117920
XRPUSDT,1764021600000,2.2415,2.2584,2.234,2.2406,6520012.6,1764025199999,14663907.7289,60948
XRPUSDT,1764025200000,2.2405,2.2482,2.2213,2.2276,7707844.9,1764028799999,17207905.22529,56637
XRPUSDT,1764028800000,2.2276,2.2652,2.2257,2.2601,8795119.8,1764032399999,19733704.93298,93466
XRPUSDT,1764032400000,2.2601,2.2629,2.2455,2.2484,5399154.3,1764035999999,12171482.38139,60700
XRPUSDT,1764036000000,2.2485,2.255,2.2326,2.2515,4868684.5,1764039599999,10923549.52681,53325
XRPUSDT,1764039600000,2.2515,2.26,2.2359,2.2435,4353695.2,1764043199999,9786181.58246,43483
XRPUSDT,1764043200000,2.2434,2.2508,2.2348,2.2474,4307095.2,1764046799999,9658349.59603,41097
XRPUSDT,1764046800000,2.2474,2.2587,2.2402,2.2515,3826094.1,1764050399999,8609130.54081,37628
XRPUSDT,1764050400000,2.2515,2.2535,2.2328,2.2377,3427602.7,1764053999999,7683167.92467,39174
XRPUSDT,1764054000000,2.2376,2.2432,2.216,2.2164,4389125.0,1764057599999,9782807.15788,53907
XRPUSDT,1764057600000,2.2165,2.2209,2.187,2.1898,13664190.8,1764061199999,30099768.70326,89085
XRPUSDT,1764061200000,2.1898,2.2071,2.1855,2.1997,7985755.6,1764064799999,17518638.52952,63623
XRPUSDT,1764064800000,2.1996,2.2102,2.1901,2.2087,5911820.6,1764068399999,13008098.11791,53737
XRPUSDT,1764068400000,2.2086,2.2103,2.1931,2.196,3684127.7,1764071999999,8109101.99688,33317
XRPUSDT,1764072000000,2.1961,2.2197,2.1948,2.2189,6062126.0,1764075599999,13392795.7459,52048
XRPUSDT,1764075600000,2.2188,2.2357,2.2066,2.2135,7899409.2,1764079199999,17542424.88146,85792
XRPUSDT,1764079200000,2.2135,2.2176,2.17,2.1787,12287977.0,1764082799999,26918307.80362,118214
XRPUSDT,1764082800000,2.1788,2.1969,2.1589,2.1884,11453049.1,1764086399999,24934313.73107,102586
XRPUSDT,1764086400000,2.1883,2.2099,2.1778,2.1932,6210062.1,1764089999999,13639043.0814,60755
XRPUSDT,1764090000000,2.1931,2.2084,2.1805,2.1898,6007665.5,1764093599999,13188291.52259,62362
XRPUSDT,1764093600000,2.1898,2.204,2.18,2.1829,3735250.4,1764097199999,8195277.75708,37804
XRPUSDT,1764097200000,2.183,2.1863,2.1482,2.1722,7598058.1,1764100799999,16421783.33565,69337
XRPUSDT,1764100800000,2.1723,2.215,2.1655,2.1967,9554544.7,1764104399999,20980923.67602,69894
XRPUSDT,1764104400000,2.1968,2.2096,2.186,2.1867,4486126.6,1764107999999,9862606.43865,46424
XRPUSDT,1764108000000,2.1867,2.2105,2.1699,2.2087,5141838.5,1764111599999,11271670.32836,46896
XRPUSDT,1764111600000,2.2087,2.2175,2.1976,2.2024,3868358.6,1764115199999,8538547.08828,42381
XRPUSDT,1764115200000,2.2023,2.2092,2.1917,2.1944,3101198.4,1764118799999,6823051.88009,38229
XRPUSDT,1764118800000,2.1943,2.2139,2.188,2.2034,2869852.4,1764122399999,6315923.21658,37810
XRPUSDT,1764122400000,2.2035,2.2087,2.1908,2.1914,2328170.1,1764125999999,5116307.61723,26795
XRPUSDT,1764126000000,2.1914,2.1952,2.1735,2.1768,3592466.0,1764129599999,7846634.48669,34797
XRPUSDT,1764129600000,2.1768,2.1798,2.1711,2.1767,2859714.1,1764133199999,6219405.08576,28158
XRPUSDT,1764133200000,2.1767,2.1998,2.1761,2.1927,2406796.9,1764136799999,5270405.14409,27279
XRPUSDT,1764136800000,2.1927,2.2043,2.1853,2.1993,1767076.4,1764140399999,3876676.2519,24067
XRPUSDT,1764140400000,2.1993,2.2066,2.1954,2.2054,2497418.3,1764143999999,5495468.63912,27073
XRPUSDT,1764144000000,2.2055,2.207,2.1886,2.189,2212952.0,1764147599999,4859205.66015,26972
XRPUSDT,1764147600000,2.189,2.1909,2.1731,2.1786,4748265.7,1764151199999,10350363.5676,36033
XRPUSDT,1764151200000,2.1786,2.1856,2.1693,2.1742,3799039.8,1764154799999,8272416.25634,32728
XRPUSDT,1764154800000,2.1743,2.1757,2.1691,2.1714,2769122.5,1764158399999,6014083.58954,32475
XRPUSDT,1764158400000,2.1714,2.1764,2.146,2.1516,5979033.8,1764161999999,12893381.91954,60408
XRPUSDT,1764162000000,2.1515,2.1676,2.1447,2.1653,6428723.2,1764165599999,13871069.26997,49632
XRPUSDT,1764165600000,2.1652,2.1805,2.1484,2.1529,5808205.0,1764169199999,12583936.87076,70528
XRPUSDT,1764169200000,2.1529,2.1771,2.1507,2.172,10446823.0,1764172799999,22609910.0132,77529
XRPUSDT,1764172800000,2.1721,2.2006,2.1712,2.1905,9028074.0,1764176399999,19762331.98105,59484
XRPUSDT,1764176400000,2.1906,2.2403,2.1901,2.2343,10905964.9,1764179999999,24211237.8081,84965
XRPUSDT,1764180000000,2.2343,2.2547,2.2243,2.2423,9110456.7,1764183599999,20413949.58642,84575
XRPUSDT,1764183600000,2.2423,2.243,2.2249,2.2324,5010139.2,1764187199999,11196339.01209,51310
XRPUSDT,1764187200000,2.2323,2.233,2.212,2.2266,4904690.2,1764190799999,10894044.33741,48847
XRPUSDT,1764190800000,2.2266,2.2358,2.2176,2.2255,3179663.9,1764194399999,7084452.81171,39539
XRPUSDT,1764194400000,2.2255,2.2342,2.2202,2.2244,2606588.5,1764197999999,5800700.91545,27856
XRPUSDT,1764198000000,2.2243,2.2319,2.2198,2.2233,1876767.3,1764201599999,4176476.55099,33083
XRPUSDT,1764201600000,2.2232,2.2334,2.2132,2.2212,2810018.4,1764205199999,6243045.83843,37172
XRPUSDT,1764205200000,2.2212,2.2301,2.2164,2.2272,2870530.9,1764208799999,6380374.87494,43594
XRPUSDT,1764208800000,2.2271,2.2347,2.219,2.2197,5290518.1,1764212399999,11778795.07666,43906
XRPUSDT,1764212400000,2.2198,2.2243,2.207,2.2102,4336058.4,1764215999999,9598046.69921,30756
XRPUSDT,1764216000000,2.2101,2.2213,2.2092,2.2134,2713013.7,1764219599999,6010348.13812,20583
XRPUSDT,1764219600000,2.2134,2.2192,2.1952,2.2003,5386975.6,1764223199999,11891381.70124,28696
XRPUSDT,1764223200000,2.2004,2.2157,2.2003,2.2096,3227988.4,1764226799999,7127652.38588,19670
XRPUSDT,1764226800000,2.2096,2.2142,2.2027,2.2047,2664439.3,1764230399999,5881785.21311,16777
XRPUSDT,1764230400000,2.2047,2.2052,2.1892,2.1997,3111130.5,1764233999999,6832506.38285,23240
XRPUSDT,1764234000000,2.1997,2.2095,2.1967,2.198,3187118.0,1764237599999,7017893.0089,21732
XRPUSDT,1764237600000,2.1981,2.1984,2.1845,2.1892,4066948.0,1764241199999,8907895.42335,24706
XRPUSDT,1764241200000,2.1892,2.1933,2.1855,2.1896,3107246.5,1764244799999,6803064.36133,13950
XRPUSDT,1764244800000,2.1895,2.1918,2.1732,2.1751,4708265.9,1764248399999,10272453.34639,22373
XRPUSDT,1764248400000,2.175,2.1838,2.1727,2.1807,3713260.5,1764251999999,8091663.56667,34603
XRPUSDT,1764252000000,2.1808,2.1886,2.1768,2.1834,3720406.3,1764255599999,8121655.86555,26401
XRPUSDT,1764255600000,2.1833,2.2034,2.1803,2.2028,3995605.5,1764259199999,8765182.86364,36199
XRPUSDT,1764259200000,2.2028,2.2191,2.1984,2.2175,4558175.9,1764262799999,10079903.67471,47588
XRPUSDT,1764262800000,2.2174,2.2176,2.202,2.2079,2678788.5,1764266399999,5919510.97624,28978
XRPUSDT,1764266400000,2.2079,2.231,2.206,2.2293,3750984.0,1764269999999,8323727.46249,36736
XRPUSDT,1764270000000,2.2293,2.2309,2.2158,2.2239,2655916.4,1764273599999,5903327.33249,28692
XRPUSDT,1764273600000,2.2238,2.2337,2.223,2.2267,2630492.4,1764277199999,5865203.3241,29825
XRPUSDT,1764277200000,2.2266,2.2291,2.2128,2.2132,2280484.0,1764280799999,5065420.01282,23326
XRPUSDT,1764280800000,2.2132,2.2195,2.1979,2.2054,2749318.8,1764284399999,6074499.08572,29084
XRPUSDT,1764284400000,2.2053,2.2105,2.196,2.1999,2477536.6,1764287999999,5459994.07213,29078
XRPUSDT,1764288000000,2.2,2.2044,2.1912,2.1921,2984024.7,1764291599999,6555895.26975,29574
XRPUSDT,1764291600000,2.1922,2.1933,2.1664,2.1719,5820978.6,1764295199999,12693512.92226,37341
XRPUSDT,1764295200000,2.1719,2.1873,2.1674,2.1851,2880962.7,1764298799999,6266174.28369,34528
XRPUSDT,1764298800000,2.1852,2.189,2.1793,2.1856,2941665.4,1764302399999,6424905.43444,20537
XRPUSDT,1764302400000,2.1856,2.1939,2.1812,2.1905,2797960.3,1764305999999,6125109.38731,17193
XRPUSDT,1764306000000,2.1905,2.2222,2.1885,2.2142,3414862.9,1764309599999,7530145.09125,33032
XRPUSDT,1764309600000,2.2142,2.22,2.1959,2.2007,3881474.7,1764313199999,8564734.0784,31364
XRPUSDT,1764313200000,2.2007,2.2113,2.1953,2.1968,3373594.6,1764316799999,7431810.22409,20619
XRPUSDT,1764316800000,2.1969,2.2448,2.1968,2.2436,7911435.6,1764320399999,17603584.08719,68544
XRPUSDT,1764320400000,2.2436,2.2496,2.2254,2.2327,11737262.4,1764323999999,26254293.91486,59959
XRPUSDT,1764324000000,2.2327,2.2327,2.2192,2.2248,2679226.4,1764327599999,5961863.06596,25958
XRPUSDT,1764327600000,2.2249,2.2253,2.185,2.1972,6871924.4,1764331199999,15105687.27673,68183
XRPUSDT,1764331200000,2.1971,2.2029,2.1935,2.1961,3337510.3,1764334799999,7338577.64493,33345
XRPUSDT,1764334800000,2.1961,2.2303,2.1893,2.2221,5830692.2,1764338399999,12881494.19218,59836
XRPUSDT,1764338400000,2.2221,2.2327,2.2005,2.2149,9148654.3,1764341999999,20288971.08026,86928
XRPUSDT,1764342000000,2.2148,2.2752,2.2136,2.2453,19188542.9,1764345599999,43171008.33334,155939
XRPUSDT,1764345600000,2.2454,2.2517,2.19,2.191,11454134.3,1764349199999,25356459.43126,108396
XRPUSDT,1764349200000,2.1911,2.1959,2.1663,2.1755,10761265.2,1764352799999,23462542.19857,84471
XRPUSDT,1764352800000,2.1754,2.1796,2.1565,2.1721,6862610.9,1764356399999,14869889.47208,65334
XRPUSDT,1764356400000,2.1722,2.1965,2.1716,2.1882,4663249.2,1764359999999,10196114.40421,38585
XRPUSDT,1764360000000,2.1881,2.192,2.173,2.1885,3339505.9,1764363599999,7291804.14926,28079
XRPUSDT,1764363600000,2.1886,2.1918,2.1756,2.1829,4044683.4,1764367199999,8827166.43214,23387
XRPUSDT,1764367200000,2.1829,2.19,2.172,2.1872,3431765.0,1764370799999,7484528.52776,29158
XRPUSDT,1764370800000,2.1871,2.1907,2.1784,2.1795,1534882.6,1764374399999,3351318.16276,20210
XRPUSDT,1764374400000,2.1795,2.187,2.1736,2.1811,1588329.4,1764377999999,3461004.22202,21878
XRPUSDT,1764378000000,2.181,2.1872,2.175,2.178,1131237.4,1764381599999,2467299.55385,19158
XRPUSDT,1764381600000,2.178,2.1838,2.1726,2.1802,1190920.3,1764385199999,2593809.84868,18711
XRPUSDT,1764385200000,2.1802,2.1881,2.1786,2.1859,1537495.4,1764388799999,3356362.3461,15292
XRPUSDT,1764388800000,2.1859,2.1898,2.18,2.1887,1297631.0,1764392399999,2834544.37386,13529
XRPUSDT,1764392400000,2.1888,2.1897,2.1789,2.1814,985991.5,1764395999999,2155001.53342,12439
XRPUSDT,1764396000000,2.1814,2.1887,2.1666,2.1838,3327675.7,1764399599999,7239501.77369,28772
XRPUSDT,1764399600000,2.1837,2.1858,2.1738,2.1797,1957993.8,1764403199999,4267410.74815,18267
XRPUSDT,1764403200000,2.1796,2.1839,2.1741,2.1813,1324094.0,1764406799999,2885807.699,15800
XRPUSDT,1764406800000,2.1812,2.1848,2.1762,2.1841,1006333.4,1764410399999,2193842.42944,13923
XRPUSDT,1764410400000,2.1841,2.1879,2.1786,2.1862,1284344.1,1764413999999,2805398.96914,18760
XRPUSDT,1764414000000,2.1862,2.2147,2.1837,2.2112,4447868.0,1764417599999,9798477.82015,42842
XRPUSDT,1764417600000,2.2113,2.2231,2.2041,2.2136,4349604.8,1764421199999,9626062.4838,43488
XRPUSDT,1764421200000,2.2135,2.2149,2.1974,2.1998,5114259.6,1764424799999,11277487.00028,32078
XRPUSDT,1764424800000,2.1999,2.2115,2.1922,2.2032,3435695.6,1764428399999,7560266.63349,29244
XRPUSDT,1764428400000,2.2031,2.2212,2.202,2.2186,4360396.0,1764431999999,9659618.37571,40263
XRPUSDT,1764432000000,2.2187,2.2217,2.2057,2.2165,4065502.3,1764435599999,9001575.27459,31889
XRPUSDT,1764435600000,2.2165,2.219,2.1973,2.1983,3085506.3,1764439199999,6809862.82268,33222
XRPUSDT,1764439200000,2.1983,2.2045,2.1898,2.2007,3751032.0,1764442799999,8243081.84688,42006
XRPUSDT,1764442800000,2.2007,2.2127,2.1912,2.194,2250242.2,1764446399999,4955603.7668,24136
XRPUSDT,1764446400000,2.194,2.2099,2.1872,2.2091,1570723.7,1764449999999,3450691.54363,26306
XRPUSDT,1764450000000,2.209,2.2149,2.2038,2.2065,1927007.5,1764453599999,4256231.34113,21643
XRPUSDT,1764453600000,2.2065,2.2091,2.1983,2.2021,1152187.2,1764457199999,2537728.36013,17037
XRPUSDT,1764457200000,2.2021,2.206,2.1968,2.2009,884712.9,1764460799999,1947506.53732,15663
XRPUSDT,1764460800000,2.201,2.2052,2.1979,2.1999,1349651.7,1764464399999,2972045.5116,14652
XRPUSDT,1764464400000,2.2,2.2105,2.1985,2.2058,941102.9,1764467999999,2076100.20459,15913
XRPUSDT,1764468000000,2.2059,2.2126,2.1964,2.1984,1098265.1,1764471599999,2420574.93139,14477
XRPUSDT,1764471600000,2.1984,2.2109,2.1882,2.2064,2903835.5,1764475199999,6383051.28119,24953
XRPUSDT,1764475200000,2.2065,2.2093,2.1975,2.1994,1035775.9,1764478799999,2281676.34538,12434
XRPUSDT,1764478800000,2.1994,2.1994,2.1915,2.1954,1025200.1,1764482399999,2250206.66063,15148
XRPUSDT,1764482400000,2.1955,2.2,2.1914,2.1947,887723.6,1764485999999,1949292.75698,12601
XRPUSDT,1764486000000,2.1946,2.2015,2.1922,2.1994,669305.5,1764489599999,1470755.60609,11483
XRPUSDT,1764489600000,2.1993,2.2099,2.1906,2.1917,2031556.0,1764493199999,4463365.23863,25438
XRPUSDT,1764493200000,2.1917,2.1983,2.1892,2.1966,2477295.7,1764496799999,5433383.92494,22217
XRPUSDT,1764496800000,2.1966,2.197,2.1881,2.1899,1926811.9,1764500399999,4223184.39674,16094
XRPUSDT,1764500400000,2.1899,2.1928,2.1824,2.1881,2320556.0,1764503999999,5075312.39914,18627
XRPUSDT,1764504000000,2.1881,2.2021,2.1846,2.1971,1676466.0,1764507599999,3677244.49022,18273
XRPUSDT,1764507600000,2.1971,2.2079,2.1937,2.2054,3265771.2,1764511199999,7191613.91283,29753
XRPUSDT,1764511200000,2.2053,2.2058,2.1894,2.1941,2490090.1,1764514799999,5465896.48012,19573
XRPUSDT,1764514800000,2.1941,2.1976,2.186,2.1966,3037656.7,1764518399999,6654169.71418,21624
XRPUSDT,1764518400000,2.1966,2.215,2.1958,2.2099,2148500.8,1764521999999,4738120.21586,18857
XRPUSDT,1764522000000,2.2098,2.2104,2.1969,2.2016,1758717.6,1764525599999,3872200.67691,22437
XRPUSDT,1764525600000,2.2015,2.2067,2.1955,2.2035,937141.2,1764529199999,2062687.50407,16488
XRPUSDT,1764529200000,2.2034,2.2069,2.1968,2.1995,869044.0,1764532799999,1912947.71993,11953
XRPUSDT,1764532800000,2.1995,2.2035,2.1887,2.1964,1563801.9,1764536399999,3431616.56652,15306
XRPUSDT,1764536400000,2.1963,2.1963,2.1786,2.1869,3230113.6,1764539999999,7059537.91951,25016
XRPUSDT,1764540000000,2.1869,2.1969,2.186,2.1924,1580587.6,1764543599999,3462856.40844,19658
XRPUSDT,1764543600000,2.1924,2.1935,2.1524,2.155,11257918.3,1764547199999,24449741.70724,61267
XRPUSDT,1764547200000,2.1549,2.1609,2.0575,2.0576,30341752.3,1764550799999,63751126.58004,299269
XRPUSDT,1764550800000,2.0576,2.0929,2.057,2.0784,6694311.5,1764554399999,13923274.72086,103227
XRPUSDT,1764554400000,2.0783,2.0879,2.0564,2.0637,6240910.2,1764557999999,12920791.43392,61295
XRPUSDT,1764558000000,2.0637,2.0653,2.0417,2.0499,7916455.9,1764561599999,16249031.1737,65345
XRPUSDT,1764561600000,2.0499,2.0537,2.0285,2.0298,7401670.8,1764565199999,15084104.91283,72406
XRPUSDT,1764565200000,2.0298,2.0369,2.0168,2.0282,5909371.1,1764568799999,11973411.78957,54866
XRPUSDT,1764568800000,2.0282,2.0496,2.0278,2.0474,7704702.2,1764572399999,15713116.00952,43578
XRPUSDT,1764572400000,2.0474,2.0589,2.033,2.0568,5814204.9,1764575999999,11904411.52295,44200
XRPUSDT,1764576000000,2.0567,2.0595,2.0478,2.0571,4722809.6,1764579599999,9703489.85725,35406
XRPUSDT,1764579600000,2.057,2.0606,2.0433,2.0462,3224363.8,1764583199999,6611411.06575,37756
XRPUSDT,1764583200000,2.0462,2.0485,2.0376,2.0422,2564616.5,1764586799999,5236995.76877,25321
XRPUSDT,1764586800000,2.0422,2.0464,2.0316,2.034,3092431.4,1764590399999,6307221.60053,31950
XRPUSDT,1764590400000,2.034,2.0362,2.0021,2.0279,8764651.1,1764593999999,17721915.40951,79918
XRPUSDT,1764594000000,2.0279,2.0369,2.0093,2.0202,5058272.3,1764597599999,10222537.30129,70710
XRPUSDT,1764597600000,2.0203,2.0492,2.0142,2.0314,7011991.1,1764601199999,14244540.02908,94745
XRPUSDT,1764601200000,2.0315,2.0355,1.9835,2.0073,12586404.2,1764604799999,25208310.48169,148050
XRPUSDT,1764604800000,2.0073,2.0098,1.9866,1.9911,6529727.7,1764608399999,13029974.8126,94208
XRPUSDT,1764608400000,1.9911,2.0045,1.988,1.9951,4489663.8,1764611999999,8962902.18135,60814
XRPUSDT,1764612000000,1.9951,2.0127,1.994,2.0046,3131217.7,1764615599999,6271091.63149,46947
XRPUSDT,1764615600000,2.0045,2.0052,1.987,1.9949,2474922.4,1764619199999,4938356.0855,41038
XRPUSDT,1764619200000,1.9948,2.0268,1.9939,2.0119,5190274.3,1764622799999,10452002.88279,68925
XRPUSDT,1764622800000,2.012,2.0447,2.0107,2.0264,11048594.2,1764626399999,22427315.73508,72255
XRPUSDT,1764626400000,2.0264,2.0425,2.0179,2.0331,12965328.1,1764629999999,26319452.06649,50767
XRPUSDT,1764630000000,2.0331,2.0427,2.0292,2.0297,3040906.0,1764633599999,6188909.62125,36474
XRPUSDT,1764633600000,2.0297,2.0309,2.0125,2.0214,4296573.1,1764637199999,8683241.00757,42971
XRPUSDT,1764637200000,2.0213,2.0437,2.016,2.0177,3398413.4,1764640799999,6889739.03778,42481
XRPUSDT,1764640800000,2.0177,2.0316,2.0096,2.0217,3364710.8,1764644399999,6809937.76262,40829
XRPUSDT,1764644400000,2.0217,2.0264,2.0021,2.0207,5198475.8,1764647999999,10459710.3567,36244
XRPUSDT,1764648000000,2.0207,2.0279,2.0148,2.0156,4990744.5,1764651599999,10099038.77617,48517
XRPUSDT,1764651600000,2.0156,2.02,2.0095,2.0165,1538258.7,1764655199999,3098385.18012,24537
XRPUSDT,1764655200000,2.0164,2.0258,2.0094,2.0236,2303691.0,1764658799999,4650453.46011,25750
XRPUSDT,1764658800000,2.0237,2.0243,2.0105,2.0171,1323902.4,1764662399999,2669448.99507,20706
XRPUSDT,1764662400000,2.0172,2.0177,1.995,2.0024,4483231.8,1764665999999,8975384.24487,43697
XRPUSDT,1764666000000,2.0024,2.02,2.0017,2.012,2011981.6,1764669599999,4050236.27734,27684
XRPUSDT,1764669600000,2.0119,2.0387,2.0118,2.0282,3350337.0,1764673199999,6777114.01957,35804
XRPUSDT,1764673200000,2.0282,2.0418,2.0254,2.0369,3273780.3,1764676799999,6658209.41205,35095
XRPUSDT,1764676800000,2.0368,2.0423,2.0266,2.0401,3871237.1,1764680399999,7878448.81122,32725
XRPUSDT,1764680400000,2.0401,2.0482,2.0341,2.0443,4712227.4,1764683999999,9626832.6679,45726
XRPUSDT,1764684000000,2.0444,2.0929,2.0407,2.0928,12338659.3,1764687599999,25494438.3856,120473
XRPUSDT,1764687600000,2.0928,2.1653,2.091,2.1554,19880833.6,1764691199999,42451644.46828,233542
XRPUSDT,1764691200000,2.1554,2.1625,2.1344,2.1468,10534236.1,1764694799999,22614631.85369,122017
XRPUSDT,1764694800000,2.1468,2.1783,2.1445,2.1698,7311522.5,1764698399999,15831834.60709,78587
XRPUSDT,1764698400000,2.1698,2.1804,2.1653,2.1748,7363740.0,1764701999999,16009058.3293,55965
XRPUSDT,1764702000000,2.1748,2.1831,2.1692,2.1743,4141800.5,1764705599999,9014525.49522,39923
XRPUSDT,1764705600000,2.1742,2.1777,2.1473,2.1649,11345275.4,1764709199999,24529501.51463,78291
XRPUSDT,1764709200000,2.1649,2.1766,2.1626,2.167,4425216.1,1764712799999,9605549.72243,56059
XRPUSDT,1764712800000,2.1671,2.1735,2.1633,2.1693,2602947.7,1764716399999,5644159.80904,34040
XRPUSDT,1764716400000,2.1694,2.1726,2.1521,2.1532,4402512.8,1764719999999,9511726.75847,40141
XRPUSDT,1764720000000,2.1531,2.158,2.1414,2.1526,5818457.9,1764723599999,12498871.79266,46165
XRPUSDT,1764723600000,2.1527,2.167,2.1479,2.161,3271260.3,1764727199999,7053851.28531,40086
XRPUSDT,1764727200000,2.1611,2.1906,2.1598,2.1833,6220673.4,1764730799999,13550580.52187,69925
XRPUSDT,1764730800000,2.1833,2.1912,2.174,2.1762,2292591.7,1764734399999,5000431.04366,37006
XRPUSDT,1764734400000,2.1763,2.1998,2.1731,2.1991,5183430.7,1764737999999,11348141.11269,48624
XRPUSDT,1764738000000,2.1991,2.219,2.1983,2.203,5522827.8,1764741599999,12199248.15224,59206
XRPUSDT,1764741600000,2.203,2.2145,2.1912,2.1941,7343197.5,1764745199999,16180037.13175,59483
XRPUSDT,1764745200000,2.1941,2.2059,2.1898,2.1914,7306307.5,1764748799999,16053894.24735,55591
XRPUSDT,1764748800000,2.1914,2.1955,2.1861,2.1878,3021781.9,1764752399999,6621230.23324,31395
XRPUSDT,1764752400000,2.1878,2.1894,2.1784,2.1836,3200511.9,1764755999999,6987444.82297,35973
XRPUSDT,1764756000000,2.1836,2.1903,2.1725,2.1738,2606113.0,1764759599999,5682415.25725,31170
XRPUSDT,1764759600000,2.1739,2.1779,2.1668,2.1764,3223557.1,1764763199999,7001993.27775,31980
XRPUSDT,1764763200000,2.1764,2.1803,2.171,2.1779,2415751.2,1764766799999,5255558.29025,32221
XRPUSDT,1764766800000,2.1778,2.1832,2.1727,2.1766,2339584.7,1764770399999,5096278.12803,31781
XRPUSDT,1764770400000,2.1767,2.1993,2.1425,2.168,13087889.6,1764773999999,28334565.28626,157798
XRPUSDT,1764774000000,2.1681,2.1836,2.1567,2.1689,5647461.3,1764777599999,12260371.49586,79467
XRPUSDT,1764777600000,2.1689,2.181,2.1582,2.1686,5003753.9,1764781199999,10857660.25811,52152
XRPUSDT,1764781200000,2.1686,2.1869,2.1667,2.1844,3302355.6,1764784799999,7189454.87573,41707
XRPUSDT,1764784800000,2.1844,2.193,2.1684,2.1731,3272614.8,1764788399999,7142842.07664,36733
XRPUSDT,1764788400000,2.1731,2.1865,2.1718,2.1863,2397088.7,1764791999999,5225932.76182,25436
XRPUSDT,1764792000000,2.1863,2.2031,2.1823,2.1986,3857939.9,1764795599999,8456054.47913,39479
XRPUSDT,1764795600000,2.1986,2.2105,2.1955,2.2084,6500910.5,1764799199999,14316657.09482,39291
XRPUSDT,1764799200000,2.2083,2.2141,2.1948,2.2035,5600777.2,1764802799999,12341920.85938,52553
XRPUSDT,1764802800000,2.2036,2.2143,2.1961,2.1976,3071036.3,1764806399999,6771897.34069,39277
XRPUSDT,1764806400000,2.1976,2.2062,2.1869,2.1952,4269512.5,1764809999999,9378753.00657,45868
XRPUSDT,1764810000000,2.1952,2.2146,2.1931,2.1931,2843785.0,1764813599999,6263869.28717,43427
XRPUSDT,1764813600000,2.1931,2.2088,2.1917,2.202,1791114.7,1764817199999,3944928.94215,35375
XRPUSDT,1764817200000,2.2019,2.2064,2.1931,2.195,2066334.6,1764820799999,4540976.08513,29580
XRPUSDT,1764820800000,2.195,2.2,2.1844,2.1874,2963190.8,1764824399999,6491122.84193,26099
XRPUSDT,1764824400000,2.1874,2.1885,2.1715,2.1767,4191923.9,1764827999999,9140542.44136,29742
XRPUSDT,1764828000000,2.1768,2.1853,2.1749,2.1805,2810239.9,1764831599999,6125143.31484,29942
XRPUSDT,1764831600000,2.1805,2.1806,2.1657,2.1725,4232665.4,1764835199999,9189601.32275,32103
XRPUSDT,1764835200000,2.1725,2.1789,2.1607,2.1634,2856415.5,1764838799999,6195682.59014,31256
XRPUSDT,1764838800000,2.1634,2.1751,2.1631,2.1707,2397426.0,1764842399999,5201947.89934,30876
XRPUSDT,1764842400000,2.1707,2.1728,2.1565,2.1585,2867376.5,1764845999999,6204329.36378,28612
XRPUSDT,1764846000000,2.1585,2.1589,2.1426,2.151,5335201.8,1764849599999,11470658.11547,38031
XRPUSDT,1764849600000,2.1511,2.155,2.1385,2.1461,4651696.8,1764853199999,9980739.40985,32582
XRPUSDT,1764853200000,2.1462,2.1509,2.1254,2.1259,8060217.2,1764856799999,17228719.12176,53337
XRPUSDT,1764856800000,2.1259,2.1388,2.1143,2.1197,6896093.9,1764860399999,14681817.34212,66989
XRPUSDT,1764860400000,2.1196,2.1576,2.1194,2.1529,6500943.7,1764863999999,13906597.76486,76680
XRPUSDT,1764864000000,2.153,2.1581,2.1326,2.1379,5478390.4,1764867599999,11759266.87783,63245
XRPUSDT,1764867600000,2.1379,2.1395,2.1167,2.128,4270435.8,1764871199999,9081049.06341,46948
XRPUSDT,1764871200000,2.1281,2.1288,2.0981,2.1036,7904161.3,1764874799999,16667553.56104,66770
XRPUSDT,1764874800000,2.1036,2.1055,2.0691,2.0975,8360448.0,1764878399999,17456840.21552,104450
XRPUSDT,1764878400000,2.0975,2.1092,2.0864,2.1052,4154459.4,1764881999999,8715880.7919,64527
XRPUSDT,1764882000000,2.1052,2.1108,2.0888,2.0909,2582964.5,1764885599999,5423398.63503,35608
XRPUSDT,1764885600000,2.0909,2.1051,2.0909,2.0979,2225012.1,1764889199999,4669661.48973,25132
XRPUSDT,1764889200000,2.098,2.1001,2.0919,2.096,1382507.9,1764892799999,2898171.96356,23488
XRPUSDT,1764892800000,2.096,2.113,2.0946,2.1044,2549250.6,1764896399999,5368483.00002,31151
XRPUSDT,1764896400000,2.1043,2.1122,2.1033,2.1055,2283446.6,1764899999999,4813981.14138,33509
XRPUSDT,1764900000000,2.1054,2.112,2.102,2.1038,1969608.2,1764903599999,4150423.45941,23553
XRPUSDT,1764903600000,2.1037,2.1071,2.0876,2.0909,2532996.7,1764907199999,5307336.42869,23435
XRPUSDT,1764907200000,2.0909,2.0986,2.0788,2.0857,2982233.1,1764910799999,6222488.08433,31864
XRPUSDT,1764910800000,2.0857,2.0881,2.0764,2.0817,1957678.5,1764914399999,4076319.62431,22822
XRPUSDT,1764914400000,2.0817,2.0899,2.0817,2.0895,1794615.5,1764917999999,3744413.32929,22655
XRPUSDT,1764918000000,2.0894,2.0986,2.0872,2.0933,2121812.4,1764921599999,4441912.55293,24292
XRPUSDT,1764921600000,2.0933,2.0936,2.0756,2.079,2727660.7,1764925199999,5684096.32377,26967
XRPUSDT,1764925200000,2.0789,2.0791,2.0541,2.0577,5064997.3,1764928799999,10457373.01021,63322
XRPUSDT,1764928800000,2.0577,2.0698,2.0548,2.0618,2732464.7,1764932399999,5637958.47492,33497
XRPUSDT,1764932400000,2.0619,2.0712,2.055,2.069,6807950.8,1764935999999,14019413.69231,33901
XRPUSDT,1764936000000,2.069,2.0744,2.0654,2.0681,2484717.9,1764939599999,5141839.06468,25081
XRPUSDT,1764939600000,2.0682,2.0767,2.0575,2.0657,4257490.5,1764943199999,8801804.92254,56326
XRPUSDT,1764943200000,2.0657,2.0736,2.0567,2.0659,3665257.8,1764946799999,7566378.22881,61711
XRPUSDT,1764946800000,2.0659,2.0999,2.0658,2.076,9283286.9,1764950399999,19368868.77659,94995
XRPUSDT,1764950400000,2.076,2.0777,2.0179,2.0338,13402732.5,1764953999999,27381483.62583,150455
XRPUSDT,1764954000000,2.0337,2.0449,2.0171,2.0357,8373108.2,1764957599999,17011034.896,77866
XRPUSDT,1764957600000,2.0356,2.0478,2.0158,2.0188,5339453.5,1764961199999,10832380.69586,63495
XRPUSDT,1764961200000,2.0189,2.0425,2.0125,2.0374,4628023.7,1764964799999,9385563.71697,50032
XRPUSDT,1764964800000,2.0373,2.0376,2.0226,2.0232,2981652.8,1764968399999,6053449.67242,37572
XRPUSDT,1764968400000,2.0232,2.0328,2.0201,2.0281,2239693.6,1764971999999,4540416.85777,24663
XRPUSDT,1764972000000,2.0281,2.0365,2.0197,2.0319,1814663.1,1764975599999,3680837.72239,21458
XRPUSDT,1764975600000,2.032,2.0379,2.0231,2.0344,1343287.3,1764979199999,2729526.63774,17334
XRPUSDT,1764979200000,2.0344,2.0347,2.0178,2.0335,3429900.8,1764982799999,6948687.35736,25191
XRPUSDT,1764982800000,2.0334,2.0393,2.0268,2.0305,1603704.3,1764986399999,3261650.93778,17759
XRPUSDT,1764986400000,2.0306,2.0333,2.0254,2.0327,1185456.2,1764989999999,2406315.06451,16972
XRPUSDT,1764990000000,2.0327,2.0424,2.0324,2.0388,1144877.6,1764993599999,2334096.06584,17484
XRPUSDT,1764993600000,2.0389,2.0416,2.0343,2.0411,1108295.1,1764997199999,2259111.39376,15030
XRPUSDT,1764997200000,2.041,2.0447,2.0362,2.0438,1317155.7,1765000799999,2687841.3543,13055
XRPUSDT,1765000800000,2.0438,2.0504,2.035,2.0357,1909806.6,1765004399999,3900415.62723,15701
XRPUSDT,1765004400000,2.0356,2.0391,2.0281,2.0303,2048094.2,1765007999999,4161865.38469,17946
XRPUSDT,1765008000000,2.0304,2.0308,2.0154,2.0175,2824910.0,1765011599999,5713053.01606,25809
XRPUSDT,1765011600000,2.0175,2.0287,2.0175,2.0259,2118318.5,1765015199999,4288361.50943,22132
XRPUSDT,1765015200000,2.0259,2.0298,2.0219,2.0246,1344886.7,1765018799999,2723139.9296,14052
XRPUSDT,1765018800000,2.0245,2.0332,2.0231,2.0321,1754030.9,1765022399999,3558974.38742,14289
XRPUSDT,1765022400000,2.0321,2.0343,2.0263,2.0304,1409538.7,1765025999999,2861818.85569,15230
XRPUSDT,1765026000000,2.0305,2.0394,2.0301,2.0311,2400935.5,1765029599999,4885310.59891,17682
XRPUSDT,1765029600000,2.0311,2.0474,2.0293,2.0395,4209039.6,1765033199999,8588333.1451,36388
XRPUSDT,1765033200000,2.0396,2.0407,2.0221,2.0299,2948394.5,1765036799999,5985133.38501,28602
XRPUSDT,1765036800000,2.0298,2.0392,2.0276,2.0354,1417266.2,1765040399999,2883101.30347,20651
XRPUSDT,1765040400000,2.0354,2.0377,2.0284,2.0334,1239332.0,1765043999999,2520097.13298,16101
XRPUSDT,1765044000000,2.0334,2.0381,2.0293,2.031,1024414.8,1765047599999,2083021.5184,14892
XRPUSDT,1765047600000,2.031,2.0337,2.0204,2.0255,2377800.1,1765051199999,4816939.27917,21343
XRPUSDT,1765051200000,2.0255,2.0321,2.0229,2.0305,1097077.2,1765054799999,2224753.67013,12887
XRPUSDT,1765054800000,2.0304,2.0372,2.029,2.0334,1632161.8,1765058399999,3318054.2787,21420
XRPUSDT,1765058400000,2.0334,2.036,2.0275,2.0282,791406.2,1765061999999,1607897.90833,11451
XRPUSDT,1765062000000,2.0282,2.0347,2.024,2.0309,1232221.6,1765065599999,2498888.93573,19963
XRPUSDT,1765065600000,2.031,2.0394,2.0295,2.0373,1107892.8,1765069199999,2254346.61173,15128
XRPUSDT,1765069200000,2.0374,2.0429,2.034,2.0341,1061696.2,1765072799999,2165076.86879,16551
XRPUSDT,1765072800000,2.034,2.0494,2.034,2.0482,1128101.5,1765076399999,2303963.87046,16590
XRPUSDT,1765076400000,2.0483,2.0723,2.0475,2.0685,3087218.8,1765079999999,6356970.19082,32522
XRPUSDT,1765080000000,2.0685,2.0738,2.0523,2.0531,1934330.9,1765083599999,3988253.3957,29123
XRPUSDT,1765083600000,2.0531,2.0568,2.0454,2.0485,1577580.5,1765087199999,3234556.55393,15759
XRPUSDT,1765087200000,2.0485,2.0527,2.044,2.0464,751728.9,1765090799999,1540195.7708,13205
XRPUSDT,1765090800000,2.0463,2.0493,2.0283,2.0309,2063177.8,1765094399999,4196562.69073,22871
XRPUSDT,1765094400000,2.0309,2.0362,2.025,2.0305,1667140.9,1765097999999,3385155.00807,21030
XRPUSDT,1765098000000,2.0306,2.0361,2.0244,2.0286,1710453.8,1765101599999,3470560.95882,21188
XRPUSDT,1765101600000,2.0286,2.0356,2.0266,2.0309,1076753.9,1765105199999,2187935.33234,15498
XRPUSDT,1765105200000,2.0309,2.0346,2.0284,2.0338,775401.3,1765108799999,1575769.2243,12178
XRPUSDT,1765108800000,2.0338,2.0507,2.0321,2.0469,1571637.5,1765112399999,3213161.35121,19763
XRPUSDT,1765112400000,2.0469,2.0479,2.0262,2.0312,1921582.3,1765115999999,3909019.79514,32972
XRPUSDT,1765116000000,2.0313,2.0323,1.9894,1.9991,14616932.9,1765119599999,29308410.45256,121630
XRPUSDT,1765119600000,1.9991,2.0557,1.9985,2.0527,6862868.5,1765123199999,13896041.27905,78449
XRPUSDT,1765123200000,2.0527,2.0588,2.0381,2.058,4526388.6,1765126799999,9259079.17829,55595
XRPUSDT,1765126800000,2.058,2.0962,2.0518,2.0875,9836567.3,1765130399999,20454017.25401,105974
XRPUSDT,1765130400000,2.0875,2.1109,2.0875,2.1035,5298695.4,1765133999999,11132527.28994,71856
XRPUSDT,1765134000000,2.1036,2.1075,2.0841,2.0871,3810077.4,1765137599999,7980806.93314,41394
XRPUSDT,1765137600000,2.0872,2.0937,2.0791,2.0847,2619302.0,1765141199999,5462204.45733,30727
XRPUSDT,1765141200000,2.0847,2.0848,2.0354,2.0491,4773535.4,1765144799999,9835931.82598,54224
XRPUSDT,1765144800000,2.049,2.0492,2.0123,2.0291,7676739.9,1765148399999,15589356.50442,120110
XRPUSDT,1765148400000,2.029,2.0453,2.0231,2.0442,2331055.3,1765151999999,4742739.10069,35190
XRPUSDT,1765152000000,2.0442,2.0493,2.0319,2.045,2694844.6,1765155599999,5503960.41087,32250
XRPUSDT,1765155600000,2.0449,2.0912,2.0442,2.068,5351644.4,1765159199999,11081857.11135,60152
XRPUSDT,1765159200000,2.0681,2.0778,2.0586,2.074,2219934.9,1765162799999,4587834.29543,32982
XRPUSDT,1765162800000,2.074,2.0773,2.0643,2.0719,2144502.3,1765166399999,4441423.85468,25954
XRPUSDT,1765166400000,2.072,2.0865,2.0701,2.0742,2090724.2,1765169999999,4343066.08688,31207
XRPUSDT,1765170000000,2.0742,2.083,2.0697,2.0784,1316021.2,1765173599999,2732702.51507,18567
XRPUSDT,1765173600000,2.0784,2.0847,2.0724,2.0802,1622176.2,1765177199999,3373457.21706,21428
XRPUSDT,1765177200000,2.0801,2.0946,2.0786,2.0866,2649510.6,1765180799999,5530486.60637,26652
XRPUSDT,1765180800000,2.0865,2.0948,2.0811,2.0912,2325039.4,1765184399999,4856778.11467,21502
XRPUSDT,1765184400000,2.0911,2.1239,2.0901,2.101,7250197.3,1765187999999,15290037.01335,64534
XRPUSDT,1765188000000,2.1009,2.1063,2.096,2.0984,2837439.0,1765191599999,5959302.80269,27255
XRPUSDT,1765191600000,2.0984,2.0995,2.0873,2.0904,3689712.4,1765195199999,7718252.34711,29364
XRPUSDT,1765195200000,2.0904,2.0974,2.0849,2.0952,3021725.5,1765198799999,6319408.40185,25018
XRPUSDT,1765198800000,2.0952,2.102,2.0893,2.0985,3560635.3,1765202399999,7464388.17145,37409
XRPUSDT,1765202400000,2.0986,2.1119,2.0831,2.0839,13796771.4,1765205999999,28933416.19319,98578
XRPUSDT,1765206000000,2.084,2.0935,2.0674,2.0756,11298415.2,1765209599999,23502501.16243,115684
XRPUSDT,1765209600000,2.0756,2.0875,2.0658,2.0731,4031829.0,1765213199999,8370764.59762,60565
XRPUSDT,1765213200000,2.0731,2.084,2.0652,2.0788,2938139.8,1765216799999,6096461.73398,41992
XRPUSDT,1765216800000,2.0788,2.0865,2.0628,2.0682,2401281.0,1765220399999,4983949.56341,39922
XRPUSDT,1765220400000,2.0682,2.0843,2.0676,2.0779,1601346.0,1765223999999,3325983.13779,28284
XRPUSDT,1765224000000,2.0779,2.0941,2.0764,2.0874,3141285.9,1765227599999,6549452.57195,35101
XRPUSDT,1765227600000,2.0875,2.0915,2.0737,2.088,3510552.1,1765231199999,7316367.24909,36008
XRPUSDT,1765231200000,2.0881,2.089,2.0745,2.0797,1275246.1,1765234799999,2653404.18664,19710
XRPUSDT,1765234800000,2.0797,2.0813,2.0695,2.0724,1280817.1,1765238399999,2656239.95697,21629
XRPUSDT,1765238400000,2.0723,2.0827,2.0687,2.0716,1182608.0,1765241999999,2453478.64706,21960
XRPUSDT,1765242000000,2.0716,2.0756,2.0585,2.0627,1937032.2,1765245599999,4001765.32921,31410
XRPUSDT,1765245600000,2.0627,2.0704,2.0607,2.061,1708238.5,1765249199999,3530423.77027,26695
XRPUSDT,1765249200000,2.0611,2.0712,2.0568,2.0698,2597850.0,1765252799999,5360428.47466,26828
XRPUSDT,1765252800000,2.0698,2.0707,2.0531,2.0544,3090845.6,1765256399999,6359792.19227,22643
XRPUSDT,1765256400000,2.0543,2.0595,2.049,2.0503,2157419.6,1765259999999,4431263.99957,28819
XRPUSDT,1765260000000,2.0504,2.0562,2.0419,2.0498,2463298.9,1765263599999,5043837.34514,27147
XRPUSDT,1765263600000,2.0498,2.0624,2.0471,2.0615,1712580.9,1765267199999,3521128.98141,21140
XRPUSDT,1765267200000,2.0615,2.066,2.057,2.0631,2290476.3,1765270799999,4721799.30583,23761
XRPUSDT,1765270800000,2.063,2.0636,2.0566,2.0582,1237894.0,1765274399999,2549450.88183,15902
XRPUSDT,1765274400000,2.0581,2.0612,2.0459,2.0553,1658035.2,1765277999999,3405149.30926,23247
XRPUSDT,1765278000000,2.0553,2.0706,2.0518,2.0689,1464837.3,1765281599999,3019958.60462,18543
XRPUSDT,1765281600000,2.069,2.086,2.0669,2.084,2922871.7,1765285199999,6078569.79554,34076
XRPUSDT,1765285200000,2.084,2.0859,2.0642,2.0664,2366223.9,1765288799999,4912091.02147,32739
XRPUSDT,1765288800000,2.0664,2.0731,2.049,2.0553,5516324.1,1765292399999,11341464.09537,67164
XRPUSDT,1765292400000,2.0553,2.12,2.0534,2.1156,12274756.8,1765295999999,25704892.91445,145025
XRPUSDT,1765296000000,2.1155,2.1747,2.1154,2.165,19647427.2,1765299599999,42211636.76231,193268
XRPUSDT,1765299600000,2.1651,2.178,2.1415,2.1493,14703321.7,1765303199999,31732090.41894,137719
XRPUSDT,1765303200000,2.1494,2.158,2.1391,2.1477,7172188.4,1765306799999,15418926.16189,58497
XRPUSDT,1765306800000,2.1478,2.1487,2.129,2.1328,6712329.8,1765310399999,14350033.21711,54855
XRPUSDT,1765310400000,2.1328,2.1344,2.097,2.1135,9132698.3,1765313999999,19297787.20328,82106
XRPUSDT,1765314000000,2.1134,2.1168,2.0854,2.0991,4742637.3,1765317599999,9973492.85432,63910
XRPUSDT,1765317600000,2.0992,2.118,2.0961,2.1105,3398329.1,1765321199999,7164365.49585,44328
XRPUSDT,1765321200000,2.1105,2.1136,2.1059,2.1062,1769430.2,1765324799999,3732841.06688,26260
XRPUSDT,1765324800000,2.1061,2.1099,2.089,2.0896,2616745.5,1765328399999,5492241.77361,31425
XRPUSDT,1765328400000,2.0895,2.0959,2.0868,2.0892,2358782.5,1765331999999,4931024.73433,28502
XRPUSDT,1765332000000,2.0891,2.0935,2.0817,2.088,2319087.1,1765335599999,4841376.71355,21595
XRPUSDT,1765335600000,2.0879,2.0884,2.082,2.0835,2462081.8,1765339199999,5132326.86295,18503
XRPUSDT,1765339200000,2.0834,2.0966,2.0797,2.0904,3890396.6,1765342799999,8126827.39199,32993
XRPUSDT,1765342800000,2.0903,2.0939,2.0837,2.0883,2942546.8,1765346399999,6146728.02198,19823
XRPUSDT,1765346400000,2.0884,2.0896,2.0832,2.0862,2373770.0,1765349999999,4954262.10883,17123
XRPUSDT,1765350000000,2.0862,2.0862,2.0763,2.0843,3762159.5,1765353599999,7828644.02068,19463
XRPUSDT,1765353600000,2.0844,2.0853,2.0774,2.078,2484920.4,1765357199999,5171574.79116,20419
XRPUSDT,1765357200000,2.0779,2.0896,2.0715,2.0887,4652060.3,1765360799999,9667576.55131,31463
XRPUSDT,1765360800000,2.0887,2.0983,2.0669,2.0696,8773156.9,1765364399999,18252324.51335,57362
XRPUSDT,1765364400000,2.0696,2.0752,2.0637,2.0717,3789185.5,1765367999999,7842005.22173,38088
XRPUSDT,1765368000000,2.0717,2.0726,2.059,2.0643,4344172.7,1765371599999,8967171.82018,34456
XRPUSDT,1765371600000,2.0643,2.0696,2.06,2.0648,4678445.5,1765375199999,9657784.60631,30600
XRPUSDT,1765375200000,2.0647,2.0687,2.0581,2.0639,5356757.5,1765378799999,11048216.64488,52909
XRPUSDT,1765378800000,2.0639,2.0735,2.0559,2.0618,4083033.1,1765382399999,8433508.87324,50230
XRPUSDT,1765382400000,2.0619,2.0743,2.0571,2.0685,4150507.7,1765385999999,8579683.2657,47563
XRPUSDT,1765386000000,2.0684,2.0755,2.0601,2.0616,3328206.3,1765389599999,6881978.75585,41752
XRPUSDT,1765389600000,2.0616,2.0862,2.0587,2.0683,5585016.4,1765393199999,11555008.39372,64231
XRPUSDT,1765393200000,2.0684,2.0878,2.0376,2.0681,20837397.2,1765396799999,43026282.83853,217442
XRPUSDT,1765396800000,2.0682,2.1108,2.0579,2.0638,17636822.4,1765400399999,36747124.61585,174859
XRPUSDT,1765400400000,2.0637,2.0689,2.0445,2.0472,5553292.2,1765403999999,11410702.08037,90596
XRPUSDT,1765404000000,2.0473,2.0584,2.0346,2.0549,4707947.1,1765407599999,9639214.1592,62932
XRPUSDT,1765407600000,2.0549,2.0573,2.0401,2.0418,2446209.4,1765411199999,5008447.01299,28838
XRPUSDT,1765411200000,2.0418,2.0468,2.021,2.0292,5436044.4,1765414799999,11051797.15036,62842
XRPUSDT,1765414800000,2.0292,2.0299,2.01,2.0129,6755721.7,1765418399999,13639418.95003,62967
XRPUSDT,1765418400000,2.0128,2.0142,2.0,2.006,7485513.8,1765421999999,15021748.28912,59690
XRPUSDT,1765422000000,2.0061,2.007,1.9927,1.9995,6399591.0,1765425599999,12790891.39569,60251
XRPUSDT,1765425600000,1.9995,2.0195,1.9952,2.0171,4365027.8,1765429199999,8763202.95718,39936
XRPUSDT,1765429200000,2.017,2.0171,2.0074,2.0148,3414214.3,1765432799999,6869458.3807,16744
XRPUSDT,1765432800000,2.0148,2.0161,2.0055,2.0138,4695054.8,1765436399999,9443685.96713,21466
XRPUSDT,1765436400000,2.0138,2.0151,2.0041,2.0069,3010444.5,1765439999999,6050044.54737,17780
XRPUSDT,1765440000000,2.0069,2.0133,2.0003,2.0121,3662256.2,1765443599999,7343755.51114,22549
XRPUSDT,1765443600000,2.0121,2.0189,2.0073,2.013,2586450.8,1765447199999,5207966.2427,25229
XRPUSDT,1765447200000,2.0131,2.0162,2.0089,2.0161,2000613.7,1765450799999,4026640.79605,18355
XRPUSDT,1765450800000,2.0162,2.0185,2.0078,2.0083,2974919.4,1765454399999,5994210.71234,16537
XRPUSDT,1765454400000,2.0083,2.0132,2.0042,2.0074,4429773.9,1765457999999,8896139.35693,20527
XRPUSDT,1765458000000,2.0074,2.0149,2.0053,2.009,3006399.6,1765461599999,6043628.0905,22921
XRPUSDT,1765461600000,2.0089,2.0101,1.9767,1.991,13321179.8,1765465199999,26583008.63721,98654
XRPUSDT,1765465200000,1.991,2.0109,1.987,1.9968,7893667.3,1765468799999,15769952.82714,98665
XRPUSDT,1765468800000,1.9967,2.0045,1.9846,1.9914,6027329.4,1765472399999,12006574.8162,60868
XRPUSDT,1765472400000,1.9913,1.9987,1.9838,1.9952,4766073.0,1765475999999,9490576.66866,45405
XRPUSDT,1765476000000,1.9952,2.023,1.9919,2.0079,8136859.0,1765479599999,16345927.45814,73509
XRPUSDT,1765479600000,2.008,2.0259,2.0004,2.0114,5565598.6,1765483199999,11215563.0368,57652
XRPUSDT,1765483200000,2.0113,2.0298,2.0078,2.0246,4354731.3,1765486799999,8795698.09256,48685
XRPUSDT,1765486800000,2.0246,2.057,2.0239,2.0417,9677268.8,1765490399999,19778455.41197,83038
XRPUSDT,1765490400000,2.0416,2.0486,2.0282,2.0338,3462232.7,1765493999999,7054208.94547,43291
XRPUSDT,1765494000000,2.0338,2.0405,2.0311,2.034,1630039.2,1765497599999,3317530.56256,27539
XRPUSDT,1765497600000,2.034,2.0397,2.0157,2.017,2188045.2,1765501199999,4437559.23667,26615
XRPUSDT,1765501200000,2.0171,2.0322,2.0171,2.0281,2729961.0,1765504799999,5532747.37358,34863
XRPUSDT,1765504800000,2.0281,2.0434,2.0256,2.0406,1781657.5,1765508399999,3630126.38233,23352
XRPUSDT,1765508400000,2.0406,2.043,2.0297,2.0315,1343195.5,1765511999999,2732202.33202,16668
XRPUSDT,1765512000000,2.0314,2.033,2.0256,2.0296,1674010.4,1765515599999,3396707.24973,15676
XRPUSDT,1765515600000,2.0296,2.0373,2.0235,2.0367,1113647.5,1765519199999,2260999.18595,17219
XRPUSDT,1765519200000,2.0367,2.0419,2.0356,2.0408,1671415.5,1765522799999,3408238.39578,17344
XRPUSDT,1765522800000,2.0408,2.0433,2.032,2.0373,1340979.7,1765526399999,2733146.28692,17406
XRPUSDT,1765526400000,2.0373,2.038,2.0266,2.0288,1387684.3,1765529999999,2818633.64728,17031
XRPUSDT,1765530000000,2.0287,2.0369,2.0251,2.0357,1366492.5,1765533599999,2773438.22691,15873
XRPUSDT,1765533600000,2.0356,2.0393,2.0339,2.038,1668052.8,1765537199999,3397459.8231,13280
XRPUSDT,1765537200000,2.038,2.0463,2.0353,2.0422,1467204.0,1765540799999,2993878.77486,14485
XRPUSDT,1765540800000,2.0422,2.0454,2.0314,2.0446,4637943.7,1765544399999,9454464.76777,17708
XRPUSDT,1765544400000,2.0446,2.0478,2.0389,2.0412,2011120.2,1765547999999,4106994.2958,15930
XRPUSDT,1765548000000,2.0412,2.0435,2.0304,2.0379,2433226.2,1765551599999,4957144.29953,35495
XRPUSDT,1765551600000,2.0379,2.038,1.9692,1.9785,19076695.1,1765555199999,38127596.62207,134526
XRPUSDT,1765555200000,1.9785,2.0036,1.9734,1.9881,12648048.0,1765558799999,25129694.46996,167037
XRPUSDT,1765558800000,1.9882,2.0032,1.986,1.9961,4471334.2,1765562399999,8916658.00803,59436
XRPUSDT,1765562400000,1.9961,2.0256,1.9902,2.0125,4118567.5,1765565999999,8274175.47329,56047
XRPUSDT,1765566000000,2.0125,2.0145,1.9964,2.0036,2310207.8,1765569599999,4636133.87576,34315
XRPUSDT,1765569600000,2.0036,2.0064,1.9979,2.0008,2184674.5,1765573199999,4374311.78348,27101
XRPUSDT,1765573200000,2.0008,2.0051,1.9971,2.0048,1374129.5,1765576799999,2749363.52704,20587
XRPUSDT,1765576800000,2.0048,2.0127,2.004,2.0108,1361394.1,1765580399999,2734987.94206,17039
XRPUSDT,1765580400000,2.0108,2.019,2.0073,2.0074,1627438.0,1765583999999,3274797.72616,21250
XRPUSDT,1765584000000,2.0075,2.0136,2.0068,2.0122,1231556.1,1765587599999,2476013.45112,14589
XRPUSDT,1765587600000,2.0122,2.0167,2.0096,2.0108,1088980.7,1765591199999,2192085.17919,14326
XRPUSDT,1765591200000,2.0108,2.0207,2.0108,2.0143,1373472.1,1765594799999,2770628.60278,14685
XRPUSDT,1765594800000,2.0142,2.025,2.0142,2.0226,1408800.8,1765598399999,2846105.17435,14611
XRPUSDT,1765598400000,2.0227,2.035,2.0227,2.034,2157973.6,1765601999999,4377480.89233,15943
XRPUSDT,1765602000000,2.034,2.0482,2.0283,2.0316,5072958.3,1765605599999,10344415.86512,34460
XRPUSDT,1765605600000,2.0315,2.0358,2.0269,2.0283,1675666.9,1765609199999,3402353.31004,15825
XRPUSDT,1765609200000,2.0283,2.032,2.0256,2.0285,1016255.5,1765612799999,2061503.58323,14260
XRPUSDT,1765612800000,2.0285,2.043,2.0285,2.0361,2195007.1,1765616399999,4474436.20935,28383
XRPUSDT,1765616400000,2.0361,2.039,2.0295,2.031,1726178.6,1765619999999,3513575.83484,17190
XRPUSDT,1765620000000,2.031,2.0408,2.0307,2.0367,1090633.6,1765623599999,2221573.42683,13423
XRPUSDT,1765623600000,2.0368,2.0396,2.0323,2.0333,880720.2,1765627199999,1793309.41809,13462
XRPUSDT,1765627200000,2.0333,2.0434,2.0287,2.0317,5218942.3,1765630799999,10626618.73105,25483
XRPUSDT,1765630800000,2.0318,2.0375,2.0303,2.0333,2388228.7,1765634399999,4858860.75584,13990
XRPUSDT,1765634400000,2.0334,2.0393,2.028,2.0365,1559789.4,1765637999999,3172087.48676,17181
XRPUSDT,1765638000000,2.0365,2.0407,2.029,2.0299,1623889.8,1765641599999,3303510.09214,17318
XRPUSDT,1765641600000,2.03,2.0336,2.0234,2.026,1841608.8,1765645199999,3734083.35026,17980
XRPUSDT,1765645200000,2.026,2.0262,2.0182,2.0196,1380342.9,1765648799999,2789351.38314,15997
XRPUSDT,1765648800000,2.0195,2.0238,2.0157,2.017,1879333.5,1765652399999,3794738.96381,13115
XRPUSDT,1765652400000,2.0171,2.0207,2.0152,2.0195,3127623.6,1765655999999,6309733.95543,11788
XRPUSDT,1765656000000,2.0196,2.0224,2.0155,2.0167,853574.4,1765659599999,1723337.16405,9677
XRPUSDT,1765659600000,2.0168,2.0229,2.0082,2.0223,1363707.6,1765663199999,2745924.98062,16510
XRPUSDT,1765663200000,2.0223,2.025,2.0165,2.0223,1091091.1,1765666799999,2204789.7828,12635
XRPUSDT,1765666800000,2.0224,2.0238,2.0187,2.0227,946931.5,1765670399999,1913838.46695,12160
XRPUSDT,1765670400000,2.0226,2.0281,2.017,2.0261,1177251.7,1765673999999,2381730.40825,14711
XRPUSDT,1765674000000,2.0261,2.0306,2.0232,2.0257,809225.0,1765677599999,1640410.93726,9929
XRPUSDT,1765677600000,2.0258,2.0293,2.0236,2.028,577568.8,1765681199999,1170324.66277,8212
XRPUSDT,1765681200000,2.028,2.0298,2.0228,2.0244,611055.1,1765684799999,1237803.7463,8027
XRPUSDT,1765684800000,2.0245,2.0253,2.0149,2.0169,1041364.7,1765688399999,2103310.16123,8457
XRPUSDT,1765688400000,2.017,2.0175,2.0103,2.0158,1070290.1,1765691999999,2155601.53365,10803
XRPUSDT,1765692000000,2.0159,2.0181,2.0114,2.0172,800512.7,1765695599999,1612282.8022,10363
XRPUSDT,1765695600000,2.0172,2.0206,2.0155,2.0192,676787.6,1765699199999,1365753.82356,9232
XRPUSDT,1765699200000,2.0193,2.0232,2.0145,2.0147,917235.5,1765702799999,1851564.49279,8405
XRPUSDT,1765702800000,2.0147,2.0156,2.0112,2.0124,1037710.4,1765706399999,2089631.04543,8819
XRPUSDT,1765706400000,2.0124,2.0129,2.003,2.0067,1766109.8,1765709999999,3545245.60815,16476
XRPUSDT,1765710000000,2.0067,2.0099,1.99,2.0012,3831318.4,1765713599999,7665182.0898,42173
XRPUSDT,1765713600000,2.0011,2.008,1.997,2.0041,3295067.7,1765717199999,6593151.83226,20907
XRPUSDT,1765717200000,2.0041,2.0041,1.9966,2.0032,2588741.2,1765720799999,5175829.03544,19880
XRPUSDT,1765720800000,2.0032,2.008,1.9875,1.9947,2937582.8,1765724399999,5863212.51043,27978
XRPUSDT,1765724400000,1.9946,1.997,1.9897,1.9913,1611376.5,1765727999999,3212142.5662,25552
XRPUSDT,1765728000000,1.9913,2.0046,1.9892,1.997,1260370.0,1765731599999,2515393.49828,27340
XRPUSDT,1765731600000,1.9971,1.9997,1.9838,1.9872,2203674.4,1765735199999,4384669.95508,33005
XRPUSDT,1765735200000,1.9873,1.9935,1.9841,1.993,1283110.8,1765738799999,2552609.39665,20272
XRPUSDT,1765738800000,1.9929,1.9929,1.9823,1.9886,1589580.1,1765742399999,3157647.78203,18099
XRPUSDT,1765742400000,1.9886,1.995,1.9824,1.9876,2407895.6,1765745999999,4791557.4569,24065
XRPUSDT,1765746000000,1.9875,1.9918,1.9831,1.9872,1159188.7,1765749599999,2304083.56419,18378
XRPUSDT,1765749600000,1.9873,1.9936,1.9818,1.9923,1364706.1,1765753199999,2712256.00082,26303
XRPUSDT,1765753200000,1.9924,1.9974,1.9527,1.9784,9130864.2,1765756799999,17989782.14583,72698
XRPUSDT,1765756800000,1.9784,1.9904,1.9747,1.9841,2770709.8,1765760399999,5491801.97566,42210
XRPUSDT,1765760400000,1.9841,2.0047,1.9787,1.9984,3145758.2,1765763999999,6269343.157,43222
XRPUSDT,1765764000000,1.9983,2.0143,1.9932,1.9957,3069614.6,1765767599999,6149674.49415,44014
XRPUSDT,1765767600000,1.9956,2.0009,1.9921,1.9951,1344766.8,1765771199999,2684375.12633,18137
XRPUSDT,1765771200000,1.9952,2.0043,1.9928,2.0007,1288251.1,1765774799999,2574732.3718,16258
XRPUSDT,1765774800000,2.0006,2.0038,1.9965,2.0008,1672473.3,1765778399999,3344400.80693,11857
XRPUSDT,1765778400000,2.0008,2.0055,1.9959,2.0018,1395642.6,1765781999999,2790632.36266,12594
XRPUSDT,1765782000000,2.0019,2.0032,1.9929,1.9952,1147842.1,1765785599999,2292044.71311,13485
XRPUSDT,1765785600000,1.9952,1.9988,1.9906,1.9938,1759711.6,1765789199999,3511648.26945,15163
XRPUSDT,1765789200000,1.9938,2.0024,1.9915,1.9982,2475872.5,1765792799999,4947087.53674,16181
XRPUSDT,1765792800000,1.9983,2.001,1.9931,1.9943,2991079.7,1765796399999,5974241.6306,17638
XRPUSDT,1765796400000,1.9943,1.9955,1.9838,1.9875,2683254.1,1765799999999,5334708.76719,15122
XRPUSDT,1765800000000,1.9876,1.9877,1.9823,1.9835,1931341.0,1765803599999,3833634.22701,16563
XRPUSDT,1765803600000,1.9835,1.9847,1.9556,1.9645,8363683.2,1765807199999,16454174.08779,65468
XRPUSDT,1765807200000,1.9645,1.9808,1.93,1.9411,11727035.5,1765810799999,22906620.60861,116276
XRPUSDT,1765810800000,1.9411,1.9431,1.9127,1.9256,17386575.6,1765814399999,33500016.96474,218922
XRPUSDT,1765814400000,1.9256,1.9309,1.907,1.913,6980313.5,1765817999999,13396417.23847,100166
XRPUSDT,1765818000000,1.9129,1.9152,1.89,1.8915,9574888.3,1765821599999,18208455.16534,79059
XRPUSDT,1765821600000,1.8915,1.8967,1.8695,1.8921,8527574.0,1765825199999,16064968.69535,87940
XRPUSDT,1765825200000,1.892,1.9084,1.8909,1.8961,7893404.6,1765828799999,15000210.48499,68793
XRPUSDT,1765828800000,1.8962,1.8962,1.8795,1.8831,4789015.0,1765832399999,9033846.79442,59374
XRPUSDT,1765832400000,1.8832,1.8998,1.8801,1.8915,4068654.5,1765835999999,7688592.31569,36365
XRPUSDT,1765836000000,1.8915,1.8919,1.8805,1.8909,4717688.7,1765839599999,8898954.5155,35209
XRPUSDT,1765839600000,1.8909,1.8994,1.89,1.8981,4041208.3,1765843199999,7656120.04976,31484
XRPUSDT,1765843200000,1.8981,1.8986,1.8782,1.8791,5129397.2,1765846799999,9696610.37387,37640
XRPUSDT,1765846800000,1.8791,1.8931,1.8682,1.8726,6265670.3,1765850399999,11775590.04573,56575
XRPUSDT,1765850400000,1.8725,1.8769,1.8596,1.8691,7321566.1,1765853999999,13675780.11216,55372
XRPUSDT,1765854000000,1.8692,1.8735,1.8552,1.8726,3936948.5,1765857599999,7346897.75936,40445
XRPUSDT,1765857600000,1.8726,1.8758,1.852,1.8729,5165876.3,1765861199999,9646247.25178,39564
XRPUSDT,1765861200000,1.8728,1.8841,1.8686,1.882,2516368.4,1765864799999,4718583.503,26862
XRPUSDT,1765864800000,1.882,1.8975,1.881,1.8946,3278819.2,1765868399999,6196098.19104,23752
XRPUSDT,1765868400000,1.8947,1.8978,1.8747,1.8754,2467099.6,1765871999999,4650833.43438,26690
XRPUSDT,1765872000000,1.8754,1.886,1.8743,1.877,1997223.5,1765875599999,3753268.11648,28461
XRPUSDT,1765875600000,1.877,1.8822,1.8756,1.8793,1232139.7,1765879199999,2315168.21393,19251
XRPUSDT,1765879200000,1.8793,1.912,1.8776,1.9067,4276466.7,1765882799999,8121886.01247,50128
XRPUSDT,1765882800000,1.9067,1.9253,1.9047,1.9208,6138739.1,1765886399999,11768691.74548,49473
XRPUSDT,1765886400000,1.9207,1.939,1.92,1.9353,5113368.5,1765889999999,9864818.5007,49867
XRPUSDT,1765890000000,1.9352,1.9491,1.9078,1.9086,11170804.6,1765893599999,21562409.99206,112794
XRPUSDT,1765893600000,1.9087,1.935,1.899,1.9238,9148597.0,1765897199999,17547807.0848,141721
XRPUSDT,1765897200000,1.9238,1.946,1.9149,1.9411,6355332.3,1765900799999,12270409.87106,88747
XRPUSDT,1765900800000,1.9411,1.943,1.9179,1.9282,3931790.9,1765904399999,7600178.41649,60241
XRPUSDT,1765904400000,1.9282,1.9349,1.9148,1.9165,3715857.0,1765907999999,7152562.36132,42313
XRPUSDT,1765908000000,1.9165,1.9387,1.9141,1.9306,2960562.7,1765911599999,5704049.1483,38177
XRPUSDT,1765911600000,1.9306,1.9336,1.9157,1.927,2665617.9,1765915199999,5129904.1144,38452
XRPUSDT,1765915200000,1.9269,1.9335,1.9223,1.9276,2472196.1,1765918799999,4767648.40441,30532
XRPUSDT,1765918800000,1.9275,1.9307,1.9187,1.9265,1543997.3,1765922399999,2972479.71589,20652
XRPUSDT,1765922400000,1.9264,1.9307,1.923,1.9269,1161872.2,1765925999999,2238936.17628,14669
XRPUSDT,1765926000000,1.9269,1.9314,1.9228,1.9297,1317083.7,1765929599999,2537877.98793,20633
XRPUSDT,1765929600000,1.9297,1.9297,1.9194,1.924,1872909.1,1765933199999,3604195.71608,24845
XRPUSDT,1765933200000,1.9241,1.9401,1.9205,1.9226,2828654.0,1765936799999,5458436.26106,34349
XRPUSDT,1765936800000,1.9226,1.9344,1.9126,1.9311,3021753.5,1765940399999,5809839.90274,32488
XRPUSDT,1765940400000,1.9311,1.9374,1.9252,1.9253,1903030.7,1765943999999,3676320.32629,20590
XRPUSDT,1765944000000,1.9253,1.9292,1.9178,1.9186,1780715.5,1765947599999,3424419.87833,23207
XRPUSDT,1765947600000,1.9185,1.922,1.9061,1.9203,3414085.1,1765951199999,6533774.6114,36537
XRPUSDT,1765951200000,1.9204,1.9303,1.92,1.9223,2465375.7,1765954799999,4744220.20216,21910
XRPUSDT,1765954800000,1.9223,1.932,1.9186,1.9233,3175968.4,1765958399999,6114045.73678,25118
XRPUSDT,1765958400000,1.9234,1.9236,1.9051,1.9074,2540311.1,1765961999999,4859247.21065,19716
XRPUSDT,1765962000000,1.9074,1.9078,1.8988,1.902,3096064.8,1765965599999,5892283.28659,19732
XRPUSDT,1765965600000,1.9021,1.9092,1.8965,1.9071,2886119.4,1765969199999,5496104.47754,27178
XRPUSDT,1765969200000,1.9072,1.9175,1.9064,1.9133,1558502.8,1765972799999,2979555.39238,18454
XRPUSDT,1765972800000,1.9134,1.916,1.9068,1.9113,2315242.5,1765976399999,4424148.43998,20839
XRPUSDT,1765976400000,1.9112,1.9286,1.905,1.9209,3809584.0,1765979999999,7294595.18905,41213
XRPUSDT,1765980000000,1.9209,1.9672,1.9049,1.9635,12012747.2,1765983599999,23278775.10405,135323
XRPUSDT,1765983600000,1.9636,1.9874,1.907,1.9114,20416703.6,1765987199999,39881453.35033,226269
XRPUSDT,1765987200000,1.9113,1.9229,1.8788,1.8986,11683090.0,1765990799999,22137309.17963,167447
XRPUSDT,1765990800000,1.8985,1.9011,1.8705,1.8729,5387151.9,1765994399999,10140919.47209,79308
XRPUSDT,1765994400000,1.8729,1.8822,1.853,1.8586,5874161.9,1765997999999,10951961.37719,77872
XRPUSDT,1765998000000,1.8586,1.8671,1.8474,1.865,8118378.9,1766001599999,15055091.08512,80614
XRPUSDT,1766001600000,1.8651,1.8843,1.8582,1.8773,4431725.8,1766005199999,8305512.64298,59080
XRPUSDT,1766005200000,1.8773,1.878,1.8592,1.8638,2774746.5,1766008799999,5177823.48724,30114
XRPUSDT,1766008800000,1.8639,1.8728,1.8553,1.8685,2212342.9,1766012399999,4124508.96683,28995
XRPUSDT,1766012400000,1.8685,1.8686,1.8569,1.8627,2135527.5,1766015999999,3974465.76327,22159
XRPUSDT,1766016000000,1.8627,1.8703,1.8596,1.8697,1455848.3,1766019599999,2715365.50413,19403
XRPUSDT,1766019600000,1.8697,1.8697,1.852,1.8564,2672029.8,1766023199999,4964878.30256,32875
XRPUSDT,1766023200000,1.8565,1.8725,1.8538,1.8638,3255318.0,1766026799999,6067709.62581,35195
XRPUSDT,1766026800000,1.8638,1.8647,1.8521,1.8559,1668579.2,1766030399999,3098311.65567,21011
XRPUSDT,1766030400000,1.856,1.8621,1.8535,1.8541,1715446.5,1766033999999,3185698.93482,15894
XRPUSDT,1766034000000,1.8542,1.8543,1.8304,1.8318,6129678.9,1766037599999,11274902.3327,34507
XRPUSDT,1766037600000,1.8318,1.8369,1.8268,1.8334,3196689.3,1766041199999,5859147.9661,25977
XRPUSDT,1766041200000,1.8334,1.8443,1.8333,1.8415,2226486.7,1766044799999,4095469.78633,25921
XRPUSDT,1766044800000,1.8415,1.8554,1.838,1.8546,3718085.3,1766048399999,6872132.37143,35529
XRPUSDT,1766048400000,1.8545,1.8726,1.8492,1.87,2453556.4,1766051999999,4569787.83642,36169
XRPUSDT,1766052000000,1.87,1.881,1.8691,1.8767,2536645.2,1766055599999,4759434.52239,26508
XRPUSDT,1766055600000,1.8768,1.8785,1.866,1.8785,3289833.8,1766059199999,6158953.57828,25895
XRPUSDT,1766059200000,1.8786,1.8887,1.872,1.8822,2895846.2,1766062799999,5447626.78226,29165
XRPUSDT,1766062800000,1.8821,1.9247,1.8821,1.9139,13064251.0,1766066399999,24904126.45301,115424
XRPUSDT,1766066400000,1.9139,1.9265,1.8895,1.9022,10182962.3,1766069999999,19402050.09383,139905
XRPUSDT,1766070000000,1.9023,1.9341,1.8956,1.9197,8065425.6,1766073599999,15465898.06379,98908
XRPUSDT,1766073600000,1.9198,1.9208,1.9051,1.9102,3388978.1,1766077199999,6483068.54375,49671
XRPUSDT,1766077200000,1.9103,1.9108,1.8385,1.8665,14513026.4,1766080799999,27056096.06336,192697
XRPUSDT,1766080800000,1.8665,1.8766,1.84,1.8435,3957152.9,1766084399999,7361571.07118,56457
XRPUSDT,1766084400000,1.8434,1.8462,1.8008,1.8062,14202010.0,1766087999999,25835963.01338,129278
XRPUSDT,1766088000000,1.8062,1.823,1.8,1.8015,7606380.1,1766091599999,13780802.99972,89782
XRPUSDT,1766091600000,1.8016,1.8236,1.8016,1.8198,8371639.9,1766095199999,15196002.57508,67556
XRPUSDT,1766095200000,1.8198,1.8249,1.8143,1.8187,2948060.7,1766098799999,5363674.07943,28897
XRPUSDT,1766098800000,1.8188,1.819,1.8068,1.8076,3467108.4,1766102399999,6281569.65092,26547
XRPUSDT,1766102400000,1.8076,1.8118,1.781,1.7929,8230788.2,1766105999999,14763078.17366,65296
XRPUSDT,1766106000000,1.7928,1.7928,1.7711,1.7825,6748502.6,1766109599999,12009472.09614,61210
XRPUSDT,1766109600000,1.7824,1.7991,1.774,1.7941,7440492.6,1766113199999,13292742.89289,57735
XRPUSDT,1766113200000,1.7942,1.8538,1.7939,1.8403,18126091.7,1766116799999,33206515.20345,150576
XRPUSDT,1766116800000,1.8402,1.8498,1.8375,1.84,4985925.6,1766120399999,9192173.52542,50283
XRPUSDT,1766120400000,1.84,1.8405,1.8261,1.8284,4459352.1,1766123999999,8164202.31124,42622
XRPUSDT,1766124000000,1.8284,1.8517,1.8257,1.8512,3830215.7,1766127599999,7049531.3345,38381
XRPUSDT,1766127600000,1.8512,1.8765,1.851,1.8676,8022234.5,1766131199999,14963581.17485,73662
XRPUSDT,1766131200000,1.8675,1.8717,1.8593,1.8666,3648104.9,1766134799999,6810199.76442,35231
XRPUSDT,1766134800000,1.8665,1.8696,1.8618,1.865,2814842.8,1766138399999,5251875.63451,21342
XRPUSDT,1766138400000,1.8651,1.8692,1.8618,1.8673,2773838.9,1766141999999,5174592.5487,24407
XRPUSDT,1766142000000,1.8672,1.8722,1.8636,1.8705,1943961.2,1766145599999,3631313.11424,23772
XRPUSDT,1766145600000,1.8705,1.8879,1.8657,1.8801,4045704.4,1766149199999,7590999.03736,40361
XRPUSDT,1766149200000,1.8802,1.8851,1.8635,1.8673,5317996.9,1766152799999,9966947.02305,37382
XRPUSDT,1766152800000,1.8673,1.8903,1.8643,1.8772,9223741.9,1766156399999,17287755.15103,91588
XRPUSDT,1766156400000,1.8771,1.905,1.8716,1.8755,15454977.0,1766159999999,29085090.34172,133129
XRPUSDT,1766160000000,1.8754,1.902,1.8738,1.8884,11520753.9,1766163599999,21791457.49084,69907
XRPUSDT,1766163600000,1.8885,1.9083,1.8736,1.874,8541598.4,1766167199999,16158248.95406,76019
XRPUSDT,1766167200000,1.874,1.8985,1.8739,1.8939,3347337.6,1766170799999,6316170.96459,43086
XRPUSDT,1766170800000,1.894,1.9185,1.8939,1.9079,5081691.3,1766174399999,9702548.14146,50577
XRPUSDT,1766174400000,1.9079,1.9213,1.9043,1.9102,4128371.7,1766177999999,7889445.48688,48551
XRPUSDT,1766178000000,1.9101,1.9122,1.9007,1.9027,1687849.8,1766181599999,3217819.53521,25352
XRPUSDT,1766181600000,1.9028,1.911,1.9012,1.9078,1312820.0,1766185199999,2504335.97455,19264
XRPUSDT,1766185200000,1.9077,1.9097,1.9024,1.9092,1914316.6,1766188799999,3647155.48339,15544
XRPUSDT,1766188800000,1.9092,1.9102,1.9015,1.9064,2092929.2,1766192399999,3989994.90159,23443
XRPUSDT,1766192400000,1.9064,1.9075,1.902,1.9026,1204079.2,1766195999999,2292543.18852,13522
XRPUSDT,1766196000000,1.9027,1.9034,1.8936,1.8977,1934149.6,1766199599999,3672485.94078,17520
XRPUSDT,1766199600000,1.8976,1.9075,1.8953,1.9043,1440162.0,1766203199999,2738921.66208,12751
XRPUSDT,1766203200000,1.9044,1.9077,1.8993,1.9044,1217548.3,1766206799999,2316822.03158,12022
XRPUSDT,1766206800000,1.9045,1.9189,1.9045,1.9138,1534102.6,1766210399999,2933384.40489,14907
XRPUSDT,1766210400000,1.9139,1.9171,1.9132,1.9169,1042486.7,1766213999999,1996975.68827,10726
XRPUSDT,1766214000000,1.9168,1.9189,1.9068,1.9141,1403379.9,1766217599999,2682718.41247,14187
XRPUSDT,1766217600000,1.9141,1.94,1.9141,1.9297,4919021.9,1766221199999,9497119.5287,32743
XRPUSDT,1766221200000,1.9296,1.9588,1.9295,1.9492,5268806.2,1766224799999,10258883.69266,44992
XRPUSDT,1766224800000,1.9492,1.9569,1.9398,1.9404,3419510.4,1766228399999,6656600.78784,34243
XRPUSDT,1766228400000,1.9405,1.945,1.9302,1.9437,4303713.4,1766231999999,8338285.76692,24945
XRPUSDT,1766232000000,1.9437,1.948,1.9392,1.9409,1236526.2,1766235599999,2403485.37755,15101
XRPUSDT,1766235600000,1.9409,1.9432,1.9198,1.928,6123145.4,1766239199999,11801111.96012,39798
XRPUSDT,1766239200000,1.9279,1.93,1.9201,1.9288,2272211.2,1766242799999,4371572.74917,19985
XRPUSDT,1766242800000,1.9289,1.9352,1.9164,1.9214,3683224.2,1766246399999,7084845.02149,24711
XRPUSDT,1766246400000,1.9214,1.93,1.9205,1.9287,2683414.4,1766249999999,5168975.30316,16930
XRPUSDT,1766250000000,1.9287,1.9316,1.9212,1.9242,2107305.4,1766253599999,4058331.65997,16641
XRPUSDT,1766253600000,1.9242,1.9263,1.9194,1.923,1415268.6,1766257199999,2720102.77587,12243
XRPUSDT,1766257200000,1.923,1.9263,1.9196,1.925,620153.9,1766260799999,1192037.63442,9924
XRPUSDT,1766260800000,1.925,1.9283,1.9238,1.9276,890721.9,1766264399999,1715389.57165,9365
XRPUSDT,1766264400000,1.9276,1.9317,1.9253,1.9316,796976.4,1766267999999,1537157.45624,12106
XRPUSDT,1766268000000,1.9317,1.9378,1.9261,1.9339,949724.2,1766271599999,1834631.45304,16412
XRPUSDT,1766271600000,1.9338,1.9367,1.9308,1.9335,676462.3,1766275199999,1307642.73006,12937
XRPUSDT,1766275200000,1.9335,1.9397,1.93,1.9388,1736697.8,1766278799999,3359810.48547,18484
XRPUSDT,1766278800000,1.9388,1.942,1.9281,1.9283,2220565.6,1766282399999,4298427.78515,23673
XRPUSDT,1766282400000,1.9284,1.9344,1.9172,1.9247,2767787.0,1766285999999,5323133.98652,28156
XRPUSDT,1766286000000,1.9247,1.9387,1.9236,1.9296,1463834.6,1766289599999,2827642.54098,20620
XRPUSDT,1766289600000,1.9297,1.9305,1.9242,1.9253,523634.9,1766293199999,1009412.76451,9188
XRPUSDT,1766293200000,1.9252,1.9279,1.9218,1.9221,1096946.4,1766296799999,2110556.16074,9997
XRPUSDT,1766296800000,1.9221,1.9246,1.9201,1.9207,722052.4,1766300399999,1387809.11058,8120
XRPUSDT,1766300400000,1.9207,1.9286,1.9192,1.9254,814089.1,1766303999999,1566120.63046,11217
XRPUSDT,1766304000000,1.9255,1.9433,1.9223,1.936,1627238.8,1766307599999,3146231.55772,22967
XRPUSDT,1766307600000,1.9361,1.9493,1.9323,1.9459,2443989.3,1766311199999,4747992.73614,30883
XRPUSDT,1766311200000,1.9459,1.9498,1.9315,1.9339,3173410.5,1766314799999,6155397.72547,20138
XRPUSDT,1766314800000,1.934,1.9362,1.9314,1.9336,1267052.9,1766318399999,2449730.66288,13831
XRPUSDT,1766318400000,1.9336,1.9386,1.927,1.9296,1476959.4,1766321999999,2855196.07733,22631
XRPUSDT,1766322000000,1.9296,1.9299,1.8948,1.8992,7975333.4,1766325599999,15232047.71326,82870
XRPUSDT,1766325600000,1.8992,1.9149,1.8971,1.9077,5608946.4,1766329199999,10690407.2887,32733
XRPUSDT,1766329200000,1.9078,1.9093,1.8995,1.9049,3038788.6,1766332799999,5781875.82059,20782
XRPUSDT,1766332800000,1.9048,1.9086,1.8993,1.9081,2387714.3,1766336399999,4544946.41693,15983
XRPUSDT,1766336400000,1.908,1.9186,1.9066,1.9082,3843207.4,1766339999999,7351074.97573,18131
XRPUSDT,1766340000000,1.9082,1.9136,1.902,1.9127,2167302.1,1766343599999,4133153.64626,15488
XRPUSDT,1766343600000,1.9128,1.9195,1.9088,1.9181,1497585.6,1766347199999,2867526.98865,16542
XRPUSDT,1766347200000,1.9181,1.9181,1.912,1.9123,605010.1,1766350799999,1158128.99304,10667
XRPUSDT,1766350800000,1.9122,1.9191,1.907,1.9076,1130156.2,1766354399999,2162161.28355,14159
XRPUSDT,1766354400000,1.9075,1.9185,1.9056,1.9178,1184870.4,1766357999999,2267428.37758,13052
XRPUSDT,1766358000000,1.9178,1.9271,1.9178,1.9223,2256099.7,1766361599999,4338136.13912,27852
XRPUSDT,1766361600000,1.9224,1.9493,1.9221,1.9241,6018008.2,1766365199999,11645396.99245,76114
XRPUSDT,1766365200000,1.9241,1.9373,1.9201,1.9202,2736451.1,1766368799999,5280624.23794,31367
XRPUSDT,1766368800000,1.9202,1.9214,1.9031,1.9192,4235019.6,1766372399999,8099800.62818,44234
XRPUSDT,1766372400000,1.9192,1.9264,1.9133,1.9201,2886008.5,1766375999999,5544547.80175,23380
XRPUSDT,1766376000000,1.9202,1.9263,1.9181,1.9247,3106127.2,1766379599999,5968630.80396,23696
XRPUSDT,1766379600000,1.9248,1.9285,1.9183,1.9199,2511448.3,1766383199999,4829753.61909,17826
XRPUSDT,1766383200000,1.9198,1.9215,1.9136,1.9181,2496309.0,1766386799999,4786493.52569,15735
XRPUSDT,1766386800000,1.918,1.9292,1.9169,1.9273,1776007.9,1766390399999,3418617.50481,16782
XRPUSDT,1766390400000,1.9272,1.934,1.9174,1.9175,5259491.2,1766393999999,10130929.93655,38992
XRPUSDT,1766394000000,1.9176,1.9241,1.9145,1.9223,2818945.6,1766397599999,5407747.79376,23285
XRPUSDT,1766397600000,1.9224,1.93,1.9174,1.9261,3667981.7,1766401199999,7060286.46245,24340
XRPUSDT,1766401200000,1.9261,1.938,1.9236,1.9346,3554871.9,1766404799999,6858372.18441,28492
XRPUSDT,1766404800000,1.9347,1.9473,1.9319,1.9361,4180924.7,1766408399999,8100113.41457,34731
XRPUSDT,1766408400000,1.9362,1.9381,1.9275,1.9338,2949110.2,1766411999999,5696191.65533,26819
XRPUSDT,1766412000000,1.9338,1.9426,1.925,1.9403,4334104.8,1766415599999,8389482.19837,64298
XRPUSDT,1766415600000,1.9402,1.9473,1.918,1.9341,5086011.8,1766419199999,9825941.61687,76257
XRPUSDT,1766419200000,1.9342,1.9427,1.9329,1.9396,3748953.4,1766422799999,7263981.19579,34564
XRPUSDT,1766422800000,1.9396,1.94,1.9222,1.9302,2988860.5,1766426399999,5764858.74302,34550
XRPUSDT,1766426400000,1.9301,1.9382,1.924,1.9272,2533423.9,1766429999999,4894791.94936,28290
XRPUSDT,1766430000000,1.9272,1.9278,1.9022,1.9023,5659016.6,1766433599999,10826242.76367,52957
XRPUSDT,1766433600000,1.9022,1.9066,1.8917,1.897,7117186.1,1766437199999,13509528.14187,57132
XRPUSDT,1766437200000,1.897,1.9038,1.8941,1.8969,2628252.4,1766440799999,4989629.36529,23346
XRPUSDT,1766440800000,1.8969,1.9092,1.8925,1.9089,3652118.2,1766444399999,6941476.72231,19316
XRPUSDT,1766444400000,1.9089,1.909,1.9012,1.9043,2786981.4,1766447999999,5307709.16519,17342
XRPUSDT,1766448000000,1.9044,1.91,1.9,1.9044,3526961.5,1766451599999,6712713.20064,19125
XRPUSDT,1766451600000,1.9043,1.9089,1.8967,1.8985,4130132.3,1766455199999,7855005.84744,19503
XRPUSDT,1766455200000,1.8984,1.9063,1.8914,1.894,4788111.6,1766458799999,9091114.72906,26359
XRPUSDT,1766458800000,1.8941,1.8954,1.8843,1.8923,4773661.8,1766462399999,9026563.85316,26135
XRPUSDT,1766462400000,1.8924,1.8976,1.8884,1.8884,2582386.9,1766465999999,4886596.19256,15609
XRPUSDT,1766466000000,1.8885,1.8909,1.879,1.8826,4062787.8,1766469599999,7657425.90498,22851
XRPUSDT,1766469600000,1.8826,1.8866,1.8736,1.8823,6029800.4,1766473199999,11328692.89485,38405
XRPUSDT,1766473200000,1.8822,1.887,1.8784,1.8812,2735525.7,1766476799999,5151807.00938,20040
XRPUSDT,1766476800000,1.8813,1.8828,1.8757,1.8779,1320966.1,1766480399999,2482930.53124,15150
XRPUSDT,1766480400000,1.878,1.8875,1.8777,1.8859,1391562.5,1766483999999,2620827.44987,19264
XRPUSDT,1766484000000,1.886,1.9008,1.8859,1.8989,1281789.2,1766487599999,2428783.34883,16340
XRPUSDT,1766487600000,1.8989,1.9062,1.8987,1.9054,2125247.0,1766491199999,4042431.0857,22135
XRPUSDT,1766491200000,1.9053,1.9054,1.8969,1.8996,2274229.6,1766494799999,4322126.89536,25604
XRPUSDT,1766494800000,1.8995,1.9014,1.8764,1.8791,4157412.3,1766498399999,7843033.85428,42837
XRPUSDT,1766498400000,1.879,1.8865,1.863,1.8729,7757814.1,1766501999999,14539112.7885,72087
XRPUSDT,1766502000000,1.8729,1.8925,1.8698,1.8815,5386835.0,1766505599999,10143763.1942,54381
XRPUSDT,1766505600000,1.8816,1.894,1.8784,1.891,3351017.7,1766509199999,6322987.15016,44116
XRPUSDT,1766509200000,1.8911,1.8927,1.8684,1.8692,3738871.5,1766512799999,7031444.40243,35645
XRPUSDT,1766512800000,1.8692,1.8845,1.8672,1.8821,5786017.2,1766516399999,10852050.03933,39059
XRPUSDT,1766516400000,1.8821,1.8875,1.8782,1.8827,1195245.3,1766519999999,2251204.88857,18766
XRPUSDT,1766520000000,1.8827,1.895,1.8775,1.8808,1837722.8,1766523599999,3466145.23254,27960
XRPUSDT,1766523600000,1.8809,1.885,1.876,1.8815,831188.0,1766527199999,1563547.92214,15077
XRPUSDT,1766527200000,1.8816,1.8841,1.8753,1.8796,1187869.0,1766530799999,2233391.17532,14779
XRPUSDT,1766530800000,1.8796,1.8797,1.8718,1.8734,1562538.5,1766534399999,2930719.23848,16751
XRPUSDT,1766534400000,1.8734,1.8777,1.8693,1.8733,2029766.3,1766537999999,3800506.96738,18745
XRPUSDT,1766538000000,1.8733,1.8783,1.8703,1.8705,1609822.3,1766541599999,3017995.39598,18769
XRPUSDT,1766541600000,1.8705,1.8709,1.8504,1.8546,2947506.8,1766545199999,5481793.39239,34021
XRPUSDT,1766545200000,1.8545,1.864,1.8447,1.8616,4113186.6,1766548799999,7625408.33094,25356
XRPUSDT,1766548800000,1.8616,1.8676,1.8538,1.8555,1891315.0,1766552399999,3518439.53458,16576
XRPUSDT,1766552400000,1.8555,1.8573,1.8437,1.8472,3116314.9,1766555999999,5762891.41831,20902
XRPUSDT,1766556000000,1.8472,1.8541,1.8372,1.8523,3650419.1,1766559599999,6732818.6881,22716
XRPUSDT,1766559600000,1.8523,1.8623,1.8511,1.8548,2866267.3,1766563199999,5320045.56682,19138
XRPUSDT,1766563200000,1.8548,1.8625,1.8521,1.8529,2239694.5,1766566799999,4159601.96924,22215
XRPUSDT,1766566800000,1.853,1.859,1.853,1.8542,1144204.8,1766570399999,2124024.88083,16178
XRPUSDT,1766570400000,1.8541,1.8698,1.8539,1.8659,2225732.9,1766573999999,4150837.57941,22643
XRPUSDT,1766574000000,1.8659,1.8756,1.8658,1.8689,1785833.8,1766577599999,3343309.97698,18248
XRPUSDT,1766577600000,1.869,1.8733,1.8632,1.8719,2265584.7,1766581199999,4231987.54724,16537
XRPUSDT,1766581200000,1.8719,1.8727,1.8636,1.8701,1113077.9,1766584799999,2079298.04501,16449
XRPUSDT,1766584800000,1.8701,1.878,1.852,1.8588,4413602.0,1766588399999,8228258.44247,52466
XRPUSDT,1766588400000,1.8588,1.8702,1.8526,1.8634,3647184.3,1766591999999,6793078.87756,46213
XRPUSDT,1766592000000,1.8634,1.8716,1.8557,1.8614,3569254.1,1766595599999,6652879.8935,46590
XRPUSDT,1766595600000,1.8615,1.8698,1.8505,1.8513,5576512.5,1766599199999,10367799.41352,39053
XRPUSDT,1766599200000,1.8513,1.859,1.8492,1.8562,1925562.4,1766602799999,3571442.50278,21682
XRPUSDT,1766602800000,1.8562,1.8627,1.8536,1.8619,1840762.1,1766606399999,3419724.04781,12790
XRPUSDT,1766606400000,1.8618,1.87,1.8618,1.8647,2097673.2,1766609999999,3915253.07972,16373
XRPUSDT,1766610000000,1.8647,1.8667,1.8622,1.8638,1078799.9,1766613599999,2011397.95768,13732
XRPUSDT,1766613600000,1.8639,1.87,1.8596,1.8696,1765294.6,1766617199999,3292423.85187,12347
XRPUSDT,1766617200000,1.8697,1.87,1.8613,1.8628,982607.8,1766620799999,1831530.88404,12828
XRPUSDT,1766620800000,1.8627,1.8656,1.857,1.8579,1266746.2,1766624399999,2358994.20823,15063
XRPUSDT,1766624400000,1.858,1.8668,1.8564,1.8659,936918.6,1766627999999,1743439.35541,10499
XRPUSDT,1766628000000,1.8659,1.8728,1.8632,1.8711,1583069.8,1766631599999,2959158.35793,12762
XRPUSDT,1766631600000,1.8711,1.8743,1.8668,1.8701,1812048.0,1766635199999,3391285.10061,13784
XRPUSDT,1766635200000,1.8701,1.8754,1.8689,1.873,954926.5,1766638799999,1787141.24437,8551
XRPUSDT,1766638800000,1.873,1.8742,1.8684,1.8691,949460.1,1766642399999,1775989.63666,10019
XRPUSDT,1766642400000,1.8691,1.877,1.8663,1.8758,1670649.7,1766645999999,3127403.87851,11755
XRPUSDT,1766646000000,1.8759,1.8765,1.8723,1.8745,1333751.8,1766649599999,2499468.22731,9922
XRPUSDT,1766649600000,1.8745,1.8812,1.8651,1.8738,2214732.2,1766653199999,4148581.87667,28630
XRPUSDT,1766653200000,1.8739,1.8751,1.8667,1.872,2567809.8,1766656799999,4804362.36069,15010
XRPUSDT,1766656800000,1.8721,1.8721,1.8534,1.8577,1719013.5,1766660399999,3197861.41257,20647
XRPUSDT,1766660400000,1.8578,1.8647,1.8565,1.8591,1883735.8,1766663999999,3504277.70644,15393
XRPUSDT,1766664000000,1.8591,1.8652,1.8554,1.8651,1055101.5,1766667599999,1963450.10706,14879
XRPUSDT,1766667600000,1.8651,1.8709,1.8625,1.8688,1642199.3,1766671199999,3065667.55421,17112
XRPUSDT,1766671200000,1.8688,1.8702,1.8646,1.8697,1538424.3,1766674799999,2873396.27844,14486
XRPUSDT,1766674800000,1.8697,1.8892,1.8657,1.8829,5000066.2,1766678399999,9388669.60336,40336
XRPUSDT,1766678400000,1.883,1.8839,1.8692,1.8714,2446552.8,1766681999999,4594783.10559,22773
XRPUSDT,1766682000000,1.8714,1.8722,1.8651,1.8705,1723568.4,1766685599999,3221218.68809,16172
XRPUSDT,1766685600000,1.8706,1.8761,1.8696,1.8738,1456688.9,1766689199999,2728156.88162,14993
XRPUSDT,1766689200000,1.8737,1.8741,1.8705,1.8734,842397.3,1766692799999,1577210.48993,8083
XRPUSDT,1766692800000,1.8734,1.8737,1.8648,1.8688,1132914.2,1766696399999,2116534.88152,10790
XRPUSDT,1766696400000,1.8688,1.8702,1.8644,1.8655,1052686.9,1766699999999,1966119.85897,8486
XRPUSDT,1766700000000,1.8656,1.8658,1.84,1.8459,4064010.1,1766703599999,7524506.08991,47131
XRPUSDT,1766703600000,1.8459,1.8514,1.8291,1.8326,5297336.5,1766707199999,9731414.75956,58240
XRPUSDT,1766707200000,1.8325,1.8372,1.8246,1.8321,4268941.2,1766710799999,7813212.05278,43772
XRPUSDT,1766710800000,1.8322,1.8398,1.8298,1.8365,2040037.4,1766714399999,3747130.41187,24942
XRPUSDT,1766714400000,1.8365,1.8807,1.8334,1.8695,7844800.5,1766717999999,14656530.99943,112977
XRPUSDT,1766718000000,1.8696,1.8737,1.8592,1.8646,3061392.7,1766721599999,5712093.17141,45093
XRPUSDT,1766721600000,1.8646,1.8708,1.8546,1.8662,2187779.5,1766725199999,4073216.34694,28645
XRPUSDT,1766725200000,1.8661,1.8726,1.8638,1.8697,1775050.5,1766728799999,3314848.07201,16214
XRPUSDT,1766728800000,1.8697,1.8782,1.8692,1.8749,3189771.1,1766732399999,5977289.06793,20479
XRPUSDT,1766732400000,1.8748,1.8833,1.8618,1.8643,5568368.6,1766735999999,10447513.48051,28679
XRPUSDT,1766736000000,1.8643,1.8706,1.8627,1.867,1959594.1,1766739599999,3656545.05139,25225
XRPUSDT,1766739600000,1.867,1.8778,1.8668,1.8767,2043890.1,1766743199999,3828591.24938,20020
XRPUSDT,1766743200000,1.8767,1.8807,1.8725,1.8788,3568725.8,1766746799999,6699293.9745,17075
XRPUSDT,1766746800000,1.8788,1.8789,1.8708,1.8713,2410010.0,1766750399999,4516930.02659,16195
XRPUSDT,1766750400000,1.8713,1.8742,1.8702,1.8722,1908839.9,1766753999999,3573756.20492,16323
XRPUSDT,1766754000000,1.8723,1.8795,1.8688,1.878,2349183.9,1766757599999,4406339.65548,21110
XRPUSDT,1766757600000,1.878,1.8781,1.8426,1.844,6116890.9,1766761199999,11382911.12204,66675
XRPUSDT,1766761200000,1.8441,1.8441,1.8267,1.8382,11509870.3,1766764799999,21121555.49294,133678
XRPUSDT,1766764800000,1.8382,1.8471,1.8336,1.8349,4765828.6,1766768399999,8779320.92538,52378
XRPUSDT,1766768400000,1.835,1.8495,1.835,1.8438,2397508.7,1766771999999,4419365.92055,31205
XRPUSDT,1766772000000,1.8439,1.8479,1.8406,1.8453,1193171.9,1766775599999,2201217.72009,18238
XRPUSDT,1766775600000,1.8454,1.8506,1.8415,1.8458,1138154.1,1766779199999,2101041.61095,14179
XRPUSDT,1766779200000,1.8459,1.8603,1.8449,1.8548,1533453.6,1766782799999,2841543.8329,19151
XRPUSDT,1766782800000,1.8548,1.8575,1.8467,1.8473,1065413.5,1766786399999,1972424.93639,12884
XRPUSDT,1766786400000,1.8474,1.85,1.8426,1.8476,1559415.9,1766789999999,2879804.12108,15410
XRPUSDT,1766790000000,1.8477,1.8496,1.8425,1.8437,1369438.0,1766793599999,2527626.03473,11760
XRPUSDT,1766793600000,1.8437,1.8461,1.8417,1.8453,1678589.1,1766797199999,3095186.80376,11187
XRPUSDT,1766797200000,1.8452,1.8479,1.8428,1.8469,1469874.0,1766800799999,2711621.36194,10324
XRPUSDT,1766800800000,1.847,1.8534,1.8451,1.849,2445505.5,1766804399999,4519673.91537,13900
XRPUSDT,1766804400000,1.8491,1.8535,1.8463,1.8515,1681385.4,1766807999999,3111500.43588,11971
XRPUSDT,1766808000000,1.8514,1.8532,1.8471,1.8482,1050569.6,1766811599999,1942981.78322,8947
XRPUSDT,1766811600000,1.8483,1.8498,1.8464,1.8498,656142.0,1766815199999,1212531.12837,5024
XRPUSDT,1766815200000,1.8498,1.8499,1.8472,1.8479,651304.2,1766818799999,1203872.33587,5838
XRPUSDT,1766818800000,1.8479,1.8524,1.8475,1.8477,765573.4,1766822399999,1415979.83452,6172
XRPUSDT,1766822400000,1.8478,1.8515,1.8477,1.8502,982017.4,1766825999999,1816374.63317,6223
XRPUSDT,1766826000000,1.8502,1.856,1.8501,1.8509,1411564.2,1766829599999,2614780.9688,12085
XRPUSDT,1766829600000,1.8509,1.8528,1.845,1.8486,1056104.9,1766833199999,1952926.16576,12057
XRPUSDT,1766833200000,1.8485,1.8524,1.8472,1.8512,842476.2,1766836799999,1558612.63391,9986
XRPUSDT,1766836800000,1.8513,1.8533,1.85,1.8509,988206.3,1766840399999,1829759.56661,8910
XRPUSDT,1766840400000,1.8509,1.8518,1.8443,1.8459,919010.5,1766843999999,1698123.48229,9648
XRPUSDT,1766844000000,1.8459,1.8497,1.8434,1.8495,836754.9,1766847599999,1544643.62235,7593
XRPUSDT,1766847600000,1.8495,1.8518,1.8471,1.8495,723069.5,1766851199999,1337203.00279,8341
XRPUSDT,1766851200000,1.8496,1.8502,1.844,1.8449,805788.4,1766854799999,1488614.56427,8128
XRPUSDT,1766854800000,1.845,1.8515,1.8435,1.8493,3385384.6,1766858399999,6253182.45887,23981
XRPUSDT,1766858400000,1.8493,1.8537,1.8493,1.85,1572282.2,1766861999999,2911128.84793,11554
XRPUSDT,1766862000000,1.8501,1.8573,1.8481,1.8559,788379.5,1766865599999,1460892.7275,6962
XRPUSDT,1766865600000,1.8558,1.8595,1.8532,1.8555,978570.5,1766869199999,1816835.11007,9580
XRPUSDT,1766869200000,1.8556,1.8628,1.8555,1.8621,789244.4,1766872799999,1467932.26266,8789
XRPUSDT,1766872800000,1.8621,1.875,1.8615,1.8622,2851272.0,1766876399999,5323977.26374,20755
XRPUSDT,1766876400000,1.8622,1.8788,1.8621,1.8735,1915402.6,1766879999999,3584136.72709,16453
XRPUSDT,1766880000000,1.8734,1.8764,1.8691,1.8713,1204561.5,1766883599999,2255441.68033,14350
XRPUSDT,1766883600000,1.8714,1.8748,1.8687,1.8707,836434.5,1766887199999,1565479.75871,11565
XRPUSDT,1766887200000,1.8706,1.8782,1.8698,1.8731,718396.8,1766890799999,1346360.63446,9275
XRPUSDT,1766890800000,1.8731,1.8749,1.8713,1.8745,763107.7,1766894399999,1429616.64646,6781
XRPUSDT,1766894400000,1.8745,1.8774,1.8731,1.8747,1233066.3,1766897999999,2312903.80451,9103
XRPUSDT,1766898000000,1.8746,1.8766,1.8721,1.8728,1146261.8,1766901599999,2149189.55921,8789
XRPUSDT,1766901600000,1.8728,1.8796,1.8725,1.8775,1090039.1,1766905199999,2045296.37939,7847
XRPUSDT,1766905200000,1.8776,1.8796,1.8733,1.8736,606404.2,1766908799999,1138064.31294,6975
XRPUSDT,1766908800000,1.8737,1.8769,1.8686,1.8688,1153336.5,1766912399999,2160175.12753,11110
XRPUSDT,1766912400000,1.8688,1.8691,1.8627,1.8648,1047911.2,1766915999999,1955356.61569,10524
XRPUSDT,1766916000000,1.8649,1.8722,1.8648,1.8713,1076388.2,1766919599999,2012103.18963,10730
XRPUSDT,1766919600000,1.8712,1.8741,1.8693,1.8722,770372.6,1766923199999,1442041.14971,9454
XRPUSDT,1766923200000,1.8721,1.8728,1.8657,1.8663,799031.9,1766926799999,1493292.87645,9334
XRPUSDT,1766926800000,1.8663,1.8706,1.8653,1.8673,960889.7,1766930399999,1794840.72581,9544
XRPUSDT,1766930400000,1.8674,1.8766,1.8672,1.8711,1179356.2,1766933999999,2208577.17046,12873
XRPUSDT,1766934000000,1.8711,1.8754,1.869,1.8701,1206091.6,1766937599999,2258427.4186,12316
XRPUSDT,1766937600000,1.8701,1.8729,1.8656,1.8667,1142990.3,1766941199999,2135379.85684,12897
XRPUSDT,1766941200000,1.8667,1.8716,1.8662,1.8682,632137.6,1766944799999,1182072.65378,9032
XRPUSDT,1766944800000,1.8683,1.8686,1.8539,1.8569,3387431.3,1766948399999,6297399.49264,23925
XRPUSDT,1766948400000,1.8569,1.8605,1.8539,1.8573,1449093.3,1766951999999,2690789.91048,13009
XRPUSDT,1766952000000,1.8573,1.8628,1.8541,1.8582,910338.6,1766955599999,1692330.62113,12324
XRPUSDT,1766955600000,1.8583,1.863,1.8556,1.8624,952908.0,1766959199999,1771812.59979,12472
XRPUSDT,1766959200000,1.8624,1.871,1.86,1.8687,1040740.0,1766962799999,1940619.20232,13395
XRPUSDT,1766962800000,1.8687,1.8708,1.8597,1.8654,1289949.4,1766966399999,2405556.70761,14682
XRPUSDT,1766966400000,1.8655,1.8776,1.8629,1.8734,2201495.3,1766969999999,4121023.19391,27929
XRPUSDT,1766970000000,1.8733,1.8867,1.8652,1.8821,4639628.5,1766973599999,8720009.91235,32072
XRPUSDT,1766973600000,1.882,1.8972,1.882,1.8918,4252491.3,1766977199999,8043574.38539,44490
XRPUSDT,1766977200000,1.8918,1.9175,1.8911,1.915,5001498.0,1766980799999,9536241.67971,45715
XRPUSDT,1766980800000,1.9151,1.918,1.9099,1.9142,3273743.3,1766984399999,6264127.4422,32997
XRPUSDT,1766984400000,1.9142,1.9148,1.9026,1.9026,5128270.0,1766987999999,9794038.57643,23597
XRPUSDT,1766988000000,1.9026,1.9085,1.898,1.9017,2740441.8,1766991599999,5217135.52664,17707
XRPUSDT,1766991600000,1.9018,1.904,1.8921,1.901,3345116.5,1766995199999,6348678.20495,24707
XRPUSDT,1766995200000,1.901,1.9053,1.896,1.8986,2282423.4,1766998799999,4339403.70119,20234
XRPUSDT,1766998800000,1.8986,1.8994,1.866,1.8761,5837400.5,1767002399999,10969888.53054,56698
XRPUSDT,1767002400000,1.876,1.8834,1.8733,1.876,2147050.5,1767005999999,4031987.71241,26033
XRPUSDT,1767006000000,1.876,1.8771,1.8714,1.8717,1741711.3,1767009599999,3264886.02996,18519
XRPUSDT,1767009600000,1.8718,1.8737,1.8555,1.8671,5419026.8,1767013199999,10099477.72757,65173
XRPUSDT,1767013200000,1.8672,1.8703,1.8579,1.8636,1793262.6,1767016799999,3343572.34403,21848
XRPUSDT,1767016800000,1.8637,1.879,1.86,1.8669,3380835.7,1767020399999,6321375.93113,58399
XRPUSDT,1767020400000,1.8669,1.8745,1.8635,1.8655,2713389.0,1767023999999,5070411.97348,39857
XRPUSDT,1767024000000,1.8654,1.8689,1.8582,1.8622,1831604.3,1767027599999,3413259.02974,29662
XRPUSDT,1767027600000,1.8622,1.8663,1.859,1.8657,1292041.4,1767031199999,2407107.28672,19874
XRPUSDT,1767031200000,1.8656,1.8678,1.8548,1.8552,2158140.6,1767034799999,4016300.74432,20826
XRPUSDT,1767034800000,1.8552,1.8598,1.85,1.8534,2400286.9,1767038399999,4452075.53899,22297
XRPUSDT,1767038400000,1.8534,1.8576,1.845,1.8496,2583712.9,1767041999999,4781040.70097,26908
XRPUSDT,1767042000000,1.8496,1.8543,1.8483,1.8539,1209181.9,1767045599999,2238534.73016,11519
XRPUSDT,1767045600000,1.854,1.8558,1.8456,1.8524,1546688.8,1767049199999,2863783.76363,14522
XRPUSDT,1767049200000,1.8523,1.8536,1.8476,1.8508,1346267.2,1767052799999,2491172.11605,11724
XRPUSDT,1767052800000,1.8508,1.8548,1.8467,1.8514,1212182.0,1767056399999,2243387.78844,12327
XRPUSDT,1767056400000,1.8514,1.8517,1.845,1.8477,996524.7,1767059999999,1842150.7624,10938
XRPUSDT,1767060000000,1.8478,1.8522,1.8439,1.8521,2151898.6,1767063599999,3976761.36044,17687
XRPUSDT,1767063600000,1.8522,1.8634,1.8488,1.8611,1659309.0,1767067199999,3080476.95064,15925
XRPUSDT,1767067200000,1.8612,1.864,1.8574,1.8611,1244824.0,1767070799999,2317709.49985,11545
XRPUSDT,1767070800000,1.8611,1.8626,1.8552,1.8589,1536885.7,1767074399999,2856603.06081,11143
XRPUSDT,1767074400000,1.8589,1.8676,1.8585,1.862,1585046.4,1767077999999,2954513.40706,11645
XRPUSDT,1767078000000,1.8619,1.8652,1.8565,1.8604,1489718.5,1767081599999,2772507.2863,11990
XRPUSDT,1767081600000,1.8604,1.872,1.8598,1.867,3563568.0,1767085199999,6654725.96664,27744
XRPUSDT,1767085200000,1.8671,1.8712,1.8644,1.869,1731824.9,1767088799999,3234330.14484,12776
XRPUSDT,1767088800000,1.869,1.8697,1.8617,1.8618,1658955.4,1767092399999,3097318.61326,12761
XRPUSDT,1767092400000,1.8619,1.8641,1.8602,1.8623,1219802.4,1767095999999,2271453.93225,10297
XRPUSDT,1767096000000,1.8624,1.868,1.8617,1.8639,1383232.1,1767099599999,2580936.89536,10937
XRPUSDT,1767099600000,1.8639,1.8651,1.8601,1.8638,1604473.7,1767103199999,2988962.40093,16063
XRPUSDT,1767103200000,1.8638,1.8759,1.8542,1.8734,3989879.9,1767106799999,7441281.34126,43149
XRPUSDT,1767106800000,1.8734,1.8795,1.8645,1.8776,2801127.8,1767110399999,5245240.46971,36912
XRPUSDT,1767110400000,1.8777,1.882,1.8699,1.8781,2497424.7,1767113999999,4685115.4738,25347
XRPUSDT,1767114000000,1.8782,1.8864,1.8722,1.8746,4233786.6,1767117599999,7963206.16826,27222
XRPUSDT,1767117600000,1.8745,1.8837,1.8737,1.879,2413461.8,1767121199999,4535248.00022,17995
XRPUSDT,1767121200000,1.879,1.8804,1.8712,1.8765,1802284.6,1767124799999,3381436.44383,21883
XRPUSDT,1767124800000,1.8764,1.8767,1.8661,1.8691,3089208.0,1767128399999,5781300.85177,16944
XRPUSDT,1767128400000,1.8692,1.8736,1.8682,1.8733,1332275.5,1767131999999,2493261.00947,11568
XRPUSDT,1767132000000,1.8734,1.8787,1.8718,1.8721,1885126.9,1767135599999,3535756.91619,13128
XRPUSDT,1767135600000,1.872,1.8783,1.8711,1.8776,1254914.4,1767139199999,2354102.7839,10769
XRPUSDT,1767139200000,1.8776,1.8776,1.8719,1.874,1515862.7,1767142799999,2842388.30502,12152
XRPUSDT,1767142800000,1.874,1.8839,1.8719,1.8795,2214593.3,1767146399999,4161366.13707,16114
XRPUSDT,1767146400000,1.8795,1.88,1.8761,1.8793,1663082.0,1767149999999,3123063.43078,13150
XRPUSDT,1767150000000,1.8793,1.8797,1.8697,1.872,1252699.7,1767153599999,2346722.39725,9623
XRPUSDT,1767153600000,1.8721,1.8724,1.8672,1.8684,1155580.9,1767157199999,2160323.23556,9948
XRPUSDT,1767157200000,1.8684,1.8729,1.8681,1.8723,1199655.2,1767160799999,2244398.1634,9737
XRPUSDT,1767160800000,1.8723,1.8757,1.8705,1.8731,907936.0,1767164399999,1701310.36262,7649
XRPUSDT,1767164400000,1.8731,1.8731,1.8685,1.8727,846619.6,1767167999999,1584103.00629,8688
XRPUSDT,1767168000000,1.8727,1.875,1.8655,1.8674,1409549.9,1767171599999,2635885.52939,11434
XRPUSDT,1767171600000,1.8674,1.8719,1.8674,1.8709,871093.6,1767175199999,1629266.13595,8271
XRPUSDT,1767175200000,1.8709,1.8737,1.8698,1.8722,1418173.1,1767178799999,2653713.80181,10707
XRPUSDT,1767178800000,1.8723,1.883,1.872,1.879,3082727.3,1767182399999,5791123.55083,17153
XRPUSDT,1767182400000,1.8789,1.8792,1.8733,1.8761,1420659.1,1767185999999,2666316.16743,11814
XRPUSDT,1767186000000,1.8762,1.8783,1.8728,1.8761,1640747.1,1767189599999,3078318.32058,11798
XRPUSDT,1767189600000,1.8762,1.883,1.864,1.8665,3532083.9,1767193199999,6611003.72445,32106
XRPUSDT,1767193200000,1.8665,1.8677,1.8534,1.8594,3967051.0,1767196799999,7377268.53482,36627
XRPUSDT,1767196800000,1.8594,1.86,1.8406,1.8442,6247770.1,1767200399999,11546698.55943,40057
XRPUSDT,1767200400000,1.8442,1.8458,1.8337,1.8348,4526136.3,1767203999999,8328853.35622,26718
XRPUSDT,1767204000000,1.8348,1.8416,1.8324,1.8346,2573264.2,1767207599999,4728821.834,19769
XRPUSDT,1767207600000,1.8346,1.8388,1.8264,1.8287,4256600.7,1767211199999,7795771.55278,21366
XRPUSDT,1767211200000,1.8287,1.835,1.8123,1.8301,6621810.7,1767214799999,12052163.38875,51480
XRPUSDT,1767214800000,1.8302,1.8433,1.8277,1.8415,2359461.2,1767218399999,4332374.26975,21141
XRPUSDT,1767218400000,1.8415,1.8481,1.8373,1.8412,2124636.8,1767221999999,3913861.42108,18847
XRPUSDT,1767222000000,1.8411,1.8448,1.8394,1.8423,1527099.4,1767225599999,2813573.92854,14134
